global_train_step,global_val_step,epoch,train_loss,val_loss,z
0,,0,0.45599180459976196,,0.0
1,,0,0.5035062432289124,,0.0
2,,0,0.5482985973358154,,3.0517578125e-05
3,,0,0.43155738711357117,,0.0018768310546875
4,,0,0.36571526527404785,,0.5993804931640625
5,,0,0.3285641074180603,,0.378448486328125
6,,0,0.44380122423171997,,0.01556396484375
7,,0,0.44847702980041504,,0.067230224609375
8,,0,0.5274664163589478,,1.52587890625e-05
9,,0,0.6179786920547485,,0.0
10,,0,0.4354129135608673,,0.0
11,,0,0.47875702381134033,,0.0
12,,0,0.41492125391960144,,0.1333160400390625
13,,0,0.3674876391887665,,0.07415771484375
14,,0,0.5960583686828613,,0.0073699951171875
15,,0,0.4284873902797699,,0.0608062744140625
,0,0,,0.32086312770843506,0.2125701904296875
,1,0,,0.3737371563911438,0.0781402587890625
,2,0,,0.4334293603897095,0.0941925048828125
,3,0,,0.1799699366092682,0.27587890625
16,,1,0.5736882090568542,,0.0
17,,1,0.4172605872154236,,0.0
18,,1,0.3783591091632843,,3.0517578125e-05
19,,1,0.3488726019859314,,0.0018768310546875
20,,1,0.3298310935497284,,0.5993804931640625
21,,1,0.2855868339538574,,0.378448486328125
22,,1,0.4543989896774292,,0.01556396484375
23,,1,0.40693986415863037,,0.067230224609375
24,,1,0.46701204776763916,,1.52587890625e-05
25,,1,0.4376726746559143,,0.0
26,,1,0.3397779166698456,,0.0
27,,1,0.6062345504760742,,0.0
28,,1,0.28646522760391235,,0.1333160400390625
29,,1,0.5350451469421387,,0.07415771484375
30,,1,0.4527721405029297,,0.0073699951171875
31,,1,0.3739873170852661,,0.0608062744140625
,4,1,,0.22576744854450226,0.2125701904296875
,5,1,,0.4824107587337494,0.0781402587890625
,6,1,,0.4525185227394104,0.0941925048828125
,7,1,,0.22700707614421844,0.27587890625
32,,2,0.4648798108100891,,0.0
33,,2,0.4967094957828522,,0.0
34,,2,0.5429798364639282,,3.0517578125e-05
35,,2,0.6217337250709534,,0.0018768310546875
36,,2,0.3420741856098175,,0.5993804931640625
37,,2,0.3544352948665619,,0.378448486328125
38,,2,0.4685518741607666,,0.01556396484375
39,,2,0.5336817502975464,,0.067230224609375
40,,2,0.48373353481292725,,1.52587890625e-05
41,,2,0.5563299655914307,,0.0
42,,2,0.6973055005073547,,0.0
43,,2,0.5242077708244324,,0.0
44,,2,0.46900802850723267,,0.1333160400390625
45,,2,0.36799395084381104,,0.07415771484375
46,,2,0.6254787445068359,,0.0073699951171875
47,,2,0.40155261754989624,,0.0608062744140625
,8,2,,0.2128048986196518,0.2125701904296875
,9,2,,0.44828909635543823,0.0781402587890625
,10,2,,0.3087994456291199,0.0941925048828125
,11,2,,0.25519317388534546,0.27587890625
48,,3,0.5353411436080933,,0.0
49,,3,0.5622110366821289,,0.0
50,,3,0.5811916589736938,,3.0517578125e-05
51,,3,0.5270658135414124,,0.0018768310546875
52,,3,0.3728656768798828,,0.5993804931640625
53,,3,0.32485300302505493,,0.378448486328125
54,,3,0.46370792388916016,,0.01556396484375
55,,3,0.5437557697296143,,0.067230224609375
56,,3,0.4700701832771301,,1.52587890625e-05
57,,3,0.41144976019859314,,0.0
58,,3,0.4689289927482605,,0.0
59,,3,0.5831860303878784,,0.0
60,,3,0.4199097156524658,,0.1333160400390625
61,,3,0.4449900984764099,,0.07415771484375
62,,3,0.6038825511932373,,0.0073699951171875
63,,3,0.5408540964126587,,0.0608062744140625
,12,3,,0.39883953332901,0.2125701904296875
,13,3,,0.31202414631843567,0.0781402587890625
,14,3,,0.4394104778766632,0.0941925048828125
,15,3,,0.28683969378471375,0.27587890625
64,,4,0.5381221175193787,,0.0
65,,4,0.4005418121814728,,0.0
66,,4,0.5663643479347229,,3.0517578125e-05
67,,4,0.5995404124259949,,0.0018768310546875
68,,4,0.35397931933403015,,0.5993804931640625
69,,4,0.3555794656276703,,0.378448486328125
70,,4,0.4474503993988037,,0.01556396484375
71,,4,0.454852819442749,,0.067230224609375
72,,4,0.502896785736084,,1.52587890625e-05
73,,4,0.5029147863388062,,0.0
74,,4,0.594206690788269,,0.0
75,,4,0.5305445194244385,,0.0
76,,4,0.5103947520256042,,0.1333160400390625
77,,4,0.4656163156032562,,0.07415771484375
78,,4,0.6511331796646118,,0.0073699951171875
79,,4,0.39990437030792236,,0.0608062744140625
,16,4,,0.23253315687179565,0.2125701904296875
,17,4,,0.4706593453884125,0.0781402587890625
,18,4,,0.3819884955883026,0.0941925048828125
,19,4,,0.23300182819366455,0.27587890625
80,,5,0.525570273399353,,0.0
81,,5,0.45491230487823486,,0.0
82,,5,0.4120674729347229,,3.0517578125e-05
83,,5,0.48100703954696655,,0.0018768310546875
84,,5,0.3353201746940613,,0.5993804931640625
85,,5,0.3473992347717285,,0.378448486328125
86,,5,0.42685985565185547,,0.01556396484375
87,,5,0.4504110813140869,,0.067230224609375
88,,5,0.494310587644577,,1.52587890625e-05
89,,5,0.4120045006275177,,0.0
90,,5,0.578726053237915,,0.0
91,,5,0.40936368703842163,,0.0
92,,5,0.374875009059906,,0.1333160400390625
93,,5,0.47624319791793823,,0.07415771484375
94,,5,0.4894399642944336,,0.0073699951171875
95,,5,0.414436399936676,,0.0608062744140625
,20,5,,0.20903101563453674,0.2125701904296875
,21,5,,0.38851398229599,0.0781402587890625
,22,5,,0.3955427408218384,0.0941925048828125
,23,5,,0.3570048213005066,0.27587890625
96,,6,0.4799880385398865,,0.0
97,,6,0.4883274435997009,,0.0
98,,6,0.5945829153060913,,3.0517578125e-05
99,,6,0.3800782263278961,,0.0018768310546875
100,,6,0.32546746730804443,,0.5993804931640625
101,,6,0.31980183720588684,,0.378448486328125
102,,6,0.5097042918205261,,0.01556396484375
103,,6,0.41126835346221924,,0.067230224609375
104,,6,0.6279972791671753,,1.52587890625e-05
105,,6,0.5709672570228577,,0.0
106,,6,0.5169707536697388,,0.0
107,,6,0.5276319980621338,,0.0
108,,6,0.4291800856590271,,0.1333160400390625
109,,6,0.39140042662620544,,0.07415771484375
110,,6,0.4083997905254364,,0.0073699951171875
111,,6,0.43160778284072876,,0.0608062744140625
,24,6,,0.24066226184368134,0.2125701904296875
,25,6,,0.4851091206073761,0.0781402587890625
,26,6,,0.47775977849960327,0.0941925048828125
,27,6,,0.2184150665998459,0.27587890625
112,,7,0.41528183221817017,,0.0
113,,7,0.4250904619693756,,0.0
114,,7,0.5081572532653809,,3.0517578125e-05
115,,7,0.521264910697937,,0.0018768310546875
116,,7,0.42098501324653625,,0.5993804931640625
117,,7,0.30015915632247925,,0.378448486328125
118,,7,0.4107531011104584,,0.01556396484375
119,,7,0.3688957095146179,,0.067230224609375
120,,7,0.48902884125709534,,1.52587890625e-05
121,,7,0.5191813707351685,,0.0
122,,7,0.5466228723526001,,0.0
123,,7,0.47726210951805115,,0.0
124,,7,0.3768005967140198,,0.1333160400390625
125,,7,0.4300740361213684,,0.07415771484375
126,,7,0.6569304466247559,,0.0073699951171875
127,,7,0.49519094824790955,,0.0608062744140625
,28,7,,0.29514724016189575,0.2125701904296875
,29,7,,0.3850448727607727,0.0781402587890625
,30,7,,0.4107629060745239,0.0941925048828125
,31,7,,0.12883982062339783,0.27587890625
128,,8,0.5225220322608948,,0.0
129,,8,0.5681236386299133,,0.0
130,,8,0.42884740233421326,,3.0517578125e-05
131,,8,0.3789469301700592,,0.0018768310546875
132,,8,0.40144866704940796,,0.5993804931640625
133,,8,0.3080684244632721,,0.378448486328125
134,,8,0.515498161315918,,0.01556396484375
135,,8,0.2937716245651245,,0.067230224609375
136,,8,0.5423175096511841,,1.52587890625e-05
137,,8,0.5430417060852051,,0.0
138,,8,0.5137631297111511,,0.0
139,,8,0.4502183794975281,,0.0
140,,8,0.35252845287323,,0.1333160400390625
141,,8,0.4520854949951172,,0.07415771484375
142,,8,0.5041534900665283,,0.0073699951171875
143,,8,0.2931400537490845,,0.0608062744140625
,32,8,,0.37664085626602173,0.2125701904296875
,33,8,,0.4078640639781952,0.0781402587890625
,34,8,,0.29792776703834534,0.0941925048828125
,35,8,,0.24554066359996796,0.27587890625
144,,9,0.5901228189468384,,0.0
145,,9,0.5799006223678589,,0.0
146,,9,0.49009448289871216,,3.0517578125e-05
147,,9,0.49217692017555237,,0.0018768310546875
148,,9,0.3624187707901001,,0.5993804931640625
149,,9,0.3128613233566284,,0.378448486328125
150,,9,0.6314319372177124,,0.01556396484375
151,,9,0.3552311658859253,,0.067230224609375
152,,9,0.527298092842102,,1.52587890625e-05
153,,9,0.5692253708839417,,0.0
154,,9,0.3984892964363098,,0.0
155,,9,0.594009518623352,,0.0
156,,9,0.2653152346611023,,0.1333160400390625
157,,9,0.4621598720550537,,0.07415771484375
158,,9,0.48611703515052795,,0.0073699951171875
159,,9,0.5171768665313721,,0.0608062744140625
,36,9,,0.16031450033187866,0.2125701904296875
,37,9,,0.588904857635498,0.0781402587890625
,38,9,,0.3691655695438385,0.0941925048828125
,39,9,,0.20319199562072754,0.27587890625
160,,10,0.5665283203125,,0.0
161,,10,0.5945618152618408,,0.0
162,,10,0.46443796157836914,,3.0517578125e-05
163,,10,0.4072071313858032,,0.0018768310546875
164,,10,0.38391801714897156,,0.5993804931640625
165,,10,0.33929091691970825,,0.378448486328125
166,,10,0.5545544624328613,,0.01556396484375
167,,10,0.4335319399833679,,0.067230224609375
168,,10,0.5061385631561279,,1.52587890625e-05
169,,10,0.42959755659103394,,0.0
170,,10,0.41822510957717896,,0.0
171,,10,0.47846490144729614,,0.0
172,,10,0.37800902128219604,,0.1333160400390625
173,,10,0.5314449071884155,,0.07415771484375
174,,10,0.5464492440223694,,0.0073699951171875
175,,10,0.511754035949707,,0.0608062744140625
,40,10,,0.310161292552948,0.2125701904296875
,41,10,,0.3353286385536194,0.0781402587890625
,42,10,,0.4304468035697937,0.0941925048828125
,43,10,,0.11180729418992996,0.27587890625
176,,11,0.6287970542907715,,0.0
177,,11,0.48705774545669556,,0.0
178,,11,0.3518153727054596,,3.0517578125e-05
179,,11,0.5788756608963013,,0.0018768310546875
180,,11,0.32338011264801025,,0.5993804931640625
181,,11,0.35851889848709106,,0.378448486328125
182,,11,0.3822418451309204,,0.01556396484375
183,,11,0.4443916380405426,,0.067230224609375
184,,11,0.3649126887321472,,1.52587890625e-05
185,,11,0.46534305810928345,,0.0
186,,11,0.5454029440879822,,0.0
187,,11,0.4293179512023926,,0.0
188,,11,0.4585126042366028,,0.1333160400390625
189,,11,0.2767331004142761,,0.07415771484375
190,,11,0.3381260931491852,,0.0073699951171875
191,,11,0.4462500214576721,,0.0608062744140625
,44,11,,0.348347932100296,0.2125701904296875
,45,11,,0.39130741357803345,0.0781402587890625
,46,11,,0.4830290377140045,0.0941925048828125
,47,11,,0.2423638105392456,0.27587890625
192,,12,0.4921587109565735,,0.0
193,,12,0.5722966194152832,,0.0
194,,12,0.4818384051322937,,3.0517578125e-05
195,,12,0.47955745458602905,,0.0018768310546875
196,,12,0.3534765839576721,,0.5993804931640625
197,,12,0.3378622531890869,,0.378448486328125
198,,12,0.5325127840042114,,0.01556396484375
199,,12,0.4775359630584717,,0.067230224609375
200,,12,0.3858693242073059,,1.52587890625e-05
201,,12,0.4890812039375305,,0.0
202,,12,0.5521666407585144,,0.0
203,,12,0.46150922775268555,,0.0
204,,12,0.32868480682373047,,0.1333160400390625
205,,12,0.3492484986782074,,0.07415771484375
206,,12,0.34344178438186646,,0.0073699951171875
207,,12,0.46842220425605774,,0.0608062744140625
,48,12,,0.3162265419960022,0.2125701904296875
,49,12,,0.39954960346221924,0.0781402587890625
,50,12,,0.2864020764827728,0.0941925048828125
,51,12,,0.22212138772010803,0.27587890625
208,,13,0.6403771638870239,,0.0
209,,13,0.5426747798919678,,0.0
210,,13,0.5387688875198364,,3.0517578125e-05
211,,13,0.4493684768676758,,0.0018768310546875
212,,13,0.3481524586677551,,0.5993804931640625
213,,13,0.35118210315704346,,0.378448486328125
214,,13,0.3418402373790741,,0.01556396484375
215,,13,0.3994627594947815,,0.067230224609375
216,,13,0.48756152391433716,,1.52587890625e-05
217,,13,0.40996304154396057,,0.0
218,,13,0.3773523271083832,,0.0
219,,13,0.5061954855918884,,0.0
220,,13,0.523385763168335,,0.1333160400390625
221,,13,0.46109437942504883,,0.07415771484375
222,,13,0.4804822504520416,,0.0073699951171875
223,,13,0.43214061856269836,,0.0608062744140625
,52,13,,0.288011372089386,0.2125701904296875
,53,13,,0.4887923300266266,0.0781402587890625
,54,13,,0.4573235511779785,0.0941925048828125
,55,13,,0.19273236393928528,0.27587890625
224,,14,0.5386401414871216,,0.0
225,,14,0.5117287635803223,,0.0
226,,14,0.511821985244751,,3.0517578125e-05
227,,14,0.48175641894340515,,0.0018768310546875
228,,14,0.36044687032699585,,0.5993804931640625
229,,14,0.35194623470306396,,0.378448486328125
230,,14,0.5436187982559204,,0.01556396484375
231,,14,0.32736238837242126,,0.067230224609375
232,,14,0.5477328300476074,,1.52587890625e-05
233,,14,0.5925891399383545,,0.0
234,,14,0.6181043386459351,,0.0
235,,14,0.4882960319519043,,0.0
236,,14,0.3791927099227905,,0.1333160400390625
237,,14,0.29881250858306885,,0.07415771484375
238,,14,0.523871660232544,,0.0073699951171875
239,,14,0.3389735817909241,,0.0608062744140625
,56,14,,0.20162826776504517,0.2125701904296875
,57,14,,0.37127500772476196,0.0781402587890625
,58,14,,0.42981016635894775,0.0941925048828125
,59,14,,0.15909124910831451,0.27587890625
240,,15,0.6496555805206299,,0.0
241,,15,0.4934150278568268,,0.0
242,,15,0.5867733955383301,,3.0517578125e-05
243,,15,0.4138028621673584,,0.0018768310546875
244,,15,0.3558368384838104,,0.5993804931640625
245,,15,0.29903748631477356,,0.378448486328125
246,,15,0.4801015853881836,,0.01556396484375
247,,15,0.4874657392501831,,0.067230224609375
248,,15,0.44838497042655945,,1.52587890625e-05
249,,15,0.6328322291374207,,0.0
250,,15,0.4165101945400238,,0.0
251,,15,0.4679694175720215,,0.0
252,,15,0.4198402166366577,,0.1333160400390625
253,,15,0.26938241720199585,,0.07415771484375
254,,15,0.40794622898101807,,0.0073699951171875
255,,15,0.5321038365364075,,0.0608062744140625
,60,15,,0.4253880977630615,0.2125701904296875
,61,15,,0.31766825914382935,0.0781402587890625
,62,15,,0.2873837947845459,0.0941925048828125
,63,15,,0.26642632484436035,0.27587890625
256,,16,0.5672130584716797,,0.0
257,,16,0.5519309639930725,,0.0
258,,16,0.5398572683334351,,3.0517578125e-05
259,,16,0.48371949791908264,,0.0018768310546875
260,,16,0.3545462191104889,,0.5993804931640625
261,,16,0.3363899886608124,,0.378448486328125
262,,16,0.5257964134216309,,0.01556396484375
263,,16,0.4225861430168152,,0.067230224609375
264,,16,0.4467463493347168,,1.52587890625e-05
265,,16,0.5191319584846497,,0.0
266,,16,0.4597169756889343,,0.0
267,,16,0.3355739116668701,,0.0
268,,16,0.49162113666534424,,0.1333160400390625
269,,16,0.30969685316085815,,0.07415771484375
270,,16,0.5681942105293274,,0.0073699951171875
271,,16,0.51041179895401,,0.0608062744140625
,64,16,,0.29807427525520325,0.2125701904296875
,65,16,,0.34170833230018616,0.0781402587890625
,66,16,,0.4010363817214966,0.0941925048828125
,67,16,,0.21249651908874512,0.27587890625
272,,17,0.5501032471656799,,0.0
273,,17,0.4925621449947357,,0.0
274,,17,0.4842638671398163,,3.0517578125e-05
275,,17,0.49266743659973145,,0.0018768310546875
276,,17,0.3974038362503052,,0.5993804931640625
277,,17,0.28573229908943176,,0.378448486328125
278,,17,0.46068233251571655,,0.01556396484375
279,,17,0.39154016971588135,,0.067230224609375
280,,17,0.4562545418739319,,1.52587890625e-05
281,,17,0.475114107131958,,0.0
282,,17,0.5065115690231323,,0.0
283,,17,0.549321174621582,,0.0
284,,17,0.32039421796798706,,0.1333160400390625
285,,17,0.369728147983551,,0.07415771484375
286,,17,0.39865291118621826,,0.0073699951171875
287,,17,0.4041922092437744,,0.0608062744140625
,68,17,,0.1404499113559723,0.2125701904296875
,69,17,,0.3899521231651306,0.0781402587890625
,70,17,,0.27895286679267883,0.0941925048828125
,71,17,,0.22367823123931885,0.27587890625
288,,18,0.4536731243133545,,0.0
289,,18,0.47913965582847595,,0.0
290,,18,0.5091810822486877,,3.0517578125e-05
291,,18,0.473097562789917,,0.0018768310546875
292,,18,0.3630247414112091,,0.5993804931640625
293,,18,0.29992181062698364,,0.378448486328125
294,,18,0.43874698877334595,,0.01556396484375
295,,18,0.4000360071659088,,0.067230224609375
296,,18,0.40080058574676514,,1.52587890625e-05
297,,18,0.3537055253982544,,0.0
298,,18,0.48746806383132935,,0.0
299,,18,0.4340742826461792,,0.0
300,,18,0.2850847840309143,,0.1333160400390625
301,,18,0.4446932077407837,,0.07415771484375
302,,18,0.4504649043083191,,0.0073699951171875
303,,18,0.4464172124862671,,0.0608062744140625
,72,18,,0.37941062450408936,0.2125701904296875
,73,18,,0.2932518720626831,0.0781402587890625
,74,18,,0.4986470937728882,0.0941925048828125
,75,18,,0.32433241605758667,0.27587890625
304,,19,0.44056493043899536,,0.0
305,,19,0.4520833492279053,,0.0
306,,19,0.48491528630256653,,3.0517578125e-05
307,,19,0.42818665504455566,,0.0018768310546875
308,,19,0.382205605506897,,0.5993804931640625
309,,19,0.2755314111709595,,0.378448486328125
310,,19,0.5576744675636292,,0.01556396484375
311,,19,0.4836980402469635,,0.067230224609375
312,,19,0.3935926556587219,,1.52587890625e-05
313,,19,0.5545133948326111,,0.0
314,,19,0.46120187640190125,,0.0
315,,19,0.433832049369812,,0.0
316,,19,0.2807762026786804,,0.1333160400390625
317,,19,0.33779504895210266,,0.07415771484375
318,,19,0.4973355829715729,,0.0073699951171875
319,,19,0.49327710270881653,,0.0608062744140625
,76,19,,0.24791307747364044,0.2125701904296875
,77,19,,0.49777334928512573,0.0781402587890625
,78,19,,0.4024556875228882,0.0941925048828125
,79,19,,0.25012874603271484,0.27587890625
320,,20,0.48814165592193604,,0.0
321,,20,0.5210928320884705,,0.0
322,,20,0.39599499106407166,,3.0517578125e-05
323,,20,0.5554567575454712,,0.0018768310546875
324,,20,0.34666162729263306,,0.5993804931640625
325,,20,0.3553171753883362,,0.378448486328125
326,,20,0.5240480303764343,,0.01556396484375
327,,20,0.5049170851707458,,0.067230224609375
328,,20,0.4651794135570526,,1.52587890625e-05
329,,20,0.49802595376968384,,0.0
330,,20,0.43584853410720825,,0.0
331,,20,0.5331079959869385,,0.0
332,,20,0.35370907187461853,,0.1333160400390625
333,,20,0.5601261854171753,,0.07415771484375
334,,20,0.5396192073822021,,0.0073699951171875
335,,20,0.48084062337875366,,0.0608062744140625
,80,20,,0.2107936143875122,0.2125701904296875
,81,20,,0.4576917886734009,0.0781402587890625
,82,20,,0.3594549298286438,0.0941925048828125
,83,20,,0.2368251383304596,0.27587890625
336,,21,0.5457789897918701,,0.0
337,,21,0.37954574823379517,,0.0
338,,21,0.5238336324691772,,3.0517578125e-05
339,,21,0.5552055835723877,,0.0018768310546875
340,,21,0.42476826906204224,,0.5993804931640625
341,,21,0.3278149962425232,,0.378448486328125
342,,21,0.5466655492782593,,0.01556396484375
343,,21,0.3372974097728729,,0.067230224609375
344,,21,0.4428427815437317,,1.52587890625e-05
345,,21,0.6698305606842041,,0.0
346,,21,0.4330780804157257,,0.0
347,,21,0.621917724609375,,0.0
348,,21,0.4425339102745056,,0.1333160400390625
349,,21,0.42937326431274414,,0.07415771484375
350,,21,0.4181634485721588,,0.0073699951171875
351,,21,0.4153878688812256,,0.0608062744140625
,84,21,,0.18262922763824463,0.2125701904296875
,85,21,,0.41628721356391907,0.0781402587890625
,86,21,,0.33886730670928955,0.0941925048828125
,87,21,,0.25634217262268066,0.27587890625
352,,22,0.4072207808494568,,0.0
353,,22,0.4181395471096039,,0.0
354,,22,0.510617196559906,,3.0517578125e-05
355,,22,0.514680027961731,,0.0018768310546875
356,,22,0.3559260964393616,,0.5993804931640625
357,,22,0.3257827162742615,,0.378448486328125
358,,22,0.425944447517395,,0.01556396484375
359,,22,0.40955212712287903,,0.067230224609375
360,,22,0.46055692434310913,,1.52587890625e-05
361,,22,0.5390142798423767,,0.0
362,,22,0.46469080448150635,,0.0
363,,22,0.4563886225223541,,0.0
364,,22,0.4474550783634186,,0.1333160400390625
365,,22,0.41184523701667786,,0.07415771484375
366,,22,0.5293904542922974,,0.0073699951171875
367,,22,0.44846290349960327,,0.0608062744140625
,88,22,,0.3338157534599304,0.2125701904296875
,89,22,,0.43379759788513184,0.0781402587890625
,90,22,,0.40948742628097534,0.0941925048828125
,91,22,,0.2149958312511444,0.27587890625
368,,23,0.47524940967559814,,0.0
369,,23,0.5276216864585876,,0.0
370,,23,0.4519188404083252,,3.0517578125e-05
371,,23,0.5059310793876648,,0.0018768310546875
372,,23,0.3344830870628357,,0.5993804931640625
373,,23,0.29930663108825684,,0.378448486328125
374,,23,0.4747626781463623,,0.01556396484375
375,,23,0.5453489422798157,,0.067230224609375
376,,23,0.6206550598144531,,1.52587890625e-05
377,,23,0.517917811870575,,0.0
378,,23,0.5000202655792236,,0.0
379,,23,0.3939926028251648,,0.0
380,,23,0.30250293016433716,,0.1333160400390625
381,,23,0.47516870498657227,,0.07415771484375
382,,23,0.4998700022697449,,0.0073699951171875
383,,23,0.4166960120201111,,0.0608062744140625
,92,23,,0.28159987926483154,0.2125701904296875
,93,23,,0.5547258853912354,0.0781402587890625
,94,23,,0.49072691798210144,0.0941925048828125
,95,23,,0.24711641669273376,0.27587890625
384,,24,0.41559088230133057,,0.0
385,,24,0.55366051197052,,0.0
386,,24,0.34389781951904297,,3.0517578125e-05
387,,24,0.4330413341522217,,0.0018768310546875
388,,24,0.33087611198425293,,0.5993804931640625
389,,24,0.3013429641723633,,0.378448486328125
390,,24,0.61174076795578,,0.01556396484375
391,,24,0.46324706077575684,,0.067230224609375
392,,24,0.6255514025688171,,1.52587890625e-05
393,,24,0.5624207258224487,,0.0
394,,24,0.4459632635116577,,0.0
395,,24,0.4633873999118805,,0.0
396,,24,0.37594568729400635,,0.1333160400390625
397,,24,0.3962016999721527,,0.07415771484375
398,,24,0.34840935468673706,,0.0073699951171875
399,,24,0.41271111369132996,,0.0608062744140625
,96,24,,0.1469517946243286,0.2125701904296875
,97,24,,0.4352843165397644,0.0781402587890625
,98,24,,0.3575211763381958,0.0941925048828125
,99,24,,0.34002599120140076,0.27587890625
400,,25,0.4572170376777649,,0.0
401,,25,0.6424528360366821,,0.0
402,,25,0.5067074298858643,,3.0517578125e-05
403,,25,0.505445122718811,,0.0018768310546875
404,,25,0.36266273260116577,,0.5993804931640625
405,,25,0.29732945561408997,,0.378448486328125
406,,25,0.5037643313407898,,0.01556396484375
407,,25,0.28408417105674744,,0.067230224609375
408,,25,0.5093104243278503,,1.52587890625e-05
409,,25,0.4052302837371826,,0.0
410,,25,0.47829556465148926,,0.0
411,,25,0.642950177192688,,0.0
412,,25,0.3658355474472046,,0.1333160400390625
413,,25,0.5544668436050415,,0.07415771484375
414,,25,0.4501901865005493,,0.0073699951171875
415,,25,0.4937530755996704,,0.0608062744140625
,100,25,,0.3813375234603882,0.2125701904296875
,101,25,,0.5401149988174438,0.0781402587890625
,102,25,,0.3598625957965851,0.0941925048828125
,103,25,,0.33402368426322937,0.27587890625
416,,26,0.5267815589904785,,0.0
417,,26,0.512259840965271,,0.0
418,,26,0.548661470413208,,3.0517578125e-05
419,,26,0.568558931350708,,0.0018768310546875
420,,26,0.3499544560909271,,0.5993804931640625
421,,26,0.29787778854370117,,0.378448486328125
422,,26,0.4267740249633789,,0.01556396484375
423,,26,0.3413395285606384,,0.067230224609375
424,,26,0.5956810712814331,,1.52587890625e-05
425,,26,0.5308617949485779,,0.0
426,,26,0.5976850390434265,,0.0
427,,26,0.5335026383399963,,0.0
428,,26,0.29230260848999023,,0.1333160400390625
429,,26,0.34086307883262634,,0.07415771484375
430,,26,0.4056190848350525,,0.0073699951171875
431,,26,0.5280627608299255,,0.0608062744140625
,104,26,,0.42052382230758667,0.2125701904296875
,105,26,,0.43986308574676514,0.0781402587890625
,106,26,,0.535508394241333,0.0941925048828125
,107,26,,0.2561635375022888,0.27587890625
432,,27,0.47302621603012085,,0.0
433,,27,0.5435300469398499,,0.0
434,,27,0.49928951263427734,,3.0517578125e-05
435,,27,0.4009352922439575,,0.0018768310546875
436,,27,0.38110578060150146,,0.5993804931640625
437,,27,0.33164912462234497,,0.378448486328125
438,,27,0.4520934820175171,,0.01556396484375
439,,27,0.3415304124355316,,0.067230224609375
440,,27,0.43636637926101685,,1.52587890625e-05
441,,27,0.3221791386604309,,0.0
442,,27,0.4029286205768585,,0.0
443,,27,0.5275064706802368,,0.0
444,,27,0.35502561926841736,,0.1333160400390625
445,,27,0.483108788728714,,0.07415771484375
446,,27,0.5748368501663208,,0.0073699951171875
447,,27,0.39242684841156006,,0.0608062744140625
,108,27,,0.24510830640792847,0.2125701904296875
,109,27,,0.5093846917152405,0.0781402587890625
,110,27,,0.45131605863571167,0.0941925048828125
,111,27,,0.2656644880771637,0.27587890625
448,,28,0.47303688526153564,,0.0
449,,28,0.54122394323349,,0.0
450,,28,0.41553795337677,,3.0517578125e-05
451,,28,0.47075456380844116,,0.0018768310546875
452,,28,0.3219602406024933,,0.5993804931640625
453,,28,0.30567696690559387,,0.378448486328125
454,,28,0.42525702714920044,,0.01556396484375
455,,28,0.4826574921607971,,0.067230224609375
456,,28,0.535690426826477,,1.52587890625e-05
457,,28,0.4923655688762665,,0.0
458,,28,0.5712419152259827,,0.0
459,,28,0.4757454991340637,,0.0
460,,28,0.3488384485244751,,0.1333160400390625
461,,28,0.33960437774658203,,0.07415771484375
462,,28,0.4931953549385071,,0.0073699951171875
463,,28,0.4701039791107178,,0.0608062744140625
,112,28,,0.32260778546333313,0.2125701904296875
,113,28,,0.5065957307815552,0.0781402587890625
,114,28,,0.33680087327957153,0.0941925048828125
,115,28,,0.2615760862827301,0.27587890625
464,,29,0.4789872467517853,,0.0
465,,29,0.7268178462982178,,0.0
466,,29,0.44361239671707153,,3.0517578125e-05
467,,29,0.5216116905212402,,0.0018768310546875
468,,29,0.39234215021133423,,0.5993804931640625
469,,29,0.2876739799976349,,0.378448486328125
470,,29,0.5612110495567322,,0.01556396484375
471,,29,0.5545732378959656,,0.067230224609375
472,,29,0.4108768701553345,,1.52587890625e-05
473,,29,0.41696658730506897,,0.0
474,,29,0.4518236219882965,,0.0
475,,29,0.5365142226219177,,0.0
476,,29,0.321677029132843,,0.1333160400390625
477,,29,0.40348076820373535,,0.07415771484375
478,,29,0.5176393985748291,,0.0073699951171875
479,,29,0.41048720479011536,,0.0608062744140625
,116,29,,0.3725452423095703,0.2125701904296875
,117,29,,0.3576304018497467,0.0781402587890625
,118,29,,0.5293461084365845,0.0941925048828125
,119,29,,0.21308642625808716,0.27587890625
480,,30,0.5234850645065308,,0.0
481,,30,0.5522591471672058,,0.0
482,,30,0.5507051944732666,,3.0517578125e-05
483,,30,0.4598146378993988,,0.0018768310546875
484,,30,0.33816391229629517,,0.5993804931640625
485,,30,0.3113473355770111,,0.378448486328125
486,,30,0.5510902404785156,,0.01556396484375
487,,30,0.37270456552505493,,0.067230224609375
488,,30,0.6075283288955688,,1.52587890625e-05
489,,30,0.42349767684936523,,0.0
490,,30,0.4924839735031128,,0.0
491,,30,0.6287347078323364,,0.0
492,,30,0.3696839213371277,,0.1333160400390625
493,,30,0.5012723207473755,,0.07415771484375
494,,30,0.4776550233364105,,0.0073699951171875
495,,30,0.4395044445991516,,0.0608062744140625
,120,30,,0.2766931653022766,0.2125701904296875
,121,30,,0.49225738644599915,0.0781402587890625
,122,30,,0.3998943567276001,0.0941925048828125
,123,30,,0.18709470331668854,0.27587890625
496,,31,0.5078521966934204,,0.0
497,,31,0.4038204550743103,,0.0
498,,31,0.4906102120876312,,3.0517578125e-05
499,,31,0.4551791548728943,,0.0018768310546875
500,,31,0.35210391879081726,,0.5993804931640625
501,,31,0.4183505177497864,,0.378448486328125
502,,31,0.5427001118659973,,0.01556396484375
503,,31,0.3845893144607544,,0.067230224609375
504,,31,0.5114556550979614,,1.52587890625e-05
505,,31,0.5137209296226501,,0.0
506,,31,0.5176329016685486,,0.0
507,,31,0.47442203760147095,,0.0
508,,31,0.45011332631111145,,0.1333160400390625
509,,31,0.4736025333404541,,0.07415771484375
510,,31,0.46047860383987427,,0.0073699951171875
511,,31,0.5524623990058899,,0.0608062744140625
,124,31,,0.23171395063400269,0.2125701904296875
,125,31,,0.5154645442962646,0.0781402587890625
,126,31,,0.4150093197822571,0.0941925048828125
,127,31,,0.13523918390274048,0.27587890625
512,,32,0.3747093379497528,,0.0
513,,32,0.3947446346282959,,0.0
514,,32,0.6502736806869507,,3.0517578125e-05
515,,32,0.4970095157623291,,0.0018768310546875
516,,32,0.35972803831100464,,0.5993804931640625
517,,32,0.3164263367652893,,0.378448486328125
518,,32,0.4920918047428131,,0.01556396484375
519,,32,0.49398118257522583,,0.067230224609375
520,,32,0.5447865724563599,,1.52587890625e-05
521,,32,0.48365384340286255,,0.0
522,,32,0.5973192453384399,,0.0
523,,32,0.577080249786377,,0.0
524,,32,0.346308171749115,,0.1333160400390625
525,,32,0.4165540337562561,,0.07415771484375
526,,32,0.5641380548477173,,0.0073699951171875
527,,32,0.49085405468940735,,0.0608062744140625
,128,32,,0.22383050620555878,0.2125701904296875
,129,32,,0.40048354864120483,0.0781402587890625
,130,32,,0.3675583600997925,0.0941925048828125
,131,32,,0.27602139115333557,0.27587890625
528,,33,0.4561172127723694,,0.0
529,,33,0.38094595074653625,,0.0
530,,33,0.6669760942459106,,3.0517578125e-05
531,,33,0.4403707981109619,,0.0018768310546875
532,,33,0.34974509477615356,,0.5993804931640625
533,,33,0.28989487886428833,,0.378448486328125
534,,33,0.41057321429252625,,0.01556396484375
535,,33,0.3134806752204895,,0.067230224609375
536,,33,0.5470095872879028,,1.52587890625e-05
537,,33,0.5407308340072632,,0.0
538,,33,0.42120906710624695,,0.0
539,,33,0.4307320713996887,,0.0
540,,33,0.3576469421386719,,0.1333160400390625
541,,33,0.36646443605422974,,0.07415771484375
542,,33,0.4444720149040222,,0.0073699951171875
543,,33,0.4289278984069824,,0.0608062744140625
,132,33,,0.2793782949447632,0.2125701904296875
,133,33,,0.5325958728790283,0.0781402587890625
,134,33,,0.3963695466518402,0.0941925048828125
,135,33,,0.21848122775554657,0.27587890625
544,,34,0.4522334933280945,,0.0
545,,34,0.5544840693473816,,0.0
546,,34,0.4029145836830139,,3.0517578125e-05
547,,34,0.5426891446113586,,0.0018768310546875
548,,34,0.34168189764022827,,0.5993804931640625
549,,34,0.31800803542137146,,0.378448486328125
550,,34,0.4604504108428955,,0.01556396484375
551,,34,0.4835492968559265,,0.067230224609375
552,,34,0.5603858232498169,,1.52587890625e-05
553,,34,0.40821945667266846,,0.0
554,,34,0.37627771496772766,,0.0
555,,34,0.4849531948566437,,0.0
556,,34,0.4654198884963989,,0.1333160400390625
557,,34,0.4643978476524353,,0.07415771484375
558,,34,0.587615966796875,,0.0073699951171875
559,,34,0.4239310622215271,,0.0608062744140625
,136,34,,0.2888290286064148,0.2125701904296875
,137,34,,0.4660866856575012,0.0781402587890625
,138,34,,0.4352567195892334,0.0941925048828125
,139,34,,0.2534607946872711,0.27587890625
560,,35,0.4108768105506897,,0.0
561,,35,0.4465101361274719,,0.0
562,,35,0.4946228563785553,,3.0517578125e-05
563,,35,0.443207323551178,,0.0018768310546875
564,,35,0.35145092010498047,,0.5993804931640625
565,,35,0.3117096424102783,,0.378448486328125
566,,35,0.5445585250854492,,0.01556396484375
567,,35,0.4206474721431732,,0.067230224609375
568,,35,0.5790817737579346,,1.52587890625e-05
569,,35,0.4721171259880066,,0.0
570,,35,0.4689987003803253,,0.0
571,,35,0.5504138469696045,,0.0
572,,35,0.40788716077804565,,0.1333160400390625
573,,35,0.41890501976013184,,0.07415771484375
574,,35,0.563833475112915,,0.0073699951171875
575,,35,0.5157943964004517,,0.0608062744140625
,140,35,,0.2777611017227173,0.2125701904296875
,141,35,,0.314779132604599,0.0781402587890625
,142,35,,0.5259987115859985,0.0941925048828125
,143,35,,0.284464955329895,0.27587890625
576,,36,0.49277129769325256,,0.0
577,,36,0.46201711893081665,,0.0
578,,36,0.4478316307067871,,3.0517578125e-05
579,,36,0.4097229838371277,,0.0018768310546875
580,,36,0.3781778812408447,,0.5993804931640625
581,,36,0.28910648822784424,,0.378448486328125
582,,36,0.4810769259929657,,0.01556396484375
583,,36,0.32129162549972534,,0.067230224609375
584,,36,0.30162280797958374,,1.52587890625e-05
585,,36,0.46126589179039,,0.0
586,,36,0.44071727991104126,,0.0
587,,36,0.5810064077377319,,0.0
588,,36,0.38198208808898926,,0.1333160400390625
589,,36,0.5448392629623413,,0.07415771484375
590,,36,0.5128685235977173,,0.0073699951171875
591,,36,0.5072166919708252,,0.0608062744140625
,144,36,,0.29649874567985535,0.2125701904296875
,145,36,,0.35541442036628723,0.0781402587890625
,146,36,,0.4578394293785095,0.0941925048828125
,147,36,,0.2078431099653244,0.27587890625
592,,37,0.5934176445007324,,0.0
593,,37,0.5854016542434692,,0.0
594,,37,0.440835565328598,,3.0517578125e-05
595,,37,0.4690190851688385,,0.0018768310546875
596,,37,0.3944505453109741,,0.5993804931640625
597,,37,0.3622824549674988,,0.378448486328125
598,,37,0.4204353988170624,,0.01556396484375
599,,37,0.556219220161438,,0.067230224609375
600,,37,0.5193727612495422,,1.52587890625e-05
601,,37,0.4434310793876648,,0.0
602,,37,0.42558637261390686,,0.0
603,,37,0.49228110909461975,,0.0
604,,37,0.5125433206558228,,0.1333160400390625
605,,37,0.4575601816177368,,0.07415771484375
606,,37,0.3320588171482086,,0.0073699951171875
607,,37,0.38286930322647095,,0.0608062744140625
,148,37,,0.33332934975624084,0.2125701904296875
,149,37,,0.5541788935661316,0.0781402587890625
,150,37,,0.40165022015571594,0.0941925048828125
,151,37,,0.28556028008461,0.27587890625
608,,38,0.3585202693939209,,0.0
609,,38,0.6710256338119507,,0.0
610,,38,0.4887858033180237,,3.0517578125e-05
611,,38,0.5104918479919434,,0.0018768310546875
612,,38,0.368836909532547,,0.5993804931640625
613,,38,0.31000053882598877,,0.378448486328125
614,,38,0.47117340564727783,,0.01556396484375
615,,38,0.5328925848007202,,0.067230224609375
616,,38,0.581007719039917,,1.52587890625e-05
617,,38,0.5246779322624207,,0.0
618,,38,0.4139173626899719,,0.0
619,,38,0.386125385761261,,0.0
620,,38,0.3866714835166931,,0.1333160400390625
621,,38,0.4367949962615967,,0.07415771484375
622,,38,0.5162180662155151,,0.0073699951171875
623,,38,0.5637624263763428,,0.0608062744140625
,152,38,,0.4763496518135071,0.2125701904296875
,153,38,,0.4086688458919525,0.0781402587890625
,154,38,,0.46829724311828613,0.0941925048828125
,155,38,,0.1362568736076355,0.27587890625
624,,39,0.5713478922843933,,0.0
625,,39,0.5291212201118469,,0.0
626,,39,0.5487241744995117,,3.0517578125e-05
627,,39,0.37324535846710205,,0.0018768310546875
628,,39,0.38452577590942383,,0.5993804931640625
629,,39,0.28565043210983276,,0.378448486328125
630,,39,0.4439341723918915,,0.01556396484375
631,,39,0.3585952818393707,,0.067230224609375
632,,39,0.6635776162147522,,1.52587890625e-05
633,,39,0.43525734543800354,,0.0
634,,39,0.4627923369407654,,0.0
635,,39,0.5509762167930603,,0.0
636,,39,0.4384307563304901,,0.1333160400390625
637,,39,0.4448384642601013,,0.07415771484375
638,,39,0.6669671535491943,,0.0073699951171875
639,,39,0.5896157026290894,,0.0608062744140625
,156,39,,0.29976722598075867,0.2125701904296875
,157,39,,0.4666631817817688,0.0781402587890625
,158,39,,0.36670881509780884,0.0941925048828125
,159,39,,0.2914493680000305,0.27587890625
640,,40,0.575889527797699,,0.0
641,,40,0.5519999265670776,,0.0
642,,40,0.5424048900604248,,3.0517578125e-05
643,,40,0.43424588441848755,,0.0018768310546875
644,,40,0.3572303056716919,,0.5993804931640625
645,,40,0.29345840215682983,,0.378448486328125
646,,40,0.48565539717674255,,0.01556396484375
647,,40,0.43147414922714233,,0.067230224609375
648,,40,0.47995179891586304,,1.52587890625e-05
649,,40,0.3765382170677185,,0.0
650,,40,0.40177059173583984,,0.0
651,,40,0.5356540679931641,,0.0
652,,40,0.39537495374679565,,0.1333160400390625
653,,40,0.38168448209762573,,0.07415771484375
654,,40,0.4318714737892151,,0.0073699951171875
655,,40,0.396536260843277,,0.0608062744140625
,160,40,,0.4064214825630188,0.2125701904296875
,161,40,,0.3898066580295563,0.0781402587890625
,162,40,,0.539830207824707,0.0941925048828125
,163,40,,0.27253997325897217,0.27587890625
656,,41,0.48150554299354553,,0.0
657,,41,0.38304683566093445,,0.0
658,,41,0.48000413179397583,,3.0517578125e-05
659,,41,0.5004681944847107,,0.0018768310546875
660,,41,0.3306373953819275,,0.5993804931640625
661,,41,0.2835080921649933,,0.378448486328125
662,,41,0.5173701643943787,,0.01556396484375
663,,41,0.488395094871521,,0.067230224609375
664,,41,0.46965718269348145,,1.52587890625e-05
665,,41,0.45319488644599915,,0.0
666,,41,0.5739076137542725,,0.0
667,,41,0.6185098886489868,,0.0
668,,41,0.38573431968688965,,0.1333160400390625
669,,41,0.3496849238872528,,0.07415771484375
670,,41,0.5190772414207458,,0.0073699951171875
671,,41,0.35107308626174927,,0.0608062744140625
,164,41,,0.16830551624298096,0.2125701904296875
,165,41,,0.506756603717804,0.0781402587890625
,166,41,,0.2483280450105667,0.0941925048828125
,167,41,,0.20639833807945251,0.27587890625
672,,42,0.6083664298057556,,0.0
673,,42,0.38650718331336975,,0.0
674,,42,0.5701495409011841,,3.0517578125e-05
675,,42,0.5351672768592834,,0.0018768310546875
676,,42,0.35379743576049805,,0.5993804931640625
677,,42,0.31668129563331604,,0.378448486328125
678,,42,0.36885297298431396,,0.01556396484375
679,,42,0.5319260358810425,,0.067230224609375
680,,42,0.5126467347145081,,1.52587890625e-05
681,,42,0.4688885807991028,,0.0
682,,42,0.5900304317474365,,0.0
683,,42,0.6434997320175171,,0.0
684,,42,0.35601291060447693,,0.1333160400390625
685,,42,0.3729073405265808,,0.07415771484375
686,,42,0.5500547885894775,,0.0073699951171875
687,,42,0.4239659905433655,,0.0608062744140625
,168,42,,0.21438956260681152,0.2125701904296875
,169,42,,0.47428879141807556,0.0781402587890625
,170,42,,0.506304919719696,0.0941925048828125
,171,42,,0.20243921875953674,0.27587890625
688,,43,0.5226567387580872,,0.0
689,,43,0.4336376190185547,,0.0
690,,43,0.34857088327407837,,3.0517578125e-05
691,,43,0.6499147415161133,,0.0018768310546875
692,,43,0.3408246636390686,,0.5993804931640625
693,,43,0.29647377133369446,,0.378448486328125
694,,43,0.49485480785369873,,0.01556396484375
695,,43,0.47075724601745605,,0.067230224609375
696,,43,0.6138185858726501,,1.52587890625e-05
697,,43,0.536068856716156,,0.0
698,,43,0.3590202331542969,,0.0
699,,43,0.6360536813735962,,0.0
700,,43,0.47400835156440735,,0.1333160400390625
701,,43,0.3818550705909729,,0.07415771484375
702,,43,0.5763540267944336,,0.0073699951171875
703,,43,0.5716341733932495,,0.0608062744140625
,172,43,,0.3537665009498596,0.2125701904296875
,173,43,,0.41777950525283813,0.0781402587890625
,174,43,,0.36083710193634033,0.0941925048828125
,175,43,,0.26231640577316284,0.27587890625
704,,44,0.600506603717804,,0.0
705,,44,0.45816826820373535,,0.0
706,,44,0.4477369785308838,,3.0517578125e-05
707,,44,0.567365825176239,,0.0018768310546875
708,,44,0.3242238163948059,,0.5993804931640625
709,,44,0.339886873960495,,0.378448486328125
710,,44,0.461811900138855,,0.01556396484375
711,,44,0.37027508020401,,0.067230224609375
712,,44,0.509606122970581,,1.52587890625e-05
713,,44,0.43250608444213867,,0.0
714,,44,0.589809775352478,,0.0
715,,44,0.4455075263977051,,0.0
716,,44,0.3771839439868927,,0.1333160400390625
717,,44,0.42104652523994446,,0.07415771484375
718,,44,0.44108402729034424,,0.0073699951171875
719,,44,0.4146905541419983,,0.0608062744140625
,176,44,,0.39571720361709595,0.2125701904296875
,177,44,,0.5203955769538879,0.0781402587890625
,178,44,,0.4122591018676758,0.0941925048828125
,179,44,,0.2548116445541382,0.27587890625
720,,45,0.6708547472953796,,0.0
721,,45,0.4695742726325989,,0.0
722,,45,0.5087799429893494,,3.0517578125e-05
723,,45,0.5972567796707153,,0.0018768310546875
724,,45,0.36548110842704773,,0.5993804931640625
725,,45,0.300006628036499,,0.378448486328125
726,,45,0.4548783302307129,,0.01556396484375
727,,45,0.5096409916877747,,0.067230224609375
728,,45,0.6591619253158569,,1.52587890625e-05
729,,45,0.43974485993385315,,0.0
730,,45,0.3870979845523834,,0.0
731,,45,0.559036135673523,,0.0
732,,45,0.4489732086658478,,0.1333160400390625
733,,45,0.5125671625137329,,0.07415771484375
734,,45,0.38560113310813904,,0.0073699951171875
735,,45,0.3852061629295349,,0.0608062744140625
,180,45,,0.31172651052474976,0.2125701904296875
,181,45,,0.38259732723236084,0.0781402587890625
,182,45,,0.2717939019203186,0.0941925048828125
,183,45,,0.23060128092765808,0.27587890625
736,,46,0.4691237211227417,,0.0
737,,46,0.4990958273410797,,0.0
738,,46,0.6305748224258423,,3.0517578125e-05
739,,46,0.32301849126815796,,0.0018768310546875
740,,46,0.34354737401008606,,0.5993804931640625
741,,46,0.31371527910232544,,0.378448486328125
742,,46,0.5678753852844238,,0.01556396484375
743,,46,0.33550745248794556,,0.067230224609375
744,,46,0.4932061731815338,,1.52587890625e-05
745,,46,0.4564591944217682,,0.0
746,,46,0.5363858938217163,,0.0
747,,46,0.4761304259300232,,0.0
748,,46,0.38474947214126587,,0.1333160400390625
749,,46,0.4073478579521179,,0.07415771484375
750,,46,0.5009351968765259,,0.0073699951171875
751,,46,0.35846245288848877,,0.0608062744140625
,184,46,,0.262246310710907,0.2125701904296875
,185,46,,0.3758878707885742,0.0781402587890625
,186,46,,0.2864687442779541,0.0941925048828125
,187,46,,0.18525609374046326,0.27587890625
752,,47,0.5872039794921875,,0.0
753,,47,0.4173286259174347,,0.0
754,,47,0.521752119064331,,3.0517578125e-05
755,,47,0.3888742923736572,,0.0018768310546875
756,,47,0.42240846157073975,,0.5993804931640625
757,,47,0.3217305541038513,,0.378448486328125
758,,47,0.47743523120880127,,0.01556396484375
759,,47,0.341624915599823,,0.067230224609375
760,,47,0.5343917608261108,,1.52587890625e-05
761,,47,0.5545728802680969,,0.0
762,,47,0.4877377450466156,,0.0
763,,47,0.4566569924354553,,0.0
764,,47,0.3016592264175415,,0.1333160400390625
765,,47,0.30581989884376526,,0.07415771484375
766,,47,0.577842116355896,,0.0073699951171875
767,,47,0.4433012306690216,,0.0608062744140625
,188,47,,0.25759634375572205,0.2125701904296875
,189,47,,0.5300021171569824,0.0781402587890625
,190,47,,0.3149983286857605,0.0941925048828125
,191,47,,0.20153382420539856,0.27587890625
768,,48,0.5797893404960632,,0.0
769,,48,0.28590360283851624,,0.0
770,,48,0.4912620186805725,,3.0517578125e-05
771,,48,0.4521324932575226,,0.0018768310546875
772,,48,0.37320199608802795,,0.5993804931640625
773,,48,0.30154967308044434,,0.378448486328125
774,,48,0.3957105278968811,,0.01556396484375
775,,48,0.5316821336746216,,0.067230224609375
776,,48,0.47869986295700073,,1.52587890625e-05
777,,48,0.47771045565605164,,0.0
778,,48,0.3534936308860779,,0.0
779,,48,0.46654096245765686,,0.0
780,,48,0.37581706047058105,,0.1333160400390625
781,,48,0.4646722078323364,,0.07415771484375
782,,48,0.4098614454269409,,0.0073699951171875
783,,48,0.49457186460494995,,0.0608062744140625
,192,48,,0.37025004625320435,0.2125701904296875
,193,48,,0.5687741041183472,0.0781402587890625
,194,48,,0.3939458131790161,0.0941925048828125
,195,48,,0.17868486046791077,0.27587890625
784,,49,0.5338408946990967,,0.0
785,,49,0.42859911918640137,,0.0
786,,49,0.49554315209388733,,3.0517578125e-05
787,,49,0.6016123294830322,,0.0018768310546875
788,,49,0.3431706428527832,,0.5993804931640625
789,,49,0.28335845470428467,,0.378448486328125
790,,49,0.5586788654327393,,0.01556396484375
791,,49,0.4977847635746002,,0.067230224609375
792,,49,0.5868790149688721,,1.52587890625e-05
793,,49,0.3794032037258148,,0.0
794,,49,0.36763226985931396,,0.0
795,,49,0.38867199420928955,,0.0
796,,49,0.3941490650177002,,0.1333160400390625
797,,49,0.30977094173431396,,0.07415771484375
798,,49,0.572533369064331,,0.0073699951171875
799,,49,0.5372151136398315,,0.0608062744140625
,196,49,,0.3836805820465088,0.2125701904296875
,197,49,,0.48125678300857544,0.0781402587890625
,198,49,,0.3638571798801422,0.0941925048828125
,199,49,,0.29141315817832947,0.27587890625
800,,50,0.6318352222442627,,0.0
801,,50,0.5946151614189148,,0.0
802,,50,0.5087590217590332,,3.0517578125e-05
803,,50,0.4782778024673462,,0.0018768310546875
804,,50,0.36680594086647034,,0.5993804931640625
805,,50,0.2749250829219818,,0.378448486328125
806,,50,0.5636027455329895,,0.01556396484375
807,,50,0.49656248092651367,,0.067230224609375
808,,50,0.5779961347579956,,1.52587890625e-05
809,,50,0.4799652695655823,,0.0
810,,50,0.477682888507843,,0.0
811,,50,0.47614017128944397,,0.0
812,,50,0.41153228282928467,,0.1333160400390625
813,,50,0.5000382661819458,,0.07415771484375
814,,50,0.6337791681289673,,0.0073699951171875
815,,50,0.32462260127067566,,0.0608062744140625
,200,50,,0.22377747297286987,0.2125701904296875
,201,50,,0.3411872386932373,0.0781402587890625
,202,50,,0.48450273275375366,0.0941925048828125
,203,50,,0.14307862520217896,0.27587890625
816,,51,0.45575806498527527,,0.0
817,,51,0.5384221076965332,,0.0
818,,51,0.5028162002563477,,3.0517578125e-05
819,,51,0.4618898332118988,,0.0018768310546875
820,,51,0.39770767092704773,,0.5993804931640625
821,,51,0.30347728729248047,,0.378448486328125
822,,51,0.44224900007247925,,0.01556396484375
823,,51,0.5747218132019043,,0.067230224609375
824,,51,0.4530463218688965,,1.52587890625e-05
825,,51,0.5537954568862915,,0.0
826,,51,0.49014267325401306,,0.0
827,,51,0.5544878244400024,,0.0
828,,51,0.4744846522808075,,0.1333160400390625
829,,51,0.2983083128929138,,0.07415771484375
830,,51,0.46146339178085327,,0.0073699951171875
831,,51,0.2806520462036133,,0.0608062744140625
,204,51,,0.2709481120109558,0.2125701904296875
,205,51,,0.5158365368843079,0.0781402587890625
,206,51,,0.4525611996650696,0.0941925048828125
,207,51,,0.322033554315567,0.27587890625
832,,52,0.562580406665802,,0.0
833,,52,0.4867108166217804,,0.0
834,,52,0.3927897810935974,,3.0517578125e-05
835,,52,0.5947566032409668,,0.0018768310546875
836,,52,0.45159777998924255,,0.5993804931640625
837,,52,0.361316978931427,,0.378448486328125
838,,52,0.5105553865432739,,0.01556396484375
839,,52,0.5015555620193481,,0.067230224609375
840,,52,0.3789008855819702,,1.52587890625e-05
841,,52,0.5153678059577942,,0.0
842,,52,0.41863858699798584,,0.0
843,,52,0.5413608551025391,,0.0
844,,52,0.3496175706386566,,0.1333160400390625
845,,52,0.5132975578308105,,0.07415771484375
846,,52,0.531749427318573,,0.0073699951171875
847,,52,0.3568751811981201,,0.0608062744140625
,208,52,,0.170384481549263,0.2125701904296875
,209,52,,0.3786577582359314,0.0781402587890625
,210,52,,0.4729141592979431,0.0941925048828125
,211,52,,0.25156691670417786,0.27587890625
848,,53,0.44428884983062744,,0.0
849,,53,0.4487263560295105,,0.0
850,,53,0.46590888500213623,,3.0517578125e-05
851,,53,0.5072594881057739,,0.0018768310546875
852,,53,0.37954002618789673,,0.5993804931640625
853,,53,0.3147135078907013,,0.378448486328125
854,,53,0.43948179483413696,,0.01556396484375
855,,53,0.4961583614349365,,0.067230224609375
856,,53,0.43192994594573975,,1.52587890625e-05
857,,53,0.4464750289916992,,0.0
858,,53,0.5047757625579834,,0.0
859,,53,0.42449235916137695,,0.0
860,,53,0.4060560464859009,,0.1333160400390625
861,,53,0.4656105637550354,,0.07415771484375
862,,53,0.5729216933250427,,0.0073699951171875
863,,53,0.4728708863258362,,0.0608062744140625
,212,53,,0.2421369105577469,0.2125701904296875
,213,53,,0.31725138425827026,0.0781402587890625
,214,53,,0.43936824798583984,0.0941925048828125
,215,53,,0.1451299786567688,0.27587890625
864,,54,0.5259888172149658,,0.0
865,,54,0.46245336532592773,,0.0
866,,54,0.5151072144508362,,3.0517578125e-05
867,,54,0.44994086027145386,,0.0018768310546875
868,,54,0.41323959827423096,,0.5993804931640625
869,,54,0.2846871614456177,,0.378448486328125
870,,54,0.559653639793396,,0.01556396484375
871,,54,0.5069580674171448,,0.067230224609375
872,,54,0.6493580341339111,,1.52587890625e-05
873,,54,0.6048703193664551,,0.0
874,,54,0.5097306370735168,,0.0
875,,54,0.5004802942276001,,0.0
876,,54,0.3597215414047241,,0.1333160400390625
877,,54,0.36096030473709106,,0.07415771484375
878,,54,0.6028497815132141,,0.0073699951171875
879,,54,0.4279251992702484,,0.0608062744140625
,216,54,,0.3330919146537781,0.2125701904296875
,217,54,,0.4581635594367981,0.0781402587890625
,218,54,,0.4331679344177246,0.0941925048828125
,219,54,,0.353190541267395,0.27587890625
880,,55,0.5489190816879272,,0.0
881,,55,0.5319679975509644,,0.0
882,,55,0.4713602662086487,,3.0517578125e-05
883,,55,0.42961645126342773,,0.0018768310546875
884,,55,0.3125145137310028,,0.5993804931640625
885,,55,0.2932392656803131,,0.378448486328125
886,,55,0.5007413625717163,,0.01556396484375
887,,55,0.4828242361545563,,0.067230224609375
888,,55,0.584102988243103,,1.52587890625e-05
889,,55,0.5226302742958069,,0.0
890,,55,0.6313582062721252,,0.0
891,,55,0.5652011036872864,,0.0
892,,55,0.3388231694698334,,0.1333160400390625
893,,55,0.32341474294662476,,0.07415771484375
894,,55,0.5473144054412842,,0.0073699951171875
895,,55,0.3703327178955078,,0.0608062744140625
,220,55,,0.3065885901451111,0.2125701904296875
,221,55,,0.3410935401916504,0.0781402587890625
,222,55,,0.33631420135498047,0.0941925048828125
,223,55,,0.21821169555187225,0.27587890625
896,,56,0.4160708785057068,,0.0
897,,56,0.49002084136009216,,0.0
898,,56,0.4935752749443054,,3.0517578125e-05
899,,56,0.6211453080177307,,0.0018768310546875
900,,56,0.3580276072025299,,0.5993804931640625
901,,56,0.3058018982410431,,0.378448486328125
902,,56,0.4224012494087219,,0.01556396484375
903,,56,0.3920872211456299,,0.067230224609375
904,,56,0.4193406105041504,,1.52587890625e-05
905,,56,0.46683359146118164,,0.0
906,,56,0.597206175327301,,0.0
907,,56,0.524652361869812,,0.0
908,,56,0.3357034921646118,,0.1333160400390625
909,,56,0.4884636104106903,,0.07415771484375
910,,56,0.4647728204727173,,0.0073699951171875
911,,56,0.5492309331893921,,0.0608062744140625
,224,56,,0.19568419456481934,0.2125701904296875
,225,56,,0.3441269099712372,0.0781402587890625
,226,56,,0.35568177700042725,0.0941925048828125
,227,56,,0.27996236085891724,0.27587890625
912,,57,0.6075310111045837,,0.0
913,,57,0.4725847542285919,,0.0
914,,57,0.4682096242904663,,3.0517578125e-05
915,,57,0.5974899530410767,,0.0018768310546875
916,,57,0.39117923378944397,,0.5993804931640625
917,,57,0.317554235458374,,0.378448486328125
918,,57,0.5806736946105957,,0.01556396484375
919,,57,0.4184685945510864,,0.067230224609375
920,,57,0.491133451461792,,1.52587890625e-05
921,,57,0.43417924642562866,,0.0
922,,57,0.4158381521701813,,0.0
923,,57,0.4311227798461914,,0.0
924,,57,0.2735207974910736,,0.1333160400390625
925,,57,0.3831489086151123,,0.07415771484375
926,,57,0.6445873975753784,,0.0073699951171875
927,,57,0.5531303882598877,,0.0608062744140625
,228,57,,0.2886733412742615,0.2125701904296875
,229,57,,0.5324161052703857,0.0781402587890625
,230,57,,0.44760870933532715,0.0941925048828125
,231,57,,0.18630027770996094,0.27587890625
928,,58,0.47690415382385254,,0.0
929,,58,0.41602426767349243,,0.0
930,,58,0.5617679953575134,,3.0517578125e-05
931,,58,0.5624105334281921,,0.0018768310546875
932,,58,0.4084858000278473,,0.5993804931640625
933,,58,0.3366444706916809,,0.378448486328125
934,,58,0.4605599641799927,,0.01556396484375
935,,58,0.3883582055568695,,0.067230224609375
936,,58,0.5519436597824097,,1.52587890625e-05
937,,58,0.5949794054031372,,0.0
938,,58,0.5990305542945862,,0.0
939,,58,0.4324024021625519,,0.0
940,,58,0.2967284917831421,,0.1333160400390625
941,,58,0.29819419980049133,,0.07415771484375
942,,58,0.4861692190170288,,0.0073699951171875
943,,58,0.46188995242118835,,0.0608062744140625
,232,58,,0.32212716341018677,0.2125701904296875
,233,58,,0.515036940574646,0.0781402587890625
,234,58,,0.40101855993270874,0.0941925048828125
,235,58,,0.13554267585277557,0.27587890625
944,,59,0.4480537176132202,,0.0
945,,59,0.6071492433547974,,0.0
946,,59,0.5891271829605103,,3.0517578125e-05
947,,59,0.5882065892219543,,0.0018768310546875
948,,59,0.3296586573123932,,0.5993804931640625
949,,59,0.3227144479751587,,0.378448486328125
950,,59,0.450594961643219,,0.01556396484375
951,,59,0.4201054573059082,,0.067230224609375
952,,59,0.39259687066078186,,1.52587890625e-05
953,,59,0.6138690114021301,,0.0
954,,59,0.4661294221878052,,0.0
955,,59,0.5009787082672119,,0.0
956,,59,0.48583921790122986,,0.1333160400390625
957,,59,0.31468722224235535,,0.07415771484375
958,,59,0.5492469668388367,,0.0073699951171875
959,,59,0.3975907266139984,,0.0608062744140625
,236,59,,0.28820472955703735,0.2125701904296875
,237,59,,0.46350789070129395,0.0781402587890625
,238,59,,0.4288765490055084,0.0941925048828125
,239,59,,0.18956181406974792,0.27587890625
960,,60,0.5011178255081177,,0.0
961,,60,0.4274626076221466,,0.0
962,,60,0.530484676361084,,3.0517578125e-05
963,,60,0.611926794052124,,0.0018768310546875
964,,60,0.35968101024627686,,0.5993804931640625
965,,60,0.3356991708278656,,0.378448486328125
966,,60,0.35800009965896606,,0.01556396484375
967,,60,0.4193035662174225,,0.067230224609375
968,,60,0.5664951801300049,,1.52587890625e-05
969,,60,0.6824814081192017,,0.0
970,,60,0.6240676045417786,,0.0
971,,60,0.4625970721244812,,0.0
972,,60,0.3806263208389282,,0.1333160400390625
973,,60,0.4991840124130249,,0.07415771484375
974,,60,0.5046942830085754,,0.0073699951171875
975,,60,0.33793142437934875,,0.0608062744140625
,240,60,,0.3094414472579956,0.2125701904296875
,241,60,,0.41576719284057617,0.0781402587890625
,242,60,,0.4055279493331909,0.0941925048828125
,243,60,,0.2025432586669922,0.27587890625
976,,61,0.44989949464797974,,0.0
977,,61,0.5068771839141846,,0.0
978,,61,0.4243980646133423,,3.0517578125e-05
979,,61,0.5986167192459106,,0.0018768310546875
980,,61,0.32148873805999756,,0.5993804931640625
981,,61,0.30832433700561523,,0.378448486328125
982,,61,0.5093892812728882,,0.01556396484375
983,,61,0.5406479835510254,,0.067230224609375
984,,61,0.46422839164733887,,1.52587890625e-05
985,,61,0.5817340016365051,,0.0
986,,61,0.408415824174881,,0.0
987,,61,0.521626889705658,,0.0
988,,61,0.35769593715667725,,0.1333160400390625
989,,61,0.4084090292453766,,0.07415771484375
990,,61,0.5181931257247925,,0.0073699951171875
991,,61,0.5944759845733643,,0.0608062744140625
,244,61,,0.2301177978515625,0.2125701904296875
,245,61,,0.37101680040359497,0.0781402587890625
,246,61,,0.40524017810821533,0.0941925048828125
,247,61,,0.265799880027771,0.27587890625
992,,62,0.5663959980010986,,0.0
993,,62,0.6030652523040771,,0.0
994,,62,0.4690028727054596,,3.0517578125e-05
995,,62,0.5672799944877625,,0.0018768310546875
996,,62,0.36238911747932434,,0.5993804931640625
997,,62,0.30531489849090576,,0.378448486328125
998,,62,0.48250168561935425,,0.01556396484375
999,,62,0.30593591928482056,,0.067230224609375
1000,,62,0.46112486720085144,,1.52587890625e-05
1001,,62,0.6993712782859802,,0.0
1002,,62,0.4875947833061218,,0.0
1003,,62,0.4289482533931732,,0.0
1004,,62,0.33963465690612793,,0.1333160400390625
1005,,62,0.3078697621822357,,0.07415771484375
1006,,62,0.7337300181388855,,0.0073699951171875
1007,,62,0.4284496605396271,,0.0608062744140625
,248,62,,0.27042126655578613,0.2125701904296875
,249,62,,0.42190903425216675,0.0781402587890625
,250,62,,0.36193329095840454,0.0941925048828125
,251,62,,0.2428891658782959,0.27587890625
1008,,63,0.38798120617866516,,0.0
1009,,63,0.44460350275039673,,0.0
1010,,63,0.47340303659439087,,3.0517578125e-05
1011,,63,0.43544042110443115,,0.0018768310546875
1012,,63,0.3222074508666992,,0.5993804931640625
1013,,63,0.30982738733291626,,0.378448486328125
1014,,63,0.38236457109451294,,0.01556396484375
1015,,63,0.4224129617214203,,0.067230224609375
1016,,63,0.5442919731140137,,1.52587890625e-05
1017,,63,0.4578372836112976,,0.0
1018,,63,0.514174222946167,,0.0
1019,,63,0.6072089672088623,,0.0
1020,,63,0.4163132905960083,,0.1333160400390625
1021,,63,0.4573502540588379,,0.07415771484375
1022,,63,0.5651136040687561,,0.0073699951171875
1023,,63,0.5109167695045471,,0.0608062744140625
,252,63,,0.2721407413482666,0.2125701904296875
,253,63,,0.43941909074783325,0.0781402587890625
,254,63,,0.4038366377353668,0.0941925048828125
,255,63,,0.19482925534248352,0.27587890625
1024,,64,0.4315149784088135,,0.0
1025,,64,0.6069585084915161,,0.0
1026,,64,0.49179089069366455,,3.0517578125e-05
1027,,64,0.6392670273780823,,0.0018768310546875
1028,,64,0.33413225412368774,,0.5993804931640625
1029,,64,0.31237706542015076,,0.378448486328125
1030,,64,0.36680448055267334,,0.01556396484375
1031,,64,0.48260045051574707,,0.067230224609375
1032,,64,0.5181106328964233,,1.52587890625e-05
1033,,64,0.5605978965759277,,0.0
1034,,64,0.5385743975639343,,0.0
1035,,64,0.46424412727355957,,0.0
1036,,64,0.34057462215423584,,0.1333160400390625
1037,,64,0.45099806785583496,,0.07415771484375
1038,,64,0.5241174697875977,,0.0073699951171875
1039,,64,0.38833147287368774,,0.0608062744140625
,256,64,,0.28012728691101074,0.2125701904296875
,257,64,,0.3227388262748718,0.0781402587890625
,258,64,,0.35842251777648926,0.0941925048828125
,259,64,,0.33959585428237915,0.27587890625
1040,,65,0.5986976027488708,,0.0
1041,,65,0.6023091077804565,,0.0
1042,,65,0.4793781340122223,,3.0517578125e-05
1043,,65,0.6768773794174194,,0.0018768310546875
1044,,65,0.33248987793922424,,0.5993804931640625
1045,,65,0.2876640558242798,,0.378448486328125
1046,,65,0.5330967903137207,,0.01556396484375
1047,,65,0.49157264828681946,,0.067230224609375
1048,,65,0.5306622982025146,,1.52587890625e-05
1049,,65,0.5424510836601257,,0.0
1050,,65,0.6161750555038452,,0.0
1051,,65,0.48569002747535706,,0.0
1052,,65,0.45945703983306885,,0.1333160400390625
1053,,65,0.33555108308792114,,0.07415771484375
1054,,65,0.5346498489379883,,0.0073699951171875
1055,,65,0.5012692809104919,,0.0608062744140625
,260,65,,0.17475835978984833,0.2125701904296875
,261,65,,0.5104881525039673,0.0781402587890625
,262,65,,0.3343111276626587,0.0941925048828125
,263,65,,0.28932881355285645,0.27587890625
1056,,66,0.5785987377166748,,0.0
1057,,66,0.6593398451805115,,0.0
1058,,66,0.46265414357185364,,3.0517578125e-05
1059,,66,0.4834012985229492,,0.0018768310546875
1060,,66,0.3559855818748474,,0.5993804931640625
1061,,66,0.3282291889190674,,0.378448486328125
1062,,66,0.4189016819000244,,0.01556396484375
1063,,66,0.390605628490448,,0.067230224609375
1064,,66,0.4973265826702118,,1.52587890625e-05
1065,,66,0.662796139717102,,0.0
1066,,66,0.4792415499687195,,0.0
1067,,66,0.4255923330783844,,0.0
1068,,66,0.42514342069625854,,0.1333160400390625
1069,,66,0.3682566285133362,,0.07415771484375
1070,,66,0.5443459153175354,,0.0073699951171875
1071,,66,0.531723141670227,,0.0608062744140625
,264,66,,0.24972321093082428,0.2125701904296875
,265,66,,0.4413717985153198,0.0781402587890625
,266,66,,0.2709803581237793,0.0941925048828125
,267,66,,0.24383078515529633,0.27587890625
1072,,67,0.5384190082550049,,0.0
1073,,67,0.4856429100036621,,0.0
1074,,67,0.4065641164779663,,3.0517578125e-05
1075,,67,0.4562087059020996,,0.0018768310546875
1076,,67,0.38123437762260437,,0.5993804931640625
1077,,67,0.34127354621887207,,0.378448486328125
1078,,67,0.39082688093185425,,0.01556396484375
1079,,67,0.5861247181892395,,0.067230224609375
1080,,67,0.3943866491317749,,1.52587890625e-05
1081,,67,0.5677919983863831,,0.0
1082,,67,0.44978708028793335,,0.0
1083,,67,0.41700395941734314,,0.0
1084,,67,0.3724786043167114,,0.1333160400390625
1085,,67,0.5237900018692017,,0.07415771484375
1086,,67,0.5576397776603699,,0.0073699951171875
1087,,67,0.39381909370422363,,0.0608062744140625
,268,67,,0.2295551747083664,0.2125701904296875
,269,67,,0.39676472544670105,0.0781402587890625
,270,67,,0.4501135051250458,0.0941925048828125
,271,67,,0.21599894762039185,0.27587890625
1088,,68,0.38922780752182007,,0.0
1089,,68,0.41470101475715637,,0.0
1090,,68,0.4218519926071167,,3.0517578125e-05
1091,,68,0.5660301446914673,,0.0018768310546875
1092,,68,0.32995691895484924,,0.5993804931640625
1093,,68,0.324737548828125,,0.378448486328125
1094,,68,0.5742087364196777,,0.01556396484375
1095,,68,0.496573805809021,,0.067230224609375
1096,,68,0.6161390542984009,,1.52587890625e-05
1097,,68,0.43501365184783936,,0.0
1098,,68,0.38311707973480225,,0.0
1099,,68,0.3918846547603607,,0.0
1100,,68,0.32813411951065063,,0.1333160400390625
1101,,68,0.4245021939277649,,0.07415771484375
1102,,68,0.6451780796051025,,0.0073699951171875
1103,,68,0.4424325227737427,,0.0608062744140625
,272,68,,0.279374361038208,0.2125701904296875
,273,68,,0.4633588492870331,0.0781402587890625
,274,68,,0.42293286323547363,0.0941925048828125
,275,68,,0.24863357841968536,0.27587890625
1104,,69,0.38490402698516846,,0.0
1105,,69,0.4914388656616211,,0.0
1106,,69,0.6623754501342773,,3.0517578125e-05
1107,,69,0.4550418257713318,,0.0018768310546875
1108,,69,0.3730123043060303,,0.5993804931640625
1109,,69,0.27612823247909546,,0.378448486328125
1110,,69,0.45020782947540283,,0.01556396484375
1111,,69,0.45135706663131714,,0.067230224609375
1112,,69,0.4564558267593384,,1.52587890625e-05
1113,,69,0.6367473602294922,,0.0
1114,,69,0.5234151482582092,,0.0
1115,,69,0.5207436084747314,,0.0
1116,,69,0.45114195346832275,,0.1333160400390625
1117,,69,0.4281426668167114,,0.07415771484375
1118,,69,0.5377663969993591,,0.0073699951171875
1119,,69,0.4691047668457031,,0.0608062744140625
,276,69,,0.3110032081604004,0.2125701904296875
,277,69,,0.38810139894485474,0.0781402587890625
,278,69,,0.43362221121788025,0.0941925048828125
,279,69,,0.2507159113883972,0.27587890625
1120,,70,0.4984496533870697,,0.0
1121,,70,0.3534868359565735,,0.0
1122,,70,0.6204403638839722,,3.0517578125e-05
1123,,70,0.41343551874160767,,0.0018768310546875
1124,,70,0.36194291710853577,,0.5993804931640625
1125,,70,0.35658591985702515,,0.378448486328125
1126,,70,0.36152511835098267,,0.01556396484375
1127,,70,0.3925044536590576,,0.067230224609375
1128,,70,0.5089305639266968,,1.52587890625e-05
1129,,70,0.43809783458709717,,0.0
1130,,70,0.4703781008720398,,0.0
1131,,70,0.543276846408844,,0.0
1132,,70,0.349820077419281,,0.1333160400390625
1133,,70,0.4036327600479126,,0.07415771484375
1134,,70,0.5295910239219666,,0.0073699951171875
1135,,70,0.40176069736480713,,0.0608062744140625
,280,70,,0.26958417892456055,0.2125701904296875
,281,70,,0.4713168442249298,0.0781402587890625
,282,70,,0.4251120388507843,0.0941925048828125
,283,70,,0.16511866450309753,0.27587890625
1136,,71,0.4717448949813843,,0.0
1137,,71,0.5390379428863525,,0.0
1138,,71,0.48788484930992126,,3.0517578125e-05
1139,,71,0.5171866416931152,,0.0018768310546875
1140,,71,0.34287554025650024,,0.5993804931640625
1141,,71,0.32551535964012146,,0.378448486328125
1142,,71,0.5101869106292725,,0.01556396484375
1143,,71,0.4175417721271515,,0.067230224609375
1144,,71,0.5292772054672241,,1.52587890625e-05
1145,,71,0.5518150329589844,,0.0
1146,,71,0.6198989152908325,,0.0
1147,,71,0.5850328207015991,,0.0
1148,,71,0.3086950480937958,,0.1333160400390625
1149,,71,0.4382783770561218,,0.07415771484375
1150,,71,0.5879827737808228,,0.0073699951171875
1151,,71,0.49024784564971924,,0.0608062744140625
,284,71,,0.28286272287368774,0.2125701904296875
,285,71,,0.32373347878456116,0.0781402587890625
,286,71,,0.43877819180488586,0.0941925048828125
,287,71,,0.3757047653198242,0.27587890625
1152,,72,0.6202447414398193,,0.0
1153,,72,0.44407692551612854,,0.0
1154,,72,0.5766004323959351,,3.0517578125e-05
1155,,72,0.3528200387954712,,0.0018768310546875
1156,,72,0.34814614057540894,,0.5993804931640625
1157,,72,0.39014899730682373,,0.378448486328125
1158,,72,0.46103721857070923,,0.01556396484375
1159,,72,0.32624250650405884,,0.067230224609375
1160,,72,0.5305799841880798,,1.52587890625e-05
1161,,72,0.45765072107315063,,0.0
1162,,72,0.4938772916793823,,0.0
1163,,72,0.4963127374649048,,0.0
1164,,72,0.2725756764411926,,0.1333160400390625
1165,,72,0.5280827283859253,,0.07415771484375
1166,,72,0.43827974796295166,,0.0073699951171875
1167,,72,0.4552343487739563,,0.0608062744140625
,288,72,,0.2498301863670349,0.2125701904296875
,289,72,,0.3687124252319336,0.0781402587890625
,290,72,,0.5161325931549072,0.0941925048828125
,291,72,,0.25591760873794556,0.27587890625
1168,,73,0.5529993176460266,,0.0
1169,,73,0.39650964736938477,,0.0
1170,,73,0.5234448909759521,,3.0517578125e-05
1171,,73,0.4717049300670624,,0.0018768310546875
1172,,73,0.3455125093460083,,0.5993804931640625
1173,,73,0.34990763664245605,,0.378448486328125
1174,,73,0.4844869375228882,,0.01556396484375
1175,,73,0.4929496645927429,,0.067230224609375
1176,,73,0.46321412920951843,,1.52587890625e-05
1177,,73,0.4807785153388977,,0.0
1178,,73,0.4216294586658478,,0.0
1179,,73,0.42434000968933105,,0.0
1180,,73,0.38516613841056824,,0.1333160400390625
1181,,73,0.39192572236061096,,0.07415771484375
1182,,73,0.49036192893981934,,0.0073699951171875
1183,,73,0.4668944180011749,,0.0608062744140625
,292,73,,0.3895142674446106,0.2125701904296875
,293,73,,0.44518396258354187,0.0781402587890625
,294,73,,0.43523138761520386,0.0941925048828125
,295,73,,0.09796678274869919,0.27587890625
1184,,74,0.5833110213279724,,0.0
1185,,74,0.447426438331604,,0.0
1186,,74,0.6686646342277527,,3.0517578125e-05
1187,,74,0.3088254928588867,,0.0018768310546875
1188,,74,0.3704977035522461,,0.5993804931640625
1189,,74,0.36405524611473083,,0.378448486328125
1190,,74,0.4709375500679016,,0.01556396484375
1191,,74,0.4334612488746643,,0.067230224609375
1192,,74,0.5251507759094238,,1.52587890625e-05
1193,,74,0.49406132102012634,,0.0
1194,,74,0.6644502878189087,,0.0
1195,,74,0.6190499067306519,,0.0
1196,,74,0.317827045917511,,0.1333160400390625
1197,,74,0.45997393131256104,,0.07415771484375
1198,,74,0.5483105182647705,,0.0073699951171875
1199,,74,0.40699663758277893,,0.0608062744140625
,296,74,,0.28814029693603516,0.2125701904296875
,297,74,,0.4633655250072479,0.0781402587890625
,298,74,,0.2758934199810028,0.0941925048828125
,299,74,,0.18129730224609375,0.27587890625
1200,,75,0.5933284759521484,,0.0
1201,,75,0.4262073338031769,,0.0
1202,,75,0.6072395443916321,,3.0517578125e-05
1203,,75,0.6017653942108154,,0.0018768310546875
1204,,75,0.4008956551551819,,0.5993804931640625
1205,,75,0.3443666994571686,,0.378448486328125
1206,,75,0.37467023730278015,,0.01556396484375
1207,,75,0.47168707847595215,,0.067230224609375
1208,,75,0.43607938289642334,,1.52587890625e-05
1209,,75,0.4892458915710449,,0.0
1210,,75,0.38145360350608826,,0.0
1211,,75,0.484836220741272,,0.0
1212,,75,0.3196974992752075,,0.1333160400390625
1213,,75,0.4177454710006714,,0.07415771484375
1214,,75,0.41339367628097534,,0.0073699951171875
1215,,75,0.5242487192153931,,0.0608062744140625
,300,75,,0.27369678020477295,0.2125701904296875
,301,75,,0.4292164742946625,0.0781402587890625
,302,75,,0.4368149936199188,0.0941925048828125
,303,75,,0.18796341121196747,0.27587890625
1216,,76,0.381986141204834,,0.0
1217,,76,0.38203614950180054,,0.0
1218,,76,0.6233913898468018,,3.0517578125e-05
1219,,76,0.5104289650917053,,0.0018768310546875
1220,,76,0.35005509853363037,,0.5993804931640625
1221,,76,0.39157018065452576,,0.378448486328125
1222,,76,0.42582881450653076,,0.01556396484375
1223,,76,0.4064171612262726,,0.067230224609375
1224,,76,0.5112812519073486,,1.52587890625e-05
1225,,76,0.5886980891227722,,0.0
1226,,76,0.4401918053627014,,0.0
1227,,76,0.42492344975471497,,0.0
1228,,76,0.3381994068622589,,0.1333160400390625
1229,,76,0.41161108016967773,,0.07415771484375
1230,,76,0.3379492163658142,,0.0073699951171875
1231,,76,0.4187051057815552,,0.0608062744140625
,304,76,,0.19197271764278412,0.2125701904296875
,305,76,,0.443540096282959,0.0781402587890625
,306,76,,0.38994479179382324,0.0941925048828125
,307,76,,0.16988250613212585,0.27587890625
1232,,77,0.43796420097351074,,0.0
1233,,77,0.5589168071746826,,0.0
1234,,77,0.4272952079772949,,3.0517578125e-05
1235,,77,0.44913944602012634,,0.0018768310546875
1236,,77,0.4003123342990875,,0.5993804931640625
1237,,77,0.31944459676742554,,0.378448486328125
1238,,77,0.45741331577301025,,0.01556396484375
1239,,77,0.2740744352340698,,0.067230224609375
1240,,77,0.3777185082435608,,1.52587890625e-05
1241,,77,0.5026441812515259,,0.0
1242,,77,0.4307463467121124,,0.0
1243,,77,0.4564597010612488,,0.0
1244,,77,0.34134742617607117,,0.1333160400390625
1245,,77,0.44963937997817993,,0.07415771484375
1246,,77,0.49389734864234924,,0.0073699951171875
1247,,77,0.38401585817337036,,0.0608062744140625
,308,77,,0.30457109212875366,0.2125701904296875
,309,77,,0.41920116543769836,0.0781402587890625
,310,77,,0.4546588063240051,0.0941925048828125
,311,77,,0.27775445580482483,0.27587890625
1248,,78,0.4466233253479004,,0.0
1249,,78,0.37861740589141846,,0.0
1250,,78,0.6005511283874512,,3.0517578125e-05
1251,,78,0.45671701431274414,,0.0018768310546875
1252,,78,0.3624120354652405,,0.5993804931640625
1253,,78,0.31782448291778564,,0.378448486328125
1254,,78,0.572232723236084,,0.01556396484375
1255,,78,0.34864699840545654,,0.067230224609375
1256,,78,0.524122953414917,,1.52587890625e-05
1257,,78,0.47904345393180847,,0.0
1258,,78,0.45981037616729736,,0.0
1259,,78,0.5622520446777344,,0.0
1260,,78,0.4090889096260071,,0.1333160400390625
1261,,78,0.4758889973163605,,0.07415771484375
1262,,78,0.3397202491760254,,0.0073699951171875
1263,,78,0.49769651889801025,,0.0608062744140625
,312,78,,0.29690179228782654,0.2125701904296875
,313,78,,0.3560216426849365,0.0781402587890625
,314,78,,0.3410634994506836,0.0941925048828125
,315,78,,0.29355287551879883,0.27587890625
1264,,79,0.5956244468688965,,0.0
1265,,79,0.59433913230896,,0.0
1266,,79,0.5521960258483887,,3.0517578125e-05
1267,,79,0.5547258853912354,,0.0018768310546875
1268,,79,0.3511626720428467,,0.5993804931640625
1269,,79,0.3191540837287903,,0.378448486328125
1270,,79,0.5033268928527832,,0.01556396484375
1271,,79,0.4846935570240021,,0.067230224609375
1272,,79,0.6570106744766235,,1.52587890625e-05
1273,,79,0.4205605387687683,,0.0
1274,,79,0.4273790121078491,,0.0
1275,,79,0.45217379927635193,,0.0
1276,,79,0.36749887466430664,,0.1333160400390625
1277,,79,0.36263570189476013,,0.07415771484375
1278,,79,0.37575918436050415,,0.0073699951171875
1279,,79,0.3901721239089966,,0.0608062744140625
,316,79,,0.3771060109138489,0.2125701904296875
,317,79,,0.5168631076812744,0.0781402587890625
,318,79,,0.43484988808631897,0.0941925048828125
,319,79,,0.09669145941734314,0.27587890625
1280,,80,0.6091897487640381,,0.0
1281,,80,0.42026466131210327,,0.0
1282,,80,0.48736387491226196,,3.0517578125e-05
1283,,80,0.3696674108505249,,0.0018768310546875
1284,,80,0.3868825137615204,,0.5993804931640625
1285,,80,0.3043844401836395,,0.378448486328125
1286,,80,0.580754816532135,,0.01556396484375
1287,,80,0.4200158715248108,,0.067230224609375
1288,,80,0.5939042568206787,,1.52587890625e-05
1289,,80,0.5155355930328369,,0.0
1290,,80,0.5972415804862976,,0.0
1291,,80,0.5564221143722534,,0.0
1292,,80,0.4010203182697296,,0.1333160400390625
1293,,80,0.3567728102207184,,0.07415771484375
1294,,80,0.393329918384552,,0.0073699951171875
1295,,80,0.4709295630455017,,0.0608062744140625
,320,80,,0.3729060888290405,0.2125701904296875
,321,80,,0.4491138160228729,0.0781402587890625
,322,80,,0.31961655616760254,0.0941925048828125
,323,80,,0.2404775768518448,0.27587890625
1296,,81,0.5862756371498108,,0.0
1297,,81,0.5751998424530029,,0.0
1298,,81,0.6989583969116211,,3.0517578125e-05
1299,,81,0.6346972584724426,,0.0018768310546875
1300,,81,0.34162646532058716,,0.5993804931640625
1301,,81,0.39327511191368103,,0.378448486328125
1302,,81,0.5500843524932861,,0.01556396484375
1303,,81,0.3539206385612488,,0.067230224609375
1304,,81,0.4119716286659241,,1.52587890625e-05
1305,,81,0.43697822093963623,,0.0
1306,,81,0.5682616233825684,,0.0
1307,,81,0.31909701228141785,,0.0
1308,,81,0.35331374406814575,,0.1333160400390625
1309,,81,0.48754429817199707,,0.07415771484375
1310,,81,0.4329698085784912,,0.0073699951171875
1311,,81,0.4590374231338501,,0.0608062744140625
,324,81,,0.2697828412055969,0.2125701904296875
,325,81,,0.40737029910087585,0.0781402587890625
,326,81,,0.43645524978637695,0.0941925048828125
,327,81,,0.26714175939559937,0.27587890625
1312,,82,0.6121838092803955,,0.0
1313,,82,0.42442575097084045,,0.0
1314,,82,0.5386762619018555,,3.0517578125e-05
1315,,82,0.5264697074890137,,0.0018768310546875
1316,,82,0.3406611680984497,,0.5993804931640625
1317,,82,0.28042927384376526,,0.378448486328125
1318,,82,0.5411248207092285,,0.01556396484375
1319,,82,0.3512123227119446,,0.067230224609375
1320,,82,0.5032013654708862,,1.52587890625e-05
1321,,82,0.47809237241744995,,0.0
1322,,82,0.47398343682289124,,0.0
1323,,82,0.6476742029190063,,0.0
1324,,82,0.3935253918170929,,0.1333160400390625
1325,,82,0.3484452962875366,,0.07415771484375
1326,,82,0.6972233653068542,,0.0073699951171875
1327,,82,0.49446481466293335,,0.0608062744140625
,328,82,,0.2644692063331604,0.2125701904296875
,329,82,,0.3235166072845459,0.0781402587890625
,330,82,,0.3966520428657532,0.0941925048828125
,331,82,,0.310202032327652,0.27587890625
1328,,83,0.6047276854515076,,0.0
1329,,83,0.48902714252471924,,0.0
1330,,83,0.5080223679542542,,3.0517578125e-05
1331,,83,0.41138023138046265,,0.0018768310546875
1332,,83,0.38835638761520386,,0.5993804931640625
1333,,83,0.34178149700164795,,0.378448486328125
1334,,83,0.3536060154438019,,0.01556396484375
1335,,83,0.3614562153816223,,0.067230224609375
1336,,83,0.5961090922355652,,1.52587890625e-05
1337,,83,0.46927058696746826,,0.0
1338,,83,0.45344552397727966,,0.0
1339,,83,0.5850086212158203,,0.0
1340,,83,0.2982944846153259,,0.1333160400390625
1341,,83,0.5087037086486816,,0.07415771484375
1342,,83,0.42964762449264526,,0.0073699951171875
1343,,83,0.40699708461761475,,0.0608062744140625
,332,83,,0.4303182363510132,0.2125701904296875
,333,83,,0.3492414057254791,0.0781402587890625
,334,83,,0.4473568797111511,0.0941925048828125
,335,83,,0.29666945338249207,0.27587890625
1344,,84,0.47638243436813354,,0.0
1345,,84,0.3404971659183502,,0.0
1346,,84,0.5179110169410706,,3.0517578125e-05
1347,,84,0.46556946635246277,,0.0018768310546875
1348,,84,0.4243583083152771,,0.5993804931640625
1349,,84,0.2920842170715332,,0.378448486328125
1350,,84,0.6282422542572021,,0.01556396484375
1351,,84,0.5941412448883057,,0.067230224609375
1352,,84,0.45667505264282227,,1.52587890625e-05
1353,,84,0.45692774653434753,,0.0
1354,,84,0.49759119749069214,,0.0
1355,,84,0.39584243297576904,,0.0
1356,,84,0.4742554724216461,,0.1333160400390625
1357,,84,0.3726542592048645,,0.07415771484375
1358,,84,0.5423362255096436,,0.0073699951171875
1359,,84,0.40594273805618286,,0.0608062744140625
,336,84,,0.2536124289035797,0.2125701904296875
,337,84,,0.5060169696807861,0.0781402587890625
,338,84,,0.4736771583557129,0.0941925048828125
,339,84,,0.30140596628189087,0.27587890625
1360,,85,0.46186161041259766,,0.0
1361,,85,0.4800589680671692,,0.0
1362,,85,0.5958369970321655,,3.0517578125e-05
1363,,85,0.5550224781036377,,0.0018768310546875
1364,,85,0.4208802580833435,,0.5993804931640625
1365,,85,0.3444598317146301,,0.378448486328125
1366,,85,0.49175530672073364,,0.01556396484375
1367,,85,0.5706741213798523,,0.067230224609375
1368,,85,0.5068735480308533,,1.52587890625e-05
1369,,85,0.5179022550582886,,0.0
1370,,85,0.6300534009933472,,0.0
1371,,85,0.4699975848197937,,0.0
1372,,85,0.4204810857772827,,0.1333160400390625
1373,,85,0.44940483570098877,,0.07415771484375
1374,,85,0.6301833391189575,,0.0073699951171875
1375,,85,0.49432137608528137,,0.0608062744140625
,340,85,,0.3495498299598694,0.2125701904296875
,341,85,,0.33777302503585815,0.0781402587890625
,342,85,,0.4226495027542114,0.0941925048828125
,343,85,,0.2738407850265503,0.27587890625
1376,,86,0.5070895552635193,,0.0
1377,,86,0.5606468915939331,,0.0
1378,,86,0.5713722109794617,,3.0517578125e-05
1379,,86,0.46726417541503906,,0.0018768310546875
1380,,86,0.3921872079372406,,0.5993804931640625
1381,,86,0.38722753524780273,,0.378448486328125
1382,,86,0.3591687083244324,,0.01556396484375
1383,,86,0.39433974027633667,,0.067230224609375
1384,,86,0.43916836380958557,,1.52587890625e-05
1385,,86,0.5964142084121704,,0.0
1386,,86,0.3905948996543884,,0.0
1387,,86,0.4699651598930359,,0.0
1388,,86,0.3941362500190735,,0.1333160400390625
1389,,86,0.48795658349990845,,0.07415771484375
1390,,86,0.476887583732605,,0.0073699951171875
1391,,86,0.33334726095199585,,0.0608062744140625
,344,86,,0.23223315179347992,0.2125701904296875
,345,86,,0.4836946129798889,0.0781402587890625
,346,86,,0.3619084060192108,0.0941925048828125
,347,86,,0.2837376594543457,0.27587890625
1392,,87,0.4671071171760559,,0.0
1393,,87,0.49536824226379395,,0.0
1394,,87,0.4552696943283081,,3.0517578125e-05
1395,,87,0.35541832447052,,0.0018768310546875
1396,,87,0.33042579889297485,,0.5993804931640625
1397,,87,0.28993356227874756,,0.378448486328125
1398,,87,0.5500609874725342,,0.01556396484375
1399,,87,0.36382314562797546,,0.067230224609375
1400,,87,0.3785487115383148,,1.52587890625e-05
1401,,87,0.5117931962013245,,0.0
1402,,87,0.4812694191932678,,0.0
1403,,87,0.6502160429954529,,0.0
1404,,87,0.5436761379241943,,0.1333160400390625
1405,,87,0.34362781047821045,,0.07415771484375
1406,,87,0.44411805272102356,,0.0073699951171875
1407,,87,0.5056836605072021,,0.0608062744140625
,348,87,,0.2704858183860779,0.2125701904296875
,349,87,,0.3110414743423462,0.0781402587890625
,350,87,,0.42724210023880005,0.0941925048828125
,351,87,,0.16596001386642456,0.27587890625
1408,,88,0.42863789200782776,,0.0
1409,,88,0.37433677911758423,,0.0
1410,,88,0.5447832942008972,,3.0517578125e-05
1411,,88,0.3677341938018799,,0.0018768310546875
1412,,88,0.3540038466453552,,0.5993804931640625
1413,,88,0.35259443521499634,,0.378448486328125
1414,,88,0.6028568744659424,,0.01556396484375
1415,,88,0.31644147634506226,,0.067230224609375
1416,,88,0.5922709703445435,,1.52587890625e-05
1417,,88,0.42630988359451294,,0.0
1418,,88,0.5261292457580566,,0.0
1419,,88,0.4773353934288025,,0.0
1420,,88,0.3921782970428467,,0.1333160400390625
1421,,88,0.48558419942855835,,0.07415771484375
1422,,88,0.44549813866615295,,0.0073699951171875
1423,,88,0.5481177568435669,,0.0608062744140625
,352,88,,0.21868380904197693,0.2125701904296875
,353,88,,0.33903539180755615,0.0781402587890625
,354,88,,0.30755746364593506,0.0941925048828125
,355,88,,0.2205037623643875,0.27587890625
1424,,89,0.498529851436615,,0.0
1425,,89,0.4757803678512573,,0.0
1426,,89,0.5047896504402161,,3.0517578125e-05
1427,,89,0.31148046255111694,,0.0018768310546875
1428,,89,0.354519248008728,,0.5993804931640625
1429,,89,0.2993587255477905,,0.378448486328125
1430,,89,0.5803412199020386,,0.01556396484375
1431,,89,0.45962560176849365,,0.067230224609375
1432,,89,0.5863288640975952,,1.52587890625e-05
1433,,89,0.6317994594573975,,0.0
1434,,89,0.39061057567596436,,0.0
1435,,89,0.5346397161483765,,0.0
1436,,89,0.37701791524887085,,0.1333160400390625
1437,,89,0.3063337206840515,,0.07415771484375
1438,,89,0.52972811460495,,0.0073699951171875
1439,,89,0.3351195156574249,,0.0608062744140625
,356,89,,0.27781015634536743,0.2125701904296875
,357,89,,0.3894197642803192,0.0781402587890625
,358,89,,0.26795417070388794,0.0941925048828125
,359,89,,0.21278482675552368,0.27587890625
1440,,90,0.4331696033477783,,0.0
1441,,90,0.44312697649002075,,0.0
1442,,90,0.42673051357269287,,3.0517578125e-05
1443,,90,0.513901948928833,,0.0018768310546875
1444,,90,0.3265992999076843,,0.5993804931640625
1445,,90,0.3486882448196411,,0.378448486328125
1446,,90,0.562008798122406,,0.01556396484375
1447,,90,0.48978590965270996,,0.067230224609375
1448,,90,0.5177801251411438,,1.52587890625e-05
1449,,90,0.6304131746292114,,0.0
1450,,90,0.4834693670272827,,0.0
1451,,90,0.39736539125442505,,0.0
1452,,90,0.4111376702785492,,0.1333160400390625
1453,,90,0.5112601518630981,,0.07415771484375
1454,,90,0.4531601667404175,,0.0073699951171875
1455,,90,0.48317745327949524,,0.0608062744140625
,360,90,,0.21509018540382385,0.2125701904296875
,361,90,,0.4487663507461548,0.0781402587890625
,362,90,,0.48891669511795044,0.0941925048828125
,363,90,,0.2584611773490906,0.27587890625
1456,,91,0.4633947014808655,,0.0
1457,,91,0.45761638879776,,0.0
1458,,91,0.5526196360588074,,3.0517578125e-05
1459,,91,0.4691108465194702,,0.0018768310546875
1460,,91,0.34902727603912354,,0.5993804931640625
1461,,91,0.29146015644073486,,0.378448486328125
1462,,91,0.4776352047920227,,0.01556396484375
1463,,91,0.4451552927494049,,0.067230224609375
1464,,91,0.40561041235923767,,1.52587890625e-05
1465,,91,0.537136435508728,,0.0
1466,,91,0.5330871343612671,,0.0
1467,,91,0.4439259171485901,,0.0
1468,,91,0.38531261682510376,,0.1333160400390625
1469,,91,0.4832784831523895,,0.07415771484375
1470,,91,0.47927969694137573,,0.0073699951171875
1471,,91,0.5003345608711243,,0.0608062744140625
,364,91,,0.3660435974597931,0.2125701904296875
,365,91,,0.45563510060310364,0.0781402587890625
,366,91,,0.5277083516120911,0.0941925048828125
,367,91,,0.19065965712070465,0.27587890625
1472,,92,0.4858522117137909,,0.0
1473,,92,0.6019034385681152,,0.0
1474,,92,0.4923543930053711,,3.0517578125e-05
1475,,92,0.49268481135368347,,0.0018768310546875
1476,,92,0.3234967887401581,,0.5993804931640625
1477,,92,0.34685343503952026,,0.378448486328125
1478,,92,0.507806658744812,,0.01556396484375
1479,,92,0.3924740254878998,,0.067230224609375
1480,,92,0.4246061146259308,,1.52587890625e-05
1481,,92,0.4997542202472687,,0.0
1482,,92,0.5479939579963684,,0.0
1483,,92,0.3844292461872101,,0.0
1484,,92,0.3357289731502533,,0.1333160400390625
1485,,92,0.5265432000160217,,0.07415771484375
1486,,92,0.3583281636238098,,0.0073699951171875
1487,,92,0.33896633982658386,,0.0608062744140625
,368,92,,0.31931471824645996,0.2125701904296875
,369,92,,0.34277254343032837,0.0781402587890625
,370,92,,0.3536500334739685,0.0941925048828125
,371,92,,0.2636715769767761,0.27587890625
1488,,93,0.651868462562561,,0.0
1489,,93,0.5620142817497253,,0.0
1490,,93,0.5373107194900513,,3.0517578125e-05
1491,,93,0.4596363306045532,,0.0018768310546875
1492,,93,0.33682161569595337,,0.5993804931640625
1493,,93,0.3319826126098633,,0.378448486328125
1494,,93,0.5591394901275635,,0.01556396484375
1495,,93,0.5783161520957947,,0.067230224609375
1496,,93,0.5960008502006531,,1.52587890625e-05
1497,,93,0.3700917363166809,,0.0
1498,,93,0.49700742959976196,,0.0
1499,,93,0.5159773826599121,,0.0
1500,,93,0.38841456174850464,,0.1333160400390625
1501,,93,0.3755848705768585,,0.07415771484375
1502,,93,0.524437665939331,,0.0073699951171875
1503,,93,0.41909006237983704,,0.0608062744140625
,372,93,,0.22183726727962494,0.2125701904296875
,373,93,,0.47053980827331543,0.0781402587890625
,374,93,,0.28397104144096375,0.0941925048828125
,375,93,,0.25899967551231384,0.27587890625
1504,,94,0.5684260129928589,,0.0
1505,,94,0.42349928617477417,,0.0
1506,,94,0.49248623847961426,,3.0517578125e-05
1507,,94,0.4523544907569885,,0.0018768310546875
1508,,94,0.38586723804473877,,0.5993804931640625
1509,,94,0.3354823589324951,,0.378448486328125
1510,,94,0.5626400709152222,,0.01556396484375
1511,,94,0.4592791795730591,,0.067230224609375
1512,,94,0.3293840289115906,,1.52587890625e-05
1513,,94,0.48325493931770325,,0.0
1514,,94,0.5414924621582031,,0.0
1515,,94,0.5938119888305664,,0.0
1516,,94,0.45409321784973145,,0.1333160400390625
1517,,94,0.5312718152999878,,0.07415771484375
1518,,94,0.5581411719322205,,0.0073699951171875
1519,,94,0.431835412979126,,0.0608062744140625
,376,94,,0.29615482687950134,0.2125701904296875
,377,94,,0.5542318820953369,0.0781402587890625
,378,94,,0.5629808902740479,0.0941925048828125
,379,94,,0.16418109834194183,0.27587890625
1520,,95,0.5463394522666931,,0.0
1521,,95,0.47673338651657104,,0.0
1522,,95,0.31183040142059326,,3.0517578125e-05
1523,,95,0.5698826313018799,,0.0018768310546875
1524,,95,0.3805563151836395,,0.5993804931640625
1525,,95,0.356268972158432,,0.378448486328125
1526,,95,0.5807891488075256,,0.01556396484375
1527,,95,0.5257205963134766,,0.067230224609375
1528,,95,0.4475499391555786,,1.52587890625e-05
1529,,95,0.5856382250785828,,0.0
1530,,95,0.5788168907165527,,0.0
1531,,95,0.6248384714126587,,0.0
1532,,95,0.3122246265411377,,0.1333160400390625
1533,,95,0.48692381381988525,,0.07415771484375
1534,,95,0.42604386806488037,,0.0073699951171875
1535,,95,0.4136587381362915,,0.0608062744140625
,380,95,,0.25131821632385254,0.2125701904296875
,381,95,,0.35544633865356445,0.0781402587890625
,382,95,,0.423053115606308,0.0941925048828125
,383,95,,0.28135308623313904,0.27587890625
1536,,96,0.43767473101615906,,0.0
1537,,96,0.3923600912094116,,0.0
1538,,96,0.6170065402984619,,3.0517578125e-05
1539,,96,0.5348821878433228,,0.0018768310546875
1540,,96,0.35125237703323364,,0.5993804931640625
1541,,96,0.2992907762527466,,0.378448486328125
1542,,96,0.41250377893447876,,0.01556396484375
1543,,96,0.36163318157196045,,0.067230224609375
1544,,96,0.5720332860946655,,1.52587890625e-05
1545,,96,0.4227890968322754,,0.0
1546,,96,0.3996957540512085,,0.0
1547,,96,0.4633238613605499,,0.0
1548,,96,0.3866784870624542,,0.1333160400390625
1549,,96,0.5312522649765015,,0.07415771484375
1550,,96,0.48539260029792786,,0.0073699951171875
1551,,96,0.3689624071121216,,0.0608062744140625
,384,96,,0.3294682502746582,0.2125701904296875
,385,96,,0.5594620108604431,0.0781402587890625
,386,96,,0.25877201557159424,0.0941925048828125
,387,96,,0.2090851217508316,0.27587890625
1552,,97,0.5139938592910767,,0.0
1553,,97,0.4210944175720215,,0.0
1554,,97,0.4962579607963562,,3.0517578125e-05
1555,,97,0.48401564359664917,,0.0018768310546875
1556,,97,0.39306604862213135,,0.5993804931640625
1557,,97,0.3396630883216858,,0.378448486328125
1558,,97,0.3509887158870697,,0.01556396484375
1559,,97,0.3112155795097351,,0.067230224609375
1560,,97,0.5814193487167358,,1.52587890625e-05
1561,,97,0.446003258228302,,0.0
1562,,97,0.45932555198669434,,0.0
1563,,97,0.47396931052207947,,0.0
1564,,97,0.46148085594177246,,0.1333160400390625
1565,,97,0.28938063979148865,,0.07415771484375
1566,,97,0.4016616940498352,,0.0073699951171875
1567,,97,0.3473733067512512,,0.0608062744140625
,388,97,,0.19851383566856384,0.2125701904296875
,389,97,,0.5878018140792847,0.0781402587890625
,390,97,,0.4778304994106293,0.0941925048828125
,391,97,,0.22547930479049683,0.27587890625
1568,,98,0.6495586037635803,,0.0
1569,,98,0.45192980766296387,,0.0
1570,,98,0.4840979278087616,,3.0517578125e-05
1571,,98,0.4110511541366577,,0.0018768310546875
1572,,98,0.36355119943618774,,0.5993804931640625
1573,,98,0.34429705142974854,,0.378448486328125
1574,,98,0.37714195251464844,,0.01556396484375
1575,,98,0.31249773502349854,,0.067230224609375
1576,,98,0.541854739189148,,1.52587890625e-05
1577,,98,0.47216111421585083,,0.0
1578,,98,0.4634854793548584,,0.0
1579,,98,0.46849727630615234,,0.0
1580,,98,0.38317030668258667,,0.1333160400390625
1581,,98,0.5447723269462585,,0.07415771484375
1582,,98,0.4926627278327942,,0.0073699951171875
1583,,98,0.3273865580558777,,0.0608062744140625
,392,98,,0.15999911725521088,0.2125701904296875
,393,98,,0.3284682035446167,0.0781402587890625
,394,98,,0.3981558680534363,0.0941925048828125
,395,98,,0.1943172812461853,0.27587890625
1584,,99,0.5486111044883728,,0.0
1585,,99,0.49859774112701416,,0.0
1586,,99,0.4000011086463928,,3.0517578125e-05
1587,,99,0.5526000261306763,,0.0018768310546875
1588,,99,0.37855780124664307,,0.5993804931640625
1589,,99,0.32847392559051514,,0.378448486328125
1590,,99,0.5543538331985474,,0.01556396484375
1591,,99,0.5306801795959473,,0.067230224609375
1592,,99,0.5545468330383301,,1.52587890625e-05
1593,,99,0.47691643238067627,,0.0
1594,,99,0.5200580358505249,,0.0
1595,,99,0.3508625030517578,,0.0
1596,,99,0.3949715197086334,,0.1333160400390625
1597,,99,0.3658040761947632,,0.07415771484375
1598,,99,0.601800799369812,,0.0073699951171875
1599,,99,0.37563467025756836,,0.0608062744140625
,396,99,,0.2396654486656189,0.2125701904296875
,397,99,,0.5002984404563904,0.0781402587890625
,398,99,,0.3518768548965454,0.0941925048828125
,399,99,,0.24355760216712952,0.27587890625
1600,,100,0.47800296545028687,,0.0
1601,,100,0.49960023164749146,,0.0
1602,,100,0.4318541884422302,,3.0517578125e-05
1603,,100,0.4991495609283447,,0.0018768310546875
1604,,100,0.3670361638069153,,0.5993804931640625
1605,,100,0.3213074207305908,,0.378448486328125
1606,,100,0.49647602438926697,,0.01556396484375
1607,,100,0.40754932165145874,,0.067230224609375
1608,,100,0.3869699537754059,,1.52587890625e-05
1609,,100,0.5332623720169067,,0.0
1610,,100,0.5038664937019348,,0.0
1611,,100,0.5285256505012512,,0.0
1612,,100,0.4125400185585022,,0.1333160400390625
1613,,100,0.3349883258342743,,0.07415771484375
1614,,100,0.4887978434562683,,0.0073699951171875
1615,,100,0.4013145864009857,,0.0608062744140625
,400,100,,0.2867615520954132,0.2125701904296875
,401,100,,0.32576340436935425,0.0781402587890625
,402,100,,0.43417888879776,0.0941925048828125
,403,100,,0.2164796143770218,0.27587890625
1616,,101,0.4859169125556946,,0.0
1617,,101,0.5296682715415955,,0.0
1618,,101,0.48455241322517395,,3.0517578125e-05
1619,,101,0.5350043773651123,,0.0018768310546875
1620,,101,0.3894527852535248,,0.5993804931640625
1621,,101,0.31116586923599243,,0.378448486328125
1622,,101,0.5676118731498718,,0.01556396484375
1623,,101,0.3934977054595947,,0.067230224609375
1624,,101,0.41133660078048706,,1.52587890625e-05
1625,,101,0.6110466718673706,,0.0
1626,,101,0.5465857982635498,,0.0
1627,,101,0.46009236574172974,,0.0
1628,,101,0.41145458817481995,,0.1333160400390625
1629,,101,0.3859046697616577,,0.07415771484375
1630,,101,0.5837062001228333,,0.0073699951171875
1631,,101,0.42877501249313354,,0.0608062744140625
,404,101,,0.2895825505256653,0.2125701904296875
,405,101,,0.3839515149593353,0.0781402587890625
,406,101,,0.3841449022293091,0.0941925048828125
,407,101,,0.2793523073196411,0.27587890625
1632,,102,0.6380976438522339,,0.0
1633,,102,0.6285338997840881,,0.0
1634,,102,0.48112964630126953,,3.0517578125e-05
1635,,102,0.5797303915023804,,0.0018768310546875
1636,,102,0.41297590732574463,,0.5993804931640625
1637,,102,0.3666207790374756,,0.378448486328125
1638,,102,0.4242165684700012,,0.01556396484375
1639,,102,0.41922539472579956,,0.067230224609375
1640,,102,0.45610448718070984,,1.52587890625e-05
1641,,102,0.5896555185317993,,0.0
1642,,102,0.6351624727249146,,0.0
1643,,102,0.556036114692688,,0.0
1644,,102,0.38779065012931824,,0.1333160400390625
1645,,102,0.5021440982818604,,0.07415771484375
1646,,102,0.4742985963821411,,0.0073699951171875
1647,,102,0.35999932885169983,,0.0608062744140625
,408,102,,0.1929096281528473,0.2125701904296875
,409,102,,0.3001278042793274,0.0781402587890625
,410,102,,0.37726470828056335,0.0941925048828125
,411,102,,0.26869723200798035,0.27587890625
1648,,103,0.4964078366756439,,0.0
1649,,103,0.5242194533348083,,0.0
1650,,103,0.34649020433425903,,3.0517578125e-05
1651,,103,0.4182957708835602,,0.0018768310546875
1652,,103,0.4099947512149811,,0.5993804931640625
1653,,103,0.2896749973297119,,0.378448486328125
1654,,103,0.49163374304771423,,0.01556396484375
1655,,103,0.4044704735279083,,0.067230224609375
1656,,103,0.48875969648361206,,1.52587890625e-05
1657,,103,0.4791918992996216,,0.0
1658,,103,0.5793526768684387,,0.0
1659,,103,0.5900465846061707,,0.0
1660,,103,0.3249119520187378,,0.1333160400390625
1661,,103,0.5229725241661072,,0.07415771484375
1662,,103,0.35188859701156616,,0.0073699951171875
1663,,103,0.3834010362625122,,0.0608062744140625
,412,103,,0.2833240032196045,0.2125701904296875
,413,103,,0.4664948880672455,0.0781402587890625
,414,103,,0.4682391881942749,0.0941925048828125
,415,103,,0.352195680141449,0.27587890625
1664,,104,0.6271120309829712,,0.0
1665,,104,0.5422022342681885,,0.0
1666,,104,0.5980336666107178,,3.0517578125e-05
1667,,104,0.5185251235961914,,0.0018768310546875
1668,,104,0.3839249908924103,,0.5993804931640625
1669,,104,0.35824498534202576,,0.378448486328125
1670,,104,0.49101054668426514,,0.01556396484375
1671,,104,0.438002347946167,,0.067230224609375
1672,,104,0.45864999294281006,,1.52587890625e-05
1673,,104,0.5005505084991455,,0.0
1674,,104,0.46495571732521057,,0.0
1675,,104,0.47765323519706726,,0.0
1676,,104,0.4331147074699402,,0.1333160400390625
1677,,104,0.4555944800376892,,0.07415771484375
1678,,104,0.6039972305297852,,0.0073699951171875
1679,,104,0.4590965509414673,,0.0608062744140625
,416,104,,0.23372864723205566,0.2125701904296875
,417,104,,0.3366149067878723,0.0781402587890625
,418,104,,0.4071112871170044,0.0941925048828125
,419,104,,0.197514146566391,0.27587890625
1680,,105,0.6151819825172424,,0.0
1681,,105,0.47573643922805786,,0.0
1682,,105,0.6762930154800415,,3.0517578125e-05
1683,,105,0.5069231986999512,,0.0018768310546875
1684,,105,0.3870316743850708,,0.5993804931640625
1685,,105,0.3140013515949249,,0.378448486328125
1686,,105,0.4610975980758667,,0.01556396484375
1687,,105,0.38696420192718506,,0.067230224609375
1688,,105,0.4130669832229614,,1.52587890625e-05
1689,,105,0.43811649084091187,,0.0
1690,,105,0.620792806148529,,0.0
1691,,105,0.5499604940414429,,0.0
1692,,105,0.319505512714386,,0.1333160400390625
1693,,105,0.23577268421649933,,0.07415771484375
1694,,105,0.5118749737739563,,0.0073699951171875
1695,,105,0.3526346683502197,,0.0608062744140625
,420,105,,0.22444471716880798,0.2125701904296875
,421,105,,0.3586047291755676,0.0781402587890625
,422,105,,0.27573269605636597,0.0941925048828125
,423,105,,0.20707079768180847,0.27587890625
1696,,106,0.6645804047584534,,0.0
1697,,106,0.3947843313217163,,0.0
1698,,106,0.6528081297874451,,3.0517578125e-05
1699,,106,0.5611904859542847,,0.0018768310546875
1700,,106,0.35186126828193665,,0.5993804931640625
1701,,106,0.2997278571128845,,0.378448486328125
1702,,106,0.533910870552063,,0.01556396484375
1703,,106,0.42457765340805054,,0.067230224609375
1704,,106,0.46078431606292725,,1.52587890625e-05
1705,,106,0.6164801120758057,,0.0
1706,,106,0.47133204340934753,,0.0
1707,,106,0.46036696434020996,,0.0
1708,,106,0.37319666147232056,,0.1333160400390625
1709,,106,0.23734328150749207,,0.07415771484375
1710,,106,0.4271374046802521,,0.0073699951171875
1711,,106,0.4848255217075348,,0.0608062744140625
,424,106,,0.2657144367694855,0.2125701904296875
,425,106,,0.4603680372238159,0.0781402587890625
,426,106,,0.34137943387031555,0.0941925048828125
,427,106,,0.231159046292305,0.27587890625
1712,,107,0.4151511788368225,,0.0
1713,,107,0.450072318315506,,0.0
1714,,107,0.40654683113098145,,3.0517578125e-05
1715,,107,0.3659944534301758,,0.0018768310546875
1716,,107,0.41005653142929077,,0.5993804931640625
1717,,107,0.31884920597076416,,0.378448486328125
1718,,107,0.4553438425064087,,0.01556396484375
1719,,107,0.42061471939086914,,0.067230224609375
1720,,107,0.5736124515533447,,1.52587890625e-05
1721,,107,0.5034995079040527,,0.0
1722,,107,0.4349917769432068,,0.0
1723,,107,0.5754805207252502,,0.0
1724,,107,0.3150132894515991,,0.1333160400390625
1725,,107,0.3443341851234436,,0.07415771484375
1726,,107,0.46631401777267456,,0.0073699951171875
1727,,107,0.32240182161331177,,0.0608062744140625
,428,107,,0.35643428564071655,0.2125701904296875
,429,107,,0.4454890191555023,0.0781402587890625
,430,107,,0.2988886833190918,0.0941925048828125
,431,107,,0.1794407069683075,0.27587890625
1728,,108,0.47734349966049194,,0.0
1729,,108,0.5711400508880615,,0.0
1730,,108,0.5268975496292114,,3.0517578125e-05
1731,,108,0.5910204648971558,,0.0018768310546875
1732,,108,0.304823637008667,,0.5993804931640625
1733,,108,0.3225817084312439,,0.378448486328125
1734,,108,0.35151538252830505,,0.01556396484375
1735,,108,0.5145334601402283,,0.067230224609375
1736,,108,0.5207070708274841,,1.52587890625e-05
1737,,108,0.5862381458282471,,0.0
1738,,108,0.4334586560726166,,0.0
1739,,108,0.5849746465682983,,0.0
1740,,108,0.36758315563201904,,0.1333160400390625
1741,,108,0.3993164300918579,,0.07415771484375
1742,,108,0.5073041915893555,,0.0073699951171875
1743,,108,0.5014339685440063,,0.0608062744140625
,432,108,,0.34669360518455505,0.2125701904296875
,433,108,,0.3761928677558899,0.0781402587890625
,434,108,,0.328169584274292,0.0941925048828125
,435,108,,0.31167152523994446,0.27587890625
1744,,109,0.49361729621887207,,0.0
1745,,109,0.3710319399833679,,0.0
1746,,109,0.4879239797592163,,3.0517578125e-05
1747,,109,0.44318512082099915,,0.0018768310546875
1748,,109,0.3769732713699341,,0.5993804931640625
1749,,109,0.33660194277763367,,0.378448486328125
1750,,109,0.5167170763015747,,0.01556396484375
1751,,109,0.3964306712150574,,0.067230224609375
1752,,109,0.46277016401290894,,1.52587890625e-05
1753,,109,0.34323978424072266,,0.0
1754,,109,0.44607245922088623,,0.0
1755,,109,0.4684542417526245,,0.0
1756,,109,0.29376721382141113,,0.1333160400390625
1757,,109,0.5524627566337585,,0.07415771484375
1758,,109,0.6036578416824341,,0.0073699951171875
1759,,109,0.3316952884197235,,0.0608062744140625
,436,109,,0.2929936647415161,0.2125701904296875
,437,109,,0.42799147963523865,0.0781402587890625
,438,109,,0.3352047801017761,0.0941925048828125
,439,109,,0.19723135232925415,0.27587890625
1760,,110,0.34710606932640076,,0.0
1761,,110,0.6399309039115906,,0.0
1762,,110,0.5168424248695374,,3.0517578125e-05
1763,,110,0.47690775990486145,,0.0018768310546875
1764,,110,0.39446786046028137,,0.5993804931640625
1765,,110,0.30062395334243774,,0.378448486328125
1766,,110,0.4687490463256836,,0.01556396484375
1767,,110,0.4719356894493103,,0.067230224609375
1768,,110,0.3870700001716614,,1.52587890625e-05
1769,,110,0.5606774091720581,,0.0
1770,,110,0.5795484781265259,,0.0
1771,,110,0.36687302589416504,,0.0
1772,,110,0.3933645188808441,,0.1333160400390625
1773,,110,0.327422559261322,,0.07415771484375
1774,,110,0.5105644464492798,,0.0073699951171875
1775,,110,0.40425771474838257,,0.0608062744140625
,440,110,,0.19004225730895996,0.2125701904296875
,441,110,,0.5038331747055054,0.0781402587890625
,442,110,,0.458636075258255,0.0941925048828125
,443,110,,0.20243501663208008,0.27587890625
1776,,111,0.49653834104537964,,0.0
1777,,111,0.46453744173049927,,0.0
1778,,111,0.47510868310928345,,3.0517578125e-05
1779,,111,0.5787714719772339,,0.0018768310546875
1780,,111,0.3543883264064789,,0.5993804931640625
1781,,111,0.3092228174209595,,0.378448486328125
1782,,111,0.3303743004798889,,0.01556396484375
1783,,111,0.3959490656852722,,0.067230224609375
1784,,111,0.5404658913612366,,1.52587890625e-05
1785,,111,0.5952136516571045,,0.0
1786,,111,0.4809253215789795,,0.0
1787,,111,0.4385862946510315,,0.0
1788,,111,0.4617531895637512,,0.1333160400390625
1789,,111,0.4187173843383789,,0.07415771484375
1790,,111,0.4567085802555084,,0.0073699951171875
1791,,111,0.3443397283554077,,0.0608062744140625
,444,111,,0.3641293942928314,0.2125701904296875
,445,111,,0.5662227869033813,0.0781402587890625
,446,111,,0.40631526708602905,0.0941925048828125
,447,111,,0.2567671537399292,0.27587890625
1792,,112,0.46295684576034546,,0.0
1793,,112,0.5053724646568298,,0.0
1794,,112,0.34264469146728516,,3.0517578125e-05
1795,,112,0.4932151436805725,,0.0018768310546875
1796,,112,0.34988340735435486,,0.5993804931640625
1797,,112,0.3011338710784912,,0.378448486328125
1798,,112,0.431466281414032,,0.01556396484375
1799,,112,0.4752947688102722,,0.067230224609375
1800,,112,0.48614901304244995,,1.52587890625e-05
1801,,112,0.4806590974330902,,0.0
1802,,112,0.3899438977241516,,0.0
1803,,112,0.524111270904541,,0.0
1804,,112,0.3708307147026062,,0.1333160400390625
1805,,112,0.40974918007850647,,0.07415771484375
1806,,112,0.586755633354187,,0.0073699951171875
1807,,112,0.39005112648010254,,0.0608062744140625
,448,112,,0.27731552720069885,0.2125701904296875
,449,112,,0.482610285282135,0.0781402587890625
,450,112,,0.44396114349365234,0.0941925048828125
,451,112,,0.19721657037734985,0.27587890625
1808,,113,0.5192553997039795,,0.0
1809,,113,0.425813764333725,,0.0
1810,,113,0.4020839333534241,,3.0517578125e-05
1811,,113,0.46659043431282043,,0.0018768310546875
1812,,113,0.39341312646865845,,0.5993804931640625
1813,,113,0.3145471215248108,,0.378448486328125
1814,,113,0.4934053421020508,,0.01556396484375
1815,,113,0.4551534056663513,,0.067230224609375
1816,,113,0.567087709903717,,1.52587890625e-05
1817,,113,0.6239285469055176,,0.0
1818,,113,0.3719593286514282,,0.0
1819,,113,0.3883385956287384,,0.0
1820,,113,0.431598424911499,,0.1333160400390625
1821,,113,0.4426822066307068,,0.07415771484375
1822,,113,0.4230843186378479,,0.0073699951171875
1823,,113,0.44608816504478455,,0.0608062744140625
,452,113,,0.3372472822666168,0.2125701904296875
,453,113,,0.5041124820709229,0.0781402587890625
,454,113,,0.4393131732940674,0.0941925048828125
,455,113,,0.3273864686489105,0.27587890625
1824,,114,0.47856372594833374,,0.0
1825,,114,0.4809766411781311,,0.0
1826,,114,0.5674177408218384,,3.0517578125e-05
1827,,114,0.6220067143440247,,0.0018768310546875
1828,,114,0.4467165470123291,,0.5993804931640625
1829,,114,0.3506896495819092,,0.378448486328125
1830,,114,0.5095547437667847,,0.01556396484375
1831,,114,0.4183751344680786,,0.067230224609375
1832,,114,0.4039207398891449,,1.52587890625e-05
1833,,114,0.45435482263565063,,0.0
1834,,114,0.42391103506088257,,0.0
1835,,114,0.5122597813606262,,0.0
1836,,114,0.364778995513916,,0.1333160400390625
1837,,114,0.31264862418174744,,0.07415771484375
1838,,114,0.6214058995246887,,0.0073699951171875
1839,,114,0.3417523205280304,,0.0608062744140625
,456,114,,0.26924604177474976,0.2125701904296875
,457,114,,0.4010884165763855,0.0781402587890625
,458,114,,0.40167850255966187,0.0941925048828125
,459,114,,0.2037135362625122,0.27587890625
1840,,115,0.5163849592208862,,0.0
1841,,115,0.3727286458015442,,0.0
1842,,115,0.4723915457725525,,3.0517578125e-05
1843,,115,0.69195556640625,,0.0018768310546875
1844,,115,0.35974547266960144,,0.5993804931640625
1845,,115,0.29786616563796997,,0.378448486328125
1846,,115,0.5238126516342163,,0.01556396484375
1847,,115,0.3145432770252228,,0.067230224609375
1848,,115,0.3551063537597656,,1.52587890625e-05
1849,,115,0.45239025354385376,,0.0
1850,,115,0.5154468417167664,,0.0
1851,,115,0.4801768362522125,,0.0
1852,,115,0.22773844003677368,,0.1333160400390625
1853,,115,0.4113321304321289,,0.07415771484375
1854,,115,0.4564058184623718,,0.0073699951171875
1855,,115,0.4751199781894684,,0.0608062744140625
,460,115,,0.2613753378391266,0.2125701904296875
,461,115,,0.3344108760356903,0.0781402587890625
,462,115,,0.3350537121295929,0.0941925048828125
,463,115,,0.3369596004486084,0.27587890625
1856,,116,0.555637776851654,,0.0
1857,,116,0.5391646027565002,,0.0
1858,,116,0.5079520344734192,,3.0517578125e-05
1859,,116,0.522698163986206,,0.0018768310546875
1860,,116,0.3551478981971741,,0.5993804931640625
1861,,116,0.3272671103477478,,0.378448486328125
1862,,116,0.5258104801177979,,0.01556396484375
1863,,116,0.5210686922073364,,0.067230224609375
1864,,116,0.5119518041610718,,1.52587890625e-05
1865,,116,0.5391411781311035,,0.0
1866,,116,0.5069286227226257,,0.0
1867,,116,0.42507365345954895,,0.0
1868,,116,0.40060266852378845,,0.1333160400390625
1869,,116,0.5418534874916077,,0.07415771484375
1870,,116,0.4563126564025879,,0.0073699951171875
1871,,116,0.37633654475212097,,0.0608062744140625
,464,116,,0.21465307474136353,0.2125701904296875
,465,116,,0.4219648838043213,0.0781402587890625
,466,116,,0.3476702570915222,0.0941925048828125
,467,116,,0.3045271635055542,0.27587890625
1872,,117,0.46298858523368835,,0.0
1873,,117,0.4755088686943054,,0.0
1874,,117,0.4852701425552368,,3.0517578125e-05
1875,,117,0.6066884398460388,,0.0018768310546875
1876,,117,0.3619428873062134,,0.5993804931640625
1877,,117,0.31125080585479736,,0.378448486328125
1878,,117,0.4158670902252197,,0.01556396484375
1879,,117,0.35836559534072876,,0.067230224609375
1880,,117,0.5324199795722961,,1.52587890625e-05
1881,,117,0.5423620939254761,,0.0
1882,,117,0.4414634704589844,,0.0
1883,,117,0.423862487077713,,0.0
1884,,117,0.3588697612285614,,0.1333160400390625
1885,,117,0.46186208724975586,,0.07415771484375
1886,,117,0.5269711017608643,,0.0073699951171875
1887,,117,0.4147753417491913,,0.0608062744140625
,468,117,,0.38144397735595703,0.2125701904296875
,469,117,,0.31319546699523926,0.0781402587890625
,470,117,,0.3951234817504883,0.0941925048828125
,471,117,,0.17055879533290863,0.27587890625
1888,,118,0.5211176872253418,,0.0
1889,,118,0.5730400085449219,,0.0
1890,,118,0.5129708051681519,,3.0517578125e-05
1891,,118,0.6028501987457275,,0.0018768310546875
1892,,118,0.34945470094680786,,0.5993804931640625
1893,,118,0.27730289101600647,,0.378448486328125
1894,,118,0.3937864303588867,,0.01556396484375
1895,,118,0.36342090368270874,,0.067230224609375
1896,,118,0.4532843828201294,,1.52587890625e-05
1897,,118,0.5285179018974304,,0.0
1898,,118,0.5436611175537109,,0.0
1899,,118,0.43567872047424316,,0.0
1900,,118,0.34409862756729126,,0.1333160400390625
1901,,118,0.38027524948120117,,0.07415771484375
1902,,118,0.5120090246200562,,0.0073699951171875
1903,,118,0.4559990465641022,,0.0608062744140625
,472,118,,0.213486909866333,0.2125701904296875
,473,118,,0.2849103808403015,0.0781402587890625
,474,118,,0.43090856075286865,0.0941925048828125
,475,118,,0.16563653945922852,0.27587890625
1904,,119,0.5275888442993164,,0.0
1905,,119,0.5162476301193237,,0.0
1906,,119,0.4851652681827545,,3.0517578125e-05
1907,,119,0.51568204164505,,0.0018768310546875
1908,,119,0.3617709279060364,,0.5993804931640625
1909,,119,0.29300636053085327,,0.378448486328125
1910,,119,0.38713693618774414,,0.01556396484375
1911,,119,0.3740803599357605,,0.067230224609375
1912,,119,0.34507808089256287,,1.52587890625e-05
1913,,119,0.3597639203071594,,0.0
1914,,119,0.4480864405632019,,0.0
1915,,119,0.5363938808441162,,0.0
1916,,119,0.41816121339797974,,0.1333160400390625
1917,,119,0.35638242959976196,,0.07415771484375
1918,,119,0.5302160382270813,,0.0073699951171875
1919,,119,0.5025482773780823,,0.0608062744140625
,476,119,,0.26263031363487244,0.2125701904296875
,477,119,,0.5243801474571228,0.0781402587890625
,478,119,,0.4401281476020813,0.0941925048828125
,479,119,,0.2304435819387436,0.27587890625
1920,,120,0.46968716382980347,,0.0
1921,,120,0.5454124808311462,,0.0
1922,,120,0.37577730417251587,,3.0517578125e-05
1923,,120,0.5375199913978577,,0.0018768310546875
1924,,120,0.36682212352752686,,0.5993804931640625
1925,,120,0.3405628204345703,,0.378448486328125
1926,,120,0.35167446732521057,,0.01556396484375
1927,,120,0.49569380283355713,,0.067230224609375
1928,,120,0.47321373224258423,,1.52587890625e-05
1929,,120,0.46634793281555176,,0.0
1930,,120,0.38785913586616516,,0.0
1931,,120,0.5141458511352539,,0.0
1932,,120,0.3506881296634674,,0.1333160400390625
1933,,120,0.3880680203437805,,0.07415771484375
1934,,120,0.3534410297870636,,0.0073699951171875
1935,,120,0.5313096046447754,,0.0608062744140625
,480,120,,0.2702594995498657,0.2125701904296875
,481,120,,0.4428989589214325,0.0781402587890625
,482,120,,0.4553491771221161,0.0941925048828125
,483,120,,0.1840958148241043,0.27587890625
1936,,121,0.6114329099655151,,0.0
1937,,121,0.5049514770507812,,0.0
1938,,121,0.4468211829662323,,3.0517578125e-05
1939,,121,0.4708884656429291,,0.0018768310546875
1940,,121,0.3841326832771301,,0.5993804931640625
1941,,121,0.3296433091163635,,0.378448486328125
1942,,121,0.602574348449707,,0.01556396484375
1943,,121,0.29158738255500793,,0.067230224609375
1944,,121,0.39480507373809814,,1.52587890625e-05
1945,,121,0.5317676663398743,,0.0
1946,,121,0.40564364194869995,,0.0
1947,,121,0.44323480129241943,,0.0
1948,,121,0.38299137353897095,,0.1333160400390625
1949,,121,0.4222802221775055,,0.07415771484375
1950,,121,0.4285218119621277,,0.0073699951171875
1951,,121,0.49782687425613403,,0.0608062744140625
,484,121,,0.3865599036216736,0.2125701904296875
,485,121,,0.4094073176383972,0.0781402587890625
,486,121,,0.33511263132095337,0.0941925048828125
,487,121,,0.2737008333206177,0.27587890625
1952,,122,0.43305325508117676,,0.0
1953,,122,0.44669467210769653,,0.0
1954,,122,0.49268800020217896,,3.0517578125e-05
1955,,122,0.4725537598133087,,0.0018768310546875
1956,,122,0.3721235394477844,,0.5993804931640625
1957,,122,0.29041787981987,,0.378448486328125
1958,,122,0.5569368600845337,,0.01556396484375
1959,,122,0.42856597900390625,,0.067230224609375
1960,,122,0.5763533115386963,,1.52587890625e-05
1961,,122,0.5979218482971191,,0.0
1962,,122,0.4688507616519928,,0.0
1963,,122,0.42561352252960205,,0.0
1964,,122,0.44150280952453613,,0.1333160400390625
1965,,122,0.4656190872192383,,0.07415771484375
1966,,122,0.3754349946975708,,0.0073699951171875
1967,,122,0.45250722765922546,,0.0608062744140625
,488,122,,0.22340817749500275,0.2125701904296875
,489,122,,0.42719000577926636,0.0781402587890625
,490,122,,0.3860033452510834,0.0941925048828125
,491,122,,0.2974551320075989,0.27587890625
1968,,123,0.3844929337501526,,0.0
1969,,123,0.5143285989761353,,0.0
1970,,123,0.49822932481765747,,3.0517578125e-05
1971,,123,0.552776575088501,,0.0018768310546875
1972,,123,0.39626169204711914,,0.5993804931640625
1973,,123,0.3617202639579773,,0.378448486328125
1974,,123,0.44727468490600586,,0.01556396484375
1975,,123,0.37379971146583557,,0.067230224609375
1976,,123,0.4745839536190033,,1.52587890625e-05
1977,,123,0.6273390054702759,,0.0
1978,,123,0.4322930574417114,,0.0
1979,,123,0.497384250164032,,0.0
1980,,123,0.3747939169406891,,0.1333160400390625
1981,,123,0.3728417754173279,,0.07415771484375
1982,,123,0.5378526449203491,,0.0073699951171875
1983,,123,0.4220091700553894,,0.0608062744140625
,492,123,,0.4547397792339325,0.2125701904296875
,493,123,,0.38987720012664795,0.0781402587890625
,494,123,,0.3614293336868286,0.0941925048828125
,495,123,,0.22865350544452667,0.27587890625
1984,,124,0.49941107630729675,,0.0
1985,,124,0.404171884059906,,0.0
1986,,124,0.5210481882095337,,3.0517578125e-05
1987,,124,0.42779356241226196,,0.0018768310546875
1988,,124,0.3278821110725403,,0.5993804931640625
1989,,124,0.32504305243492126,,0.378448486328125
1990,,124,0.4236215651035309,,0.01556396484375
1991,,124,0.34432172775268555,,0.067230224609375
1992,,124,0.5453013181686401,,1.52587890625e-05
1993,,124,0.4294048845767975,,0.0
1994,,124,0.4831579923629761,,0.0
1995,,124,0.581423282623291,,0.0
1996,,124,0.37857499718666077,,0.1333160400390625
1997,,124,0.5692090392112732,,0.07415771484375
1998,,124,0.39373719692230225,,0.0073699951171875
1999,,124,0.4175933599472046,,0.0608062744140625
,496,124,,0.34012371301651,0.2125701904296875
,497,124,,0.36689475178718567,0.0781402587890625
,498,124,,0.325692355632782,0.0941925048828125
,499,124,,0.3084465563297272,0.27587890625
2000,,125,0.5148484110832214,,0.0
2001,,125,0.5730928778648376,,0.0
2002,,125,0.4560084939002991,,3.0517578125e-05
2003,,125,0.5937619209289551,,0.0018768310546875
2004,,125,0.3412693440914154,,0.5993804931640625
2005,,125,0.4088979959487915,,0.378448486328125
2006,,125,0.59403395652771,,0.01556396484375
2007,,125,0.49282848834991455,,0.067230224609375
2008,,125,0.46319466829299927,,1.52587890625e-05
2009,,125,0.43344438076019287,,0.0
2010,,125,0.4314492344856262,,0.0
2011,,125,0.4716998040676117,,0.0
2012,,125,0.41845619678497314,,0.1333160400390625
2013,,125,0.48187053203582764,,0.07415771484375
2014,,125,0.6890934705734253,,0.0073699951171875
2015,,125,0.33409565687179565,,0.0608062744140625
,500,125,,0.17354340851306915,0.2125701904296875
,501,125,,0.4060605764389038,0.0781402587890625
,502,125,,0.49761462211608887,0.0941925048828125
,503,125,,0.22658571600914001,0.27587890625
2016,,126,0.48822081089019775,,0.0
2017,,126,0.34892743825912476,,0.0
2018,,126,0.5083194375038147,,3.0517578125e-05
2019,,126,0.4232270121574402,,0.0018768310546875
2020,,126,0.3583983778953552,,0.5993804931640625
2021,,126,0.34371137619018555,,0.378448486328125
2022,,126,0.42693644762039185,,0.01556396484375
2023,,126,0.3254936933517456,,0.067230224609375
2024,,126,0.42882657051086426,,1.52587890625e-05
2025,,126,0.42226511240005493,,0.0
2026,,126,0.5076404809951782,,0.0
2027,,126,0.5973988175392151,,0.0
2028,,126,0.43099695444107056,,0.1333160400390625
2029,,126,0.4883994162082672,,0.07415771484375
2030,,126,0.4320063292980194,,0.0073699951171875
2031,,126,0.4210667014122009,,0.0608062744140625
,504,126,,0.24438175559043884,0.2125701904296875
,505,126,,0.39610755443573,0.0781402587890625
,506,126,,0.31592488288879395,0.0941925048828125
,507,126,,0.18228121101856232,0.27587890625
2032,,127,0.6173187494277954,,0.0
2033,,127,0.36738866567611694,,0.0
2034,,127,0.5706396102905273,,3.0517578125e-05
2035,,127,0.5612261891365051,,0.0018768310546875
2036,,127,0.3978281617164612,,0.5993804931640625
2037,,127,0.3145061731338501,,0.378448486328125
2038,,127,0.5292953252792358,,0.01556396484375
2039,,127,0.48847201466560364,,0.067230224609375
2040,,127,0.4159289598464966,,1.52587890625e-05
2041,,127,0.4763047397136688,,0.0
2042,,127,0.6887081861495972,,0.0
2043,,127,0.4954478144645691,,0.0
2044,,127,0.36791807413101196,,0.1333160400390625
2045,,127,0.46058326959609985,,0.07415771484375
2046,,127,0.44217389822006226,,0.0073699951171875
2047,,127,0.2709653973579407,,0.0608062744140625
,508,127,,0.2519579529762268,0.2125701904296875
,509,127,,0.37273991107940674,0.0781402587890625
,510,127,,0.47048676013946533,0.0941925048828125
,511,127,,0.20821385085582733,0.27587890625
2048,,128,0.36473748087882996,,0.0
2049,,128,0.3882206678390503,,0.0
2050,,128,0.657608151435852,,3.0517578125e-05
2051,,128,0.4193320870399475,,0.0018768310546875
2052,,128,0.3561972975730896,,0.5993804931640625
2053,,128,0.33159488439559937,,0.378448486328125
2054,,128,0.5046887397766113,,0.01556396484375
2055,,128,0.38872236013412476,,0.067230224609375
2056,,128,0.5109059810638428,,1.52587890625e-05
2057,,128,0.45466041564941406,,0.0
2058,,128,0.5612159371376038,,0.0
2059,,128,0.4713546633720398,,0.0
2060,,128,0.30474069714546204,,0.1333160400390625
2061,,128,0.27910852432250977,,0.07415771484375
2062,,128,0.537043035030365,,0.0073699951171875
2063,,128,0.3762057423591614,,0.0608062744140625
,512,128,,0.3153408467769623,0.2125701904296875
,513,128,,0.5127912759780884,0.0781402587890625
,514,128,,0.3928351402282715,0.0941925048828125
,515,128,,0.23795972764492035,0.27587890625
2064,,129,0.5431959629058838,,0.0
2065,,129,0.5663707256317139,,0.0
2066,,129,0.43709373474121094,,3.0517578125e-05
2067,,129,0.5564229488372803,,0.0018768310546875
2068,,129,0.36623716354370117,,0.5993804931640625
2069,,129,0.2944484353065491,,0.378448486328125
2070,,129,0.5615247488021851,,0.01556396484375
2071,,129,0.3835653066635132,,0.067230224609375
2072,,129,0.4941851794719696,,1.52587890625e-05
2073,,129,0.46745359897613525,,0.0
2074,,129,0.3879346549510956,,0.0
2075,,129,0.5693634748458862,,0.0
2076,,129,0.3036036491394043,,0.1333160400390625
2077,,129,0.42444437742233276,,0.07415771484375
2078,,129,0.48318272829055786,,0.0073699951171875
2079,,129,0.3125390112400055,,0.0608062744140625
,516,129,,0.2604411244392395,0.2125701904296875
,517,129,,0.43348637223243713,0.0781402587890625
,518,129,,0.4686307907104492,0.0941925048828125
,519,129,,0.11205633729696274,0.27587890625
2080,,130,0.45296257734298706,,0.0
2081,,130,0.5205826759338379,,0.0
2082,,130,0.6364008188247681,,3.0517578125e-05
2083,,130,0.6113659143447876,,0.0018768310546875
2084,,130,0.3243366479873657,,0.5993804931640625
2085,,130,0.34802520275115967,,0.378448486328125
2086,,130,0.5325835943222046,,0.01556396484375
2087,,130,0.43970805406570435,,0.067230224609375
2088,,130,0.42972561717033386,,1.52587890625e-05
2089,,130,0.48180055618286133,,0.0
2090,,130,0.42016589641571045,,0.0
2091,,130,0.6308348178863525,,0.0
2092,,130,0.4178064465522766,,0.1333160400390625
2093,,130,0.3574681282043457,,0.07415771484375
2094,,130,0.4650859534740448,,0.0073699951171875
2095,,130,0.39491716027259827,,0.0608062744140625
,520,130,,0.28094542026519775,0.2125701904296875
,521,130,,0.40846341848373413,0.0781402587890625
,522,130,,0.36998212337493896,0.0941925048828125
,523,130,,0.22253647446632385,0.27587890625
2096,,131,0.5862488150596619,,0.0
2097,,131,0.40290334820747375,,0.0
2098,,131,0.4864996671676636,,3.0517578125e-05
2099,,131,0.5646075010299683,,0.0018768310546875
2100,,131,0.3763543963432312,,0.5993804931640625
2101,,131,0.3189406394958496,,0.378448486328125
2102,,131,0.4301896095275879,,0.01556396484375
2103,,131,0.4659307599067688,,0.067230224609375
2104,,131,0.4731464385986328,,1.52587890625e-05
2105,,131,0.5178821086883545,,0.0
2106,,131,0.5513372421264648,,0.0
2107,,131,0.46227723360061646,,0.0
2108,,131,0.545976459980011,,0.1333160400390625
2109,,131,0.5237847566604614,,0.07415771484375
2110,,131,0.5098443031311035,,0.0073699951171875
2111,,131,0.34516310691833496,,0.0608062744140625
,524,131,,0.31813061237335205,0.2125701904296875
,525,131,,0.25925886631011963,0.0781402587890625
,526,131,,0.4341920018196106,0.0941925048828125
,527,131,,0.11518481373786926,0.27587890625
2112,,132,0.5071358680725098,,0.0
2113,,132,0.5552918910980225,,0.0
2114,,132,0.47234266996383667,,3.0517578125e-05
2115,,132,0.6478061676025391,,0.0018768310546875
2116,,132,0.4037179946899414,,0.5993804931640625
2117,,132,0.3436749279499054,,0.378448486328125
2118,,132,0.6481309533119202,,0.01556396484375
2119,,132,0.42872190475463867,,0.067230224609375
2120,,132,0.3713541030883789,,1.52587890625e-05
2121,,132,0.3823624849319458,,0.0
2122,,132,0.5377892255783081,,0.0
2123,,132,0.5279371738433838,,0.0
2124,,132,0.39178991317749023,,0.1333160400390625
2125,,132,0.46945369243621826,,0.07415771484375
2126,,132,0.5582133531570435,,0.0073699951171875
2127,,132,0.4365042448043823,,0.0608062744140625
,528,132,,0.19361267983913422,0.2125701904296875
,529,132,,0.5533843040466309,0.0781402587890625
,530,132,,0.4326699376106262,0.0941925048828125
,531,132,,0.1719822883605957,0.27587890625
2128,,133,0.601921796798706,,0.0
2129,,133,0.5624575018882751,,0.0
2130,,133,0.35273271799087524,,3.0517578125e-05
2131,,133,0.3555905818939209,,0.0018768310546875
2132,,133,0.34282350540161133,,0.5993804931640625
2133,,133,0.4051092565059662,,0.378448486328125
2134,,133,0.503179669380188,,0.01556396484375
2135,,133,0.5478183031082153,,0.067230224609375
2136,,133,0.5437729358673096,,1.52587890625e-05
2137,,133,0.40933603048324585,,0.0
2138,,133,0.486465185880661,,0.0
2139,,133,0.47003403306007385,,0.0
2140,,133,0.5359945297241211,,0.1333160400390625
2141,,133,0.3742157220840454,,0.07415771484375
2142,,133,0.6214994192123413,,0.0073699951171875
2143,,133,0.42002156376838684,,0.0608062744140625
,532,133,,0.2710477411746979,0.2125701904296875
,533,133,,0.5065168142318726,0.0781402587890625
,534,133,,0.4294641613960266,0.0941925048828125
,535,133,,0.2836523950099945,0.27587890625
2144,,134,0.5630050897598267,,0.0
2145,,134,0.47766274213790894,,0.0
2146,,134,0.4779553711414337,,3.0517578125e-05
2147,,134,0.475078284740448,,0.0018768310546875
2148,,134,0.34388113021850586,,0.5993804931640625
2149,,134,0.346704363822937,,0.378448486328125
2150,,134,0.5293330550193787,,0.01556396484375
2151,,134,0.4740230143070221,,0.067230224609375
2152,,134,0.46741437911987305,,1.52587890625e-05
2153,,134,0.6167706847190857,,0.0
2154,,134,0.4904564321041107,,0.0
2155,,134,0.5273235440254211,,0.0
2156,,134,0.46085023880004883,,0.1333160400390625
2157,,134,0.3317592740058899,,0.07415771484375
2158,,134,0.5483990907669067,,0.0073699951171875
2159,,134,0.342776358127594,,0.0608062744140625
,536,134,,0.270310640335083,0.2125701904296875
,537,134,,0.6355254054069519,0.0781402587890625
,538,134,,0.2633245587348938,0.0941925048828125
,539,134,,0.2997246980667114,0.27587890625
2160,,135,0.5275073051452637,,0.0
2161,,135,0.44618791341781616,,0.0
2162,,135,0.5230633020401001,,3.0517578125e-05
2163,,135,0.45388540625572205,,0.0018768310546875
2164,,135,0.39682459831237793,,0.5993804931640625
2165,,135,0.31544801592826843,,0.378448486328125
2166,,135,0.48262399435043335,,0.01556396484375
2167,,135,0.32689693570137024,,0.067230224609375
2168,,135,0.5055949687957764,,1.52587890625e-05
2169,,135,0.4851299822330475,,0.0
2170,,135,0.3582459092140198,,0.0
2171,,135,0.6209111213684082,,0.0
2172,,135,0.44929713010787964,,0.1333160400390625
2173,,135,0.4282185137271881,,0.07415771484375
2174,,135,0.45979395508766174,,0.0073699951171875
2175,,135,0.5343037843704224,,0.0608062744140625
,540,135,,0.2132841944694519,0.2125701904296875
,541,135,,0.34184199571609497,0.0781402587890625
,542,135,,0.39866745471954346,0.0941925048828125
,543,135,,0.283220499753952,0.27587890625
2176,,136,0.42597246170043945,,0.0
2177,,136,0.49217456579208374,,0.0
2178,,136,0.5811024904251099,,3.0517578125e-05
2179,,136,0.4870609939098358,,0.0018768310546875
2180,,136,0.3773173391819,,0.5993804931640625
2181,,136,0.2685408890247345,,0.378448486328125
2182,,136,0.6348898410797119,,0.01556396484375
2183,,136,0.48551684617996216,,0.067230224609375
2184,,136,0.48220932483673096,,1.52587890625e-05
2185,,136,0.5945624113082886,,0.0
2186,,136,0.4270778000354767,,0.0
2187,,136,0.4904521703720093,,0.0
2188,,136,0.4178818464279175,,0.1333160400390625
2189,,136,0.3468289375305176,,0.07415771484375
2190,,136,0.4961695671081543,,0.0073699951171875
2191,,136,0.4248620867729187,,0.0608062744140625
,544,136,,0.34389370679855347,0.2125701904296875
,545,136,,0.4766838550567627,0.0781402587890625
,546,136,,0.4153241217136383,0.0941925048828125
,547,136,,0.17779991030693054,0.27587890625
2192,,137,0.5278992056846619,,0.0
2193,,137,0.37473809719085693,,0.0
2194,,137,0.45249322056770325,,3.0517578125e-05
2195,,137,0.5220354795455933,,0.0018768310546875
2196,,137,0.3404415249824524,,0.5993804931640625
2197,,137,0.35516348481178284,,0.378448486328125
2198,,137,0.5145529508590698,,0.01556396484375
2199,,137,0.37309888005256653,,0.067230224609375
2200,,137,0.56263267993927,,1.52587890625e-05
2201,,137,0.41639193892478943,,0.0
2202,,137,0.5801772475242615,,0.0
2203,,137,0.5147554278373718,,0.0
2204,,137,0.4381636083126068,,0.1333160400390625
2205,,137,0.48343968391418457,,0.07415771484375
2206,,137,0.4907758831977844,,0.0073699951171875
2207,,137,0.4406191110610962,,0.0608062744140625
,548,137,,0.2099495828151703,0.2125701904296875
,549,137,,0.2915165424346924,0.0781402587890625
,550,137,,0.3285922706127167,0.0941925048828125
,551,137,,0.15795138478279114,0.27587890625
2208,,138,0.5522192716598511,,0.0
2209,,138,0.5279138684272766,,0.0
2210,,138,0.5438573956489563,,3.0517578125e-05
2211,,138,0.6439288854598999,,0.0018768310546875
2212,,138,0.4044388234615326,,0.5993804931640625
2213,,138,0.4112042784690857,,0.378448486328125
2214,,138,0.5211250185966492,,0.01556396484375
2215,,138,0.2898007035255432,,0.067230224609375
2216,,138,0.3979346752166748,,1.52587890625e-05
2217,,138,0.5101271867752075,,0.0
2218,,138,0.4333765506744385,,0.0
2219,,138,0.42207950353622437,,0.0
2220,,138,0.4653511047363281,,0.1333160400390625
2221,,138,0.5121440887451172,,0.07415771484375
2222,,138,0.5184866189956665,,0.0073699951171875
2223,,138,0.5021669864654541,,0.0608062744140625
,552,138,,0.2559437155723572,0.2125701904296875
,553,138,,0.369895339012146,0.0781402587890625
,554,138,,0.27109238505363464,0.0941925048828125
,555,138,,0.22912468016147614,0.27587890625
2224,,139,0.4246428608894348,,0.0
2225,,139,0.5403190851211548,,0.0
2226,,139,0.48368191719055176,,3.0517578125e-05
2227,,139,0.49327352643013,,0.0018768310546875
2228,,139,0.3289543390274048,,0.5993804931640625
2229,,139,0.34525513648986816,,0.378448486328125
2230,,139,0.5942336320877075,,0.01556396484375
2231,,139,0.3649563491344452,,0.067230224609375
2232,,139,0.5326088666915894,,1.52587890625e-05
2233,,139,0.3978012800216675,,0.0
2234,,139,0.342536598443985,,0.0
2235,,139,0.32601773738861084,,0.0
2236,,139,0.513823926448822,,0.1333160400390625
2237,,139,0.441387414932251,,0.07415771484375
2238,,139,0.3878653049468994,,0.0073699951171875
2239,,139,0.5045937299728394,,0.0608062744140625
,556,139,,0.31892919540405273,0.2125701904296875
,557,139,,0.4484068751335144,0.0781402587890625
,558,139,,0.34505993127822876,0.0941925048828125
,559,139,,0.2570251226425171,0.27587890625
2240,,140,0.5636026859283447,,0.0
2241,,140,0.47902920842170715,,0.0
2242,,140,0.5657646059989929,,3.0517578125e-05
2243,,140,0.43273454904556274,,0.0018768310546875
2244,,140,0.3583562970161438,,0.5993804931640625
2245,,140,0.31509849429130554,,0.378448486328125
2246,,140,0.6310849189758301,,0.01556396484375
2247,,140,0.44063830375671387,,0.067230224609375
2248,,140,0.5785462260246277,,1.52587890625e-05
2249,,140,0.5354148149490356,,0.0
2250,,140,0.5683073997497559,,0.0
2251,,140,0.524330198764801,,0.0
2252,,140,0.4096350073814392,,0.1333160400390625
2253,,140,0.40939822793006897,,0.07415771484375
2254,,140,0.5128315687179565,,0.0073699951171875
2255,,140,0.3987061381340027,,0.0608062744140625
,560,140,,0.3425471782684326,0.2125701904296875
,561,140,,0.35484182834625244,0.0781402587890625
,562,140,,0.3964640498161316,0.0941925048828125
,563,140,,0.26264190673828125,0.27587890625
2256,,141,0.4714595675468445,,0.0
2257,,141,0.5627397298812866,,0.0
2258,,141,0.39813464879989624,,3.0517578125e-05
2259,,141,0.48330873250961304,,0.0018768310546875
2260,,141,0.39949095249176025,,0.5993804931640625
2261,,141,0.33654290437698364,,0.378448486328125
2262,,141,0.3586828410625458,,0.01556396484375
2263,,141,0.5152634382247925,,0.067230224609375
2264,,141,0.46172869205474854,,1.52587890625e-05
2265,,141,0.49582356214523315,,0.0
2266,,141,0.4843810200691223,,0.0
2267,,141,0.4933006167411804,,0.0
2268,,141,0.4393147826194763,,0.1333160400390625
2269,,141,0.4505704641342163,,0.07415771484375
2270,,141,0.5546068549156189,,0.0073699951171875
2271,,141,0.4374026656150818,,0.0608062744140625
,564,141,,0.1663600504398346,0.2125701904296875
,565,141,,0.27450478076934814,0.0781402587890625
,566,141,,0.40566879510879517,0.0941925048828125
,567,141,,0.21009284257888794,0.27587890625
2272,,142,0.5440651774406433,,0.0
2273,,142,0.43554240465164185,,0.0
2274,,142,0.48295751214027405,,3.0517578125e-05
2275,,142,0.4675235152244568,,0.0018768310546875
2276,,142,0.348320335149765,,0.5993804931640625
2277,,142,0.3293308615684509,,0.378448486328125
2278,,142,0.41967105865478516,,0.01556396484375
2279,,142,0.46706467866897583,,0.067230224609375
2280,,142,0.4550611972808838,,1.52587890625e-05
2281,,142,0.452909916639328,,0.0
2282,,142,0.4091993570327759,,0.0
2283,,142,0.5644952654838562,,0.0
2284,,142,0.30306461453437805,,0.1333160400390625
2285,,142,0.557936429977417,,0.07415771484375
2286,,142,0.400913268327713,,0.0073699951171875
2287,,142,0.5531409978866577,,0.0608062744140625
,568,142,,0.4312881827354431,0.2125701904296875
,569,142,,0.5237509608268738,0.0781402587890625
,570,142,,0.4240747094154358,0.0941925048828125
,571,142,,0.24889597296714783,0.27587890625
2288,,143,0.3834696114063263,,0.0
2289,,143,0.4207577705383301,,0.0
2290,,143,0.35572072863578796,,3.0517578125e-05
2291,,143,0.548454225063324,,0.0018768310546875
2292,,143,0.41878679394721985,,0.5993804931640625
2293,,143,0.29499340057373047,,0.378448486328125
2294,,143,0.5144019722938538,,0.01556396484375
2295,,143,0.45522958040237427,,0.067230224609375
2296,,143,0.5384203195571899,,1.52587890625e-05
2297,,143,0.5526074171066284,,0.0
2298,,143,0.5201238393783569,,0.0
2299,,143,0.3745321035385132,,0.0
2300,,143,0.37253549695014954,,0.1333160400390625
2301,,143,0.3521629273891449,,0.07415771484375
2302,,143,0.44413459300994873,,0.0073699951171875
2303,,143,0.43461689352989197,,0.0608062744140625
,572,143,,0.21719838678836823,0.2125701904296875
,573,143,,0.4267786145210266,0.0781402587890625
,574,143,,0.4875659942626953,0.0941925048828125
,575,143,,0.23942959308624268,0.27587890625
2304,,144,0.4861084222793579,,0.0
2305,,144,0.47426873445510864,,0.0
2306,,144,0.5682693123817444,,3.0517578125e-05
2307,,144,0.3487918972969055,,0.0018768310546875
2308,,144,0.3595227897167206,,0.5993804931640625
2309,,144,0.30822622776031494,,0.378448486328125
2310,,144,0.46591877937316895,,0.01556396484375
2311,,144,0.4821797013282776,,0.067230224609375
2312,,144,0.5954840183258057,,1.52587890625e-05
2313,,144,0.5893044471740723,,0.0
2314,,144,0.479333758354187,,0.0
2315,,144,0.49601447582244873,,0.0
2316,,144,0.4004172682762146,,0.1333160400390625
2317,,144,0.517405092716217,,0.07415771484375
2318,,144,0.4481237232685089,,0.0073699951171875
2319,,144,0.5003807544708252,,0.0608062744140625
,576,144,,0.3200111985206604,0.2125701904296875
,577,144,,0.40328264236450195,0.0781402587890625
,578,144,,0.2902021110057831,0.0941925048828125
,579,144,,0.29410821199417114,0.27587890625
2320,,145,0.4245174527168274,,0.0
2321,,145,0.4844151437282562,,0.0
2322,,145,0.4564037621021271,,3.0517578125e-05
2323,,145,0.40283873677253723,,0.0018768310546875
2324,,145,0.4189375042915344,,0.5993804931640625
2325,,145,0.28178671002388,,0.378448486328125
2326,,145,0.5091441869735718,,0.01556396484375
2327,,145,0.35011646151542664,,0.067230224609375
2328,,145,0.4292312562465668,,1.52587890625e-05
2329,,145,0.5247169137001038,,0.0
2330,,145,0.5067190527915955,,0.0
2331,,145,0.539607048034668,,0.0
2332,,145,0.37693241238594055,,0.1333160400390625
2333,,145,0.42535555362701416,,0.07415771484375
2334,,145,0.5735841989517212,,0.0073699951171875
2335,,145,0.446904718875885,,0.0608062744140625
,580,145,,0.2394087165594101,0.2125701904296875
,581,145,,0.3855602443218231,0.0781402587890625
,582,145,,0.32089248299598694,0.0941925048828125
,583,145,,0.1989021748304367,0.27587890625
2336,,146,0.5328205823898315,,0.0
2337,,146,0.5910156965255737,,0.0
2338,,146,0.4633702039718628,,3.0517578125e-05
2339,,146,0.5762497186660767,,0.0018768310546875
2340,,146,0.363931804895401,,0.5993804931640625
2341,,146,0.3677019476890564,,0.378448486328125
2342,,146,0.3783145546913147,,0.01556396484375
2343,,146,0.46636122465133667,,0.067230224609375
2344,,146,0.3394020199775696,,1.52587890625e-05
2345,,146,0.407051146030426,,0.0
2346,,146,0.524511456489563,,0.0
2347,,146,0.4877173602581024,,0.0
2348,,146,0.38460418581962585,,0.1333160400390625
2349,,146,0.42875683307647705,,0.07415771484375
2350,,146,0.40743446350097656,,0.0073699951171875
2351,,146,0.35885339975357056,,0.0608062744140625
,584,146,,0.24053940176963806,0.2125701904296875
,585,146,,0.5541906952857971,0.0781402587890625
,586,146,,0.4108733534812927,0.0941925048828125
,587,146,,0.12247422337532043,0.27587890625
2352,,147,0.5749607682228088,,0.0
2353,,147,0.5729641914367676,,0.0
2354,,147,0.5094487071037292,,3.0517578125e-05
2355,,147,0.4652845859527588,,0.0018768310546875
2356,,147,0.34738343954086304,,0.5993804931640625
2357,,147,0.34373825788497925,,0.378448486328125
2358,,147,0.4502868056297302,,0.01556396484375
2359,,147,0.3329175114631653,,0.067230224609375
2360,,147,0.5394080877304077,,1.52587890625e-05
2361,,147,0.47657108306884766,,0.0
2362,,147,0.48524442315101624,,0.0
2363,,147,0.4230092465877533,,0.0
2364,,147,0.3205272853374481,,0.1333160400390625
2365,,147,0.4796069860458374,,0.07415771484375
2366,,147,0.5313149690628052,,0.0073699951171875
2367,,147,0.5306282043457031,,0.0608062744140625
,588,147,,0.34412193298339844,0.2125701904296875
,589,147,,0.36739617586135864,0.0781402587890625
,590,147,,0.3884167969226837,0.0941925048828125
,591,147,,0.2551201283931732,0.27587890625
2368,,148,0.5499665141105652,,0.0
2369,,148,0.4740392565727234,,0.0
2370,,148,0.4830830991268158,,3.0517578125e-05
2371,,148,0.6105035543441772,,0.0018768310546875
2372,,148,0.4114154875278473,,0.5993804931640625
2373,,148,0.39052391052246094,,0.378448486328125
2374,,148,0.4165124297142029,,0.01556396484375
2375,,148,0.4964718520641327,,0.067230224609375
2376,,148,0.5429975986480713,,1.52587890625e-05
2377,,148,0.4877813756465912,,0.0
2378,,148,0.34499087929725647,,0.0
2379,,148,0.46217209100723267,,0.0
2380,,148,0.4368721842765808,,0.1333160400390625
2381,,148,0.3625231981277466,,0.07415771484375
2382,,148,0.6351602077484131,,0.0073699951171875
2383,,148,0.4237000346183777,,0.0608062744140625
,592,148,,0.3138340413570404,0.2125701904296875
,593,148,,0.4791146218776703,0.0781402587890625
,594,148,,0.47042208909988403,0.0941925048828125
,595,148,,0.28577321767807007,0.27587890625
2384,,149,0.4544619917869568,,0.0
2385,,149,0.5086162090301514,,0.0
2386,,149,0.4089950919151306,,3.0517578125e-05
2387,,149,0.5414524078369141,,0.0018768310546875
2388,,149,0.36899322271347046,,0.5993804931640625
2389,,149,0.35370659828186035,,0.378448486328125
2390,,149,0.4630841016769409,,0.01556396484375
2391,,149,0.38361963629722595,,0.067230224609375
2392,,149,0.49834251403808594,,1.52587890625e-05
2393,,149,0.5715866684913635,,0.0
2394,,149,0.4654155969619751,,0.0
2395,,149,0.5877794623374939,,0.0
2396,,149,0.39418357610702515,,0.1333160400390625
2397,,149,0.5260744094848633,,0.07415771484375
2398,,149,0.5786535143852234,,0.0073699951171875
2399,,149,0.43850821256637573,,0.0608062744140625
,596,149,,0.29664894938468933,0.2125701904296875
,597,149,,0.33314406871795654,0.0781402587890625
,598,149,,0.4761711657047272,0.0941925048828125
,599,149,,0.25168511271476746,0.27587890625
2400,,150,0.5360842943191528,,0.0
2401,,150,0.5907047986984253,,0.0
2402,,150,0.46888813376426697,,3.0517578125e-05
2403,,150,0.5471500158309937,,0.0018768310546875
2404,,150,0.395951509475708,,0.5993804931640625
2405,,150,0.32135969400405884,,0.378448486328125
2406,,150,0.49783217906951904,,0.01556396484375
2407,,150,0.5003610849380493,,0.067230224609375
2408,,150,0.41046178340911865,,1.52587890625e-05
2409,,150,0.5437171459197998,,0.0
2410,,150,0.5115828514099121,,0.0
2411,,150,0.558354377746582,,0.0
2412,,150,0.35237494111061096,,0.1333160400390625
2413,,150,0.40626436471939087,,0.07415771484375
2414,,150,0.45856767892837524,,0.0073699951171875
2415,,150,0.5185867547988892,,0.0608062744140625
,600,150,,0.311648428440094,0.2125701904296875
,601,150,,0.3712606728076935,0.0781402587890625
,602,150,,0.600894033908844,0.0941925048828125
,603,150,,0.26397132873535156,0.27587890625
2416,,151,0.44942986965179443,,0.0
2417,,151,0.5265211462974548,,0.0
2418,,151,0.4628111720085144,,3.0517578125e-05
2419,,151,0.6163880825042725,,0.0018768310546875
2420,,151,0.3944236636161804,,0.5993804931640625
2421,,151,0.37410300970077515,,0.378448486328125
2422,,151,0.4013579487800598,,0.01556396484375
2423,,151,0.3862404525279999,,0.067230224609375
2424,,151,0.4492420554161072,,1.52587890625e-05
2425,,151,0.5384349822998047,,0.0
2426,,151,0.5635980367660522,,0.0
2427,,151,0.5643206238746643,,0.0
2428,,151,0.326710045337677,,0.1333160400390625
2429,,151,0.46658918261528015,,0.07415771484375
2430,,151,0.5498045682907104,,0.0073699951171875
2431,,151,0.4088217616081238,,0.0608062744140625
,604,151,,0.20240432024002075,0.2125701904296875
,605,151,,0.40587443113327026,0.0781402587890625
,606,151,,0.4887077808380127,0.0941925048828125
,607,151,,0.3096369504928589,0.27587890625
2432,,152,0.5046724081039429,,0.0
2433,,152,0.3783828020095825,,0.0
2434,,152,0.407166063785553,,3.0517578125e-05
2435,,152,0.5311570167541504,,0.0018768310546875
2436,,152,0.3363059163093567,,0.5993804931640625
2437,,152,0.33700644969940186,,0.378448486328125
2438,,152,0.5008661150932312,,0.01556396484375
2439,,152,0.3395698666572571,,0.067230224609375
2440,,152,0.3798254132270813,,1.52587890625e-05
2441,,152,0.40684565901756287,,0.0
2442,,152,0.5805178880691528,,0.0
2443,,152,0.570174515247345,,0.0
2444,,152,0.3666526675224304,,0.1333160400390625
2445,,152,0.3281387686729431,,0.07415771484375
2446,,152,0.5926823616027832,,0.0073699951171875
2447,,152,0.4297051727771759,,0.0608062744140625
,608,152,,0.20335449278354645,0.2125701904296875
,609,152,,0.43299242854118347,0.0781402587890625
,610,152,,0.4106597602367401,0.0941925048828125
,611,152,,0.31088578701019287,0.27587890625
2448,,153,0.6222898960113525,,0.0
2449,,153,0.43624264001846313,,0.0
2450,,153,0.549821138381958,,3.0517578125e-05
2451,,153,0.533061146736145,,0.0018768310546875
2452,,153,0.37857717275619507,,0.5993804931640625
2453,,153,0.2922573983669281,,0.378448486328125
2454,,153,0.5094723701477051,,0.01556396484375
2455,,153,0.4544795751571655,,0.067230224609375
2456,,153,0.47122931480407715,,1.52587890625e-05
2457,,153,0.4956957697868347,,0.0
2458,,153,0.5114085674285889,,0.0
2459,,153,0.4064182639122009,,0.0
2460,,153,0.45908939838409424,,0.1333160400390625
2461,,153,0.37723249197006226,,0.07415771484375
2462,,153,0.5876703262329102,,0.0073699951171875
2463,,153,0.34962835907936096,,0.0608062744140625
,612,153,,0.34135153889656067,0.2125701904296875
,613,153,,0.39930540323257446,0.0781402587890625
,614,153,,0.42025434970855713,0.0941925048828125
,615,153,,0.11067165434360504,0.27587890625
2464,,154,0.37830808758735657,,0.0
2465,,154,0.48536306619644165,,0.0
2466,,154,0.49337297677993774,,3.0517578125e-05
2467,,154,0.3896222710609436,,0.0018768310546875
2468,,154,0.3778083622455597,,0.5993804931640625
2469,,154,0.32420578598976135,,0.378448486328125
2470,,154,0.6104797124862671,,0.01556396484375
2471,,154,0.42072615027427673,,0.067230224609375
2472,,154,0.5527527332305908,,1.52587890625e-05
2473,,154,0.40051478147506714,,0.0
2474,,154,0.3895661532878876,,0.0
2475,,154,0.4855918288230896,,0.0
2476,,154,0.34159761667251587,,0.1333160400390625
2477,,154,0.43323805928230286,,0.07415771484375
2478,,154,0.6359514594078064,,0.0073699951171875
2479,,154,0.4219079613685608,,0.0608062744140625
,616,154,,0.2886089086532593,0.2125701904296875
,617,154,,0.42680656909942627,0.0781402587890625
,618,154,,0.39366215467453003,0.0941925048828125
,619,154,,0.10388246923685074,0.27587890625
2480,,155,0.3559740483760834,,0.0
2481,,155,0.44486096501350403,,0.0
2482,,155,0.5535601377487183,,3.0517578125e-05
2483,,155,0.6511252522468567,,0.0018768310546875
2484,,155,0.3513406217098236,,0.5993804931640625
2485,,155,0.30278390645980835,,0.378448486328125
2486,,155,0.4740501642227173,,0.01556396484375
2487,,155,0.40086299180984497,,0.067230224609375
2488,,155,0.5914304852485657,,1.52587890625e-05
2489,,155,0.5424245595932007,,0.0
2490,,155,0.5831019878387451,,0.0
2491,,155,0.47313833236694336,,0.0
2492,,155,0.41002047061920166,,0.1333160400390625
2493,,155,0.4685971140861511,,0.07415771484375
2494,,155,0.532172441482544,,0.0073699951171875
2495,,155,0.42700764536857605,,0.0608062744140625
,620,155,,0.42755380272865295,0.2125701904296875
,621,155,,0.3596321642398834,0.0781402587890625
,622,155,,0.3658526539802551,0.0941925048828125
,623,155,,0.2130749225616455,0.27587890625
2496,,156,0.3817681074142456,,0.0
2497,,156,0.5526682734489441,,0.0
2498,,156,0.41191667318344116,,3.0517578125e-05
2499,,156,0.48676198720932007,,0.0018768310546875
2500,,156,0.38647812604904175,,0.5993804931640625
2501,,156,0.31882089376449585,,0.378448486328125
2502,,156,0.3928312659263611,,0.01556396484375
2503,,156,0.4588527977466583,,0.067230224609375
2504,,156,0.45960360765457153,,1.52587890625e-05
2505,,156,0.5742688179016113,,0.0
2506,,156,0.5339543223381042,,0.0
2507,,156,0.503489077091217,,0.0
2508,,156,0.3542332053184509,,0.1333160400390625
2509,,156,0.45966434478759766,,0.07415771484375
2510,,156,0.4727216958999634,,0.0073699951171875
2511,,156,0.5814692974090576,,0.0608062744140625
,624,156,,0.3960215151309967,0.2125701904296875
,625,156,,0.5120251774787903,0.0781402587890625
,626,156,,0.37397289276123047,0.0941925048828125
,627,156,,0.2675265669822693,0.27587890625
2512,,157,0.527891993522644,,0.0
2513,,157,0.5397980213165283,,0.0
2514,,157,0.5620489120483398,,3.0517578125e-05
2515,,157,0.4677138924598694,,0.0018768310546875
2516,,157,0.3138037919998169,,0.5993804931640625
2517,,157,0.40378880500793457,,0.378448486328125
2518,,157,0.3842907249927521,,0.01556396484375
2519,,157,0.29518747329711914,,0.067230224609375
2520,,157,0.46555662155151367,,1.52587890625e-05
2521,,157,0.5204547643661499,,0.0
2522,,157,0.4170129895210266,,0.0
2523,,157,0.5989049673080444,,0.0
2524,,157,0.38495516777038574,,0.1333160400390625
2525,,157,0.432487815618515,,0.07415771484375
2526,,157,0.4518597722053528,,0.0073699951171875
2527,,157,0.583597719669342,,0.0608062744140625
,628,157,,0.41587507724761963,0.2125701904296875
,629,157,,0.3512417674064636,0.0781402587890625
,630,157,,0.40151554346084595,0.0941925048828125
,631,157,,0.14022526144981384,0.27587890625
2528,,158,0.608310878276825,,0.0
2529,,158,0.36350566148757935,,0.0
2530,,158,0.5713011026382446,,3.0517578125e-05
2531,,158,0.5105572938919067,,0.0018768310546875
2532,,158,0.36978840827941895,,0.5993804931640625
2533,,158,0.29986390471458435,,0.378448486328125
2534,,158,0.6292972564697266,,0.01556396484375
2535,,158,0.3913118839263916,,0.067230224609375
2536,,158,0.5145206451416016,,1.52587890625e-05
2537,,158,0.49685463309288025,,0.0
2538,,158,0.5230107307434082,,0.0
2539,,158,0.4094030261039734,,0.0
2540,,158,0.44458818435668945,,0.1333160400390625
2541,,158,0.37128499150276184,,0.07415771484375
2542,,158,0.32715463638305664,,0.0073699951171875
2543,,158,0.48710015416145325,,0.0608062744140625
,632,158,,0.24353726208209991,0.2125701904296875
,633,158,,0.5458688735961914,0.0781402587890625
,634,158,,0.5856842994689941,0.0941925048828125
,635,158,,0.21616554260253906,0.27587890625
2544,,159,0.480996310710907,,0.0
2545,,159,0.4539467692375183,,0.0
2546,,159,0.4587979018688202,,3.0517578125e-05
2547,,159,0.514590859413147,,0.0018768310546875
2548,,159,0.3429231643676758,,0.5993804931640625
2549,,159,0.3336731791496277,,0.378448486328125
2550,,159,0.4221894145011902,,0.01556396484375
2551,,159,0.3257907032966614,,0.067230224609375
2552,,159,0.5320829749107361,,1.52587890625e-05
2553,,159,0.44252198934555054,,0.0
2554,,159,0.4719793200492859,,0.0
2555,,159,0.4148354232311249,,0.0
2556,,159,0.41524404287338257,,0.1333160400390625
2557,,159,0.45934298634529114,,0.07415771484375
2558,,159,0.44954606890678406,,0.0073699951171875
2559,,159,0.4091913104057312,,0.0608062744140625
,636,159,,0.3073712885379791,0.2125701904296875
,637,159,,0.5419942140579224,0.0781402587890625
,638,159,,0.35457730293273926,0.0941925048828125
,639,159,,0.18559488654136658,0.27587890625
2560,,160,0.5151650309562683,,0.0
2561,,160,0.4747523069381714,,0.0
2562,,160,0.5190479755401611,,3.0517578125e-05
2563,,160,0.5119032859802246,,0.0018768310546875
2564,,160,0.4064224362373352,,0.5993804931640625
2565,,160,0.31617799401283264,,0.378448486328125
2566,,160,0.3975675106048584,,0.01556396484375
2567,,160,0.36759400367736816,,0.067230224609375
2568,,160,0.44387397170066833,,1.52587890625e-05
2569,,160,0.4397226572036743,,0.0
2570,,160,0.5279643535614014,,0.0
2571,,160,0.4522804915904999,,0.0
2572,,160,0.4053034782409668,,0.1333160400390625
2573,,160,0.38765162229537964,,0.07415771484375
2574,,160,0.31571459770202637,,0.0073699951171875
2575,,160,0.5073072910308838,,0.0608062744140625
,640,160,,0.29418879747390747,0.2125701904296875
,641,160,,0.46582844853401184,0.0781402587890625
,642,160,,0.30077141523361206,0.0941925048828125
,643,160,,0.2261645495891571,0.27587890625
2576,,161,0.41092345118522644,,0.0
2577,,161,0.5854188203811646,,0.0
2578,,161,0.5425066947937012,,3.0517578125e-05
2579,,161,0.5637045502662659,,0.0018768310546875
2580,,161,0.3884512782096863,,0.5993804931640625
2581,,161,0.31847304105758667,,0.378448486328125
2582,,161,0.568804144859314,,0.01556396484375
2583,,161,0.5319981575012207,,0.067230224609375
2584,,161,0.4473787844181061,,1.52587890625e-05
2585,,161,0.45211493968963623,,0.0
2586,,161,0.5600236654281616,,0.0
2587,,161,0.3888990879058838,,0.0
2588,,161,0.31797367334365845,,0.1333160400390625
2589,,161,0.37887927889823914,,0.07415771484375
2590,,161,0.477413535118103,,0.0073699951171875
2591,,161,0.35575899481773376,,0.0608062744140625
,644,161,,0.2952643632888794,0.2125701904296875
,645,161,,0.5208309888839722,0.0781402587890625
,646,161,,0.370186448097229,0.0941925048828125
,647,161,,0.2797154188156128,0.27587890625
2592,,162,0.48206913471221924,,0.0
2593,,162,0.5076878070831299,,0.0
2594,,162,0.39342790842056274,,3.0517578125e-05
2595,,162,0.5325992107391357,,0.0018768310546875
2596,,162,0.3627232313156128,,0.5993804931640625
2597,,162,0.35162943601608276,,0.378448486328125
2598,,162,0.5108382701873779,,0.01556396484375
2599,,162,0.35617247223854065,,0.067230224609375
2600,,162,0.5349096059799194,,1.52587890625e-05
2601,,162,0.5727071762084961,,0.0
2602,,162,0.42234867811203003,,0.0
2603,,162,0.5749474167823792,,0.0
2604,,162,0.48769551515579224,,0.1333160400390625
2605,,162,0.4047723114490509,,0.07415771484375
2606,,162,0.4255525469779968,,0.0073699951171875
2607,,162,0.4260901212692261,,0.0608062744140625
,648,162,,0.34930354356765747,0.2125701904296875
,649,162,,0.4298593997955322,0.0781402587890625
,650,162,,0.31436195969581604,0.0941925048828125
,651,162,,0.23453229665756226,0.27587890625
2608,,163,0.41450613737106323,,0.0
2609,,163,0.5023372769355774,,0.0
2610,,163,0.5210146903991699,,3.0517578125e-05
2611,,163,0.43380075693130493,,0.0018768310546875
2612,,163,0.37747275829315186,,0.5993804931640625
2613,,163,0.29302865266799927,,0.378448486328125
2614,,163,0.3869900703430176,,0.01556396484375
2615,,163,0.3942808508872986,,0.067230224609375
2616,,163,0.5404344201087952,,1.52587890625e-05
2617,,163,0.3690904974937439,,0.0
2618,,163,0.526480495929718,,0.0
2619,,163,0.6060240268707275,,0.0
2620,,163,0.28048962354660034,,0.1333160400390625
2621,,163,0.37565889954566956,,0.07415771484375
2622,,163,0.42688673734664917,,0.0073699951171875
2623,,163,0.3670860528945923,,0.0608062744140625
,652,163,,0.25077271461486816,0.2125701904296875
,653,163,,0.2475547194480896,0.0781402587890625
,654,163,,0.5032055377960205,0.0941925048828125
,655,163,,0.12545844912528992,0.27587890625
2624,,164,0.4898006319999695,,0.0
2625,,164,0.5110000371932983,,0.0
2626,,164,0.6028251051902771,,3.0517578125e-05
2627,,164,0.40334731340408325,,0.0018768310546875
2628,,164,0.35219693183898926,,0.5993804931640625
2629,,164,0.3249889612197876,,0.378448486328125
2630,,164,0.32757842540740967,,0.01556396484375
2631,,164,0.4976192116737366,,0.067230224609375
2632,,164,0.5348131060600281,,1.52587890625e-05
2633,,164,0.4116237163543701,,0.0
2634,,164,0.5431015491485596,,0.0
2635,,164,0.44924840331077576,,0.0
2636,,164,0.45304012298583984,,0.1333160400390625
2637,,164,0.3445318937301636,,0.07415771484375
2638,,164,0.5557153820991516,,0.0073699951171875
2639,,164,0.4273315668106079,,0.0608062744140625
,656,164,,0.28286248445510864,0.2125701904296875
,657,164,,0.4057888984680176,0.0781402587890625
,658,164,,0.4152598977088928,0.0941925048828125
,659,164,,0.1996365487575531,0.27587890625
2640,,165,0.5347405672073364,,0.0
2641,,165,0.6778388023376465,,0.0
2642,,165,0.5503178834915161,,3.0517578125e-05
2643,,165,0.42232656478881836,,0.0018768310546875
2644,,165,0.36526450514793396,,0.5993804931640625
2645,,165,0.31008824706077576,,0.378448486328125
2646,,165,0.5120859146118164,,0.01556396484375
2647,,165,0.4096377491950989,,0.067230224609375
2648,,165,0.3695901036262512,,1.52587890625e-05
2649,,165,0.4300234615802765,,0.0
2650,,165,0.5682146549224854,,0.0
2651,,165,0.4511631727218628,,0.0
2652,,165,0.4131113886833191,,0.1333160400390625
2653,,165,0.41175132989883423,,0.07415771484375
2654,,165,0.5459779500961304,,0.0073699951171875
2655,,165,0.4358424246311188,,0.0608062744140625
,660,165,,0.248130202293396,0.2125701904296875
,661,165,,0.2944912910461426,0.0781402587890625
,662,165,,0.3032981753349304,0.0941925048828125
,663,165,,0.1776382029056549,0.27587890625
2656,,166,0.5894513130187988,,0.0
2657,,166,0.5021177530288696,,0.0
2658,,166,0.3912798762321472,,3.0517578125e-05
2659,,166,0.4727458953857422,,0.0018768310546875
2660,,166,0.3499729633331299,,0.5993804931640625
2661,,166,0.2747877836227417,,0.378448486328125
2662,,166,0.4165332317352295,,0.01556396484375
2663,,166,0.4545796513557434,,0.067230224609375
2664,,166,0.32103148102760315,,1.52587890625e-05
2665,,166,0.5518137812614441,,0.0
2666,,166,0.5028722286224365,,0.0
2667,,166,0.47660666704177856,,0.0
2668,,166,0.33922794461250305,,0.1333160400390625
2669,,166,0.4532817006111145,,0.07415771484375
2670,,166,0.4872668981552124,,0.0073699951171875
2671,,166,0.42721492052078247,,0.0608062744140625
,664,166,,0.3552360534667969,0.2125701904296875
,665,166,,0.4092450439929962,0.0781402587890625
,666,166,,0.3734852373600006,0.0941925048828125
,667,166,,0.27355489134788513,0.27587890625
2672,,167,0.4980987310409546,,0.0
2673,,167,0.41770243644714355,,0.0
2674,,167,0.5279459953308105,,3.0517578125e-05
2675,,167,0.41341957449913025,,0.0018768310546875
2676,,167,0.38159000873565674,,0.5993804931640625
2677,,167,0.31312060356140137,,0.378448486328125
2678,,167,0.24668781459331512,,0.01556396484375
2679,,167,0.3024024963378906,,0.067230224609375
2680,,167,0.4447009265422821,,1.52587890625e-05
2681,,167,0.3363685607910156,,0.0
2682,,167,0.47878125309944153,,0.0
2683,,167,0.5557458400726318,,0.0
2684,,167,0.30390554666519165,,0.1333160400390625
2685,,167,0.4864857792854309,,0.07415771484375
2686,,167,0.4715077877044678,,0.0073699951171875
2687,,167,0.4361441433429718,,0.0608062744140625
,668,167,,0.3456808924674988,0.2125701904296875
,669,167,,0.47881805896759033,0.0781402587890625
,670,167,,0.3806619942188263,0.0941925048828125
,671,167,,0.2349703311920166,0.27587890625
2688,,168,0.3807951509952545,,0.0
2689,,168,0.5247101783752441,,0.0
2690,,168,0.4968416094779968,,3.0517578125e-05
2691,,168,0.5023757219314575,,0.0018768310546875
2692,,168,0.3732392191886902,,0.5993804931640625
2693,,168,0.2970845401287079,,0.378448486328125
2694,,168,0.4513476490974426,,0.01556396484375
2695,,168,0.26354819536209106,,0.067230224609375
2696,,168,0.46149301528930664,,1.52587890625e-05
2697,,168,0.5461360216140747,,0.0
2698,,168,0.6045444011688232,,0.0
2699,,168,0.5123998522758484,,0.0
2700,,168,0.32092809677124023,,0.1333160400390625
2701,,168,0.33736464381217957,,0.07415771484375
2702,,168,0.5476176142692566,,0.0073699951171875
2703,,168,0.5159244537353516,,0.0608062744140625
,672,168,,0.3878728151321411,0.2125701904296875
,673,168,,0.49490806460380554,0.0781402587890625
,674,168,,0.43821030855178833,0.0941925048828125
,675,168,,0.34566599130630493,0.27587890625
2704,,169,0.5290510654449463,,0.0
2705,,169,0.5449376702308655,,0.0
2706,,169,0.48723864555358887,,3.0517578125e-05
2707,,169,0.3799480199813843,,0.0018768310546875
2708,,169,0.3615465462207794,,0.5993804931640625
2709,,169,0.2831723392009735,,0.378448486328125
2710,,169,0.4073788523674011,,0.01556396484375
2711,,169,0.401647686958313,,0.067230224609375
2712,,169,0.6035974025726318,,1.52587890625e-05
2713,,169,0.4552465081214905,,0.0
2714,,169,0.4952250123023987,,0.0
2715,,169,0.49142536520957947,,0.0
2716,,169,0.35766100883483887,,0.1333160400390625
2717,,169,0.3351653516292572,,0.07415771484375
2718,,169,0.5184134840965271,,0.0073699951171875
2719,,169,0.49919167160987854,,0.0608062744140625
,676,169,,0.36416298151016235,0.2125701904296875
,677,169,,0.4806235730648041,0.0781402587890625
,678,169,,0.644608199596405,0.0941925048828125
,679,169,,0.24121755361557007,0.27587890625
2720,,170,0.5076003074645996,,0.0
2721,,170,0.48683619499206543,,0.0
2722,,170,0.5634633898735046,,3.0517578125e-05
2723,,170,0.49492618441581726,,0.0018768310546875
2724,,170,0.34886354207992554,,0.5993804931640625
2725,,170,0.27573081851005554,,0.378448486328125
2726,,170,0.4389458894729614,,0.01556396484375
2727,,170,0.43820518255233765,,0.067230224609375
2728,,170,0.478421688079834,,1.52587890625e-05
2729,,170,0.5796991586685181,,0.0
2730,,170,0.5660011768341064,,0.0
2731,,170,0.43106770515441895,,0.0
2732,,170,0.4053269028663635,,0.1333160400390625
2733,,170,0.4478919208049774,,0.07415771484375
2734,,170,0.5453657507896423,,0.0073699951171875
2735,,170,0.5075713396072388,,0.0608062744140625
,680,170,,0.2817171812057495,0.2125701904296875
,681,170,,0.4861949682235718,0.0781402587890625
,682,170,,0.3779991865158081,0.0941925048828125
,683,170,,0.19408643245697021,0.27587890625
2736,,171,0.5836530327796936,,0.0
2737,,171,0.5978360176086426,,0.0
2738,,171,0.4237668216228485,,3.0517578125e-05
2739,,171,0.501528263092041,,0.0018768310546875
2740,,171,0.33071544766426086,,0.5993804931640625
2741,,171,0.32829707860946655,,0.378448486328125
2742,,171,0.4303581714630127,,0.01556396484375
2743,,171,0.430537611246109,,0.067230224609375
2744,,171,0.48677435517311096,,1.52587890625e-05
2745,,171,0.5113985538482666,,0.0
2746,,171,0.49278542399406433,,0.0
2747,,171,0.4715860188007355,,0.0
2748,,171,0.41307929158210754,,0.1333160400390625
2749,,171,0.5860487222671509,,0.07415771484375
2750,,171,0.5109250545501709,,0.0073699951171875
2751,,171,0.3281727433204651,,0.0608062744140625
,684,171,,0.2523259222507477,0.2125701904296875
,685,171,,0.38941407203674316,0.0781402587890625
,686,171,,0.36817359924316406,0.0941925048828125
,687,171,,0.28684675693511963,0.27587890625
2752,,172,0.5175713300704956,,0.0
2753,,172,0.46420401334762573,,0.0
2754,,172,0.5324442982673645,,3.0517578125e-05
2755,,172,0.4138678014278412,,0.0018768310546875
2756,,172,0.325025737285614,,0.5993804931640625
2757,,172,0.3755899667739868,,0.378448486328125
2758,,172,0.3579774498939514,,0.01556396484375
2759,,172,0.5271743535995483,,0.067230224609375
2760,,172,0.49013271927833557,,1.52587890625e-05
2761,,172,0.4038363993167877,,0.0
2762,,172,0.3531181812286377,,0.0
2763,,172,0.492611825466156,,0.0
2764,,172,0.44537627696990967,,0.1333160400390625
2765,,172,0.534717321395874,,0.07415771484375
2766,,172,0.501951277256012,,0.0073699951171875
2767,,172,0.4070137143135071,,0.0608062744140625
,688,172,,0.2625417113304138,0.2125701904296875
,689,172,,0.5629909038543701,0.0781402587890625
,690,172,,0.4494498372077942,0.0941925048828125
,691,172,,0.2969813942909241,0.27587890625
2768,,173,0.3535441756248474,,0.0
2769,,173,0.42930281162261963,,0.0
2770,,173,0.5630350708961487,,3.0517578125e-05
2771,,173,0.4300616979598999,,0.0018768310546875
2772,,173,0.34746506810188293,,0.5993804931640625
2773,,173,0.3598296344280243,,0.378448486328125
2774,,173,0.4611089527606964,,0.01556396484375
2775,,173,0.4794912040233612,,0.067230224609375
2776,,173,0.2890873849391937,,1.52587890625e-05
2777,,173,0.44792667031288147,,0.0
2778,,173,0.49535858631134033,,0.0
2779,,173,0.5619593858718872,,0.0
2780,,173,0.4773479104042053,,0.1333160400390625
2781,,173,0.42006969451904297,,0.07415771484375
2782,,173,0.581621527671814,,0.0073699951171875
2783,,173,0.4669544994831085,,0.0608062744140625
,692,173,,0.40603822469711304,0.2125701904296875
,693,173,,0.2567238211631775,0.0781402587890625
,694,173,,0.43650001287460327,0.0941925048828125
,695,173,,0.32029837369918823,0.27587890625
2784,,174,0.6010768413543701,,0.0
2785,,174,0.3715445101261139,,0.0
2786,,174,0.5070744752883911,,3.0517578125e-05
2787,,174,0.5520706176757812,,0.0018768310546875
2788,,174,0.40281254053115845,,0.5993804931640625
2789,,174,0.3529990315437317,,0.378448486328125
2790,,174,0.32538872957229614,,0.01556396484375
2791,,174,0.3662518858909607,,0.067230224609375
2792,,174,0.3772566020488739,,1.52587890625e-05
2793,,174,0.3843500316143036,,0.0
2794,,174,0.4188365936279297,,0.0
2795,,174,0.5691562294960022,,0.0
2796,,174,0.28713560104370117,,0.1333160400390625
2797,,174,0.5472866892814636,,0.07415771484375
2798,,174,0.5520938634872437,,0.0073699951171875
2799,,174,0.6179370880126953,,0.0608062744140625
,696,174,,0.2390207201242447,0.2125701904296875
,697,174,,0.41552889347076416,0.0781402587890625
,698,174,,0.40602007508277893,0.0941925048828125
,699,174,,0.1998746693134308,0.27587890625
2800,,175,0.47404778003692627,,0.0
2801,,175,0.4978657066822052,,0.0
2802,,175,0.4870297312736511,,3.0517578125e-05
2803,,175,0.48193538188934326,,0.0018768310546875
2804,,175,0.31025004386901855,,0.5993804931640625
2805,,175,0.3861861824989319,,0.378448486328125
2806,,175,0.5385961532592773,,0.01556396484375
2807,,175,0.5050135254859924,,0.067230224609375
2808,,175,0.49881985783576965,,1.52587890625e-05
2809,,175,0.46225741505622864,,0.0
2810,,175,0.5722342729568481,,0.0
2811,,175,0.5700291991233826,,0.0
2812,,175,0.3753149211406708,,0.1333160400390625
2813,,175,0.5112135410308838,,0.07415771484375
2814,,175,0.45028239488601685,,0.0073699951171875
2815,,175,0.508603036403656,,0.0608062744140625
,700,175,,0.37246173620224,0.2125701904296875
,701,175,,0.46140000224113464,0.0781402587890625
,702,175,,0.2799515724182129,0.0941925048828125
,703,175,,0.2087482362985611,0.27587890625
2816,,176,0.5431367754936218,,0.0
2817,,176,0.5093382000923157,,0.0
2818,,176,0.5477656126022339,,3.0517578125e-05
2819,,176,0.3391370177268982,,0.0018768310546875
2820,,176,0.3560624420642853,,0.5993804931640625
2821,,176,0.35600048303604126,,0.378448486328125
2822,,176,0.39206576347351074,,0.01556396484375
2823,,176,0.37653815746307373,,0.067230224609375
2824,,176,0.5223169922828674,,1.52587890625e-05
2825,,176,0.5518812537193298,,0.0
2826,,176,0.5248263478279114,,0.0
2827,,176,0.5351693630218506,,0.0
2828,,176,0.3463844060897827,,0.1333160400390625
2829,,176,0.4158133566379547,,0.07415771484375
2830,,176,0.5662245154380798,,0.0073699951171875
2831,,176,0.45584559440612793,,0.0608062744140625
,704,176,,0.17921262979507446,0.2125701904296875
,705,176,,0.40678441524505615,0.0781402587890625
,706,176,,0.32435736060142517,0.0941925048828125
,707,176,,0.17191654443740845,0.27587890625
2832,,177,0.5299605131149292,,0.0
2833,,177,0.44240567088127136,,0.0
2834,,177,0.6248601675033569,,3.0517578125e-05
2835,,177,0.5141574144363403,,0.0018768310546875
2836,,177,0.4015330970287323,,0.5993804931640625
2837,,177,0.28012338280677795,,0.378448486328125
2838,,177,0.5184444189071655,,0.01556396484375
2839,,177,0.4047998785972595,,0.067230224609375
2840,,177,0.3771798312664032,,1.52587890625e-05
2841,,177,0.41009944677352905,,0.0
2842,,177,0.505785346031189,,0.0
2843,,177,0.4767300486564636,,0.0
2844,,177,0.349389910697937,,0.1333160400390625
2845,,177,0.45593613386154175,,0.07415771484375
2846,,177,0.5540952682495117,,0.0073699951171875
2847,,177,0.41616398096084595,,0.0608062744140625
,708,177,,0.18057794868946075,0.2125701904296875
,709,177,,0.413252055644989,0.0781402587890625
,710,177,,0.5320154428482056,0.0941925048828125
,711,177,,0.29602038860321045,0.27587890625
2848,,178,0.5759222507476807,,0.0
2849,,178,0.6163656711578369,,0.0
2850,,178,0.6713230609893799,,3.0517578125e-05
2851,,178,0.6008331179618835,,0.0018768310546875
2852,,178,0.38783901929855347,,0.5993804931640625
2853,,178,0.3233497440814972,,0.378448486328125
2854,,178,0.5038015842437744,,0.01556396484375
2855,,178,0.5650490522384644,,0.067230224609375
2856,,178,0.4789481461048126,,1.52587890625e-05
2857,,178,0.45336511731147766,,0.0
2858,,178,0.5016441941261292,,0.0
2859,,178,0.5084805488586426,,0.0
2860,,178,0.3781142830848694,,0.1333160400390625
2861,,178,0.4605245590209961,,0.07415771484375
2862,,178,0.5078043937683105,,0.0073699951171875
2863,,178,0.34980541467666626,,0.0608062744140625
,712,178,,0.26635950803756714,0.2125701904296875
,713,178,,0.48750802874565125,0.0781402587890625
,714,178,,0.3894425928592682,0.0941925048828125
,715,178,,0.21998804807662964,0.27587890625
2864,,179,0.3810887336730957,,0.0
2865,,179,0.4947645664215088,,0.0
2866,,179,0.4266113042831421,,3.0517578125e-05
2867,,179,0.5093832015991211,,0.0018768310546875
2868,,179,0.3332849144935608,,0.5993804931640625
2869,,179,0.29492539167404175,,0.378448486328125
2870,,179,0.46922218799591064,,0.01556396484375
2871,,179,0.5356461405754089,,0.067230224609375
2872,,179,0.5111148357391357,,1.52587890625e-05
2873,,179,0.4266219735145569,,0.0
2874,,179,0.47265467047691345,,0.0
2875,,179,0.5070632696151733,,0.0
2876,,179,0.27055925130844116,,0.1333160400390625
2877,,179,0.4264715015888214,,0.07415771484375
2878,,179,0.5341941118240356,,0.0073699951171875
2879,,179,0.5211503505706787,,0.0608062744140625
,716,179,,0.40011394023895264,0.2125701904296875
,717,179,,0.4459800720214844,0.0781402587890625
,718,179,,0.291694313287735,0.0941925048828125
,719,179,,0.23405878245830536,0.27587890625
2880,,180,0.4647103548049927,,0.0
2881,,180,0.46388185024261475,,0.0
2882,,180,0.5552735328674316,,3.0517578125e-05
2883,,180,0.5154517889022827,,0.0018768310546875
2884,,180,0.4170544743537903,,0.5993804931640625
2885,,180,0.29641827940940857,,0.378448486328125
2886,,180,0.5107235908508301,,0.01556396484375
2887,,180,0.4734308421611786,,0.067230224609375
2888,,180,0.515100359916687,,1.52587890625e-05
2889,,180,0.40590280294418335,,0.0
2890,,180,0.5458228588104248,,0.0
2891,,180,0.579632043838501,,0.0
2892,,180,0.388367235660553,,0.1333160400390625
2893,,180,0.5398765802383423,,0.07415771484375
2894,,180,0.5102605819702148,,0.0073699951171875
2895,,180,0.34472501277923584,,0.0608062744140625
,720,180,,0.27582645416259766,0.2125701904296875
,721,180,,0.37119320034980774,0.0781402587890625
,722,180,,0.24674303829669952,0.0941925048828125
,723,180,,0.22832812368869781,0.27587890625
2896,,181,0.5175069570541382,,0.0
2897,,181,0.5834614038467407,,0.0
2898,,181,0.5014030337333679,,3.0517578125e-05
2899,,181,0.5836594104766846,,0.0018768310546875
2900,,181,0.35527503490448,,0.5993804931640625
2901,,181,0.2956896424293518,,0.378448486328125
2902,,181,0.4058281183242798,,0.01556396484375
2903,,181,0.5489436388015747,,0.067230224609375
2904,,181,0.35970181226730347,,1.52587890625e-05
2905,,181,0.45693203806877136,,0.0
2906,,181,0.5674526691436768,,0.0
2907,,181,0.5361242890357971,,0.0
2908,,181,0.44474029541015625,,0.1333160400390625
2909,,181,0.3959755301475525,,0.07415771484375
2910,,181,0.3510090112686157,,0.0073699951171875
2911,,181,0.4542495906352997,,0.0608062744140625
,724,181,,0.278287410736084,0.2125701904296875
,725,181,,0.5240783095359802,0.0781402587890625
,726,181,,0.5075781941413879,0.0941925048828125
,727,181,,0.22877953946590424,0.27587890625
2912,,182,0.3518858551979065,,0.0
2913,,182,0.5096514225006104,,0.0
2914,,182,0.3510182499885559,,3.0517578125e-05
2915,,182,0.513105034828186,,0.0018768310546875
2916,,182,0.3764062523841858,,0.5993804931640625
2917,,182,0.390646755695343,,0.378448486328125
2918,,182,0.5306645035743713,,0.01556396484375
2919,,182,0.47027114033699036,,0.067230224609375
2920,,182,0.4839847683906555,,1.52587890625e-05
2921,,182,0.5592063665390015,,0.0
2922,,182,0.4547663927078247,,0.0
2923,,182,0.603192925453186,,0.0
2924,,182,0.3685725927352905,,0.1333160400390625
2925,,182,0.32995614409446716,,0.07415771484375
2926,,182,0.6484806537628174,,0.0073699951171875
2927,,182,0.5039704442024231,,0.0608062744140625
,728,182,,0.34768322110176086,0.2125701904296875
,729,182,,0.4845752716064453,0.0781402587890625
,730,182,,0.48774224519729614,0.0941925048828125
,731,182,,0.21384118497371674,0.27587890625
2928,,183,0.536064863204956,,0.0
2929,,183,0.4445243775844574,,0.0
2930,,183,0.4802098274230957,,3.0517578125e-05
2931,,183,0.4612906575202942,,0.0018768310546875
2932,,183,0.35034558176994324,,0.5993804931640625
2933,,183,0.3315894305706024,,0.378448486328125
2934,,183,0.5342199802398682,,0.01556396484375
2935,,183,0.4919029176235199,,0.067230224609375
2936,,183,0.6095883846282959,,1.52587890625e-05
2937,,183,0.45780232548713684,,0.0
2938,,183,0.4600508213043213,,0.0
2939,,183,0.5109968185424805,,0.0
2940,,183,0.38699036836624146,,0.1333160400390625
2941,,183,0.4344732165336609,,0.07415771484375
2942,,183,0.5714833736419678,,0.0073699951171875
2943,,183,0.4234962463378906,,0.0608062744140625
,732,183,,0.46143200993537903,0.2125701904296875
,733,183,,0.4188562035560608,0.0781402587890625
,734,183,,0.4680540859699249,0.0941925048828125
,735,183,,0.18296074867248535,0.27587890625
2944,,184,0.49685752391815186,,0.0
2945,,184,0.48757457733154297,,0.0
2946,,184,0.5336883068084717,,3.0517578125e-05
2947,,184,0.4524959325790405,,0.0018768310546875
2948,,184,0.3552711308002472,,0.5993804931640625
2949,,184,0.34430062770843506,,0.378448486328125
2950,,184,0.3804028630256653,,0.01556396484375
2951,,184,0.4982629716396332,,0.067230224609375
2952,,184,0.46813997626304626,,1.52587890625e-05
2953,,184,0.5786013007164001,,0.0
2954,,184,0.5792834758758545,,0.0
2955,,184,0.45437073707580566,,0.0
2956,,184,0.24403807520866394,,0.1333160400390625
2957,,184,0.483242392539978,,0.07415771484375
2958,,184,0.4339415729045868,,0.0073699951171875
2959,,184,0.4659959375858307,,0.0608062744140625
,736,184,,0.4060335159301758,0.2125701904296875
,737,184,,0.41548508405685425,0.0781402587890625
,738,184,,0.4104188084602356,0.0941925048828125
,739,184,,0.33491817116737366,0.27587890625
2960,,185,0.6087391376495361,,0.0
2961,,185,0.5072414875030518,,0.0
2962,,185,0.3957630395889282,,3.0517578125e-05
2963,,185,0.3672217130661011,,0.0018768310546875
2964,,185,0.3462238907814026,,0.5993804931640625
2965,,185,0.2914965748786926,,0.378448486328125
2966,,185,0.42107778787612915,,0.01556396484375
2967,,185,0.39963316917419434,,0.067230224609375
2968,,185,0.4125622510910034,,1.52587890625e-05
2969,,185,0.5221389532089233,,0.0
2970,,185,0.35612356662750244,,0.0
2971,,185,0.40883010625839233,,0.0
2972,,185,0.43990612030029297,,0.1333160400390625
2973,,185,0.4785926938056946,,0.07415771484375
2974,,185,0.4540040194988251,,0.0073699951171875
2975,,185,0.43207070231437683,,0.0608062744140625
,740,185,,0.32875296473503113,0.2125701904296875
,741,185,,0.46736419200897217,0.0781402587890625
,742,185,,0.28552794456481934,0.0941925048828125
,743,185,,0.2896541357040405,0.27587890625
2976,,186,0.4592862129211426,,0.0
2977,,186,0.4758625626564026,,0.0
2978,,186,0.662915825843811,,3.0517578125e-05
2979,,186,0.52013099193573,,0.0018768310546875
2980,,186,0.3515559434890747,,0.5993804931640625
2981,,186,0.3330889940261841,,0.378448486328125
2982,,186,0.4179550111293793,,0.01556396484375
2983,,186,0.44621020555496216,,0.067230224609375
2984,,186,0.5611615777015686,,1.52587890625e-05
2985,,186,0.42301684617996216,,0.0
2986,,186,0.5249563455581665,,0.0
2987,,186,0.4471616744995117,,0.0
2988,,186,0.4527553915977478,,0.1333160400390625
2989,,186,0.37886524200439453,,0.07415771484375
2990,,186,0.6229903101921082,,0.0073699951171875
2991,,186,0.40609118342399597,,0.0608062744140625
,744,186,,0.3995733857154846,0.2125701904296875
,745,186,,0.3160834312438965,0.0781402587890625
,746,186,,0.5283467173576355,0.0941925048828125
,747,186,,0.2120717465877533,0.27587890625
2992,,187,0.4476962685585022,,0.0
2993,,187,0.47274982929229736,,0.0
2994,,187,0.5605539083480835,,3.0517578125e-05
2995,,187,0.49307626485824585,,0.0018768310546875
2996,,187,0.33499035239219666,,0.5993804931640625
2997,,187,0.33799976110458374,,0.378448486328125
2998,,187,0.4829298257827759,,0.01556396484375
2999,,187,0.4142531752586365,,0.067230224609375
3000,,187,0.5845675468444824,,1.52587890625e-05
3001,,187,0.4794091582298279,,0.0
3002,,187,0.48183560371398926,,0.0
3003,,187,0.5329045057296753,,0.0
3004,,187,0.29549986124038696,,0.1333160400390625
3005,,187,0.32049208879470825,,0.07415771484375
3006,,187,0.49831926822662354,,0.0073699951171875
3007,,187,0.3798518478870392,,0.0608062744140625
,748,187,,0.3170788884162903,0.2125701904296875
,749,187,,0.5974437594413757,0.0781402587890625
,750,187,,0.22652047872543335,0.0941925048828125
,751,187,,0.10610827803611755,0.27587890625
3008,,188,0.34777748584747314,,0.0
3009,,188,0.5105780363082886,,0.0
3010,,188,0.45941177010536194,,3.0517578125e-05
3011,,188,0.5935860276222229,,0.0018768310546875
3012,,188,0.4018443524837494,,0.5993804931640625
3013,,188,0.2842976152896881,,0.378448486328125
3014,,188,0.44806593656539917,,0.01556396484375
3015,,188,0.5025227069854736,,0.067230224609375
3016,,188,0.47405317425727844,,1.52587890625e-05
3017,,188,0.678698718547821,,0.0
3018,,188,0.6120757460594177,,0.0
3019,,188,0.49846982955932617,,0.0
3020,,188,0.42019808292388916,,0.1333160400390625
3021,,188,0.3995112180709839,,0.07415771484375
3022,,188,0.6179366111755371,,0.0073699951171875
3023,,188,0.5217270255088806,,0.0608062744140625
,752,188,,0.2976233959197998,0.2125701904296875
,753,188,,0.4961112141609192,0.0781402587890625
,754,188,,0.5388108491897583,0.0941925048828125
,755,188,,0.14414851367473602,0.27587890625
3024,,189,0.533615231513977,,0.0
3025,,189,0.3896290063858032,,0.0
3026,,189,0.5439373254776001,,3.0517578125e-05
3027,,189,0.44805967807769775,,0.0018768310546875
3028,,189,0.4140211343765259,,0.5993804931640625
3029,,189,0.3191390633583069,,0.378448486328125
3030,,189,0.3838614523410797,,0.01556396484375
3031,,189,0.3867817521095276,,0.067230224609375
3032,,189,0.3716611862182617,,1.52587890625e-05
3033,,189,0.5972354412078857,,0.0
3034,,189,0.6146829724311829,,0.0
3035,,189,0.5465603470802307,,0.0
3036,,189,0.4157191514968872,,0.1333160400390625
3037,,189,0.3344177007675171,,0.07415771484375
3038,,189,0.36831438541412354,,0.0073699951171875
3039,,189,0.42043888568878174,,0.0608062744140625
,756,189,,0.22041410207748413,0.2125701904296875
,757,189,,0.567554235458374,0.0781402587890625
,758,189,,0.41510385274887085,0.0941925048828125
,759,189,,0.17934417724609375,0.27587890625
3040,,190,0.4672320783138275,,0.0
3041,,190,0.4456745386123657,,0.0
3042,,190,0.5021817684173584,,3.0517578125e-05
3043,,190,0.47661063075065613,,0.0018768310546875
3044,,190,0.3750932514667511,,0.5993804931640625
3045,,190,0.36726146936416626,,0.378448486328125
3046,,190,0.46112576127052307,,0.01556396484375
3047,,190,0.32278236746788025,,0.067230224609375
3048,,190,0.5050313472747803,,1.52587890625e-05
3049,,190,0.4937123656272888,,0.0
3050,,190,0.518129289150238,,0.0
3051,,190,0.5852212905883789,,0.0
3052,,190,0.3655245304107666,,0.1333160400390625
3053,,190,0.45249778032302856,,0.07415771484375
3054,,190,0.3494042158126831,,0.0073699951171875
3055,,190,0.48259902000427246,,0.0608062744140625
,760,190,,0.2235468029975891,0.2125701904296875
,761,190,,0.4114784002304077,0.0781402587890625
,762,190,,0.35490360856056213,0.0941925048828125
,763,190,,0.20565254986286163,0.27587890625
3056,,191,0.429668128490448,,0.0
3057,,191,0.38652491569519043,,0.0
3058,,191,0.5055692195892334,,3.0517578125e-05
3059,,191,0.5051131248474121,,0.0018768310546875
3060,,191,0.356106162071228,,0.5993804931640625
3061,,191,0.2900557816028595,,0.378448486328125
3062,,191,0.342768132686615,,0.01556396484375
3063,,191,0.4613276720046997,,0.067230224609375
3064,,191,0.49597159028053284,,1.52587890625e-05
3065,,191,0.49633628129959106,,0.0
3066,,191,0.5860618948936462,,0.0
3067,,191,0.45156872272491455,,0.0
3068,,191,0.3829618990421295,,0.1333160400390625
3069,,191,0.4537231922149658,,0.07415771484375
3070,,191,0.5399811267852783,,0.0073699951171875
3071,,191,0.39665454626083374,,0.0608062744140625
,764,191,,0.34686654806137085,0.2125701904296875
,765,191,,0.45416808128356934,0.0781402587890625
,766,191,,0.3267367482185364,0.0941925048828125
,767,191,,0.14503391087055206,0.27587890625
3072,,192,0.5096149444580078,,0.0
3073,,192,0.40913423895835876,,0.0
3074,,192,0.6046090126037598,,3.0517578125e-05
3075,,192,0.41950035095214844,,0.0018768310546875
3076,,192,0.3319834768772125,,0.5993804931640625
3077,,192,0.3173443078994751,,0.378448486328125
3078,,192,0.5429694652557373,,0.01556396484375
3079,,192,0.5290383100509644,,0.067230224609375
3080,,192,0.6642512083053589,,1.52587890625e-05
3081,,192,0.5202036499977112,,0.0
3082,,192,0.5362516045570374,,0.0
3083,,192,0.41321563720703125,,0.0
3084,,192,0.43326935172080994,,0.1333160400390625
3085,,192,0.5187199711799622,,0.07415771484375
3086,,192,0.5499813556671143,,0.0073699951171875
3087,,192,0.469083309173584,,0.0608062744140625
,768,192,,0.361178994178772,0.2125701904296875
,769,192,,0.32680052518844604,0.0781402587890625
,770,192,,0.49163931608200073,0.0941925048828125
,771,192,,0.28922227025032043,0.27587890625
3088,,193,0.42134398221969604,,0.0
3089,,193,0.5758107900619507,,0.0
3090,,193,0.548812747001648,,3.0517578125e-05
3091,,193,0.5654084086418152,,0.0018768310546875
3092,,193,0.36574554443359375,,0.5993804931640625
3093,,193,0.30577391386032104,,0.378448486328125
3094,,193,0.5160107612609863,,0.01556396484375
3095,,193,0.3963313400745392,,0.067230224609375
3096,,193,0.5384461283683777,,1.52587890625e-05
3097,,193,0.4724653959274292,,0.0
3098,,193,0.5059237480163574,,0.0
3099,,193,0.507262110710144,,0.0
3100,,193,0.3530994653701782,,0.1333160400390625
3101,,193,0.4993569254875183,,0.07415771484375
3102,,193,0.5077027082443237,,0.0073699951171875
3103,,193,0.5423228740692139,,0.0608062744140625
,772,193,,0.19928544759750366,0.2125701904296875
,773,193,,0.5356646776199341,0.0781402587890625
,774,193,,0.4281948208808899,0.0941925048828125
,775,193,,0.27007269859313965,0.27587890625
3104,,194,0.5610778331756592,,0.0
3105,,194,0.4416225552558899,,0.0
3106,,194,0.362864226102829,,3.0517578125e-05
3107,,194,0.47790080308914185,,0.0018768310546875
3108,,194,0.37622857093811035,,0.5993804931640625
3109,,194,0.36478984355926514,,0.378448486328125
3110,,194,0.4473535716533661,,0.01556396484375
3111,,194,0.4733206629753113,,0.067230224609375
3112,,194,0.4802137315273285,,1.52587890625e-05
3113,,194,0.46213650703430176,,0.0
3114,,194,0.41796571016311646,,0.0
3115,,194,0.39705798029899597,,0.0
3116,,194,0.3746654987335205,,0.1333160400390625
3117,,194,0.4211283028125763,,0.07415771484375
3118,,194,0.573989748954773,,0.0073699951171875
3119,,194,0.4092855453491211,,0.0608062744140625
,776,194,,0.30209457874298096,0.2125701904296875
,777,194,,0.4331997334957123,0.0781402587890625
,778,194,,0.3768976330757141,0.0941925048828125
,779,194,,0.2899976968765259,0.27587890625
3120,,195,0.46432846784591675,,0.0
3121,,195,0.508794903755188,,0.0
3122,,195,0.37135520577430725,,3.0517578125e-05
3123,,195,0.49571070075035095,,0.0018768310546875
3124,,195,0.3088550269603729,,0.5993804931640625
3125,,195,0.36603930592536926,,0.378448486328125
3126,,195,0.4785769581794739,,0.01556396484375
3127,,195,0.43047088384628296,,0.067230224609375
3128,,195,0.5958809852600098,,1.52587890625e-05
3129,,195,0.4271976351737976,,0.0
3130,,195,0.5099374055862427,,0.0
3131,,195,0.5083037614822388,,0.0
3132,,195,0.30253058671951294,,0.1333160400390625
3133,,195,0.47741374373435974,,0.07415771484375
3134,,195,0.4355199635028839,,0.0073699951171875
3135,,195,0.35098204016685486,,0.0608062744140625
,780,195,,0.26870691776275635,0.2125701904296875
,781,195,,0.3601185083389282,0.0781402587890625
,782,195,,0.48076122999191284,0.0941925048828125
,783,195,,0.3362073302268982,0.27587890625
3136,,196,0.6152357459068298,,0.0
3137,,196,0.3466741740703583,,0.0
3138,,196,0.4007420837879181,,3.0517578125e-05
3139,,196,0.5937892198562622,,0.0018768310546875
3140,,196,0.3682255148887634,,0.5993804931640625
3141,,196,0.3699512481689453,,0.378448486328125
3142,,196,0.4813350439071655,,0.01556396484375
3143,,196,0.44850948452949524,,0.067230224609375
3144,,196,0.5529624223709106,,1.52587890625e-05
3145,,196,0.5314271450042725,,0.0
3146,,196,0.5112318992614746,,0.0
3147,,196,0.49155038595199585,,0.0
3148,,196,0.4036414623260498,,0.1333160400390625
3149,,196,0.45457592606544495,,0.07415771484375
3150,,196,0.6072421073913574,,0.0073699951171875
3151,,196,0.6827614903450012,,0.0608062744140625
,784,196,,0.30191218852996826,0.2125701904296875
,785,196,,0.2890016734600067,0.0781402587890625
,786,196,,0.3584822416305542,0.0941925048828125
,787,196,,0.19253581762313843,0.27587890625
3152,,197,0.5427789688110352,,0.0
3153,,197,0.45696505904197693,,0.0
3154,,197,0.4930354952812195,,3.0517578125e-05
3155,,197,0.5412116050720215,,0.0018768310546875
3156,,197,0.3832694888114929,,0.5993804931640625
3157,,197,0.3173125088214874,,0.378448486328125
3158,,197,0.42686671018600464,,0.01556396484375
3159,,197,0.3738381266593933,,0.067230224609375
3160,,197,0.4902777671813965,,1.52587890625e-05
3161,,197,0.43989643454551697,,0.0
3162,,197,0.6002082228660583,,0.0
3163,,197,0.5171252489089966,,0.0
3164,,197,0.44804298877716064,,0.1333160400390625
3165,,197,0.392173707485199,,0.07415771484375
3166,,197,0.5257623195648193,,0.0073699951171875
3167,,197,0.34402936697006226,,0.0608062744140625
,788,197,,0.2710232734680176,0.2125701904296875
,789,197,,0.4975336194038391,0.0781402587890625
,790,197,,0.24913717806339264,0.0941925048828125
,791,197,,0.21431975066661835,0.27587890625
3168,,198,0.4159698486328125,,0.0
3169,,198,0.5875183939933777,,0.0
3170,,198,0.477825403213501,,3.0517578125e-05
3171,,198,0.4856811463832855,,0.0018768310546875
3172,,198,0.4019049108028412,,0.5993804931640625
3173,,198,0.3296288847923279,,0.378448486328125
3174,,198,0.39909377694129944,,0.01556396484375
3175,,198,0.2973509430885315,,0.067230224609375
3176,,198,0.37164032459259033,,1.52587890625e-05
3177,,198,0.3775407075881958,,0.0
3178,,198,0.5615989565849304,,0.0
3179,,198,0.4569218158721924,,0.0
3180,,198,0.36898285150527954,,0.1333160400390625
3181,,198,0.3170957863330841,,0.07415771484375
3182,,198,0.5653935670852661,,0.0073699951171875
3183,,198,0.48415035009384155,,0.0608062744140625
,792,198,,0.20192857086658478,0.2125701904296875
,793,198,,0.42881399393081665,0.0781402587890625
,794,198,,0.4629182815551758,0.0941925048828125
,795,198,,0.18140114843845367,0.27587890625
3184,,199,0.5246520042419434,,0.0
3185,,199,0.5316773056983948,,0.0
3186,,199,0.5220426917076111,,3.0517578125e-05
3187,,199,0.595917820930481,,0.0018768310546875
3188,,199,0.34858018159866333,,0.5993804931640625
3189,,199,0.29912298917770386,,0.378448486328125
3190,,199,0.4413618743419647,,0.01556396484375
3191,,199,0.4648953080177307,,0.067230224609375
3192,,199,0.5820189714431763,,1.52587890625e-05
3193,,199,0.6552507281303406,,0.0
3194,,199,0.5806514024734497,,0.0
3195,,199,0.474176824092865,,0.0
3196,,199,0.4088250398635864,,0.1333160400390625
3197,,199,0.5383327007293701,,0.07415771484375
3198,,199,0.5031530857086182,,0.0073699951171875
3199,,199,0.541619598865509,,0.0608062744140625
,796,199,,0.24643734097480774,0.2125701904296875
,797,199,,0.4567522406578064,0.0781402587890625
,798,199,,0.332690954208374,0.0941925048828125
,799,199,,0.1957741379737854,0.27587890625
3200,,200,0.4597598910331726,,0.0
3201,,200,0.5132631063461304,,0.0
3202,,200,0.5038569569587708,,3.0517578125e-05
3203,,200,0.5495527982711792,,0.0018768310546875
3204,,200,0.37881386280059814,,0.5993804931640625
3205,,200,0.3211570978164673,,0.378448486328125
3206,,200,0.47886836528778076,,0.01556396484375
3207,,200,0.4201458990573883,,0.067230224609375
3208,,200,0.5778824090957642,,1.52587890625e-05
3209,,200,0.35967427492141724,,0.0
3210,,200,0.527751088142395,,0.0
3211,,200,0.569905161857605,,0.0
3212,,200,0.3548510670661926,,0.1333160400390625
3213,,200,0.34061676263809204,,0.07415771484375
3214,,200,0.4607948958873749,,0.0073699951171875
3215,,200,0.44165077805519104,,0.0608062744140625
,800,200,,0.3270998001098633,0.2125701904296875
,801,200,,0.3005158007144928,0.0781402587890625
,802,200,,0.38118600845336914,0.0941925048828125
,803,200,,0.2500888705253601,0.27587890625
3216,,201,0.45703938603401184,,0.0
3217,,201,0.5790411233901978,,0.0
3218,,201,0.5717333555221558,,3.0517578125e-05
3219,,201,0.39980894327163696,,0.0018768310546875
3220,,201,0.4068084955215454,,0.5993804931640625
3221,,201,0.29461461305618286,,0.378448486328125
3222,,201,0.48117029666900635,,0.01556396484375
3223,,201,0.3321254551410675,,0.067230224609375
3224,,201,0.43042290210723877,,1.52587890625e-05
3225,,201,0.624955952167511,,0.0
3226,,201,0.5486243963241577,,0.0
3227,,201,0.42900407314300537,,0.0
3228,,201,0.45312726497650146,,0.1333160400390625
3229,,201,0.37289172410964966,,0.07415771484375
3230,,201,0.39000147581100464,,0.0073699951171875
3231,,201,0.5352426767349243,,0.0608062744140625
,804,201,,0.2527953088283539,0.2125701904296875
,805,201,,0.45375651121139526,0.0781402587890625
,806,201,,0.3576491177082062,0.0941925048828125
,807,201,,0.2014136016368866,0.27587890625
3232,,202,0.44895970821380615,,0.0
3233,,202,0.646598219871521,,0.0
3234,,202,0.517242431640625,,3.0517578125e-05
3235,,202,0.6088833808898926,,0.0018768310546875
3236,,202,0.3462822437286377,,0.5993804931640625
3237,,202,0.3336685001850128,,0.378448486328125
3238,,202,0.47033601999282837,,0.01556396484375
3239,,202,0.37088432908058167,,0.067230224609375
3240,,202,0.5022873878479004,,1.52587890625e-05
3241,,202,0.48277005553245544,,0.0
3242,,202,0.4531669020652771,,0.0
3243,,202,0.4843253195285797,,0.0
3244,,202,0.4398684501647949,,0.1333160400390625
3245,,202,0.448627769947052,,0.07415771484375
3246,,202,0.6252269148826599,,0.0073699951171875
3247,,202,0.5006682872772217,,0.0608062744140625
,808,202,,0.3140280842781067,0.2125701904296875
,809,202,,0.42521655559539795,0.0781402587890625
,810,202,,0.25258225202560425,0.0941925048828125
,811,202,,0.20571750402450562,0.27587890625
3248,,203,0.5223112106323242,,0.0
3249,,203,0.5586196184158325,,0.0
3250,,203,0.4654587507247925,,3.0517578125e-05
3251,,203,0.49979373812675476,,0.0018768310546875
3252,,203,0.34572964906692505,,0.5993804931640625
3253,,203,0.36613595485687256,,0.378448486328125
3254,,203,0.2964302599430084,,0.01556396484375
3255,,203,0.4344032406806946,,0.067230224609375
3256,,203,0.5297427773475647,,1.52587890625e-05
3257,,203,0.5381982326507568,,0.0
3258,,203,0.43574196100234985,,0.0
3259,,203,0.5711535811424255,,0.0
3260,,203,0.40843963623046875,,0.1333160400390625
3261,,203,0.433210551738739,,0.07415771484375
3262,,203,0.5823603868484497,,0.0073699951171875
3263,,203,0.4567543566226959,,0.0608062744140625
,812,203,,0.2834189832210541,0.2125701904296875
,813,203,,0.43472418189048767,0.0781402587890625
,814,203,,0.33972325921058655,0.0941925048828125
,815,203,,0.1294986605644226,0.27587890625
3264,,204,0.4138215184211731,,0.0
3265,,204,0.5460538864135742,,0.0
3266,,204,0.531712532043457,,3.0517578125e-05
3267,,204,0.529699444770813,,0.0018768310546875
3268,,204,0.37910783290863037,,0.5993804931640625
3269,,204,0.33384186029434204,,0.378448486328125
3270,,204,0.39532285928726196,,0.01556396484375
3271,,204,0.33875709772109985,,0.067230224609375
3272,,204,0.5081051588058472,,1.52587890625e-05
3273,,204,0.39887362718582153,,0.0
3274,,204,0.5510866641998291,,0.0
3275,,204,0.6373502612113953,,0.0
3276,,204,0.31156525015830994,,0.1333160400390625
3277,,204,0.312106728553772,,0.07415771484375
3278,,204,0.4744143486022949,,0.0073699951171875
3279,,204,0.41922813653945923,,0.0608062744140625
,816,204,,0.1814846396446228,0.2125701904296875
,817,204,,0.3584282100200653,0.0781402587890625
,818,204,,0.34906506538391113,0.0941925048828125
,819,204,,0.413202702999115,0.27587890625
3280,,205,0.5045610666275024,,0.0
3281,,205,0.39166179299354553,,0.0
3282,,205,0.5113809108734131,,3.0517578125e-05
3283,,205,0.3875176012516022,,0.0018768310546875
3284,,205,0.32231640815734863,,0.5993804931640625
3285,,205,0.2946295142173767,,0.378448486328125
3286,,205,0.38961172103881836,,0.01556396484375
3287,,205,0.43925756216049194,,0.067230224609375
3288,,205,0.5118498206138611,,1.52587890625e-05
3289,,205,0.4468902349472046,,0.0
3290,,205,0.3795791268348694,,0.0
3291,,205,0.6214991807937622,,0.0
3292,,205,0.3665809631347656,,0.1333160400390625
3293,,205,0.4191989004611969,,0.07415771484375
3294,,205,0.3905866742134094,,0.0073699951171875
3295,,205,0.39664649963378906,,0.0608062744140625
,820,205,,0.2889762818813324,0.2125701904296875
,821,205,,0.2989800274372101,0.0781402587890625
,822,205,,0.36996567249298096,0.0941925048828125
,823,205,,0.31306779384613037,0.27587890625
3296,,206,0.49965736269950867,,0.0
3297,,206,0.4969717860221863,,0.0
3298,,206,0.5797163248062134,,3.0517578125e-05
3299,,206,0.5359954237937927,,0.0018768310546875
3300,,206,0.3412758708000183,,0.5993804931640625
3301,,206,0.2997157573699951,,0.378448486328125
3302,,206,0.4955122172832489,,0.01556396484375
3303,,206,0.42841845750808716,,0.067230224609375
3304,,206,0.4411166310310364,,1.52587890625e-05
3305,,206,0.5288501977920532,,0.0
3306,,206,0.46150439977645874,,0.0
3307,,206,0.559898853302002,,0.0
3308,,206,0.30245786905288696,,0.1333160400390625
3309,,206,0.37996575236320496,,0.07415771484375
3310,,206,0.5817362070083618,,0.0073699951171875
3311,,206,0.3322628140449524,,0.0608062744140625
,824,206,,0.3174191117286682,0.2125701904296875
,825,206,,0.3968464732170105,0.0781402587890625
,826,206,,0.3360068202018738,0.0941925048828125
,827,206,,0.2638038992881775,0.27587890625
3312,,207,0.3849866986274719,,0.0
3313,,207,0.5259015560150146,,0.0
3314,,207,0.5036238431930542,,3.0517578125e-05
3315,,207,0.5145778656005859,,0.0018768310546875
3316,,207,0.37482890486717224,,0.5993804931640625
3317,,207,0.2952927350997925,,0.378448486328125
3318,,207,0.4026339650154114,,0.01556396484375
3319,,207,0.41965562105178833,,0.067230224609375
3320,,207,0.5030131340026855,,1.52587890625e-05
3321,,207,0.5845131874084473,,0.0
3322,,207,0.4124780297279358,,0.0
3323,,207,0.4736463129520416,,0.0
3324,,207,0.4967486560344696,,0.1333160400390625
3325,,207,0.33570531010627747,,0.07415771484375
3326,,207,0.3754604458808899,,0.0073699951171875
3327,,207,0.5743355751037598,,0.0608062744140625
,828,207,,0.3020251393318176,0.2125701904296875
,829,207,,0.41494035720825195,0.0781402587890625
,830,207,,0.39776742458343506,0.0941925048828125
,831,207,,0.1949305236339569,0.27587890625
3328,,208,0.5920963287353516,,0.0
3329,,208,0.4454426169395447,,0.0
3330,,208,0.4190402626991272,,3.0517578125e-05
3331,,208,0.4984216094017029,,0.0018768310546875
3332,,208,0.40554893016815186,,0.5993804931640625
3333,,208,0.29129666090011597,,0.378448486328125
3334,,208,0.2576873302459717,,0.01556396484375
3335,,208,0.304564505815506,,0.067230224609375
3336,,208,0.5726699829101562,,1.52587890625e-05
3337,,208,0.48570775985717773,,0.0
3338,,208,0.558897078037262,,0.0
3339,,208,0.5300260782241821,,0.0
3340,,208,0.31733787059783936,,0.1333160400390625
3341,,208,0.3364802598953247,,0.07415771484375
3342,,208,0.5528155565261841,,0.0073699951171875
3343,,208,0.4571153521537781,,0.0608062744140625
,832,208,,0.31100529432296753,0.2125701904296875
,833,208,,0.49166426062583923,0.0781402587890625
,834,208,,0.46871769428253174,0.0941925048828125
,835,208,,0.23278437554836273,0.27587890625
3344,,209,0.7054508924484253,,0.0
3345,,209,0.5745407342910767,,0.0
3346,,209,0.4524790644645691,,3.0517578125e-05
3347,,209,0.6892164945602417,,0.0018768310546875
3348,,209,0.3333933353424072,,0.5993804931640625
3349,,209,0.3452678322792053,,0.378448486328125
3350,,209,0.546533465385437,,0.01556396484375
3351,,209,0.5441458225250244,,0.067230224609375
3352,,209,0.5054893493652344,,1.52587890625e-05
3353,,209,0.6333712339401245,,0.0
3354,,209,0.560631275177002,,0.0
3355,,209,0.5136587619781494,,0.0
3356,,209,0.45685356855392456,,0.1333160400390625
3357,,209,0.37176695466041565,,0.07415771484375
3358,,209,0.5345253944396973,,0.0073699951171875
3359,,209,0.46338021755218506,,0.0608062744140625
,836,209,,0.20756804943084717,0.2125701904296875
,837,209,,0.3597288131713867,0.0781402587890625
,838,209,,0.3222694993019104,0.0941925048828125
,839,209,,0.25452399253845215,0.27587890625
3360,,210,0.6049700975418091,,0.0
3361,,210,0.4733150005340576,,0.0
3362,,210,0.5546287298202515,,3.0517578125e-05
3363,,210,0.5401246547698975,,0.0018768310546875
3364,,210,0.38846319913864136,,0.5993804931640625
3365,,210,0.30929768085479736,,0.378448486328125
3366,,210,0.44226306676864624,,0.01556396484375
3367,,210,0.46457284688949585,,0.067230224609375
3368,,210,0.5616512894630432,,1.52587890625e-05
3369,,210,0.504722535610199,,0.0
3370,,210,0.5647687911987305,,0.0
3371,,210,0.41789883375167847,,0.0
3372,,210,0.5027600526809692,,0.1333160400390625
3373,,210,0.3765566051006317,,0.07415771484375
3374,,210,0.5707088708877563,,0.0073699951171875
3375,,210,0.45266193151474,,0.0608062744140625
,840,210,,0.2755105495452881,0.2125701904296875
,841,210,,0.395877867937088,0.0781402587890625
,842,210,,0.3998974859714508,0.0941925048828125
,843,210,,0.25974324345588684,0.27587890625
3376,,211,0.4497418999671936,,0.0
3377,,211,0.6031895875930786,,0.0
3378,,211,0.40059056878089905,,3.0517578125e-05
3379,,211,0.5382750034332275,,0.0018768310546875
3380,,211,0.36694058775901794,,0.5993804931640625
3381,,211,0.2995525896549225,,0.378448486328125
3382,,211,0.5489661693572998,,0.01556396484375
3383,,211,0.40909460186958313,,0.067230224609375
3384,,211,0.468456506729126,,1.52587890625e-05
3385,,211,0.39265432953834534,,0.0
3386,,211,0.5822793245315552,,0.0
3387,,211,0.5346463918685913,,0.0
3388,,211,0.4479805529117584,,0.1333160400390625
3389,,211,0.4280753433704376,,0.07415771484375
3390,,211,0.2982903718948364,,0.0073699951171875
3391,,211,0.5466707348823547,,0.0608062744140625
,844,211,,0.3204909563064575,0.2125701904296875
,845,211,,0.33740827441215515,0.0781402587890625
,846,211,,0.3646323084831238,0.0941925048828125
,847,211,,0.22990864515304565,0.27587890625
3392,,212,0.4634284973144531,,0.0
3393,,212,0.427396297454834,,0.0
3394,,212,0.4852021336555481,,3.0517578125e-05
3395,,212,0.5602967739105225,,0.0018768310546875
3396,,212,0.34410256147384644,,0.5993804931640625
3397,,212,0.3969842791557312,,0.378448486328125
3398,,212,0.5279924869537354,,0.01556396484375
3399,,212,0.4254317879676819,,0.067230224609375
3400,,212,0.6083977222442627,,1.52587890625e-05
3401,,212,0.4274563193321228,,0.0
3402,,212,0.45904409885406494,,0.0
3403,,212,0.6634916067123413,,0.0
3404,,212,0.40832263231277466,,0.1333160400390625
3405,,212,0.5567975044250488,,0.07415771484375
3406,,212,0.6519891023635864,,0.0073699951171875
3407,,212,0.398065447807312,,0.0608062744140625
,848,212,,0.22981756925582886,0.2125701904296875
,849,212,,0.46013808250427246,0.0781402587890625
,850,212,,0.39750736951828003,0.0941925048828125
,851,212,,0.1435609757900238,0.27587890625
3408,,213,0.37955817580223083,,0.0
3409,,213,0.5408663749694824,,0.0
3410,,213,0.4418812394142151,,3.0517578125e-05
3411,,213,0.576606273651123,,0.0018768310546875
3412,,213,0.36419472098350525,,0.5993804931640625
3413,,213,0.2858751714229584,,0.378448486328125
3414,,213,0.4386173486709595,,0.01556396484375
3415,,213,0.5329133868217468,,0.067230224609375
3416,,213,0.5721490979194641,,1.52587890625e-05
3417,,213,0.6239758729934692,,0.0
3418,,213,0.4304160177707672,,0.0
3419,,213,0.4527234435081482,,0.0
3420,,213,0.43496692180633545,,0.1333160400390625
3421,,213,0.455394446849823,,0.07415771484375
3422,,213,0.5781261920928955,,0.0073699951171875
3423,,213,0.39993128180503845,,0.0608062744140625
,852,213,,0.3655164837837219,0.2125701904296875
,853,213,,0.38487476110458374,0.0781402587890625
,854,213,,0.3784589171409607,0.0941925048828125
,855,213,,0.15435825288295746,0.27587890625
3424,,214,0.4544408917427063,,0.0
3425,,214,0.5323208570480347,,0.0
3426,,214,0.42979681491851807,,3.0517578125e-05
3427,,214,0.4163438081741333,,0.0018768310546875
3428,,214,0.375468909740448,,0.5993804931640625
3429,,214,0.30387282371520996,,0.378448486328125
3430,,214,0.6232037544250488,,0.01556396484375
3431,,214,0.5568410754203796,,0.067230224609375
3432,,214,0.5114461183547974,,1.52587890625e-05
3433,,214,0.5271182060241699,,0.0
3434,,214,0.578147292137146,,0.0
3435,,214,0.4241452217102051,,0.0
3436,,214,0.46156373620033264,,0.1333160400390625
3437,,214,0.4895581007003784,,0.07415771484375
3438,,214,0.4464821219444275,,0.0073699951171875
3439,,214,0.35885676741600037,,0.0608062744140625
,856,214,,0.2574368715286255,0.2125701904296875
,857,214,,0.36874473094940186,0.0781402587890625
,858,214,,0.24895969033241272,0.0941925048828125
,859,214,,0.1800314486026764,0.27587890625
3440,,215,0.48789000511169434,,0.0
3441,,215,0.48200929164886475,,0.0
3442,,215,0.5142583847045898,,3.0517578125e-05
3443,,215,0.3580279052257538,,0.0018768310546875
3444,,215,0.371947705745697,,0.5993804931640625
3445,,215,0.28541913628578186,,0.378448486328125
3446,,215,0.5487037897109985,,0.01556396484375
3447,,215,0.5550446510314941,,0.067230224609375
3448,,215,0.37090176343917847,,1.52587890625e-05
3449,,215,0.39898544549942017,,0.0
3450,,215,0.44465798139572144,,0.0
3451,,215,0.695452094078064,,0.0
3452,,215,0.3575992286205292,,0.1333160400390625
3453,,215,0.3927512764930725,,0.07415771484375
3454,,215,0.44462162256240845,,0.0073699951171875
3455,,215,0.3846439719200134,,0.0608062744140625
,860,215,,0.27417969703674316,0.2125701904296875
,861,215,,0.43867623805999756,0.0781402587890625
,862,215,,0.5245664715766907,0.0941925048828125
,863,215,,0.2614879608154297,0.27587890625
3456,,216,0.5689043998718262,,0.0
3457,,216,0.5389609336853027,,0.0
3458,,216,0.43648695945739746,,3.0517578125e-05
3459,,216,0.4222431778907776,,0.0018768310546875
3460,,216,0.34802883863449097,,0.5993804931640625
3461,,216,0.29077184200286865,,0.378448486328125
3462,,216,0.5847610235214233,,0.01556396484375
3463,,216,0.39894914627075195,,0.067230224609375
3464,,216,0.5142204761505127,,1.52587890625e-05
3465,,216,0.4776952862739563,,0.0
3466,,216,0.5361629724502563,,0.0
3467,,216,0.37579426169395447,,0.0
3468,,216,0.31167495250701904,,0.1333160400390625
3469,,216,0.4223827123641968,,0.07415771484375
3470,,216,0.4059509336948395,,0.0073699951171875
3471,,216,0.5142767429351807,,0.0608062744140625
,864,216,,0.17722095549106598,0.2125701904296875
,865,216,,0.44847428798675537,0.0781402587890625
,866,216,,0.4352717399597168,0.0941925048828125
,867,216,,0.278730183839798,0.27587890625
3472,,217,0.4807122051715851,,0.0
3473,,217,0.5391147136688232,,0.0
3474,,217,0.49897637963294983,,3.0517578125e-05
3475,,217,0.6371101140975952,,0.0018768310546875
3476,,217,0.3440805673599243,,0.5993804931640625
3477,,217,0.29274290800094604,,0.378448486328125
3478,,217,0.5277816653251648,,0.01556396484375
3479,,217,0.4766542315483093,,0.067230224609375
3480,,217,0.388264000415802,,1.52587890625e-05
3481,,217,0.4358747899532318,,0.0
3482,,217,0.6061919331550598,,0.0
3483,,217,0.5170156955718994,,0.0
3484,,217,0.3982633948326111,,0.1333160400390625
3485,,217,0.308034211397171,,0.07415771484375
3486,,217,0.5277406573295593,,0.0073699951171875
3487,,217,0.4696527123451233,,0.0608062744140625
,868,217,,0.22038644552230835,0.2125701904296875
,869,217,,0.42294842004776,0.0781402587890625
,870,217,,0.4643285274505615,0.0941925048828125
,871,217,,0.1551225185394287,0.27587890625
3488,,218,0.3242150843143463,,0.0
3489,,218,0.4616616368293762,,0.0
3490,,218,0.513371467590332,,3.0517578125e-05
3491,,218,0.4772378206253052,,0.0018768310546875
3492,,218,0.34688490629196167,,0.5993804931640625
3493,,218,0.31309568881988525,,0.378448486328125
3494,,218,0.4224942624568939,,0.01556396484375
3495,,218,0.2720951437950134,,0.067230224609375
3496,,218,0.5156432390213013,,1.52587890625e-05
3497,,218,0.4831419885158539,,0.0
3498,,218,0.5092067122459412,,0.0
3499,,218,0.42192506790161133,,0.0
3500,,218,0.4360927939414978,,0.1333160400390625
3501,,218,0.4644922614097595,,0.07415771484375
3502,,218,0.5368137359619141,,0.0073699951171875
3503,,218,0.4067319929599762,,0.0608062744140625
,872,218,,0.20100484788417816,0.2125701904296875
,873,218,,0.37616461515426636,0.0781402587890625
,874,218,,0.30865561962127686,0.0941925048828125
,875,218,,0.16036635637283325,0.27587890625
3504,,219,0.5342757701873779,,0.0
3505,,219,0.5326052904129028,,0.0
3506,,219,0.5293173789978027,,3.0517578125e-05
3507,,219,0.5382449626922607,,0.0018768310546875
3508,,219,0.35993945598602295,,0.5993804931640625
3509,,219,0.2995099723339081,,0.378448486328125
3510,,219,0.44234442710876465,,0.01556396484375
3511,,219,0.48887521028518677,,0.067230224609375
3512,,219,0.4208197295665741,,1.52587890625e-05
3513,,219,0.5692101716995239,,0.0
3514,,219,0.43136128783226013,,0.0
3515,,219,0.5484941005706787,,0.0
3516,,219,0.29216039180755615,,0.1333160400390625
3517,,219,0.36376070976257324,,0.07415771484375
3518,,219,0.529769241809845,,0.0073699951171875
3519,,219,0.3732337951660156,,0.0608062744140625
,876,219,,0.26368096470832825,0.2125701904296875
,877,219,,0.4367527365684509,0.0781402587890625
,878,219,,0.4653710722923279,0.0941925048828125
,879,219,,0.21716752648353577,0.27587890625
3520,,220,0.5505331158638,,0.0
3521,,220,0.6183216571807861,,0.0
3522,,220,0.46425265073776245,,3.0517578125e-05
3523,,220,0.4851333200931549,,0.0018768310546875
3524,,220,0.34968316555023193,,0.5993804931640625
3525,,220,0.31479066610336304,,0.378448486328125
3526,,220,0.5095739960670471,,0.01556396484375
3527,,220,0.5027114152908325,,0.067230224609375
3528,,220,0.5745875835418701,,1.52587890625e-05
3529,,220,0.6184482574462891,,0.0
3530,,220,0.42964231967926025,,0.0
3531,,220,0.5432050228118896,,0.0
3532,,220,0.5238205194473267,,0.1333160400390625
3533,,220,0.3747851848602295,,0.07415771484375
3534,,220,0.42547860741615295,,0.0073699951171875
3535,,220,0.3248061239719391,,0.0608062744140625
,880,220,,0.20747119188308716,0.2125701904296875
,881,220,,0.3153172433376312,0.0781402587890625
,882,220,,0.29554301500320435,0.0941925048828125
,883,220,,0.23907117545604706,0.27587890625
3536,,221,0.5041722059249878,,0.0
3537,,221,0.3729189336299896,,0.0
3538,,221,0.5361249446868896,,3.0517578125e-05
3539,,221,0.5341211557388306,,0.0018768310546875
3540,,221,0.35193759202957153,,0.5993804931640625
3541,,221,0.33850419521331787,,0.378448486328125
3542,,221,0.5094951391220093,,0.01556396484375
3543,,221,0.3910982608795166,,0.067230224609375
3544,,221,0.5338914394378662,,1.52587890625e-05
3545,,221,0.487945556640625,,0.0
3546,,221,0.5194674730300903,,0.0
3547,,221,0.5881385803222656,,0.0
3548,,221,0.4197898209095001,,0.1333160400390625
3549,,221,0.5125006437301636,,0.07415771484375
3550,,221,0.5116735100746155,,0.0073699951171875
3551,,221,0.46572932600975037,,0.0608062744140625
,884,221,,0.3321700096130371,0.2125701904296875
,885,221,,0.31810277700424194,0.0781402587890625
,886,221,,0.4554574489593506,0.0941925048828125
,887,221,,0.16977977752685547,0.27587890625
3552,,222,0.5399312376976013,,0.0
3553,,222,0.45811307430267334,,0.0
3554,,222,0.5595305562019348,,3.0517578125e-05
3555,,222,0.5539359450340271,,0.0018768310546875
3556,,222,0.34727537631988525,,0.5993804931640625
3557,,222,0.323164701461792,,0.378448486328125
3558,,222,0.4776448607444763,,0.01556396484375
3559,,222,0.4621811807155609,,0.067230224609375
3560,,222,0.6139966249465942,,1.52587890625e-05
3561,,222,0.41684937477111816,,0.0
3562,,222,0.5496369004249573,,0.0
3563,,222,0.6035664081573486,,0.0
3564,,222,0.33060890436172485,,0.1333160400390625
3565,,222,0.4816785454750061,,0.07415771484375
3566,,222,0.29260677099227905,,0.0073699951171875
3567,,222,0.4463880658149719,,0.0608062744140625
,888,222,,0.3571971356868744,0.2125701904296875
,889,222,,0.43720710277557373,0.0781402587890625
,890,222,,0.30844277143478394,0.0941925048828125
,891,222,,0.18147307634353638,0.27587890625
3568,,223,0.5039441585540771,,0.0
3569,,223,0.45005595684051514,,0.0
3570,,223,0.4287169575691223,,3.0517578125e-05
3571,,223,0.5051289796829224,,0.0018768310546875
3572,,223,0.3253980875015259,,0.5993804931640625
3573,,223,0.3251311480998993,,0.378448486328125
3574,,223,0.5125209093093872,,0.01556396484375
3575,,223,0.4014706611633301,,0.067230224609375
3576,,223,0.37493783235549927,,1.52587890625e-05
3577,,223,0.4698593318462372,,0.0
3578,,223,0.4565388262271881,,0.0
3579,,223,0.568276047706604,,0.0
3580,,223,0.3737160563468933,,0.1333160400390625
3581,,223,0.38387739658355713,,0.07415771484375
3582,,223,0.42394983768463135,,0.0073699951171875
3583,,223,0.5143235921859741,,0.0608062744140625
,892,223,,0.2586047053337097,0.2125701904296875
,893,223,,0.42409181594848633,0.0781402587890625
,894,223,,0.46578359603881836,0.0941925048828125
,895,223,,0.16199944913387299,0.27587890625
3584,,224,0.37123993039131165,,0.0
3585,,224,0.5649518966674805,,0.0
3586,,224,0.49820244312286377,,3.0517578125e-05
3587,,224,0.5679835081100464,,0.0018768310546875
3588,,224,0.4095056354999542,,0.5993804931640625
3589,,224,0.3239261209964752,,0.378448486328125
3590,,224,0.3513610363006592,,0.01556396484375
3591,,224,0.3816600441932678,,0.067230224609375
3592,,224,0.5381394624710083,,1.52587890625e-05
3593,,224,0.47685545682907104,,0.0
3594,,224,0.5471690893173218,,0.0
3595,,224,0.5121099948883057,,0.0
3596,,224,0.41760721802711487,,0.1333160400390625
3597,,224,0.38017624616622925,,0.07415771484375
3598,,224,0.5163677334785461,,0.0073699951171875
3599,,224,0.34026557207107544,,0.0608062744140625
,896,224,,0.3234141170978546,0.2125701904296875
,897,224,,0.33881884813308716,0.0781402587890625
,898,224,,0.3799552321434021,0.0941925048828125
,899,224,,0.21689601242542267,0.27587890625
3600,,225,0.42144978046417236,,0.0
3601,,225,0.34331899881362915,,0.0
3602,,225,0.5801296830177307,,3.0517578125e-05
3603,,225,0.3907385468482971,,0.0018768310546875
3604,,225,0.33167582750320435,,0.5993804931640625
3605,,225,0.3300640881061554,,0.378448486328125
3606,,225,0.6330862045288086,,0.01556396484375
3607,,225,0.5199676752090454,,0.067230224609375
3608,,225,0.6063650250434875,,1.52587890625e-05
3609,,225,0.5444164276123047,,0.0
3610,,225,0.40854495763778687,,0.0
3611,,225,0.5758322477340698,,0.0
3612,,225,0.3156532049179077,,0.1333160400390625
3613,,225,0.3991594612598419,,0.07415771484375
3614,,225,0.42139995098114014,,0.0073699951171875
3615,,225,0.38734811544418335,,0.0608062744140625
,900,225,,0.2561083436012268,0.2125701904296875
,901,225,,0.4703867435455322,0.0781402587890625
,902,225,,0.39184480905532837,0.0941925048828125
,903,225,,0.2903788089752197,0.27587890625
3616,,226,0.5473394989967346,,0.0
3617,,226,0.554375171661377,,0.0
3618,,226,0.3866972327232361,,3.0517578125e-05
3619,,226,0.4450454115867615,,0.0018768310546875
3620,,226,0.3216361999511719,,0.5993804931640625
3621,,226,0.2770577371120453,,0.378448486328125
3622,,226,0.4987625181674957,,0.01556396484375
3623,,226,0.4279317259788513,,0.067230224609375
3624,,226,0.49912190437316895,,1.52587890625e-05
3625,,226,0.3667207360267639,,0.0
3626,,226,0.5557385087013245,,0.0
3627,,226,0.3603612184524536,,0.0
3628,,226,0.39791160821914673,,0.1333160400390625
3629,,226,0.38183295726776123,,0.07415771484375
3630,,226,0.42646580934524536,,0.0073699951171875
3631,,226,0.41667306423187256,,0.0608062744140625
,904,226,,0.33419573307037354,0.2125701904296875
,905,226,,0.38272759318351746,0.0781402587890625
,906,226,,0.44749900698661804,0.0941925048828125
,907,226,,0.2533300817012787,0.27587890625
3632,,227,0.5580925941467285,,0.0
3633,,227,0.45669227838516235,,0.0
3634,,227,0.4560457766056061,,3.0517578125e-05
3635,,227,0.46335455775260925,,0.0018768310546875
3636,,227,0.3743323087692261,,0.5993804931640625
3637,,227,0.3126290440559387,,0.378448486328125
3638,,227,0.4504711329936981,,0.01556396484375
3639,,227,0.4938686490058899,,0.067230224609375
3640,,227,0.4409871995449066,,1.52587890625e-05
3641,,227,0.4593140482902527,,0.0
3642,,227,0.5061541199684143,,0.0
3643,,227,0.6312379837036133,,0.0
3644,,227,0.3614819049835205,,0.1333160400390625
3645,,227,0.3052028715610504,,0.07415771484375
3646,,227,0.5790089964866638,,0.0073699951171875
3647,,227,0.6247093081474304,,0.0608062744140625
,908,227,,0.2957530617713928,0.2125701904296875
,909,227,,0.569110631942749,0.0781402587890625
,910,227,,0.4905163645744324,0.0941925048828125
,911,227,,0.2684338688850403,0.27587890625
3648,,228,0.42586207389831543,,0.0
3649,,228,0.5977747440338135,,0.0
3650,,228,0.5617236495018005,,3.0517578125e-05
3651,,228,0.40135619044303894,,0.0018768310546875
3652,,228,0.34664106369018555,,0.5993804931640625
3653,,228,0.267777681350708,,0.378448486328125
3654,,228,0.478359580039978,,0.01556396484375
3655,,228,0.4191444218158722,,0.067230224609375
3656,,228,0.38025593757629395,,1.52587890625e-05
3657,,228,0.5679287910461426,,0.0
3658,,228,0.47722476720809937,,0.0
3659,,228,0.5632433295249939,,0.0
3660,,228,0.43682557344436646,,0.1333160400390625
3661,,228,0.36022889614105225,,0.07415771484375
3662,,228,0.36223578453063965,,0.0073699951171875
3663,,228,0.4053734838962555,,0.0608062744140625
,912,228,,0.41238173842430115,0.2125701904296875
,913,228,,0.34672677516937256,0.0781402587890625
,914,228,,0.3802955150604248,0.0941925048828125
,915,228,,0.22098347544670105,0.27587890625
3664,,229,0.4388255476951599,,0.0
3665,,229,0.41395047307014465,,0.0
3666,,229,0.595535933971405,,3.0517578125e-05
3667,,229,0.41890090703964233,,0.0018768310546875
3668,,229,0.3237212896347046,,0.5993804931640625
3669,,229,0.3464962840080261,,0.378448486328125
3670,,229,0.4455103874206543,,0.01556396484375
3671,,229,0.5101593732833862,,0.067230224609375
3672,,229,0.517559289932251,,1.52587890625e-05
3673,,229,0.38679543137550354,,0.0
3674,,229,0.5508390665054321,,0.0
3675,,229,0.5417101979255676,,0.0
3676,,229,0.5279161334037781,,0.1333160400390625
3677,,229,0.3907974064350128,,0.07415771484375
3678,,229,0.5174139738082886,,0.0073699951171875
3679,,229,0.3906581997871399,,0.0608062744140625
,916,229,,0.4443652629852295,0.2125701904296875
,917,229,,0.593399167060852,0.0781402587890625
,918,229,,0.5721766948699951,0.0941925048828125
,919,229,,0.21586725115776062,0.27587890625
3680,,230,0.4136877655982971,,0.0
3681,,230,0.4366684556007385,,0.0
3682,,230,0.5538600087165833,,3.0517578125e-05
3683,,230,0.4508870244026184,,0.0018768310546875
3684,,230,0.41172537207603455,,0.5993804931640625
3685,,230,0.36380821466445923,,0.378448486328125
3686,,230,0.6467078924179077,,0.01556396484375
3687,,230,0.5391157865524292,,0.067230224609375
3688,,230,0.4271717071533203,,1.52587890625e-05
3689,,230,0.5678368806838989,,0.0
3690,,230,0.6106697916984558,,0.0
3691,,230,0.5364683866500854,,0.0
3692,,230,0.2787301242351532,,0.1333160400390625
3693,,230,0.547213613986969,,0.07415771484375
3694,,230,0.5579421520233154,,0.0073699951171875
3695,,230,0.4036208391189575,,0.0608062744140625
,920,230,,0.3976808786392212,0.2125701904296875
,921,230,,0.4313255250453949,0.0781402587890625
,922,230,,0.42131495475769043,0.0941925048828125
,923,230,,0.24444228410720825,0.27587890625
3696,,231,0.45846042037010193,,0.0
3697,,231,0.5383706092834473,,0.0
3698,,231,0.383617103099823,,3.0517578125e-05
3699,,231,0.5588172674179077,,0.0018768310546875
3700,,231,0.3225901126861572,,0.5993804931640625
3701,,231,0.3443771004676819,,0.378448486328125
3702,,231,0.4307960271835327,,0.01556396484375
3703,,231,0.44591468572616577,,0.067230224609375
3704,,231,0.5691871643066406,,1.52587890625e-05
3705,,231,0.4995582401752472,,0.0
3706,,231,0.4518530070781708,,0.0
3707,,231,0.5576993227005005,,0.0
3708,,231,0.5076351761817932,,0.1333160400390625
3709,,231,0.467263400554657,,0.07415771484375
3710,,231,0.500071108341217,,0.0073699951171875
3711,,231,0.4734169542789459,,0.0608062744140625
,924,231,,0.3544124662876129,0.2125701904296875
,925,231,,0.39917469024658203,0.0781402587890625
,926,231,,0.369565486907959,0.0941925048828125
,927,231,,0.2638673186302185,0.27587890625
3712,,232,0.5332611799240112,,0.0
3713,,232,0.45804187655448914,,0.0
3714,,232,0.3320387601852417,,3.0517578125e-05
3715,,232,0.4827401638031006,,0.0018768310546875
3716,,232,0.38559454679489136,,0.5993804931640625
3717,,232,0.32810890674591064,,0.378448486328125
3718,,232,0.5532299280166626,,0.01556396484375
3719,,232,0.46898287534713745,,0.067230224609375
3720,,232,0.48694533109664917,,1.52587890625e-05
3721,,232,0.39733564853668213,,0.0
3722,,232,0.5083543062210083,,0.0
3723,,232,0.5038771033287048,,0.0
3724,,232,0.29059648513793945,,0.1333160400390625
3725,,232,0.33865779638290405,,0.07415771484375
3726,,232,0.5421686172485352,,0.0073699951171875
3727,,232,0.4450424909591675,,0.0608062744140625
,928,232,,0.2396852672100067,0.2125701904296875
,929,232,,0.3762971758842468,0.0781402587890625
,930,232,,0.34209656715393066,0.0941925048828125
,931,232,,0.1766335666179657,0.27587890625
3728,,233,0.5443570613861084,,0.0
3729,,233,0.45630520582199097,,0.0
3730,,233,0.48537057638168335,,3.0517578125e-05
3731,,233,0.5178700685501099,,0.0018768310546875
3732,,233,0.36286461353302,,0.5993804931640625
3733,,233,0.30136677622795105,,0.378448486328125
3734,,233,0.4377948045730591,,0.01556396484375
3735,,233,0.526131808757782,,0.067230224609375
3736,,233,0.5181033611297607,,1.52587890625e-05
3737,,233,0.38273486495018005,,0.0
3738,,233,0.5758354067802429,,0.0
3739,,233,0.6160944104194641,,0.0
3740,,233,0.47543931007385254,,0.1333160400390625
3741,,233,0.44244033098220825,,0.07415771484375
3742,,233,0.6168327331542969,,0.0073699951171875
3743,,233,0.41193073987960815,,0.0608062744140625
,932,233,,0.3164791464805603,0.2125701904296875
,933,233,,0.4705454111099243,0.0781402587890625
,934,233,,0.399873286485672,0.0941925048828125
,935,233,,0.2523420453071594,0.27587890625
3744,,234,0.5669488906860352,,0.0
3745,,234,0.514191746711731,,0.0
3746,,234,0.5086175203323364,,3.0517578125e-05
3747,,234,0.5155298709869385,,0.0018768310546875
3748,,234,0.4328101873397827,,0.5993804931640625
3749,,234,0.30881476402282715,,0.378448486328125
3750,,234,0.4512372314929962,,0.01556396484375
3751,,234,0.4995609521865845,,0.067230224609375
3752,,234,0.3553800582885742,,1.52587890625e-05
3753,,234,0.44916319847106934,,0.0
3754,,234,0.5580973625183105,,0.0
3755,,234,0.5825147032737732,,0.0
3756,,234,0.3727540969848633,,0.1333160400390625
3757,,234,0.50294429063797,,0.07415771484375
3758,,234,0.5337085723876953,,0.0073699951171875
3759,,234,0.504645824432373,,0.0608062744140625
,936,234,,0.3807271718978882,0.2125701904296875
,937,234,,0.46420472860336304,0.0781402587890625
,938,234,,0.41085368394851685,0.0941925048828125
,939,234,,0.28547802567481995,0.27587890625
3760,,235,0.4401240944862366,,0.0
3761,,235,0.3732118308544159,,0.0
3762,,235,0.6998109817504883,,3.0517578125e-05
3763,,235,0.5414037704467773,,0.0018768310546875
3764,,235,0.35534748435020447,,0.5993804931640625
3765,,235,0.38628119230270386,,0.378448486328125
3766,,235,0.4060232937335968,,0.01556396484375
3767,,235,0.2614801824092865,,0.067230224609375
3768,,235,0.5423598289489746,,1.52587890625e-05
3769,,235,0.535085916519165,,0.0
3770,,235,0.5081571340560913,,0.0
3771,,235,0.5080317258834839,,0.0
3772,,235,0.447563499212265,,0.1333160400390625
3773,,235,0.37596145272254944,,0.07415771484375
3774,,235,0.4401044249534607,,0.0073699951171875
3775,,235,0.5795072317123413,,0.0608062744140625
,940,235,,0.3395689129829407,0.2125701904296875
,941,235,,0.4732825756072998,0.0781402587890625
,942,235,,0.5258772373199463,0.0941925048828125
,943,235,,0.21981588006019592,0.27587890625
3776,,236,0.4406691789627075,,0.0
3777,,236,0.5442030429840088,,0.0
3778,,236,0.48820650577545166,,3.0517578125e-05
3779,,236,0.4027147889137268,,0.0018768310546875
3780,,236,0.3055216670036316,,0.5993804931640625
3781,,236,0.3465016782283783,,0.378448486328125
3782,,236,0.5398814082145691,,0.01556396484375
3783,,236,0.40361031889915466,,0.067230224609375
3784,,236,0.40939852595329285,,1.52587890625e-05
3785,,236,0.6017937660217285,,0.0
3786,,236,0.5109474062919617,,0.0
3787,,236,0.5636796951293945,,0.0
3788,,236,0.4261777997016907,,0.1333160400390625
3789,,236,0.5182443261146545,,0.07415771484375
3790,,236,0.5123825073242188,,0.0073699951171875
3791,,236,0.4793790578842163,,0.0608062744140625
,944,236,,0.2633342742919922,0.2125701904296875
,945,236,,0.5636373162269592,0.0781402587890625
,946,236,,0.46496301889419556,0.0941925048828125
,947,236,,0.13674113154411316,0.27587890625
3792,,237,0.38213691115379333,,0.0
3793,,237,0.4506402909755707,,0.0
3794,,237,0.4588322639465332,,3.0517578125e-05
3795,,237,0.42521142959594727,,0.0018768310546875
3796,,237,0.3375210464000702,,0.5993804931640625
3797,,237,0.34617817401885986,,0.378448486328125
3798,,237,0.5174922943115234,,0.01556396484375
3799,,237,0.40565025806427,,0.067230224609375
3800,,237,0.4734013080596924,,1.52587890625e-05
3801,,237,0.5996037721633911,,0.0
3802,,237,0.5355380773544312,,0.0
3803,,237,0.49434128403663635,,0.0
3804,,237,0.37906503677368164,,0.1333160400390625
3805,,237,0.47329819202423096,,0.07415771484375
3806,,237,0.4454512596130371,,0.0073699951171875
3807,,237,0.41984429955482483,,0.0608062744140625
,948,237,,0.4104035496711731,0.2125701904296875
,949,237,,0.45294561982154846,0.0781402587890625
,950,237,,0.4915505349636078,0.0941925048828125
,951,237,,0.3557370901107788,0.27587890625
3808,,238,0.615176260471344,,0.0
3809,,238,0.3775809407234192,,0.0
3810,,238,0.39408352971076965,,3.0517578125e-05
3811,,238,0.5719221830368042,,0.0018768310546875
3812,,238,0.3158484697341919,,0.5993804931640625
3813,,238,0.30213308334350586,,0.378448486328125
3814,,238,0.448911190032959,,0.01556396484375
3815,,238,0.39192792773246765,,0.067230224609375
3816,,238,0.5266075134277344,,1.52587890625e-05
3817,,238,0.44463640451431274,,0.0
3818,,238,0.4229466915130615,,0.0
3819,,238,0.5610215663909912,,0.0
3820,,238,0.370008260011673,,0.1333160400390625
3821,,238,0.48055732250213623,,0.07415771484375
3822,,238,0.5670518279075623,,0.0073699951171875
3823,,238,0.4065116345882416,,0.0608062744140625
,952,238,,0.21285128593444824,0.2125701904296875
,953,238,,0.36580848693847656,0.0781402587890625
,954,238,,0.331352174282074,0.0941925048828125
,955,238,,0.22293487191200256,0.27587890625
3824,,239,0.5884451270103455,,0.0
3825,,239,0.4869298040866852,,0.0
3826,,239,0.6131073236465454,,3.0517578125e-05
3827,,239,0.5003819465637207,,0.0018768310546875
3828,,239,0.3249160051345825,,0.5993804931640625
3829,,239,0.2943563163280487,,0.378448486328125
3830,,239,0.42365753650665283,,0.01556396484375
3831,,239,0.43168434500694275,,0.067230224609375
3832,,239,0.36472660303115845,,1.52587890625e-05
3833,,239,0.5169011354446411,,0.0
3834,,239,0.6065657138824463,,0.0
3835,,239,0.5720072984695435,,0.0
3836,,239,0.3291962444782257,,0.1333160400390625
3837,,239,0.4419923424720764,,0.07415771484375
3838,,239,0.40006548166275024,,0.0073699951171875
3839,,239,0.5359401106834412,,0.0608062744140625
,956,239,,0.270334929227829,0.2125701904296875
,957,239,,0.4677134156227112,0.0781402587890625
,958,239,,0.4245413839817047,0.0941925048828125
,959,239,,0.2580810785293579,0.27587890625
3840,,240,0.5248863697052002,,0.0
3841,,240,0.5560535192489624,,0.0
3842,,240,0.4868278503417969,,3.0517578125e-05
3843,,240,0.5413018465042114,,0.0018768310546875
3844,,240,0.4360629618167877,,0.5993804931640625
3845,,240,0.31541621685028076,,0.378448486328125
3846,,240,0.5480197668075562,,0.01556396484375
3847,,240,0.39440321922302246,,0.067230224609375
3848,,240,0.3128833472728729,,1.52587890625e-05
3849,,240,0.639175295829773,,0.0
3850,,240,0.6048637628555298,,0.0
3851,,240,0.46438685059547424,,0.0
3852,,240,0.47286656498908997,,0.1333160400390625
3853,,240,0.36981189250946045,,0.07415771484375
3854,,240,0.47266286611557007,,0.0073699951171875
3855,,240,0.41959357261657715,,0.0608062744140625
,960,240,,0.22917881608009338,0.2125701904296875
,961,240,,0.577521562576294,0.0781402587890625
,962,240,,0.35601210594177246,0.0941925048828125
,963,240,,0.18006351590156555,0.27587890625
3856,,241,0.5246424674987793,,0.0
3857,,241,0.50586998462677,,0.0
3858,,241,0.5190873146057129,,3.0517578125e-05
3859,,241,0.5094066262245178,,0.0018768310546875
3860,,241,0.39520400762557983,,0.5993804931640625
3861,,241,0.3206899166107178,,0.378448486328125
3862,,241,0.45379185676574707,,0.01556396484375
3863,,241,0.3346763253211975,,0.067230224609375
3864,,241,0.5406533479690552,,1.52587890625e-05
3865,,241,0.5289387702941895,,0.0
3866,,241,0.46315789222717285,,0.0
3867,,241,0.4893733263015747,,0.0
3868,,241,0.4091333746910095,,0.1333160400390625
3869,,241,0.5369420647621155,,0.07415771484375
3870,,241,0.5237133502960205,,0.0073699951171875
3871,,241,0.4834432303905487,,0.0608062744140625
,964,241,,0.22430618107318878,0.2125701904296875
,965,241,,0.46157097816467285,0.0781402587890625
,966,241,,0.3496016561985016,0.0941925048828125
,967,241,,0.27218902111053467,0.27587890625
3872,,242,0.5467480421066284,,0.0
3873,,242,0.4581605792045593,,0.0
3874,,242,0.5309484004974365,,3.0517578125e-05
3875,,242,0.42988723516464233,,0.0018768310546875
3876,,242,0.3503645658493042,,0.5993804931640625
3877,,242,0.33874067664146423,,0.378448486328125
3878,,242,0.42048919200897217,,0.01556396484375
3879,,242,0.32495760917663574,,0.067230224609375
3880,,242,0.42602360248565674,,1.52587890625e-05
3881,,242,0.47345077991485596,,0.0
3882,,242,0.41902557015419006,,0.0
3883,,242,0.34672755002975464,,0.0
3884,,242,0.4731571674346924,,0.1333160400390625
3885,,242,0.3126959800720215,,0.07415771484375
3886,,242,0.53411465883255,,0.0073699951171875
3887,,242,0.4918493628501892,,0.0608062744140625
,968,242,,0.22827327251434326,0.2125701904296875
,969,242,,0.42322832345962524,0.0781402587890625
,970,242,,0.4397237300872803,0.0941925048828125
,971,242,,0.2062591165304184,0.27587890625
3888,,243,0.4257890284061432,,0.0
3889,,243,0.6408634185791016,,0.0
3890,,243,0.4645959436893463,,3.0517578125e-05
3891,,243,0.5786329507827759,,0.0018768310546875
3892,,243,0.3304275870323181,,0.5993804931640625
3893,,243,0.34022706747055054,,0.378448486328125
3894,,243,0.48183268308639526,,0.01556396484375
3895,,243,0.3629964590072632,,0.067230224609375
3896,,243,0.6458978652954102,,1.52587890625e-05
3897,,243,0.4826427400112152,,0.0
3898,,243,0.4042317569255829,,0.0
3899,,243,0.4014533758163452,,0.0
3900,,243,0.38771969079971313,,0.1333160400390625
3901,,243,0.33305656909942627,,0.07415771484375
3902,,243,0.5520681738853455,,0.0073699951171875
3903,,243,0.5474258661270142,,0.0608062744140625
,972,243,,0.3248579502105713,0.2125701904296875
,973,243,,0.4150596261024475,0.0781402587890625
,974,243,,0.2940990924835205,0.0941925048828125
,975,243,,0.2680123448371887,0.27587890625
3904,,244,0.5176815986633301,,0.0
3905,,244,0.4353379011154175,,0.0
3906,,244,0.4804142117500305,,3.0517578125e-05
3907,,244,0.3429596722126007,,0.0018768310546875
3908,,244,0.35233622789382935,,0.5993804931640625
3909,,244,0.3168388307094574,,0.378448486328125
3910,,244,0.5006287693977356,,0.01556396484375
3911,,244,0.47690248489379883,,0.067230224609375
3912,,244,0.5290996432304382,,1.52587890625e-05
3913,,244,0.5921782851219177,,0.0
3914,,244,0.5439983606338501,,0.0
3915,,244,0.5874979496002197,,0.0
3916,,244,0.3240675926208496,,0.1333160400390625
3917,,244,0.4149323105812073,,0.07415771484375
3918,,244,0.4546251893043518,,0.0073699951171875
3919,,244,0.6072144508361816,,0.0608062744140625
,976,244,,0.28219372034072876,0.2125701904296875
,977,244,,0.31732451915740967,0.0781402587890625
,978,244,,0.29327458143234253,0.0941925048828125
,979,244,,0.2081781029701233,0.27587890625
3920,,245,0.5811374187469482,,0.0
3921,,245,0.6116154789924622,,0.0
3922,,245,0.367014080286026,,3.0517578125e-05
3923,,245,0.5171300768852234,,0.0018768310546875
3924,,245,0.40275806188583374,,0.5993804931640625
3925,,245,0.34010785818099976,,0.378448486328125
3926,,245,0.4914398193359375,,0.01556396484375
3927,,245,0.4171464443206787,,0.067230224609375
3928,,245,0.4354618191719055,,1.52587890625e-05
3929,,245,0.558377742767334,,0.0
3930,,245,0.610040545463562,,0.0
3931,,245,0.4332083463668823,,0.0
3932,,245,0.368363618850708,,0.1333160400390625
3933,,245,0.44679462909698486,,0.07415771484375
3934,,245,0.4314565658569336,,0.0073699951171875
3935,,245,0.4430559277534485,,0.0608062744140625
,980,245,,0.297235369682312,0.2125701904296875
,981,245,,0.38796257972717285,0.0781402587890625
,982,245,,0.4553489089012146,0.0941925048828125
,983,245,,0.27127039432525635,0.27587890625
3936,,246,0.44149264693260193,,0.0
3937,,246,0.486528217792511,,0.0
3938,,246,0.5080803036689758,,3.0517578125e-05
3939,,246,0.52248615026474,,0.0018768310546875
3940,,246,0.3502284288406372,,0.5993804931640625
3941,,246,0.31697386503219604,,0.378448486328125
3942,,246,0.30025506019592285,,0.01556396484375
3943,,246,0.4614197015762329,,0.067230224609375
3944,,246,0.6211180686950684,,1.52587890625e-05
3945,,246,0.3734240233898163,,0.0
3946,,246,0.6446108222007751,,0.0
3947,,246,0.5777157545089722,,0.0
3948,,246,0.4613649547100067,,0.1333160400390625
3949,,246,0.37021562457084656,,0.07415771484375
3950,,246,0.4524303376674652,,0.0073699951171875
3951,,246,0.494871586561203,,0.0608062744140625
,984,246,,0.21280786395072937,0.2125701904296875
,985,246,,0.30140477418899536,0.0781402587890625
,986,246,,0.3083074390888214,0.0941925048828125
,987,246,,0.15847572684288025,0.27587890625
3952,,247,0.42374640703201294,,0.0
3953,,247,0.4840431213378906,,0.0
3954,,247,0.36224257946014404,,3.0517578125e-05
3955,,247,0.49199020862579346,,0.0018768310546875
3956,,247,0.39439141750335693,,0.5993804931640625
3957,,247,0.34812042117118835,,0.378448486328125
3958,,247,0.5186525583267212,,0.01556396484375
3959,,247,0.5122661590576172,,0.067230224609375
3960,,247,0.5249563455581665,,1.52587890625e-05
3961,,247,0.581676721572876,,0.0
3962,,247,0.500199556350708,,0.0
3963,,247,0.4949846863746643,,0.0
3964,,247,0.32731401920318604,,0.1333160400390625
3965,,247,0.4090784788131714,,0.07415771484375
3966,,247,0.5437238216400146,,0.0073699951171875
3967,,247,0.5083423852920532,,0.0608062744140625
,988,247,,0.3203015923500061,0.2125701904296875
,989,247,,0.3371838927268982,0.0781402587890625
,990,247,,0.39020419120788574,0.0941925048828125
,991,247,,0.1676144003868103,0.27587890625
3968,,248,0.4514196515083313,,0.0
3969,,248,0.5466546416282654,,0.0
3970,,248,0.6145918369293213,,3.0517578125e-05
3971,,248,0.5343260765075684,,0.0018768310546875
3972,,248,0.3355795741081238,,0.5993804931640625
3973,,248,0.3837284743785858,,0.378448486328125
3974,,248,0.5143693089485168,,0.01556396484375
3975,,248,0.4055960774421692,,0.067230224609375
3976,,248,0.5613707304000854,,1.52587890625e-05
3977,,248,0.5720003843307495,,0.0
3978,,248,0.43729540705680847,,0.0
3979,,248,0.6862634420394897,,0.0
3980,,248,0.23504942655563354,,0.1333160400390625
3981,,248,0.5592525005340576,,0.07415771484375
3982,,248,0.4262741506099701,,0.0073699951171875
3983,,248,0.4765704274177551,,0.0608062744140625
,992,248,,0.3045782744884491,0.2125701904296875
,993,248,,0.34047818183898926,0.0781402587890625
,994,248,,0.4581605792045593,0.0941925048828125
,995,248,,0.20360204577445984,0.27587890625
3984,,249,0.5017881393432617,,0.0
3985,,249,0.4865592420101166,,0.0
3986,,249,0.48402470350265503,,3.0517578125e-05
3987,,249,0.40812838077545166,,0.0018768310546875
3988,,249,0.41994574666023254,,0.5993804931640625
3989,,249,0.29390159249305725,,0.378448486328125
3990,,249,0.4069671928882599,,0.01556396484375
3991,,249,0.38828814029693604,,0.067230224609375
3992,,249,0.4191790819168091,,1.52587890625e-05
3993,,249,0.4431571960449219,,0.0
3994,,249,0.47624340653419495,,0.0
3995,,249,0.5202588438987732,,0.0
3996,,249,0.4775080382823944,,0.1333160400390625
3997,,249,0.5660377740859985,,0.07415771484375
3998,,249,0.5331727266311646,,0.0073699951171875
3999,,249,0.49990713596343994,,0.0608062744140625
,996,249,,0.2800880968570709,0.2125701904296875
,997,249,,0.561032235622406,0.0781402587890625
,998,249,,0.4196408987045288,0.0941925048828125
,999,249,,0.30876097083091736,0.27587890625
4000,,250,0.4399300217628479,,0.0
4001,,250,0.5434728860855103,,0.0
4002,,250,0.5501347780227661,,3.0517578125e-05
4003,,250,0.5334621667861938,,0.0018768310546875
4004,,250,0.38442885875701904,,0.5993804931640625
4005,,250,0.26505744457244873,,0.378448486328125
4006,,250,0.5102980732917786,,0.01556396484375
4007,,250,0.5035774111747742,,0.067230224609375
4008,,250,0.5782299041748047,,1.52587890625e-05
4009,,250,0.34375840425491333,,0.0
4010,,250,0.5087035298347473,,0.0
4011,,250,0.5319912433624268,,0.0
4012,,250,0.40034398436546326,,0.1333160400390625
4013,,250,0.43875056505203247,,0.07415771484375
4014,,250,0.45542973279953003,,0.0073699951171875
4015,,250,0.39855247735977173,,0.0608062744140625
,1000,250,,0.373380184173584,0.2125701904296875
,1001,250,,0.5060876607894897,0.0781402587890625
,1002,250,,0.34144845604896545,0.0941925048828125
,1003,250,,0.37663334608078003,0.27587890625
4016,,251,0.5054133534431458,,0.0
4017,,251,0.3141426146030426,,0.0
4018,,251,0.45071542263031006,,3.0517578125e-05
4019,,251,0.6374980211257935,,0.0018768310546875
4020,,251,0.36517441272735596,,0.5993804931640625
4021,,251,0.341541588306427,,0.378448486328125
4022,,251,0.42943334579467773,,0.01556396484375
4023,,251,0.40102043747901917,,0.067230224609375
4024,,251,0.5440329909324646,,1.52587890625e-05
4025,,251,0.43375056982040405,,0.0
4026,,251,0.4250268340110779,,0.0
4027,,251,0.4152030348777771,,0.0
4028,,251,0.28631749749183655,,0.1333160400390625
4029,,251,0.3983209729194641,,0.07415771484375
4030,,251,0.44350287318229675,,0.0073699951171875
4031,,251,0.41317686438560486,,0.0608062744140625
,1004,251,,0.2955280840396881,0.2125701904296875
,1005,251,,0.31907567381858826,0.0781402587890625
,1006,251,,0.26798373460769653,0.0941925048828125
,1007,251,,0.27580901980400085,0.27587890625
4032,,252,0.5429397821426392,,0.0
4033,,252,0.370157390832901,,0.0
4034,,252,0.5262346267700195,,3.0517578125e-05
4035,,252,0.3969463109970093,,0.0018768310546875
4036,,252,0.3274373710155487,,0.5993804931640625
4037,,252,0.30111241340637207,,0.378448486328125
4038,,252,0.5467826128005981,,0.01556396484375
4039,,252,0.5039668679237366,,0.067230224609375
4040,,252,0.43360257148742676,,1.52587890625e-05
4041,,252,0.526176929473877,,0.0
4042,,252,0.43639346957206726,,0.0
4043,,252,0.5625660419464111,,0.0
4044,,252,0.4451041519641876,,0.1333160400390625
4045,,252,0.2926872968673706,,0.07415771484375
4046,,252,0.5507345199584961,,0.0073699951171875
4047,,252,0.39154312014579773,,0.0608062744140625
,1008,252,,0.2812254726886749,0.2125701904296875
,1009,252,,0.3875448703765869,0.0781402587890625
,1010,252,,0.4681673049926758,0.0941925048828125
,1011,252,,0.2386351227760315,0.27587890625
4048,,253,0.4358578622341156,,0.0
4049,,253,0.5301129817962646,,0.0
4050,,253,0.5238261222839355,,3.0517578125e-05
4051,,253,0.4906221628189087,,0.0018768310546875
4052,,253,0.39253681898117065,,0.5993804931640625
4053,,253,0.322613000869751,,0.378448486328125
4054,,253,0.4077325463294983,,0.01556396484375
4055,,253,0.40569478273391724,,0.067230224609375
4056,,253,0.46004995703697205,,1.52587890625e-05
4057,,253,0.43353381752967834,,0.0
4058,,253,0.5838699340820312,,0.0
4059,,253,0.4345657229423523,,0.0
4060,,253,0.2846947908401489,,0.1333160400390625
4061,,253,0.5251450538635254,,0.07415771484375
4062,,253,0.556767463684082,,0.0073699951171875
4063,,253,0.42861005663871765,,0.0608062744140625
,1012,253,,0.17884308099746704,0.2125701904296875
,1013,253,,0.33721792697906494,0.0781402587890625
,1014,253,,0.4196198880672455,0.0941925048828125
,1015,253,,0.3067317605018616,0.27587890625
4064,,254,0.5166399478912354,,0.0
4065,,254,0.5989986062049866,,0.0
4066,,254,0.4900498390197754,,3.0517578125e-05
4067,,254,0.5016180872917175,,0.0018768310546875
4068,,254,0.4097434878349304,,0.5993804931640625
4069,,254,0.30566880106925964,,0.378448486328125
4070,,254,0.4169210195541382,,0.01556396484375
4071,,254,0.47835928201675415,,0.067230224609375
4072,,254,0.4360637366771698,,1.52587890625e-05
4073,,254,0.6287355422973633,,0.0
4074,,254,0.4616380035877228,,0.0
4075,,254,0.4405566453933716,,0.0
4076,,254,0.3148118853569031,,0.1333160400390625
4077,,254,0.3480055332183838,,0.07415771484375
4078,,254,0.38855546712875366,,0.0073699951171875
4079,,254,0.5958840847015381,,0.0608062744140625
,1016,254,,0.3627651333808899,0.2125701904296875
,1017,254,,0.5379656553268433,0.0781402587890625
,1018,254,,0.3681999146938324,0.0941925048828125
,1019,254,,0.17250467836856842,0.27587890625
4080,,255,0.5961291193962097,,0.0
4081,,255,0.4299984574317932,,0.0
4082,,255,0.4874536395072937,,3.0517578125e-05
4083,,255,0.4877670407295227,,0.0018768310546875
4084,,255,0.333088755607605,,0.5993804931640625
4085,,255,0.3521677255630493,,0.378448486328125
4086,,255,0.40713414549827576,,0.01556396484375
4087,,255,0.457442045211792,,0.067230224609375
4088,,255,0.5233829617500305,,1.52587890625e-05
4089,,255,0.6462463140487671,,0.0
4090,,255,0.48283129930496216,,0.0
4091,,255,0.6867523193359375,,0.0
4092,,255,0.3623128831386566,,0.1333160400390625
4093,,255,0.37912335991859436,,0.07415771484375
4094,,255,0.46593594551086426,,0.0073699951171875
4095,,255,0.39184683561325073,,0.0608062744140625
,1020,255,,0.2942965030670166,0.2125701904296875
,1021,255,,0.4496205449104309,0.0781402587890625
,1022,255,,0.4394010603427887,0.0941925048828125
,1023,255,,0.22966556251049042,0.27587890625
4096,,256,0.4597354531288147,,0.0
4097,,256,0.5559750199317932,,0.0
4098,,256,0.3632180392742157,,3.0517578125e-05
4099,,256,0.4194418787956238,,0.0018768310546875
4100,,256,0.4068741500377655,,0.5993804931640625
4101,,256,0.35547125339508057,,0.378448486328125
4102,,256,0.5937491655349731,,0.01556396484375
4103,,256,0.5052895545959473,,0.067230224609375
4104,,256,0.5880547761917114,,1.52587890625e-05
4105,,256,0.4665050804615021,,0.0
4106,,256,0.5649576187133789,,0.0
4107,,256,0.45827656984329224,,0.0
4108,,256,0.3245217204093933,,0.1333160400390625
4109,,256,0.46413925290107727,,0.07415771484375
4110,,256,0.5041414499282837,,0.0073699951171875
4111,,256,0.4321081042289734,,0.0608062744140625
,1024,256,,0.3773520588874817,0.2125701904296875
,1025,256,,0.49221789836883545,0.0781402587890625
,1026,256,,0.3521551787853241,0.0941925048828125
,1027,256,,0.164865642786026,0.27587890625
4112,,257,0.5837066769599915,,0.0
4113,,257,0.346353143453598,,0.0
4114,,257,0.489483505487442,,3.0517578125e-05
4115,,257,0.4435461163520813,,0.0018768310546875
4116,,257,0.36432209610939026,,0.5993804931640625
4117,,257,0.3529607653617859,,0.378448486328125
4118,,257,0.4510500133037567,,0.01556396484375
4119,,257,0.40757647156715393,,0.067230224609375
4120,,257,0.4729134738445282,,1.52587890625e-05
4121,,257,0.5161585807800293,,0.0
4122,,257,0.4939561188220978,,0.0
4123,,257,0.43223491311073303,,0.0
4124,,257,0.410635769367218,,0.1333160400390625
4125,,257,0.485858678817749,,0.07415771484375
4126,,257,0.3850266933441162,,0.0073699951171875
4127,,257,0.48164424300193787,,0.0608062744140625
,1028,257,,0.2706305682659149,0.2125701904296875
,1029,257,,0.26769739389419556,0.0781402587890625
,1030,257,,0.5624152421951294,0.0941925048828125
,1031,257,,0.1444738656282425,0.27587890625
4128,,258,0.5547885894775391,,0.0
4129,,258,0.5086719393730164,,0.0
4130,,258,0.5678591728210449,,3.0517578125e-05
4131,,258,0.5987749099731445,,0.0018768310546875
4132,,258,0.32633864879608154,,0.5993804931640625
4133,,258,0.2805998921394348,,0.378448486328125
4134,,258,0.45863574743270874,,0.01556396484375
4135,,258,0.3716643452644348,,0.067230224609375
4136,,258,0.5594810247421265,,1.52587890625e-05
4137,,258,0.40409600734710693,,0.0
4138,,258,0.5116496086120605,,0.0
4139,,258,0.49102407693862915,,0.0
4140,,258,0.360119104385376,,0.1333160400390625
4141,,258,0.4341861307621002,,0.07415771484375
4142,,258,0.45454689860343933,,0.0073699951171875
4143,,258,0.41006261110305786,,0.0608062744140625
,1032,258,,0.23392769694328308,0.2125701904296875
,1033,258,,0.5548591613769531,0.0781402587890625
,1034,258,,0.3249647915363312,0.0941925048828125
,1035,258,,0.21614792943000793,0.27587890625
4144,,259,0.39891481399536133,,0.0
4145,,259,0.44133418798446655,,0.0
4146,,259,0.5204775333404541,,3.0517578125e-05
4147,,259,0.4635400176048279,,0.0018768310546875
4148,,259,0.37260788679122925,,0.5993804931640625
4149,,259,0.3746744990348816,,0.378448486328125
4150,,259,0.5472544431686401,,0.01556396484375
4151,,259,0.4427807927131653,,0.067230224609375
4152,,259,0.5216320753097534,,1.52587890625e-05
4153,,259,0.5062757730484009,,0.0
4154,,259,0.5714118480682373,,0.0
4155,,259,0.5706988573074341,,0.0
4156,,259,0.27738940715789795,,0.1333160400390625
4157,,259,0.37796536087989807,,0.07415771484375
4158,,259,0.3690241277217865,,0.0073699951171875
4159,,259,0.46903911232948303,,0.0608062744140625
,1036,259,,0.2766417860984802,0.2125701904296875
,1037,259,,0.5055232048034668,0.0781402587890625
,1038,259,,0.43072035908699036,0.0941925048828125
,1039,259,,0.35095489025115967,0.27587890625
4160,,260,0.4461182951927185,,0.0
4161,,260,0.49433228373527527,,0.0
4162,,260,0.5693033337593079,,3.0517578125e-05
4163,,260,0.42093318700790405,,0.0018768310546875
4164,,260,0.39433053135871887,,0.5993804931640625
4165,,260,0.32579171657562256,,0.378448486328125
4166,,260,0.47286561131477356,,0.01556396484375
4167,,260,0.5432798862457275,,0.067230224609375
4168,,260,0.5407114028930664,,1.52587890625e-05
4169,,260,0.4757201671600342,,0.0
4170,,260,0.3924340605735779,,0.0
4171,,260,0.4055711030960083,,0.0
4172,,260,0.45731133222579956,,0.1333160400390625
4173,,260,0.3857734799385071,,0.07415771484375
4174,,260,0.47418421506881714,,0.0073699951171875
4175,,260,0.4524163007736206,,0.0608062744140625
,1040,260,,0.24500258266925812,0.2125701904296875
,1041,260,,0.40969938039779663,0.0781402587890625
,1042,260,,0.5105881690979004,0.0941925048828125
,1043,260,,0.22008095681667328,0.27587890625
4176,,261,0.470922589302063,,0.0
4177,,261,0.363147497177124,,0.0
4178,,261,0.537875235080719,,3.0517578125e-05
4179,,261,0.5628299713134766,,0.0018768310546875
4180,,261,0.3600353002548218,,0.5993804931640625
4181,,261,0.3308163285255432,,0.378448486328125
4182,,261,0.4291769862174988,,0.01556396484375
4183,,261,0.327437162399292,,0.067230224609375
4184,,261,0.6040722131729126,,1.52587890625e-05
4185,,261,0.47977060079574585,,0.0
4186,,261,0.43259739875793457,,0.0
4187,,261,0.3783826231956482,,0.0
4188,,261,0.49560993909835815,,0.1333160400390625
4189,,261,0.3656350374221802,,0.07415771484375
4190,,261,0.5454897880554199,,0.0073699951171875
4191,,261,0.477642297744751,,0.0608062744140625
,1044,261,,0.29698795080184937,0.2125701904296875
,1045,261,,0.3424032926559448,0.0781402587890625
,1046,261,,0.4523545503616333,0.0941925048828125
,1047,261,,0.22946012020111084,0.27587890625
4192,,262,0.5331767797470093,,0.0
4193,,262,0.3690607249736786,,0.0
4194,,262,0.48731449246406555,,3.0517578125e-05
4195,,262,0.5599052906036377,,0.0018768310546875
4196,,262,0.4297807216644287,,0.5993804931640625
4197,,262,0.312799334526062,,0.378448486328125
4198,,262,0.44589895009994507,,0.01556396484375
4199,,262,0.41764652729034424,,0.067230224609375
4200,,262,0.4709935784339905,,1.52587890625e-05
4201,,262,0.6412720680236816,,0.0
4202,,262,0.4219166338443756,,0.0
4203,,262,0.5372851490974426,,0.0
4204,,262,0.3232513666152954,,0.1333160400390625
4205,,262,0.31857624650001526,,0.07415771484375
4206,,262,0.49917328357696533,,0.0073699951171875
4207,,262,0.4592491388320923,,0.0608062744140625
,1048,262,,0.31498220562934875,0.2125701904296875
,1049,262,,0.3847023844718933,0.0781402587890625
,1050,262,,0.43205562233924866,0.0941925048828125
,1051,262,,0.235504612326622,0.27587890625
4208,,263,0.47089043259620667,,0.0
4209,,263,0.36303359270095825,,0.0
4210,,263,0.38257187604904175,,3.0517578125e-05
4211,,263,0.4805998206138611,,0.0018768310546875
4212,,263,0.4066746234893799,,0.5993804931640625
4213,,263,0.3405187129974365,,0.378448486328125
4214,,263,0.3297269344329834,,0.01556396484375
4215,,263,0.41669851541519165,,0.067230224609375
4216,,263,0.5540829300880432,,1.52587890625e-05
4217,,263,0.6289336085319519,,0.0
4218,,263,0.5149164199829102,,0.0
4219,,263,0.6002410650253296,,0.0
4220,,263,0.3215242028236389,,0.1333160400390625
4221,,263,0.5306661128997803,,0.07415771484375
4222,,263,0.5600060224533081,,0.0073699951171875
4223,,263,0.4133524000644684,,0.0608062744140625
,1052,263,,0.2690725028514862,0.2125701904296875
,1053,263,,0.35454148054122925,0.0781402587890625
,1054,263,,0.2602443993091583,0.0941925048828125
,1055,263,,0.23694632947444916,0.27587890625
4224,,264,0.6745449304580688,,0.0
4225,,264,0.4790143668651581,,0.0
4226,,264,0.4622233510017395,,3.0517578125e-05
4227,,264,0.45510613918304443,,0.0018768310546875
4228,,264,0.3375137746334076,,0.5993804931640625
4229,,264,0.30378463864326477,,0.378448486328125
4230,,264,0.45603108406066895,,0.01556396484375
4231,,264,0.5448896884918213,,0.067230224609375
4232,,264,0.5130578279495239,,1.52587890625e-05
4233,,264,0.40269234776496887,,0.0
4234,,264,0.36040210723876953,,0.0
4235,,264,0.5501846075057983,,0.0
4236,,264,0.4242883324623108,,0.1333160400390625
4237,,264,0.49505919218063354,,0.07415771484375
4238,,264,0.558155357837677,,0.0073699951171875
4239,,264,0.4968714714050293,,0.0608062744140625
,1056,264,,0.2913392186164856,0.2125701904296875
,1057,264,,0.4065893888473511,0.0781402587890625
,1058,264,,0.4660419225692749,0.0941925048828125
,1059,264,,0.1604509949684143,0.27587890625
4240,,265,0.46178722381591797,,0.0
4241,,265,0.48872697353363037,,0.0
4242,,265,0.48066380620002747,,3.0517578125e-05
4243,,265,0.5034425258636475,,0.0018768310546875
4244,,265,0.4297369122505188,,0.5993804931640625
4245,,265,0.32075443863868713,,0.378448486328125
4246,,265,0.3074251413345337,,0.01556396484375
4247,,265,0.41581326723098755,,0.067230224609375
4248,,265,0.43826407194137573,,1.52587890625e-05
4249,,265,0.654423177242279,,0.0
4250,,265,0.530888557434082,,0.0
4251,,265,0.5242984294891357,,0.0
4252,,265,0.2845587134361267,,0.1333160400390625
4253,,265,0.3327361047267914,,0.07415771484375
4254,,265,0.6006282567977905,,0.0073699951171875
4255,,265,0.5124467611312866,,0.0608062744140625
,1060,265,,0.2946590185165405,0.2125701904296875
,1061,265,,0.41883769631385803,0.0781402587890625
,1062,265,,0.34587690234184265,0.0941925048828125
,1063,265,,0.17275595664978027,0.27587890625
4256,,266,0.5588583946228027,,0.0
4257,,266,0.501990556716919,,0.0
4258,,266,0.48163875937461853,,3.0517578125e-05
4259,,266,0.600058913230896,,0.0018768310546875
4260,,266,0.34612125158309937,,0.5993804931640625
4261,,266,0.30472737550735474,,0.378448486328125
4262,,266,0.3951900601387024,,0.01556396484375
4263,,266,0.4259699583053589,,0.067230224609375
4264,,266,0.5258628726005554,,1.52587890625e-05
4265,,266,0.5507559776306152,,0.0
4266,,266,0.5959873199462891,,0.0
4267,,266,0.4696824550628662,,0.0
4268,,266,0.4213845729827881,,0.1333160400390625
4269,,266,0.3511485457420349,,0.07415771484375
4270,,266,0.3826770782470703,,0.0073699951171875
4271,,266,0.5026143193244934,,0.0608062744140625
,1064,266,,0.24983546137809753,0.2125701904296875
,1065,266,,0.3900664448738098,0.0781402587890625
,1066,266,,0.3840797245502472,0.0941925048828125
,1067,266,,0.1608474850654602,0.27587890625
4272,,267,0.6531808376312256,,0.0
4273,,267,0.5919207334518433,,0.0
4274,,267,0.4385981559753418,,3.0517578125e-05
4275,,267,0.4667438268661499,,0.0018768310546875
4276,,267,0.31690719723701477,,0.5993804931640625
4277,,267,0.3530068099498749,,0.378448486328125
4278,,267,0.5250439643859863,,0.01556396484375
4279,,267,0.43169185519218445,,0.067230224609375
4280,,267,0.46605581045150757,,1.52587890625e-05
4281,,267,0.5369265675544739,,0.0
4282,,267,0.4351312220096588,,0.0
4283,,267,0.3653450608253479,,0.0
4284,,267,0.34214988350868225,,0.1333160400390625
4285,,267,0.519905686378479,,0.07415771484375
4286,,267,0.578956127166748,,0.0073699951171875
4287,,267,0.4943174123764038,,0.0608062744140625
,1068,267,,0.3008146286010742,0.2125701904296875
,1069,267,,0.40379655361175537,0.0781402587890625
,1070,267,,0.42517590522766113,0.0941925048828125
,1071,267,,0.21919918060302734,0.27587890625
4288,,268,0.49877506494522095,,0.0
4289,,268,0.5726569294929504,,0.0
4290,,268,0.442065954208374,,3.0517578125e-05
4291,,268,0.5784302353858948,,0.0018768310546875
4292,,268,0.35687437653541565,,0.5993804931640625
4293,,268,0.3327680230140686,,0.378448486328125
4294,,268,0.585387110710144,,0.01556396484375
4295,,268,0.44545161724090576,,0.067230224609375
4296,,268,0.46256446838378906,,1.52587890625e-05
4297,,268,0.4291340112686157,,0.0
4298,,268,0.5794884562492371,,0.0
4299,,268,0.6685750484466553,,0.0
4300,,268,0.3357299268245697,,0.1333160400390625
4301,,268,0.5146042704582214,,0.07415771484375
4302,,268,0.456150621175766,,0.0073699951171875
4303,,268,0.54127037525177,,0.0608062744140625
,1072,268,,0.2058866024017334,0.2125701904296875
,1073,268,,0.36669284105300903,0.0781402587890625
,1074,268,,0.488054096698761,0.0941925048828125
,1075,268,,0.23987047374248505,0.27587890625
4304,,269,0.5034815073013306,,0.0
4305,,269,0.38118088245391846,,0.0
4306,,269,0.47613704204559326,,3.0517578125e-05
4307,,269,0.5274339914321899,,0.0018768310546875
4308,,269,0.3804379403591156,,0.5993804931640625
4309,,269,0.28923341631889343,,0.378448486328125
4310,,269,0.5740557909011841,,0.01556396484375
4311,,269,0.47737863659858704,,0.067230224609375
4312,,269,0.5057893395423889,,1.52587890625e-05
4313,,269,0.48714277148246765,,0.0
4314,,269,0.4459015727043152,,0.0
4315,,269,0.5621152520179749,,0.0
4316,,269,0.3804466128349304,,0.1333160400390625
4317,,269,0.4215352535247803,,0.07415771484375
4318,,269,0.5314170122146606,,0.0073699951171875
4319,,269,0.42392560839653015,,0.0608062744140625
,1076,269,,0.3546975255012512,0.2125701904296875
,1077,269,,0.31479018926620483,0.0781402587890625
,1078,269,,0.4744678735733032,0.0941925048828125
,1079,269,,0.1757739633321762,0.27587890625
4320,,270,0.5389603972434998,,0.0
4321,,270,0.5491766929626465,,0.0
4322,,270,0.5183538794517517,,3.0517578125e-05
4323,,270,0.5490769743919373,,0.0018768310546875
4324,,270,0.38812780380249023,,0.5993804931640625
4325,,270,0.28656110167503357,,0.378448486328125
4326,,270,0.40315309166908264,,0.01556396484375
4327,,270,0.3719213604927063,,0.067230224609375
4328,,270,0.6582666635513306,,1.52587890625e-05
4329,,270,0.44832703471183777,,0.0
4330,,270,0.5683954954147339,,0.0
4331,,270,0.6231065988540649,,0.0
4332,,270,0.4157475233078003,,0.1333160400390625
4333,,270,0.43968749046325684,,0.07415771484375
4334,,270,0.5170278549194336,,0.0073699951171875
4335,,270,0.48059511184692383,,0.0608062744140625
,1080,270,,0.2772403955459595,0.2125701904296875
,1081,270,,0.27925023436546326,0.0781402587890625
,1082,270,,0.5207149982452393,0.0941925048828125
,1083,270,,0.17314323782920837,0.27587890625
4336,,271,0.660865306854248,,0.0
4337,,271,0.39605993032455444,,0.0
4338,,271,0.37781137228012085,,3.0517578125e-05
4339,,271,0.5066891312599182,,0.0018768310546875
4340,,271,0.3384973108768463,,0.5993804931640625
4341,,271,0.28667107224464417,,0.378448486328125
4342,,271,0.5131298303604126,,0.01556396484375
4343,,271,0.4041122496128082,,0.067230224609375
4344,,271,0.5604638457298279,,1.52587890625e-05
4345,,271,0.5368108749389648,,0.0
4346,,271,0.411104679107666,,0.0
4347,,271,0.5417519807815552,,0.0
4348,,271,0.32116416096687317,,0.1333160400390625
4349,,271,0.37881654500961304,,0.07415771484375
4350,,271,0.4438437223434448,,0.0073699951171875
4351,,271,0.39038416743278503,,0.0608062744140625
,1084,271,,0.35044926404953003,0.2125701904296875
,1085,271,,0.39621952176094055,0.0781402587890625
,1086,271,,0.4674074649810791,0.0941925048828125
,1087,271,,0.27805376052856445,0.27587890625
4352,,272,0.5480217933654785,,0.0
4353,,272,0.5165561437606812,,0.0
4354,,272,0.5151258707046509,,3.0517578125e-05
4355,,272,0.45671096444129944,,0.0018768310546875
4356,,272,0.3436405658721924,,0.5993804931640625
4357,,272,0.2836722731590271,,0.378448486328125
4358,,272,0.4560585021972656,,0.01556396484375
4359,,272,0.5271204710006714,,0.067230224609375
4360,,272,0.6279696226119995,,1.52587890625e-05
4361,,272,0.47752898931503296,,0.0
4362,,272,0.41285407543182373,,0.0
4363,,272,0.44747841358184814,,0.0
4364,,272,0.2834009528160095,,0.1333160400390625
4365,,272,0.3444980978965759,,0.07415771484375
4366,,272,0.41113293170928955,,0.0073699951171875
4367,,272,0.5599510669708252,,0.0608062744140625
,1088,272,,0.2502381205558777,0.2125701904296875
,1089,272,,0.4820065498352051,0.0781402587890625
,1090,272,,0.3347701132297516,0.0941925048828125
,1091,272,,0.15050891041755676,0.27587890625
4368,,273,0.44912946224212646,,0.0
4369,,273,0.4765113890171051,,0.0
4370,,273,0.5555551052093506,,3.0517578125e-05
4371,,273,0.48201891779899597,,0.0018768310546875
4372,,273,0.39215123653411865,,0.5993804931640625
4373,,273,0.335039883852005,,0.378448486328125
4374,,273,0.5141233801841736,,0.01556396484375
4375,,273,0.5318042039871216,,0.067230224609375
4376,,273,0.4520569443702698,,1.52587890625e-05
4377,,273,0.619410514831543,,0.0
4378,,273,0.5023595690727234,,0.0
4379,,273,0.5791827440261841,,0.0
4380,,273,0.28873294591903687,,0.1333160400390625
4381,,273,0.48880088329315186,,0.07415771484375
4382,,273,0.4698411822319031,,0.0073699951171875
4383,,273,0.4816146790981293,,0.0608062744140625
,1092,273,,0.34162575006484985,0.2125701904296875
,1093,273,,0.5835644006729126,0.0781402587890625
,1094,273,,0.4260103106498718,0.0941925048828125
,1095,273,,0.20930688083171844,0.27587890625
4384,,274,0.4055858254432678,,0.0
4385,,274,0.5961449146270752,,0.0
4386,,274,0.457356333732605,,3.0517578125e-05
4387,,274,0.4515787363052368,,0.0018768310546875
4388,,274,0.4088515043258667,,0.5993804931640625
4389,,274,0.303618848323822,,0.378448486328125
4390,,274,0.4579375088214874,,0.01556396484375
4391,,274,0.45501428842544556,,0.067230224609375
4392,,274,0.43405139446258545,,1.52587890625e-05
4393,,274,0.6242260932922363,,0.0
4394,,274,0.5825010538101196,,0.0
4395,,274,0.5007220506668091,,0.0
4396,,274,0.3573574125766754,,0.1333160400390625
4397,,274,0.3283211290836334,,0.07415771484375
4398,,274,0.4878871440887451,,0.0073699951171875
4399,,274,0.5396722555160522,,0.0608062744140625
,1096,274,,0.1940169632434845,0.2125701904296875
,1097,274,,0.5125450491905212,0.0781402587890625
,1098,274,,0.27787041664123535,0.0941925048828125
,1099,274,,0.23710952699184418,0.27587890625
4400,,275,0.6398332118988037,,0.0
4401,,275,0.5092878341674805,,0.0
4402,,275,0.499803364276886,,3.0517578125e-05
4403,,275,0.4481557011604309,,0.0018768310546875
4404,,275,0.3533363342285156,,0.5993804931640625
4405,,275,0.3270374536514282,,0.378448486328125
4406,,275,0.45630696415901184,,0.01556396484375
4407,,275,0.4519334137439728,,0.067230224609375
4408,,275,0.5715410709381104,,1.52587890625e-05
4409,,275,0.4265982508659363,,0.0
4410,,275,0.3994610905647278,,0.0
4411,,275,0.4668981432914734,,0.0
4412,,275,0.3861406445503235,,0.1333160400390625
4413,,275,0.4171169698238373,,0.07415771484375
4414,,275,0.4229810833930969,,0.0073699951171875
4415,,275,0.44122564792633057,,0.0608062744140625
,1100,275,,0.22236190736293793,0.2125701904296875
,1101,275,,0.4004949629306793,0.0781402587890625
,1102,275,,0.4637413024902344,0.0941925048828125
,1103,275,,0.18467435240745544,0.27587890625
4416,,276,0.35327884554862976,,0.0
4417,,276,0.6070126891136169,,0.0
4418,,276,0.4562315344810486,,3.0517578125e-05
4419,,276,0.5261293649673462,,0.0018768310546875
4420,,276,0.3512362837791443,,0.5993804931640625
4421,,276,0.33790910243988037,,0.378448486328125
4422,,276,0.461769163608551,,0.01556396484375
4423,,276,0.32561641931533813,,0.067230224609375
4424,,276,0.3746166229248047,,1.52587890625e-05
4425,,276,0.4862288236618042,,0.0
4426,,276,0.5518972873687744,,0.0
4427,,276,0.4243878126144409,,0.0
4428,,276,0.35242336988449097,,0.1333160400390625
4429,,276,0.48045212030410767,,0.07415771484375
4430,,276,0.48686879873275757,,0.0073699951171875
4431,,276,0.4467428922653198,,0.0608062744140625
,1104,276,,0.28542327880859375,0.2125701904296875
,1105,276,,0.36692410707473755,0.0781402587890625
,1106,276,,0.38361239433288574,0.0941925048828125
,1107,276,,0.33265161514282227,0.27587890625
4432,,277,0.5803773999214172,,0.0
4433,,277,0.5177326798439026,,0.0
4434,,277,0.5337998867034912,,3.0517578125e-05
4435,,277,0.47275277972221375,,0.0018768310546875
4436,,277,0.3479456305503845,,0.5993804931640625
4437,,277,0.2794959545135498,,0.378448486328125
4438,,277,0.5351829528808594,,0.01556396484375
4439,,277,0.4976283311843872,,0.067230224609375
4440,,277,0.6189964413642883,,1.52587890625e-05
4441,,277,0.5570544004440308,,0.0
4442,,277,0.5819082260131836,,0.0
4443,,277,0.6060213446617126,,0.0
4444,,277,0.2689536213874817,,0.1333160400390625
4445,,277,0.4133489727973938,,0.07415771484375
4446,,277,0.3670070469379425,,0.0073699951171875
4447,,277,0.41010239720344543,,0.0608062744140625
,1108,277,,0.3878198266029358,0.2125701904296875
,1109,277,,0.371914803981781,0.0781402587890625
,1110,277,,0.3253089189529419,0.0941925048828125
,1111,277,,0.31956353783607483,0.27587890625
4448,,278,0.3832365870475769,,0.0
4449,,278,0.48066356778144836,,0.0
4450,,278,0.5489844083786011,,3.0517578125e-05
4451,,278,0.3703746795654297,,0.0018768310546875
4452,,278,0.35850387811660767,,0.5993804931640625
4453,,278,0.3535207509994507,,0.378448486328125
4454,,278,0.5170462727546692,,0.01556396484375
4455,,278,0.5129476189613342,,0.067230224609375
4456,,278,0.44664090871810913,,1.52587890625e-05
4457,,278,0.4810163080692291,,0.0
4458,,278,0.5953341126441956,,0.0
4459,,278,0.46484848856925964,,0.0
4460,,278,0.3909350037574768,,0.1333160400390625
4461,,278,0.47466880083084106,,0.07415771484375
4462,,278,0.4505141079425812,,0.0073699951171875
4463,,278,0.49821746349334717,,0.0608062744140625
,1112,278,,0.27090099453926086,0.2125701904296875
,1113,278,,0.536649763584137,0.0781402587890625
,1114,278,,0.38058435916900635,0.0941925048828125
,1115,278,,0.32989248633384705,0.27587890625
4464,,279,0.472187340259552,,0.0
4465,,279,0.41911450028419495,,0.0
4466,,279,0.5696474313735962,,3.0517578125e-05
4467,,279,0.4759232997894287,,0.0018768310546875
4468,,279,0.3002023696899414,,0.5993804931640625
4469,,279,0.33968231081962585,,0.378448486328125
4470,,279,0.49636805057525635,,0.01556396484375
4471,,279,0.4129066467285156,,0.067230224609375
4472,,279,0.5794668197631836,,1.52587890625e-05
4473,,279,0.5549148321151733,,0.0
4474,,279,0.48039817810058594,,0.0
4475,,279,0.5812902450561523,,0.0
4476,,279,0.42080366611480713,,0.1333160400390625
4477,,279,0.44310951232910156,,0.07415771484375
4478,,279,0.5378775596618652,,0.0073699951171875
4479,,279,0.3375300467014313,,0.0608062744140625
,1116,279,,0.19971978664398193,0.2125701904296875
,1117,279,,0.38811808824539185,0.0781402587890625
,1118,279,,0.42434632778167725,0.0941925048828125
,1119,279,,0.2743578851222992,0.27587890625
4480,,280,0.5080438852310181,,0.0
4481,,280,0.531554639339447,,0.0
4482,,280,0.5255655646324158,,3.0517578125e-05
4483,,280,0.41461530327796936,,0.0018768310546875
4484,,280,0.40417125821113586,,0.5993804931640625
4485,,280,0.33180055022239685,,0.378448486328125
4486,,280,0.5112814903259277,,0.01556396484375
4487,,280,0.4093022346496582,,0.067230224609375
4488,,280,0.5480255484580994,,1.52587890625e-05
4489,,280,0.5202239155769348,,0.0
4490,,280,0.4161341190338135,,0.0
4491,,280,0.4261409342288971,,0.0
4492,,280,0.3361680507659912,,0.1333160400390625
4493,,280,0.4752501845359802,,0.07415771484375
4494,,280,0.47824597358703613,,0.0073699951171875
4495,,280,0.41871801018714905,,0.0608062744140625
,1120,280,,0.3598954677581787,0.2125701904296875
,1121,280,,0.3462221026420593,0.0781402587890625
,1122,280,,0.22902530431747437,0.0941925048828125
,1123,280,,0.2862735986709595,0.27587890625
4496,,281,0.5804620385169983,,0.0
4497,,281,0.4454736113548279,,0.0
4498,,281,0.4570070207118988,,3.0517578125e-05
4499,,281,0.5010284185409546,,0.0018768310546875
4500,,281,0.337036669254303,,0.5993804931640625
4501,,281,0.3196452558040619,,0.378448486328125
4502,,281,0.5184810757637024,,0.01556396484375
4503,,281,0.5026642084121704,,0.067230224609375
4504,,281,0.5446348786354065,,1.52587890625e-05
4505,,281,0.4588606357574463,,0.0
4506,,281,0.5241937041282654,,0.0
4507,,281,0.4684436321258545,,0.0
4508,,281,0.43517088890075684,,0.1333160400390625
4509,,281,0.296264111995697,,0.07415771484375
4510,,281,0.5158643126487732,,0.0073699951171875
4511,,281,0.48314738273620605,,0.0608062744140625
,1124,281,,0.4883192777633667,0.2125701904296875
,1125,281,,0.4817105531692505,0.0781402587890625
,1126,281,,0.4724019169807434,0.0941925048828125
,1127,281,,0.20798736810684204,0.27587890625
4512,,282,0.5517071485519409,,0.0
4513,,282,0.4511911869049072,,0.0
4514,,282,0.49977290630340576,,3.0517578125e-05
4515,,282,0.5157407522201538,,0.0018768310546875
4516,,282,0.3838217556476593,,0.5993804931640625
4517,,282,0.2992323040962219,,0.378448486328125
4518,,282,0.4669121503829956,,0.01556396484375
4519,,282,0.45679259300231934,,0.067230224609375
4520,,282,0.47793036699295044,,1.52587890625e-05
4521,,282,0.5617050528526306,,0.0
4522,,282,0.5883451700210571,,0.0
4523,,282,0.40223267674446106,,0.0
4524,,282,0.44072842597961426,,0.1333160400390625
4525,,282,0.3548555076122284,,0.07415771484375
4526,,282,0.44794848561286926,,0.0073699951171875
4527,,282,0.40936440229415894,,0.0608062744140625
,1128,282,,0.1846071183681488,0.2125701904296875
,1129,282,,0.5253306031227112,0.0781402587890625
,1130,282,,0.4036076068878174,0.0941925048828125
,1131,282,,0.13657215237617493,0.27587890625
4528,,283,0.5433832406997681,,0.0
4529,,283,0.5062400102615356,,0.0
4530,,283,0.4817988872528076,,3.0517578125e-05
4531,,283,0.5100477933883667,,0.0018768310546875
4532,,283,0.39038023352622986,,0.5993804931640625
4533,,283,0.3130934238433838,,0.378448486328125
4534,,283,0.4608149230480194,,0.01556396484375
4535,,283,0.37093865871429443,,0.067230224609375
4536,,283,0.5180482864379883,,1.52587890625e-05
4537,,283,0.5006380081176758,,0.0
4538,,283,0.5439739227294922,,0.0
4539,,283,0.37356269359588623,,0.0
4540,,283,0.3048217296600342,,0.1333160400390625
4541,,283,0.5174487829208374,,0.07415771484375
4542,,283,0.41264426708221436,,0.0073699951171875
4543,,283,0.3436259627342224,,0.0608062744140625
,1132,283,,0.348882257938385,0.2125701904296875
,1133,283,,0.45133358240127563,0.0781402587890625
,1134,283,,0.5279181003570557,0.0941925048828125
,1135,283,,0.26065754890441895,0.27587890625
4544,,284,0.5175279974937439,,0.0
4545,,284,0.3571273982524872,,0.0
4546,,284,0.4502858519554138,,3.0517578125e-05
4547,,284,0.47346386313438416,,0.0018768310546875
4548,,284,0.4115491211414337,,0.5993804931640625
4549,,284,0.35144123435020447,,0.378448486328125
4550,,284,0.45754343271255493,,0.01556396484375
4551,,284,0.4551638960838318,,0.067230224609375
4552,,284,0.45189177989959717,,1.52587890625e-05
4553,,284,0.4939265847206116,,0.0
4554,,284,0.5862711668014526,,0.0
4555,,284,0.4831475615501404,,0.0
4556,,284,0.3121868968009949,,0.1333160400390625
4557,,284,0.4611465632915497,,0.07415771484375
4558,,284,0.4588741362094879,,0.0073699951171875
4559,,284,0.36859601736068726,,0.0608062744140625
,1136,284,,0.38524162769317627,0.2125701904296875
,1137,284,,0.3332011103630066,0.0781402587890625
,1138,284,,0.5317010879516602,0.0941925048828125
,1139,284,,0.261247456073761,0.27587890625
4560,,285,0.436235636472702,,0.0
4561,,285,0.661419153213501,,0.0
4562,,285,0.42166194319725037,,3.0517578125e-05
4563,,285,0.40257227420806885,,0.0018768310546875
4564,,285,0.34733250737190247,,0.5993804931640625
4565,,285,0.2930810749530792,,0.378448486328125
4566,,285,0.4031495153903961,,0.01556396484375
4567,,285,0.42777276039123535,,0.067230224609375
4568,,285,0.395702600479126,,1.52587890625e-05
4569,,285,0.6527813076972961,,0.0
4570,,285,0.5604924559593201,,0.0
4571,,285,0.4511387050151825,,0.0
4572,,285,0.31143683195114136,,0.1333160400390625
4573,,285,0.5984252095222473,,0.07415771484375
4574,,285,0.45730674266815186,,0.0073699951171875
4575,,285,0.3310029208660126,,0.0608062744140625
,1140,285,,0.26117318868637085,0.2125701904296875
,1141,285,,0.39501798152923584,0.0781402587890625
,1142,285,,0.5689456462860107,0.0941925048828125
,1143,285,,0.12382396310567856,0.27587890625
4576,,286,0.4650750756263733,,0.0
4577,,286,0.35665470361709595,,0.0
4578,,286,0.4409262537956238,,3.0517578125e-05
4579,,286,0.35311442613601685,,0.0018768310546875
4580,,286,0.37403422594070435,,0.5993804931640625
4581,,286,0.30405622720718384,,0.378448486328125
4582,,286,0.38955333828926086,,0.01556396484375
4583,,286,0.42998206615448,,0.067230224609375
4584,,286,0.4975394010543823,,1.52587890625e-05
4585,,286,0.33803170919418335,,0.0
4586,,286,0.5882730484008789,,0.0
4587,,286,0.38219785690307617,,0.0
4588,,286,0.443135142326355,,0.1333160400390625
4589,,286,0.42998430132865906,,0.07415771484375
4590,,286,0.5068097114562988,,0.0073699951171875
4591,,286,0.5145107507705688,,0.0608062744140625
,1144,286,,0.36208730936050415,0.2125701904296875
,1145,286,,0.3881630301475525,0.0781402587890625
,1146,286,,0.4319898784160614,0.0941925048828125
,1147,286,,0.15459367632865906,0.27587890625
4592,,287,0.5220686197280884,,0.0
4593,,287,0.4349816143512726,,0.0
4594,,287,0.4639967083930969,,3.0517578125e-05
4595,,287,0.5374495983123779,,0.0018768310546875
4596,,287,0.3507170081138611,,0.5993804931640625
4597,,287,0.31169310212135315,,0.378448486328125
4598,,287,0.5753499865531921,,0.01556396484375
4599,,287,0.6141366958618164,,0.067230224609375
4600,,287,0.40119409561157227,,1.52587890625e-05
4601,,287,0.5662918090820312,,0.0
4602,,287,0.4690245985984802,,0.0
4603,,287,0.37023115158081055,,0.0
4604,,287,0.41088032722473145,,0.1333160400390625
4605,,287,0.5606330633163452,,0.07415771484375
4606,,287,0.5577906966209412,,0.0073699951171875
4607,,287,0.4063947796821594,,0.0608062744140625
,1148,287,,0.2682337164878845,0.2125701904296875
,1149,287,,0.5051465034484863,0.0781402587890625
,1150,287,,0.4550274610519409,0.0941925048828125
,1151,287,,0.3540732264518738,0.27587890625
4608,,288,0.6102661490440369,,0.0
4609,,288,0.5212653279304504,,0.0
4610,,288,0.6214542388916016,,3.0517578125e-05
4611,,288,0.6194774508476257,,0.0018768310546875
4612,,288,0.32939496636390686,,0.5993804931640625
4613,,288,0.33525264263153076,,0.378448486328125
4614,,288,0.5501090288162231,,0.01556396484375
4615,,288,0.44787657260894775,,0.067230224609375
4616,,288,0.35282060503959656,,1.52587890625e-05
4617,,288,0.38219526410102844,,0.0
4618,,288,0.4488690197467804,,0.0
4619,,288,0.49981576204299927,,0.0
4620,,288,0.26108312606811523,,0.1333160400390625
4621,,288,0.3556843101978302,,0.07415771484375
4622,,288,0.4991799592971802,,0.0073699951171875
4623,,288,0.39138850569725037,,0.0608062744140625
,1152,288,,0.15804384648799896,0.2125701904296875
,1153,288,,0.49579352140426636,0.0781402587890625
,1154,288,,0.29850393533706665,0.0941925048828125
,1155,288,,0.1591464877128601,0.27587890625
4624,,289,0.5533369779586792,,0.0
4625,,289,0.3879515528678894,,0.0
4626,,289,0.5520636439323425,,3.0517578125e-05
4627,,289,0.598019540309906,,0.0018768310546875
4628,,289,0.3494589626789093,,0.5993804931640625
4629,,289,0.3237842321395874,,0.378448486328125
4630,,289,0.40381574630737305,,0.01556396484375
4631,,289,0.4724821448326111,,0.067230224609375
4632,,289,0.4234325885772705,,1.52587890625e-05
4633,,289,0.4356148838996887,,0.0
4634,,289,0.4849294424057007,,0.0
4635,,289,0.6631333231925964,,0.0
4636,,289,0.4683070778846741,,0.1333160400390625
4637,,289,0.5147680044174194,,0.07415771484375
4638,,289,0.4642060399055481,,0.0073699951171875
4639,,289,0.45952165126800537,,0.0608062744140625
,1156,289,,0.2960716485977173,0.2125701904296875
,1157,289,,0.2406315803527832,0.0781402587890625
,1158,289,,0.45175668597221375,0.0941925048828125
,1159,289,,0.4249194264411926,0.27587890625
4640,,290,0.6275866031646729,,0.0
4641,,290,0.5769431591033936,,0.0
4642,,290,0.4805920124053955,,3.0517578125e-05
4643,,290,0.4412326514720917,,0.0018768310546875
4644,,290,0.3847470283508301,,0.5993804931640625
4645,,290,0.40725573897361755,,0.378448486328125
4646,,290,0.5473973751068115,,0.01556396484375
4647,,290,0.4906482398509979,,0.067230224609375
4648,,290,0.45306169986724854,,1.52587890625e-05
4649,,290,0.5358904600143433,,0.0
4650,,290,0.4549603760242462,,0.0
4651,,290,0.6274536848068237,,0.0
4652,,290,0.5123028755187988,,0.1333160400390625
4653,,290,0.4209505319595337,,0.07415771484375
4654,,290,0.4746592044830322,,0.0073699951171875
4655,,290,0.4726564288139343,,0.0608062744140625
,1160,290,,0.34889888763427734,0.2125701904296875
,1161,290,,0.5130820870399475,0.0781402587890625
,1162,290,,0.35281985998153687,0.0941925048828125
,1163,290,,0.1938898265361786,0.27587890625
4656,,291,0.45802634954452515,,0.0
4657,,291,0.590211033821106,,0.0
4658,,291,0.5388113260269165,,3.0517578125e-05
4659,,291,0.5896404385566711,,0.0018768310546875
4660,,291,0.38639384508132935,,0.5993804931640625
4661,,291,0.3216128945350647,,0.378448486328125
4662,,291,0.44035398960113525,,0.01556396484375
4663,,291,0.394884318113327,,0.067230224609375
4664,,291,0.5568742752075195,,1.52587890625e-05
4665,,291,0.4432496428489685,,0.0
4666,,291,0.616551399230957,,0.0
4667,,291,0.47580426931381226,,0.0
4668,,291,0.3933166265487671,,0.1333160400390625
4669,,291,0.33828669786453247,,0.07415771484375
4670,,291,0.5297830104827881,,0.0073699951171875
4671,,291,0.4733349680900574,,0.0608062744140625
,1164,291,,0.26019370555877686,0.2125701904296875
,1165,291,,0.3148047626018524,0.0781402587890625
,1166,291,,0.5056660175323486,0.0941925048828125
,1167,291,,0.3207608163356781,0.27587890625
4672,,292,0.6692501306533813,,0.0
4673,,292,0.4734547734260559,,0.0
4674,,292,0.3494967222213745,,3.0517578125e-05
4675,,292,0.5290177464485168,,0.0018768310546875
4676,,292,0.3810102939605713,,0.5993804931640625
4677,,292,0.27951952815055847,,0.378448486328125
4678,,292,0.5997713804244995,,0.01556396484375
4679,,292,0.47509700059890747,,0.067230224609375
4680,,292,0.5709244012832642,,1.52587890625e-05
4681,,292,0.46024441719055176,,0.0
4682,,292,0.5668859481811523,,0.0
4683,,292,0.41423454880714417,,0.0
4684,,292,0.2714084982872009,,0.1333160400390625
4685,,292,0.4321128726005554,,0.07415771484375
4686,,292,0.4082154929637909,,0.0073699951171875
4687,,292,0.4078734815120697,,0.0608062744140625
,1168,292,,0.2939384877681732,0.2125701904296875
,1169,292,,0.42409393191337585,0.0781402587890625
,1170,292,,0.5297045707702637,0.0941925048828125
,1171,292,,0.171131432056427,0.27587890625
4688,,293,0.31434428691864014,,0.0
4689,,293,0.5361044406890869,,0.0
4690,,293,0.46936553716659546,,3.0517578125e-05
4691,,293,0.5074418783187866,,0.0018768310546875
4692,,293,0.3866305947303772,,0.5993804931640625
4693,,293,0.3343498408794403,,0.378448486328125
4694,,293,0.4137879014015198,,0.01556396484375
4695,,293,0.3649243116378784,,0.067230224609375
4696,,293,0.6178784370422363,,1.52587890625e-05
4697,,293,0.49484866857528687,,0.0
4698,,293,0.47095558047294617,,0.0
4699,,293,0.4848843514919281,,0.0
4700,,293,0.38784700632095337,,0.1333160400390625
4701,,293,0.508330762386322,,0.07415771484375
4702,,293,0.5731001496315002,,0.0073699951171875
4703,,293,0.43796923756599426,,0.0608062744140625
,1172,293,,0.34781205654144287,0.2125701904296875
,1173,293,,0.4584081768989563,0.0781402587890625
,1174,293,,0.44139647483825684,0.0941925048828125
,1175,293,,0.16004624962806702,0.27587890625
4704,,294,0.5814670920372009,,0.0
4705,,294,0.5955594778060913,,0.0
4706,,294,0.5217128992080688,,3.0517578125e-05
4707,,294,0.34867632389068604,,0.0018768310546875
4708,,294,0.3847927451133728,,0.5993804931640625
4709,,294,0.291574627161026,,0.378448486328125
4710,,294,0.5177614688873291,,0.01556396484375
4711,,294,0.40199175477027893,,0.067230224609375
4712,,294,0.546912431716919,,1.52587890625e-05
4713,,294,0.384769469499588,,0.0
4714,,294,0.36364495754241943,,0.0
4715,,294,0.49186113476753235,,0.0
4716,,294,0.24624799191951752,,0.1333160400390625
4717,,294,0.4894586503505707,,0.07415771484375
4718,,294,0.5280146598815918,,0.0073699951171875
4719,,294,0.4660598635673523,,0.0608062744140625
,1176,294,,0.3456810712814331,0.2125701904296875
,1177,294,,0.4547787308692932,0.0781402587890625
,1178,294,,0.3109898567199707,0.0941925048828125
,1179,294,,0.16033370792865753,0.27587890625
4720,,295,0.49376362562179565,,0.0
4721,,295,0.5518445372581482,,0.0
4722,,295,0.5300263166427612,,3.0517578125e-05
4723,,295,0.38629651069641113,,0.0018768310546875
4724,,295,0.4143660068511963,,0.5993804931640625
4725,,295,0.31662628054618835,,0.378448486328125
4726,,295,0.6504015922546387,,0.01556396484375
4727,,295,0.4847964346408844,,0.067230224609375
4728,,295,0.42871201038360596,,1.52587890625e-05
4729,,295,0.47863152623176575,,0.0
4730,,295,0.4277239143848419,,0.0
4731,,295,0.43052664399147034,,0.0
4732,,295,0.4052409529685974,,0.1333160400390625
4733,,295,0.37779220938682556,,0.07415771484375
4734,,295,0.43218904733657837,,0.0073699951171875
4735,,295,0.47843611240386963,,0.0608062744140625
,1180,295,,0.3198511302471161,0.2125701904296875
,1181,295,,0.4573040306568146,0.0781402587890625
,1182,295,,0.2957310080528259,0.0941925048828125
,1183,295,,0.119718998670578,0.27587890625
4736,,296,0.5049238204956055,,0.0
4737,,296,0.6220263242721558,,0.0
4738,,296,0.5974791049957275,,3.0517578125e-05
4739,,296,0.4711019694805145,,0.0018768310546875
4740,,296,0.37647998332977295,,0.5993804931640625
4741,,296,0.33592474460601807,,0.378448486328125
4742,,296,0.6005134582519531,,0.01556396484375
4743,,296,0.40852171182632446,,0.067230224609375
4744,,296,0.43184036016464233,,1.52587890625e-05
4745,,296,0.6201104521751404,,0.0
4746,,296,0.5129215717315674,,0.0
4747,,296,0.41146478056907654,,0.0
4748,,296,0.3381112813949585,,0.1333160400390625
4749,,296,0.3928264081478119,,0.07415771484375
4750,,296,0.49593573808670044,,0.0073699951171875
4751,,296,0.41417884826660156,,0.0608062744140625
,1184,296,,0.33814361691474915,0.2125701904296875
,1185,296,,0.3261832296848297,0.0781402587890625
,1186,296,,0.40503644943237305,0.0941925048828125
,1187,296,,0.22094643115997314,0.27587890625
4752,,297,0.5349744558334351,,0.0
4753,,297,0.4657570719718933,,0.0
4754,,297,0.38042718172073364,,3.0517578125e-05
4755,,297,0.48064205050468445,,0.0018768310546875
4756,,297,0.35917505621910095,,0.5993804931640625
4757,,297,0.34766504168510437,,0.378448486328125
4758,,297,0.5218780636787415,,0.01556396484375
4759,,297,0.4695413112640381,,0.067230224609375
4760,,297,0.50933837890625,,1.52587890625e-05
4761,,297,0.5033565163612366,,0.0
4762,,297,0.3667309284210205,,0.0
4763,,297,0.429795503616333,,0.0
4764,,297,0.255928099155426,,0.1333160400390625
4765,,297,0.43886879086494446,,0.07415771484375
4766,,297,0.5180152654647827,,0.0073699951171875
4767,,297,0.4746836721897125,,0.0608062744140625
,1188,297,,0.39575183391571045,0.2125701904296875
,1189,297,,0.24719727039337158,0.0781402587890625
,1190,297,,0.34547895193099976,0.0941925048828125
,1191,297,,0.15261660516262054,0.27587890625
4768,,298,0.4331137537956238,,0.0
4769,,298,0.4902801513671875,,0.0
4770,,298,0.5202267169952393,,3.0517578125e-05
4771,,298,0.41305261850357056,,0.0018768310546875
4772,,298,0.3695286810398102,,0.5993804931640625
4773,,298,0.29935622215270996,,0.378448486328125
4774,,298,0.5227199196815491,,0.01556396484375
4775,,298,0.4846212565898895,,0.067230224609375
4776,,298,0.49503642320632935,,1.52587890625e-05
4777,,298,0.36944738030433655,,0.0
4778,,298,0.5741735696792603,,0.0
4779,,298,0.5878657698631287,,0.0
4780,,298,0.3340441584587097,,0.1333160400390625
4781,,298,0.4266766309738159,,0.07415771484375
4782,,298,0.49215835332870483,,0.0073699951171875
4783,,298,0.437052845954895,,0.0608062744140625
,1192,298,,0.26771992444992065,0.2125701904296875
,1193,298,,0.3876192271709442,0.0781402587890625
,1194,298,,0.285403311252594,0.0941925048828125
,1195,298,,0.28053778409957886,0.27587890625
4784,,299,0.42785778641700745,,0.0
4785,,299,0.4509410262107849,,0.0
4786,,299,0.6059507131576538,,3.0517578125e-05
4787,,299,0.4702094793319702,,0.0018768310546875
4788,,299,0.3483394384384155,,0.5993804931640625
4789,,299,0.283532977104187,,0.378448486328125
4790,,299,0.5303953886032104,,0.01556396484375
4791,,299,0.39402952790260315,,0.067230224609375
4792,,299,0.44443345069885254,,1.52587890625e-05
4793,,299,0.46007239818573,,0.0
4794,,299,0.5538454651832581,,0.0
4795,,299,0.5531719923019409,,0.0
4796,,299,0.38008400797843933,,0.1333160400390625
4797,,299,0.3339070677757263,,0.07415771484375
4798,,299,0.5332386493682861,,0.0073699951171875
4799,,299,0.4068516492843628,,0.0608062744140625
,1196,299,,0.2753226161003113,0.2125701904296875
,1197,299,,0.4520794153213501,0.0781402587890625
,1198,299,,0.45858776569366455,0.0941925048828125
,1199,299,,0.2871273159980774,0.27587890625
4800,,300,0.6811153888702393,,0.0
4801,,300,0.4670972228050232,,0.0
4802,,300,0.4785037636756897,,3.0517578125e-05
4803,,300,0.43578171730041504,,0.0018768310546875
4804,,300,0.3867938220500946,,0.5993804931640625
4805,,300,0.29052335023880005,,0.378448486328125
4806,,300,0.38697701692581177,,0.01556396484375
4807,,300,0.5168765783309937,,0.067230224609375
4808,,300,0.5115763545036316,,1.52587890625e-05
4809,,300,0.5438656806945801,,0.0
4810,,300,0.5420761704444885,,0.0
4811,,300,0.516240119934082,,0.0
4812,,300,0.2941474914550781,,0.1333160400390625
4813,,300,0.360237717628479,,0.07415771484375
4814,,300,0.5607843995094299,,0.0073699951171875
4815,,300,0.37614405155181885,,0.0608062744140625
,1200,300,,0.30166685581207275,0.2125701904296875
,1201,300,,0.4318106770515442,0.0781402587890625
,1202,300,,0.4727153182029724,0.0941925048828125
,1203,300,,0.23865436017513275,0.27587890625
4816,,301,0.5090315341949463,,0.0
4817,,301,0.42389076948165894,,0.0
4818,,301,0.5005689859390259,,3.0517578125e-05
4819,,301,0.5029640793800354,,0.0018768310546875
4820,,301,0.31928586959838867,,0.5993804931640625
4821,,301,0.3585655391216278,,0.378448486328125
4822,,301,0.4003176689147949,,0.01556396484375
4823,,301,0.4141504168510437,,0.067230224609375
4824,,301,0.4321270287036896,,1.52587890625e-05
4825,,301,0.5127285718917847,,0.0
4826,,301,0.46412989497184753,,0.0
4827,,301,0.6314858198165894,,0.0
4828,,301,0.3757708668708801,,0.1333160400390625
4829,,301,0.33903923630714417,,0.07415771484375
4830,,301,0.4555778503417969,,0.0073699951171875
4831,,301,0.31547486782073975,,0.0608062744140625
,1204,301,,0.2098531723022461,0.2125701904296875
,1205,301,,0.29507309198379517,0.0781402587890625
,1206,301,,0.30471593141555786,0.0941925048828125
,1207,301,,0.3334583640098572,0.27587890625
4832,,302,0.5468082427978516,,0.0
4833,,302,0.33362269401550293,,0.0
4834,,302,0.4483467936515808,,3.0517578125e-05
4835,,302,0.5007612109184265,,0.0018768310546875
4836,,302,0.34387487173080444,,0.5993804931640625
4837,,302,0.2692267596721649,,0.378448486328125
4838,,302,0.4037953019142151,,0.01556396484375
4839,,302,0.41313058137893677,,0.067230224609375
4840,,302,0.5018078088760376,,1.52587890625e-05
4841,,302,0.5260976552963257,,0.0
4842,,302,0.4471409320831299,,0.0
4843,,302,0.5684183239936829,,0.0
4844,,302,0.44916707277297974,,0.1333160400390625
4845,,302,0.42275333404541016,,0.07415771484375
4846,,302,0.4530397355556488,,0.0073699951171875
4847,,302,0.44951099157333374,,0.0608062744140625
,1208,302,,0.3618525564670563,0.2125701904296875
,1209,302,,0.47316908836364746,0.0781402587890625
,1210,302,,0.3979153037071228,0.0941925048828125
,1211,302,,0.15873384475708008,0.27587890625
4848,,303,0.4867015779018402,,0.0
4849,,303,0.568956196308136,,0.0
4850,,303,0.3800147473812103,,3.0517578125e-05
4851,,303,0.46966367959976196,,0.0018768310546875
4852,,303,0.3526917099952698,,0.5993804931640625
4853,,303,0.31734758615493774,,0.378448486328125
4854,,303,0.5215376615524292,,0.01556396484375
4855,,303,0.42730215191841125,,0.067230224609375
4856,,303,0.45843973755836487,,1.52587890625e-05
4857,,303,0.5154995918273926,,0.0
4858,,303,0.545811653137207,,0.0
4859,,303,0.5240893959999084,,0.0
4860,,303,0.3735851049423218,,0.1333160400390625
4861,,303,0.3385852575302124,,0.07415771484375
4862,,303,0.49389535188674927,,0.0073699951171875
4863,,303,0.46333202719688416,,0.0608062744140625
,1212,303,,0.27105164527893066,0.2125701904296875
,1213,303,,0.47608697414398193,0.0781402587890625
,1214,303,,0.3503623902797699,0.0941925048828125
,1215,303,,0.21176522970199585,0.27587890625
4864,,304,0.4338388741016388,,0.0
4865,,304,0.4271831214427948,,0.0
4866,,304,0.4137289524078369,,3.0517578125e-05
4867,,304,0.4514431953430176,,0.0018768310546875
4868,,304,0.3518935441970825,,0.5993804931640625
4869,,304,0.3416370153427124,,0.378448486328125
4870,,304,0.4738011956214905,,0.01556396484375
4871,,304,0.38333767652511597,,0.067230224609375
4872,,304,0.5048868656158447,,1.52587890625e-05
4873,,304,0.5784696340560913,,0.0
4874,,304,0.5776380896568298,,0.0
4875,,304,0.5155940055847168,,0.0
4876,,304,0.37943053245544434,,0.1333160400390625
4877,,304,0.4659351706504822,,0.07415771484375
4878,,304,0.5794306993484497,,0.0073699951171875
4879,,304,0.49499309062957764,,0.0608062744140625
,1216,304,,0.36990782618522644,0.2125701904296875
,1217,304,,0.2908570170402527,0.0781402587890625
,1218,304,,0.33960145711898804,0.0941925048828125
,1219,304,,0.27448081970214844,0.27587890625
4880,,305,0.4441778063774109,,0.0
4881,,305,0.5511720776557922,,0.0
4882,,305,0.584929347038269,,3.0517578125e-05
4883,,305,0.4564288556575775,,0.0018768310546875
4884,,305,0.3917502760887146,,0.5993804931640625
4885,,305,0.30028045177459717,,0.378448486328125
4886,,305,0.35193192958831787,,0.01556396484375
4887,,305,0.5423961877822876,,0.067230224609375
4888,,305,0.5717215538024902,,1.52587890625e-05
4889,,305,0.3829677104949951,,0.0
4890,,305,0.5471004247665405,,0.0
4891,,305,0.6194916367530823,,0.0
4892,,305,0.4176097512245178,,0.1333160400390625
4893,,305,0.5283832550048828,,0.07415771484375
4894,,305,0.4842221140861511,,0.0073699951171875
4895,,305,0.36595040559768677,,0.0608062744140625
,1220,305,,0.2410634607076645,0.2125701904296875
,1221,305,,0.4342144727706909,0.0781402587890625
,1222,305,,0.43810147047042847,0.0941925048828125
,1223,305,,0.17077547311782837,0.27587890625
4896,,306,0.5408861637115479,,0.0
4897,,306,0.4056149125099182,,0.0
4898,,306,0.41528576612472534,,3.0517578125e-05
4899,,306,0.5509933233261108,,0.0018768310546875
4900,,306,0.38039690256118774,,0.5993804931640625
4901,,306,0.30889615416526794,,0.378448486328125
4902,,306,0.6067538261413574,,0.01556396484375
4903,,306,0.3774956464767456,,0.067230224609375
4904,,306,0.5319511890411377,,1.52587890625e-05
4905,,306,0.5126570463180542,,0.0
4906,,306,0.5341615080833435,,0.0
4907,,306,0.4395492672920227,,0.0
4908,,306,0.2880239486694336,,0.1333160400390625
4909,,306,0.44299930334091187,,0.07415771484375
4910,,306,0.3855137228965759,,0.0073699951171875
4911,,306,0.47878754138946533,,0.0608062744140625
,1224,306,,0.21537689864635468,0.2125701904296875
,1225,306,,0.4046780467033386,0.0781402587890625
,1226,306,,0.3705042898654938,0.0941925048828125
,1227,306,,0.24445955455303192,0.27587890625
4912,,307,0.5201147198677063,,0.0
4913,,307,0.49849700927734375,,0.0
4914,,307,0.6059885025024414,,3.0517578125e-05
4915,,307,0.39899155497550964,,0.0018768310546875
4916,,307,0.3293664753437042,,0.5993804931640625
4917,,307,0.3480432629585266,,0.378448486328125
4918,,307,0.42468351125717163,,0.01556396484375
4919,,307,0.41340404748916626,,0.067230224609375
4920,,307,0.48505669832229614,,1.52587890625e-05
4921,,307,0.42638683319091797,,0.0
4922,,307,0.4681561589241028,,0.0
4923,,307,0.5331462621688843,,0.0
4924,,307,0.24102738499641418,,0.1333160400390625
4925,,307,0.44753390550613403,,0.07415771484375
4926,,307,0.4141498804092407,,0.0073699951171875
4927,,307,0.4590689539909363,,0.0608062744140625
,1228,307,,0.32897695899009705,0.2125701904296875
,1229,307,,0.41557222604751587,0.0781402587890625
,1230,307,,0.42114537954330444,0.0941925048828125
,1231,307,,0.2839033603668213,0.27587890625
4928,,308,0.6393765807151794,,0.0
4929,,308,0.623562216758728,,0.0
4930,,308,0.5899006128311157,,3.0517578125e-05
4931,,308,0.5665008425712585,,0.0018768310546875
4932,,308,0.3398871421813965,,0.5993804931640625
4933,,308,0.3527262806892395,,0.378448486328125
4934,,308,0.5710403323173523,,0.01556396484375
4935,,308,0.45528626441955566,,0.067230224609375
4936,,308,0.5046290159225464,,1.52587890625e-05
4937,,308,0.5476638078689575,,0.0
4938,,308,0.47398197650909424,,0.0
4939,,308,0.5988600254058838,,0.0
4940,,308,0.40017184615135193,,0.1333160400390625
4941,,308,0.48005223274230957,,0.07415771484375
4942,,308,0.5203598737716675,,0.0073699951171875
4943,,308,0.5403784513473511,,0.0608062744140625
,1232,308,,0.2994384169578552,0.2125701904296875
,1233,308,,0.47410848736763,0.0781402587890625
,1234,308,,0.36825811862945557,0.0941925048828125
,1235,308,,0.23683834075927734,0.27587890625
4944,,309,0.5768533945083618,,0.0
4945,,309,0.5825362205505371,,0.0
4946,,309,0.4296773076057434,,3.0517578125e-05
4947,,309,0.5110166072845459,,0.0018768310546875
4948,,309,0.31623125076293945,,0.5993804931640625
4949,,309,0.33588624000549316,,0.378448486328125
4950,,309,0.5027300119400024,,0.01556396484375
4951,,309,0.38791006803512573,,0.067230224609375
4952,,309,0.4565683901309967,,1.52587890625e-05
4953,,309,0.5889873504638672,,0.0
4954,,309,0.6208575963973999,,0.0
4955,,309,0.5217614769935608,,0.0
4956,,309,0.40366828441619873,,0.1333160400390625
4957,,309,0.5283133387565613,,0.07415771484375
4958,,309,0.5321547985076904,,0.0073699951171875
4959,,309,0.3999102711677551,,0.0608062744140625
,1236,309,,0.41305774450302124,0.2125701904296875
,1237,309,,0.5223467350006104,0.0781402587890625
,1238,309,,0.24281854927539825,0.0941925048828125
,1239,309,,0.29380255937576294,0.27587890625
4960,,310,0.554135262966156,,0.0
4961,,310,0.5107616186141968,,0.0
4962,,310,0.3776686191558838,,3.0517578125e-05
4963,,310,0.5146190524101257,,0.0018768310546875
4964,,310,0.32020509243011475,,0.5993804931640625
4965,,310,0.3506520390510559,,0.378448486328125
4966,,310,0.4521283805370331,,0.01556396484375
4967,,310,0.37097132205963135,,0.067230224609375
4968,,310,0.3528291881084442,,1.52587890625e-05
4969,,310,0.4574601650238037,,0.0
4970,,310,0.6280180811882019,,0.0
4971,,310,0.4121997058391571,,0.0
4972,,310,0.4422948956489563,,0.1333160400390625
4973,,310,0.2680862247943878,,0.07415771484375
4974,,310,0.5754600763320923,,0.0073699951171875
4975,,310,0.37177523970603943,,0.0608062744140625
,1240,310,,0.2641600966453552,0.2125701904296875
,1241,310,,0.3898692727088928,0.0781402587890625
,1242,310,,0.49654173851013184,0.0941925048828125
,1243,310,,0.2917105555534363,0.27587890625
4976,,311,0.4492114186286926,,0.0
4977,,311,0.5309109687805176,,0.0
4978,,311,0.43630921840667725,,3.0517578125e-05
4979,,311,0.5412423610687256,,0.0018768310546875
4980,,311,0.30910396575927734,,0.5993804931640625
4981,,311,0.37694305181503296,,0.378448486328125
4982,,311,0.38289874792099,,0.01556396484375
4983,,311,0.40149304270744324,,0.067230224609375
4984,,311,0.5008553862571716,,1.52587890625e-05
4985,,311,0.5334831476211548,,0.0
4986,,311,0.4360387623310089,,0.0
4987,,311,0.5910492539405823,,0.0
4988,,311,0.3926101624965668,,0.1333160400390625
4989,,311,0.49965232610702515,,0.07415771484375
4990,,311,0.6088472008705139,,0.0073699951171875
4991,,311,0.4523233473300934,,0.0608062744140625
,1244,311,,0.36417725682258606,0.2125701904296875
,1245,311,,0.4145926833152771,0.0781402587890625
,1246,311,,0.328952431678772,0.0941925048828125
,1247,311,,0.13551370799541473,0.27587890625
4992,,312,0.4844752848148346,,0.0
4993,,312,0.5727405548095703,,0.0
4994,,312,0.5456231832504272,,3.0517578125e-05
4995,,312,0.6468421816825867,,0.0018768310546875
4996,,312,0.32624751329421997,,0.5993804931640625
4997,,312,0.3349320590496063,,0.378448486328125
4998,,312,0.5986587405204773,,0.01556396484375
4999,,312,0.31083157658576965,,0.067230224609375
5000,,312,0.6672608852386475,,1.52587890625e-05
5001,,312,0.48456162214279175,,0.0
5002,,312,0.4512052834033966,,0.0
5003,,312,0.6036085486412048,,0.0
5004,,312,0.443418025970459,,0.1333160400390625
5005,,312,0.36830103397369385,,0.07415771484375
5006,,312,0.4414783716201782,,0.0073699951171875
5007,,312,0.48771733045578003,,0.0608062744140625
,1248,312,,0.24201448261737823,0.2125701904296875
,1249,312,,0.36499297618865967,0.0781402587890625
,1250,312,,0.32233765721321106,0.0941925048828125
,1251,312,,0.20435667037963867,0.27587890625
5008,,313,0.4873417615890503,,0.0
5009,,313,0.5426307916641235,,0.0
5010,,313,0.45917248725891113,,3.0517578125e-05
5011,,313,0.5524927377700806,,0.0018768310546875
5012,,313,0.414978951215744,,0.5993804931640625
5013,,313,0.3525978922843933,,0.378448486328125
5014,,313,0.6437127590179443,,0.01556396484375
5015,,313,0.34518343210220337,,0.067230224609375
5016,,313,0.5360470414161682,,1.52587890625e-05
5017,,313,0.5049780607223511,,0.0
5018,,313,0.4434513449668884,,0.0
5019,,313,0.5460090637207031,,0.0
5020,,313,0.4486124515533447,,0.1333160400390625
5021,,313,0.5523383617401123,,0.07415771484375
5022,,313,0.5308986902236938,,0.0073699951171875
5023,,313,0.41472211480140686,,0.0608062744140625
,1252,313,,0.2986612319946289,0.2125701904296875
,1253,313,,0.342366099357605,0.0781402587890625
,1254,313,,0.4101639986038208,0.0941925048828125
,1255,313,,0.16068483889102936,0.27587890625
5024,,314,0.5726042985916138,,0.0
5025,,314,0.39051854610443115,,0.0
5026,,314,0.49906858801841736,,3.0517578125e-05
5027,,314,0.4917463958263397,,0.0018768310546875
5028,,314,0.3858334422111511,,0.5993804931640625
5029,,314,0.33061647415161133,,0.378448486328125
5030,,314,0.43488866090774536,,0.01556396484375
5031,,314,0.4242181181907654,,0.067230224609375
5032,,314,0.5078137516975403,,1.52587890625e-05
5033,,314,0.48282694816589355,,0.0
5034,,314,0.3963623046875,,0.0
5035,,314,0.5129725337028503,,0.0
5036,,314,0.3774647116661072,,0.1333160400390625
5037,,314,0.36038827896118164,,0.07415771484375
5038,,314,0.519342303276062,,0.0073699951171875
5039,,314,0.5404312610626221,,0.0608062744140625
,1256,314,,0.28160202503204346,0.2125701904296875
,1257,314,,0.4388953149318695,0.0781402587890625
,1258,314,,0.3256049156188965,0.0941925048828125
,1259,314,,0.24686652421951294,0.27587890625
5040,,315,0.34473514556884766,,0.0
5041,,315,0.4477962553501129,,0.0
5042,,315,0.5089068412780762,,3.0517578125e-05
5043,,315,0.5371880531311035,,0.0018768310546875
5044,,315,0.3470568060874939,,0.5993804931640625
5045,,315,0.3493708372116089,,0.378448486328125
5046,,315,0.4200602173805237,,0.01556396484375
5047,,315,0.3214596211910248,,0.067230224609375
5048,,315,0.48690634965896606,,1.52587890625e-05
5049,,315,0.4356040060520172,,0.0
5050,,315,0.4858286380767822,,0.0
5051,,315,0.5187245607376099,,0.0
5052,,315,0.48543983697891235,,0.1333160400390625
5053,,315,0.3428508937358856,,0.07415771484375
5054,,315,0.451118528842926,,0.0073699951171875
5055,,315,0.48018813133239746,,0.0608062744140625
,1260,315,,0.3316638469696045,0.2125701904296875
,1261,315,,0.4570557177066803,0.0781402587890625
,1262,315,,0.24657437205314636,0.0941925048828125
,1263,315,,0.24666959047317505,0.27587890625
5056,,316,0.4234744608402252,,0.0
5057,,316,0.5907260179519653,,0.0
5058,,316,0.49803245067596436,,3.0517578125e-05
5059,,316,0.584145188331604,,0.0018768310546875
5060,,316,0.3430953025817871,,0.5993804931640625
5061,,316,0.29455894231796265,,0.378448486328125
5062,,316,0.5615638494491577,,0.01556396484375
5063,,316,0.5961380004882812,,0.067230224609375
5064,,316,0.6325699090957642,,1.52587890625e-05
5065,,316,0.4992196559906006,,0.0
5066,,316,0.51688551902771,,0.0
5067,,316,0.35054147243499756,,0.0
5068,,316,0.32878562808036804,,0.1333160400390625
5069,,316,0.46638548374176025,,0.07415771484375
5070,,316,0.5033212900161743,,0.0073699951171875
5071,,316,0.5214095711708069,,0.0608062744140625
,1264,316,,0.3515850007534027,0.2125701904296875
,1265,316,,0.5178005695343018,0.0781402587890625
,1266,316,,0.3505150377750397,0.0941925048828125
,1267,316,,0.22553427517414093,0.27587890625
5072,,317,0.5137374401092529,,0.0
5073,,317,0.4244762063026428,,0.0
5074,,317,0.47455480694770813,,3.0517578125e-05
5075,,317,0.5364065766334534,,0.0018768310546875
5076,,317,0.2981436252593994,,0.5993804931640625
5077,,317,0.27869290113449097,,0.378448486328125
5078,,317,0.4109482169151306,,0.01556396484375
5079,,317,0.5501922369003296,,0.067230224609375
5080,,317,0.6154212951660156,,1.52587890625e-05
5081,,317,0.6675423383712769,,0.0
5082,,317,0.5831137299537659,,0.0
5083,,317,0.3951067626476288,,0.0
5084,,317,0.29269084334373474,,0.1333160400390625
5085,,317,0.43514764308929443,,0.07415771484375
5086,,317,0.2616616487503052,,0.0073699951171875
5087,,317,0.5892759561538696,,0.0608062744140625
,1268,317,,0.3413583040237427,0.2125701904296875
,1269,317,,0.4295753240585327,0.0781402587890625
,1270,317,,0.36104872822761536,0.0941925048828125
,1271,317,,0.20243369042873383,0.27587890625
5088,,318,0.48829546570777893,,0.0
5089,,318,0.5057648420333862,,0.0
5090,,318,0.3340364396572113,,3.0517578125e-05
5091,,318,0.42367056012153625,,0.0018768310546875
5092,,318,0.34295177459716797,,0.5993804931640625
5093,,318,0.2753954231739044,,0.378448486328125
5094,,318,0.5806856155395508,,0.01556396484375
5095,,318,0.43005383014678955,,0.067230224609375
5096,,318,0.5033775568008423,,1.52587890625e-05
5097,,318,0.2674442231655121,,0.0
5098,,318,0.48644334077835083,,0.0
5099,,318,0.54736328125,,0.0
5100,,318,0.4202475845813751,,0.1333160400390625
5101,,318,0.4364655017852783,,0.07415771484375
5102,,318,0.41907304525375366,,0.0073699951171875
5103,,318,0.5158513784408569,,0.0608062744140625
,1272,318,,0.2322617769241333,0.2125701904296875
,1273,318,,0.4982769191265106,0.0781402587890625
,1274,318,,0.376255601644516,0.0941925048828125
,1275,318,,0.1961284726858139,0.27587890625
5104,,319,0.4792957603931427,,0.0
5105,,319,0.4736548066139221,,0.0
5106,,319,0.38611799478530884,,3.0517578125e-05
5107,,319,0.4600452780723572,,0.0018768310546875
5108,,319,0.3752160966396332,,0.5993804931640625
5109,,319,0.3584997057914734,,0.378448486328125
5110,,319,0.4520806074142456,,0.01556396484375
5111,,319,0.5044693946838379,,0.067230224609375
5112,,319,0.5448542237281799,,1.52587890625e-05
5113,,319,0.5187685489654541,,0.0
5114,,319,0.49983006715774536,,0.0
5115,,319,0.45089292526245117,,0.0
5116,,319,0.3654993772506714,,0.1333160400390625
5117,,319,0.4139249920845032,,0.07415771484375
5118,,319,0.5669772028923035,,0.0073699951171875
5119,,319,0.49226707220077515,,0.0608062744140625
,1276,319,,0.22224798798561096,0.2125701904296875
,1277,319,,0.4707019329071045,0.0781402587890625
,1278,319,,0.3439691364765167,0.0941925048828125
,1279,319,,0.1986277997493744,0.27587890625
5120,,320,0.4442408084869385,,0.0
5121,,320,0.3973974585533142,,0.0
5122,,320,0.4979442059993744,,3.0517578125e-05
5123,,320,0.6382052898406982,,0.0018768310546875
5124,,320,0.39159032702445984,,0.5993804931640625
5125,,320,0.32438620924949646,,0.378448486328125
5126,,320,0.5061637759208679,,0.01556396484375
5127,,320,0.468786358833313,,0.067230224609375
5128,,320,0.336803674697876,,1.52587890625e-05
5129,,320,0.33702901005744934,,0.0
5130,,320,0.4617014527320862,,0.0
5131,,320,0.5163363814353943,,0.0
5132,,320,0.2784196436405182,,0.1333160400390625
5133,,320,0.3419385552406311,,0.07415771484375
5134,,320,0.43173182010650635,,0.0073699951171875
5135,,320,0.46112751960754395,,0.0608062744140625
,1280,320,,0.39221882820129395,0.2125701904296875
,1281,320,,0.5488132834434509,0.0781402587890625
,1282,320,,0.3816908299922943,0.0941925048828125
,1283,320,,0.3111347556114197,0.27587890625
5136,,321,0.45565956830978394,,0.0
5137,,321,0.42898064851760864,,0.0
5138,,321,0.455618292093277,,3.0517578125e-05
5139,,321,0.5175602436065674,,0.0018768310546875
5140,,321,0.4142584502696991,,0.5993804931640625
5141,,321,0.3320136070251465,,0.378448486328125
5142,,321,0.4818088412284851,,0.01556396484375
5143,,321,0.42416805028915405,,0.067230224609375
5144,,321,0.35214126110076904,,1.52587890625e-05
5145,,321,0.5244823694229126,,0.0
5146,,321,0.5301703810691833,,0.0
5147,,321,0.532978355884552,,0.0
5148,,321,0.23262664675712585,,0.1333160400390625
5149,,321,0.42037031054496765,,0.07415771484375
5150,,321,0.48509958386421204,,0.0073699951171875
5151,,321,0.4234633147716522,,0.0608062744140625
,1284,321,,0.33615291118621826,0.2125701904296875
,1285,321,,0.5075894594192505,0.0781402587890625
,1286,321,,0.4740907549858093,0.0941925048828125
,1287,321,,0.35728615522384644,0.27587890625
5152,,322,0.5778694748878479,,0.0
5153,,322,0.4285045564174652,,0.0
5154,,322,0.55225670337677,,3.0517578125e-05
5155,,322,0.3558453321456909,,0.0018768310546875
5156,,322,0.3365333378314972,,0.5993804931640625
5157,,322,0.3046858310699463,,0.378448486328125
5158,,322,0.5104049444198608,,0.01556396484375
5159,,322,0.36017316579818726,,0.067230224609375
5160,,322,0.38689279556274414,,1.52587890625e-05
5161,,322,0.6279419660568237,,0.0
5162,,322,0.5934340357780457,,0.0
5163,,322,0.5689191818237305,,0.0
5164,,322,0.410386323928833,,0.1333160400390625
5165,,322,0.4546095132827759,,0.07415771484375
5166,,322,0.7174930572509766,,0.0073699951171875
5167,,322,0.45882195234298706,,0.0608062744140625
,1288,322,,0.24063245952129364,0.2125701904296875
,1289,322,,0.5106245875358582,0.0781402587890625
,1290,322,,0.4896923899650574,0.0941925048828125
,1291,322,,0.24458946287631989,0.27587890625
5168,,323,0.49098366498947144,,0.0
5169,,323,0.5157999992370605,,0.0
5170,,323,0.5777763724327087,,3.0517578125e-05
5171,,323,0.5546666979789734,,0.0018768310546875
5172,,323,0.3672901391983032,,0.5993804931640625
5173,,323,0.2954750061035156,,0.378448486328125
5174,,323,0.5149914026260376,,0.01556396484375
5175,,323,0.508760929107666,,0.067230224609375
5176,,323,0.5194638967514038,,1.52587890625e-05
5177,,323,0.4378243088722229,,0.0
5178,,323,0.47234484553337097,,0.0
5179,,323,0.5568615198135376,,0.0
5180,,323,0.49452391266822815,,0.1333160400390625
5181,,323,0.5289351940155029,,0.07415771484375
5182,,323,0.5816753506660461,,0.0073699951171875
5183,,323,0.47482097148895264,,0.0608062744140625
,1292,323,,0.25643712282180786,0.2125701904296875
,1293,323,,0.5141758322715759,0.0781402587890625
,1294,323,,0.30833762884140015,0.0941925048828125
,1295,323,,0.19441404938697815,0.27587890625
5184,,324,0.5055428743362427,,0.0
5185,,324,0.6492918729782104,,0.0
5186,,324,0.5593501925468445,,3.0517578125e-05
5187,,324,0.5073974132537842,,0.0018768310546875
5188,,324,0.39482253789901733,,0.5993804931640625
5189,,324,0.3185960352420807,,0.378448486328125
5190,,324,0.43470555543899536,,0.01556396484375
5191,,324,0.37713807821273804,,0.067230224609375
5192,,324,0.5465174913406372,,1.52587890625e-05
5193,,324,0.3872862458229065,,0.0
5194,,324,0.574622631072998,,0.0
5195,,324,0.4486570358276367,,0.0
5196,,324,0.33767348527908325,,0.1333160400390625
5197,,324,0.45134878158569336,,0.07415771484375
5198,,324,0.45254409313201904,,0.0073699951171875
5199,,324,0.5345773696899414,,0.0608062744140625
,1296,324,,0.2937372028827667,0.2125701904296875
,1297,324,,0.39112696051597595,0.0781402587890625
,1298,324,,0.44062644243240356,0.0941925048828125
,1299,324,,0.22678492963314056,0.27587890625
5200,,325,0.45966097712516785,,0.0
5201,,325,0.5219457745552063,,0.0
5202,,325,0.4343656897544861,,3.0517578125e-05
5203,,325,0.6061923503875732,,0.0018768310546875
5204,,325,0.35885781049728394,,0.5993804931640625
5205,,325,0.2629298269748688,,0.378448486328125
5206,,325,0.453493595123291,,0.01556396484375
5207,,325,0.4112420082092285,,0.067230224609375
5208,,325,0.3440411686897278,,1.52587890625e-05
5209,,325,0.46570903062820435,,0.0
5210,,325,0.47572705149650574,,0.0
5211,,325,0.4923759400844574,,0.0
5212,,325,0.38375988602638245,,0.1333160400390625
5213,,325,0.5044667720794678,,0.07415771484375
5214,,325,0.3666619062423706,,0.0073699951171875
5215,,325,0.4135929346084595,,0.0608062744140625
,1300,325,,0.25371938943862915,0.2125701904296875
,1301,325,,0.5033884048461914,0.0781402587890625
,1302,325,,0.40675219893455505,0.0941925048828125
,1303,325,,0.23669634759426117,0.27587890625
5216,,326,0.48366472125053406,,0.0
5217,,326,0.5621037483215332,,0.0
5218,,326,0.4794182777404785,,3.0517578125e-05
5219,,326,0.4616968631744385,,0.0018768310546875
5220,,326,0.3495531976222992,,0.5993804931640625
5221,,326,0.33645355701446533,,0.378448486328125
5222,,326,0.5067996978759766,,0.01556396484375
5223,,326,0.41869276762008667,,0.067230224609375
5224,,326,0.5202983021736145,,1.52587890625e-05
5225,,326,0.39495107531547546,,0.0
5226,,326,0.3053286671638489,,0.0
5227,,326,0.4917129874229431,,0.0
5228,,326,0.41783761978149414,,0.1333160400390625
5229,,326,0.5162991881370544,,0.07415771484375
5230,,326,0.35453885793685913,,0.0073699951171875
5231,,326,0.45914724469184875,,0.0608062744140625
,1304,326,,0.21390798687934875,0.2125701904296875
,1305,326,,0.5024930238723755,0.0781402587890625
,1306,326,,0.33756357431411743,0.0941925048828125
,1307,326,,0.22773301601409912,0.27587890625
5232,,327,0.5007259845733643,,0.0
5233,,327,0.5113591551780701,,0.0
5234,,327,0.5821328163146973,,3.0517578125e-05
5235,,327,0.5229360461235046,,0.0018768310546875
5236,,327,0.3147922456264496,,0.5993804931640625
5237,,327,0.29565903544425964,,0.378448486328125
5238,,327,0.5712093114852905,,0.01556396484375
5239,,327,0.4789254665374756,,0.067230224609375
5240,,327,0.42947104573249817,,1.52587890625e-05
5241,,327,0.39835476875305176,,0.0
5242,,327,0.4523391127586365,,0.0
5243,,327,0.4890967905521393,,0.0
5244,,327,0.38883963227272034,,0.1333160400390625
5245,,327,0.45640861988067627,,0.07415771484375
5246,,327,0.40692541003227234,,0.0073699951171875
5247,,327,0.39919763803482056,,0.0608062744140625
,1308,327,,0.3475549817085266,0.2125701904296875
,1309,327,,0.3545350134372711,0.0781402587890625
,1310,327,,0.4706665873527527,0.0941925048828125
,1311,327,,0.26317426562309265,0.27587890625
5248,,328,0.4341575503349304,,0.0
5249,,328,0.5221083760261536,,0.0
5250,,328,0.42325645685195923,,3.0517578125e-05
5251,,328,0.5640215873718262,,0.0018768310546875
5252,,328,0.350081205368042,,0.5993804931640625
5253,,328,0.2801966667175293,,0.378448486328125
5254,,328,0.4562661945819855,,0.01556396484375
5255,,328,0.42407479882240295,,0.067230224609375
5256,,328,0.6056474447250366,,1.52587890625e-05
5257,,328,0.6366702318191528,,0.0
5258,,328,0.5459562540054321,,0.0
5259,,328,0.4827425181865692,,0.0
5260,,328,0.43717214465141296,,0.1333160400390625
5261,,328,0.5017748475074768,,0.07415771484375
5262,,328,0.5191351771354675,,0.0073699951171875
5263,,328,0.4792768359184265,,0.0608062744140625
,1312,328,,0.2685556709766388,0.2125701904296875
,1313,328,,0.3828170895576477,0.0781402587890625
,1314,328,,0.33651894330978394,0.0941925048828125
,1315,328,,0.19825661182403564,0.27587890625
5264,,329,0.46267464756965637,,0.0
5265,,329,0.5971628427505493,,0.0
5266,,329,0.43627989292144775,,3.0517578125e-05
5267,,329,0.47684890031814575,,0.0018768310546875
5268,,329,0.3871613144874573,,0.5993804931640625
5269,,329,0.3559268116950989,,0.378448486328125
5270,,329,0.4912702441215515,,0.01556396484375
5271,,329,0.44061726331710815,,0.067230224609375
5272,,329,0.5728588104248047,,1.52587890625e-05
5273,,329,0.44273775815963745,,0.0
5274,,329,0.45783209800720215,,0.0
5275,,329,0.39152273535728455,,0.0
5276,,329,0.43612438440322876,,0.1333160400390625
5277,,329,0.3661876320838928,,0.07415771484375
5278,,329,0.5065189599990845,,0.0073699951171875
5279,,329,0.4618479609489441,,0.0608062744140625
,1316,329,,0.31902873516082764,0.2125701904296875
,1317,329,,0.43345338106155396,0.0781402587890625
,1318,329,,0.3489641547203064,0.0941925048828125
,1319,329,,0.16055309772491455,0.27587890625
5280,,330,0.5351324677467346,,0.0
5281,,330,0.4516924321651459,,0.0
5282,,330,0.4575043320655823,,3.0517578125e-05
5283,,330,0.46464428305625916,,0.0018768310546875
5284,,330,0.3591352105140686,,0.5993804931640625
5285,,330,0.3322359621524811,,0.378448486328125
5286,,330,0.4436599016189575,,0.01556396484375
5287,,330,0.5329349040985107,,0.067230224609375
5288,,330,0.5381027460098267,,1.52587890625e-05
5289,,330,0.5515977740287781,,0.0
5290,,330,0.504135012626648,,0.0
5291,,330,0.501606285572052,,0.0
5292,,330,0.48395419120788574,,0.1333160400390625
5293,,330,0.4491824805736542,,0.07415771484375
5294,,330,0.4296104311943054,,0.0073699951171875
5295,,330,0.3979411721229553,,0.0608062744140625
,1320,330,,0.3957473039627075,0.2125701904296875
,1321,330,,0.37637802958488464,0.0781402587890625
,1322,330,,0.4966977834701538,0.0941925048828125
,1323,330,,0.2685244679450989,0.27587890625
5296,,331,0.41696450114250183,,0.0
5297,,331,0.6022881269454956,,0.0
5298,,331,0.3960638642311096,,3.0517578125e-05
5299,,331,0.4464123845100403,,0.0018768310546875
5300,,331,0.3258894681930542,,0.5993804931640625
5301,,331,0.28442108631134033,,0.378448486328125
5302,,331,0.4817269444465637,,0.01556396484375
5303,,331,0.4187447130680084,,0.067230224609375
5304,,331,0.41012656688690186,,1.52587890625e-05
5305,,331,0.48317915201187134,,0.0
5306,,331,0.5351985692977905,,0.0
5307,,331,0.5695933699607849,,0.0
5308,,331,0.3058420419692993,,0.1333160400390625
5309,,331,0.46750307083129883,,0.07415771484375
5310,,331,0.5222704410552979,,0.0073699951171875
5311,,331,0.4399057626724243,,0.0608062744140625
,1324,331,,0.2767122983932495,0.2125701904296875
,1325,331,,0.36675867438316345,0.0781402587890625
,1326,331,,0.5251944065093994,0.0941925048828125
,1327,331,,0.19826364517211914,0.27587890625
5312,,332,0.49689778685569763,,0.0
5313,,332,0.45690351724624634,,0.0
5314,,332,0.5421371459960938,,3.0517578125e-05
5315,,332,0.45359623432159424,,0.0018768310546875
5316,,332,0.4142811894416809,,0.5993804931640625
5317,,332,0.3517051637172699,,0.378448486328125
5318,,332,0.5055049657821655,,0.01556396484375
5319,,332,0.29827016592025757,,0.067230224609375
5320,,332,0.5062707662582397,,1.52587890625e-05
5321,,332,0.4913973808288574,,0.0
5322,,332,0.4933197498321533,,0.0
5323,,332,0.5650613307952881,,0.0
5324,,332,0.5031033158302307,,0.1333160400390625
5325,,332,0.2023695707321167,,0.07415771484375
5326,,332,0.3720899224281311,,0.0073699951171875
5327,,332,0.4408716559410095,,0.0608062744140625
,1328,332,,0.35892021656036377,0.2125701904296875
,1329,332,,0.3652997314929962,0.0781402587890625
,1330,332,,0.3913295567035675,0.0941925048828125
,1331,332,,0.20173588395118713,0.27587890625
5328,,333,0.396517813205719,,0.0
5329,,333,0.3021603226661682,,0.0
5330,,333,0.4746350049972534,,3.0517578125e-05
5331,,333,0.3456297516822815,,0.0018768310546875
5332,,333,0.3652922511100769,,0.5993804931640625
5333,,333,0.3261253237724304,,0.378448486328125
5334,,333,0.48692408204078674,,0.01556396484375
5335,,333,0.2756795287132263,,0.067230224609375
5336,,333,0.5225673317909241,,1.52587890625e-05
5337,,333,0.48988068103790283,,0.0
5338,,333,0.5617793202400208,,0.0
5339,,333,0.590693473815918,,0.0
5340,,333,0.36425337195396423,,0.1333160400390625
5341,,333,0.3790629804134369,,0.07415771484375
5342,,333,0.5835455656051636,,0.0073699951171875
5343,,333,0.4276313781738281,,0.0608062744140625
,1332,333,,0.3806125521659851,0.2125701904296875
,1333,333,,0.48889654874801636,0.0781402587890625
,1334,333,,0.3585173785686493,0.0941925048828125
,1335,333,,0.26593345403671265,0.27587890625
5344,,334,0.3653080463409424,,0.0
5345,,334,0.5380260348320007,,0.0
5346,,334,0.44843417406082153,,3.0517578125e-05
5347,,334,0.5488289594650269,,0.0018768310546875
5348,,334,0.32048818469047546,,0.5993804931640625
5349,,334,0.28881216049194336,,0.378448486328125
5350,,334,0.44437718391418457,,0.01556396484375
5351,,334,0.475468248128891,,0.067230224609375
5352,,334,0.47435158491134644,,1.52587890625e-05
5353,,334,0.4607449769973755,,0.0
5354,,334,0.39291277527809143,,0.0
5355,,334,0.45404526591300964,,0.0
5356,,334,0.24935860931873322,,0.1333160400390625
5357,,334,0.40892350673675537,,0.07415771484375
5358,,334,0.3882533013820648,,0.0073699951171875
5359,,334,0.4519331455230713,,0.0608062744140625
,1336,334,,0.3215670585632324,0.2125701904296875
,1337,334,,0.4418685734272003,0.0781402587890625
,1338,334,,0.2425316870212555,0.0941925048828125
,1339,334,,0.2638208270072937,0.27587890625
5360,,335,0.38663139939308167,,0.0
5361,,335,0.46615442633628845,,0.0
5362,,335,0.663782000541687,,3.0517578125e-05
5363,,335,0.4967770576477051,,0.0018768310546875
5364,,335,0.38137009739875793,,0.5993804931640625
5365,,335,0.322931706905365,,0.378448486328125
5366,,335,0.5782318115234375,,0.01556396484375
5367,,335,0.47889402508735657,,0.067230224609375
5368,,335,0.6514365673065186,,1.52587890625e-05
5369,,335,0.4908679127693176,,0.0
5370,,335,0.37465810775756836,,0.0
5371,,335,0.45526745915412903,,0.0
5372,,335,0.29503023624420166,,0.1333160400390625
5373,,335,0.4329589009284973,,0.07415771484375
5374,,335,0.3854643702507019,,0.0073699951171875
5375,,335,0.36196231842041016,,0.0608062744140625
,1340,335,,0.2059851437807083,0.2125701904296875
,1341,335,,0.39263540506362915,0.0781402587890625
,1342,335,,0.4593697786331177,0.0941925048828125
,1343,335,,0.2571411728858948,0.27587890625
5376,,336,0.42604804039001465,,0.0
5377,,336,0.5154080390930176,,0.0
5378,,336,0.5296918153762817,,3.0517578125e-05
5379,,336,0.4112713932991028,,0.0018768310546875
5380,,336,0.3463205099105835,,0.5993804931640625
5381,,336,0.26558297872543335,,0.378448486328125
5382,,336,0.4146471619606018,,0.01556396484375
5383,,336,0.5143396854400635,,0.067230224609375
5384,,336,0.4467671513557434,,1.52587890625e-05
5385,,336,0.5667508840560913,,0.0
5386,,336,0.6711587905883789,,0.0
5387,,336,0.6946491003036499,,0.0
5388,,336,0.37643417716026306,,0.1333160400390625
5389,,336,0.33908623456954956,,0.07415771484375
5390,,336,0.37383896112442017,,0.0073699951171875
5391,,336,0.46624448895454407,,0.0608062744140625
,1344,336,,0.2408045381307602,0.2125701904296875
,1345,336,,0.40184229612350464,0.0781402587890625
,1346,336,,0.42948952317237854,0.0941925048828125
,1347,336,,0.13419193029403687,0.27587890625
5392,,337,0.5836572051048279,,0.0
5393,,337,0.5331059098243713,,0.0
5394,,337,0.44821104407310486,,3.0517578125e-05
5395,,337,0.5428808331489563,,0.0018768310546875
5396,,337,0.30673590302467346,,0.5993804931640625
5397,,337,0.37372976541519165,,0.378448486328125
5398,,337,0.5758222341537476,,0.01556396484375
5399,,337,0.4690168499946594,,0.067230224609375
5400,,337,0.47008389234542847,,1.52587890625e-05
5401,,337,0.5534234642982483,,0.0
5402,,337,0.46802130341529846,,0.0
5403,,337,0.5263231992721558,,0.0
5404,,337,0.39731645584106445,,0.1333160400390625
5405,,337,0.39251813292503357,,0.07415771484375
5406,,337,0.40358105301856995,,0.0073699951171875
5407,,337,0.3271681070327759,,0.0608062744140625
,1348,337,,0.26922404766082764,0.2125701904296875
,1349,337,,0.40490370988845825,0.0781402587890625
,1350,337,,0.5636425614356995,0.0941925048828125
,1351,337,,0.2644084692001343,0.27587890625
5408,,338,0.5136470794677734,,0.0
5409,,338,0.3709144592285156,,0.0
5410,,338,0.4806828498840332,,3.0517578125e-05
5411,,338,0.5756008625030518,,0.0018768310546875
5412,,338,0.33151012659072876,,0.5993804931640625
5413,,338,0.3281404376029968,,0.378448486328125
5414,,338,0.47952142357826233,,0.01556396484375
5415,,338,0.29502588510513306,,0.067230224609375
5416,,338,0.43431901931762695,,1.52587890625e-05
5417,,338,0.47602081298828125,,0.0
5418,,338,0.6226016283035278,,0.0
5419,,338,0.5532090663909912,,0.0
5420,,338,0.469723641872406,,0.1333160400390625
5421,,338,0.4585414528846741,,0.07415771484375
5422,,338,0.49881958961486816,,0.0073699951171875
5423,,338,0.5835193395614624,,0.0608062744140625
,1352,338,,0.19395527243614197,0.2125701904296875
,1353,338,,0.46464717388153076,0.0781402587890625
,1354,338,,0.37022334337234497,0.0941925048828125
,1355,338,,0.21689094603061676,0.27587890625
5424,,339,0.5760611295700073,,0.0
5425,,339,0.4999760389328003,,0.0
5426,,339,0.5674765706062317,,3.0517578125e-05
5427,,339,0.57474684715271,,0.0018768310546875
5428,,339,0.36664068698883057,,0.5993804931640625
5429,,339,0.3160591423511505,,0.378448486328125
5430,,339,0.4788954257965088,,0.01556396484375
5431,,339,0.41369372606277466,,0.067230224609375
5432,,339,0.5294246077537537,,1.52587890625e-05
5433,,339,0.5240618586540222,,0.0
5434,,339,0.6042715311050415,,0.0
5435,,339,0.6462523341178894,,0.0
5436,,339,0.40035325288772583,,0.1333160400390625
5437,,339,0.42367616295814514,,0.07415771484375
5438,,339,0.46029290556907654,,0.0073699951171875
5439,,339,0.41069960594177246,,0.0608062744140625
,1356,339,,0.23954936861991882,0.2125701904296875
,1357,339,,0.4843319356441498,0.0781402587890625
,1358,339,,0.296878457069397,0.0941925048828125
,1359,339,,0.17485195398330688,0.27587890625
5440,,340,0.4825088381767273,,0.0
5441,,340,0.4325214624404907,,0.0
5442,,340,0.5797719955444336,,3.0517578125e-05
5443,,340,0.5691021680831909,,0.0018768310546875
5444,,340,0.3950812816619873,,0.5993804931640625
5445,,340,0.31946641206741333,,0.378448486328125
5446,,340,0.5031964778900146,,0.01556396484375
5447,,340,0.36562302708625793,,0.067230224609375
5448,,340,0.3920447826385498,,1.52587890625e-05
5449,,340,0.47961050271987915,,0.0
5450,,340,0.3389269709587097,,0.0
5451,,340,0.5583978891372681,,0.0
5452,,340,0.4502962827682495,,0.1333160400390625
5453,,340,0.4210008382797241,,0.07415771484375
5454,,340,0.47810256481170654,,0.0073699951171875
5455,,340,0.4435978829860687,,0.0608062744140625
,1360,340,,0.17758338153362274,0.2125701904296875
,1361,340,,0.3799097537994385,0.0781402587890625
,1362,340,,0.28477752208709717,0.0941925048828125
,1363,340,,0.12613768875598907,0.27587890625
5456,,341,0.4228445291519165,,0.0
5457,,341,0.4839692711830139,,0.0
5458,,341,0.593482494354248,,3.0517578125e-05
5459,,341,0.4977150559425354,,0.0018768310546875
5460,,341,0.3694523572921753,,0.5993804931640625
5461,,341,0.3177025318145752,,0.378448486328125
5462,,341,0.3692587614059448,,0.01556396484375
5463,,341,0.3146126866340637,,0.067230224609375
5464,,341,0.5071250200271606,,1.52587890625e-05
5465,,341,0.5293337106704712,,0.0
5466,,341,0.4342331886291504,,0.0
5467,,341,0.4154732823371887,,0.0
5468,,341,0.43214666843414307,,0.1333160400390625
5469,,341,0.48556989431381226,,0.07415771484375
5470,,341,0.42454794049263,,0.0073699951171875
5471,,341,0.539711594581604,,0.0608062744140625
,1364,341,,0.30398526787757874,0.2125701904296875
,1365,341,,0.3792461156845093,0.0781402587890625
,1366,341,,0.41963744163513184,0.0941925048828125
,1367,341,,0.1729661226272583,0.27587890625
5472,,342,0.5408271551132202,,0.0
5473,,342,0.5346134901046753,,0.0
5474,,342,0.4873080253601074,,3.0517578125e-05
5475,,342,0.6011484265327454,,0.0018768310546875
5476,,342,0.3471975326538086,,0.5993804931640625
5477,,342,0.376628577709198,,0.378448486328125
5478,,342,0.37778156995773315,,0.01556396484375
5479,,342,0.3325433135032654,,0.067230224609375
5480,,342,0.43709254264831543,,1.52587890625e-05
5481,,342,0.4039068818092346,,0.0
5482,,342,0.4893287420272827,,0.0
5483,,342,0.46753841638565063,,0.0
5484,,342,0.421539843082428,,0.1333160400390625
5485,,342,0.46435776352882385,,0.07415771484375
5486,,342,0.3977791666984558,,0.0073699951171875
5487,,342,0.3809967637062073,,0.0608062744140625
,1368,342,,0.17437078058719635,0.2125701904296875
,1369,342,,0.44581010937690735,0.0781402587890625
,1370,342,,0.3981216549873352,0.0941925048828125
,1371,342,,0.2803138196468353,0.27587890625
5488,,343,0.46960169076919556,,0.0
5489,,343,0.4586251676082611,,0.0
5490,,343,0.4290127158164978,,3.0517578125e-05
5491,,343,0.5257247090339661,,0.0018768310546875
5492,,343,0.4062955379486084,,0.5993804931640625
5493,,343,0.34378236532211304,,0.378448486328125
5494,,343,0.45935380458831787,,0.01556396484375
5495,,343,0.3906325101852417,,0.067230224609375
5496,,343,0.5106506943702698,,1.52587890625e-05
5497,,343,0.5311475992202759,,0.0
5498,,343,0.540040910243988,,0.0
5499,,343,0.48355811834335327,,0.0
5500,,343,0.2886180877685547,,0.1333160400390625
5501,,343,0.2846411168575287,,0.07415771484375
5502,,343,0.5639000535011292,,0.0073699951171875
5503,,343,0.46487075090408325,,0.0608062744140625
,1372,343,,0.2653164267539978,0.2125701904296875
,1373,343,,0.29298073053359985,0.0781402587890625
,1374,343,,0.4756767749786377,0.0941925048828125
,1375,343,,0.28679168224334717,0.27587890625
5504,,344,0.5785245299339294,,0.0
5505,,344,0.4500094950199127,,0.0
5506,,344,0.44671279191970825,,3.0517578125e-05
5507,,344,0.47688615322113037,,0.0018768310546875
5508,,344,0.3475247323513031,,0.5993804931640625
5509,,344,0.28446143865585327,,0.378448486328125
5510,,344,0.43880799412727356,,0.01556396484375
5511,,344,0.4093296229839325,,0.067230224609375
5512,,344,0.5095375776290894,,1.52587890625e-05
5513,,344,0.42939475178718567,,0.0
5514,,344,0.541991114616394,,0.0
5515,,344,0.3988822102546692,,0.0
5516,,344,0.4224820137023926,,0.1333160400390625
5517,,344,0.38263383507728577,,0.07415771484375
5518,,344,0.40421396493911743,,0.0073699951171875
5519,,344,0.3950703740119934,,0.0608062744140625
,1376,344,,0.34879815578460693,0.2125701904296875
,1377,344,,0.46687808632850647,0.0781402587890625
,1378,344,,0.24679391086101532,0.0941925048828125
,1379,344,,0.22781257331371307,0.27587890625
5520,,345,0.47757911682128906,,0.0
5521,,345,0.5429211854934692,,0.0
5522,,345,0.509619414806366,,3.0517578125e-05
5523,,345,0.45327603816986084,,0.0018768310546875
5524,,345,0.3485339283943176,,0.5993804931640625
5525,,345,0.2951472997665405,,0.378448486328125
5526,,345,0.46606624126434326,,0.01556396484375
5527,,345,0.39583486318588257,,0.067230224609375
5528,,345,0.4351746737957001,,1.52587890625e-05
5529,,345,0.5370818972587585,,0.0
5530,,345,0.6363331079483032,,0.0
5531,,345,0.6084845066070557,,0.0
5532,,345,0.42382901906967163,,0.1333160400390625
5533,,345,0.4456985592842102,,0.07415771484375
5534,,345,0.5490442514419556,,0.0073699951171875
5535,,345,0.5553665161132812,,0.0608062744140625
,1380,345,,0.2656342685222626,0.2125701904296875
,1381,345,,0.5142191052436829,0.0781402587890625
,1382,345,,0.35316577553749084,0.0941925048828125
,1383,345,,0.1718911975622177,0.27587890625
5536,,346,0.43812501430511475,,0.0
5537,,346,0.42051592469215393,,0.0
5538,,346,0.48806193470954895,,3.0517578125e-05
5539,,346,0.5385205745697021,,0.0018768310546875
5540,,346,0.3425409495830536,,0.5993804931640625
5541,,346,0.33848899602890015,,0.378448486328125
5542,,346,0.3624269664287567,,0.01556396484375
5543,,346,0.45697981119155884,,0.067230224609375
5544,,346,0.4334823191165924,,1.52587890625e-05
5545,,346,0.6344621181488037,,0.0
5546,,346,0.5392318964004517,,0.0
5547,,346,0.49552589654922485,,0.0
5548,,346,0.45371583104133606,,0.1333160400390625
5549,,346,0.27662044763565063,,0.07415771484375
5550,,346,0.38911497592926025,,0.0073699951171875
5551,,346,0.4535677433013916,,0.0608062744140625
,1384,346,,0.30744484066963196,0.2125701904296875
,1385,346,,0.3908979892730713,0.0781402587890625
,1386,346,,0.46350717544555664,0.0941925048828125
,1387,346,,0.27353155612945557,0.27587890625
5552,,347,0.6314482092857361,,0.0
5553,,347,0.5872225761413574,,0.0
5554,,347,0.5800803899765015,,3.0517578125e-05
5555,,347,0.4824974536895752,,0.0018768310546875
5556,,347,0.365732342004776,,0.5993804931640625
5557,,347,0.29757705330848694,,0.378448486328125
5558,,347,0.4655868709087372,,0.01556396484375
5559,,347,0.5548573732376099,,0.067230224609375
5560,,347,0.47413748502731323,,1.52587890625e-05
5561,,347,0.47298669815063477,,0.0
5562,,347,0.4577614665031433,,0.0
5563,,347,0.4119190275669098,,0.0
5564,,347,0.5103616714477539,,0.1333160400390625
5565,,347,0.41367238759994507,,0.07415771484375
5566,,347,0.5828964114189148,,0.0073699951171875
5567,,347,0.5876127481460571,,0.0608062744140625
,1388,347,,0.2575562298297882,0.2125701904296875
,1389,347,,0.41675007343292236,0.0781402587890625
,1390,347,,0.3543393015861511,0.0941925048828125
,1391,347,,0.23442304134368896,0.27587890625
5568,,348,0.48448505997657776,,0.0
5569,,348,0.6205532550811768,,0.0
5570,,348,0.4517356753349304,,3.0517578125e-05
5571,,348,0.6289232969284058,,0.0018768310546875
5572,,348,0.3290329575538635,,0.5993804931640625
5573,,348,0.3358703553676605,,0.378448486328125
5574,,348,0.4228353798389435,,0.01556396484375
5575,,348,0.5189117193222046,,0.067230224609375
5576,,348,0.5909004807472229,,1.52587890625e-05
5577,,348,0.48464152216911316,,0.0
5578,,348,0.47087687253952026,,0.0
5579,,348,0.45763856172561646,,0.0
5580,,348,0.3844209909439087,,0.1333160400390625
5581,,348,0.24662604928016663,,0.07415771484375
5582,,348,0.4311121106147766,,0.0073699951171875
5583,,348,0.43940117955207825,,0.0608062744140625
,1392,348,,0.14636094868183136,0.2125701904296875
,1393,348,,0.5027973651885986,0.0781402587890625
,1394,348,,0.5519901514053345,0.0941925048828125
,1395,348,,0.2845292389392853,0.27587890625
5584,,349,0.44899365305900574,,0.0
5585,,349,0.569226861000061,,0.0
5586,,349,0.6381120681762695,,3.0517578125e-05
5587,,349,0.3900390863418579,,0.0018768310546875
5588,,349,0.35119178891181946,,0.5993804931640625
5589,,349,0.3233867883682251,,0.378448486328125
5590,,349,0.5660463571548462,,0.01556396484375
5591,,349,0.5069143772125244,,0.067230224609375
5592,,349,0.504671573638916,,1.52587890625e-05
5593,,349,0.4767393469810486,,0.0
5594,,349,0.4934220314025879,,0.0
5595,,349,0.4402889609336853,,0.0
5596,,349,0.48198288679122925,,0.1333160400390625
5597,,349,0.4209830164909363,,0.07415771484375
5598,,349,0.543071985244751,,0.0073699951171875
5599,,349,0.454946368932724,,0.0608062744140625
,1396,349,,0.32769259810447693,0.2125701904296875
,1397,349,,0.31393179297447205,0.0781402587890625
,1398,349,,0.448153018951416,0.0941925048828125
,1399,349,,0.300636351108551,0.27587890625
5600,,350,0.472258597612381,,0.0
5601,,350,0.49875712394714355,,0.0
5602,,350,0.49997571110725403,,3.0517578125e-05
5603,,350,0.38304024934768677,,0.0018768310546875
5604,,350,0.3505784273147583,,0.5993804931640625
5605,,350,0.31634870171546936,,0.378448486328125
5606,,350,0.5311250686645508,,0.01556396484375
5607,,350,0.32312917709350586,,0.067230224609375
5608,,350,0.4517046809196472,,1.52587890625e-05
5609,,350,0.5713826417922974,,0.0
5610,,350,0.48069286346435547,,0.0
5611,,350,0.5144220590591431,,0.0
5612,,350,0.4185781478881836,,0.1333160400390625
5613,,350,0.35908061265945435,,0.07415771484375
5614,,350,0.6258270740509033,,0.0073699951171875
5615,,350,0.3745819330215454,,0.0608062744140625
,1400,350,,0.37053948640823364,0.2125701904296875
,1401,350,,0.3826531767845154,0.0781402587890625
,1402,350,,0.4288179278373718,0.0941925048828125
,1403,350,,0.1869981288909912,0.27587890625
5616,,351,0.3985022306442261,,0.0
5617,,351,0.43649548292160034,,0.0
5618,,351,0.5568060874938965,,3.0517578125e-05
5619,,351,0.5134979486465454,,0.0018768310546875
5620,,351,0.39578670263290405,,0.5993804931640625
5621,,351,0.3180059492588043,,0.378448486328125
5622,,351,0.46837902069091797,,0.01556396484375
5623,,351,0.468782901763916,,0.067230224609375
5624,,351,0.4611271619796753,,1.52587890625e-05
5625,,351,0.6036937236785889,,0.0
5626,,351,0.5426434278488159,,0.0
5627,,351,0.5975664854049683,,0.0
5628,,351,0.357107937335968,,0.1333160400390625
5629,,351,0.38831740617752075,,0.07415771484375
5630,,351,0.37093618512153625,,0.0073699951171875
5631,,351,0.4230576157569885,,0.0608062744140625
,1404,351,,0.2547457814216614,0.2125701904296875
,1405,351,,0.4171772599220276,0.0781402587890625
,1406,351,,0.4989511966705322,0.0941925048828125
,1407,351,,0.22574138641357422,0.27587890625
5632,,352,0.46109461784362793,,0.0
5633,,352,0.3945661187171936,,0.0
5634,,352,0.5008496046066284,,3.0517578125e-05
5635,,352,0.6259869337081909,,0.0018768310546875
5636,,352,0.36578935384750366,,0.5993804931640625
5637,,352,0.39136889576911926,,0.378448486328125
5638,,352,0.5041160583496094,,0.01556396484375
5639,,352,0.5133521556854248,,0.067230224609375
5640,,352,0.6004989147186279,,1.52587890625e-05
5641,,352,0.5301239490509033,,0.0
5642,,352,0.367418497800827,,0.0
5643,,352,0.6560753583908081,,0.0
5644,,352,0.42122459411621094,,0.1333160400390625
5645,,352,0.37225133180618286,,0.07415771484375
5646,,352,0.3691202700138092,,0.0073699951171875
5647,,352,0.395504355430603,,0.0608062744140625
,1408,352,,0.23342972993850708,0.2125701904296875
,1409,352,,0.5352883338928223,0.0781402587890625
,1410,352,,0.3375755250453949,0.0941925048828125
,1411,352,,0.2874400317668915,0.27587890625
5648,,353,0.5118893384933472,,0.0
5649,,353,0.3893018364906311,,0.0
5650,,353,0.5640318989753723,,3.0517578125e-05
5651,,353,0.429859459400177,,0.0018768310546875
5652,,353,0.40491244196891785,,0.5993804931640625
5653,,353,0.31259381771087646,,0.378448486328125
5654,,353,0.5326071977615356,,0.01556396484375
5655,,353,0.3805341124534607,,0.067230224609375
5656,,353,0.5528202056884766,,1.52587890625e-05
5657,,353,0.5888715982437134,,0.0
5658,,353,0.4166891276836395,,0.0
5659,,353,0.5515743494033813,,0.0
5660,,353,0.2928240895271301,,0.1333160400390625
5661,,353,0.40156346559524536,,0.07415771484375
5662,,353,0.6159203052520752,,0.0073699951171875
5663,,353,0.4843217432498932,,0.0608062744140625
,1412,353,,0.23839938640594482,0.2125701904296875
,1413,353,,0.5021156072616577,0.0781402587890625
,1414,353,,0.45365452766418457,0.0941925048828125
,1415,353,,0.15276369452476501,0.27587890625
5664,,354,0.5516219735145569,,0.0
5665,,354,0.48129332065582275,,0.0
5666,,354,0.42234426736831665,,3.0517578125e-05
5667,,354,0.5088456869125366,,0.0018768310546875
5668,,354,0.34310218691825867,,0.5993804931640625
5669,,354,0.33919644355773926,,0.378448486328125
5670,,354,0.4655556082725525,,0.01556396484375
5671,,354,0.3836659789085388,,0.067230224609375
5672,,354,0.4052991271018982,,1.52587890625e-05
5673,,354,0.6696165204048157,,0.0
5674,,354,0.47416388988494873,,0.0
5675,,354,0.6319255828857422,,0.0
5676,,354,0.3558283746242523,,0.1333160400390625
5677,,354,0.36709466576576233,,0.07415771484375
5678,,354,0.4122016429901123,,0.0073699951171875
5679,,354,0.4998735189437866,,0.0608062744140625
,1416,354,,0.43295955657958984,0.2125701904296875
,1417,354,,0.33068084716796875,0.0781402587890625
,1418,354,,0.4790964722633362,0.0941925048828125
,1419,354,,0.2169637233018875,0.27587890625
5680,,355,0.4470764100551605,,0.0
5681,,355,0.4748726785182953,,0.0
5682,,355,0.6555482149124146,,3.0517578125e-05
5683,,355,0.6133074760437012,,0.0018768310546875
5684,,355,0.36823341250419617,,0.5993804931640625
5685,,355,0.34879475831985474,,0.378448486328125
5686,,355,0.45227697491645813,,0.01556396484375
5687,,355,0.53375244140625,,0.067230224609375
5688,,355,0.5846693515777588,,1.52587890625e-05
5689,,355,0.5559533834457397,,0.0
5690,,355,0.5477979183197021,,0.0
5691,,355,0.48956775665283203,,0.0
5692,,355,0.40151548385620117,,0.1333160400390625
5693,,355,0.5024961233139038,,0.07415771484375
5694,,355,0.5431607961654663,,0.0073699951171875
5695,,355,0.48588013648986816,,0.0608062744140625
,1420,355,,0.3027842342853546,0.2125701904296875
,1421,355,,0.5903252363204956,0.0781402587890625
,1422,355,,0.35354191064834595,0.0941925048828125
,1423,355,,0.2490992546081543,0.27587890625
5696,,356,0.4718944728374481,,0.0
5697,,356,0.4005015790462494,,0.0
5698,,356,0.4950238764286041,,3.0517578125e-05
5699,,356,0.5139186382293701,,0.0018768310546875
5700,,356,0.33797967433929443,,0.5993804931640625
5701,,356,0.29187387228012085,,0.378448486328125
5702,,356,0.4351385533809662,,0.01556396484375
5703,,356,0.40101784467697144,,0.067230224609375
5704,,356,0.6042869687080383,,1.52587890625e-05
5705,,356,0.5496503114700317,,0.0
5706,,356,0.5509494543075562,,0.0
5707,,356,0.5345393419265747,,0.0
5708,,356,0.4342948794364929,,0.1333160400390625
5709,,356,0.46364086866378784,,0.07415771484375
5710,,356,0.4637305736541748,,0.0073699951171875
5711,,356,0.41593068838119507,,0.0608062744140625
,1424,356,,0.3930199146270752,0.2125701904296875
,1425,356,,0.3582959771156311,0.0781402587890625
,1426,356,,0.3555449843406677,0.0941925048828125
,1427,356,,0.1687692403793335,0.27587890625
5712,,357,0.4152795076370239,,0.0
5713,,357,0.5199707746505737,,0.0
5714,,357,0.5662617087364197,,3.0517578125e-05
5715,,357,0.46272432804107666,,0.0018768310546875
5716,,357,0.35635364055633545,,0.5993804931640625
5717,,357,0.3243684768676758,,0.378448486328125
5718,,357,0.4323209524154663,,0.01556396484375
5719,,357,0.4952775835990906,,0.067230224609375
5720,,357,0.3237909972667694,,1.52587890625e-05
5721,,357,0.43003714084625244,,0.0
5722,,357,0.49048587679862976,,0.0
5723,,357,0.6156977415084839,,0.0
5724,,357,0.3764040768146515,,0.1333160400390625
5725,,357,0.4256347417831421,,0.07415771484375
5726,,357,0.3417564332485199,,0.0073699951171875
5727,,357,0.3309531807899475,,0.0608062744140625
,1428,357,,0.41524508595466614,0.2125701904296875
,1429,357,,0.5723798871040344,0.0781402587890625
,1430,357,,0.5729585886001587,0.0941925048828125
,1431,357,,0.2483503371477127,0.27587890625
5728,,358,0.4426235556602478,,0.0
5729,,358,0.5973386764526367,,0.0
5730,,358,0.5603968501091003,,3.0517578125e-05
5731,,358,0.42858707904815674,,0.0018768310546875
5732,,358,0.3465980887413025,,0.5993804931640625
5733,,358,0.2840740382671356,,0.378448486328125
5734,,358,0.46883976459503174,,0.01556396484375
5735,,358,0.4067457318305969,,0.067230224609375
5736,,358,0.4069589376449585,,1.52587890625e-05
5737,,358,0.5212026834487915,,0.0
5738,,358,0.4721611738204956,,0.0
5739,,358,0.48593074083328247,,0.0
5740,,358,0.5017505884170532,,0.1333160400390625
5741,,358,0.3401528596878052,,0.07415771484375
5742,,358,0.4147986173629761,,0.0073699951171875
5743,,358,0.4019899368286133,,0.0608062744140625
,1432,358,,0.3056281805038452,0.2125701904296875
,1433,358,,0.465803325176239,0.0781402587890625
,1434,358,,0.44968441128730774,0.0941925048828125
,1435,358,,0.15846332907676697,0.27587890625
5744,,359,0.5638526678085327,,0.0
5745,,359,0.5050097703933716,,0.0
5746,,359,0.5558017492294312,,3.0517578125e-05
5747,,359,0.4707752466201782,,0.0018768310546875
5748,,359,0.354047566652298,,0.5993804931640625
5749,,359,0.3302878439426422,,0.378448486328125
5750,,359,0.4828088879585266,,0.01556396484375
5751,,359,0.3016706109046936,,0.067230224609375
5752,,359,0.4737662076950073,,1.52587890625e-05
5753,,359,0.6588348746299744,,0.0
5754,,359,0.46107998490333557,,0.0
5755,,359,0.45015594363212585,,0.0
5756,,359,0.37915027141571045,,0.1333160400390625
5757,,359,0.3479312062263489,,0.07415771484375
5758,,359,0.47300320863723755,,0.0073699951171875
5759,,359,0.35620617866516113,,0.0608062744140625
,1436,359,,0.28261953592300415,0.2125701904296875
,1437,359,,0.5514038801193237,0.0781402587890625
,1438,359,,0.38063234090805054,0.0941925048828125
,1439,359,,0.22467592358589172,0.27587890625
5760,,360,0.4545977711677551,,0.0
5761,,360,0.4911381006240845,,0.0
5762,,360,0.5011876225471497,,3.0517578125e-05
5763,,360,0.5312371253967285,,0.0018768310546875
5764,,360,0.39099621772766113,,0.5993804931640625
5765,,360,0.3164316713809967,,0.378448486328125
5766,,360,0.45522481203079224,,0.01556396484375
5767,,360,0.4159701466560364,,0.067230224609375
5768,,360,0.5516726970672607,,1.52587890625e-05
5769,,360,0.6034619212150574,,0.0
5770,,360,0.6183376312255859,,0.0
5771,,360,0.38709592819213867,,0.0
5772,,360,0.3546839952468872,,0.1333160400390625
5773,,360,0.4486415386199951,,0.07415771484375
5774,,360,0.5271947979927063,,0.0073699951171875
5775,,360,0.4564402401447296,,0.0608062744140625
,1440,360,,0.21892128884792328,0.2125701904296875
,1441,360,,0.44503331184387207,0.0781402587890625
,1442,360,,0.3285961151123047,0.0941925048828125
,1443,360,,0.3785690665245056,0.27587890625
5776,,361,0.5751703977584839,,0.0
5777,,361,0.5090028047561646,,0.0
5778,,361,0.33215150237083435,,3.0517578125e-05
5779,,361,0.4472399353981018,,0.0018768310546875
5780,,361,0.39246055483818054,,0.5993804931640625
5781,,361,0.3463883399963379,,0.378448486328125
5782,,361,0.4214698076248169,,0.01556396484375
5783,,361,0.4387039542198181,,0.067230224609375
5784,,361,0.43398430943489075,,1.52587890625e-05
5785,,361,0.42691636085510254,,0.0
5786,,361,0.5434055328369141,,0.0
5787,,361,0.537311315536499,,0.0
5788,,361,0.36648017168045044,,0.1333160400390625
5789,,361,0.3554539084434509,,0.07415771484375
5790,,361,0.4498823285102844,,0.0073699951171875
5791,,361,0.35201090574264526,,0.0608062744140625
,1444,361,,0.22335603833198547,0.2125701904296875
,1445,361,,0.34584739804267883,0.0781402587890625
,1446,361,,0.5313882827758789,0.0941925048828125
,1447,361,,0.32644200325012207,0.27587890625
5792,,362,0.3835097551345825,,0.0
5793,,362,0.4750584363937378,,0.0
5794,,362,0.5166248083114624,,3.0517578125e-05
5795,,362,0.5637307167053223,,0.0018768310546875
5796,,362,0.3609715402126312,,0.5993804931640625
5797,,362,0.3399858772754669,,0.378448486328125
5798,,362,0.45431259274482727,,0.01556396484375
5799,,362,0.4780610501766205,,0.067230224609375
5800,,362,0.6417977213859558,,1.52587890625e-05
5801,,362,0.43736734986305237,,0.0
5802,,362,0.38291195034980774,,0.0
5803,,362,0.4560990035533905,,0.0
5804,,362,0.4282022714614868,,0.1333160400390625
5805,,362,0.43277060985565186,,0.07415771484375
5806,,362,0.5880171060562134,,0.0073699951171875
5807,,362,0.4363013505935669,,0.0608062744140625
,1448,362,,0.27796781063079834,0.2125701904296875
,1449,362,,0.459362268447876,0.0781402587890625
,1450,362,,0.38520726561546326,0.0941925048828125
,1451,362,,0.20254892110824585,0.27587890625
5808,,363,0.4002534747123718,,0.0
5809,,363,0.418391615152359,,0.0
5810,,363,0.5014777779579163,,3.0517578125e-05
5811,,363,0.5223312377929688,,0.0018768310546875
5812,,363,0.304956316947937,,0.5993804931640625
5813,,363,0.34320586919784546,,0.378448486328125
5814,,363,0.5742150545120239,,0.01556396484375
5815,,363,0.4473981261253357,,0.067230224609375
5816,,363,0.5847554206848145,,1.52587890625e-05
5817,,363,0.48856300115585327,,0.0
5818,,363,0.5623376369476318,,0.0
5819,,363,0.6564708948135376,,0.0
5820,,363,0.3681597113609314,,0.1333160400390625
5821,,363,0.40551501512527466,,0.07415771484375
5822,,363,0.4410022795200348,,0.0073699951171875
5823,,363,0.5162509083747864,,0.0608062744140625
,1452,363,,0.3357735872268677,0.2125701904296875
,1453,363,,0.3001820743083954,0.0781402587890625
,1454,363,,0.33134573698043823,0.0941925048828125
,1455,363,,0.2873930335044861,0.27587890625
5824,,364,0.5230187773704529,,0.0
5825,,364,0.3993365168571472,,0.0
5826,,364,0.5647255182266235,,3.0517578125e-05
5827,,364,0.49941176176071167,,0.0018768310546875
5828,,364,0.33761462569236755,,0.5993804931640625
5829,,364,0.3146153688430786,,0.378448486328125
5830,,364,0.4038727581501007,,0.01556396484375
5831,,364,0.4621730446815491,,0.067230224609375
5832,,364,0.48757266998291016,,1.52587890625e-05
5833,,364,0.6117576956748962,,0.0
5834,,364,0.43737542629241943,,0.0
5835,,364,0.4371818006038666,,0.0
5836,,364,0.37319663166999817,,0.1333160400390625
5837,,364,0.37645313143730164,,0.07415771484375
5838,,364,0.47511470317840576,,0.0073699951171875
5839,,364,0.4609118103981018,,0.0608062744140625
,1456,364,,0.30762484669685364,0.2125701904296875
,1457,364,,0.47692418098449707,0.0781402587890625
,1458,364,,0.5952271223068237,0.0941925048828125
,1459,364,,0.28037190437316895,0.27587890625
5840,,365,0.4982980489730835,,0.0
5841,,365,0.49619585275650024,,0.0
5842,,365,0.39974987506866455,,3.0517578125e-05
5843,,365,0.501410961151123,,0.0018768310546875
5844,,365,0.35459309816360474,,0.5993804931640625
5845,,365,0.3642163872718811,,0.378448486328125
5846,,365,0.5703849792480469,,0.01556396484375
5847,,365,0.38562554121017456,,0.067230224609375
5848,,365,0.5633353590965271,,1.52587890625e-05
5849,,365,0.5188373923301697,,0.0
5850,,365,0.4016541838645935,,0.0
5851,,365,0.42815136909484863,,0.0
5852,,365,0.26949405670166016,,0.1333160400390625
5853,,365,0.4548221230506897,,0.07415771484375
5854,,365,0.4367540776729584,,0.0073699951171875
5855,,365,0.3020660877227783,,0.0608062744140625
,1460,365,,0.3316543698310852,0.2125701904296875
,1461,365,,0.4415687918663025,0.0781402587890625
,1462,365,,0.376226007938385,0.0941925048828125
,1463,365,,0.2173842191696167,0.27587890625
5856,,366,0.5265362858772278,,0.0
5857,,366,0.4975597560405731,,0.0
5858,,366,0.5393467545509338,,3.0517578125e-05
5859,,366,0.556899905204773,,0.0018768310546875
5860,,366,0.34265008568763733,,0.5993804931640625
5861,,366,0.33721932768821716,,0.378448486328125
5862,,366,0.5708999633789062,,0.01556396484375
5863,,366,0.3061333894729614,,0.067230224609375
5864,,366,0.5181016325950623,,1.52587890625e-05
5865,,366,0.5037158131599426,,0.0
5866,,366,0.4593392610549927,,0.0
5867,,366,0.6493971347808838,,0.0
5868,,366,0.3070724606513977,,0.1333160400390625
5869,,366,0.33569973707199097,,0.07415771484375
5870,,366,0.4617573320865631,,0.0073699951171875
5871,,366,0.4382340908050537,,0.0608062744140625
,1464,366,,0.23888741433620453,0.2125701904296875
,1465,366,,0.45444974303245544,0.0781402587890625
,1466,366,,0.3023228645324707,0.0941925048828125
,1467,366,,0.20601202547550201,0.27587890625
5872,,367,0.4129166007041931,,0.0
5873,,367,0.4446733593940735,,0.0
5874,,367,0.46100592613220215,,3.0517578125e-05
5875,,367,0.6904652714729309,,0.0018768310546875
5876,,367,0.3660450279712677,,0.5993804931640625
5877,,367,0.292799174785614,,0.378448486328125
5878,,367,0.4142738878726959,,0.01556396484375
5879,,367,0.40526282787323,,0.067230224609375
5880,,367,0.3119019865989685,,1.52587890625e-05
5881,,367,0.5444173812866211,,0.0
5882,,367,0.47309398651123047,,0.0
5883,,367,0.6000012159347534,,0.0
5884,,367,0.4399053454399109,,0.1333160400390625
5885,,367,0.272392213344574,,0.07415771484375
5886,,367,0.6221932768821716,,0.0073699951171875
5887,,367,0.39816945791244507,,0.0608062744140625
,1468,367,,0.2678133547306061,0.2125701904296875
,1469,367,,0.32042038440704346,0.0781402587890625
,1470,367,,0.4907360076904297,0.0941925048828125
,1471,367,,0.15915223956108093,0.27587890625
5888,,368,0.6597369909286499,,0.0
5889,,368,0.4190053939819336,,0.0
5890,,368,0.6112818717956543,,3.0517578125e-05
5891,,368,0.49349719285964966,,0.0018768310546875
5892,,368,0.36282166838645935,,0.5993804931640625
5893,,368,0.3255999982357025,,0.378448486328125
5894,,368,0.490531325340271,,0.01556396484375
5895,,368,0.35599958896636963,,0.067230224609375
5896,,368,0.49796056747436523,,1.52587890625e-05
5897,,368,0.42338329553604126,,0.0
5898,,368,0.40460044145584106,,0.0
5899,,368,0.493582546710968,,0.0
5900,,368,0.43871575593948364,,0.1333160400390625
5901,,368,0.4350661337375641,,0.07415771484375
5902,,368,0.5462093353271484,,0.0073699951171875
5903,,368,0.30695807933807373,,0.0608062744140625
,1472,368,,0.3279029130935669,0.2125701904296875
,1473,368,,0.6173017024993896,0.0781402587890625
,1474,368,,0.4134577214717865,0.0941925048828125
,1475,368,,0.1468018889427185,0.27587890625
5904,,369,0.44539183378219604,,0.0
5905,,369,0.4147397577762604,,0.0
5906,,369,0.5628969073295593,,3.0517578125e-05
5907,,369,0.4645789861679077,,0.0018768310546875
5908,,369,0.40329796075820923,,0.5993804931640625
5909,,369,0.32006555795669556,,0.378448486328125
5910,,369,0.47577354311943054,,0.01556396484375
5911,,369,0.40486058592796326,,0.067230224609375
5912,,369,0.4558221697807312,,1.52587890625e-05
5913,,369,0.4434632956981659,,0.0
5914,,369,0.3051862120628357,,0.0
5915,,369,0.5327028632164001,,0.0
5916,,369,0.31049394607543945,,0.1333160400390625
5917,,369,0.42630258202552795,,0.07415771484375
5918,,369,0.6081657409667969,,0.0073699951171875
5919,,369,0.5071147680282593,,0.0608062744140625
,1476,369,,0.37482813000679016,0.2125701904296875
,1477,369,,0.5142442584037781,0.0781402587890625
,1478,369,,0.3952465057373047,0.0941925048828125
,1479,369,,0.19673390686511993,0.27587890625
5920,,370,0.45960646867752075,,0.0
5921,,370,0.3920251727104187,,0.0
5922,,370,0.3640897572040558,,3.0517578125e-05
5923,,370,0.38086798787117004,,0.0018768310546875
5924,,370,0.4073234498500824,,0.5993804931640625
5925,,370,0.3374975621700287,,0.378448486328125
5926,,370,0.5168392658233643,,0.01556396484375
5927,,370,0.4389095604419708,,0.067230224609375
5928,,370,0.5198680758476257,,1.52587890625e-05
5929,,370,0.568304181098938,,0.0
5930,,370,0.5151021480560303,,0.0
5931,,370,0.48383116722106934,,0.0
5932,,370,0.3615533113479614,,0.1333160400390625
5933,,370,0.5841421484947205,,0.07415771484375
5934,,370,0.4642481803894043,,0.0073699951171875
5935,,370,0.4643537402153015,,0.0608062744140625
,1480,370,,0.2835615873336792,0.2125701904296875
,1481,370,,0.5056662559509277,0.0781402587890625
,1482,370,,0.45247146487236023,0.0941925048828125
,1483,370,,0.2135619819164276,0.27587890625
5936,,371,0.32357093691825867,,0.0
5937,,371,0.47864657640457153,,0.0
5938,,371,0.45677775144577026,,3.0517578125e-05
5939,,371,0.5587528347969055,,0.0018768310546875
5940,,371,0.3549351692199707,,0.5993804931640625
5941,,371,0.32715335488319397,,0.378448486328125
5942,,371,0.4094049334526062,,0.01556396484375
5943,,371,0.4136534333229065,,0.067230224609375
5944,,371,0.5884573459625244,,1.52587890625e-05
5945,,371,0.470130056142807,,0.0
5946,,371,0.5343051552772522,,0.0
5947,,371,0.4531720280647278,,0.0
5948,,371,0.30858492851257324,,0.1333160400390625
5949,,371,0.5214256048202515,,0.07415771484375
5950,,371,0.49586302042007446,,0.0073699951171875
5951,,371,0.3932955861091614,,0.0608062744140625
,1484,371,,0.3112185299396515,0.2125701904296875
,1485,371,,0.4713292419910431,0.0781402587890625
,1486,371,,0.5352764129638672,0.0941925048828125
,1487,371,,0.3089348077774048,0.27587890625
5952,,372,0.5661607980728149,,0.0
5953,,372,0.5651535987854004,,0.0
5954,,372,0.49232807755470276,,3.0517578125e-05
5955,,372,0.5982475876808167,,0.0018768310546875
5956,,372,0.3927614986896515,,0.5993804931640625
5957,,372,0.3036124110221863,,0.378448486328125
5958,,372,0.3708900213241577,,0.01556396484375
5959,,372,0.46794164180755615,,0.067230224609375
5960,,372,0.45470738410949707,,1.52587890625e-05
5961,,372,0.5220495462417603,,0.0
5962,,372,0.537092924118042,,0.0
5963,,372,0.666388750076294,,0.0
5964,,372,0.45880231261253357,,0.1333160400390625
5965,,372,0.4257467985153198,,0.07415771484375
5966,,372,0.6133401393890381,,0.0073699951171875
5967,,372,0.4113263785839081,,0.0608062744140625
,1488,372,,0.29185551404953003,0.2125701904296875
,1489,372,,0.4307934045791626,0.0781402587890625
,1490,372,,0.5861884951591492,0.0941925048828125
,1491,372,,0.29166460037231445,0.27587890625
5968,,373,0.5303347110748291,,0.0
5969,,373,0.5061586499214172,,0.0
5970,,373,0.7409389019012451,,3.0517578125e-05
5971,,373,0.38261860609054565,,0.0018768310546875
5972,,373,0.4040437936782837,,0.5993804931640625
5973,,373,0.3290095329284668,,0.378448486328125
5974,,373,0.5189106464385986,,0.01556396484375
5975,,373,0.39474308490753174,,0.067230224609375
5976,,373,0.3745352327823639,,1.52587890625e-05
5977,,373,0.5622924566268921,,0.0
5978,,373,0.42637985944747925,,0.0
5979,,373,0.5711274743080139,,0.0
5980,,373,0.34808364510536194,,0.1333160400390625
5981,,373,0.4059848189353943,,0.07415771484375
5982,,373,0.4950801134109497,,0.0073699951171875
5983,,373,0.5411157608032227,,0.0608062744140625
,1492,373,,0.3172522485256195,0.2125701904296875
,1493,373,,0.370810866355896,0.0781402587890625
,1494,373,,0.19345596432685852,0.0941925048828125
,1495,373,,0.37318652868270874,0.27587890625
5984,,374,0.45810067653656006,,0.0
5985,,374,0.45810073614120483,,0.0
5986,,374,0.5084927082061768,,3.0517578125e-05
5987,,374,0.3913714289665222,,0.0018768310546875
5988,,374,0.37966933846473694,,0.5993804931640625
5989,,374,0.35007601976394653,,0.378448486328125
5990,,374,0.5153571367263794,,0.01556396484375
5991,,374,0.3767157196998596,,0.067230224609375
5992,,374,0.5590242147445679,,1.52587890625e-05
5993,,374,0.6629040241241455,,0.0
5994,,374,0.4441274404525757,,0.0
5995,,374,0.37747126817703247,,0.0
5996,,374,0.4943106770515442,,0.1333160400390625
5997,,374,0.44426000118255615,,0.07415771484375
5998,,374,0.5585830211639404,,0.0073699951171875
5999,,374,0.5412150621414185,,0.0608062744140625
,1496,374,,0.2494676113128662,0.2125701904296875
,1497,374,,0.3260711431503296,0.0781402587890625
,1498,374,,0.3883243203163147,0.0941925048828125
,1499,374,,0.26359260082244873,0.27587890625
6000,,375,0.5185205936431885,,0.0
6001,,375,0.40669190883636475,,0.0
6002,,375,0.37103527784347534,,3.0517578125e-05
6003,,375,0.5997809171676636,,0.0018768310546875
6004,,375,0.39659297466278076,,0.5993804931640625
6005,,375,0.3553159832954407,,0.378448486328125
6006,,375,0.42159298062324524,,0.01556396484375
6007,,375,0.2510091960430145,,0.067230224609375
6008,,375,0.5972219705581665,,1.52587890625e-05
6009,,375,0.4929734170436859,,0.0
6010,,375,0.5567681193351746,,0.0
6011,,375,0.5966781377792358,,0.0
6012,,375,0.4325662851333618,,0.1333160400390625
6013,,375,0.44563087821006775,,0.07415771484375
6014,,375,0.49865254759788513,,0.0073699951171875
6015,,375,0.4991374611854553,,0.0608062744140625
,1500,375,,0.22613604366779327,0.2125701904296875
,1501,375,,0.41799217462539673,0.0781402587890625
,1502,375,,0.4482042193412781,0.0941925048828125
,1503,375,,0.2373982071876526,0.27587890625
6016,,376,0.5485074520111084,,0.0
6017,,376,0.5791709423065186,,0.0
6018,,376,0.3979565501213074,,3.0517578125e-05
6019,,376,0.456714391708374,,0.0018768310546875
6020,,376,0.3523227572441101,,0.5993804931640625
6021,,376,0.3292446732521057,,0.378448486328125
6022,,376,0.44428694248199463,,0.01556396484375
6023,,376,0.331645667552948,,0.067230224609375
6024,,376,0.5910946130752563,,1.52587890625e-05
6025,,376,0.485085129737854,,0.0
6026,,376,0.5181518197059631,,0.0
6027,,376,0.513178288936615,,0.0
6028,,376,0.3411889970302582,,0.1333160400390625
6029,,376,0.5336856842041016,,0.07415771484375
6030,,376,0.6070328950881958,,0.0073699951171875
6031,,376,0.49226096272468567,,0.0608062744140625
,1504,376,,0.25704336166381836,0.2125701904296875
,1505,376,,0.5251984596252441,0.0781402587890625
,1506,376,,0.35968372225761414,0.0941925048828125
,1507,376,,0.19343620538711548,0.27587890625
6032,,377,0.46738529205322266,,0.0
6033,,377,0.496620774269104,,0.0
6034,,377,0.4393664002418518,,3.0517578125e-05
6035,,377,0.33870142698287964,,0.0018768310546875
6036,,377,0.34450000524520874,,0.5993804931640625
6037,,377,0.27949032187461853,,0.378448486328125
6038,,377,0.4227102994918823,,0.01556396484375
6039,,377,0.3964623808860779,,0.067230224609375
6040,,377,0.4079289138317108,,1.52587890625e-05
6041,,377,0.5121176838874817,,0.0
6042,,377,0.536788821220398,,0.0
6043,,377,0.4351610243320465,,0.0
6044,,377,0.45301544666290283,,0.1333160400390625
6045,,377,0.44546207785606384,,0.07415771484375
6046,,377,0.5296133160591125,,0.0073699951171875
6047,,377,0.5156710147857666,,0.0608062744140625
,1508,377,,0.3582156002521515,0.2125701904296875
,1509,377,,0.46911758184432983,0.0781402587890625
,1510,377,,0.4716843068599701,0.0941925048828125
,1511,377,,0.19570809602737427,0.27587890625
6048,,378,0.531109094619751,,0.0
6049,,378,0.47384190559387207,,0.0
6050,,378,0.6785825490951538,,3.0517578125e-05
6051,,378,0.4175117313861847,,0.0018768310546875
6052,,378,0.3202551603317261,,0.5993804931640625
6053,,378,0.3067895174026489,,0.378448486328125
6054,,378,0.42713743448257446,,0.01556396484375
6055,,378,0.5268461108207703,,0.067230224609375
6056,,378,0.4529987573623657,,1.52587890625e-05
6057,,378,0.6121164560317993,,0.0
6058,,378,0.405856192111969,,0.0
6059,,378,0.5695055723190308,,0.0
6060,,378,0.3626639246940613,,0.1333160400390625
6061,,378,0.39435723423957825,,0.07415771484375
6062,,378,0.5406683683395386,,0.0073699951171875
6063,,378,0.3369494676589966,,0.0608062744140625
,1512,378,,0.2601459324359894,0.2125701904296875
,1513,378,,0.3372349739074707,0.0781402587890625
,1514,378,,0.44355830550193787,0.0941925048828125
,1515,378,,0.10469692945480347,0.27587890625
6064,,379,0.5213398933410645,,0.0
6065,,379,0.36111244559288025,,0.0
6066,,379,0.4053041338920593,,3.0517578125e-05
6067,,379,0.6255097389221191,,0.0018768310546875
6068,,379,0.3432459235191345,,0.5993804931640625
6069,,379,0.32979172468185425,,0.378448486328125
6070,,379,0.45129305124282837,,0.01556396484375
6071,,379,0.5927483439445496,,0.067230224609375
6072,,379,0.6268916726112366,,1.52587890625e-05
6073,,379,0.48628631234169006,,0.0
6074,,379,0.5211275815963745,,0.0
6075,,379,0.47105300426483154,,0.0
6076,,379,0.363503634929657,,0.1333160400390625
6077,,379,0.47272735834121704,,0.07415771484375
6078,,379,0.5792709589004517,,0.0073699951171875
6079,,379,0.450920045375824,,0.0608062744140625
,1516,379,,0.3408503234386444,0.2125701904296875
,1517,379,,0.44022029638290405,0.0781402587890625
,1518,379,,0.4585876166820526,0.0941925048828125
,1519,379,,0.12939462065696716,0.27587890625
6080,,380,0.42587029933929443,,0.0
6081,,380,0.3016203045845032,,0.0
6082,,380,0.5457887053489685,,3.0517578125e-05
6083,,380,0.5215938091278076,,0.0018768310546875
6084,,380,0.36725127696990967,,0.5993804931640625
6085,,380,0.3084663152694702,,0.378448486328125
6086,,380,0.4042825698852539,,0.01556396484375
6087,,380,0.40190279483795166,,0.067230224609375
6088,,380,0.5172088742256165,,1.52587890625e-05
6089,,380,0.553270697593689,,0.0
6090,,380,0.6578338146209717,,0.0
6091,,380,0.48680561780929565,,0.0
6092,,380,0.3320598304271698,,0.1333160400390625
6093,,380,0.3599117696285248,,0.07415771484375
6094,,380,0.5107460618019104,,0.0073699951171875
6095,,380,0.4266824722290039,,0.0608062744140625
,1520,380,,0.34723225235939026,0.2125701904296875
,1521,380,,0.44790905714035034,0.0781402587890625
,1522,380,,0.45922625064849854,0.0941925048828125
,1523,380,,0.20356813073158264,0.27587890625
6096,,381,0.5197422504425049,,0.0
6097,,381,0.5917909145355225,,0.0
6098,,381,0.5418195724487305,,3.0517578125e-05
6099,,381,0.4871253967285156,,0.0018768310546875
6100,,381,0.3650616407394409,,0.5993804931640625
6101,,381,0.3525465130805969,,0.378448486328125
6102,,381,0.5242794752120972,,0.01556396484375
6103,,381,0.4058607220649719,,0.067230224609375
6104,,381,0.5285904407501221,,1.52587890625e-05
6105,,381,0.4692666828632355,,0.0
6106,,381,0.4181155860424042,,0.0
6107,,381,0.4139455556869507,,0.0
6108,,381,0.4046090841293335,,0.1333160400390625
6109,,381,0.43913137912750244,,0.07415771484375
6110,,381,0.3885020911693573,,0.0073699951171875
6111,,381,0.3321530222892761,,0.0608062744140625
,1524,381,,0.2539917826652527,0.2125701904296875
,1525,381,,0.3923145830631256,0.0781402587890625
,1526,381,,0.38831526041030884,0.0941925048828125
,1527,381,,0.13599666953086853,0.27587890625
6112,,382,0.506266713142395,,0.0
6113,,382,0.5389401316642761,,0.0
6114,,382,0.4841870069503784,,3.0517578125e-05
6115,,382,0.5913218855857849,,0.0018768310546875
6116,,382,0.3552699387073517,,0.5993804931640625
6117,,382,0.30681824684143066,,0.378448486328125
6118,,382,0.5110092163085938,,0.01556396484375
6119,,382,0.6541615128517151,,0.067230224609375
6120,,382,0.44086921215057373,,1.52587890625e-05
6121,,382,0.629304051399231,,0.0
6122,,382,0.4550761878490448,,0.0
6123,,382,0.443886935710907,,0.0
6124,,382,0.46628379821777344,,0.1333160400390625
6125,,382,0.46668633818626404,,0.07415771484375
6126,,382,0.504896342754364,,0.0073699951171875
6127,,382,0.4229204058647156,,0.0608062744140625
,1528,382,,0.36986368894577026,0.2125701904296875
,1529,382,,0.3783569633960724,0.0781402587890625
,1530,382,,0.4226110577583313,0.0941925048828125
,1531,382,,0.18017931282520294,0.27587890625
6128,,383,0.4764077067375183,,0.0
6129,,383,0.44878673553466797,,0.0
6130,,383,0.4617280960083008,,3.0517578125e-05
6131,,383,0.48971837759017944,,0.0018768310546875
6132,,383,0.33056408166885376,,0.5993804931640625
6133,,383,0.35922884941101074,,0.378448486328125
6134,,383,0.48228463530540466,,0.01556396484375
6135,,383,0.5324023962020874,,0.067230224609375
6136,,383,0.5121632814407349,,1.52587890625e-05
6137,,383,0.7170109748840332,,0.0
6138,,383,0.43873026967048645,,0.0
6139,,383,0.5529425144195557,,0.0
6140,,383,0.4344720244407654,,0.1333160400390625
6141,,383,0.2908836901187897,,0.07415771484375
6142,,383,0.5140385627746582,,0.0073699951171875
6143,,383,0.4968903064727783,,0.0608062744140625
,1532,383,,0.41398975253105164,0.2125701904296875
,1533,383,,0.4441308379173279,0.0781402587890625
,1534,383,,0.47374141216278076,0.0941925048828125
,1535,383,,0.17807628214359283,0.27587890625
6144,,384,0.39295339584350586,,0.0
6145,,384,0.5185850858688354,,0.0
6146,,384,0.5947344303131104,,3.0517578125e-05
6147,,384,0.46245235204696655,,0.0018768310546875
6148,,384,0.36123988032341003,,0.5993804931640625
6149,,384,0.2983952760696411,,0.378448486328125
6150,,384,0.5895333290100098,,0.01556396484375
6151,,384,0.3563370406627655,,0.067230224609375
6152,,384,0.4546763300895691,,1.52587890625e-05
6153,,384,0.4386367201805115,,0.0
6154,,384,0.579416036605835,,0.0
6155,,384,0.5494303703308105,,0.0
6156,,384,0.4093751907348633,,0.1333160400390625
6157,,384,0.47399288415908813,,0.07415771484375
6158,,384,0.5730333924293518,,0.0073699951171875
6159,,384,0.3910003900527954,,0.0608062744140625
,1536,384,,0.2949627637863159,0.2125701904296875
,1537,384,,0.5244503021240234,0.0781402587890625
,1538,384,,0.3859346807003021,0.0941925048828125
,1539,384,,0.28350669145584106,0.27587890625
6160,,385,0.4726129174232483,,0.0
6161,,385,0.6325163245201111,,0.0
6162,,385,0.5082975625991821,,3.0517578125e-05
6163,,385,0.39979860186576843,,0.0018768310546875
6164,,385,0.44792142510414124,,0.5993804931640625
6165,,385,0.30790653824806213,,0.378448486328125
6166,,385,0.3797425627708435,,0.01556396484375
6167,,385,0.3452571630477905,,0.067230224609375
6168,,385,0.38633012771606445,,1.52587890625e-05
6169,,385,0.6252526044845581,,0.0
6170,,385,0.5282174348831177,,0.0
6171,,385,0.41675660014152527,,0.0
6172,,385,0.3367173671722412,,0.1333160400390625
6173,,385,0.33018559217453003,,0.07415771484375
6174,,385,0.40963515639305115,,0.0073699951171875
6175,,385,0.4094201922416687,,0.0608062744140625
,1540,385,,0.4704644978046417,0.2125701904296875
,1541,385,,0.4279349446296692,0.0781402587890625
,1542,385,,0.522193431854248,0.0941925048828125
,1543,385,,0.36313313245773315,0.27587890625
6176,,386,0.46636706590652466,,0.0
6177,,386,0.5255078077316284,,0.0
6178,,386,0.4954760670661926,,3.0517578125e-05
6179,,386,0.43091416358947754,,0.0018768310546875
6180,,386,0.3785037398338318,,0.5993804931640625
6181,,386,0.341079443693161,,0.378448486328125
6182,,386,0.4976665675640106,,0.01556396484375
6183,,386,0.42148321866989136,,0.067230224609375
6184,,386,0.5530060529708862,,1.52587890625e-05
6185,,386,0.5815801620483398,,0.0
6186,,386,0.5357727408409119,,0.0
6187,,386,0.4279227554798126,,0.0
6188,,386,0.37469562888145447,,0.1333160400390625
6189,,386,0.5086371898651123,,0.07415771484375
6190,,386,0.5018625259399414,,0.0073699951171875
6191,,386,0.41345125436782837,,0.0608062744140625
,1544,386,,0.28419288992881775,0.2125701904296875
,1545,386,,0.4249359369277954,0.0781402587890625
,1546,386,,0.46214815974235535,0.0941925048828125
,1547,386,,0.324504017829895,0.27587890625
6192,,387,0.5271961688995361,,0.0
6193,,387,0.37651002407073975,,0.0
6194,,387,0.471280038356781,,3.0517578125e-05
6195,,387,0.40841755270957947,,0.0018768310546875
6196,,387,0.3730594515800476,,0.5993804931640625
6197,,387,0.29939568042755127,,0.378448486328125
6198,,387,0.5287985801696777,,0.01556396484375
6199,,387,0.35444366931915283,,0.067230224609375
6200,,387,0.5210069417953491,,1.52587890625e-05
6201,,387,0.45508497953414917,,0.0
6202,,387,0.49901488423347473,,0.0
6203,,387,0.5323200225830078,,0.0
6204,,387,0.3931248188018799,,0.1333160400390625
6205,,387,0.4497717022895813,,0.07415771484375
6206,,387,0.45087966322898865,,0.0073699951171875
6207,,387,0.38399362564086914,,0.0608062744140625
,1548,387,,0.39815324544906616,0.2125701904296875
,1549,387,,0.41534423828125,0.0781402587890625
,1550,387,,0.3190354108810425,0.0941925048828125
,1551,387,,0.14815300703048706,0.27587890625
6208,,388,0.4815903902053833,,0.0
6209,,388,0.4355176091194153,,0.0
6210,,388,0.5186520218849182,,3.0517578125e-05
6211,,388,0.44471636414527893,,0.0018768310546875
6212,,388,0.33268964290618896,,0.5993804931640625
6213,,388,0.36362940073013306,,0.378448486328125
6214,,388,0.6246472597122192,,0.01556396484375
6215,,388,0.321571946144104,,0.067230224609375
6216,,388,0.4131491482257843,,1.52587890625e-05
6217,,388,0.5010454654693604,,0.0
6218,,388,0.6241812705993652,,0.0
6219,,388,0.477603554725647,,0.0
6220,,388,0.37486544251441956,,0.1333160400390625
6221,,388,0.41347256302833557,,0.07415771484375
6222,,388,0.4274815618991852,,0.0073699951171875
6223,,388,0.5876201391220093,,0.0608062744140625
,1552,388,,0.19039802253246307,0.2125701904296875
,1553,388,,0.45960867404937744,0.0781402587890625
,1554,388,,0.4925118684768677,0.0941925048828125
,1555,388,,0.29424846172332764,0.27587890625
6224,,389,0.3598969578742981,,0.0
6225,,389,0.6182891130447388,,0.0
6226,,389,0.5432232022285461,,3.0517578125e-05
6227,,389,0.6312112212181091,,0.0018768310546875
6228,,389,0.36817479133605957,,0.5993804931640625
6229,,389,0.321496844291687,,0.378448486328125
6230,,389,0.39195746183395386,,0.01556396484375
6231,,389,0.37986186146736145,,0.067230224609375
6232,,389,0.49460291862487793,,1.52587890625e-05
6233,,389,0.48130905628204346,,0.0
6234,,389,0.6103304028511047,,0.0
6235,,389,0.6025424599647522,,0.0
6236,,389,0.42874401807785034,,0.1333160400390625
6237,,389,0.4750787913799286,,0.07415771484375
6238,,389,0.5081363320350647,,0.0073699951171875
6239,,389,0.4451873302459717,,0.0608062744140625
,1556,389,,0.32078272104263306,0.2125701904296875
,1557,389,,0.3280126452445984,0.0781402587890625
,1558,389,,0.483309805393219,0.0941925048828125
,1559,389,,0.20542487502098083,0.27587890625
6240,,390,0.466502845287323,,0.0
6241,,390,0.4152231812477112,,0.0
6242,,390,0.570610761642456,,3.0517578125e-05
6243,,390,0.538554310798645,,0.0018768310546875
6244,,390,0.3975479006767273,,0.5993804931640625
6245,,390,0.31484270095825195,,0.378448486328125
6246,,390,0.39505884051322937,,0.01556396484375
6247,,390,0.4630969762802124,,0.067230224609375
6248,,390,0.4208959937095642,,1.52587890625e-05
6249,,390,0.5562610626220703,,0.0
6250,,390,0.4887661933898926,,0.0
6251,,390,0.38116514682769775,,0.0
6252,,390,0.43414506316185,,0.1333160400390625
6253,,390,0.4824022054672241,,0.07415771484375
6254,,390,0.3438880443572998,,0.0073699951171875
6255,,390,0.34215307235717773,,0.0608062744140625
,1560,390,,0.24191835522651672,0.2125701904296875
,1561,390,,0.5381817817687988,0.0781402587890625
,1562,390,,0.4478076696395874,0.0941925048828125
,1563,390,,0.1382722556591034,0.27587890625
6256,,391,0.5704030990600586,,0.0
6257,,391,0.3967558443546295,,0.0
6258,,391,0.4644817113876343,,3.0517578125e-05
6259,,391,0.4407644271850586,,0.0018768310546875
6260,,391,0.3542073369026184,,0.5993804931640625
6261,,391,0.35312384366989136,,0.378448486328125
6262,,391,0.5462110042572021,,0.01556396484375
6263,,391,0.47438162565231323,,0.067230224609375
6264,,391,0.5966481566429138,,1.52587890625e-05
6265,,391,0.5674217939376831,,0.0
6266,,391,0.3662063479423523,,0.0
6267,,391,0.4520995616912842,,0.0
6268,,391,0.5158650875091553,,0.1333160400390625
6269,,391,0.47374409437179565,,0.07415771484375
6270,,391,0.5185995101928711,,0.0073699951171875
6271,,391,0.5056478977203369,,0.0608062744140625
,1564,391,,0.3041017949581146,0.2125701904296875
,1565,391,,0.31375959515571594,0.0781402587890625
,1566,391,,0.3877275288105011,0.0941925048828125
,1567,391,,0.2290169596672058,0.27587890625
6272,,392,0.5014171004295349,,0.0
6273,,392,0.41629478335380554,,0.0
6274,,392,0.45612218976020813,,3.0517578125e-05
6275,,392,0.5961470603942871,,0.0018768310546875
6276,,392,0.34257420897483826,,0.5993804931640625
6277,,392,0.30120450258255005,,0.378448486328125
6278,,392,0.533176600933075,,0.01556396484375
6279,,392,0.4571930766105652,,0.067230224609375
6280,,392,0.472348690032959,,1.52587890625e-05
6281,,392,0.509393036365509,,0.0
6282,,392,0.5711380243301392,,0.0
6283,,392,0.4555771052837372,,0.0
6284,,392,0.3464914858341217,,0.1333160400390625
6285,,392,0.41775327920913696,,0.07415771484375
6286,,392,0.6216745376586914,,0.0073699951171875
6287,,392,0.4546996057033539,,0.0608062744140625
,1568,392,,0.31147727370262146,0.2125701904296875
,1569,392,,0.4043407440185547,0.0781402587890625
,1570,392,,0.3297281265258789,0.0941925048828125
,1571,392,,0.218134343624115,0.27587890625
6288,,393,0.4752119779586792,,0.0
6289,,393,0.6293952465057373,,0.0
6290,,393,0.39881187677383423,,3.0517578125e-05
6291,,393,0.4543830454349518,,0.0018768310546875
6292,,393,0.3826271891593933,,0.5993804931640625
6293,,393,0.34534120559692383,,0.378448486328125
6294,,393,0.45847630500793457,,0.01556396484375
6295,,393,0.28766846656799316,,0.067230224609375
6296,,393,0.5196295380592346,,1.52587890625e-05
6297,,393,0.4387272894382477,,0.0
6298,,393,0.4979245364665985,,0.0
6299,,393,0.4993700385093689,,0.0
6300,,393,0.3678674101829529,,0.1333160400390625
6301,,393,0.5063949823379517,,0.07415771484375
6302,,393,0.5811872482299805,,0.0073699951171875
6303,,393,0.438137412071228,,0.0608062744140625
,1572,393,,0.30181705951690674,0.2125701904296875
,1573,393,,0.42889338731765747,0.0781402587890625
,1574,393,,0.382686972618103,0.0941925048828125
,1575,393,,0.3229759931564331,0.27587890625
6304,,394,0.5479252338409424,,0.0
6305,,394,0.41470569372177124,,0.0
6306,,394,0.553547739982605,,3.0517578125e-05
6307,,394,0.42130163311958313,,0.0018768310546875
6308,,394,0.35002601146698,,0.5993804931640625
6309,,394,0.30194711685180664,,0.378448486328125
6310,,394,0.4551438093185425,,0.01556396484375
6311,,394,0.553565263748169,,0.067230224609375
6312,,394,0.4569139778614044,,1.52587890625e-05
6313,,394,0.5758666396141052,,0.0
6314,,394,0.5445221662521362,,0.0
6315,,394,0.506285548210144,,0.0
6316,,394,0.45173677802085876,,0.1333160400390625
6317,,394,0.6021991968154907,,0.07415771484375
6318,,394,0.42680564522743225,,0.0073699951171875
6319,,394,0.39241939783096313,,0.0608062744140625
,1576,394,,0.20437827706336975,0.2125701904296875
,1577,394,,0.37777620553970337,0.0781402587890625
,1578,394,,0.30485326051712036,0.0941925048828125
,1579,394,,0.3244541883468628,0.27587890625
6320,,395,0.44888219237327576,,0.0
6321,,395,0.42272791266441345,,0.0
6322,,395,0.506421685218811,,3.0517578125e-05
6323,,395,0.48390915989875793,,0.0018768310546875
6324,,395,0.3585149645805359,,0.5993804931640625
6325,,395,0.2856306731700897,,0.378448486328125
6326,,395,0.4391876459121704,,0.01556396484375
6327,,395,0.4295647144317627,,0.067230224609375
6328,,395,0.5520285367965698,,1.52587890625e-05
6329,,395,0.519312858581543,,0.0
6330,,395,0.37051627039909363,,0.0
6331,,395,0.5288445949554443,,0.0
6332,,395,0.27836501598358154,,0.1333160400390625
6333,,395,0.5218657851219177,,0.07415771484375
6334,,395,0.42721396684646606,,0.0073699951171875
6335,,395,0.4043956696987152,,0.0608062744140625
,1580,395,,0.24530410766601562,0.2125701904296875
,1581,395,,0.4422352910041809,0.0781402587890625
,1582,395,,0.4979321360588074,0.0941925048828125
,1583,395,,0.1895248293876648,0.27587890625
6336,,396,0.4012998938560486,,0.0
6337,,396,0.5058103203773499,,0.0
6338,,396,0.4128768742084503,,3.0517578125e-05
6339,,396,0.4007555842399597,,0.0018768310546875
6340,,396,0.38659489154815674,,0.5993804931640625
6341,,396,0.31990379095077515,,0.378448486328125
6342,,396,0.5002120733261108,,0.01556396484375
6343,,396,0.480736643075943,,0.067230224609375
6344,,396,0.3815869688987732,,1.52587890625e-05
6345,,396,0.49434179067611694,,0.0
6346,,396,0.38827764987945557,,0.0
6347,,396,0.3890199065208435,,0.0
6348,,396,0.3559432923793793,,0.1333160400390625
6349,,396,0.47381556034088135,,0.07415771484375
6350,,396,0.5208849906921387,,0.0073699951171875
6351,,396,0.47561806440353394,,0.0608062744140625
,1584,396,,0.2426578402519226,0.2125701904296875
,1585,396,,0.3451045751571655,0.0781402587890625
,1586,396,,0.42119312286376953,0.0941925048828125
,1587,396,,0.15096049010753632,0.27587890625
6352,,397,0.4721372723579407,,0.0
6353,,397,0.4956614077091217,,0.0
6354,,397,0.5025167465209961,,3.0517578125e-05
6355,,397,0.5367879271507263,,0.0018768310546875
6356,,397,0.3881015181541443,,0.5993804931640625
6357,,397,0.31396135687828064,,0.378448486328125
6358,,397,0.45889925956726074,,0.01556396484375
6359,,397,0.4302378296852112,,0.067230224609375
6360,,397,0.5278435945510864,,1.52587890625e-05
6361,,397,0.49514439702033997,,0.0
6362,,397,0.546139121055603,,0.0
6363,,397,0.5252816081047058,,0.0
6364,,397,0.32796576619148254,,0.1333160400390625
6365,,397,0.4169773757457733,,0.07415771484375
6366,,397,0.4804181456565857,,0.0073699951171875
6367,,397,0.4834866523742676,,0.0608062744140625
,1588,397,,0.26863893866539,0.2125701904296875
,1589,397,,0.3793795108795166,0.0781402587890625
,1590,397,,0.40421396493911743,0.0941925048828125
,1591,397,,0.150600865483284,0.27587890625
6368,,398,0.5302467346191406,,0.0
6369,,398,0.5042247772216797,,0.0
6370,,398,0.4562315046787262,,3.0517578125e-05
6371,,398,0.6373088359832764,,0.0018768310546875
6372,,398,0.39920753240585327,,0.5993804931640625
6373,,398,0.32068532705307007,,0.378448486328125
6374,,398,0.5395992994308472,,0.01556396484375
6375,,398,0.4542287290096283,,0.067230224609375
6376,,398,0.5339958667755127,,1.52587890625e-05
6377,,398,0.4618368148803711,,0.0
6378,,398,0.660657525062561,,0.0
6379,,398,0.5039059519767761,,0.0
6380,,398,0.43645817041397095,,0.1333160400390625
6381,,398,0.43733900785446167,,0.07415771484375
6382,,398,0.4547334909439087,,0.0073699951171875
6383,,398,0.38142216205596924,,0.0608062744140625
,1592,398,,0.3926960825920105,0.2125701904296875
,1593,398,,0.34062880277633667,0.0781402587890625
,1594,398,,0.28555378317832947,0.0941925048828125
,1595,398,,0.2298986315727234,0.27587890625
6384,,399,0.4163241982460022,,0.0
6385,,399,0.5192617177963257,,0.0
6386,,399,0.4436599612236023,,3.0517578125e-05
6387,,399,0.41400468349456787,,0.0018768310546875
6388,,399,0.4055402874946594,,0.5993804931640625
6389,,399,0.3150278329849243,,0.378448486328125
6390,,399,0.49795255064964294,,0.01556396484375
6391,,399,0.4063355326652527,,0.067230224609375
6392,,399,0.5095422267913818,,1.52587890625e-05
6393,,399,0.4707832336425781,,0.0
6394,,399,0.5956296920776367,,0.0
6395,,399,0.5015348792076111,,0.0
6396,,399,0.3458401560783386,,0.1333160400390625
6397,,399,0.47709619998931885,,0.07415771484375
6398,,399,0.4090845584869385,,0.0073699951171875
6399,,399,0.4952417314052582,,0.0608062744140625
,1596,399,,0.20927694439888,0.2125701904296875
,1597,399,,0.40711039304733276,0.0781402587890625
,1598,399,,0.342878520488739,0.0941925048828125
,1599,399,,0.17512190341949463,0.27587890625
6400,,400,0.5395016074180603,,0.0
6401,,400,0.5782902836799622,,0.0
6402,,400,0.4938698410987854,,3.0517578125e-05
6403,,400,0.3411968946456909,,0.0018768310546875
6404,,400,0.3373015820980072,,0.5993804931640625
6405,,400,0.3003310561180115,,0.378448486328125
6406,,400,0.5041688084602356,,0.01556396484375
6407,,400,0.4503747224807739,,0.067230224609375
6408,,400,0.5225903987884521,,1.52587890625e-05
6409,,400,0.5134578943252563,,0.0
6410,,400,0.4112739861011505,,0.0
6411,,400,0.5513145923614502,,0.0
6412,,400,0.42359843850135803,,0.1333160400390625
6413,,400,0.5877528786659241,,0.07415771484375
6414,,400,0.5749956369400024,,0.0073699951171875
6415,,400,0.5635149478912354,,0.0608062744140625
,1600,400,,0.32660409808158875,0.2125701904296875
,1601,400,,0.46581166982650757,0.0781402587890625
,1602,400,,0.23052164912223816,0.0941925048828125
,1603,400,,0.16222721338272095,0.27587890625
6416,,401,0.4204707145690918,,0.0
6417,,401,0.6594914197921753,,0.0
6418,,401,0.5554700493812561,,3.0517578125e-05
6419,,401,0.5478198528289795,,0.0018768310546875
6420,,401,0.3564301133155823,,0.5993804931640625
6421,,401,0.32417526841163635,,0.378448486328125
6422,,401,0.555924654006958,,0.01556396484375
6423,,401,0.4492601752281189,,0.067230224609375
6424,,401,0.5513197779655457,,1.52587890625e-05
6425,,401,0.5667873024940491,,0.0
6426,,401,0.44438403844833374,,0.0
6427,,401,0.619083046913147,,0.0
6428,,401,0.3530016839504242,,0.1333160400390625
6429,,401,0.35652220249176025,,0.07415771484375
6430,,401,0.4874753952026367,,0.0073699951171875
6431,,401,0.40075385570526123,,0.0608062744140625
,1604,401,,0.3196718990802765,0.2125701904296875
,1605,401,,0.470024973154068,0.0781402587890625
,1606,401,,0.45699143409729004,0.0941925048828125
,1607,401,,0.24121737480163574,0.27587890625
6432,,402,0.5754764080047607,,0.0
6433,,402,0.4825560450553894,,0.0
6434,,402,0.4816139042377472,,3.0517578125e-05
6435,,402,0.6326136589050293,,0.0018768310546875
6436,,402,0.42490166425704956,,0.5993804931640625
6437,,402,0.3231107294559479,,0.378448486328125
6438,,402,0.3750595450401306,,0.01556396484375
6439,,402,0.3619725704193115,,0.067230224609375
6440,,402,0.5985212922096252,,1.52587890625e-05
6441,,402,0.4741174578666687,,0.0
6442,,402,0.5055446624755859,,0.0
6443,,402,0.4138713777065277,,0.0
6444,,402,0.2967742085456848,,0.1333160400390625
6445,,402,0.44274845719337463,,0.07415771484375
6446,,402,0.3665143847465515,,0.0073699951171875
6447,,402,0.47031140327453613,,0.0608062744140625
,1608,402,,0.31070423126220703,0.2125701904296875
,1609,402,,0.5023506283760071,0.0781402587890625
,1610,402,,0.4875442385673523,0.0941925048828125
,1611,402,,0.37187206745147705,0.27587890625
6448,,403,0.5463672876358032,,0.0
6449,,403,0.49530187249183655,,0.0
6450,,403,0.3473546802997589,,3.0517578125e-05
6451,,403,0.5201379060745239,,0.0018768310546875
6452,,403,0.4029664993286133,,0.5993804931640625
6453,,403,0.35514917969703674,,0.378448486328125
6454,,403,0.6150047183036804,,0.01556396484375
6455,,403,0.5444865226745605,,0.067230224609375
6456,,403,0.4504629969596863,,1.52587890625e-05
6457,,403,0.3572430908679962,,0.0
6458,,403,0.5383191108703613,,0.0
6459,,403,0.4939116835594177,,0.0
6460,,403,0.38942956924438477,,0.1333160400390625
6461,,403,0.42443662881851196,,0.07415771484375
6462,,403,0.46409568190574646,,0.0073699951171875
6463,,403,0.4444652795791626,,0.0608062744140625
,1612,403,,0.25162243843078613,0.2125701904296875
,1613,403,,0.35354411602020264,0.0781402587890625
,1614,403,,0.48199838399887085,0.0941925048828125
,1615,403,,0.23061344027519226,0.27587890625
6464,,404,0.5428129434585571,,0.0
6465,,404,0.6300135850906372,,0.0
6466,,404,0.4105999767780304,,3.0517578125e-05
6467,,404,0.35375046730041504,,0.0018768310546875
6468,,404,0.37195566296577454,,0.5993804931640625
6469,,404,0.3461979031562805,,0.378448486328125
6470,,404,0.4952000677585602,,0.01556396484375
6471,,404,0.4545648694038391,,0.067230224609375
6472,,404,0.6413399577140808,,1.52587890625e-05
6473,,404,0.4337172508239746,,0.0
6474,,404,0.528132975101471,,0.0
6475,,404,0.4682420492172241,,0.0
6476,,404,0.42875486612319946,,0.1333160400390625
6477,,404,0.41923338174819946,,0.07415771484375
6478,,404,0.6202229261398315,,0.0073699951171875
6479,,404,0.4461178779602051,,0.0608062744140625
,1616,404,,0.27269065380096436,0.2125701904296875
,1617,404,,0.24365326762199402,0.0781402587890625
,1618,404,,0.5386231541633606,0.0941925048828125
,1619,404,,0.37895524501800537,0.27587890625
6480,,405,0.4108979105949402,,0.0
6481,,405,0.3837753236293793,,0.0
6482,,405,0.5253657102584839,,3.0517578125e-05
6483,,405,0.585868239402771,,0.0018768310546875
6484,,405,0.3270273208618164,,0.5993804931640625
6485,,405,0.29759281873703003,,0.378448486328125
6486,,405,0.4914063513278961,,0.01556396484375
6487,,405,0.4201488196849823,,0.067230224609375
6488,,405,0.36992132663726807,,1.52587890625e-05
6489,,405,0.3692055642604828,,0.0
6490,,405,0.35122522711753845,,0.0
6491,,405,0.5206384658813477,,0.0
6492,,405,0.26423418521881104,,0.1333160400390625
6493,,405,0.4035976827144623,,0.07415771484375
6494,,405,0.40496718883514404,,0.0073699951171875
6495,,405,0.49756768345832825,,0.0608062744140625
,1620,405,,0.29855310916900635,0.2125701904296875
,1621,405,,0.46471112966537476,0.0781402587890625
,1622,405,,0.5456417798995972,0.0941925048828125
,1623,405,,0.28446781635284424,0.27587890625
6496,,406,0.4806733727455139,,0.0
6497,,406,0.5301995277404785,,0.0
6498,,406,0.5362645387649536,,3.0517578125e-05
6499,,406,0.5553299784660339,,0.0018768310546875
6500,,406,0.3525044322013855,,0.5993804931640625
6501,,406,0.2727813422679901,,0.378448486328125
6502,,406,0.5122930407524109,,0.01556396484375
6503,,406,0.5044757127761841,,0.067230224609375
6504,,406,0.4869841933250427,,1.52587890625e-05
6505,,406,0.5204015970230103,,0.0
6506,,406,0.520438551902771,,0.0
6507,,406,0.4126593768596649,,0.0
6508,,406,0.243790864944458,,0.1333160400390625
6509,,406,0.5314793586730957,,0.07415771484375
6510,,406,0.4612113833427429,,0.0073699951171875
6511,,406,0.3908425569534302,,0.0608062744140625
,1624,406,,0.37860262393951416,0.2125701904296875
,1625,406,,0.43328598141670227,0.0781402587890625
,1626,406,,0.47968173027038574,0.0941925048828125
,1627,406,,0.19952605664730072,0.27587890625
6512,,407,0.4576527178287506,,0.0
6513,,407,0.4195837378501892,,0.0
6514,,407,0.5896388292312622,,3.0517578125e-05
6515,,407,0.4451933205127716,,0.0018768310546875
6516,,407,0.33442050218582153,,0.5993804931640625
6517,,407,0.3616518974304199,,0.378448486328125
6518,,407,0.41532617807388306,,0.01556396484375
6519,,407,0.4749341905117035,,0.067230224609375
6520,,407,0.4974606931209564,,1.52587890625e-05
6521,,407,0.5502159595489502,,0.0
6522,,407,0.47696205973625183,,0.0
6523,,407,0.4623921513557434,,0.0
6524,,407,0.24400784075260162,,0.1333160400390625
6525,,407,0.4677743911743164,,0.07415771484375
6526,,407,0.5570107698440552,,0.0073699951171875
6527,,407,0.4636026918888092,,0.0608062744140625
,1628,407,,0.4016270637512207,0.2125701904296875
,1629,407,,0.42288684844970703,0.0781402587890625
,1630,407,,0.4476243853569031,0.0941925048828125
,1631,407,,0.1123211681842804,0.27587890625
6528,,408,0.6065840721130371,,0.0
6529,,408,0.5511771440505981,,0.0
6530,,408,0.4507913887500763,,3.0517578125e-05
6531,,408,0.43038293719291687,,0.0018768310546875
6532,,408,0.3465849757194519,,0.5993804931640625
6533,,408,0.2961566746234894,,0.378448486328125
6534,,408,0.38042372465133667,,0.01556396484375
6535,,408,0.3707464337348938,,0.067230224609375
6536,,408,0.37669870257377625,,1.52587890625e-05
6537,,408,0.2837161421775818,,0.0
6538,,408,0.38877177238464355,,0.0
6539,,408,0.4783410429954529,,0.0
6540,,408,0.3398277759552002,,0.1333160400390625
6541,,408,0.4609152376651764,,0.07415771484375
6542,,408,0.5809648633003235,,0.0073699951171875
6543,,408,0.3907206058502197,,0.0608062744140625
,1632,408,,0.3740464448928833,0.2125701904296875
,1633,408,,0.5383385419845581,0.0781402587890625
,1634,408,,0.3671332001686096,0.0941925048828125
,1635,408,,0.13531924784183502,0.27587890625
6544,,409,0.49040481448173523,,0.0
6545,,409,0.44133076071739197,,0.0
6546,,409,0.40865635871887207,,3.0517578125e-05
6547,,409,0.45482152700424194,,0.0018768310546875
6548,,409,0.3725334703922272,,0.5993804931640625
6549,,409,0.30138951539993286,,0.378448486328125
6550,,409,0.42509138584136963,,0.01556396484375
6551,,409,0.4874320328235626,,0.067230224609375
6552,,409,0.4180941581726074,,1.52587890625e-05
6553,,409,0.5322141647338867,,0.0
6554,,409,0.6322190761566162,,0.0
6555,,409,0.6000509858131409,,0.0
6556,,409,0.4558301568031311,,0.1333160400390625
6557,,409,0.4476451277732849,,0.07415771484375
6558,,409,0.48480695486068726,,0.0073699951171875
6559,,409,0.4822075068950653,,0.0608062744140625
,1636,409,,0.3038015365600586,0.2125701904296875
,1637,409,,0.5208148956298828,0.0781402587890625
,1638,409,,0.5260829925537109,0.0941925048828125
,1639,409,,0.283770889043808,0.27587890625
6560,,410,0.510967493057251,,0.0
6561,,410,0.5407466888427734,,0.0
6562,,410,0.5509321093559265,,3.0517578125e-05
6563,,410,0.5755832195281982,,0.0018768310546875
6564,,410,0.37246453762054443,,0.5993804931640625
6565,,410,0.34058624505996704,,0.378448486328125
6566,,410,0.3774127662181854,,0.01556396484375
6567,,410,0.4784022569656372,,0.067230224609375
6568,,410,0.4716811776161194,,1.52587890625e-05
6569,,410,0.4233022928237915,,0.0
6570,,410,0.3427644371986389,,0.0
6571,,410,0.5047279000282288,,0.0
6572,,410,0.38236165046691895,,0.1333160400390625
6573,,410,0.44425567984580994,,0.07415771484375
6574,,410,0.5261158347129822,,0.0073699951171875
6575,,410,0.4543454647064209,,0.0608062744140625
,1640,410,,0.42752721905708313,0.2125701904296875
,1641,410,,0.3637736737728119,0.0781402587890625
,1642,410,,0.3976532816886902,0.0941925048828125
,1643,410,,0.15577319264411926,0.27587890625
6576,,411,0.4953062832355499,,0.0
6577,,411,0.7373212575912476,,0.0
6578,,411,0.3887951970100403,,3.0517578125e-05
6579,,411,0.3894985318183899,,0.0018768310546875
6580,,411,0.3222850561141968,,0.5993804931640625
6581,,411,0.3529053330421448,,0.378448486328125
6582,,411,0.4659455418586731,,0.01556396484375
6583,,411,0.43925410509109497,,0.067230224609375
6584,,411,0.5765224099159241,,1.52587890625e-05
6585,,411,0.47870537638664246,,0.0
6586,,411,0.5361430644989014,,0.0
6587,,411,0.5070966482162476,,0.0
6588,,411,0.3711961507797241,,0.1333160400390625
6589,,411,0.4723218083381653,,0.07415771484375
6590,,411,0.5863819122314453,,0.0073699951171875
6591,,411,0.3960132598876953,,0.0608062744140625
,1644,411,,0.2544541358947754,0.2125701904296875
,1645,411,,0.30450549721717834,0.0781402587890625
,1646,411,,0.5117373466491699,0.0941925048828125
,1647,411,,0.2913171350955963,0.27587890625
6592,,412,0.4154149293899536,,0.0
6593,,412,0.4200793504714966,,0.0
6594,,412,0.44619864225387573,,3.0517578125e-05
6595,,412,0.4109847843647003,,0.0018768310546875
6596,,412,0.36125144362449646,,0.5993804931640625
6597,,412,0.31396833062171936,,0.378448486328125
6598,,412,0.5270922183990479,,0.01556396484375
6599,,412,0.43684250116348267,,0.067230224609375
6600,,412,0.42502668499946594,,1.52587890625e-05
6601,,412,0.4871861934661865,,0.0
6602,,412,0.5424551963806152,,0.0
6603,,412,0.6053432822227478,,0.0
6604,,412,0.4245588183403015,,0.1333160400390625
6605,,412,0.45441317558288574,,0.07415771484375
6606,,412,0.5191130638122559,,0.0073699951171875
6607,,412,0.4246724843978882,,0.0608062744140625
,1648,412,,0.2099875807762146,0.2125701904296875
,1649,412,,0.5815642476081848,0.0781402587890625
,1650,412,,0.372537225484848,0.0941925048828125
,1651,412,,0.4285010099411011,0.27587890625
6608,,413,0.4327813386917114,,0.0
6609,,413,0.49925896525382996,,0.0
6610,,413,0.39230164885520935,,3.0517578125e-05
6611,,413,0.600957453250885,,0.0018768310546875
6612,,413,0.4070553183555603,,0.5993804931640625
6613,,413,0.28922590613365173,,0.378448486328125
6614,,413,0.5801016092300415,,0.01556396484375
6615,,413,0.49505776166915894,,0.067230224609375
6616,,413,0.5862797498703003,,1.52587890625e-05
6617,,413,0.46375468373298645,,0.0
6618,,413,0.5039909482002258,,0.0
6619,,413,0.46136075258255005,,0.0
6620,,413,0.4848422110080719,,0.1333160400390625
6621,,413,0.35698413848876953,,0.07415771484375
6622,,413,0.6028394103050232,,0.0073699951171875
6623,,413,0.47171592712402344,,0.0608062744140625
,1652,413,,0.3644477128982544,0.2125701904296875
,1653,413,,0.5001895427703857,0.0781402587890625
,1654,413,,0.4323764443397522,0.0941925048828125
,1655,413,,0.2697261571884155,0.27587890625
6624,,414,0.5339343547821045,,0.0
6625,,414,0.49575310945510864,,0.0
6626,,414,0.4519551396369934,,3.0517578125e-05
6627,,414,0.5841840505599976,,0.0018768310546875
6628,,414,0.3479844331741333,,0.5993804931640625
6629,,414,0.32607561349868774,,0.378448486328125
6630,,414,0.31012997031211853,,0.01556396484375
6631,,414,0.42251133918762207,,0.067230224609375
6632,,414,0.42253923416137695,,1.52587890625e-05
6633,,414,0.413757860660553,,0.0
6634,,414,0.6249222755432129,,0.0
6635,,414,0.4653490483760834,,0.0
6636,,414,0.37238773703575134,,0.1333160400390625
6637,,414,0.2717375159263611,,0.07415771484375
6638,,414,0.4413386583328247,,0.0073699951171875
6639,,414,0.40179556608200073,,0.0608062744140625
,1656,414,,0.28936508297920227,0.2125701904296875
,1657,414,,0.5511026382446289,0.0781402587890625
,1658,414,,0.3850245475769043,0.0941925048828125
,1659,414,,0.3006286323070526,0.27587890625
6640,,415,0.4813547134399414,,0.0
6641,,415,0.5436743497848511,,0.0
6642,,415,0.41848230361938477,,3.0517578125e-05
6643,,415,0.45133358240127563,,0.0018768310546875
6644,,415,0.3840895891189575,,0.5993804931640625
6645,,415,0.3109140396118164,,0.378448486328125
6646,,415,0.4601157009601593,,0.01556396484375
6647,,415,0.452525794506073,,0.067230224609375
6648,,415,0.6517396569252014,,1.52587890625e-05
6649,,415,0.41366785764694214,,0.0
6650,,415,0.34270769357681274,,0.0
6651,,415,0.47688621282577515,,0.0
6652,,415,0.4433770775794983,,0.1333160400390625
6653,,415,0.4180554449558258,,0.07415771484375
6654,,415,0.5394173860549927,,0.0073699951171875
6655,,415,0.5022029280662537,,0.0608062744140625
,1660,415,,0.3128833770751953,0.2125701904296875
,1661,415,,0.5144513845443726,0.0781402587890625
,1662,415,,0.368480384349823,0.0941925048828125
,1663,415,,0.26947444677352905,0.27587890625
6656,,416,0.4663650393486023,,0.0
6657,,416,0.38935357332229614,,0.0
6658,,416,0.4783151149749756,,3.0517578125e-05
6659,,416,0.5613056421279907,,0.0018768310546875
6660,,416,0.36144471168518066,,0.5993804931640625
6661,,416,0.3282349407672882,,0.378448486328125
6662,,416,0.43073052167892456,,0.01556396484375
6663,,416,0.45303982496261597,,0.067230224609375
6664,,416,0.6295582056045532,,1.52587890625e-05
6665,,416,0.5783799886703491,,0.0
6666,,416,0.46202442049980164,,0.0
6667,,416,0.4226064085960388,,0.0
6668,,416,0.47347283363342285,,0.1333160400390625
6669,,416,0.30833542346954346,,0.07415771484375
6670,,416,0.6428974270820618,,0.0073699951171875
6671,,416,0.4173278212547302,,0.0608062744140625
,1664,416,,0.37590429186820984,0.2125701904296875
,1665,416,,0.49830758571624756,0.0781402587890625
,1666,416,,0.3967081904411316,0.0941925048828125
,1667,416,,0.32608264684677124,0.27587890625
6672,,417,0.5330275297164917,,0.0
6673,,417,0.6053575873374939,,0.0
6674,,417,0.4208444356918335,,3.0517578125e-05
6675,,417,0.6041848063468933,,0.0018768310546875
6676,,417,0.3983955383300781,,0.5993804931640625
6677,,417,0.32711261510849,,0.378448486328125
6678,,417,0.48463383316993713,,0.01556396484375
6679,,417,0.32448819279670715,,0.067230224609375
6680,,417,0.42351287603378296,,1.52587890625e-05
6681,,417,0.43825119733810425,,0.0
6682,,417,0.6518464684486389,,0.0
6683,,417,0.5118403434753418,,0.0
6684,,417,0.42065906524658203,,0.1333160400390625
6685,,417,0.45237648487091064,,0.07415771484375
6686,,417,0.5158416032791138,,0.0073699951171875
6687,,417,0.4620961546897888,,0.0608062744140625
,1668,417,,0.23181356489658356,0.2125701904296875
,1669,417,,0.3900044858455658,0.0781402587890625
,1670,417,,0.4522089660167694,0.0941925048828125
,1671,417,,0.16078394651412964,0.27587890625
6688,,418,0.5220310688018799,,0.0
6689,,418,0.582489550113678,,0.0
6690,,418,0.5375863909721375,,3.0517578125e-05
6691,,418,0.3901446461677551,,0.0018768310546875
6692,,418,0.32128873467445374,,0.5993804931640625
6693,,418,0.3110803961753845,,0.378448486328125
6694,,418,0.5661824941635132,,0.01556396484375
6695,,418,0.4835178852081299,,0.067230224609375
6696,,418,0.434811532497406,,1.52587890625e-05
6697,,418,0.4762619733810425,,0.0
6698,,418,0.5112612247467041,,0.0
6699,,418,0.539025604724884,,0.0
6700,,418,0.32728415727615356,,0.1333160400390625
6701,,418,0.5054764747619629,,0.07415771484375
6702,,418,0.44542965292930603,,0.0073699951171875
6703,,418,0.36678844690322876,,0.0608062744140625
,1672,418,,0.3316231966018677,0.2125701904296875
,1673,418,,0.3305744230747223,0.0781402587890625
,1674,418,,0.4584013819694519,0.0941925048828125
,1675,418,,0.16987082362174988,0.27587890625
6704,,419,0.537367582321167,,0.0
6705,,419,0.562376081943512,,0.0
6706,,419,0.4323830008506775,,3.0517578125e-05
6707,,419,0.38891178369522095,,0.0018768310546875
6708,,419,0.368425190448761,,0.5993804931640625
6709,,419,0.3382984399795532,,0.378448486328125
6710,,419,0.41537338495254517,,0.01556396484375
6711,,419,0.4183756709098816,,0.067230224609375
6712,,419,0.4109792709350586,,1.52587890625e-05
6713,,419,0.4426853656768799,,0.0
6714,,419,0.620276689529419,,0.0
6715,,419,0.6356735229492188,,0.0
6716,,419,0.5418264865875244,,0.1333160400390625
6717,,419,0.46282070875167847,,0.07415771484375
6718,,419,0.6120572090148926,,0.0073699951171875
6719,,419,0.5156224966049194,,0.0608062744140625
,1676,419,,0.12874287366867065,0.2125701904296875
,1677,419,,0.3610365688800812,0.0781402587890625
,1678,419,,0.2731160521507263,0.0941925048828125
,1679,419,,0.33532947301864624,0.27587890625
6720,,420,0.4461696147918701,,0.0
6721,,420,0.42566657066345215,,0.0
6722,,420,0.48848405480384827,,3.0517578125e-05
6723,,420,0.41774776577949524,,0.0018768310546875
6724,,420,0.3627437949180603,,0.5993804931640625
6725,,420,0.3382757008075714,,0.378448486328125
6726,,420,0.5260521173477173,,0.01556396484375
6727,,420,0.37813645601272583,,0.067230224609375
6728,,420,0.6032863259315491,,1.52587890625e-05
6729,,420,0.5739971399307251,,0.0
6730,,420,0.49767249822616577,,0.0
6731,,420,0.5467511415481567,,0.0
6732,,420,0.49918025732040405,,0.1333160400390625
6733,,420,0.37307530641555786,,0.07415771484375
6734,,420,0.5378444194793701,,0.0073699951171875
6735,,420,0.40500789880752563,,0.0608062744140625
,1680,420,,0.4170474410057068,0.2125701904296875
,1681,420,,0.37872737646102905,0.0781402587890625
,1682,420,,0.4255947470664978,0.0941925048828125
,1683,420,,0.17325639724731445,0.27587890625
6736,,421,0.48947450518608093,,0.0
6737,,421,0.5562607049942017,,0.0
6738,,421,0.39014941453933716,,3.0517578125e-05
6739,,421,0.3841138780117035,,0.0018768310546875
6740,,421,0.37787705659866333,,0.5993804931640625
6741,,421,0.35439568758010864,,0.378448486328125
6742,,421,0.332927405834198,,0.01556396484375
6743,,421,0.3306117355823517,,0.067230224609375
6744,,421,0.511565089225769,,1.52587890625e-05
6745,,421,0.524983286857605,,0.0
6746,,421,0.42629390954971313,,0.0
6747,,421,0.5536890625953674,,0.0
6748,,421,0.3939974904060364,,0.1333160400390625
6749,,421,0.5318958759307861,,0.07415771484375
6750,,421,0.4429212212562561,,0.0073699951171875
6751,,421,0.39747750759124756,,0.0608062744140625
,1684,421,,0.12598969042301178,0.2125701904296875
,1685,421,,0.3781590759754181,0.0781402587890625
,1686,421,,0.39473962783813477,0.0941925048828125
,1687,421,,0.26571372151374817,0.27587890625
6752,,422,0.4541959762573242,,0.0
6753,,422,0.5385628938674927,,0.0
6754,,422,0.44883090257644653,,3.0517578125e-05
6755,,422,0.3973521590232849,,0.0018768310546875
6756,,422,0.35195136070251465,,0.5993804931640625
6757,,422,0.2873690128326416,,0.378448486328125
6758,,422,0.5963404178619385,,0.01556396484375
6759,,422,0.28868603706359863,,0.067230224609375
6760,,422,0.5279309153556824,,1.52587890625e-05
6761,,422,0.48833519220352173,,0.0
6762,,422,0.5742087364196777,,0.0
6763,,422,0.4656371474266052,,0.0
6764,,422,0.35974395275115967,,0.1333160400390625
6765,,422,0.47771114110946655,,0.07415771484375
6766,,422,0.5130447149276733,,0.0073699951171875
6767,,422,0.42728105187416077,,0.0608062744140625
,1688,422,,0.1844204217195511,0.2125701904296875
,1689,422,,0.443575918674469,0.0781402587890625
,1690,422,,0.38220328092575073,0.0941925048828125
,1691,422,,0.27288174629211426,0.27587890625
6768,,423,0.4436350464820862,,0.0
6769,,423,0.3405698537826538,,0.0
6770,,423,0.5423827171325684,,3.0517578125e-05
6771,,423,0.5084207057952881,,0.0018768310546875
6772,,423,0.35231685638427734,,0.5993804931640625
6773,,423,0.34569448232650757,,0.378448486328125
6774,,423,0.5275791883468628,,0.01556396484375
6775,,423,0.4460006356239319,,0.067230224609375
6776,,423,0.5205541253089905,,1.52587890625e-05
6777,,423,0.5194250345230103,,0.0
6778,,423,0.385891854763031,,0.0
6779,,423,0.5299357175827026,,0.0
6780,,423,0.357817679643631,,0.1333160400390625
6781,,423,0.29152488708496094,,0.07415771484375
6782,,423,0.4358311593532562,,0.0073699951171875
6783,,423,0.4499827027320862,,0.0608062744140625
,1692,423,,0.27879858016967773,0.2125701904296875
,1693,423,,0.36142754554748535,0.0781402587890625
,1694,423,,0.36057692766189575,0.0941925048828125
,1695,423,,0.2373848259449005,0.27587890625
6784,,424,0.44709235429763794,,0.0
6785,,424,0.5300668478012085,,0.0
6786,,424,0.36902642250061035,,3.0517578125e-05
6787,,424,0.3689354658126831,,0.0018768310546875
6788,,424,0.39857637882232666,,0.5993804931640625
6789,,424,0.3166971802711487,,0.378448486328125
6790,,424,0.5507118701934814,,0.01556396484375
6791,,424,0.3770103454589844,,0.067230224609375
6792,,424,0.4592946767807007,,1.52587890625e-05
6793,,424,0.5856124758720398,,0.0
6794,,424,0.3509255051612854,,0.0
6795,,424,0.6045317649841309,,0.0
6796,,424,0.47293177247047424,,0.1333160400390625
6797,,424,0.40896129608154297,,0.07415771484375
6798,,424,0.6047886610031128,,0.0073699951171875
6799,,424,0.35101738572120667,,0.0608062744140625
,1696,424,,0.3493715524673462,0.2125701904296875
,1697,424,,0.37145113945007324,0.0781402587890625
,1698,424,,0.3761793375015259,0.0941925048828125
,1699,424,,0.17336446046829224,0.27587890625
6800,,425,0.47984763979911804,,0.0
6801,,425,0.5069931149482727,,0.0
6802,,425,0.4377491772174835,,3.0517578125e-05
6803,,425,0.5149397253990173,,0.0018768310546875
6804,,425,0.361223429441452,,0.5993804931640625
6805,,425,0.3293299376964569,,0.378448486328125
6806,,425,0.5135105848312378,,0.01556396484375
6807,,425,0.4530922770500183,,0.067230224609375
6808,,425,0.5757269859313965,,1.52587890625e-05
6809,,425,0.3811338245868683,,0.0
6810,,425,0.5479038953781128,,0.0
6811,,425,0.372699499130249,,0.0
6812,,425,0.3759883642196655,,0.1333160400390625
6813,,425,0.41401904821395874,,0.07415771484375
6814,,425,0.4573588967323303,,0.0073699951171875
6815,,425,0.42893481254577637,,0.0608062744140625
,1700,425,,0.2132897824048996,0.2125701904296875
,1701,425,,0.4138209819793701,0.0781402587890625
,1702,425,,0.4586038291454315,0.0941925048828125
,1703,425,,0.15948283672332764,0.27587890625
6816,,426,0.4850083887577057,,0.0
6817,,426,0.40942463278770447,,0.0
6818,,426,0.3420336842536926,,3.0517578125e-05
6819,,426,0.4901272654533386,,0.0018768310546875
6820,,426,0.3660992383956909,,0.5993804931640625
6821,,426,0.27056223154067993,,0.378448486328125
6822,,426,0.4684918224811554,,0.01556396484375
6823,,426,0.5359841585159302,,0.067230224609375
6824,,426,0.5082133412361145,,1.52587890625e-05
6825,,426,0.4473112225532532,,0.0
6826,,426,0.524985671043396,,0.0
6827,,426,0.3952232897281647,,0.0
6828,,426,0.3441767692565918,,0.1333160400390625
6829,,426,0.45929956436157227,,0.07415771484375
6830,,426,0.46108025312423706,,0.0073699951171875
6831,,426,0.4622039198875427,,0.0608062744140625
,1704,426,,0.34644803404808044,0.2125701904296875
,1705,426,,0.5009777545928955,0.0781402587890625
,1706,426,,0.3419065475463867,0.0941925048828125
,1707,426,,0.13728779554367065,0.27587890625
6832,,427,0.430658221244812,,0.0
6833,,427,0.5814915895462036,,0.0
6834,,427,0.4758549928665161,,3.0517578125e-05
6835,,427,0.5380243062973022,,0.0018768310546875
6836,,427,0.3950308561325073,,0.5993804931640625
6837,,427,0.33716267347335815,,0.378448486328125
6838,,427,0.5795867443084717,,0.01556396484375
6839,,427,0.30512648820877075,,0.067230224609375
6840,,427,0.509163498878479,,1.52587890625e-05
6841,,427,0.5766290426254272,,0.0
6842,,427,0.44202786684036255,,0.0
6843,,427,0.5335865020751953,,0.0
6844,,427,0.3949831426143646,,0.1333160400390625
6845,,427,0.4151386618614197,,0.07415771484375
6846,,427,0.45868873596191406,,0.0073699951171875
6847,,427,0.404756635427475,,0.0608062744140625
,1708,427,,0.2763395309448242,0.2125701904296875
,1709,427,,0.4769195318222046,0.0781402587890625
,1710,427,,0.36571943759918213,0.0941925048828125
,1711,427,,0.20031103491783142,0.27587890625
6848,,428,0.5663998126983643,,0.0
6849,,428,0.47001010179519653,,0.0
6850,,428,0.4751066565513611,,3.0517578125e-05
6851,,428,0.4556007385253906,,0.0018768310546875
6852,,428,0.3796493709087372,,0.5993804931640625
6853,,428,0.3139215111732483,,0.378448486328125
6854,,428,0.5186907649040222,,0.01556396484375
6855,,428,0.3924151659011841,,0.067230224609375
6856,,428,0.43047234416007996,,1.52587890625e-05
6857,,428,0.43991827964782715,,0.0
6858,,428,0.6267909407615662,,0.0
6859,,428,0.46261852979660034,,0.0
6860,,428,0.4251783490180969,,0.1333160400390625
6861,,428,0.3077271580696106,,0.07415771484375
6862,,428,0.5003877282142639,,0.0073699951171875
6863,,428,0.5206209421157837,,0.0608062744140625
,1712,428,,0.3608793020248413,0.2125701904296875
,1713,428,,0.38219571113586426,0.0781402587890625
,1714,428,,0.33009564876556396,0.0941925048828125
,1715,428,,0.18862959742546082,0.27587890625
6864,,429,0.6408724784851074,,0.0
6865,,429,0.5563496351242065,,0.0
6866,,429,0.44769710302352905,,3.0517578125e-05
6867,,429,0.5355048179626465,,0.0018768310546875
6868,,429,0.36211034655570984,,0.5993804931640625
6869,,429,0.35162797570228577,,0.378448486328125
6870,,429,0.5255836248397827,,0.01556396484375
6871,,429,0.43050074577331543,,0.067230224609375
6872,,429,0.6090443730354309,,1.52587890625e-05
6873,,429,0.555031418800354,,0.0
6874,,429,0.4437967538833618,,0.0
6875,,429,0.4669957160949707,,0.0
6876,,429,0.4470829963684082,,0.1333160400390625
6877,,429,0.548233687877655,,0.07415771484375
6878,,429,0.63283371925354,,0.0073699951171875
6879,,429,0.4489365518093109,,0.0608062744140625
,1716,429,,0.19644008576869965,0.2125701904296875
,1717,429,,0.46327096223831177,0.0781402587890625
,1718,429,,0.34817516803741455,0.0941925048828125
,1719,429,,0.23558561503887177,0.27587890625
6880,,430,0.4718989133834839,,0.0
6881,,430,0.49168527126312256,,0.0
6882,,430,0.4230629801750183,,3.0517578125e-05
6883,,430,0.4716232419013977,,0.0018768310546875
6884,,430,0.35255953669548035,,0.5993804931640625
6885,,430,0.3043753206729889,,0.378448486328125
6886,,430,0.43294334411621094,,0.01556396484375
6887,,430,0.3770131468772888,,0.067230224609375
6888,,430,0.45845478773117065,,1.52587890625e-05
6889,,430,0.4111270308494568,,0.0
6890,,430,0.44230952858924866,,0.0
6891,,430,0.47123509645462036,,0.0
6892,,430,0.45930325984954834,,0.1333160400390625
6893,,430,0.397698312997818,,0.07415771484375
6894,,430,0.5838289260864258,,0.0073699951171875
6895,,430,0.4042976498603821,,0.0608062744140625
,1720,430,,0.29910528659820557,0.2125701904296875
,1721,430,,0.21857556700706482,0.0781402587890625
,1722,430,,0.4873116910457611,0.0941925048828125
,1723,430,,0.21418897807598114,0.27587890625
6896,,431,0.5293653607368469,,0.0
6897,,431,0.3697968125343323,,0.0
6898,,431,0.4158381223678589,,3.0517578125e-05
6899,,431,0.631852388381958,,0.0018768310546875
6900,,431,0.37056389451026917,,0.5993804931640625
6901,,431,0.34218767285346985,,0.378448486328125
6902,,431,0.4494612216949463,,0.01556396484375
6903,,431,0.43179869651794434,,0.067230224609375
6904,,431,0.39671748876571655,,1.52587890625e-05
6905,,431,0.5197715759277344,,0.0
6906,,431,0.5982437133789062,,0.0
6907,,431,0.47205042839050293,,0.0
6908,,431,0.4693275988101959,,0.1333160400390625
6909,,431,0.3738267123699188,,0.07415771484375
6910,,431,0.5207946300506592,,0.0073699951171875
6911,,431,0.4420548677444458,,0.0608062744140625
,1724,431,,0.17179512977600098,0.2125701904296875
,1725,431,,0.46835362911224365,0.0781402587890625
,1726,431,,0.39741677045822144,0.0941925048828125
,1727,431,,0.13476066291332245,0.27587890625
6912,,432,0.45585212111473083,,0.0
6913,,432,0.4991341829299927,,0.0
6914,,432,0.5000884532928467,,3.0517578125e-05
6915,,432,0.5552287101745605,,0.0018768310546875
6916,,432,0.3382905423641205,,0.5993804931640625
6917,,432,0.3092333674430847,,0.378448486328125
6918,,432,0.39552658796310425,,0.01556396484375
6919,,432,0.40553587675094604,,0.067230224609375
6920,,432,0.5691124200820923,,1.52587890625e-05
6921,,432,0.6364792585372925,,0.0
6922,,432,0.4567660689353943,,0.0
6923,,432,0.5220482349395752,,0.0
6924,,432,0.35467082262039185,,0.1333160400390625
6925,,432,0.478793203830719,,0.07415771484375
6926,,432,0.3339521288871765,,0.0073699951171875
6927,,432,0.39477962255477905,,0.0608062744140625
,1728,432,,0.33146780729293823,0.2125701904296875
,1729,432,,0.44807636737823486,0.0781402587890625
,1730,432,,0.42461568117141724,0.0941925048828125
,1731,432,,0.24565918743610382,0.27587890625
6928,,433,0.5661033391952515,,0.0
6929,,433,0.46899503469467163,,0.0
6930,,433,0.28465619683265686,,3.0517578125e-05
6931,,433,0.4686911702156067,,0.0018768310546875
6932,,433,0.3264521360397339,,0.5993804931640625
6933,,433,0.2966095209121704,,0.378448486328125
6934,,433,0.45293495059013367,,0.01556396484375
6935,,433,0.4820149540901184,,0.067230224609375
6936,,433,0.47565746307373047,,1.52587890625e-05
6937,,433,0.44842830300331116,,0.0
6938,,433,0.4232739210128784,,0.0
6939,,433,0.39735841751098633,,0.0
6940,,433,0.4773815870285034,,0.1333160400390625
6941,,433,0.41221022605895996,,0.07415771484375
6942,,433,0.4281117022037506,,0.0073699951171875
6943,,433,0.2698255181312561,,0.0608062744140625
,1732,433,,0.2300540655851364,0.2125701904296875
,1733,433,,0.30628320574760437,0.0781402587890625
,1734,433,,0.36566513776779175,0.0941925048828125
,1735,433,,0.18714353442192078,0.27587890625
6944,,434,0.4684732258319855,,0.0
6945,,434,0.4376682639122009,,0.0
6946,,434,0.5445810556411743,,3.0517578125e-05
6947,,434,0.48025983572006226,,0.0018768310546875
6948,,434,0.3331606388092041,,0.5993804931640625
6949,,434,0.3549000322818756,,0.378448486328125
6950,,434,0.3861912190914154,,0.01556396484375
6951,,434,0.3946112394332886,,0.067230224609375
6952,,434,0.49810194969177246,,1.52587890625e-05
6953,,434,0.6716382503509521,,0.0
6954,,434,0.5022010803222656,,0.0
6955,,434,0.5428321361541748,,0.0
6956,,434,0.39931797981262207,,0.1333160400390625
6957,,434,0.37337446212768555,,0.07415771484375
6958,,434,0.47146472334861755,,0.0073699951171875
6959,,434,0.470791757106781,,0.0608062744140625
,1736,434,,0.30660784244537354,0.2125701904296875
,1737,434,,0.34537968039512634,0.0781402587890625
,1738,434,,0.3053327202796936,0.0941925048828125
,1739,434,,0.278856486082077,0.27587890625
6960,,435,0.47645461559295654,,0.0
6961,,435,0.42562979459762573,,0.0
6962,,435,0.5065529346466064,,3.0517578125e-05
6963,,435,0.5282899141311646,,0.0018768310546875
6964,,435,0.3642866909503937,,0.5993804931640625
6965,,435,0.30546829104423523,,0.378448486328125
6966,,435,0.5598076581954956,,0.01556396484375
6967,,435,0.35017019510269165,,0.067230224609375
6968,,435,0.4342678189277649,,1.52587890625e-05
6969,,435,0.4445788264274597,,0.0
6970,,435,0.44479045271873474,,0.0
6971,,435,0.5040444135665894,,0.0
6972,,435,0.3125358819961548,,0.1333160400390625
6973,,435,0.41013532876968384,,0.07415771484375
6974,,435,0.4789614975452423,,0.0073699951171875
6975,,435,0.46199116110801697,,0.0608062744140625
,1740,435,,0.2871690094470978,0.2125701904296875
,1741,435,,0.3270103931427002,0.0781402587890625
,1742,435,,0.3470235764980316,0.0941925048828125
,1743,435,,0.1396155059337616,0.27587890625
6976,,436,0.43392831087112427,,0.0
6977,,436,0.5243408679962158,,0.0
6978,,436,0.46323245763778687,,3.0517578125e-05
6979,,436,0.4395415186882019,,0.0018768310546875
6980,,436,0.36946922540664673,,0.5993804931640625
6981,,436,0.3104705214500427,,0.378448486328125
6982,,436,0.4118412733078003,,0.01556396484375
6983,,436,0.5544928312301636,,0.067230224609375
6984,,436,0.487047016620636,,1.52587890625e-05
6985,,436,0.3326514959335327,,0.0
6986,,436,0.3348197340965271,,0.0
6987,,436,0.44660449028015137,,0.0
6988,,436,0.3301447331905365,,0.1333160400390625
6989,,436,0.47666221857070923,,0.07415771484375
6990,,436,0.5557972192764282,,0.0073699951171875
6991,,436,0.46399688720703125,,0.0608062744140625
,1744,436,,0.2785673439502716,0.2125701904296875
,1745,436,,0.3545549809932709,0.0781402587890625
,1746,436,,0.2992047369480133,0.0941925048828125
,1747,436,,0.25769928097724915,0.27587890625
6992,,437,0.5116453170776367,,0.0
6993,,437,0.40116435289382935,,0.0
6994,,437,0.46324610710144043,,3.0517578125e-05
6995,,437,0.40811073780059814,,0.0018768310546875
6996,,437,0.37006640434265137,,0.5993804931640625
6997,,437,0.3871610164642334,,0.378448486328125
6998,,437,0.47764852643013,,0.01556396484375
6999,,437,0.3209911286830902,,0.067230224609375
7000,,437,0.5116225481033325,,1.52587890625e-05
7001,,437,0.5959991812705994,,0.0
7002,,437,0.38775724172592163,,0.0
7003,,437,0.567718505859375,,0.0
7004,,437,0.41090965270996094,,0.1333160400390625
7005,,437,0.4341389238834381,,0.07415771484375
7006,,437,0.5714364051818848,,0.0073699951171875
7007,,437,0.467330664396286,,0.0608062744140625
,1748,437,,0.22224946320056915,0.2125701904296875
,1749,437,,0.5104423761367798,0.0781402587890625
,1750,437,,0.4316423833370209,0.0941925048828125
,1751,437,,0.2639973759651184,0.27587890625
7008,,438,0.5869234800338745,,0.0
7009,,438,0.5128862857818604,,0.0
7010,,438,0.4219284653663635,,3.0517578125e-05
7011,,438,0.5596233010292053,,0.0018768310546875
7012,,438,0.37317904829978943,,0.5993804931640625
7013,,438,0.3872757852077484,,0.378448486328125
7014,,438,0.42817509174346924,,0.01556396484375
7015,,438,0.4787983000278473,,0.067230224609375
7016,,438,0.4558664560317993,,1.52587890625e-05
7017,,438,0.37285149097442627,,0.0
7018,,438,0.4204394221305847,,0.0
7019,,438,0.5092902183532715,,0.0
7020,,438,0.39504969120025635,,0.1333160400390625
7021,,438,0.4828553795814514,,0.07415771484375
7022,,438,0.4788616895675659,,0.0073699951171875
7023,,438,0.5170694589614868,,0.0608062744140625
,1752,438,,0.3022375702857971,0.2125701904296875
,1753,438,,0.5381178855895996,0.0781402587890625
,1754,438,,0.46800488233566284,0.0941925048828125
,1755,438,,0.28986603021621704,0.27587890625
7024,,439,0.503250777721405,,0.0
7025,,439,0.5405946969985962,,0.0
7026,,439,0.5455422401428223,,3.0517578125e-05
7027,,439,0.4482613503932953,,0.0018768310546875
7028,,439,0.33711111545562744,,0.5993804931640625
7029,,439,0.3489987850189209,,0.378448486328125
7030,,439,0.5139220952987671,,0.01556396484375
7031,,439,0.36495786905288696,,0.067230224609375
7032,,439,0.6198762655258179,,1.52587890625e-05
7033,,439,0.5092858076095581,,0.0
7034,,439,0.6606132388114929,,0.0
7035,,439,0.523750901222229,,0.0
7036,,439,0.3807011544704437,,0.1333160400390625
7037,,439,0.40642184019088745,,0.07415771484375
7038,,439,0.3538546562194824,,0.0073699951171875
7039,,439,0.4009849429130554,,0.0608062744140625
,1756,439,,0.30211398005485535,0.2125701904296875
,1757,439,,0.3719227910041809,0.0781402587890625
,1758,439,,0.27309513092041016,0.0941925048828125
,1759,439,,0.22275972366333008,0.27587890625
7040,,440,0.5049941539764404,,0.0
7041,,440,0.47505834698677063,,0.0
7042,,440,0.37405848503112793,,3.0517578125e-05
7043,,440,0.42820146679878235,,0.0018768310546875
7044,,440,0.40770241618156433,,0.5993804931640625
7045,,440,0.2846984267234802,,0.378448486328125
7046,,440,0.5093361139297485,,0.01556396484375
7047,,440,0.3022307753562927,,0.067230224609375
7048,,440,0.45722702145576477,,1.52587890625e-05
7049,,440,0.5550782680511475,,0.0
7050,,440,0.495463490486145,,0.0
7051,,440,0.49736177921295166,,0.0
7052,,440,0.3653547167778015,,0.1333160400390625
7053,,440,0.5096662640571594,,0.07415771484375
7054,,440,0.43310630321502686,,0.0073699951171875
7055,,440,0.4851437211036682,,0.0608062744140625
,1760,440,,0.3017619848251343,0.2125701904296875
,1761,440,,0.40090033411979675,0.0781402587890625
,1762,440,,0.29954245686531067,0.0941925048828125
,1763,440,,0.17587155103683472,0.27587890625
7056,,441,0.32827067375183105,,0.0
7057,,441,0.4077078104019165,,0.0
7058,,441,0.596310555934906,,3.0517578125e-05
7059,,441,0.5830975770950317,,0.0018768310546875
7060,,441,0.32600051164627075,,0.5993804931640625
7061,,441,0.3692258894443512,,0.378448486328125
7062,,441,0.5154011249542236,,0.01556396484375
7063,,441,0.4101477563381195,,0.067230224609375
7064,,441,0.527890145778656,,1.52587890625e-05
7065,,441,0.6076222658157349,,0.0
7066,,441,0.46767622232437134,,0.0
7067,,441,0.6358070969581604,,0.0
7068,,441,0.3364604413509369,,0.1333160400390625
7069,,441,0.4240471422672272,,0.07415771484375
7070,,441,0.5078532099723816,,0.0073699951171875
7071,,441,0.4796518087387085,,0.0608062744140625
,1764,441,,0.3028891086578369,0.2125701904296875
,1765,441,,0.4348459243774414,0.0781402587890625
,1766,441,,0.42718952894210815,0.0941925048828125
,1767,441,,0.26832830905914307,0.27587890625
7072,,442,0.5202277302742004,,0.0
7073,,442,0.49670326709747314,,0.0
7074,,442,0.6273940801620483,,3.0517578125e-05
7075,,442,0.5080276131629944,,0.0018768310546875
7076,,442,0.37243422865867615,,0.5993804931640625
7077,,442,0.31244224309921265,,0.378448486328125
7078,,442,0.4276161193847656,,0.01556396484375
7079,,442,0.49855753779411316,,0.067230224609375
7080,,442,0.540400505065918,,1.52587890625e-05
7081,,442,0.4392766058444977,,0.0
7082,,442,0.5380113124847412,,0.0
7083,,442,0.5499730110168457,,0.0
7084,,442,0.35013091564178467,,0.1333160400390625
7085,,442,0.5920747518539429,,0.07415771484375
7086,,442,0.4161831736564636,,0.0073699951171875
7087,,442,0.5227257013320923,,0.0608062744140625
,1768,442,,0.25795719027519226,0.2125701904296875
,1769,442,,0.41112759709358215,0.0781402587890625
,1770,442,,0.34146708250045776,0.0941925048828125
,1771,442,,0.2319701462984085,0.27587890625
7088,,443,0.5923715233802795,,0.0
7089,,443,0.4703274965286255,,0.0
7090,,443,0.5305720567703247,,3.0517578125e-05
7091,,443,0.3856262266635895,,0.0018768310546875
7092,,443,0.4162885844707489,,0.5993804931640625
7093,,443,0.331972599029541,,0.378448486328125
7094,,443,0.48971056938171387,,0.01556396484375
7095,,443,0.4236259460449219,,0.067230224609375
7096,,443,0.4132113456726074,,1.52587890625e-05
7097,,443,0.47509998083114624,,0.0
7098,,443,0.5064507126808167,,0.0
7099,,443,0.4969196021556854,,0.0
7100,,443,0.36284005641937256,,0.1333160400390625
7101,,443,0.4566969871520996,,0.07415771484375
7102,,443,0.5598911046981812,,0.0073699951171875
7103,,443,0.4973295032978058,,0.0608062744140625
,1772,443,,0.22048315405845642,0.2125701904296875
,1773,443,,0.47088193893432617,0.0781402587890625
,1774,443,,0.5072612762451172,0.0941925048828125
,1775,443,,0.23717379570007324,0.27587890625
7104,,444,0.44471901655197144,,0.0
7105,,444,0.4775066375732422,,0.0
7106,,444,0.5314631462097168,,3.0517578125e-05
7107,,444,0.45615923404693604,,0.0018768310546875
7108,,444,0.396297812461853,,0.5993804931640625
7109,,444,0.29914233088493347,,0.378448486328125
7110,,444,0.5746696591377258,,0.01556396484375
7111,,444,0.3730928301811218,,0.067230224609375
7112,,444,0.5051221251487732,,1.52587890625e-05
7113,,444,0.6009736061096191,,0.0
7114,,444,0.46751344203948975,,0.0
7115,,444,0.3924519419670105,,0.0
7116,,444,0.37908536195755005,,0.1333160400390625
7117,,444,0.4704965651035309,,0.07415771484375
7118,,444,0.5025315284729004,,0.0073699951171875
7119,,444,0.49050259590148926,,0.0608062744140625
,1776,444,,0.26863574981689453,0.2125701904296875
,1777,444,,0.415927529335022,0.0781402587890625
,1778,444,,0.3452081084251404,0.0941925048828125
,1779,444,,0.23058563470840454,0.27587890625
7120,,445,0.5196536779403687,,0.0
7121,,445,0.528095543384552,,0.0
7122,,445,0.5460482835769653,,3.0517578125e-05
7123,,445,0.562833845615387,,0.0018768310546875
7124,,445,0.36376428604125977,,0.5993804931640625
7125,,445,0.31832945346832275,,0.378448486328125
7126,,445,0.43555763363838196,,0.01556396484375
7127,,445,0.47452718019485474,,0.067230224609375
7128,,445,0.6313605308532715,,1.52587890625e-05
7129,,445,0.5009396076202393,,0.0
7130,,445,0.38267815113067627,,0.0
7131,,445,0.5008485913276672,,0.0
7132,,445,0.30725306272506714,,0.1333160400390625
7133,,445,0.4181755781173706,,0.07415771484375
7134,,445,0.5206613540649414,,0.0073699951171875
7135,,445,0.4924347996711731,,0.0608062744140625
,1780,445,,0.23958273231983185,0.2125701904296875
,1781,445,,0.4865350127220154,0.0781402587890625
,1782,445,,0.4655799865722656,0.0941925048828125
,1783,445,,0.18126925826072693,0.27587890625
7136,,446,0.5217756032943726,,0.0
7137,,446,0.4454995095729828,,0.0
7138,,446,0.5817459225654602,,3.0517578125e-05
7139,,446,0.34742459654808044,,0.0018768310546875
7140,,446,0.3452061116695404,,0.5993804931640625
7141,,446,0.3074656128883362,,0.378448486328125
7142,,446,0.3397878110408783,,0.01556396484375
7143,,446,0.47040167450904846,,0.067230224609375
7144,,446,0.5175671577453613,,1.52587890625e-05
7145,,446,0.4904721677303314,,0.0
7146,,446,0.5355165004730225,,0.0
7147,,446,0.5100492835044861,,0.0
7148,,446,0.4358177185058594,,0.1333160400390625
7149,,446,0.37882280349731445,,0.07415771484375
7150,,446,0.4550899863243103,,0.0073699951171875
7151,,446,0.493649423122406,,0.0608062744140625
,1784,446,,0.3159346580505371,0.2125701904296875
,1785,446,,0.3989750146865845,0.0781402587890625
,1786,446,,0.3430328965187073,0.0941925048828125
,1787,446,,0.2872534990310669,0.27587890625
7152,,447,0.4606139063835144,,0.0
7153,,447,0.3241941034793854,,0.0
7154,,447,0.5409055948257446,,3.0517578125e-05
7155,,447,0.5517252683639526,,0.0018768310546875
7156,,447,0.3743927478790283,,0.5993804931640625
7157,,447,0.3290099799633026,,0.378448486328125
7158,,447,0.38030505180358887,,0.01556396484375
7159,,447,0.48522889614105225,,0.067230224609375
7160,,447,0.5104378461837769,,1.52587890625e-05
7161,,447,0.5975317358970642,,0.0
7162,,447,0.4786640405654907,,0.0
7163,,447,0.6192402839660645,,0.0
7164,,447,0.42104193568229675,,0.1333160400390625
7165,,447,0.4279477596282959,,0.07415771484375
7166,,447,0.4142758846282959,,0.0073699951171875
7167,,447,0.639079213142395,,0.0608062744140625
,1788,447,,0.38751402497291565,0.2125701904296875
,1789,447,,0.2709611654281616,0.0781402587890625
,1790,447,,0.5206245183944702,0.0941925048828125
,1791,447,,0.229643777012825,0.27587890625
7168,,448,0.4362078309059143,,0.0
7169,,448,0.30312514305114746,,0.0
7170,,448,0.4547630250453949,,3.0517578125e-05
7171,,448,0.43165627121925354,,0.0018768310546875
7172,,448,0.36776095628738403,,0.5993804931640625
7173,,448,0.3438733220100403,,0.378448486328125
7174,,448,0.5609419345855713,,0.01556396484375
7175,,448,0.39401018619537354,,0.067230224609375
7176,,448,0.531597912311554,,1.52587890625e-05
7177,,448,0.5906528234481812,,0.0
7178,,448,0.5871648192405701,,0.0
7179,,448,0.5750080943107605,,0.0
7180,,448,0.3417244255542755,,0.1333160400390625
7181,,448,0.34744590520858765,,0.07415771484375
7182,,448,0.42408013343811035,,0.0073699951171875
7183,,448,0.4347827434539795,,0.0608062744140625
,1792,448,,0.37675726413726807,0.2125701904296875
,1793,448,,0.4592234790325165,0.0781402587890625
,1794,448,,0.5388495922088623,0.0941925048828125
,1795,448,,0.3110806345939636,0.27587890625
7184,,449,0.5714020729064941,,0.0
7185,,449,0.45833820104599,,0.0
7186,,449,0.5197341442108154,,3.0517578125e-05
7187,,449,0.5885248184204102,,0.0018768310546875
7188,,449,0.3516841530799866,,0.5993804931640625
7189,,449,0.32104426622390747,,0.378448486328125
7190,,449,0.3733810782432556,,0.01556396484375
7191,,449,0.395837664604187,,0.067230224609375
7192,,449,0.5751082301139832,,1.52587890625e-05
7193,,449,0.5758298635482788,,0.0
7194,,449,0.4946025609970093,,0.0
7195,,449,0.6339374780654907,,0.0
7196,,449,0.4233672022819519,,0.1333160400390625
7197,,449,0.4312002658843994,,0.07415771484375
7198,,449,0.4275910258293152,,0.0073699951171875
7199,,449,0.41368070244789124,,0.0608062744140625
,1796,449,,0.2504146695137024,0.2125701904296875
,1797,449,,0.5323184728622437,0.0781402587890625
,1798,449,,0.46029210090637207,0.0941925048828125
,1799,449,,0.25333452224731445,0.27587890625
7200,,450,0.5448169708251953,,0.0
7201,,450,0.5616209506988525,,0.0
7202,,450,0.47567498683929443,,3.0517578125e-05
7203,,450,0.5137909650802612,,0.0018768310546875
7204,,450,0.3703835606575012,,0.5993804931640625
7205,,450,0.3481929302215576,,0.378448486328125
7206,,450,0.4769841432571411,,0.01556396484375
7207,,450,0.5092511177062988,,0.067230224609375
7208,,450,0.4171152412891388,,1.52587890625e-05
7209,,450,0.43890124559402466,,0.0
7210,,450,0.5432171821594238,,0.0
7211,,450,0.40341830253601074,,0.0
7212,,450,0.31391775608062744,,0.1333160400390625
7213,,450,0.37900251150131226,,0.07415771484375
7214,,450,0.4533407986164093,,0.0073699951171875
7215,,450,0.4160599112510681,,0.0608062744140625
,1800,450,,0.23782330751419067,0.2125701904296875
,1801,450,,0.4663521647453308,0.0781402587890625
,1802,450,,0.44408923387527466,0.0941925048828125
,1803,450,,0.21407952904701233,0.27587890625
7216,,451,0.45086029171943665,,0.0
7217,,451,0.3944755792617798,,0.0
7218,,451,0.4277193546295166,,3.0517578125e-05
7219,,451,0.43794384598731995,,0.0018768310546875
7220,,451,0.32366853952407837,,0.5993804931640625
7221,,451,0.36898624897003174,,0.378448486328125
7222,,451,0.4375007748603821,,0.01556396484375
7223,,451,0.4319470524787903,,0.067230224609375
7224,,451,0.603485107421875,,1.52587890625e-05
7225,,451,0.5967518091201782,,0.0
7226,,451,0.5135313868522644,,0.0
7227,,451,0.5738484859466553,,0.0
7228,,451,0.338655948638916,,0.1333160400390625
7229,,451,0.34655722975730896,,0.07415771484375
7230,,451,0.47929102182388306,,0.0073699951171875
7231,,451,0.30695652961730957,,0.0608062744140625
,1804,451,,0.22982355952262878,0.2125701904296875
,1805,451,,0.5226702690124512,0.0781402587890625
,1806,451,,0.45212069153785706,0.0941925048828125
,1807,451,,0.2381673902273178,0.27587890625
7232,,452,0.4264403283596039,,0.0
7233,,452,0.47224947810173035,,0.0
7234,,452,0.46805548667907715,,3.0517578125e-05
7235,,452,0.369230717420578,,0.0018768310546875
7236,,452,0.3419283628463745,,0.5993804931640625
7237,,452,0.30443117022514343,,0.378448486328125
7238,,452,0.5296512842178345,,0.01556396484375
7239,,452,0.3303540349006653,,0.067230224609375
7240,,452,0.3572251796722412,,1.52587890625e-05
7241,,452,0.5121872425079346,,0.0
7242,,452,0.420864462852478,,0.0
7243,,452,0.6027938723564148,,0.0
7244,,452,0.3441172242164612,,0.1333160400390625
7245,,452,0.41451162099838257,,0.07415771484375
7246,,452,0.5991533398628235,,0.0073699951171875
7247,,452,0.4962005615234375,,0.0608062744140625
,1808,452,,0.1550929695367813,0.2125701904296875
,1809,452,,0.6068792343139648,0.0781402587890625
,1810,452,,0.3548533022403717,0.0941925048828125
,1811,452,,0.2308242917060852,0.27587890625
7248,,453,0.5893062353134155,,0.0
7249,,453,0.6025316715240479,,0.0
7250,,453,0.5063742399215698,,3.0517578125e-05
7251,,453,0.4984551668167114,,0.0018768310546875
7252,,453,0.36138999462127686,,0.5993804931640625
7253,,453,0.30068349838256836,,0.378448486328125
7254,,453,0.6286329030990601,,0.01556396484375
7255,,453,0.33979660272598267,,0.067230224609375
7256,,453,0.3880111575126648,,1.52587890625e-05
7257,,453,0.6087782382965088,,0.0
7258,,453,0.4113662838935852,,0.0
7259,,453,0.5451643466949463,,0.0
7260,,453,0.355180025100708,,0.1333160400390625
7261,,453,0.4561791718006134,,0.07415771484375
7262,,453,0.49853232502937317,,0.0073699951171875
7263,,453,0.4493315815925598,,0.0608062744140625
,1812,453,,0.31246793270111084,0.2125701904296875
,1813,453,,0.41981494426727295,0.0781402587890625
,1814,453,,0.4013324975967407,0.0941925048828125
,1815,453,,0.20958706736564636,0.27587890625
7264,,454,0.3927345871925354,,0.0
7265,,454,0.41221898794174194,,0.0
7266,,454,0.5926699638366699,,3.0517578125e-05
7267,,454,0.5501095056533813,,0.0018768310546875
7268,,454,0.35090959072113037,,0.5993804931640625
7269,,454,0.3641490340232849,,0.378448486328125
7270,,454,0.5407313108444214,,0.01556396484375
7271,,454,0.5078807473182678,,0.067230224609375
7272,,454,0.5344558954238892,,1.52587890625e-05
7273,,454,0.4627028703689575,,0.0
7274,,454,0.6130372285842896,,0.0
7275,,454,0.551964282989502,,0.0
7276,,454,0.31490054726600647,,0.1333160400390625
7277,,454,0.42203009128570557,,0.07415771484375
7278,,454,0.5465478301048279,,0.0073699951171875
7279,,454,0.4664715826511383,,0.0608062744140625
,1816,454,,0.33385229110717773,0.2125701904296875
,1817,454,,0.3826192617416382,0.0781402587890625
,1818,454,,0.35578110814094543,0.0941925048828125
,1819,454,,0.16529534757137299,0.27587890625
7280,,455,0.5186456441879272,,0.0
7281,,455,0.4921760559082031,,0.0
7282,,455,0.5067615509033203,,3.0517578125e-05
7283,,455,0.3717000484466553,,0.0018768310546875
7284,,455,0.37221434712409973,,0.5993804931640625
7285,,455,0.2831338047981262,,0.378448486328125
7286,,455,0.3908821642398834,,0.01556396484375
7287,,455,0.4506280720233917,,0.067230224609375
7288,,455,0.47122782468795776,,1.52587890625e-05
7289,,455,0.4073272943496704,,0.0
7290,,455,0.5792500376701355,,0.0
7291,,455,0.4712565541267395,,0.0
7292,,455,0.45155400037765503,,0.1333160400390625
7293,,455,0.5333772897720337,,0.07415771484375
7294,,455,0.48329418897628784,,0.0073699951171875
7295,,455,0.35657742619514465,,0.0608062744140625
,1820,455,,0.3869097828865051,0.2125701904296875
,1821,455,,0.2913762032985687,0.0781402587890625
,1822,455,,0.3590657413005829,0.0941925048828125
,1823,455,,0.2881071865558624,0.27587890625
7296,,456,0.48193174600601196,,0.0
7297,,456,0.36776411533355713,,0.0
7298,,456,0.3481486439704895,,3.0517578125e-05
7299,,456,0.5134254693984985,,0.0018768310546875
7300,,456,0.35045722126960754,,0.5993804931640625
7301,,456,0.29527169466018677,,0.378448486328125
7302,,456,0.4579373598098755,,0.01556396484375
7303,,456,0.430026113986969,,0.067230224609375
7304,,456,0.5140580534934998,,1.52587890625e-05
7305,,456,0.3917018473148346,,0.0
7306,,456,0.40821635723114014,,0.0
7307,,456,0.4819529056549072,,0.0
7308,,456,0.43322575092315674,,0.1333160400390625
7309,,456,0.34907764196395874,,0.07415771484375
7310,,456,0.31621769070625305,,0.0073699951171875
7311,,456,0.43023058772087097,,0.0608062744140625
,1824,456,,0.17536088824272156,0.2125701904296875
,1825,456,,0.39225122332572937,0.0781402587890625
,1826,456,,0.3018144965171814,0.0941925048828125
,1827,456,,0.2365913838148117,0.27587890625
7312,,457,0.3632581830024719,,0.0
7313,,457,0.4104743003845215,,0.0
7314,,457,0.35029473900794983,,3.0517578125e-05
7315,,457,0.4646158516407013,,0.0018768310546875
7316,,457,0.3299887478351593,,0.5993804931640625
7317,,457,0.36072760820388794,,0.378448486328125
7318,,457,0.4309553802013397,,0.01556396484375
7319,,457,0.41536974906921387,,0.067230224609375
7320,,457,0.4759241044521332,,1.52587890625e-05
7321,,457,0.3896036744117737,,0.0
7322,,457,0.3556767702102661,,0.0
7323,,457,0.3685045540332794,,0.0
7324,,457,0.33880525827407837,,0.1333160400390625
7325,,457,0.3802211880683899,,0.07415771484375
7326,,457,0.6118055582046509,,0.0073699951171875
7327,,457,0.3743889033794403,,0.0608062744140625
,1828,457,,0.26349353790283203,0.2125701904296875
,1829,457,,0.48761677742004395,0.0781402587890625
,1830,457,,0.44124269485473633,0.0941925048828125
,1831,457,,0.19233541190624237,0.27587890625
7328,,458,0.45934897661209106,,0.0
7329,,458,0.5160753726959229,,0.0
7330,,458,0.5071654319763184,,3.0517578125e-05
7331,,458,0.5268911719322205,,0.0018768310546875
7332,,458,0.39467373490333557,,0.5993804931640625
7333,,458,0.3274654150009155,,0.378448486328125
7334,,458,0.4951900243759155,,0.01556396484375
7335,,458,0.28296327590942383,,0.067230224609375
7336,,458,0.5319347381591797,,1.52587890625e-05
7337,,458,0.4764323830604553,,0.0
7338,,458,0.5415692925453186,,0.0
7339,,458,0.33854830265045166,,0.0
7340,,458,0.3757186830043793,,0.1333160400390625
7341,,458,0.46934881806373596,,0.07415771484375
7342,,458,0.39177680015563965,,0.0073699951171875
7343,,458,0.4971623718738556,,0.0608062744140625
,1832,458,,0.1359551101922989,0.2125701904296875
,1833,458,,0.4106787145137787,0.0781402587890625
,1834,458,,0.36769306659698486,0.0941925048828125
,1835,458,,0.21542461216449738,0.27587890625
7344,,459,0.4987265467643738,,0.0
7345,,459,0.4682990312576294,,0.0
7346,,459,0.6284739971160889,,3.0517578125e-05
7347,,459,0.38704365491867065,,0.0018768310546875
7348,,459,0.32714056968688965,,0.5993804931640625
7349,,459,0.34652987122535706,,0.378448486328125
7350,,459,0.4454297423362732,,0.01556396484375
7351,,459,0.4856017231941223,,0.067230224609375
7352,,459,0.48168203234672546,,1.52587890625e-05
7353,,459,0.46884453296661377,,0.0
7354,,459,0.3131961226463318,,0.0
7355,,459,0.3788004219532013,,0.0
7356,,459,0.40498125553131104,,0.1333160400390625
7357,,459,0.4304679036140442,,0.07415771484375
7358,,459,0.44038212299346924,,0.0073699951171875
7359,,459,0.31126198172569275,,0.0608062744140625
,1836,459,,0.22815823554992676,0.2125701904296875
,1837,459,,0.4768999218940735,0.0781402587890625
,1838,459,,0.5725865960121155,0.0941925048828125
,1839,459,,0.22822293639183044,0.27587890625
7360,,460,0.4665476083755493,,0.0
7361,,460,0.4313218593597412,,0.0
7362,,460,0.5381656885147095,,3.0517578125e-05
7363,,460,0.46902158856391907,,0.0018768310546875
7364,,460,0.3680614233016968,,0.5993804931640625
7365,,460,0.34781646728515625,,0.378448486328125
7366,,460,0.6153743267059326,,0.01556396484375
7367,,460,0.4142589867115021,,0.067230224609375
7368,,460,0.4931086599826813,,1.52587890625e-05
7369,,460,0.5036182403564453,,0.0
7370,,460,0.564225971698761,,0.0
7371,,460,0.5030308961868286,,0.0
7372,,460,0.3644419312477112,,0.1333160400390625
7373,,460,0.3648504912853241,,0.07415771484375
7374,,460,0.5760360956192017,,0.0073699951171875
7375,,460,0.410672664642334,,0.0608062744140625
,1840,460,,0.2610509991645813,0.2125701904296875
,1841,460,,0.3149603009223938,0.0781402587890625
,1842,460,,0.3458777070045471,0.0941925048828125
,1843,460,,0.19252581894397736,0.27587890625
7376,,461,0.47480636835098267,,0.0
7377,,461,0.4437057077884674,,0.0
7378,,461,0.5068115592002869,,3.0517578125e-05
7379,,461,0.5379613041877747,,0.0018768310546875
7380,,461,0.3574886918067932,,0.5993804931640625
7381,,461,0.298364520072937,,0.378448486328125
7382,,461,0.5687744617462158,,0.01556396484375
7383,,461,0.49044424295425415,,0.067230224609375
7384,,461,0.599260687828064,,1.52587890625e-05
7385,,461,0.45328131318092346,,0.0
7386,,461,0.5105414390563965,,0.0
7387,,461,0.49661290645599365,,0.0
7388,,461,0.32642143964767456,,0.1333160400390625
7389,,461,0.3592352867126465,,0.07415771484375
7390,,461,0.5147817730903625,,0.0073699951171875
7391,,461,0.48082828521728516,,0.0608062744140625
,1844,461,,0.297143816947937,0.2125701904296875
,1845,461,,0.3616040349006653,0.0781402587890625
,1846,461,,0.3337414264678955,0.0941925048828125
,1847,461,,0.2144799530506134,0.27587890625
7392,,462,0.5560591220855713,,0.0
7393,,462,0.4723329544067383,,0.0
7394,,462,0.5540560483932495,,3.0517578125e-05
7395,,462,0.5072343349456787,,0.0018768310546875
7396,,462,0.334980845451355,,0.5993804931640625
7397,,462,0.2762276530265808,,0.378448486328125
7398,,462,0.546380341053009,,0.01556396484375
7399,,462,0.484608918428421,,0.067230224609375
7400,,462,0.6197880506515503,,1.52587890625e-05
7401,,462,0.3973364531993866,,0.0
7402,,462,0.44381090998649597,,0.0
7403,,462,0.5084113478660583,,0.0
7404,,462,0.30048584938049316,,0.1333160400390625
7405,,462,0.5943747758865356,,0.07415771484375
7406,,462,0.5401713848114014,,0.0073699951171875
7407,,462,0.3396564722061157,,0.0608062744140625
,1848,462,,0.2454313039779663,0.2125701904296875
,1849,462,,0.3222684860229492,0.0781402587890625
,1850,462,,0.35840100049972534,0.0941925048828125
,1851,462,,0.305514931678772,0.27587890625
7408,,463,0.5279260277748108,,0.0
7409,,463,0.4427877366542816,,0.0
7410,,463,0.5624192953109741,,3.0517578125e-05
7411,,463,0.46054068207740784,,0.0018768310546875
7412,,463,0.3502989411354065,,0.5993804931640625
7413,,463,0.29053378105163574,,0.378448486328125
7414,,463,0.6241387128829956,,0.01556396484375
7415,,463,0.42450493574142456,,0.067230224609375
7416,,463,0.6033974885940552,,1.52587890625e-05
7417,,463,0.5793402194976807,,0.0
7418,,463,0.5570180416107178,,0.0
7419,,463,0.4862658977508545,,0.0
7420,,463,0.44381970167160034,,0.1333160400390625
7421,,463,0.47782155871391296,,0.07415771484375
7422,,463,0.3251808285713196,,0.0073699951171875
7423,,463,0.39820992946624756,,0.0608062744140625
,1852,463,,0.33617937564849854,0.2125701904296875
,1853,463,,0.33144959807395935,0.0781402587890625
,1854,463,,0.5694499015808105,0.0941925048828125
,1855,463,,0.26071396470069885,0.27587890625
7424,,464,0.5735395550727844,,0.0
7425,,464,0.5966553092002869,,0.0
7426,,464,0.4867965579032898,,3.0517578125e-05
7427,,464,0.47731754183769226,,0.0018768310546875
7428,,464,0.37924885749816895,,0.5993804931640625
7429,,464,0.3105098605155945,,0.378448486328125
7430,,464,0.44841468334198,,0.01556396484375
7431,,464,0.46284860372543335,,0.067230224609375
7432,,464,0.5715044736862183,,1.52587890625e-05
7433,,464,0.5851473212242126,,0.0
7434,,464,0.4779846966266632,,0.0
7435,,464,0.6197762489318848,,0.0
7436,,464,0.4123207926750183,,0.1333160400390625
7437,,464,0.42855533957481384,,0.07415771484375
7438,,464,0.48275071382522583,,0.0073699951171875
7439,,464,0.47665029764175415,,0.0608062744140625
,1856,464,,0.2536114454269409,0.2125701904296875
,1857,464,,0.4340119957923889,0.0781402587890625
,1858,464,,0.309139221906662,0.0941925048828125
,1859,464,,0.24272263050079346,0.27587890625
7440,,465,0.40528011322021484,,0.0
7441,,465,0.5716785192489624,,0.0
7442,,465,0.4716946482658386,,3.0517578125e-05
7443,,465,0.4880918264389038,,0.0018768310546875
7444,,465,0.3727029263973236,,0.5993804931640625
7445,,465,0.2907920777797699,,0.378448486328125
7446,,465,0.43806391954421997,,0.01556396484375
7447,,465,0.3959851562976837,,0.067230224609375
7448,,465,0.45319586992263794,,1.52587890625e-05
7449,,465,0.4895809590816498,,0.0
7450,,465,0.568439245223999,,0.0
7451,,465,0.5949455499649048,,0.0
7452,,465,0.43650946021080017,,0.1333160400390625
7453,,465,0.2880789041519165,,0.07415771484375
7454,,465,0.48701682686805725,,0.0073699951171875
7455,,465,0.5117148160934448,,0.0608062744140625
,1860,465,,0.28829225897789,0.2125701904296875
,1861,465,,0.45400744676589966,0.0781402587890625
,1862,465,,0.3759891986846924,0.0941925048828125
,1863,465,,0.23968908190727234,0.27587890625
7456,,466,0.6073199510574341,,0.0
7457,,466,0.45240408182144165,,0.0
7458,,466,0.4286658763885498,,3.0517578125e-05
7459,,466,0.564590573310852,,0.0018768310546875
7460,,466,0.33942878246307373,,0.5993804931640625
7461,,466,0.33974525332450867,,0.378448486328125
7462,,466,0.5217369198799133,,0.01556396484375
7463,,466,0.335697740316391,,0.067230224609375
7464,,466,0.49272555112838745,,1.52587890625e-05
7465,,466,0.5254570245742798,,0.0
7466,,466,0.48687732219696045,,0.0
7467,,466,0.37355151772499084,,0.0
7468,,466,0.5059337615966797,,0.1333160400390625
7469,,466,0.5050909519195557,,0.07415771484375
7470,,466,0.6068629026412964,,0.0073699951171875
7471,,466,0.415581077337265,,0.0608062744140625
,1864,466,,0.43328070640563965,0.2125701904296875
,1865,466,,0.5083886384963989,0.0781402587890625
,1866,466,,0.5167645215988159,0.0941925048828125
,1867,466,,0.28130340576171875,0.27587890625
7472,,467,0.5390485525131226,,0.0
7473,,467,0.5614140033721924,,0.0
7474,,467,0.3567048907279968,,3.0517578125e-05
7475,,467,0.6421862840652466,,0.0018768310546875
7476,,467,0.3595616817474365,,0.5993804931640625
7477,,467,0.37472355365753174,,0.378448486328125
7478,,467,0.4931653141975403,,0.01556396484375
7479,,467,0.3264143168926239,,0.067230224609375
7480,,467,0.515559732913971,,1.52587890625e-05
7481,,467,0.4259961247444153,,0.0
7482,,467,0.5222439765930176,,0.0
7483,,467,0.5305750966072083,,0.0
7484,,467,0.3935542106628418,,0.1333160400390625
7485,,467,0.49958720803260803,,0.07415771484375
7486,,467,0.39023420214653015,,0.0073699951171875
7487,,467,0.401081383228302,,0.0608062744140625
,1868,467,,0.24884033203125,0.2125701904296875
,1869,467,,0.3319244086742401,0.0781402587890625
,1870,467,,0.38799792528152466,0.0941925048828125
,1871,467,,0.17450463771820068,0.27587890625
7488,,468,0.5051155090332031,,0.0
7489,,468,0.5861626863479614,,0.0
7490,,468,0.5096868276596069,,3.0517578125e-05
7491,,468,0.4477182626724243,,0.0018768310546875
7492,,468,0.4100465476512909,,0.5993804931640625
7493,,468,0.34335315227508545,,0.378448486328125
7494,,468,0.5395487546920776,,0.01556396484375
7495,,468,0.2920237183570862,,0.067230224609375
7496,,468,0.4329732656478882,,1.52587890625e-05
7497,,468,0.4380790889263153,,0.0
7498,,468,0.39858031272888184,,0.0
7499,,468,0.4506680369377136,,0.0
7500,,468,0.4235706031322479,,0.1333160400390625
7501,,468,0.41866064071655273,,0.07415771484375
7502,,468,0.40091532468795776,,0.0073699951171875
7503,,468,0.5175420045852661,,0.0608062744140625
,1872,468,,0.27457860112190247,0.2125701904296875
,1873,468,,0.43755587935447693,0.0781402587890625
,1874,468,,0.44690823554992676,0.0941925048828125
,1875,468,,0.2487550973892212,0.27587890625
7504,,469,0.40808242559432983,,0.0
7505,,469,0.5778272151947021,,0.0
7506,,469,0.4052242934703827,,3.0517578125e-05
7507,,469,0.397006094455719,,0.0018768310546875
7508,,469,0.3311886191368103,,0.5993804931640625
7509,,469,0.2862452566623688,,0.378448486328125
7510,,469,0.5302942395210266,,0.01556396484375
7511,,469,0.44268739223480225,,0.067230224609375
7512,,469,0.5219118595123291,,1.52587890625e-05
7513,,469,0.5150625705718994,,0.0
7514,,469,0.36961036920547485,,0.0
7515,,469,0.600104033946991,,0.0
7516,,469,0.4023595452308655,,0.1333160400390625
7517,,469,0.30702459812164307,,0.07415771484375
7518,,469,0.4973434507846832,,0.0073699951171875
7519,,469,0.3864341378211975,,0.0608062744140625
,1876,469,,0.35220158100128174,0.2125701904296875
,1877,469,,0.35221245884895325,0.0781402587890625
,1878,469,,0.4592953026294708,0.0941925048828125
,1879,469,,0.11338865756988525,0.27587890625
7520,,470,0.45559442043304443,,0.0
7521,,470,0.45444583892822266,,0.0
7522,,470,0.5826239585876465,,3.0517578125e-05
7523,,470,0.5598363876342773,,0.0018768310546875
7524,,470,0.3592415452003479,,0.5993804931640625
7525,,470,0.34440097212791443,,0.378448486328125
7526,,470,0.6204507946968079,,0.01556396484375
7527,,470,0.4937496781349182,,0.067230224609375
7528,,470,0.4410451650619507,,1.52587890625e-05
7529,,470,0.6148333549499512,,0.0
7530,,470,0.503229022026062,,0.0
7531,,470,0.6038762927055359,,0.0
7532,,470,0.34522226452827454,,0.1333160400390625
7533,,470,0.3077133893966675,,0.07415771484375
7534,,470,0.511335551738739,,0.0073699951171875
7535,,470,0.35208767652511597,,0.0608062744140625
,1880,470,,0.1946069300174713,0.2125701904296875
,1881,470,,0.41530829668045044,0.0781402587890625
,1882,470,,0.46524643898010254,0.0941925048828125
,1883,470,,0.1538761556148529,0.27587890625
7536,,471,0.5794578194618225,,0.0
7537,,471,0.36407509446144104,,0.0
7538,,471,0.5848217010498047,,3.0517578125e-05
7539,,471,0.39605551958084106,,0.0018768310546875
7540,,471,0.3788979947566986,,0.5993804931640625
7541,,471,0.3808889389038086,,0.378448486328125
7542,,471,0.5335545539855957,,0.01556396484375
7543,,471,0.5710353851318359,,0.067230224609375
7544,,471,0.5794090032577515,,1.52587890625e-05
7545,,471,0.40341222286224365,,0.0
7546,,471,0.5089839696884155,,0.0
7547,,471,0.45492833852767944,,0.0
7548,,471,0.4104112386703491,,0.1333160400390625
7549,,471,0.3797820210456848,,0.07415771484375
7550,,471,0.3862866163253784,,0.0073699951171875
7551,,471,0.43729525804519653,,0.0608062744140625
,1884,471,,0.2349264770746231,0.2125701904296875
,1885,471,,0.3301631808280945,0.0781402587890625
,1886,471,,0.3467293083667755,0.0941925048828125
,1887,471,,0.15911810100078583,0.27587890625
7552,,472,0.5675141215324402,,0.0
7553,,472,0.48121964931488037,,0.0
7554,,472,0.518042802810669,,3.0517578125e-05
7555,,472,0.4847615957260132,,0.0018768310546875
7556,,472,0.3663243353366852,,0.5993804931640625
7557,,472,0.3359820544719696,,0.378448486328125
7558,,472,0.5286768674850464,,0.01556396484375
7559,,472,0.4848290681838989,,0.067230224609375
7560,,472,0.4670071005821228,,1.52587890625e-05
7561,,472,0.5610885620117188,,0.0
7562,,472,0.4361710548400879,,0.0
7563,,472,0.3643321990966797,,0.0
7564,,472,0.38350874185562134,,0.1333160400390625
7565,,472,0.42117923498153687,,0.07415771484375
7566,,472,0.3421154022216797,,0.0073699951171875
7567,,472,0.3102850317955017,,0.0608062744140625
,1888,472,,0.33788785338401794,0.2125701904296875
,1889,472,,0.3418225944042206,0.0781402587890625
,1890,472,,0.37158167362213135,0.0941925048828125
,1891,472,,0.1254640519618988,0.27587890625
7568,,473,0.43757984042167664,,0.0
7569,,473,0.4287486672401428,,0.0
7570,,473,0.5876044034957886,,3.0517578125e-05
7571,,473,0.45690280199050903,,0.0018768310546875
7572,,473,0.3304198980331421,,0.5993804931640625
7573,,473,0.3497813045978546,,0.378448486328125
7574,,473,0.44044169783592224,,0.01556396484375
7575,,473,0.43300265073776245,,0.067230224609375
7576,,473,0.4194863438606262,,1.52587890625e-05
7577,,473,0.38136744499206543,,0.0
7578,,473,0.6365753412246704,,0.0
7579,,473,0.45610201358795166,,0.0
7580,,473,0.3762724995613098,,0.1333160400390625
7581,,473,0.49513962864875793,,0.07415771484375
7582,,473,0.4562966227531433,,0.0073699951171875
7583,,473,0.2885449528694153,,0.0608062744140625
,1892,473,,0.37662285566329956,0.2125701904296875
,1893,473,,0.4520813822746277,0.0781402587890625
,1894,473,,0.5174897313117981,0.0941925048828125
,1895,473,,0.27806127071380615,0.27587890625
7584,,474,0.36990848183631897,,0.0
7585,,474,0.5361379384994507,,0.0
7586,,474,0.29645639657974243,,3.0517578125e-05
7587,,474,0.44988521933555603,,0.0018768310546875
7588,,474,0.4102383255958557,,0.5993804931640625
7589,,474,0.3605644404888153,,0.378448486328125
7590,,474,0.5513712763786316,,0.01556396484375
7591,,474,0.36358362436294556,,0.067230224609375
7592,,474,0.6631178259849548,,1.52587890625e-05
7593,,474,0.5785120725631714,,0.0
7594,,474,0.3807547688484192,,0.0
7595,,474,0.4429122805595398,,0.0
7596,,474,0.40833181142807007,,0.1333160400390625
7597,,474,0.2643088102340698,,0.07415771484375
7598,,474,0.48690682649612427,,0.0073699951171875
7599,,474,0.46668416261672974,,0.0608062744140625
,1896,474,,0.22409607470035553,0.2125701904296875
,1897,474,,0.29753512144088745,0.0781402587890625
,1898,474,,0.5206860899925232,0.0941925048828125
,1899,474,,0.22252090275287628,0.27587890625
7600,,475,0.5430597066879272,,0.0
7601,,475,0.4590604603290558,,0.0
7602,,475,0.5984574556350708,,3.0517578125e-05
7603,,475,0.404061883687973,,0.0018768310546875
7604,,475,0.35618966817855835,,0.5993804931640625
7605,,475,0.2849792242050171,,0.378448486328125
7606,,475,0.4479135274887085,,0.01556396484375
7607,,475,0.3181854486465454,,0.067230224609375
7608,,475,0.47461172938346863,,1.52587890625e-05
7609,,475,0.40684622526168823,,0.0
7610,,475,0.7040315866470337,,0.0
7611,,475,0.6361265182495117,,0.0
7612,,475,0.43623703718185425,,0.1333160400390625
7613,,475,0.43399930000305176,,0.07415771484375
7614,,475,0.5920640230178833,,0.0073699951171875
7615,,475,0.38666605949401855,,0.0608062744140625
,1900,475,,0.27926695346832275,0.2125701904296875
,1901,475,,0.3949934244155884,0.0781402587890625
,1902,475,,0.41411468386650085,0.0941925048828125
,1903,475,,0.3089134693145752,0.27587890625
7616,,476,0.43364596366882324,,0.0
7617,,476,0.47077909111976624,,0.0
7618,,476,0.50581294298172,,3.0517578125e-05
7619,,476,0.49607226252555847,,0.0018768310546875
7620,,476,0.3464399576187134,,0.5993804931640625
7621,,476,0.3164328336715698,,0.378448486328125
7622,,476,0.44992929697036743,,0.01556396484375
7623,,476,0.45199164748191833,,0.067230224609375
7624,,476,0.3710542619228363,,1.52587890625e-05
7625,,476,0.5613453388214111,,0.0
7626,,476,0.6054674386978149,,0.0
7627,,476,0.5275829434394836,,0.0
7628,,476,0.3391130566596985,,0.1333160400390625
7629,,476,0.5315793752670288,,0.07415771484375
7630,,476,0.5643101334571838,,0.0073699951171875
7631,,476,0.34529632329940796,,0.0608062744140625
,1904,476,,0.337457537651062,0.2125701904296875
,1905,476,,0.342067688703537,0.0781402587890625
,1906,476,,0.4058300852775574,0.0941925048828125
,1907,476,,0.28699177503585815,0.27587890625
7632,,477,0.519989550113678,,0.0
7633,,477,0.5541387796401978,,0.0
7634,,477,0.5005006790161133,,3.0517578125e-05
7635,,477,0.439001202583313,,0.0018768310546875
7636,,477,0.33290165662765503,,0.5993804931640625
7637,,477,0.3458876311779022,,0.378448486328125
7638,,477,0.3769782781600952,,0.01556396484375
7639,,477,0.35008352994918823,,0.067230224609375
7640,,477,0.6538249850273132,,1.52587890625e-05
7641,,477,0.455280065536499,,0.0
7642,,477,0.5254675149917603,,0.0
7643,,477,0.5863916873931885,,0.0
7644,,477,0.4354153275489807,,0.1333160400390625
7645,,477,0.366438090801239,,0.07415771484375
7646,,477,0.5494516491889954,,0.0073699951171875
7647,,477,0.45531409978866577,,0.0608062744140625
,1908,477,,0.2778800427913666,0.2125701904296875
,1909,477,,0.38902169466018677,0.0781402587890625
,1910,477,,0.24638819694519043,0.0941925048828125
,1911,477,,0.13229066133499146,0.27587890625
7648,,478,0.41199952363967896,,0.0
7649,,478,0.5747593641281128,,0.0
7650,,478,0.5236822962760925,,3.0517578125e-05
7651,,478,0.5183373689651489,,0.0018768310546875
7652,,478,0.3909868597984314,,0.5993804931640625
7653,,478,0.33223506808280945,,0.378448486328125
7654,,478,0.49213021993637085,,0.01556396484375
7655,,478,0.4528643488883972,,0.067230224609375
7656,,478,0.544509768486023,,1.52587890625e-05
7657,,478,0.6062813997268677,,0.0
7658,,478,0.5152426362037659,,0.0
7659,,478,0.44505298137664795,,0.0
7660,,478,0.409406453371048,,0.1333160400390625
7661,,478,0.45392605662345886,,0.07415771484375
7662,,478,0.60366290807724,,0.0073699951171875
7663,,478,0.5074048638343811,,0.0608062744140625
,1912,478,,0.42631155252456665,0.2125701904296875
,1913,478,,0.40606021881103516,0.0781402587890625
,1914,478,,0.43045228719711304,0.0941925048828125
,1915,478,,0.2513735294342041,0.27587890625
7664,,479,0.5391708016395569,,0.0
7665,,479,0.4585653245449066,,0.0
7666,,479,0.6271923184394836,,3.0517578125e-05
7667,,479,0.5632905960083008,,0.0018768310546875
7668,,479,0.36609452962875366,,0.5993804931640625
7669,,479,0.31850478053092957,,0.378448486328125
7670,,479,0.4941781163215637,,0.01556396484375
7671,,479,0.30872005224227905,,0.067230224609375
7672,,479,0.5011170506477356,,1.52587890625e-05
7673,,479,0.6046514511108398,,0.0
7674,,479,0.4968484342098236,,0.0
7675,,479,0.46453428268432617,,0.0
7676,,479,0.337625652551651,,0.1333160400390625
7677,,479,0.5723001956939697,,0.07415771484375
7678,,479,0.5575011968612671,,0.0073699951171875
7679,,479,0.49286484718322754,,0.0608062744140625
,1916,479,,0.17074140906333923,0.2125701904296875
,1917,479,,0.5500928163528442,0.0781402587890625
,1918,479,,0.3658914268016815,0.0941925048828125
,1919,479,,0.2052024006843567,0.27587890625
7680,,480,0.3691798448562622,,0.0
7681,,480,0.5939658880233765,,0.0
7682,,480,0.6200941801071167,,3.0517578125e-05
7683,,480,0.46290123462677,,0.0018768310546875
7684,,480,0.37055906653404236,,0.5993804931640625
7685,,480,0.36601242423057556,,0.378448486328125
7686,,480,0.48672807216644287,,0.01556396484375
7687,,480,0.4250115752220154,,0.067230224609375
7688,,480,0.4516046643257141,,1.52587890625e-05
7689,,480,0.4586699604988098,,0.0
7690,,480,0.38376110792160034,,0.0
7691,,480,0.41386061906814575,,0.0
7692,,480,0.39853620529174805,,0.1333160400390625
7693,,480,0.3556208312511444,,0.07415771484375
7694,,480,0.5651800632476807,,0.0073699951171875
7695,,480,0.5016708970069885,,0.0608062744140625
,1920,480,,0.4078572690486908,0.2125701904296875
,1921,480,,0.46741971373558044,0.0781402587890625
,1922,480,,0.5720066428184509,0.0941925048828125
,1923,480,,0.19707953929901123,0.27587890625
7696,,481,0.34515804052352905,,0.0
7697,,481,0.7339364886283875,,0.0
7698,,481,0.5965684056282043,,3.0517578125e-05
7699,,481,0.46462446451187134,,0.0018768310546875
7700,,481,0.3626711070537567,,0.5993804931640625
7701,,481,0.366695374250412,,0.378448486328125
7702,,481,0.47044894099235535,,0.01556396484375
7703,,481,0.40027815103530884,,0.067230224609375
7704,,481,0.5507512092590332,,1.52587890625e-05
7705,,481,0.43691486120224,,0.0
7706,,481,0.4128496050834656,,0.0
7707,,481,0.5914763808250427,,0.0
7708,,481,0.322437584400177,,0.1333160400390625
7709,,481,0.4141349792480469,,0.07415771484375
7710,,481,0.5724985599517822,,0.0073699951171875
7711,,481,0.442994087934494,,0.0608062744140625
,1924,481,,0.322085976600647,0.2125701904296875
,1925,481,,0.5281434059143066,0.0781402587890625
,1926,481,,0.4174657464027405,0.0941925048828125
,1927,481,,0.2734594941139221,0.27587890625
7712,,482,0.533643364906311,,0.0
7713,,482,0.4417099356651306,,0.0
7714,,482,0.5948224663734436,,3.0517578125e-05
7715,,482,0.5323577523231506,,0.0018768310546875
7716,,482,0.3106955885887146,,0.5993804931640625
7717,,482,0.3239396810531616,,0.378448486328125
7718,,482,0.3975368142127991,,0.01556396484375
7719,,482,0.35120850801467896,,0.067230224609375
7720,,482,0.3549591302871704,,1.52587890625e-05
7721,,482,0.5107685327529907,,0.0
7722,,482,0.44900816679000854,,0.0
7723,,482,0.4107462167739868,,0.0
7724,,482,0.24203084409236908,,0.1333160400390625
7725,,482,0.5032303333282471,,0.07415771484375
7726,,482,0.521692156791687,,0.0073699951171875
7727,,482,0.40403643250465393,,0.0608062744140625
,1928,482,,0.23615756630897522,0.2125701904296875
,1929,482,,0.4725914001464844,0.0781402587890625
,1930,482,,0.46726474165916443,0.0941925048828125
,1931,482,,0.11084458231925964,0.27587890625
7728,,483,0.5322476625442505,,0.0
7729,,483,0.5057343244552612,,0.0
7730,,483,0.5246795415878296,,3.0517578125e-05
7731,,483,0.5027385950088501,,0.0018768310546875
7732,,483,0.3266374170780182,,0.5993804931640625
7733,,483,0.3516731858253479,,0.378448486328125
7734,,483,0.5200042724609375,,0.01556396484375
7735,,483,0.3865787982940674,,0.067230224609375
7736,,483,0.5560166835784912,,1.52587890625e-05
7737,,483,0.41456007957458496,,0.0
7738,,483,0.4200711250305176,,0.0
7739,,483,0.4572386145591736,,0.0
7740,,483,0.3650481700897217,,0.1333160400390625
7741,,483,0.558870255947113,,0.07415771484375
7742,,483,0.5647450685501099,,0.0073699951171875
7743,,483,0.49274587631225586,,0.0608062744140625
,1932,483,,0.3204684257507324,0.2125701904296875
,1933,483,,0.4514663815498352,0.0781402587890625
,1934,483,,0.40938833355903625,0.0941925048828125
,1935,483,,0.1912074238061905,0.27587890625
7744,,484,0.40304940938949585,,0.0
7745,,484,0.5435096025466919,,0.0
7746,,484,0.44093218445777893,,3.0517578125e-05
7747,,484,0.47346946597099304,,0.0018768310546875
7748,,484,0.3717665374279022,,0.5993804931640625
7749,,484,0.32028865814208984,,0.378448486328125
7750,,484,0.32309699058532715,,0.01556396484375
7751,,484,0.4299558997154236,,0.067230224609375
7752,,484,0.5705749988555908,,1.52587890625e-05
7753,,484,0.5485526323318481,,0.0
7754,,484,0.5620367527008057,,0.0
7755,,484,0.5486570000648499,,0.0
7756,,484,0.42451608180999756,,0.1333160400390625
7757,,484,0.5102952122688293,,0.07415771484375
7758,,484,0.3512374758720398,,0.0073699951171875
7759,,484,0.49038296937942505,,0.0608062744140625
,1936,484,,0.3123156428337097,0.2125701904296875
,1937,484,,0.36030498147010803,0.0781402587890625
,1938,484,,0.3193168044090271,0.0941925048828125
,1939,484,,0.27064669132232666,0.27587890625
7760,,485,0.4247589707374573,,0.0
7761,,485,0.5823182463645935,,0.0
7762,,485,0.4854138493537903,,3.0517578125e-05
7763,,485,0.3929797410964966,,0.0018768310546875
7764,,485,0.38980743288993835,,0.5993804931640625
7765,,485,0.35655951499938965,,0.378448486328125
7766,,485,0.4991393983364105,,0.01556396484375
7767,,485,0.38057929277420044,,0.067230224609375
7768,,485,0.5874369144439697,,1.52587890625e-05
7769,,485,0.5766894221305847,,0.0
7770,,485,0.32824018597602844,,0.0
7771,,485,0.5944249629974365,,0.0
7772,,485,0.3310942053794861,,0.1333160400390625
7773,,485,0.4009954333305359,,0.07415771484375
7774,,485,0.5829997062683105,,0.0073699951171875
7775,,485,0.39440739154815674,,0.0608062744140625
,1940,485,,0.30860769748687744,0.2125701904296875
,1941,485,,0.41884520649909973,0.0781402587890625
,1942,485,,0.39738237857818604,0.0941925048828125
,1943,485,,0.2059229463338852,0.27587890625
7776,,486,0.5074949264526367,,0.0
7777,,486,0.5225170254707336,,0.0
7778,,486,0.5378097295761108,,3.0517578125e-05
7779,,486,0.5454864501953125,,0.0018768310546875
7780,,486,0.3306772708892822,,0.5993804931640625
7781,,486,0.2746579647064209,,0.378448486328125
7782,,486,0.5004861950874329,,0.01556396484375
7783,,486,0.3714900016784668,,0.067230224609375
7784,,486,0.4286110997200012,,1.52587890625e-05
7785,,486,0.48597073554992676,,0.0
7786,,486,0.41912776231765747,,0.0
7787,,486,0.4981752038002014,,0.0
7788,,486,0.2757124900817871,,0.1333160400390625
7789,,486,0.48127323389053345,,0.07415771484375
7790,,486,0.5095524787902832,,0.0073699951171875
7791,,486,0.4764304757118225,,0.0608062744140625
,1944,486,,0.373984158039093,0.2125701904296875
,1945,486,,0.40484923124313354,0.0781402587890625
,1946,486,,0.29160284996032715,0.0941925048828125
,1947,486,,0.31060490012168884,0.27587890625
7792,,487,0.5382635593414307,,0.0
7793,,487,0.4245418310165405,,0.0
7794,,487,0.3681687116622925,,3.0517578125e-05
7795,,487,0.3094576895236969,,0.0018768310546875
7796,,487,0.359637588262558,,0.5993804931640625
7797,,487,0.3727113902568817,,0.378448486328125
7798,,487,0.36641255021095276,,0.01556396484375
7799,,487,0.33775413036346436,,0.067230224609375
7800,,487,0.41209566593170166,,1.52587890625e-05
7801,,487,0.3953201174736023,,0.0
7802,,487,0.5840305685997009,,0.0
7803,,487,0.5710282921791077,,0.0
7804,,487,0.41609179973602295,,0.1333160400390625
7805,,487,0.3404756784439087,,0.07415771484375
7806,,487,0.5619221925735474,,0.0073699951171875
7807,,487,0.397063672542572,,0.0608062744140625
,1948,487,,0.2989630103111267,0.2125701904296875
,1949,487,,0.4823916256427765,0.0781402587890625
,1950,487,,0.4314599335193634,0.0941925048828125
,1951,487,,0.2122742384672165,0.27587890625
7808,,488,0.6275991201400757,,0.0
7809,,488,0.5212326049804688,,0.0
7810,,488,0.708629846572876,,3.0517578125e-05
7811,,488,0.36353036761283875,,0.0018768310546875
7812,,488,0.37048447132110596,,0.5993804931640625
7813,,488,0.28519153594970703,,0.378448486328125
7814,,488,0.30815786123275757,,0.01556396484375
7815,,488,0.380119264125824,,0.067230224609375
7816,,488,0.3212704658508301,,1.52587890625e-05
7817,,488,0.4195559024810791,,0.0
7818,,488,0.5058410167694092,,0.0
7819,,488,0.5757004618644714,,0.0
7820,,488,0.4751163721084595,,0.1333160400390625
7821,,488,0.4389343857765198,,0.07415771484375
7822,,488,0.424140065908432,,0.0073699951171875
7823,,488,0.4027392268180847,,0.0608062744140625
,1952,488,,0.2671278417110443,0.2125701904296875
,1953,488,,0.4640726149082184,0.0781402587890625
,1954,488,,0.48312127590179443,0.0941925048828125
,1955,488,,0.2261720597743988,0.27587890625
7824,,489,0.5864818096160889,,0.0
7825,,489,0.4474771022796631,,0.0
7826,,489,0.4320669174194336,,3.0517578125e-05
7827,,489,0.5521288514137268,,0.0018768310546875
7828,,489,0.37283551692962646,,0.5993804931640625
7829,,489,0.3183351755142212,,0.378448486328125
7830,,489,0.54008948802948,,0.01556396484375
7831,,489,0.35788828134536743,,0.067230224609375
7832,,489,0.5125199556350708,,1.52587890625e-05
7833,,489,0.4858545660972595,,0.0
7834,,489,0.49709051847457886,,0.0
7835,,489,0.5137554407119751,,0.0
7836,,489,0.3694194555282593,,0.1333160400390625
7837,,489,0.46419432759284973,,0.07415771484375
7838,,489,0.6127912998199463,,0.0073699951171875
7839,,489,0.48697084188461304,,0.0608062744140625
,1956,489,,0.32241231203079224,0.2125701904296875
,1957,489,,0.46580594778060913,0.0781402587890625
,1958,489,,0.38675665855407715,0.0941925048828125
,1959,489,,0.20274215936660767,0.27587890625
7840,,490,0.36469125747680664,,0.0
7841,,490,0.5539370775222778,,0.0
7842,,490,0.5850266218185425,,3.0517578125e-05
7843,,490,0.4996799826622009,,0.0018768310546875
7844,,490,0.3429834544658661,,0.5993804931640625
7845,,490,0.2721644639968872,,0.378448486328125
7846,,490,0.48429256677627563,,0.01556396484375
7847,,490,0.5377042889595032,,0.067230224609375
7848,,490,0.5729776620864868,,1.52587890625e-05
7849,,490,0.6421438455581665,,0.0
7850,,490,0.5232192277908325,,0.0
7851,,490,0.590187668800354,,0.0
7852,,490,0.41371262073516846,,0.1333160400390625
7853,,490,0.2889206111431122,,0.07415771484375
7854,,490,0.480273962020874,,0.0073699951171875
7855,,490,0.40936121344566345,,0.0608062744140625
,1960,490,,0.32885563373565674,0.2125701904296875
,1961,490,,0.3455893397331238,0.0781402587890625
,1962,490,,0.3596770465373993,0.0941925048828125
,1963,490,,0.19767683744430542,0.27587890625
7856,,491,0.5292266011238098,,0.0
7857,,491,0.37532779574394226,,0.0
7858,,491,0.5055208206176758,,3.0517578125e-05
7859,,491,0.6089668273925781,,0.0018768310546875
7860,,491,0.34581100940704346,,0.5993804931640625
7861,,491,0.2869201898574829,,0.378448486328125
7862,,491,0.5602221488952637,,0.01556396484375
7863,,491,0.45881444215774536,,0.067230224609375
7864,,491,0.43046629428863525,,1.52587890625e-05
7865,,491,0.5048708915710449,,0.0
7866,,491,0.46606361865997314,,0.0
7867,,491,0.5465834140777588,,0.0
7868,,491,0.2960852384567261,,0.1333160400390625
7869,,491,0.40619510412216187,,0.07415771484375
7870,,491,0.40502655506134033,,0.0073699951171875
7871,,491,0.5105381011962891,,0.0608062744140625
,1964,491,,0.287723571062088,0.2125701904296875
,1965,491,,0.4397178888320923,0.0781402587890625
,1966,491,,0.2328052520751953,0.0941925048828125
,1967,491,,0.19671012461185455,0.27587890625
7872,,492,0.5540622472763062,,0.0
7873,,492,0.5007011294364929,,0.0
7874,,492,0.4634566307067871,,3.0517578125e-05
7875,,492,0.4209749102592468,,0.0018768310546875
7876,,492,0.36051589250564575,,0.5993804931640625
7877,,492,0.2803906798362732,,0.378448486328125
7878,,492,0.5623213052749634,,0.01556396484375
7879,,492,0.5200207233428955,,0.067230224609375
7880,,492,0.4982873499393463,,1.52587890625e-05
7881,,492,0.5246350169181824,,0.0
7882,,492,0.44853276014328003,,0.0
7883,,492,0.5494699478149414,,0.0
7884,,492,0.35779887437820435,,0.1333160400390625
7885,,492,0.42891594767570496,,0.07415771484375
7886,,492,0.49454039335250854,,0.0073699951171875
7887,,492,0.36205363273620605,,0.0608062744140625
,1968,492,,0.3396245539188385,0.2125701904296875
,1969,492,,0.3859616219997406,0.0781402587890625
,1970,492,,0.28768086433410645,0.0941925048828125
,1971,492,,0.2073638141155243,0.27587890625
7888,,493,0.6125374436378479,,0.0
7889,,493,0.5574761629104614,,0.0
7890,,493,0.4096927344799042,,3.0517578125e-05
7891,,493,0.41612884402275085,,0.0018768310546875
7892,,493,0.377154141664505,,0.5993804931640625
7893,,493,0.3608798384666443,,0.378448486328125
7894,,493,0.5569013357162476,,0.01556396484375
7895,,493,0.48043355345726013,,0.067230224609375
7896,,493,0.4519118666648865,,1.52587890625e-05
7897,,493,0.5314148664474487,,0.0
7898,,493,0.5557876825332642,,0.0
7899,,493,0.4607742428779602,,0.0
7900,,493,0.41605859994888306,,0.1333160400390625
7901,,493,0.43802881240844727,,0.07415771484375
7902,,493,0.5563186407089233,,0.0073699951171875
7903,,493,0.4897346496582031,,0.0608062744140625
,1972,493,,0.3919718265533447,0.2125701904296875
,1973,493,,0.5371893644332886,0.0781402587890625
,1974,493,,0.37221652269363403,0.0941925048828125
,1975,493,,0.16421987116336823,0.27587890625
7904,,494,0.395788311958313,,0.0
7905,,494,0.40495502948760986,,0.0
7906,,494,0.4417504072189331,,3.0517578125e-05
7907,,494,0.5027033686637878,,0.0018768310546875
7908,,494,0.39068418741226196,,0.5993804931640625
7909,,494,0.42429956793785095,,0.378448486328125
7910,,494,0.5022022128105164,,0.01556396484375
7911,,494,0.5292560458183289,,0.067230224609375
7912,,494,0.4549204707145691,,1.52587890625e-05
7913,,494,0.4128316342830658,,0.0
7914,,494,0.5342390537261963,,0.0
7915,,494,0.3730303645133972,,0.0
7916,,494,0.30230116844177246,,0.1333160400390625
7917,,494,0.3941223919391632,,0.07415771484375
7918,,494,0.6143317222595215,,0.0073699951171875
7919,,494,0.46905332803726196,,0.0608062744140625
,1976,494,,0.27331897616386414,0.2125701904296875
,1977,494,,0.4253731071949005,0.0781402587890625
,1978,494,,0.3339885175228119,0.0941925048828125
,1979,494,,0.2253589928150177,0.27587890625
7920,,495,0.37162646651268005,,0.0
7921,,495,0.4171648919582367,,0.0
7922,,495,0.5660730600357056,,3.0517578125e-05
7923,,495,0.6440986394882202,,0.0018768310546875
7924,,495,0.42354148626327515,,0.5993804931640625
7925,,495,0.29090309143066406,,0.378448486328125
7926,,495,0.5205541253089905,,0.01556396484375
7927,,495,0.4930068254470825,,0.067230224609375
7928,,495,0.3837622404098511,,1.52587890625e-05
7929,,495,0.33204591274261475,,0.0
7930,,495,0.5651718378067017,,0.0
7931,,495,0.41988444328308105,,0.0
7932,,495,0.3818414807319641,,0.1333160400390625
7933,,495,0.4087907373905182,,0.07415771484375
7934,,495,0.5412167310714722,,0.0073699951171875
7935,,495,0.5008075833320618,,0.0608062744140625
,1980,495,,0.2862391173839569,0.2125701904296875
,1981,495,,0.4239581227302551,0.0781402587890625
,1982,495,,0.3560149073600769,0.0941925048828125
,1983,495,,0.28596389293670654,0.27587890625
7936,,496,0.5688385963439941,,0.0
7937,,496,0.4140501618385315,,0.0
7938,,496,0.400776207447052,,3.0517578125e-05
7939,,496,0.499726265668869,,0.0018768310546875
7940,,496,0.3498910367488861,,0.5993804931640625
7941,,496,0.3443050682544708,,0.378448486328125
7942,,496,0.5860567092895508,,0.01556396484375
7943,,496,0.37991029024124146,,0.067230224609375
7944,,496,0.4722761809825897,,1.52587890625e-05
7945,,496,0.5506422519683838,,0.0
7946,,496,0.567777156829834,,0.0
7947,,496,0.49740612506866455,,0.0
7948,,496,0.40070831775665283,,0.1333160400390625
7949,,496,0.5610369443893433,,0.07415771484375
7950,,496,0.4340178966522217,,0.0073699951171875
7951,,496,0.48474442958831787,,0.0608062744140625
,1984,496,,0.1562221646308899,0.2125701904296875
,1985,496,,0.47280406951904297,0.0781402587890625
,1986,496,,0.3925210237503052,0.0941925048828125
,1987,496,,0.1928505003452301,0.27587890625
7952,,497,0.5148574113845825,,0.0
7953,,497,0.5216313600540161,,0.0
7954,,497,0.5887053608894348,,3.0517578125e-05
7955,,497,0.513144314289093,,0.0018768310546875
7956,,497,0.4136274755001068,,0.5993804931640625
7957,,497,0.3275122046470642,,0.378448486328125
7958,,497,0.5336298942565918,,0.01556396484375
7959,,497,0.35120728611946106,,0.067230224609375
7960,,497,0.47637975215911865,,1.52587890625e-05
7961,,497,0.5853769779205322,,0.0
7962,,497,0.45754021406173706,,0.0
7963,,497,0.39179617166519165,,0.0
7964,,497,0.310574471950531,,0.1333160400390625
7965,,497,0.5682160258293152,,0.07415771484375
7966,,497,0.51941978931427,,0.0073699951171875
7967,,497,0.5772510766983032,,0.0608062744140625
,1988,497,,0.3787938356399536,0.2125701904296875
,1989,497,,0.3848761022090912,0.0781402587890625
,1990,497,,0.3276779055595398,0.0941925048828125
,1991,497,,0.31567806005477905,0.27587890625
7968,,498,0.5339066982269287,,0.0
7969,,498,0.44792258739471436,,0.0
7970,,498,0.4757051467895508,,3.0517578125e-05
7971,,498,0.4258606433868408,,0.0018768310546875
7972,,498,0.33513933420181274,,0.5993804931640625
7973,,498,0.3049057722091675,,0.378448486328125
7974,,498,0.4790167808532715,,0.01556396484375
7975,,498,0.511232852935791,,0.067230224609375
7976,,498,0.49624091386795044,,1.52587890625e-05
7977,,498,0.44726574420928955,,0.0
7978,,498,0.5080528259277344,,0.0
7979,,498,0.5447827577590942,,0.0
7980,,498,0.4076613485813141,,0.1333160400390625
7981,,498,0.4590867757797241,,0.07415771484375
7982,,498,0.4689720869064331,,0.0073699951171875
7983,,498,0.4076692461967468,,0.0608062744140625
,1992,498,,0.3309822678565979,0.2125701904296875
,1993,498,,0.38436752557754517,0.0781402587890625
,1994,498,,0.4244832992553711,0.0941925048828125
,1995,498,,0.1991962194442749,0.27587890625
7984,,499,0.60361248254776,,0.0
7985,,499,0.5540450811386108,,0.0
7986,,499,0.449802041053772,,3.0517578125e-05
7987,,499,0.5153087377548218,,0.0018768310546875
7988,,499,0.3941512703895569,,0.5993804931640625
7989,,499,0.3123982846736908,,0.378448486328125
7990,,499,0.4538883864879608,,0.01556396484375
7991,,499,0.45100516080856323,,0.067230224609375
7992,,499,0.5220038294792175,,1.52587890625e-05
7993,,499,0.6711846590042114,,0.0
7994,,499,0.49048617482185364,,0.0
7995,,499,0.5485941171646118,,0.0
7996,,499,0.449512779712677,,0.1333160400390625
7997,,499,0.5416806936264038,,0.07415771484375
7998,,499,0.43552887439727783,,0.0073699951171875
7999,,499,0.3847324252128601,,0.0608062744140625
,1996,499,,0.24358175694942474,0.2125701904296875
,1997,499,,0.30432355403900146,0.0781402587890625
,1998,499,,0.3745966851711273,0.0941925048828125
,1999,499,,0.2506394386291504,0.27587890625
8000,,500,0.651168704032898,,0.0
8001,,500,0.34132641553878784,,0.0
8002,,500,0.38105058670043945,,3.0517578125e-05
8003,,500,0.3650966286659241,,0.0018768310546875
8004,,500,0.36453306674957275,,0.5993804931640625
8005,,500,0.31249183416366577,,0.378448486328125
8006,,500,0.4415680170059204,,0.01556396484375
8007,,500,0.3666267395019531,,0.067230224609375
8008,,500,0.5839725732803345,,1.52587890625e-05
8009,,500,0.5204426050186157,,0.0
8010,,500,0.4588002562522888,,0.0
8011,,500,0.47519245743751526,,0.0
8012,,500,0.4291672706604004,,0.1333160400390625
8013,,500,0.3027303218841553,,0.07415771484375
8014,,500,0.517254650592804,,0.0073699951171875
8015,,500,0.5216824412345886,,0.0608062744140625
,2000,500,,0.40239548683166504,0.2125701904296875
,2001,500,,0.3273402452468872,0.0781402587890625
,2002,500,,0.36742132902145386,0.0941925048828125
,2003,500,,0.21587391197681427,0.27587890625
8016,,501,0.5084714293479919,,0.0
8017,,501,0.5128300786018372,,0.0
8018,,501,0.47016745805740356,,3.0517578125e-05
8019,,501,0.5980954170227051,,0.0018768310546875
8020,,501,0.38391727209091187,,0.5993804931640625
8021,,501,0.3034310042858124,,0.378448486328125
8022,,501,0.4204133450984955,,0.01556396484375
8023,,501,0.45674800872802734,,0.067230224609375
8024,,501,0.5301538705825806,,1.52587890625e-05
8025,,501,0.5506227016448975,,0.0
8026,,501,0.5572754144668579,,0.0
8027,,501,0.40132033824920654,,0.0
8028,,501,0.2564219832420349,,0.1333160400390625
8029,,501,0.4862939119338989,,0.07415771484375
8030,,501,0.3799280524253845,,0.0073699951171875
8031,,501,0.5072363615036011,,0.0608062744140625
,2004,501,,0.2712966799736023,0.2125701904296875
,2005,501,,0.34538137912750244,0.0781402587890625
,2006,501,,0.4521808922290802,0.0941925048828125
,2007,501,,0.2249487191438675,0.27587890625
8032,,502,0.45864295959472656,,0.0
8033,,502,0.5817455649375916,,0.0
8034,,502,0.5471220016479492,,3.0517578125e-05
8035,,502,0.4800992012023926,,0.0018768310546875
8036,,502,0.35987427830696106,,0.5993804931640625
8037,,502,0.3637877404689789,,0.378448486328125
8038,,502,0.5328114032745361,,0.01556396484375
8039,,502,0.39982205629348755,,0.067230224609375
8040,,502,0.482513964176178,,1.52587890625e-05
8041,,502,0.5810929536819458,,0.0
8042,,502,0.4497855603694916,,0.0
8043,,502,0.5184405446052551,,0.0
8044,,502,0.3118169605731964,,0.1333160400390625
8045,,502,0.43065667152404785,,0.07415771484375
8046,,502,0.46997255086898804,,0.0073699951171875
8047,,502,0.4250372052192688,,0.0608062744140625
,2008,502,,0.20344026386737823,0.2125701904296875
,2009,502,,0.4341055750846863,0.0781402587890625
,2010,502,,0.31640663743019104,0.0941925048828125
,2011,502,,0.2716912031173706,0.27587890625
8048,,503,0.5032504796981812,,0.0
8049,,503,0.44107913970947266,,0.0
8050,,503,0.388675719499588,,3.0517578125e-05
8051,,503,0.626316249370575,,0.0018768310546875
8052,,503,0.4104108214378357,,0.5993804931640625
8053,,503,0.3784937858581543,,0.378448486328125
8054,,503,0.43768399953842163,,0.01556396484375
8055,,503,0.37491655349731445,,0.067230224609375
8056,,503,0.3841010332107544,,1.52587890625e-05
8057,,503,0.5791884660720825,,0.0
8058,,503,0.4747190475463867,,0.0
8059,,503,0.433226078748703,,0.0
8060,,503,0.4381926655769348,,0.1333160400390625
8061,,503,0.3717266321182251,,0.07415771484375
8062,,503,0.46695709228515625,,0.0073699951171875
8063,,503,0.4491219222545624,,0.0608062744140625
,2012,503,,0.2079019546508789,0.2125701904296875
,2013,503,,0.31411391496658325,0.0781402587890625
,2014,503,,0.30245837569236755,0.0941925048828125
,2015,503,,0.2407037913799286,0.27587890625
8064,,504,0.4857948124408722,,0.0
8065,,504,0.5998573303222656,,0.0
8066,,504,0.4200372099876404,,3.0517578125e-05
8067,,504,0.5538539886474609,,0.0018768310546875
8068,,504,0.3508162796497345,,0.5993804931640625
8069,,504,0.31130725145339966,,0.378448486328125
8070,,504,0.48787128925323486,,0.01556396484375
8071,,504,0.541350245475769,,0.067230224609375
8072,,504,0.5325232744216919,,1.52587890625e-05
8073,,504,0.36165112257003784,,0.0
8074,,504,0.5570761561393738,,0.0
8075,,504,0.4871622323989868,,0.0
8076,,504,0.42770296335220337,,0.1333160400390625
8077,,504,0.4583076238632202,,0.07415771484375
8078,,504,0.5955139398574829,,0.0073699951171875
8079,,504,0.29467999935150146,,0.0608062744140625
,2016,504,,0.3147062063217163,0.2125701904296875
,2017,504,,0.3879939913749695,0.0781402587890625
,2018,504,,0.38701412081718445,0.0941925048828125
,2019,504,,0.27084872126579285,0.27587890625
8080,,505,0.627324104309082,,0.0
8081,,505,0.6534289121627808,,0.0
8082,,505,0.49709469079971313,,3.0517578125e-05
8083,,505,0.3503282368183136,,0.0018768310546875
8084,,505,0.37392252683639526,,0.5993804931640625
8085,,505,0.32619035243988037,,0.378448486328125
8086,,505,0.5509889125823975,,0.01556396484375
8087,,505,0.545798659324646,,0.067230224609375
8088,,505,0.5385037660598755,,1.52587890625e-05
8089,,505,0.4668676555156708,,0.0
8090,,505,0.5611066818237305,,0.0
8091,,505,0.4735512137413025,,0.0
8092,,505,0.378261923789978,,0.1333160400390625
8093,,505,0.5391325950622559,,0.07415771484375
8094,,505,0.4992836117744446,,0.0073699951171875
8095,,505,0.35147625207901,,0.0608062744140625
,2020,505,,0.20796741545200348,0.2125701904296875
,2021,505,,0.46012425422668457,0.0781402587890625
,2022,505,,0.4593966603279114,0.0941925048828125
,2023,505,,0.13256974518299103,0.27587890625
8096,,506,0.585350513458252,,0.0
8097,,506,0.5874571204185486,,0.0
8098,,506,0.380224347114563,,3.0517578125e-05
8099,,506,0.39749449491500854,,0.0018768310546875
8100,,506,0.35817354917526245,,0.5993804931640625
8101,,506,0.3383239805698395,,0.378448486328125
8102,,506,0.5217791795730591,,0.01556396484375
8103,,506,0.4751919209957123,,0.067230224609375
8104,,506,0.5143429040908813,,1.52587890625e-05
8105,,506,0.5245362520217896,,0.0
8106,,506,0.4568635821342468,,0.0
8107,,506,0.4929908812046051,,0.0
8108,,506,0.3979036808013916,,0.1333160400390625
8109,,506,0.38909900188446045,,0.07415771484375
8110,,506,0.44860339164733887,,0.0073699951171875
8111,,506,0.35904374718666077,,0.0608062744140625
,2024,506,,0.18846651911735535,0.2125701904296875
,2025,506,,0.41345298290252686,0.0781402587890625
,2026,506,,0.291976660490036,0.0941925048828125
,2027,506,,0.25152310729026794,0.27587890625
8112,,507,0.45292928814888,,0.0
8113,,507,0.3988223671913147,,0.0
8114,,507,0.3946567177772522,,3.0517578125e-05
8115,,507,0.5651473999023438,,0.0018768310546875
8116,,507,0.337652325630188,,0.5993804931640625
8117,,507,0.3039906322956085,,0.378448486328125
8118,,507,0.419948935508728,,0.01556396484375
8119,,507,0.431316077709198,,0.067230224609375
8120,,507,0.5502434372901917,,1.52587890625e-05
8121,,507,0.5708905458450317,,0.0
8122,,507,0.46233874559402466,,0.0
8123,,507,0.551138162612915,,0.0
8124,,507,0.31919795274734497,,0.1333160400390625
8125,,507,0.49384617805480957,,0.07415771484375
8126,,507,0.4796556234359741,,0.0073699951171875
8127,,507,0.4317716062068939,,0.0608062744140625
,2028,507,,0.35525059700012207,0.2125701904296875
,2029,507,,0.32008281350135803,0.0781402587890625
,2030,507,,0.41207796335220337,0.0941925048828125
,2031,507,,0.22095495462417603,0.27587890625
8128,,508,0.5619440674781799,,0.0
8129,,508,0.499560683965683,,0.0
8130,,508,0.3603302240371704,,3.0517578125e-05
8131,,508,0.5175204277038574,,0.0018768310546875
8132,,508,0.3527556359767914,,0.5993804931640625
8133,,508,0.3043074607849121,,0.378448486328125
8134,,508,0.4195026159286499,,0.01556396484375
8135,,508,0.4745286703109741,,0.067230224609375
8136,,508,0.40531614422798157,,1.52587890625e-05
8137,,508,0.5809757709503174,,0.0
8138,,508,0.481946736574173,,0.0
8139,,508,0.6112003326416016,,0.0
8140,,508,0.420780211687088,,0.1333160400390625
8141,,508,0.439164936542511,,0.07415771484375
8142,,508,0.5152393579483032,,0.0073699951171875
8143,,508,0.47844839096069336,,0.0608062744140625
,2032,508,,0.26415789127349854,0.2125701904296875
,2033,508,,0.4620886445045471,0.0781402587890625
,2034,508,,0.3518037796020508,0.0941925048828125
,2035,508,,0.15582707524299622,0.27587890625
8144,,509,0.43080803751945496,,0.0
8145,,509,0.6772556900978088,,0.0
8146,,509,0.5140889883041382,,3.0517578125e-05
8147,,509,0.5854971408843994,,0.0018768310546875
8148,,509,0.40586385130882263,,0.5993804931640625
8149,,509,0.31200581789016724,,0.378448486328125
8150,,509,0.5115291476249695,,0.01556396484375
8151,,509,0.3997943103313446,,0.067230224609375
8152,,509,0.49518901109695435,,1.52587890625e-05
8153,,509,0.4903738498687744,,0.0
8154,,509,0.50826096534729,,0.0
8155,,509,0.5553169846534729,,0.0
8156,,509,0.43014222383499146,,0.1333160400390625
8157,,509,0.3568861484527588,,0.07415771484375
8158,,509,0.6189992427825928,,0.0073699951171875
8159,,509,0.4686721861362457,,0.0608062744140625
,2036,509,,0.26095178723335266,0.2125701904296875
,2037,509,,0.5175740122795105,0.0781402587890625
,2038,509,,0.32835185527801514,0.0941925048828125
,2039,509,,0.18421953916549683,0.27587890625
8160,,510,0.40048617124557495,,0.0
8161,,510,0.6568516492843628,,0.0
8162,,510,0.5287561416625977,,3.0517578125e-05
8163,,510,0.46639829874038696,,0.0018768310546875
8164,,510,0.3044341206550598,,0.5993804931640625
8165,,510,0.32667848467826843,,0.378448486328125
8166,,510,0.4480516016483307,,0.01556396484375
8167,,510,0.4138467609882355,,0.067230224609375
8168,,510,0.4754217267036438,,1.52587890625e-05
8169,,510,0.4991515874862671,,0.0
8170,,510,0.4454568028450012,,0.0
8171,,510,0.6537157297134399,,0.0
8172,,510,0.38814014196395874,,0.1333160400390625
8173,,510,0.48514115810394287,,0.07415771484375
8174,,510,0.37890326976776123,,0.0073699951171875
8175,,510,0.46601948142051697,,0.0608062744140625
,2040,510,,0.4141896367073059,0.2125701904296875
,2041,510,,0.382877916097641,0.0781402587890625
,2042,510,,0.252948135137558,0.0941925048828125
,2043,510,,0.31845033168792725,0.27587890625
8176,,511,0.39513450860977173,,0.0
8177,,511,0.45045149326324463,,0.0
8178,,511,0.46449577808380127,,3.0517578125e-05
8179,,511,0.4893314242362976,,0.0018768310546875
8180,,511,0.34372156858444214,,0.5993804931640625
8181,,511,0.29600822925567627,,0.378448486328125
8182,,511,0.5536994338035583,,0.01556396484375
8183,,511,0.5313289165496826,,0.067230224609375
8184,,511,0.37746256589889526,,1.52587890625e-05
8185,,511,0.4765700399875641,,0.0
8186,,511,0.40347546339035034,,0.0
8187,,511,0.5960248112678528,,0.0
8188,,511,0.3955763876438141,,0.1333160400390625
8189,,511,0.3953050374984741,,0.07415771484375
8190,,511,0.3834846615791321,,0.0073699951171875
8191,,511,0.30406442284584045,,0.0608062744140625
,2044,511,,0.21516719460487366,0.2125701904296875
,2045,511,,0.4190833866596222,0.0781402587890625
,2046,511,,0.3407011032104492,0.0941925048828125
,2047,511,,0.1849672496318817,0.27587890625
8192,,512,0.4155309796333313,,0.0
8193,,512,0.5153226256370544,,0.0
8194,,512,0.43822672963142395,,3.0517578125e-05
8195,,512,0.543300211429596,,0.0018768310546875
8196,,512,0.4078596830368042,,0.5993804931640625
8197,,512,0.34713661670684814,,0.378448486328125
8198,,512,0.4942053258419037,,0.01556396484375
8199,,512,0.46302008628845215,,0.067230224609375
8200,,512,0.6015903353691101,,1.52587890625e-05
8201,,512,0.5220910310745239,,0.0
8202,,512,0.525158703327179,,0.0
8203,,512,0.5054075121879578,,0.0
8204,,512,0.3874664902687073,,0.1333160400390625
8205,,512,0.35879313945770264,,0.07415771484375
8206,,512,0.5244699120521545,,0.0073699951171875
8207,,512,0.46486160159111023,,0.0608062744140625
,2048,512,,0.4470363259315491,0.2125701904296875
,2049,512,,0.38373130559921265,0.0781402587890625
,2050,512,,0.5029323697090149,0.0941925048828125
,2051,512,,0.26279208064079285,0.27587890625
8208,,513,0.4257825016975403,,0.0
8209,,513,0.5008623600006104,,0.0
8210,,513,0.4299353361129761,,3.0517578125e-05
8211,,513,0.46869713068008423,,0.0018768310546875
8212,,513,0.3299342393875122,,0.5993804931640625
8213,,513,0.37265390157699585,,0.378448486328125
8214,,513,0.4016398787498474,,0.01556396484375
8215,,513,0.41794896125793457,,0.067230224609375
8216,,513,0.5524147748947144,,1.52587890625e-05
8217,,513,0.4134894013404846,,0.0
8218,,513,0.3750849664211273,,0.0
8219,,513,0.5908719301223755,,0.0
8220,,513,0.40249067544937134,,0.1333160400390625
8221,,513,0.4264294505119324,,0.07415771484375
8222,,513,0.47801151871681213,,0.0073699951171875
8223,,513,0.39353856444358826,,0.0608062744140625
,2052,513,,0.34377360343933105,0.2125701904296875
,2053,513,,0.3883192539215088,0.0781402587890625
,2054,513,,0.4938086271286011,0.0941925048828125
,2055,513,,0.17180874943733215,0.27587890625
8224,,514,0.5115740895271301,,0.0
8225,,514,0.45178672671318054,,0.0
8226,,514,0.4624350368976593,,3.0517578125e-05
8227,,514,0.5927395820617676,,0.0018768310546875
8228,,514,0.38206419348716736,,0.5993804931640625
8229,,514,0.2881294786930084,,0.378448486328125
8230,,514,0.5576924681663513,,0.01556396484375
8231,,514,0.38138121366500854,,0.067230224609375
8232,,514,0.5967611074447632,,1.52587890625e-05
8233,,514,0.5060024261474609,,0.0
8234,,514,0.5258755683898926,,0.0
8235,,514,0.7060865163803101,,0.0
8236,,514,0.4131263494491577,,0.1333160400390625
8237,,514,0.3354569673538208,,0.07415771484375
8238,,514,0.38621604442596436,,0.0073699951171875
8239,,514,0.5365987420082092,,0.0608062744140625
,2056,514,,0.2563779950141907,0.2125701904296875
,2057,514,,0.6169430017471313,0.0781402587890625
,2058,514,,0.4163428544998169,0.0941925048828125
,2059,514,,0.21712079644203186,0.27587890625
8240,,515,0.4713859558105469,,0.0
8241,,515,0.5669406056404114,,0.0
8242,,515,0.5517047643661499,,3.0517578125e-05
8243,,515,0.6837188601493835,,0.0018768310546875
8244,,515,0.394079327583313,,0.5993804931640625
8245,,515,0.34908053278923035,,0.378448486328125
8246,,515,0.42667368054389954,,0.01556396484375
8247,,515,0.291081964969635,,0.067230224609375
8248,,515,0.5888546705245972,,1.52587890625e-05
8249,,515,0.6238577365875244,,0.0
8250,,515,0.6401370763778687,,0.0
8251,,515,0.422801673412323,,0.0
8252,,515,0.4220789670944214,,0.1333160400390625
8253,,515,0.43838220834732056,,0.07415771484375
8254,,515,0.5025767087936401,,0.0073699951171875
8255,,515,0.35451123118400574,,0.0608062744140625
,2060,515,,0.32733502984046936,0.2125701904296875
,2061,515,,0.43347978591918945,0.0781402587890625
,2062,515,,0.32933562994003296,0.0941925048828125
,2063,515,,0.2277531921863556,0.27587890625
8256,,516,0.6624283790588379,,0.0
8257,,516,0.4810234010219574,,0.0
8258,,516,0.6388998031616211,,3.0517578125e-05
8259,,516,0.5849085450172424,,0.0018768310546875
8260,,516,0.3772939443588257,,0.5993804931640625
8261,,516,0.28027066588401794,,0.378448486328125
8262,,516,0.3282490372657776,,0.01556396484375
8263,,516,0.3143801689147949,,0.067230224609375
8264,,516,0.4313585162162781,,1.52587890625e-05
8265,,516,0.5376186966896057,,0.0
8266,,516,0.48476770520210266,,0.0
8267,,516,0.5046787858009338,,0.0
8268,,516,0.3072003722190857,,0.1333160400390625
8269,,516,0.5203922986984253,,0.07415771484375
8270,,516,0.4815406799316406,,0.0073699951171875
8271,,516,0.5515962243080139,,0.0608062744140625
,2064,516,,0.24575357139110565,0.2125701904296875
,2065,516,,0.3037668764591217,0.0781402587890625
,2066,516,,0.5699631571769714,0.0941925048828125
,2067,516,,0.15941548347473145,0.27587890625
8272,,517,0.4662907123565674,,0.0
8273,,517,0.5155816078186035,,0.0
8274,,517,0.3994777798652649,,3.0517578125e-05
8275,,517,0.4310092031955719,,0.0018768310546875
8276,,517,0.3479384183883667,,0.5993804931640625
8277,,517,0.3816402554512024,,0.378448486328125
8278,,517,0.5807103514671326,,0.01556396484375
8279,,517,0.5758918523788452,,0.067230224609375
8280,,517,0.5031992197036743,,1.52587890625e-05
8281,,517,0.5158374905586243,,0.0
8282,,517,0.511798620223999,,0.0
8283,,517,0.46270930767059326,,0.0
8284,,517,0.32596927881240845,,0.1333160400390625
8285,,517,0.4119625985622406,,0.07415771484375
8286,,517,0.570737361907959,,0.0073699951171875
8287,,517,0.44284290075302124,,0.0608062744140625
,2068,517,,0.3902251720428467,0.2125701904296875
,2069,517,,0.408030241727829,0.0781402587890625
,2070,517,,0.39914244413375854,0.0941925048828125
,2071,517,,0.17730852961540222,0.27587890625
8288,,518,0.513683557510376,,0.0
8289,,518,0.43220388889312744,,0.0
8290,,518,0.5208392143249512,,3.0517578125e-05
8291,,518,0.2816615402698517,,0.0018768310546875
8292,,518,0.3844863176345825,,0.5993804931640625
8293,,518,0.2809625566005707,,0.378448486328125
8294,,518,0.4502294063568115,,0.01556396484375
8295,,518,0.38944005966186523,,0.067230224609375
8296,,518,0.5616087317466736,,1.52587890625e-05
8297,,518,0.6933523416519165,,0.0
8298,,518,0.5939201712608337,,0.0
8299,,518,0.5333099365234375,,0.0
8300,,518,0.3305203318595886,,0.1333160400390625
8301,,518,0.5319268703460693,,0.07415771484375
8302,,518,0.5731337070465088,,0.0073699951171875
8303,,518,0.4747001826763153,,0.0608062744140625
,2072,518,,0.2812744379043579,0.2125701904296875
,2073,518,,0.3533353805541992,0.0781402587890625
,2074,518,,0.32831621170043945,0.0941925048828125
,2075,518,,0.14917361736297607,0.27587890625
8304,,519,0.37343668937683105,,0.0
8305,,519,0.36314505338668823,,0.0
8306,,519,0.47642242908477783,,3.0517578125e-05
8307,,519,0.591454267501831,,0.0018768310546875
8308,,519,0.3643847405910492,,0.5993804931640625
8309,,519,0.2948668599128723,,0.378448486328125
8310,,519,0.4408954083919525,,0.01556396484375
8311,,519,0.31610703468322754,,0.067230224609375
8312,,519,0.36912423372268677,,1.52587890625e-05
8313,,519,0.34546276926994324,,0.0
8314,,519,0.4625195264816284,,0.0
8315,,519,0.530351996421814,,0.0
8316,,519,0.42133739590644836,,0.1333160400390625
8317,,519,0.23059025406837463,,0.07415771484375
8318,,519,0.4371095299720764,,0.0073699951171875
8319,,519,0.4694877862930298,,0.0608062744140625
,2076,519,,0.3153778910636902,0.2125701904296875
,2077,519,,0.3515031337738037,0.0781402587890625
,2078,519,,0.3745749592781067,0.0941925048828125
,2079,519,,0.22410446405410767,0.27587890625
8320,,520,0.4615282118320465,,0.0
8321,,520,0.5028419494628906,,0.0
8322,,520,0.5564829707145691,,3.0517578125e-05
8323,,520,0.4790627956390381,,0.0018768310546875
8324,,520,0.41008681058883667,,0.5993804931640625
8325,,520,0.28352198004722595,,0.378448486328125
8326,,520,0.621086597442627,,0.01556396484375
8327,,520,0.4048004746437073,,0.067230224609375
8328,,520,0.5628149509429932,,1.52587890625e-05
8329,,520,0.6372706890106201,,0.0
8330,,520,0.43555358052253723,,0.0
8331,,520,0.7027480602264404,,0.0
8332,,520,0.4692534804344177,,0.1333160400390625
8333,,520,0.37461018562316895,,0.07415771484375
8334,,520,0.6128472089767456,,0.0073699951171875
8335,,520,0.3342968821525574,,0.0608062744140625
,2080,520,,0.2692151367664337,0.2125701904296875
,2081,520,,0.4578298032283783,0.0781402587890625
,2082,520,,0.38624316453933716,0.0941925048828125
,2083,520,,0.3346444070339203,0.27587890625
8336,,521,0.5699133276939392,,0.0
8337,,521,0.5777117013931274,,0.0
8338,,521,0.39684829115867615,,3.0517578125e-05
8339,,521,0.39938807487487793,,0.0018768310546875
8340,,521,0.36807548999786377,,0.5993804931640625
8341,,521,0.32863378524780273,,0.378448486328125
8342,,521,0.48799246549606323,,0.01556396484375
8343,,521,0.5282177329063416,,0.067230224609375
8344,,521,0.49934840202331543,,1.52587890625e-05
8345,,521,0.6594963073730469,,0.0
8346,,521,0.45022058486938477,,0.0
8347,,521,0.685789942741394,,0.0
8348,,521,0.47528302669525146,,0.1333160400390625
8349,,521,0.4300253391265869,,0.07415771484375
8350,,521,0.5356705784797668,,0.0073699951171875
8351,,521,0.41765713691711426,,0.0608062744140625
,2084,521,,0.27282050251960754,0.2125701904296875
,2085,521,,0.27844107151031494,0.0781402587890625
,2086,521,,0.43962156772613525,0.0941925048828125
,2087,521,,0.19909238815307617,0.27587890625
8352,,522,0.4504164159297943,,0.0
8353,,522,0.5503145456314087,,0.0
8354,,522,0.6354020833969116,,3.0517578125e-05
8355,,522,0.45768681168556213,,0.0018768310546875
8356,,522,0.3847690522670746,,0.5993804931640625
8357,,522,0.3318786323070526,,0.378448486328125
8358,,522,0.5333419442176819,,0.01556396484375
8359,,522,0.4523346424102783,,0.067230224609375
8360,,522,0.5517276525497437,,1.52587890625e-05
8361,,522,0.5070303678512573,,0.0
8362,,522,0.5581454038619995,,0.0
8363,,522,0.5295748710632324,,0.0
8364,,522,0.3224487602710724,,0.1333160400390625
8365,,522,0.3706890940666199,,0.07415771484375
8366,,522,0.3627564311027527,,0.0073699951171875
8367,,522,0.5243674516677856,,0.0608062744140625
,2088,522,,0.2803734242916107,0.2125701904296875
,2089,522,,0.33372482657432556,0.0781402587890625
,2090,522,,0.40186089277267456,0.0941925048828125
,2091,522,,0.24345508217811584,0.27587890625
8368,,523,0.4579138457775116,,0.0
8369,,523,0.5915791988372803,,0.0
8370,,523,0.4628024101257324,,3.0517578125e-05
8371,,523,0.4514728784561157,,0.0018768310546875
8372,,523,0.39046332240104675,,0.5993804931640625
8373,,523,0.34553852677345276,,0.378448486328125
8374,,523,0.5643868446350098,,0.01556396484375
8375,,523,0.42273780703544617,,0.067230224609375
8376,,523,0.5320245027542114,,1.52587890625e-05
8377,,523,0.49662989377975464,,0.0
8378,,523,0.4706684648990631,,0.0
8379,,523,0.4696727395057678,,0.0
8380,,523,0.3107181787490845,,0.1333160400390625
8381,,523,0.3512389063835144,,0.07415771484375
8382,,523,0.4831579327583313,,0.0073699951171875
8383,,523,0.46312081813812256,,0.0608062744140625
,2092,523,,0.2469356209039688,0.2125701904296875
,2093,523,,0.49901536107063293,0.0781402587890625
,2094,523,,0.48178213834762573,0.0941925048828125
,2095,523,,0.23067791759967804,0.27587890625
8384,,524,0.6447327733039856,,0.0
8385,,524,0.5801482200622559,,0.0
8386,,524,0.5075535178184509,,3.0517578125e-05
8387,,524,0.5697360634803772,,0.0018768310546875
8388,,524,0.32002943754196167,,0.5993804931640625
8389,,524,0.337327241897583,,0.378448486328125
8390,,524,0.5300235748291016,,0.01556396484375
8391,,524,0.5205041170120239,,0.067230224609375
8392,,524,0.42621058225631714,,1.52587890625e-05
8393,,524,0.4366334080696106,,0.0
8394,,524,0.606541633605957,,0.0
8395,,524,0.45689117908477783,,0.0
8396,,524,0.33507856726646423,,0.1333160400390625
8397,,524,0.41063904762268066,,0.07415771484375
8398,,524,0.3502112030982971,,0.0073699951171875
8399,,524,0.31875044107437134,,0.0608062744140625
,2096,524,,0.23659035563468933,0.2125701904296875
,2097,524,,0.35045599937438965,0.0781402587890625
,2098,524,,0.34052568674087524,0.0941925048828125
,2099,524,,0.2602367401123047,0.27587890625
8400,,525,0.620215892791748,,0.0
8401,,525,0.5493196249008179,,0.0
8402,,525,0.37371787428855896,,3.0517578125e-05
8403,,525,0.4583756923675537,,0.0018768310546875
8404,,525,0.32211631536483765,,0.5993804931640625
8405,,525,0.3193278908729553,,0.378448486328125
8406,,525,0.4931519627571106,,0.01556396484375
8407,,525,0.4482746124267578,,0.067230224609375
8408,,525,0.4984075129032135,,1.52587890625e-05
8409,,525,0.4193444848060608,,0.0
8410,,525,0.3835248649120331,,0.0
8411,,525,0.6492670774459839,,0.0
8412,,525,0.4568316340446472,,0.1333160400390625
8413,,525,0.49046170711517334,,0.07415771484375
8414,,525,0.5294091701507568,,0.0073699951171875
8415,,525,0.3187257945537567,,0.0608062744140625
,2100,525,,0.2930324077606201,0.2125701904296875
,2101,525,,0.5264016389846802,0.0781402587890625
,2102,525,,0.35476186871528625,0.0941925048828125
,2103,525,,0.17138612270355225,0.27587890625
8416,,526,0.5646027326583862,,0.0
8417,,526,0.43137022852897644,,0.0
8418,,526,0.5349917411804199,,3.0517578125e-05
8419,,526,0.4299612045288086,,0.0018768310546875
8420,,526,0.43520405888557434,,0.5993804931640625
8421,,526,0.3261237144470215,,0.378448486328125
8422,,526,0.40121328830718994,,0.01556396484375
8423,,526,0.5124461650848389,,0.067230224609375
8424,,526,0.5625864267349243,,1.52587890625e-05
8425,,526,0.6062399744987488,,0.0
8426,,526,0.44186919927597046,,0.0
8427,,526,0.6090456247329712,,0.0
8428,,526,0.5207365155220032,,0.1333160400390625
8429,,526,0.37766292691230774,,0.07415771484375
8430,,526,0.45643383264541626,,0.0073699951171875
8431,,526,0.4778936803340912,,0.0608062744140625
,2104,526,,0.3046271502971649,0.2125701904296875
,2105,526,,0.3028067350387573,0.0781402587890625
,2106,526,,0.30860835313796997,0.0941925048828125
,2107,526,,0.20245233178138733,0.27587890625
8432,,527,0.6344426274299622,,0.0
8433,,527,0.38822945952415466,,0.0
8434,,527,0.380984902381897,,3.0517578125e-05
8435,,527,0.4770042896270752,,0.0018768310546875
8436,,527,0.3726451098918915,,0.5993804931640625
8437,,527,0.30127206444740295,,0.378448486328125
8438,,527,0.48891013860702515,,0.01556396484375
8439,,527,0.44653281569480896,,0.067230224609375
8440,,527,0.45560869574546814,,1.52587890625e-05
8441,,527,0.48803138732910156,,0.0
8442,,527,0.4391547441482544,,0.0
8443,,527,0.4772927463054657,,0.0
8444,,527,0.42988044023513794,,0.1333160400390625
8445,,527,0.3706314265727997,,0.07415771484375
8446,,527,0.6363048553466797,,0.0073699951171875
8447,,527,0.36255574226379395,,0.0608062744140625
,2108,527,,0.2013094425201416,0.2125701904296875
,2109,527,,0.5224646329879761,0.0781402587890625
,2110,527,,0.3370280861854553,0.0941925048828125
,2111,527,,0.25080084800720215,0.27587890625
8448,,528,0.4503270983695984,,0.0
8449,,528,0.4467371106147766,,0.0
8450,,528,0.5651327967643738,,3.0517578125e-05
8451,,528,0.5639705657958984,,0.0018768310546875
8452,,528,0.37664175033569336,,0.5993804931640625
8453,,528,0.2940686047077179,,0.378448486328125
8454,,528,0.5013957023620605,,0.01556396484375
8455,,528,0.5015779137611389,,0.067230224609375
8456,,528,0.5292186141014099,,1.52587890625e-05
8457,,528,0.3772730231285095,,0.0
8458,,528,0.4946439266204834,,0.0
8459,,528,0.3467884063720703,,0.0
8460,,528,0.5128415822982788,,0.1333160400390625
8461,,528,0.3284141421318054,,0.07415771484375
8462,,528,0.6688762903213501,,0.0073699951171875
8463,,528,0.4814335107803345,,0.0608062744140625
,2112,528,,0.25717824697494507,0.2125701904296875
,2113,528,,0.35462427139282227,0.0781402587890625
,2114,528,,0.39804452657699585,0.0941925048828125
,2115,528,,0.24074506759643555,0.27587890625
8464,,529,0.5787734985351562,,0.0
8465,,529,0.4567139446735382,,0.0
8466,,529,0.5781055688858032,,3.0517578125e-05
8467,,529,0.5218207240104675,,0.0018768310546875
8468,,529,0.3816431164741516,,0.5993804931640625
8469,,529,0.36823534965515137,,0.378448486328125
8470,,529,0.4974571764469147,,0.01556396484375
8471,,529,0.4598184823989868,,0.067230224609375
8472,,529,0.4637807607650757,,1.52587890625e-05
8473,,529,0.4606018662452698,,0.0
8474,,529,0.6007132530212402,,0.0
8475,,529,0.43676063418388367,,0.0
8476,,529,0.322477787733078,,0.1333160400390625
8477,,529,0.3643296957015991,,0.07415771484375
8478,,529,0.4794616401195526,,0.0073699951171875
8479,,529,0.4994797706604004,,0.0608062744140625
,2116,529,,0.1807166337966919,0.2125701904296875
,2117,529,,0.5097890496253967,0.0781402587890625
,2118,529,,0.6172749996185303,0.0941925048828125
,2119,529,,0.18581627309322357,0.27587890625
8480,,530,0.6031572222709656,,0.0
8481,,530,0.559766948223114,,0.0
8482,,530,0.47970840334892273,,3.0517578125e-05
8483,,530,0.4884864091873169,,0.0018768310546875
8484,,530,0.3719741702079773,,0.5993804931640625
8485,,530,0.3252185583114624,,0.378448486328125
8486,,530,0.5545236468315125,,0.01556396484375
8487,,530,0.29482710361480713,,0.067230224609375
8488,,530,0.37632739543914795,,1.52587890625e-05
8489,,530,0.5807311534881592,,0.0
8490,,530,0.633459210395813,,0.0
8491,,530,0.46404242515563965,,0.0
8492,,530,0.3106260299682617,,0.1333160400390625
8493,,530,0.35829275846481323,,0.07415771484375
8494,,530,0.4371529817581177,,0.0073699951171875
8495,,530,0.4706989526748657,,0.0608062744140625
,2120,530,,0.24719424545764923,0.2125701904296875
,2121,530,,0.3266099691390991,0.0781402587890625
,2122,530,,0.26480725407600403,0.0941925048828125
,2123,530,,0.339746356010437,0.27587890625
8496,,531,0.5413324236869812,,0.0
8497,,531,0.44439005851745605,,0.0
8498,,531,0.4802509546279907,,3.0517578125e-05
8499,,531,0.5386310815811157,,0.0018768310546875
8500,,531,0.4000909924507141,,0.5993804931640625
8501,,531,0.344200074672699,,0.378448486328125
8502,,531,0.30063799023628235,,0.01556396484375
8503,,531,0.44548603892326355,,0.067230224609375
8504,,531,0.5602476596832275,,1.52587890625e-05
8505,,531,0.45606908202171326,,0.0
8506,,531,0.377278208732605,,0.0
8507,,531,0.5912058353424072,,0.0
8508,,531,0.37525004148483276,,0.1333160400390625
8509,,531,0.5007333755493164,,0.07415771484375
8510,,531,0.5561072826385498,,0.0073699951171875
8511,,531,0.3809747099876404,,0.0608062744140625
,2124,531,,0.3146240711212158,0.2125701904296875
,2125,531,,0.3805908262729645,0.0781402587890625
,2126,531,,0.3798673748970032,0.0941925048828125
,2127,531,,0.26301658153533936,0.27587890625
8512,,532,0.436122328042984,,0.0
8513,,532,0.42770934104919434,,0.0
8514,,532,0.37184882164001465,,3.0517578125e-05
8515,,532,0.615006685256958,,0.0018768310546875
8516,,532,0.37000930309295654,,0.5993804931640625
8517,,532,0.29149651527404785,,0.378448486328125
8518,,532,0.6259746551513672,,0.01556396484375
8519,,532,0.3795241117477417,,0.067230224609375
8520,,532,0.6044816374778748,,1.52587890625e-05
8521,,532,0.5537713766098022,,0.0
8522,,532,0.4461982846260071,,0.0
8523,,532,0.472290575504303,,0.0
8524,,532,0.3996746242046356,,0.1333160400390625
8525,,532,0.26025059819221497,,0.07415771484375
8526,,532,0.6045629978179932,,0.0073699951171875
8527,,532,0.41653791069984436,,0.0608062744140625
,2128,532,,0.39683833718299866,0.2125701904296875
,2129,532,,0.4924556314945221,0.0781402587890625
,2130,532,,0.316167414188385,0.0941925048828125
,2131,532,,0.15360324084758759,0.27587890625
8528,,533,0.616060733795166,,0.0
8529,,533,0.4379005432128906,,0.0
8530,,533,0.6394217014312744,,3.0517578125e-05
8531,,533,0.5213116407394409,,0.0018768310546875
8532,,533,0.36718934774398804,,0.5993804931640625
8533,,533,0.32186681032180786,,0.378448486328125
8534,,533,0.5029977560043335,,0.01556396484375
8535,,533,0.3804819583892822,,0.067230224609375
8536,,533,0.5979251861572266,,1.52587890625e-05
8537,,533,0.6076160669326782,,0.0
8538,,533,0.6019148230552673,,0.0
8539,,533,0.5999844670295715,,0.0
8540,,533,0.3883901536464691,,0.1333160400390625
8541,,533,0.3851112127304077,,0.07415771484375
8542,,533,0.5244507193565369,,0.0073699951171875
8543,,533,0.468753457069397,,0.0608062744140625
,2132,533,,0.26646488904953003,0.2125701904296875
,2133,533,,0.5648949146270752,0.0781402587890625
,2134,533,,0.4216575026512146,0.0941925048828125
,2135,533,,0.28995460271835327,0.27587890625
8544,,534,0.4628335237503052,,0.0
8545,,534,0.5680910348892212,,0.0
8546,,534,0.4874388575553894,,3.0517578125e-05
8547,,534,0.406910240650177,,0.0018768310546875
8548,,534,0.31729793548583984,,0.5993804931640625
8549,,534,0.28197336196899414,,0.378448486328125
8550,,534,0.4888664782047272,,0.01556396484375
8551,,534,0.4401354491710663,,0.067230224609375
8552,,534,0.5660118460655212,,1.52587890625e-05
8553,,534,0.449298232793808,,0.0
8554,,534,0.4830743074417114,,0.0
8555,,534,0.4446827471256256,,0.0
8556,,534,0.3983544707298279,,0.1333160400390625
8557,,534,0.4044819474220276,,0.07415771484375
8558,,534,0.5172877311706543,,0.0073699951171875
8559,,534,0.48232829570770264,,0.0608062744140625
,2136,534,,0.27270692586898804,0.2125701904296875
,2137,534,,0.4779822826385498,0.0781402587890625
,2138,534,,0.3093196451663971,0.0941925048828125
,2139,534,,0.25478994846343994,0.27587890625
8560,,535,0.4383477568626404,,0.0
8561,,535,0.4789402484893799,,0.0
8562,,535,0.5055820941925049,,3.0517578125e-05
8563,,535,0.5657877922058105,,0.0018768310546875
8564,,535,0.3485330641269684,,0.5993804931640625
8565,,535,0.30660176277160645,,0.378448486328125
8566,,535,0.6217997074127197,,0.01556396484375
8567,,535,0.28001803159713745,,0.067230224609375
8568,,535,0.6505647897720337,,1.52587890625e-05
8569,,535,0.41723960638046265,,0.0
8570,,535,0.47213056683540344,,0.0
8571,,535,0.48884445428848267,,0.0
8572,,535,0.41456514596939087,,0.1333160400390625
8573,,535,0.2414536476135254,,0.07415771484375
8574,,535,0.4922558665275574,,0.0073699951171875
8575,,535,0.34583580493927,,0.0608062744140625
,2140,535,,0.3256431818008423,0.2125701904296875
,2141,535,,0.2965487241744995,0.0781402587890625
,2142,535,,0.3659549951553345,0.0941925048828125
,2143,535,,0.14683499932289124,0.27587890625
8576,,536,0.4100457429885864,,0.0
8577,,536,0.3623387813568115,,0.0
8578,,536,0.5880374908447266,,3.0517578125e-05
8579,,536,0.536902904510498,,0.0018768310546875
8580,,536,0.3816016912460327,,0.5993804931640625
8581,,536,0.3079211711883545,,0.378448486328125
8582,,536,0.39349767565727234,,0.01556396484375
8583,,536,0.4177427589893341,,0.067230224609375
8584,,536,0.6271605491638184,,1.52587890625e-05
8585,,536,0.5545527935028076,,0.0
8586,,536,0.6474471688270569,,0.0
8587,,536,0.5203735828399658,,0.0
8588,,536,0.32235586643218994,,0.1333160400390625
8589,,536,0.3198024034500122,,0.07415771484375
8590,,536,0.5223565101623535,,0.0073699951171875
8591,,536,0.4390150308609009,,0.0608062744140625
,2144,536,,0.37580639123916626,0.2125701904296875
,2145,536,,0.5154699087142944,0.0781402587890625
,2146,536,,0.5770952701568604,0.0941925048828125
,2147,536,,0.27298837900161743,0.27587890625
8592,,537,0.467009574174881,,0.0
8593,,537,0.5477520227432251,,0.0
8594,,537,0.47752541303634644,,3.0517578125e-05
8595,,537,0.5896927118301392,,0.0018768310546875
8596,,537,0.35423561930656433,,0.5993804931640625
8597,,537,0.291715145111084,,0.378448486328125
8598,,537,0.4827323257923126,,0.01556396484375
8599,,537,0.3672800660133362,,0.067230224609375
8600,,537,0.43401527404785156,,1.52587890625e-05
8601,,537,0.4313340187072754,,0.0
8602,,537,0.46483519673347473,,0.0
8603,,537,0.44579052925109863,,0.0
8604,,537,0.42609238624572754,,0.1333160400390625
8605,,537,0.4363904595375061,,0.07415771484375
8606,,537,0.43109190464019775,,0.0073699951171875
8607,,537,0.45029640197753906,,0.0608062744140625
,2148,537,,0.33964961767196655,0.2125701904296875
,2149,537,,0.40713852643966675,0.0781402587890625
,2150,537,,0.4807344377040863,0.0941925048828125
,2151,537,,0.1355624943971634,0.27587890625
8608,,538,0.504918098449707,,0.0
8609,,538,0.46606531739234924,,0.0
8610,,538,0.48121878504753113,,3.0517578125e-05
8611,,538,0.5824706554412842,,0.0018768310546875
8612,,538,0.3484621047973633,,0.5993804931640625
8613,,538,0.33778300881385803,,0.378448486328125
8614,,538,0.49591442942619324,,0.01556396484375
8615,,538,0.49756741523742676,,0.067230224609375
8616,,538,0.47830599546432495,,1.52587890625e-05
8617,,538,0.5488063097000122,,0.0
8618,,538,0.5415896773338318,,0.0
8619,,538,0.5440565943717957,,0.0
8620,,538,0.374035120010376,,0.1333160400390625
8621,,538,0.48578697443008423,,0.07415771484375
8622,,538,0.4164411127567291,,0.0073699951171875
8623,,538,0.39213675260543823,,0.0608062744140625
,2152,538,,0.35129514336586,0.2125701904296875
,2153,538,,0.38773906230926514,0.0781402587890625
,2154,538,,0.3139679431915283,0.0941925048828125
,2155,538,,0.19035226106643677,0.27587890625
8624,,539,0.512990415096283,,0.0
8625,,539,0.4431237578392029,,0.0
8626,,539,0.4306895136833191,,3.0517578125e-05
8627,,539,0.43875938653945923,,0.0018768310546875
8628,,539,0.3741969168186188,,0.5993804931640625
8629,,539,0.33086472749710083,,0.378448486328125
8630,,539,0.42043858766555786,,0.01556396484375
8631,,539,0.400117963552475,,0.067230224609375
8632,,539,0.5709536075592041,,1.52587890625e-05
8633,,539,0.48885929584503174,,0.0
8634,,539,0.4387745261192322,,0.0
8635,,539,0.45510852336883545,,0.0
8636,,539,0.3715040683746338,,0.1333160400390625
8637,,539,0.47200024127960205,,0.07415771484375
8638,,539,0.3786126375198364,,0.0073699951171875
8639,,539,0.34075865149497986,,0.0608062744140625
,2156,539,,0.32164520025253296,0.2125701904296875
,2157,539,,0.301588237285614,0.0781402587890625
,2158,539,,0.28980258107185364,0.0941925048828125
,2159,539,,0.3022139072418213,0.27587890625
8640,,540,0.5203667879104614,,0.0
8641,,540,0.5837410688400269,,0.0
8642,,540,0.43513190746307373,,3.0517578125e-05
8643,,540,0.5027892589569092,,0.0018768310546875
8644,,540,0.3832757771015167,,0.5993804931640625
8645,,540,0.31882134079933167,,0.378448486328125
8646,,540,0.5780754089355469,,0.01556396484375
8647,,540,0.4031302034854889,,0.067230224609375
8648,,540,0.568773627281189,,1.52587890625e-05
8649,,540,0.48210620880126953,,0.0
8650,,540,0.5126602053642273,,0.0
8651,,540,0.54030442237854,,0.0
8652,,540,0.3180300295352936,,0.1333160400390625
8653,,540,0.5909789204597473,,0.07415771484375
8654,,540,0.5171558856964111,,0.0073699951171875
8655,,540,0.5042886734008789,,0.0608062744140625
,2160,540,,0.3529045879840851,0.2125701904296875
,2161,540,,0.31165921688079834,0.0781402587890625
,2162,540,,0.3967127203941345,0.0941925048828125
,2163,540,,0.29963165521621704,0.27587890625
8656,,541,0.47892555594444275,,0.0
8657,,541,0.40015310049057007,,0.0
8658,,541,0.6357156038284302,,3.0517578125e-05
8659,,541,0.4974295496940613,,0.0018768310546875
8660,,541,0.3964231014251709,,0.5993804931640625
8661,,541,0.3141016960144043,,0.378448486328125
8662,,541,0.38258975744247437,,0.01556396484375
8663,,541,0.45486000180244446,,0.067230224609375
8664,,541,0.551082193851471,,1.52587890625e-05
8665,,541,0.47847890853881836,,0.0
8666,,541,0.5355784893035889,,0.0
8667,,541,0.41455790400505066,,0.0
8668,,541,0.4542197585105896,,0.1333160400390625
8669,,541,0.5102611780166626,,0.07415771484375
8670,,541,0.506196916103363,,0.0073699951171875
8671,,541,0.33725351095199585,,0.0608062744140625
,2164,541,,0.1583360731601715,0.2125701904296875
,2165,541,,0.5063920021057129,0.0781402587890625
,2166,541,,0.31428849697113037,0.0941925048828125
,2167,541,,0.17317089438438416,0.27587890625
8672,,542,0.4605181813240051,,0.0
8673,,542,0.5177807807922363,,0.0
8674,,542,0.3809055685997009,,3.0517578125e-05
8675,,542,0.5096248984336853,,0.0018768310546875
8676,,542,0.35275202989578247,,0.5993804931640625
8677,,542,0.3287011981010437,,0.378448486328125
8678,,542,0.3770768642425537,,0.01556396484375
8679,,542,0.44506633281707764,,0.067230224609375
8680,,542,0.43216001987457275,,1.52587890625e-05
8681,,542,0.4136749804019928,,0.0
8682,,542,0.36580348014831543,,0.0
8683,,542,0.48911958932876587,,0.0
8684,,542,0.2964686453342438,,0.1333160400390625
8685,,542,0.4170950949192047,,0.07415771484375
8686,,542,0.5104014873504639,,0.0073699951171875
8687,,542,0.295946329832077,,0.0608062744140625
,2168,542,,0.30924034118652344,0.2125701904296875
,2169,542,,0.44643551111221313,0.0781402587890625
,2170,542,,0.3853866755962372,0.0941925048828125
,2171,542,,0.14544948935508728,0.27587890625
8688,,543,0.5039511919021606,,0.0
8689,,543,0.5267735719680786,,0.0
8690,,543,0.4624725580215454,,3.0517578125e-05
8691,,543,0.4110569357872009,,0.0018768310546875
8692,,543,0.3521115183830261,,0.5993804931640625
8693,,543,0.3315998613834381,,0.378448486328125
8694,,543,0.6104447245597839,,0.01556396484375
8695,,543,0.45123669505119324,,0.067230224609375
8696,,543,0.34733518958091736,,1.52587890625e-05
8697,,543,0.5524512529373169,,0.0
8698,,543,0.4531906545162201,,0.0
8699,,543,0.5390337109565735,,0.0
8700,,543,0.4936249554157257,,0.1333160400390625
8701,,543,0.4346255958080292,,0.07415771484375
8702,,543,0.48792895674705505,,0.0073699951171875
8703,,543,0.35593897104263306,,0.0608062744140625
,2172,543,,0.18447309732437134,0.2125701904296875
,2173,543,,0.5204654932022095,0.0781402587890625
,2174,543,,0.3722986876964569,0.0941925048828125
,2175,543,,0.11635074019432068,0.27587890625
8704,,544,0.640018105506897,,0.0
8705,,544,0.6226077079772949,,0.0
8706,,544,0.3317582607269287,,3.0517578125e-05
8707,,544,0.5498858094215393,,0.0018768310546875
8708,,544,0.35632848739624023,,0.5993804931640625
8709,,544,0.28893160820007324,,0.378448486328125
8710,,544,0.4007740318775177,,0.01556396484375
8711,,544,0.44819825887680054,,0.067230224609375
8712,,544,0.5978061556816101,,1.52587890625e-05
8713,,544,0.46614712476730347,,0.0
8714,,544,0.3900681138038635,,0.0
8715,,544,0.4158264398574829,,0.0
8716,,544,0.38529863953590393,,0.1333160400390625
8717,,544,0.3651846647262573,,0.07415771484375
8718,,544,0.4614031910896301,,0.0073699951171875
8719,,544,0.37386032938957214,,0.0608062744140625
,2176,544,,0.3167581260204315,0.2125701904296875
,2177,544,,0.4794270396232605,0.0781402587890625
,2178,544,,0.42616602778434753,0.0941925048828125
,2179,544,,0.21063008904457092,0.27587890625
8720,,545,0.5048925280570984,,0.0
8721,,545,0.49490970373153687,,0.0
8722,,545,0.44942882657051086,,3.0517578125e-05
8723,,545,0.40513283014297485,,0.0018768310546875
8724,,545,0.392843097448349,,0.5993804931640625
8725,,545,0.3179778754711151,,0.378448486328125
8726,,545,0.48417365550994873,,0.01556396484375
8727,,545,0.444073885679245,,0.067230224609375
8728,,545,0.43782564997673035,,1.52587890625e-05
8729,,545,0.47209465503692627,,0.0
8730,,545,0.586229681968689,,0.0
8731,,545,0.45704203844070435,,0.0
8732,,545,0.40701228380203247,,0.1333160400390625
8733,,545,0.31076502799987793,,0.07415771484375
8734,,545,0.48945289850234985,,0.0073699951171875
8735,,545,0.4219476580619812,,0.0608062744140625
,2180,545,,0.40760529041290283,0.2125701904296875
,2181,545,,0.4392527639865875,0.0781402587890625
,2182,545,,0.3463902473449707,0.0941925048828125
,2183,545,,0.11454905569553375,0.27587890625
8736,,546,0.45006468892097473,,0.0
8737,,546,0.4843054413795471,,0.0
8738,,546,0.49660322070121765,,3.0517578125e-05
8739,,546,0.4978649616241455,,0.0018768310546875
8740,,546,0.41497015953063965,,0.5993804931640625
8741,,546,0.3557543158531189,,0.378448486328125
8742,,546,0.4777616858482361,,0.01556396484375
8743,,546,0.42268306016921997,,0.067230224609375
8744,,546,0.45498836040496826,,1.52587890625e-05
8745,,546,0.586646556854248,,0.0
8746,,546,0.5311119556427002,,0.0
8747,,546,0.5707975625991821,,0.0
8748,,546,0.326347678899765,,0.1333160400390625
8749,,546,0.392251193523407,,0.07415771484375
8750,,546,0.4353600740432739,,0.0073699951171875
8751,,546,0.45340588688850403,,0.0608062744140625
,2184,546,,0.2567802667617798,0.2125701904296875
,2185,546,,0.4052552580833435,0.0781402587890625
,2186,546,,0.43325114250183105,0.0941925048828125
,2187,546,,0.09717963635921478,0.27587890625
8752,,547,0.4681152105331421,,0.0
8753,,547,0.5210016965866089,,0.0
8754,,547,0.3672700822353363,,3.0517578125e-05
8755,,547,0.555793285369873,,0.0018768310546875
8756,,547,0.3845577836036682,,0.5993804931640625
8757,,547,0.3147905170917511,,0.378448486328125
8758,,547,0.5265073776245117,,0.01556396484375
8759,,547,0.34978920221328735,,0.067230224609375
8760,,547,0.5929766297340393,,1.52587890625e-05
8761,,547,0.4950784742832184,,0.0
8762,,547,0.5006442070007324,,0.0
8763,,547,0.4395727515220642,,0.0
8764,,547,0.3614276647567749,,0.1333160400390625
8765,,547,0.45719048380851746,,0.07415771484375
8766,,547,0.48920825123786926,,0.0073699951171875
8767,,547,0.34027519822120667,,0.0608062744140625
,2188,547,,0.2629678249359131,0.2125701904296875
,2189,547,,0.35531890392303467,0.0781402587890625
,2190,547,,0.37417399883270264,0.0941925048828125
,2191,547,,0.17565229535102844,0.27587890625
8768,,548,0.5200320482254028,,0.0
8769,,548,0.5566883087158203,,0.0
8770,,548,0.54494309425354,,3.0517578125e-05
8771,,548,0.5516146421432495,,0.0018768310546875
8772,,548,0.40785789489746094,,0.5993804931640625
8773,,548,0.33910590410232544,,0.378448486328125
8774,,548,0.49544453620910645,,0.01556396484375
8775,,548,0.3923678696155548,,0.067230224609375
8776,,548,0.39997610449790955,,1.52587890625e-05
8777,,548,0.44286319613456726,,0.0
8778,,548,0.42487257719039917,,0.0
8779,,548,0.5069503784179688,,0.0
8780,,548,0.4333162307739258,,0.1333160400390625
8781,,548,0.3259454369544983,,0.07415771484375
8782,,548,0.3251241445541382,,0.0073699951171875
8783,,548,0.45187103748321533,,0.0608062744140625
,2192,548,,0.2869710922241211,0.2125701904296875
,2193,548,,0.37509721517562866,0.0781402587890625
,2194,548,,0.46070683002471924,0.0941925048828125
,2195,548,,0.2725400924682617,0.27587890625
8784,,549,0.5612499713897705,,0.0
8785,,549,0.48256951570510864,,0.0
8786,,549,0.501372218132019,,3.0517578125e-05
8787,,549,0.5261968970298767,,0.0018768310546875
8788,,549,0.3473097085952759,,0.5993804931640625
8789,,549,0.30484500527381897,,0.378448486328125
8790,,549,0.288611501455307,,0.01556396484375
8791,,549,0.4125913679599762,,0.067230224609375
8792,,549,0.535857081413269,,1.52587890625e-05
8793,,549,0.4187847375869751,,0.0
8794,,549,0.6425384879112244,,0.0
8795,,549,0.4128086268901825,,0.0
8796,,549,0.4333356022834778,,0.1333160400390625
8797,,549,0.4626685380935669,,0.07415771484375
8798,,549,0.5783966183662415,,0.0073699951171875
8799,,549,0.611060380935669,,0.0608062744140625
,2196,549,,0.39300456643104553,0.2125701904296875
,2197,549,,0.5177940726280212,0.0781402587890625
,2198,549,,0.42838120460510254,0.0941925048828125
,2199,549,,0.2042163610458374,0.27587890625
8800,,550,0.4208720326423645,,0.0
8801,,550,0.43143871426582336,,0.0
8802,,550,0.636709451675415,,3.0517578125e-05
8803,,550,0.5877882242202759,,0.0018768310546875
8804,,550,0.3670174181461334,,0.5993804931640625
8805,,550,0.40869563817977905,,0.378448486328125
8806,,550,0.66092848777771,,0.01556396484375
8807,,550,0.4034566879272461,,0.067230224609375
8808,,550,0.45330891013145447,,1.52587890625e-05
8809,,550,0.5382657647132874,,0.0
8810,,550,0.5345344543457031,,0.0
8811,,550,0.5572984218597412,,0.0
8812,,550,0.30480292439460754,,0.1333160400390625
8813,,550,0.4059584438800812,,0.07415771484375
8814,,550,0.6072357296943665,,0.0073699951171875
8815,,550,0.42581236362457275,,0.0608062744140625
,2200,550,,0.18696340918540955,0.2125701904296875
,2201,550,,0.45941871404647827,0.0781402587890625
,2202,550,,0.36055082082748413,0.0941925048828125
,2203,550,,0.18074913322925568,0.27587890625
8816,,551,0.4514847993850708,,0.0
8817,,551,0.5210256576538086,,0.0
8818,,551,0.518871545791626,,3.0517578125e-05
8819,,551,0.43465644121170044,,0.0018768310546875
8820,,551,0.3341299295425415,,0.5993804931640625
8821,,551,0.3405262231826782,,0.378448486328125
8822,,551,0.4404526352882385,,0.01556396484375
8823,,551,0.4179880619049072,,0.067230224609375
8824,,551,0.5526092052459717,,1.52587890625e-05
8825,,551,0.624475359916687,,0.0
8826,,551,0.5631954669952393,,0.0
8827,,551,0.5638755559921265,,0.0
8828,,551,0.4778580963611603,,0.1333160400390625
8829,,551,0.40783244371414185,,0.07415771484375
8830,,551,0.4444175362586975,,0.0073699951171875
8831,,551,0.5939162969589233,,0.0608062744140625
,2204,551,,0.2939682900905609,0.2125701904296875
,2205,551,,0.3465942144393921,0.0781402587890625
,2206,551,,0.3551148772239685,0.0941925048828125
,2207,551,,0.23259076476097107,0.27587890625
8832,,552,0.4298420548439026,,0.0
8833,,552,0.667125403881073,,0.0
8834,,552,0.48271340131759644,,3.0517578125e-05
8835,,552,0.5207949280738831,,0.0018768310546875
8836,,552,0.3881516456604004,,0.5993804931640625
8837,,552,0.3316400647163391,,0.378448486328125
8838,,552,0.4107150435447693,,0.01556396484375
8839,,552,0.48128968477249146,,0.067230224609375
8840,,552,0.4353455901145935,,1.52587890625e-05
8841,,552,0.5665874481201172,,0.0
8842,,552,0.5656320452690125,,0.0
8843,,552,0.5132201910018921,,0.0
8844,,552,0.46466079354286194,,0.1333160400390625
8845,,552,0.3140993118286133,,0.07415771484375
8846,,552,0.7289220094680786,,0.0073699951171875
8847,,552,0.5542048215866089,,0.0608062744140625
,2208,552,,0.3241523206233978,0.2125701904296875
,2209,552,,0.4288274645805359,0.0781402587890625
,2210,552,,0.4760553240776062,0.0941925048828125
,2211,552,,0.23300039768218994,0.27587890625
8848,,553,0.5452635884284973,,0.0
8849,,553,0.5158361196517944,,0.0
8850,,553,0.4387766420841217,,3.0517578125e-05
8851,,553,0.5779262781143188,,0.0018768310546875
8852,,553,0.3424879312515259,,0.5993804931640625
8853,,553,0.32273703813552856,,0.378448486328125
8854,,553,0.44560837745666504,,0.01556396484375
8855,,553,0.47184374928474426,,0.067230224609375
8856,,553,0.453450083732605,,1.52587890625e-05
8857,,553,0.41570237278938293,,0.0
8858,,553,0.590002179145813,,0.0
8859,,553,0.40777817368507385,,0.0
8860,,553,0.5136153697967529,,0.1333160400390625
8861,,553,0.3941139578819275,,0.07415771484375
8862,,553,0.4733472168445587,,0.0073699951171875
8863,,553,0.5072469115257263,,0.0608062744140625
,2212,553,,0.4518333077430725,0.2125701904296875
,2213,553,,0.5019935369491577,0.0781402587890625
,2214,553,,0.38811203837394714,0.0941925048828125
,2215,553,,0.24673843383789062,0.27587890625
8864,,554,0.6213748455047607,,0.0
8865,,554,0.5827296376228333,,0.0
8866,,554,0.43554553389549255,,3.0517578125e-05
8867,,554,0.5655202865600586,,0.0018768310546875
8868,,554,0.3122783303260803,,0.5993804931640625
8869,,554,0.31630295515060425,,0.378448486328125
8870,,554,0.45643144845962524,,0.01556396484375
8871,,554,0.5028246641159058,,0.067230224609375
8872,,554,0.4261133372783661,,1.52587890625e-05
8873,,554,0.5337537527084351,,0.0
8874,,554,0.46185362339019775,,0.0
8875,,554,0.4744030237197876,,0.0
8876,,554,0.43037933111190796,,0.1333160400390625
8877,,554,0.5334385633468628,,0.07415771484375
8878,,554,0.4172564744949341,,0.0073699951171875
8879,,554,0.45125386118888855,,0.0608062744140625
,2216,554,,0.24666772782802582,0.2125701904296875
,2217,554,,0.3998870551586151,0.0781402587890625
,2218,554,,0.285658061504364,0.0941925048828125
,2219,554,,0.35093197226524353,0.27587890625
8880,,555,0.4856753349304199,,0.0
8881,,555,0.48951444029808044,,0.0
8882,,555,0.6306000351905823,,3.0517578125e-05
8883,,555,0.4274420738220215,,0.0018768310546875
8884,,555,0.3705599308013916,,0.5993804931640625
8885,,555,0.35139232873916626,,0.378448486328125
8886,,555,0.5109755396842957,,0.01556396484375
8887,,555,0.313651978969574,,0.067230224609375
8888,,555,0.45086342096328735,,1.52587890625e-05
8889,,555,0.38609588146209717,,0.0
8890,,555,0.4920540750026703,,0.0
8891,,555,0.493061363697052,,0.0
8892,,555,0.41070860624313354,,0.1333160400390625
8893,,555,0.43716099858283997,,0.07415771484375
8894,,555,0.5175787806510925,,0.0073699951171875
8895,,555,0.3143869638442993,,0.0608062744140625
,2220,555,,0.32032454013824463,0.2125701904296875
,2221,555,,0.37691497802734375,0.0781402587890625
,2222,555,,0.457389235496521,0.0941925048828125
,2223,555,,0.21615135669708252,0.27587890625
8896,,556,0.51009202003479,,0.0
8897,,556,0.6494775414466858,,0.0
8898,,556,0.43003711104393005,,3.0517578125e-05
8899,,556,0.4787786900997162,,0.0018768310546875
8900,,556,0.39206647872924805,,0.5993804931640625
8901,,556,0.3870523273944855,,0.378448486328125
8902,,556,0.49311602115631104,,0.01556396484375
8903,,556,0.46172505617141724,,0.067230224609375
8904,,556,0.4725506603717804,,1.52587890625e-05
8905,,556,0.5790418386459351,,0.0
8906,,556,0.48960036039352417,,0.0
8907,,556,0.40536177158355713,,0.0
8908,,556,0.3420543670654297,,0.1333160400390625
8909,,556,0.39059847593307495,,0.07415771484375
8910,,556,0.4757450520992279,,0.0073699951171875
8911,,556,0.4873769283294678,,0.0608062744140625
,2224,556,,0.2252245396375656,0.2125701904296875
,2225,556,,0.3857928216457367,0.0781402587890625
,2226,556,,0.39551177620887756,0.0941925048828125
,2227,556,,0.226867213845253,0.27587890625
8912,,557,0.5633693933486938,,0.0
8913,,557,0.6575914621353149,,0.0
8914,,557,0.5815585851669312,,3.0517578125e-05
8915,,557,0.5588874220848083,,0.0018768310546875
8916,,557,0.3570367991924286,,0.5993804931640625
8917,,557,0.3539581894874573,,0.378448486328125
8918,,557,0.4701264798641205,,0.01556396484375
8919,,557,0.42190754413604736,,0.067230224609375
8920,,557,0.5210031270980835,,1.52587890625e-05
8921,,557,0.43726277351379395,,0.0
8922,,557,0.5248263478279114,,0.0
8923,,557,0.479509174823761,,0.0
8924,,557,0.47915172576904297,,0.1333160400390625
8925,,557,0.47266536951065063,,0.07415771484375
8926,,557,0.5400762557983398,,0.0073699951171875
8927,,557,0.3648175001144409,,0.0608062744140625
,2228,557,,0.18076452612876892,0.2125701904296875
,2229,557,,0.33862000703811646,0.0781402587890625
,2230,557,,0.49346405267715454,0.0941925048828125
,2231,557,,0.21685796976089478,0.27587890625
8928,,558,0.4991649389266968,,0.0
8929,,558,0.4961753785610199,,0.0
8930,,558,0.6199179291725159,,3.0517578125e-05
8931,,558,0.574907660484314,,0.0018768310546875
8932,,558,0.36758750677108765,,0.5993804931640625
8933,,558,0.2562404274940491,,0.378448486328125
8934,,558,0.3416837453842163,,0.01556396484375
8935,,558,0.4040001332759857,,0.067230224609375
8936,,558,0.43648314476013184,,1.52587890625e-05
8937,,558,0.5158079862594604,,0.0
8938,,558,0.588627815246582,,0.0
8939,,558,0.5217028856277466,,0.0
8940,,558,0.45123323798179626,,0.1333160400390625
8941,,558,0.48325973749160767,,0.07415771484375
8942,,558,0.48931464552879333,,0.0073699951171875
8943,,558,0.48772698640823364,,0.0608062744140625
,2232,558,,0.367720365524292,0.2125701904296875
,2233,558,,0.4916278123855591,0.0781402587890625
,2234,558,,0.42433539032936096,0.0941925048828125
,2235,558,,0.21197348833084106,0.27587890625
8944,,559,0.38088458776474,,0.0
8945,,559,0.40934187173843384,,0.0
8946,,559,0.5101950168609619,,3.0517578125e-05
8947,,559,0.4806913137435913,,0.0018768310546875
8948,,559,0.32402414083480835,,0.5993804931640625
8949,,559,0.2948029339313507,,0.378448486328125
8950,,559,0.5753175020217896,,0.01556396484375
8951,,559,0.47128766775131226,,0.067230224609375
8952,,559,0.587356448173523,,1.52587890625e-05
8953,,559,0.3865126371383667,,0.0
8954,,559,0.4252973198890686,,0.0
8955,,559,0.4811089038848877,,0.0
8956,,559,0.45185142755508423,,0.1333160400390625
8957,,559,0.3533705472946167,,0.07415771484375
8958,,559,0.5425330400466919,,0.0073699951171875
8959,,559,0.4580453336238861,,0.0608062744140625
,2236,559,,0.42203783988952637,0.2125701904296875
,2237,559,,0.4448222517967224,0.0781402587890625
,2238,559,,0.4061148762702942,0.0941925048828125
,2239,559,,0.34867116808891296,0.27587890625
8960,,560,0.3985540270805359,,0.0
8961,,560,0.48227834701538086,,0.0
8962,,560,0.41906678676605225,,3.0517578125e-05
8963,,560,0.47199082374572754,,0.0018768310546875
8964,,560,0.34735047817230225,,0.5993804931640625
8965,,560,0.30549007654190063,,0.378448486328125
8966,,560,0.48373207449913025,,0.01556396484375
8967,,560,0.36826425790786743,,0.067230224609375
8968,,560,0.5600566864013672,,1.52587890625e-05
8969,,560,0.45378243923187256,,0.0
8970,,560,0.3954962193965912,,0.0
8971,,560,0.36524122953414917,,0.0
8972,,560,0.361108660697937,,0.1333160400390625
8973,,560,0.42808419466018677,,0.07415771484375
8974,,560,0.48674261569976807,,0.0073699951171875
8975,,560,0.44339072704315186,,0.0608062744140625
,2240,560,,0.3419855237007141,0.2125701904296875
,2241,560,,0.3686434030532837,0.0781402587890625
,2242,560,,0.35725319385528564,0.0941925048828125
,2243,560,,0.30835384130477905,0.27587890625
8976,,561,0.4823390543460846,,0.0
8977,,561,0.44320952892303467,,0.0
8978,,561,0.4625648856163025,,3.0517578125e-05
8979,,561,0.5117602348327637,,0.0018768310546875
8980,,561,0.3960541784763336,,0.5993804931640625
8981,,561,0.3710998296737671,,0.378448486328125
8982,,561,0.387224018573761,,0.01556396484375
8983,,561,0.36166760325431824,,0.067230224609375
8984,,561,0.5594127178192139,,1.52587890625e-05
8985,,561,0.6101434230804443,,0.0
8986,,561,0.5276268124580383,,0.0
8987,,561,0.6431711316108704,,0.0
8988,,561,0.38308054208755493,,0.1333160400390625
8989,,561,0.49773693084716797,,0.07415771484375
8990,,561,0.49723923206329346,,0.0073699951171875
8991,,561,0.591687798500061,,0.0608062744140625
,2244,561,,0.44259950518608093,0.2125701904296875
,2245,561,,0.5432159304618835,0.0781402587890625
,2246,561,,0.549056887626648,0.0941925048828125
,2247,561,,0.20885905623435974,0.27587890625
8992,,562,0.5311965942382812,,0.0
8993,,562,0.688622236251831,,0.0
8994,,562,0.4343111217021942,,3.0517578125e-05
8995,,562,0.5707626342773438,,0.0018768310546875
8996,,562,0.3189408779144287,,0.5993804931640625
8997,,562,0.3027907609939575,,0.378448486328125
8998,,562,0.5182750225067139,,0.01556396484375
8999,,562,0.38218891620635986,,0.067230224609375
9000,,562,0.5565404891967773,,1.52587890625e-05
9001,,562,0.41296833753585815,,0.0
9002,,562,0.4833189845085144,,0.0
9003,,562,0.557957112789154,,0.0
9004,,562,0.3001894950866699,,0.1333160400390625
9005,,562,0.36045947670936584,,0.07415771484375
9006,,562,0.45873117446899414,,0.0073699951171875
9007,,562,0.4677291512489319,,0.0608062744140625
,2248,562,,0.3849567174911499,0.2125701904296875
,2249,562,,0.5032578110694885,0.0781402587890625
,2250,562,,0.5113800168037415,0.0941925048828125
,2251,562,,0.2404947131872177,0.27587890625
9008,,563,0.47409334778785706,,0.0
9009,,563,0.5263656377792358,,0.0
9010,,563,0.41781085729599,,3.0517578125e-05
9011,,563,0.534526526927948,,0.0018768310546875
9012,,563,0.36783933639526367,,0.5993804931640625
9013,,563,0.35821211338043213,,0.378448486328125
9014,,563,0.5363394618034363,,0.01556396484375
9015,,563,0.4580506384372711,,0.067230224609375
9016,,563,0.4035295844078064,,1.52587890625e-05
9017,,563,0.526405930519104,,0.0
9018,,563,0.5626460313796997,,0.0
9019,,563,0.5473166704177856,,0.0
9020,,563,0.4182537794113159,,0.1333160400390625
9021,,563,0.4835492968559265,,0.07415771484375
9022,,563,0.47961506247520447,,0.0073699951171875
9023,,563,0.4330602288246155,,0.0608062744140625
,2252,563,,0.27074456214904785,0.2125701904296875
,2253,563,,0.4783223271369934,0.0781402587890625
,2254,563,,0.4371524155139923,0.0941925048828125
,2255,563,,0.3053569793701172,0.27587890625
9024,,564,0.46383020281791687,,0.0
9025,,564,0.5102922916412354,,0.0
9026,,564,0.5722907781600952,,3.0517578125e-05
9027,,564,0.5755761861801147,,0.0018768310546875
9028,,564,0.3431774079799652,,0.5993804931640625
9029,,564,0.2655026316642761,,0.378448486328125
9030,,564,0.4833461046218872,,0.01556396484375
9031,,564,0.28093627095222473,,0.067230224609375
9032,,564,0.45666009187698364,,1.52587890625e-05
9033,,564,0.6414318680763245,,0.0
9034,,564,0.49207067489624023,,0.0
9035,,564,0.5665515661239624,,0.0
9036,,564,0.43042951822280884,,0.1333160400390625
9037,,564,0.29871031641960144,,0.07415771484375
9038,,564,0.44852206110954285,,0.0073699951171875
9039,,564,0.41923922300338745,,0.0608062744140625
,2256,564,,0.3079708218574524,0.2125701904296875
,2257,564,,0.3310537338256836,0.0781402587890625
,2258,564,,0.4485280513763428,0.0941925048828125
,2259,564,,0.27061930298805237,0.27587890625
9040,,565,0.379250705242157,,0.0
9041,,565,0.44554421305656433,,0.0
9042,,565,0.49601832032203674,,3.0517578125e-05
9043,,565,0.6480797529220581,,0.0018768310546875
9044,,565,0.3676985800266266,,0.5993804931640625
9045,,565,0.3182450532913208,,0.378448486328125
9046,,565,0.47016802430152893,,0.01556396484375
9047,,565,0.4207878112792969,,0.067230224609375
9048,,565,0.5298932790756226,,1.52587890625e-05
9049,,565,0.410075843334198,,0.0
9050,,565,0.5515307784080505,,0.0
9051,,565,0.5894442796707153,,0.0
9052,,565,0.4852483570575714,,0.1333160400390625
9053,,565,0.31013739109039307,,0.07415771484375
9054,,565,0.5233074426651001,,0.0073699951171875
9055,,565,0.3849121332168579,,0.0608062744140625
,2260,565,,0.3571283519268036,0.2125701904296875
,2261,565,,0.4182811975479126,0.0781402587890625
,2262,565,,0.28617990016937256,0.0941925048828125
,2263,565,,0.37443146109580994,0.27587890625
9056,,566,0.32972651720046997,,0.0
9057,,566,0.433238685131073,,0.0
9058,,566,0.5545341372489929,,3.0517578125e-05
9059,,566,0.47803163528442383,,0.0018768310546875
9060,,566,0.3760448694229126,,0.5993804931640625
9061,,566,0.33539941906929016,,0.378448486328125
9062,,566,0.6049927473068237,,0.01556396484375
9063,,566,0.29946812987327576,,0.067230224609375
9064,,566,0.32248982787132263,,1.52587890625e-05
9065,,566,0.6337417960166931,,0.0
9066,,566,0.6073293685913086,,0.0
9067,,566,0.49807289242744446,,0.0
9068,,566,0.2872110605239868,,0.1333160400390625
9069,,566,0.48014557361602783,,0.07415771484375
9070,,566,0.5113741755485535,,0.0073699951171875
9071,,566,0.46259206533432007,,0.0608062744140625
,2264,566,,0.32393091917037964,0.2125701904296875
,2265,566,,0.3957150876522064,0.0781402587890625
,2266,566,,0.4329793155193329,0.0941925048828125
,2267,566,,0.19911623001098633,0.27587890625
9072,,567,0.4717801511287689,,0.0
9073,,567,0.37191930413246155,,0.0
9074,,567,0.47086912393569946,,3.0517578125e-05
9075,,567,0.4764447808265686,,0.0018768310546875
9076,,567,0.39114534854888916,,0.5993804931640625
9077,,567,0.27937784790992737,,0.378448486328125
9078,,567,0.5483403205871582,,0.01556396484375
9079,,567,0.4476834535598755,,0.067230224609375
9080,,567,0.5105011463165283,,1.52587890625e-05
9081,,567,0.587303876876831,,0.0
9082,,567,0.5108357071876526,,0.0
9083,,567,0.5952011346817017,,0.0
9084,,567,0.4147351384162903,,0.1333160400390625
9085,,567,0.46204885840415955,,0.07415771484375
9086,,567,0.5822138786315918,,0.0073699951171875
9087,,567,0.5662705302238464,,0.0608062744140625
,2268,567,,0.33311718702316284,0.2125701904296875
,2269,567,,0.35641640424728394,0.0781402587890625
,2270,567,,0.3030852675437927,0.0941925048828125
,2271,567,,0.17838948965072632,0.27587890625
9088,,568,0.5217349529266357,,0.0
9089,,568,0.5668948888778687,,0.0
9090,,568,0.450175017118454,,3.0517578125e-05
9091,,568,0.4108116626739502,,0.0018768310546875
9092,,568,0.38806161284446716,,0.5993804931640625
9093,,568,0.3205602765083313,,0.378448486328125
9094,,568,0.5168806314468384,,0.01556396484375
9095,,568,0.48328039050102234,,0.067230224609375
9096,,568,0.5779310464859009,,1.52587890625e-05
9097,,568,0.4055716395378113,,0.0
9098,,568,0.4970182478427887,,0.0
9099,,568,0.521548867225647,,0.0
9100,,568,0.350327730178833,,0.1333160400390625
9101,,568,0.49205130338668823,,0.07415771484375
9102,,568,0.5035117864608765,,0.0073699951171875
9103,,568,0.4633641541004181,,0.0608062744140625
,2272,568,,0.26254475116729736,0.2125701904296875
,2273,568,,0.45091143250465393,0.0781402587890625
,2274,568,,0.22768034040927887,0.0941925048828125
,2275,568,,0.20649085938930511,0.27587890625
9104,,569,0.5190756320953369,,0.0
9105,,569,0.3228771686553955,,0.0
9106,,569,0.5516045093536377,,3.0517578125e-05
9107,,569,0.47321051359176636,,0.0018768310546875
9108,,569,0.3776785135269165,,0.5993804931640625
9109,,569,0.2816484868526459,,0.378448486328125
9110,,569,0.4735903739929199,,0.01556396484375
9111,,569,0.4346257746219635,,0.067230224609375
9112,,569,0.36139434576034546,,1.52587890625e-05
9113,,569,0.47207462787628174,,0.0
9114,,569,0.49864086508750916,,0.0
9115,,569,0.5079293847084045,,0.0
9116,,569,0.39290982484817505,,0.1333160400390625
9117,,569,0.4918856620788574,,0.07415771484375
9118,,569,0.5828651785850525,,0.0073699951171875
9119,,569,0.5103745460510254,,0.0608062744140625
,2276,569,,0.3159942030906677,0.2125701904296875
,2277,569,,0.3486790657043457,0.0781402587890625
,2278,569,,0.24292030930519104,0.0941925048828125
,2279,569,,0.2105676382780075,0.27587890625
9120,,570,0.6548673510551453,,0.0
9121,,570,0.5971227884292603,,0.0
9122,,570,0.4560893177986145,,3.0517578125e-05
9123,,570,0.48148566484451294,,0.0018768310546875
9124,,570,0.36883121728897095,,0.5993804931640625
9125,,570,0.39886078238487244,,0.378448486328125
9126,,570,0.6118868589401245,,0.01556396484375
9127,,570,0.5521751642227173,,0.067230224609375
9128,,570,0.3980611562728882,,1.52587890625e-05
9129,,570,0.49290236830711365,,0.0
9130,,570,0.4256172776222229,,0.0
9131,,570,0.4201253652572632,,0.0
9132,,570,0.4195994436740875,,0.1333160400390625
9133,,570,0.38995853066444397,,0.07415771484375
9134,,570,0.37344396114349365,,0.0073699951171875
9135,,570,0.4019375443458557,,0.0608062744140625
,2280,570,,0.27381718158721924,0.2125701904296875
,2281,570,,0.399252712726593,0.0781402587890625
,2282,570,,0.36981135606765747,0.0941925048828125
,2283,570,,0.19015994668006897,0.27587890625
9136,,571,0.4379338026046753,,0.0
9137,,571,0.4033701419830322,,0.0
9138,,571,0.36866921186447144,,3.0517578125e-05
9139,,571,0.4449281096458435,,0.0018768310546875
9140,,571,0.3992781341075897,,0.5993804931640625
9141,,571,0.28827258944511414,,0.378448486328125
9142,,571,0.5526014566421509,,0.01556396484375
9143,,571,0.4272868037223816,,0.067230224609375
9144,,571,0.5293688774108887,,1.52587890625e-05
9145,,571,0.4014649987220764,,0.0
9146,,571,0.6504350900650024,,0.0
9147,,571,0.3952944874763489,,0.0
9148,,571,0.31299886107444763,,0.1333160400390625
9149,,571,0.48283350467681885,,0.07415771484375
9150,,571,0.3707166910171509,,0.0073699951171875
9151,,571,0.4668789505958557,,0.0608062744140625
,2284,571,,0.2765370309352875,0.2125701904296875
,2285,571,,0.4154820442199707,0.0781402587890625
,2286,571,,0.4303209185600281,0.0941925048828125
,2287,571,,0.1062166765332222,0.27587890625
9152,,572,0.4688856601715088,,0.0
9153,,572,0.4735289216041565,,0.0
9154,,572,0.44519272446632385,,3.0517578125e-05
9155,,572,0.5077296495437622,,0.0018768310546875
9156,,572,0.3435820937156677,,0.5993804931640625
9157,,572,0.3631967306137085,,0.378448486328125
9158,,572,0.5130652785301208,,0.01556396484375
9159,,572,0.49489089846611023,,0.067230224609375
9160,,572,0.4902007579803467,,1.52587890625e-05
9161,,572,0.39865851402282715,,0.0
9162,,572,0.4720870852470398,,0.0
9163,,572,0.3779609501361847,,0.0
9164,,572,0.3133566379547119,,0.1333160400390625
9165,,572,0.30783432722091675,,0.07415771484375
9166,,572,0.47648870944976807,,0.0073699951171875
9167,,572,0.3746519088745117,,0.0608062744140625
,2288,572,,0.33748456835746765,0.2125701904296875
,2289,572,,0.35083431005477905,0.0781402587890625
,2290,572,,0.429446280002594,0.0941925048828125
,2291,572,,0.31282857060432434,0.27587890625
9168,,573,0.4552898108959198,,0.0
9169,,573,0.5753166675567627,,0.0
9170,,573,0.5932552814483643,,3.0517578125e-05
9171,,573,0.6485345959663391,,0.0018768310546875
9172,,573,0.39977431297302246,,0.5993804931640625
9173,,573,0.30405566096305847,,0.378448486328125
9174,,573,0.37559157609939575,,0.01556396484375
9175,,573,0.34599030017852783,,0.067230224609375
9176,,573,0.5200255513191223,,1.52587890625e-05
9177,,573,0.5599614977836609,,0.0
9178,,573,0.3786536455154419,,0.0
9179,,573,0.5007762908935547,,0.0
9180,,573,0.3245629072189331,,0.1333160400390625
9181,,573,0.3859192728996277,,0.07415771484375
9182,,573,0.606903076171875,,0.0073699951171875
9183,,573,0.34405750036239624,,0.0608062744140625
,2292,573,,0.3017860949039459,0.2125701904296875
,2293,573,,0.4485710859298706,0.0781402587890625
,2294,573,,0.37967032194137573,0.0941925048828125
,2295,573,,0.3060259222984314,0.27587890625
9184,,574,0.4745219945907593,,0.0
9185,,574,0.4873231053352356,,0.0
9186,,574,0.4704388678073883,,3.0517578125e-05
9187,,574,0.5130663514137268,,0.0018768310546875
9188,,574,0.3976019620895386,,0.5993804931640625
9189,,574,0.34349754452705383,,0.378448486328125
9190,,574,0.519094705581665,,0.01556396484375
9191,,574,0.536790132522583,,0.067230224609375
9192,,574,0.48591673374176025,,1.52587890625e-05
9193,,574,0.4017474055290222,,0.0
9194,,574,0.5210322141647339,,0.0
9195,,574,0.5027551054954529,,0.0
9196,,574,0.41092348098754883,,0.1333160400390625
9197,,574,0.3958827555179596,,0.07415771484375
9198,,574,0.5425094962120056,,0.0073699951171875
9199,,574,0.4151741862297058,,0.0608062744140625
,2296,574,,0.3549237847328186,0.2125701904296875
,2297,574,,0.4593040347099304,0.0781402587890625
,2298,574,,0.3520873188972473,0.0941925048828125
,2299,574,,0.10678119957447052,0.27587890625
9200,,575,0.5407543182373047,,0.0
9201,,575,0.37159889936447144,,0.0
9202,,575,0.5355039834976196,,3.0517578125e-05
9203,,575,0.41041749715805054,,0.0018768310546875
9204,,575,0.36198917031288147,,0.5993804931640625
9205,,575,0.3135383427143097,,0.378448486328125
9206,,575,0.5864834785461426,,0.01556396484375
9207,,575,0.5349087119102478,,0.067230224609375
9208,,575,0.42232221364974976,,1.52587890625e-05
9209,,575,0.5856934189796448,,0.0
9210,,575,0.413840651512146,,0.0
9211,,575,0.4057483971118927,,0.0
9212,,575,0.36464405059814453,,0.1333160400390625
9213,,575,0.32586315274238586,,0.07415771484375
9214,,575,0.5401890277862549,,0.0073699951171875
9215,,575,0.5076848268508911,,0.0608062744140625
,2300,575,,0.27804890275001526,0.2125701904296875
,2301,575,,0.42685484886169434,0.0781402587890625
,2302,575,,0.31909728050231934,0.0941925048828125
,2303,575,,0.18783071637153625,0.27587890625
9216,,576,0.5019367337226868,,0.0
9217,,576,0.682346761226654,,0.0
9218,,576,0.5589996576309204,,3.0517578125e-05
9219,,576,0.38018447160720825,,0.0018768310546875
9220,,576,0.38003459572792053,,0.5993804931640625
9221,,576,0.3389933705329895,,0.378448486328125
9222,,576,0.6326160430908203,,0.01556396484375
9223,,576,0.4505736529827118,,0.067230224609375
9224,,576,0.5115036964416504,,1.52587890625e-05
9225,,576,0.4466806650161743,,0.0
9226,,576,0.5357359647750854,,0.0
9227,,576,0.4956040382385254,,0.0
9228,,576,0.36788180470466614,,0.1333160400390625
9229,,576,0.34260380268096924,,0.07415771484375
9230,,576,0.47695690393447876,,0.0073699951171875
9231,,576,0.3728991150856018,,0.0608062744140625
,2304,576,,0.1384078413248062,0.2125701904296875
,2305,576,,0.42775842547416687,0.0781402587890625
,2306,576,,0.534543514251709,0.0941925048828125
,2307,576,,0.23023323714733124,0.27587890625
9232,,577,0.4150126576423645,,0.0
9233,,577,0.3618771433830261,,0.0
9234,,577,0.5605536103248596,,3.0517578125e-05
9235,,577,0.4733850657939911,,0.0018768310546875
9236,,577,0.3866630494594574,,0.5993804931640625
9237,,577,0.28739726543426514,,0.378448486328125
9238,,577,0.383552610874176,,0.01556396484375
9239,,577,0.4775540828704834,,0.067230224609375
9240,,577,0.6398358345031738,,1.52587890625e-05
9241,,577,0.5006929039955139,,0.0
9242,,577,0.5243896842002869,,0.0
9243,,577,0.6100968718528748,,0.0
9244,,577,0.38359224796295166,,0.1333160400390625
9245,,577,0.4133819341659546,,0.07415771484375
9246,,577,0.5679560303688049,,0.0073699951171875
9247,,577,0.4091891646385193,,0.0608062744140625
,2308,577,,0.2565155029296875,0.2125701904296875
,2309,577,,0.39422959089279175,0.0781402587890625
,2310,577,,0.4327772855758667,0.0941925048828125
,2311,577,,0.26723697781562805,0.27587890625
9248,,578,0.6152656078338623,,0.0
9249,,578,0.42286697030067444,,0.0
9250,,578,0.5590403079986572,,3.0517578125e-05
9251,,578,0.6382965445518494,,0.0018768310546875
9252,,578,0.31861987709999084,,0.5993804931640625
9253,,578,0.2957104742527008,,0.378448486328125
9254,,578,0.4588490426540375,,0.01556396484375
9255,,578,0.4523351788520813,,0.067230224609375
9256,,578,0.44664910435676575,,1.52587890625e-05
9257,,578,0.378196120262146,,0.0
9258,,578,0.5132901668548584,,0.0
9259,,578,0.5260772705078125,,0.0
9260,,578,0.4348585903644562,,0.1333160400390625
9261,,578,0.45849645137786865,,0.07415771484375
9262,,578,0.5322201251983643,,0.0073699951171875
9263,,578,0.4262576699256897,,0.0608062744140625
,2312,578,,0.3680325746536255,0.2125701904296875
,2313,578,,0.5145564079284668,0.0781402587890625
,2314,578,,0.34025901556015015,0.0941925048828125
,2315,578,,0.29651331901550293,0.27587890625
9264,,579,0.4415401816368103,,0.0
9265,,579,0.294458270072937,,0.0
9266,,579,0.44851839542388916,,3.0517578125e-05
9267,,579,0.5896691083908081,,0.0018768310546875
9268,,579,0.42622625827789307,,0.5993804931640625
9269,,579,0.3277863562107086,,0.378448486328125
9270,,579,0.4707104563713074,,0.01556396484375
9271,,579,0.31561487913131714,,0.067230224609375
9272,,579,0.5522820949554443,,1.52587890625e-05
9273,,579,0.45964252948760986,,0.0
9274,,579,0.5835216641426086,,0.0
9275,,579,0.5005480051040649,,0.0
9276,,579,0.41282540559768677,,0.1333160400390625
9277,,579,0.46506455540657043,,0.07415771484375
9278,,579,0.48039162158966064,,0.0073699951171875
9279,,579,0.3889850378036499,,0.0608062744140625
,2316,579,,0.20682910084724426,0.2125701904296875
,2317,579,,0.4992421269416809,0.0781402587890625
,2318,579,,0.36082932353019714,0.0941925048828125
,2319,579,,0.32581663131713867,0.27587890625
9280,,580,0.5099306702613831,,0.0
9281,,580,0.474068820476532,,0.0
9282,,580,0.550706148147583,,3.0517578125e-05
9283,,580,0.4180692434310913,,0.0018768310546875
9284,,580,0.31318461894989014,,0.5993804931640625
9285,,580,0.3219624161720276,,0.378448486328125
9286,,580,0.5780093669891357,,0.01556396484375
9287,,580,0.4417950212955475,,0.067230224609375
9288,,580,0.6021060347557068,,1.52587890625e-05
9289,,580,0.5745313763618469,,0.0
9290,,580,0.4190477430820465,,0.0
9291,,580,0.5231415033340454,,0.0
9292,,580,0.4261806011199951,,0.1333160400390625
9293,,580,0.3742837905883789,,0.07415771484375
9294,,580,0.5039234757423401,,0.0073699951171875
9295,,580,0.4451131224632263,,0.0608062744140625
,2320,580,,0.3198615610599518,0.2125701904296875
,2321,580,,0.4171038866043091,0.0781402587890625
,2322,580,,0.32232019305229187,0.0941925048828125
,2323,580,,0.17550799250602722,0.27587890625
9296,,581,0.44722047448158264,,0.0
9297,,581,0.5736051797866821,,0.0
9298,,581,0.4435255527496338,,3.0517578125e-05
9299,,581,0.49742963910102844,,0.0018768310546875
9300,,581,0.42067751288414,,0.5993804931640625
9301,,581,0.3206174373626709,,0.378448486328125
9302,,581,0.5319039821624756,,0.01556396484375
9303,,581,0.27937138080596924,,0.067230224609375
9304,,581,0.5092978477478027,,1.52587890625e-05
9305,,581,0.5386468768119812,,0.0
9306,,581,0.4825611114501953,,0.0
9307,,581,0.404712051153183,,0.0
9308,,581,0.2855875492095947,,0.1333160400390625
9309,,581,0.39320284128189087,,0.07415771484375
9310,,581,0.4677678942680359,,0.0073699951171875
9311,,581,0.5962166786193848,,0.0608062744140625
,2324,581,,0.4253509044647217,0.2125701904296875
,2325,581,,0.3581763505935669,0.0781402587890625
,2326,581,,0.4437965452671051,0.0941925048828125
,2327,581,,0.3050287961959839,0.27587890625
9312,,582,0.5928096771240234,,0.0
9313,,582,0.3587344288825989,,0.0
9314,,582,0.5241206884384155,,3.0517578125e-05
9315,,582,0.4511030316352844,,0.0018768310546875
9316,,582,0.3758370280265808,,0.5993804931640625
9317,,582,0.3278213441371918,,0.378448486328125
9318,,582,0.3801921606063843,,0.01556396484375
9319,,582,0.4976264238357544,,0.067230224609375
9320,,582,0.5178757905960083,,1.52587890625e-05
9321,,582,0.5835719108581543,,0.0
9322,,582,0.5672740340232849,,0.0
9323,,582,0.4414556622505188,,0.0
9324,,582,0.30691206455230713,,0.1333160400390625
9325,,582,0.38245123624801636,,0.07415771484375
9326,,582,0.51462721824646,,0.0073699951171875
9327,,582,0.4470316767692566,,0.0608062744140625
,2328,582,,0.24682000279426575,0.2125701904296875
,2329,582,,0.5460275411605835,0.0781402587890625
,2330,582,,0.3617923855781555,0.0941925048828125
,2331,582,,0.164735808968544,0.27587890625
9328,,583,0.5847086906433105,,0.0
9329,,583,0.33894044160842896,,0.0
9330,,583,0.49965593218803406,,3.0517578125e-05
9331,,583,0.44626742601394653,,0.0018768310546875
9332,,583,0.35656556487083435,,0.5993804931640625
9333,,583,0.3508639931678772,,0.378448486328125
9334,,583,0.39763689041137695,,0.01556396484375
9335,,583,0.3986220359802246,,0.067230224609375
9336,,583,0.4029933214187622,,1.52587890625e-05
9337,,583,0.6065400838851929,,0.0
9338,,583,0.5655432939529419,,0.0
9339,,583,0.5779080986976624,,0.0
9340,,583,0.3081834316253662,,0.1333160400390625
9341,,583,0.3563060760498047,,0.07415771484375
9342,,583,0.4391299784183502,,0.0073699951171875
9343,,583,0.3713563084602356,,0.0608062744140625
,2332,583,,0.2932266294956207,0.2125701904296875
,2333,583,,0.44026821851730347,0.0781402587890625
,2334,583,,0.3196341395378113,0.0941925048828125
,2335,583,,0.10558490455150604,0.27587890625
9344,,584,0.4562838673591614,,0.0
9345,,584,0.6598488688468933,,0.0
9346,,584,0.37775978446006775,,3.0517578125e-05
9347,,584,0.44403427839279175,,0.0018768310546875
9348,,584,0.3936125636100769,,0.5993804931640625
9349,,584,0.29814842343330383,,0.378448486328125
9350,,584,0.39897847175598145,,0.01556396484375
9351,,584,0.4550250768661499,,0.067230224609375
9352,,584,0.5345141887664795,,1.52587890625e-05
9353,,584,0.4029850959777832,,0.0
9354,,584,0.45383062958717346,,0.0
9355,,584,0.5237386226654053,,0.0
9356,,584,0.3204994797706604,,0.1333160400390625
9357,,584,0.35641589760780334,,0.07415771484375
9358,,584,0.3294147849082947,,0.0073699951171875
9359,,584,0.4600147008895874,,0.0608062744140625
,2336,584,,0.25708508491516113,0.2125701904296875
,2337,584,,0.43053001165390015,0.0781402587890625
,2338,584,,0.3745114803314209,0.0941925048828125
,2339,584,,0.18613165616989136,0.27587890625
9360,,585,0.5008223056793213,,0.0
9361,,585,0.48075148463249207,,0.0
9362,,585,0.6082854866981506,,3.0517578125e-05
9363,,585,0.4923272728919983,,0.0018768310546875
9364,,585,0.38403210043907166,,0.5993804931640625
9365,,585,0.3474735617637634,,0.378448486328125
9366,,585,0.398062527179718,,0.01556396484375
9367,,585,0.5170179605484009,,0.067230224609375
9368,,585,0.6134364604949951,,1.52587890625e-05
9369,,585,0.6643022298812866,,0.0
9370,,585,0.5310444235801697,,0.0
9371,,585,0.6315510272979736,,0.0
9372,,585,0.30047082901000977,,0.1333160400390625
9373,,585,0.32291364669799805,,0.07415771484375
9374,,585,0.6428256630897522,,0.0073699951171875
9375,,585,0.4053115248680115,,0.0608062744140625
,2340,585,,0.1939820945262909,0.2125701904296875
,2341,585,,0.3301464319229126,0.0781402587890625
,2342,585,,0.40317612886428833,0.0941925048828125
,2343,585,,0.1600113809108734,0.27587890625
9376,,586,0.5276051759719849,,0.0
9377,,586,0.46246498823165894,,0.0
9378,,586,0.405943363904953,,3.0517578125e-05
9379,,586,0.5481125116348267,,0.0018768310546875
9380,,586,0.37363821268081665,,0.5993804931640625
9381,,586,0.30340349674224854,,0.378448486328125
9382,,586,0.5932021737098694,,0.01556396484375
9383,,586,0.4593280553817749,,0.067230224609375
9384,,586,0.48271873593330383,,1.52587890625e-05
9385,,586,0.3548124432563782,,0.0
9386,,586,0.44781845808029175,,0.0
9387,,586,0.5397699475288391,,0.0
9388,,586,0.4319005012512207,,0.1333160400390625
9389,,586,0.4519638121128082,,0.07415771484375
9390,,586,0.5206658840179443,,0.0073699951171875
9391,,586,0.3849331736564636,,0.0608062744140625
,2344,586,,0.22542257606983185,0.2125701904296875
,2345,586,,0.3316507637500763,0.0781402587890625
,2346,586,,0.4133315682411194,0.0941925048828125
,2347,586,,0.1313701868057251,0.27587890625
9392,,587,0.5358132123947144,,0.0
9393,,587,0.6154384016990662,,0.0
9394,,587,0.5354588031768799,,3.0517578125e-05
9395,,587,0.4781649708747864,,0.0018768310546875
9396,,587,0.34963786602020264,,0.5993804931640625
9397,,587,0.3295828104019165,,0.378448486328125
9398,,587,0.44868817925453186,,0.01556396484375
9399,,587,0.44982045888900757,,0.067230224609375
9400,,587,0.5013262033462524,,1.52587890625e-05
9401,,587,0.3695392608642578,,0.0
9402,,587,0.46070438623428345,,0.0
9403,,587,0.5848394632339478,,0.0
9404,,587,0.3341054618358612,,0.1333160400390625
9405,,587,0.4733162522315979,,0.07415771484375
9406,,587,0.5903522968292236,,0.0073699951171875
9407,,587,0.6053353548049927,,0.0608062744140625
,2348,587,,0.37598857283592224,0.2125701904296875
,2349,587,,0.49225470423698425,0.0781402587890625
,2350,587,,0.3290860056877136,0.0941925048828125
,2351,587,,0.22149211168289185,0.27587890625
9408,,588,0.4195064902305603,,0.0
9409,,588,0.4820379614830017,,0.0
9410,,588,0.5194754600524902,,3.0517578125e-05
9411,,588,0.5587970018386841,,0.0018768310546875
9412,,588,0.3849807679653168,,0.5993804931640625
9413,,588,0.33719274401664734,,0.378448486328125
9414,,588,0.5580462217330933,,0.01556396484375
9415,,588,0.4226454198360443,,0.067230224609375
9416,,588,0.5640075206756592,,1.52587890625e-05
9417,,588,0.40293341875076294,,0.0
9418,,588,0.32732248306274414,,0.0
9419,,588,0.6420385241508484,,0.0
9420,,588,0.42820316553115845,,0.1333160400390625
9421,,588,0.4488583207130432,,0.07415771484375
9422,,588,0.5329644680023193,,0.0073699951171875
9423,,588,0.39057081937789917,,0.0608062744140625
,2352,588,,0.2683872580528259,0.2125701904296875
,2353,588,,0.48407262563705444,0.0781402587890625
,2354,588,,0.30670976638793945,0.0941925048828125
,2355,588,,0.14234420657157898,0.27587890625
9424,,589,0.4423733949661255,,0.0
9425,,589,0.5877583622932434,,0.0
9426,,589,0.4088709354400635,,3.0517578125e-05
9427,,589,0.5119831562042236,,0.0018768310546875
9428,,589,0.36614468693733215,,0.5993804931640625
9429,,589,0.2814934253692627,,0.378448486328125
9430,,589,0.4854314923286438,,0.01556396484375
9431,,589,0.2851808965206146,,0.067230224609375
9432,,589,0.38878875970840454,,1.52587890625e-05
9433,,589,0.6318902373313904,,0.0
9434,,589,0.38205671310424805,,0.0
9435,,589,0.4841717481613159,,0.0
9436,,589,0.38520872592926025,,0.1333160400390625
9437,,589,0.4766618013381958,,0.07415771484375
9438,,589,0.3833778202533722,,0.0073699951171875
9439,,589,0.45280712842941284,,0.0608062744140625
,2356,589,,0.3442690074443817,0.2125701904296875
,2357,589,,0.40179628133773804,0.0781402587890625
,2358,589,,0.44170352816581726,0.0941925048828125
,2359,589,,0.19431555271148682,0.27587890625
9440,,590,0.5302066802978516,,0.0
9441,,590,0.5248696804046631,,0.0
9442,,590,0.5786662101745605,,3.0517578125e-05
9443,,590,0.45332789421081543,,0.0018768310546875
9444,,590,0.34823861718177795,,0.5993804931640625
9445,,590,0.35381564497947693,,0.378448486328125
9446,,590,0.48174354434013367,,0.01556396484375
9447,,590,0.3479287028312683,,0.067230224609375
9448,,590,0.4586360454559326,,1.52587890625e-05
9449,,590,0.5190227031707764,,0.0
9450,,590,0.4898882508277893,,0.0
9451,,590,0.4052698016166687,,0.0
9452,,590,0.3948190212249756,,0.1333160400390625
9453,,590,0.5656449198722839,,0.07415771484375
9454,,590,0.5434665679931641,,0.0073699951171875
9455,,590,0.3739108741283417,,0.0608062744140625
,2360,590,,0.38616281747817993,0.2125701904296875
,2361,590,,0.4510742425918579,0.0781402587890625
,2362,590,,0.47883015871047974,0.0941925048828125
,2363,590,,0.18005838990211487,0.27587890625
9456,,591,0.459653377532959,,0.0
9457,,591,0.33765745162963867,,0.0
9458,,591,0.5462499856948853,,3.0517578125e-05
9459,,591,0.4672466218471527,,0.0018768310546875
9460,,591,0.391004741191864,,0.5993804931640625
9461,,591,0.33640116453170776,,0.378448486328125
9462,,591,0.46336501836776733,,0.01556396484375
9463,,591,0.44540512561798096,,0.067230224609375
9464,,591,0.5122776627540588,,1.52587890625e-05
9465,,591,0.384450227022171,,0.0
9466,,591,0.4249874949455261,,0.0
9467,,591,0.49236881732940674,,0.0
9468,,591,0.33783280849456787,,0.1333160400390625
9469,,591,0.3641754984855652,,0.07415771484375
9470,,591,0.5820147395133972,,0.0073699951171875
9471,,591,0.5961811542510986,,0.0608062744140625
,2364,591,,0.19819073379039764,0.2125701904296875
,2365,591,,0.3975616693496704,0.0781402587890625
,2366,591,,0.5303643941879272,0.0941925048828125
,2367,591,,0.2311290204524994,0.27587890625
9472,,592,0.36010026931762695,,0.0
9473,,592,0.40219372510910034,,0.0
9474,,592,0.5635029077529907,,3.0517578125e-05
9475,,592,0.45068123936653137,,0.0018768310546875
9476,,592,0.382060706615448,,0.5993804931640625
9477,,592,0.3129625916481018,,0.378448486328125
9478,,592,0.3881075978279114,,0.01556396484375
9479,,592,0.530422568321228,,0.067230224609375
9480,,592,0.5673075914382935,,1.52587890625e-05
9481,,592,0.5201991200447083,,0.0
9482,,592,0.41014623641967773,,0.0
9483,,592,0.513592004776001,,0.0
9484,,592,0.40386253595352173,,0.1333160400390625
9485,,592,0.39212948083877563,,0.07415771484375
9486,,592,0.46946781873703003,,0.0073699951171875
9487,,592,0.48799940943717957,,0.0608062744140625
,2368,592,,0.2971079349517822,0.2125701904296875
,2369,592,,0.34346669912338257,0.0781402587890625
,2370,592,,0.52685546875,0.0941925048828125
,2371,592,,0.1744021773338318,0.27587890625
9488,,593,0.4335685968399048,,0.0
9489,,593,0.48834967613220215,,0.0
9490,,593,0.5653477907180786,,3.0517578125e-05
9491,,593,0.466289222240448,,0.0018768310546875
9492,,593,0.3727304935455322,,0.5993804931640625
9493,,593,0.2745683491230011,,0.378448486328125
9494,,593,0.5470743179321289,,0.01556396484375
9495,,593,0.4503732919692993,,0.067230224609375
9496,,593,0.3944404125213623,,1.52587890625e-05
9497,,593,0.6158573627471924,,0.0
9498,,593,0.393296480178833,,0.0
9499,,593,0.4224948287010193,,0.0
9500,,593,0.3944407105445862,,0.1333160400390625
9501,,593,0.3769962787628174,,0.07415771484375
9502,,593,0.411700576543808,,0.0073699951171875
9503,,593,0.4925006628036499,,0.0608062744140625
,2372,593,,0.3506430387496948,0.2125701904296875
,2373,593,,0.4157193899154663,0.0781402587890625
,2374,593,,0.3640003502368927,0.0941925048828125
,2375,593,,0.08155948668718338,0.27587890625
9504,,594,0.5033354759216309,,0.0
9505,,594,0.519377589225769,,0.0
9506,,594,0.39147722721099854,,3.0517578125e-05
9507,,594,0.35813358426094055,,0.0018768310546875
9508,,594,0.3485705256462097,,0.5993804931640625
9509,,594,0.3382938802242279,,0.378448486328125
9510,,594,0.43003106117248535,,0.01556396484375
9511,,594,0.43272894620895386,,0.067230224609375
9512,,594,0.4316072463989258,,1.52587890625e-05
9513,,594,0.40394508838653564,,0.0
9514,,594,0.4628080129623413,,0.0
9515,,594,0.5918327569961548,,0.0
9516,,594,0.44698506593704224,,0.1333160400390625
9517,,594,0.4444068670272827,,0.07415771484375
9518,,594,0.439201295375824,,0.0073699951171875
9519,,594,0.4066619277000427,,0.0608062744140625
,2376,594,,0.38376888632774353,0.2125701904296875
,2377,594,,0.42355620861053467,0.0781402587890625
,2378,594,,0.3727134168148041,0.0941925048828125
,2379,594,,0.21839535236358643,0.27587890625
9520,,595,0.4408566951751709,,0.0
9521,,595,0.5133722424507141,,0.0
9522,,595,0.5410068035125732,,3.0517578125e-05
9523,,595,0.43004924058914185,,0.0018768310546875
9524,,595,0.34333741664886475,,0.5993804931640625
9525,,595,0.30022239685058594,,0.378448486328125
9526,,595,0.40681755542755127,,0.01556396484375
9527,,595,0.3552402853965759,,0.067230224609375
9528,,595,0.43027323484420776,,1.52587890625e-05
9529,,595,0.4824448525905609,,0.0
9530,,595,0.4718625545501709,,0.0
9531,,595,0.5606144070625305,,0.0
9532,,595,0.37482750415802,,0.1333160400390625
9533,,595,0.44252973794937134,,0.07415771484375
9534,,595,0.4805634915828705,,0.0073699951171875
9535,,595,0.5901665687561035,,0.0608062744140625
,2380,595,,0.2127966433763504,0.2125701904296875
,2381,595,,0.5581648349761963,0.0781402587890625
,2382,595,,0.4803427457809448,0.0941925048828125
,2383,595,,0.19664163887500763,0.27587890625
9536,,596,0.5216481685638428,,0.0
9537,,596,0.6581113338470459,,0.0
9538,,596,0.43280673027038574,,3.0517578125e-05
9539,,596,0.40373173356056213,,0.0018768310546875
9540,,596,0.3945925831794739,,0.5993804931640625
9541,,596,0.31825321912765503,,0.378448486328125
9542,,596,0.5558411478996277,,0.01556396484375
9543,,596,0.4589778184890747,,0.067230224609375
9544,,596,0.5006770491600037,,1.52587890625e-05
9545,,596,0.6137632131576538,,0.0
9546,,596,0.44992485642433167,,0.0
9547,,596,0.5006263256072998,,0.0
9548,,596,0.42036372423171997,,0.1333160400390625
9549,,596,0.4806143641471863,,0.07415771484375
9550,,596,0.4453650712966919,,0.0073699951171875
9551,,596,0.5369858741760254,,0.0608062744140625
,2384,596,,0.34726482629776,0.2125701904296875
,2385,596,,0.52546226978302,0.0781402587890625
,2386,596,,0.3040757179260254,0.0941925048828125
,2387,596,,0.2305300533771515,0.27587890625
9552,,597,0.4318650960922241,,0.0
9553,,597,0.6097463369369507,,0.0
9554,,597,0.40848881006240845,,3.0517578125e-05
9555,,597,0.6189043521881104,,0.0018768310546875
9556,,597,0.39205774664878845,,0.5993804931640625
9557,,597,0.3125258982181549,,0.378448486328125
9558,,597,0.5596035718917847,,0.01556396484375
9559,,597,0.4397028088569641,,0.067230224609375
9560,,597,0.44772323966026306,,1.52587890625e-05
9561,,597,0.5637638568878174,,0.0
9562,,597,0.5015823841094971,,0.0
9563,,597,0.3741828203201294,,0.0
9564,,597,0.44476234912872314,,0.1333160400390625
9565,,597,0.29448723793029785,,0.07415771484375
9566,,597,0.39497506618499756,,0.0073699951171875
9567,,597,0.3765159845352173,,0.0608062744140625
,2388,597,,0.30092358589172363,0.2125701904296875
,2389,597,,0.49045976996421814,0.0781402587890625
,2390,597,,0.29298099875450134,0.0941925048828125
,2391,597,,0.2543957531452179,0.27587890625
9568,,598,0.5076017379760742,,0.0
9569,,598,0.5688689947128296,,0.0
9570,,598,0.49679937958717346,,3.0517578125e-05
9571,,598,0.3390428423881531,,0.0018768310546875
9572,,598,0.3419117331504822,,0.5993804931640625
9573,,598,0.3229321837425232,,0.378448486328125
9574,,598,0.4661737382411957,,0.01556396484375
9575,,598,0.3054472804069519,,0.067230224609375
9576,,598,0.5304442048072815,,1.52587890625e-05
9577,,598,0.4046224057674408,,0.0
9578,,598,0.5377799272537231,,0.0
9579,,598,0.4863767921924591,,0.0
9580,,598,0.38856619596481323,,0.1333160400390625
9581,,598,0.3020969331264496,,0.07415771484375
9582,,598,0.49894773960113525,,0.0073699951171875
9583,,598,0.30113446712493896,,0.0608062744140625
,2392,598,,0.3379078507423401,0.2125701904296875
,2393,598,,0.5152416825294495,0.0781402587890625
,2394,598,,0.4047601521015167,0.0941925048828125
,2395,598,,0.21958856284618378,0.27587890625
9584,,599,0.5574899911880493,,0.0
9585,,599,0.6200147271156311,,0.0
9586,,599,0.518040657043457,,3.0517578125e-05
9587,,599,0.4653754234313965,,0.0018768310546875
9588,,599,0.33765125274658203,,0.5993804931640625
9589,,599,0.3170709013938904,,0.378448486328125
9590,,599,0.6188573837280273,,0.01556396484375
9591,,599,0.46279746294021606,,0.067230224609375
9592,,599,0.48330891132354736,,1.52587890625e-05
9593,,599,0.45877403020858765,,0.0
9594,,599,0.48300597071647644,,0.0
9595,,599,0.5221726894378662,,0.0
9596,,599,0.4496440589427948,,0.1333160400390625
9597,,599,0.46800974011421204,,0.07415771484375
9598,,599,0.4099879562854767,,0.0073699951171875
9599,,599,0.48029041290283203,,0.0608062744140625
,2396,599,,0.2516994774341583,0.2125701904296875
,2397,599,,0.3670780658721924,0.0781402587890625
,2398,599,,0.4607769250869751,0.0941925048828125
,2399,599,,0.18634717166423798,0.27587890625
9600,,600,0.5291363000869751,,0.0
9601,,600,0.5402343273162842,,0.0
9602,,600,0.5455224514007568,,3.0517578125e-05
9603,,600,0.5625108480453491,,0.0018768310546875
9604,,600,0.3881714344024658,,0.5993804931640625
9605,,600,0.31097346544265747,,0.378448486328125
9606,,600,0.5276429057121277,,0.01556396484375
9607,,600,0.35316556692123413,,0.067230224609375
9608,,600,0.5886326432228088,,1.52587890625e-05
9609,,600,0.5676285624504089,,0.0
9610,,600,0.47286415100097656,,0.0
9611,,600,0.4930153787136078,,0.0
9612,,600,0.35448798537254333,,0.1333160400390625
9613,,600,0.5011608004570007,,0.07415771484375
9614,,600,0.32229214906692505,,0.0073699951171875
9615,,600,0.48889926075935364,,0.0608062744140625
,2400,600,,0.17016297578811646,0.2125701904296875
,2401,600,,0.39931902289390564,0.0781402587890625
,2402,600,,0.3458307385444641,0.0941925048828125
,2403,600,,0.2546467185020447,0.27587890625
9616,,601,0.36848628520965576,,0.0
9617,,601,0.450906902551651,,0.0
9618,,601,0.564476728439331,,3.0517578125e-05
9619,,601,0.6674906611442566,,0.0018768310546875
9620,,601,0.3648427724838257,,0.5993804931640625
9621,,601,0.2811531126499176,,0.378448486328125
9622,,601,0.4968579411506653,,0.01556396484375
9623,,601,0.5188412070274353,,0.067230224609375
9624,,601,0.624630331993103,,1.52587890625e-05
9625,,601,0.5689159631729126,,0.0
9626,,601,0.3418864607810974,,0.0
9627,,601,0.46938014030456543,,0.0
9628,,601,0.2856506407260895,,0.1333160400390625
9629,,601,0.24115997552871704,,0.07415771484375
9630,,601,0.4884430766105652,,0.0073699951171875
9631,,601,0.511384904384613,,0.0608062744140625
,2404,601,,0.15096566081047058,0.2125701904296875
,2405,601,,0.4694283902645111,0.0781402587890625
,2406,601,,0.4736466407775879,0.0941925048828125
,2407,601,,0.21544873714447021,0.27587890625
9632,,602,0.43977758288383484,,0.0
9633,,602,0.4590923488140106,,0.0
9634,,602,0.5509160161018372,,3.0517578125e-05
9635,,602,0.5879226922988892,,0.0018768310546875
9636,,602,0.4192562401294708,,0.5993804931640625
9637,,602,0.30277296900749207,,0.378448486328125
9638,,602,0.5974996089935303,,0.01556396484375
9639,,602,0.48994773626327515,,0.067230224609375
9640,,602,0.3675307631492615,,1.52587890625e-05
9641,,602,0.5224734544754028,,0.0
9642,,602,0.534551203250885,,0.0
9643,,602,0.49264228343963623,,0.0
9644,,602,0.4860263168811798,,0.1333160400390625
9645,,602,0.49036073684692383,,0.07415771484375
9646,,602,0.42567479610443115,,0.0073699951171875
9647,,602,0.4463021755218506,,0.0608062744140625
,2408,602,,0.35568946599960327,0.2125701904296875
,2409,602,,0.4072246551513672,0.0781402587890625
,2410,602,,0.3566672205924988,0.0941925048828125
,2411,602,,0.2389550805091858,0.27587890625
9648,,603,0.6030368804931641,,0.0
9649,,603,0.5740672945976257,,0.0
9650,,603,0.5801073908805847,,3.0517578125e-05
9651,,603,0.5570632815361023,,0.0018768310546875
9652,,603,0.39007294178009033,,0.5993804931640625
9653,,603,0.31364792585372925,,0.378448486328125
9654,,603,0.4223582148551941,,0.01556396484375
9655,,603,0.5320637226104736,,0.067230224609375
9656,,603,0.5108004808425903,,1.52587890625e-05
9657,,603,0.39616167545318604,,0.0
9658,,603,0.4019823670387268,,0.0
9659,,603,0.5472591519355774,,0.0
9660,,603,0.5045558214187622,,0.1333160400390625
9661,,603,0.3356589674949646,,0.07415771484375
9662,,603,0.5045907497406006,,0.0073699951171875
9663,,603,0.42888742685317993,,0.0608062744140625
,2412,603,,0.3170056939125061,0.2125701904296875
,2413,603,,0.5280522704124451,0.0781402587890625
,2414,603,,0.29986411333084106,0.0941925048828125
,2415,603,,0.19058948755264282,0.27587890625
9664,,604,0.4052114486694336,,0.0
9665,,604,0.38336238265037537,,0.0
9666,,604,0.4879452586174011,,3.0517578125e-05
9667,,604,0.5721709728240967,,0.0018768310546875
9668,,604,0.3757432699203491,,0.5993804931640625
9669,,604,0.3089330196380615,,0.378448486328125
9670,,604,0.3471343517303467,,0.01556396484375
9671,,604,0.44635963439941406,,0.067230224609375
9672,,604,0.4413589537143707,,1.52587890625e-05
9673,,604,0.535835862159729,,0.0
9674,,604,0.5065416097640991,,0.0
9675,,604,0.38201409578323364,,0.0
9676,,604,0.4338551163673401,,0.1333160400390625
9677,,604,0.2774825692176819,,0.07415771484375
9678,,604,0.3930474817752838,,0.0073699951171875
9679,,604,0.6185454726219177,,0.0608062744140625
,2416,604,,0.22656084597110748,0.2125701904296875
,2417,604,,0.37946540117263794,0.0781402587890625
,2418,604,,0.31560182571411133,0.0941925048828125
,2419,604,,0.2689346671104431,0.27587890625
9680,,605,0.5485629439353943,,0.0
9681,,605,0.40552181005477905,,0.0
9682,,605,0.5038526058197021,,3.0517578125e-05
9683,,605,0.5099803805351257,,0.0018768310546875
9684,,605,0.4066593647003174,,0.5993804931640625
9685,,605,0.2519700527191162,,0.378448486328125
9686,,605,0.3026193380355835,,0.01556396484375
9687,,605,0.3816574215888977,,0.067230224609375
9688,,605,0.6181120872497559,,1.52587890625e-05
9689,,605,0.4945646822452545,,0.0
9690,,605,0.49453306198120117,,0.0
9691,,605,0.569403886795044,,0.0
9692,,605,0.47105729579925537,,0.1333160400390625
9693,,605,0.40496689081192017,,0.07415771484375
9694,,605,0.5083621740341187,,0.0073699951171875
9695,,605,0.38605356216430664,,0.0608062744140625
,2420,605,,0.4008674621582031,0.2125701904296875
,2421,605,,0.4835977852344513,0.0781402587890625
,2422,605,,0.3640758991241455,0.0941925048828125
,2423,605,,0.26901668310165405,0.27587890625
9696,,606,0.410794198513031,,0.0
9697,,606,0.39448070526123047,,0.0
9698,,606,0.517564594745636,,3.0517578125e-05
9699,,606,0.5905181169509888,,0.0018768310546875
9700,,606,0.3376906216144562,,0.5993804931640625
9701,,606,0.30788543820381165,,0.378448486328125
9702,,606,0.5467243790626526,,0.01556396484375
9703,,606,0.48215430974960327,,0.067230224609375
9704,,606,0.4297794699668884,,1.52587890625e-05
9705,,606,0.6015028953552246,,0.0
9706,,606,0.5020751953125,,0.0
9707,,606,0.555814266204834,,0.0
9708,,606,0.4036702513694763,,0.1333160400390625
9709,,606,0.40517866611480713,,0.07415771484375
9710,,606,0.4776272475719452,,0.0073699951171875
9711,,606,0.4382181763648987,,0.0608062744140625
,2424,606,,0.35167568922042847,0.2125701904296875
,2425,606,,0.4937269687652588,0.0781402587890625
,2426,606,,0.30575352907180786,0.0941925048828125
,2427,606,,0.253444641828537,0.27587890625
9712,,607,0.44451767206192017,,0.0
9713,,607,0.4233935475349426,,0.0
9714,,607,0.5322549939155579,,3.0517578125e-05
9715,,607,0.3870978057384491,,0.0018768310546875
9716,,607,0.3437018394470215,,0.5993804931640625
9717,,607,0.331356018781662,,0.378448486328125
9718,,607,0.48056045174598694,,0.01556396484375
9719,,607,0.46519339084625244,,0.067230224609375
9720,,607,0.5960007309913635,,1.52587890625e-05
9721,,607,0.5292572975158691,,0.0
9722,,607,0.4211347699165344,,0.0
9723,,607,0.44237762689590454,,0.0
9724,,607,0.3427559733390808,,0.1333160400390625
9725,,607,0.47116735577583313,,0.07415771484375
9726,,607,0.5261131525039673,,0.0073699951171875
9727,,607,0.3518105745315552,,0.0608062744140625
,2428,607,,0.39138174057006836,0.2125701904296875
,2429,607,,0.36939534544944763,0.0781402587890625
,2430,607,,0.5111396312713623,0.0941925048828125
,2431,607,,0.2970169186592102,0.27587890625
9728,,608,0.5458053350448608,,0.0
9729,,608,0.565911054611206,,0.0
9730,,608,0.4909515678882599,,3.0517578125e-05
9731,,608,0.4563007354736328,,0.0018768310546875
9732,,608,0.3598385453224182,,0.5993804931640625
9733,,608,0.2952471375465393,,0.378448486328125
9734,,608,0.4869953989982605,,0.01556396484375
9735,,608,0.43980252742767334,,0.067230224609375
9736,,608,0.5094329714775085,,1.52587890625e-05
9737,,608,0.45798009634017944,,0.0
9738,,608,0.5021226406097412,,0.0
9739,,608,0.4536449611186981,,0.0
9740,,608,0.4126075208187103,,0.1333160400390625
9741,,608,0.41622424125671387,,0.07415771484375
9742,,608,0.5099964141845703,,0.0073699951171875
9743,,608,0.4294920265674591,,0.0608062744140625
,2432,608,,0.3202260136604309,0.2125701904296875
,2433,608,,0.42037490010261536,0.0781402587890625
,2434,608,,0.26536816358566284,0.0941925048828125
,2435,608,,0.16793864965438843,0.27587890625
9744,,609,0.5135770440101624,,0.0
9745,,609,0.47783511877059937,,0.0
9746,,609,0.4292088747024536,,3.0517578125e-05
9747,,609,0.5160502195358276,,0.0018768310546875
9748,,609,0.3866644501686096,,0.5993804931640625
9749,,609,0.32621240615844727,,0.378448486328125
9750,,609,0.46356838941574097,,0.01556396484375
9751,,609,0.4253363013267517,,0.067230224609375
9752,,609,0.6048933267593384,,1.52587890625e-05
9753,,609,0.4078073501586914,,0.0
9754,,609,0.32796382904052734,,0.0
9755,,609,0.3894995152950287,,0.0
9756,,609,0.388691782951355,,0.1333160400390625
9757,,609,0.46033427119255066,,0.07415771484375
9758,,609,0.5926293730735779,,0.0073699951171875
9759,,609,0.4264414310455322,,0.0608062744140625
,2436,609,,0.3526802659034729,0.2125701904296875
,2437,609,,0.5430194139480591,0.0781402587890625
,2438,609,,0.515278697013855,0.0941925048828125
,2439,609,,0.1821509152650833,0.27587890625
9760,,610,0.4442863166332245,,0.0
9761,,610,0.5363707542419434,,0.0
9762,,610,0.4372362196445465,,3.0517578125e-05
9763,,610,0.5718527436256409,,0.0018768310546875
9764,,610,0.3744449019432068,,0.5993804931640625
9765,,610,0.3263233006000519,,0.378448486328125
9766,,610,0.5330782532691956,,0.01556396484375
9767,,610,0.5619972944259644,,0.067230224609375
9768,,610,0.46833038330078125,,1.52587890625e-05
9769,,610,0.5191440582275391,,0.0
9770,,610,0.5930187106132507,,0.0
9771,,610,0.3800166845321655,,0.0
9772,,610,0.4350648522377014,,0.1333160400390625
9773,,610,0.35134729743003845,,0.07415771484375
9774,,610,0.4207327365875244,,0.0073699951171875
9775,,610,0.476611852645874,,0.0608062744140625
,2440,610,,0.2508632242679596,0.2125701904296875
,2441,610,,0.3833853602409363,0.0781402587890625
,2442,610,,0.48428940773010254,0.0941925048828125
,2443,610,,0.18900851905345917,0.27587890625
9776,,611,0.46278107166290283,,0.0
9777,,611,0.4787408411502838,,0.0
9778,,611,0.46211156249046326,,3.0517578125e-05
9779,,611,0.5325790047645569,,0.0018768310546875
9780,,611,0.41400209069252014,,0.5993804931640625
9781,,611,0.2754420042037964,,0.378448486328125
9782,,611,0.41299986839294434,,0.01556396484375
9783,,611,0.49719589948654175,,0.067230224609375
9784,,611,0.5661659836769104,,1.52587890625e-05
9785,,611,0.6808609962463379,,0.0
9786,,611,0.5688238143920898,,0.0
9787,,611,0.4570513367652893,,0.0
9788,,611,0.4533729553222656,,0.1333160400390625
9789,,611,0.47071000933647156,,0.07415771484375
9790,,611,0.3975488841533661,,0.0073699951171875
9791,,611,0.3801935017108917,,0.0608062744140625
,2444,611,,0.36665815114974976,0.2125701904296875
,2445,611,,0.5242450833320618,0.0781402587890625
,2446,611,,0.28212279081344604,0.0941925048828125
,2447,611,,0.2900930643081665,0.27587890625
9792,,612,0.6100797057151794,,0.0
9793,,612,0.5743779540061951,,0.0
9794,,612,0.6220986843109131,,3.0517578125e-05
9795,,612,0.36398112773895264,,0.0018768310546875
9796,,612,0.3702812194824219,,0.5993804931640625
9797,,612,0.3028624951839447,,0.378448486328125
9798,,612,0.6084780097007751,,0.01556396484375
9799,,612,0.4453820288181305,,0.067230224609375
9800,,612,0.388056218624115,,1.52587890625e-05
9801,,612,0.5465182065963745,,0.0
9802,,612,0.592983067035675,,0.0
9803,,612,0.5124188661575317,,0.0
9804,,612,0.4337156414985657,,0.1333160400390625
9805,,612,0.4292925000190735,,0.07415771484375
9806,,612,0.40416601300239563,,0.0073699951171875
9807,,612,0.4492183327674866,,0.0608062744140625
,2448,612,,0.22339177131652832,0.2125701904296875
,2449,612,,0.3634270429611206,0.0781402587890625
,2450,612,,0.3279465138912201,0.0941925048828125
,2451,612,,0.29646801948547363,0.27587890625
9808,,613,0.5338363647460938,,0.0
9809,,613,0.4153398275375366,,0.0
9810,,613,0.49871939420700073,,3.0517578125e-05
9811,,613,0.3939732313156128,,0.0018768310546875
9812,,613,0.3425307273864746,,0.5993804931640625
9813,,613,0.30637532472610474,,0.378448486328125
9814,,613,0.31763431429862976,,0.01556396484375
9815,,613,0.4567294120788574,,0.067230224609375
9816,,613,0.4902817904949188,,1.52587890625e-05
9817,,613,0.39712414145469666,,0.0
9818,,613,0.4582955837249756,,0.0
9819,,613,0.44169577956199646,,0.0
9820,,613,0.40532562136650085,,0.1333160400390625
9821,,613,0.571331799030304,,0.07415771484375
9822,,613,0.3840206265449524,,0.0073699951171875
9823,,613,0.429051011800766,,0.0608062744140625
,2452,613,,0.25165867805480957,0.2125701904296875
,2453,613,,0.4665881395339966,0.0781402587890625
,2454,613,,0.2706970274448395,0.0941925048828125
,2455,613,,0.1981085240840912,0.27587890625
9824,,614,0.6493910551071167,,0.0
9825,,614,0.43908822536468506,,0.0
9826,,614,0.5317774415016174,,3.0517578125e-05
9827,,614,0.5416836738586426,,0.0018768310546875
9828,,614,0.35422444343566895,,0.5993804931640625
9829,,614,0.34354445338249207,,0.378448486328125
9830,,614,0.4701117277145386,,0.01556396484375
9831,,614,0.32274794578552246,,0.067230224609375
9832,,614,0.5826707482337952,,1.52587890625e-05
9833,,614,0.6094868183135986,,0.0
9834,,614,0.517572283744812,,0.0
9835,,614,0.44845783710479736,,0.0
9836,,614,0.43680810928344727,,0.1333160400390625
9837,,614,0.3638436198234558,,0.07415771484375
9838,,614,0.514136791229248,,0.0073699951171875
9839,,614,0.5403286218643188,,0.0608062744140625
,2456,614,,0.31781286001205444,0.2125701904296875
,2457,614,,0.5149532556533813,0.0781402587890625
,2458,614,,0.5553402900695801,0.0941925048828125
,2459,614,,0.2490968257188797,0.27587890625
9840,,615,0.4790727496147156,,0.0
9841,,615,0.43779075145721436,,0.0
9842,,615,0.5730090141296387,,3.0517578125e-05
9843,,615,0.5508922338485718,,0.0018768310546875
9844,,615,0.3500898480415344,,0.5993804931640625
9845,,615,0.3465644121170044,,0.378448486328125
9846,,615,0.4620407819747925,,0.01556396484375
9847,,615,0.4489886164665222,,0.067230224609375
9848,,615,0.404535710811615,,1.52587890625e-05
9849,,615,0.5650162696838379,,0.0
9850,,615,0.5095502734184265,,0.0
9851,,615,0.49768945574760437,,0.0
9852,,615,0.3960530757904053,,0.1333160400390625
9853,,615,0.44891810417175293,,0.07415771484375
9854,,615,0.4406936466693878,,0.0073699951171875
9855,,615,0.39547112584114075,,0.0608062744140625
,2460,615,,0.216205894947052,0.2125701904296875
,2461,615,,0.32496488094329834,0.0781402587890625
,2462,615,,0.26019448041915894,0.0941925048828125
,2463,615,,0.23307695984840393,0.27587890625
9856,,616,0.3857302665710449,,0.0
9857,,616,0.5819839239120483,,0.0
9858,,616,0.5822873711585999,,3.0517578125e-05
9859,,616,0.496356725692749,,0.0018768310546875
9860,,616,0.3559795618057251,,0.5993804931640625
9861,,616,0.376742422580719,,0.378448486328125
9862,,616,0.708925724029541,,0.01556396484375
9863,,616,0.39952215552330017,,0.067230224609375
9864,,616,0.604883074760437,,1.52587890625e-05
9865,,616,0.3798331022262573,,0.0
9866,,616,0.44282248616218567,,0.0
9867,,616,0.42447733879089355,,0.0
9868,,616,0.34248578548431396,,0.1333160400390625
9869,,616,0.26938989758491516,,0.07415771484375
9870,,616,0.34325671195983887,,0.0073699951171875
9871,,616,0.5285909175872803,,0.0608062744140625
,2464,616,,0.2624702453613281,0.2125701904296875
,2465,616,,0.3207489252090454,0.0781402587890625
,2466,616,,0.398347407579422,0.0941925048828125
,2467,616,,0.3057384192943573,0.27587890625
9872,,617,0.3836434483528137,,0.0
9873,,617,0.6115407943725586,,0.0
9874,,617,0.35775989294052124,,3.0517578125e-05
9875,,617,0.4829505681991577,,0.0018768310546875
9876,,617,0.3597089350223541,,0.5993804931640625
9877,,617,0.30911892652511597,,0.378448486328125
9878,,617,0.4928789734840393,,0.01556396484375
9879,,617,0.5131818056106567,,0.067230224609375
9880,,617,0.5252735614776611,,1.52587890625e-05
9881,,617,0.3468698263168335,,0.0
9882,,617,0.4697146415710449,,0.0
9883,,617,0.6534774899482727,,0.0
9884,,617,0.347221314907074,,0.1333160400390625
9885,,617,0.3992348909378052,,0.07415771484375
9886,,617,0.5631364583969116,,0.0073699951171875
9887,,617,0.3700450658798218,,0.0608062744140625
,2468,617,,0.2831907570362091,0.2125701904296875
,2469,617,,0.32353296875953674,0.0781402587890625
,2470,617,,0.46000349521636963,0.0941925048828125
,2471,617,,0.17914584279060364,0.27587890625
9888,,618,0.2997767925262451,,0.0
9889,,618,0.4749913215637207,,0.0
9890,,618,0.4123739004135132,,3.0517578125e-05
9891,,618,0.40763407945632935,,0.0018768310546875
9892,,618,0.32675695419311523,,0.5993804931640625
9893,,618,0.3350152373313904,,0.378448486328125
9894,,618,0.45627063512802124,,0.01556396484375
9895,,618,0.3041429817676544,,0.067230224609375
9896,,618,0.4256318211555481,,1.52587890625e-05
9897,,618,0.32400253415107727,,0.0
9898,,618,0.46093660593032837,,0.0
9899,,618,0.6658496856689453,,0.0
9900,,618,0.47028034925460815,,0.1333160400390625
9901,,618,0.36248981952667236,,0.07415771484375
9902,,618,0.6205528974533081,,0.0073699951171875
9903,,618,0.5135084390640259,,0.0608062744140625
,2472,618,,0.30489611625671387,0.2125701904296875
,2473,618,,0.43305787444114685,0.0781402587890625
,2474,618,,0.47949498891830444,0.0941925048828125
,2475,618,,0.3084859848022461,0.27587890625
9904,,619,0.34871184825897217,,0.0
9905,,619,0.3628719747066498,,0.0
9906,,619,0.48368337750434875,,3.0517578125e-05
9907,,619,0.3886202573776245,,0.0018768310546875
9908,,619,0.36341631412506104,,0.5993804931640625
9909,,619,0.36291301250457764,,0.378448486328125
9910,,619,0.48568016290664673,,0.01556396484375
9911,,619,0.4317106604576111,,0.067230224609375
9912,,619,0.5276608467102051,,1.52587890625e-05
9913,,619,0.5386224985122681,,0.0
9914,,619,0.5828146934509277,,0.0
9915,,619,0.5173536539077759,,0.0
9916,,619,0.3749668598175049,,0.1333160400390625
9917,,619,0.5572192668914795,,0.07415771484375
9918,,619,0.5465636253356934,,0.0073699951171875
9919,,619,0.5236813426017761,,0.0608062744140625
,2476,619,,0.20528972148895264,0.2125701904296875
,2477,619,,0.3202565312385559,0.0781402587890625
,2478,619,,0.4460691213607788,0.0941925048828125
,2479,619,,0.2890949845314026,0.27587890625
9920,,620,0.5999518632888794,,0.0
9921,,620,0.5044771432876587,,0.0
9922,,620,0.5361886620521545,,3.0517578125e-05
9923,,620,0.5167093276977539,,0.0018768310546875
9924,,620,0.3621988296508789,,0.5993804931640625
9925,,620,0.3015535771846771,,0.378448486328125
9926,,620,0.4278388023376465,,0.01556396484375
9927,,620,0.31408756971359253,,0.067230224609375
9928,,620,0.5094386339187622,,1.52587890625e-05
9929,,620,0.5601816177368164,,0.0
9930,,620,0.4390273094177246,,0.0
9931,,620,0.47635212540626526,,0.0
9932,,620,0.34321391582489014,,0.1333160400390625
9933,,620,0.5165784358978271,,0.07415771484375
9934,,620,0.5679609775543213,,0.0073699951171875
9935,,620,0.3644506633281708,,0.0608062744140625
,2480,620,,0.3951382637023926,0.2125701904296875
,2481,620,,0.5150341987609863,0.0781402587890625
,2482,620,,0.358224093914032,0.0941925048828125
,2483,620,,0.2546832263469696,0.27587890625
9936,,621,0.540723443031311,,0.0
9937,,621,0.5795515775680542,,0.0
9938,,621,0.41529107093811035,,3.0517578125e-05
9939,,621,0.5822581052780151,,0.0018768310546875
9940,,621,0.36536988615989685,,0.5993804931640625
9941,,621,0.33180898427963257,,0.378448486328125
9942,,621,0.4450421929359436,,0.01556396484375
9943,,621,0.3477552533149719,,0.067230224609375
9944,,621,0.5088580846786499,,1.52587890625e-05
9945,,621,0.5115401148796082,,0.0
9946,,621,0.56684410572052,,0.0
9947,,621,0.3603088855743408,,0.0
9948,,621,0.41927435994148254,,0.1333160400390625
9949,,621,0.37263649702072144,,0.07415771484375
9950,,621,0.5422532558441162,,0.0073699951171875
9951,,621,0.4324818551540375,,0.0608062744140625
,2484,621,,0.4044031798839569,0.2125701904296875
,2485,621,,0.42327937483787537,0.0781402587890625
,2486,621,,0.49782755970954895,0.0941925048828125
,2487,621,,0.334126353263855,0.27587890625
9952,,622,0.5548378229141235,,0.0
9953,,622,0.4619157910346985,,0.0
9954,,622,0.5023878812789917,,3.0517578125e-05
9955,,622,0.5277642011642456,,0.0018768310546875
9956,,622,0.3409338593482971,,0.5993804931640625
9957,,622,0.30305051803588867,,0.378448486328125
9958,,622,0.5227534770965576,,0.01556396484375
9959,,622,0.30306047201156616,,0.067230224609375
9960,,622,0.5067616105079651,,1.52587890625e-05
9961,,622,0.5742095112800598,,0.0
9962,,622,0.45273062586784363,,0.0
9963,,622,0.4960590898990631,,0.0
9964,,622,0.3950425982475281,,0.1333160400390625
9965,,622,0.3807111084461212,,0.07415771484375
9966,,622,0.406629353761673,,0.0073699951171875
9967,,622,0.48792555928230286,,0.0608062744140625
,2488,622,,0.23665061593055725,0.2125701904296875
,2489,622,,0.37125492095947266,0.0781402587890625
,2490,622,,0.3026006519794464,0.0941925048828125
,2491,622,,0.24262365698814392,0.27587890625
9968,,623,0.49369701743125916,,0.0
9969,,623,0.40090593695640564,,0.0
9970,,623,0.45357102155685425,,3.0517578125e-05
9971,,623,0.492504745721817,,0.0018768310546875
9972,,623,0.33311527967453003,,0.5993804931640625
9973,,623,0.26537489891052246,,0.378448486328125
9974,,623,0.4124149680137634,,0.01556396484375
9975,,623,0.4783533215522766,,0.067230224609375
9976,,623,0.5931016802787781,,1.52587890625e-05
9977,,623,0.5364445447921753,,0.0
9978,,623,0.5751699209213257,,0.0
9979,,623,0.2932809889316559,,0.0
9980,,623,0.4167424142360687,,0.1333160400390625
9981,,623,0.4752654433250427,,0.07415771484375
9982,,623,0.5486794114112854,,0.0073699951171875
9983,,623,0.4994138479232788,,0.0608062744140625
,2492,623,,0.30946725606918335,0.2125701904296875
,2493,623,,0.3783978819847107,0.0781402587890625
,2494,623,,0.3743104040622711,0.0941925048828125
,2495,623,,0.1398545503616333,0.27587890625
9984,,624,0.49939897656440735,,0.0
9985,,624,0.4432520568370819,,0.0
9986,,624,0.5490353107452393,,3.0517578125e-05
9987,,624,0.41692066192626953,,0.0018768310546875
9988,,624,0.3471674919128418,,0.5993804931640625
9989,,624,0.35837656259536743,,0.378448486328125
9990,,624,0.46664339303970337,,0.01556396484375
9991,,624,0.37436676025390625,,0.067230224609375
9992,,624,0.47016239166259766,,1.52587890625e-05
9993,,624,0.5572367906570435,,0.0
9994,,624,0.5024081468582153,,0.0
9995,,624,0.6051927804946899,,0.0
9996,,624,0.4155859351158142,,0.1333160400390625
9997,,624,0.5415232181549072,,0.07415771484375
9998,,624,0.46969571709632874,,0.0073699951171875
9999,,624,0.5005301237106323,,0.0608062744140625
,2496,624,,0.2251233458518982,0.2125701904296875
,2497,624,,0.3234327435493469,0.0781402587890625
,2498,624,,0.5672836303710938,0.0941925048828125
,2499,624,,0.2898622751235962,0.27587890625
10000,,625,0.5758192539215088,,0.0
10001,,625,0.5231844782829285,,0.0
10002,,625,0.4613224267959595,,3.0517578125e-05
10003,,625,0.47622257471084595,,0.0018768310546875
10004,,625,0.37035149335861206,,0.5993804931640625
10005,,625,0.36599045991897583,,0.378448486328125
10006,,625,0.5060115456581116,,0.01556396484375
10007,,625,0.46108293533325195,,0.067230224609375
10008,,625,0.39752447605133057,,1.52587890625e-05
10009,,625,0.5884478092193604,,0.0
10010,,625,0.4806608557701111,,0.0
10011,,625,0.5574615001678467,,0.0
10012,,625,0.38720932602882385,,0.1333160400390625
10013,,625,0.37032875418663025,,0.07415771484375
10014,,625,0.5037420392036438,,0.0073699951171875
10015,,625,0.4945056438446045,,0.0608062744140625
,2500,625,,0.3445204496383667,0.2125701904296875
,2501,625,,0.5181499719619751,0.0781402587890625
,2502,625,,0.3456267714500427,0.0941925048828125
,2503,625,,0.26733115315437317,0.27587890625
10016,,626,0.45794805884361267,,0.0
10017,,626,0.535329282283783,,0.0
10018,,626,0.48907405138015747,,3.0517578125e-05
10019,,626,0.5163552761077881,,0.0018768310546875
10020,,626,0.38075125217437744,,0.5993804931640625
10021,,626,0.2816789150238037,,0.378448486328125
10022,,626,0.4935470223426819,,0.01556396484375
10023,,626,0.5522289276123047,,0.067230224609375
10024,,626,0.5142064690589905,,1.52587890625e-05
10025,,626,0.44224125146865845,,0.0
10026,,626,0.5328155755996704,,0.0
10027,,626,0.5317646861076355,,0.0
10028,,626,0.29146432876586914,,0.1333160400390625
10029,,626,0.45956411957740784,,0.07415771484375
10030,,626,0.381541907787323,,0.0073699951171875
10031,,626,0.35841065645217896,,0.0608062744140625
,2504,626,,0.2282683402299881,0.2125701904296875
,2505,626,,0.34734290838241577,0.0781402587890625
,2506,626,,0.4133175015449524,0.0941925048828125
,2507,626,,0.2086511254310608,0.27587890625
10032,,627,0.4076242446899414,,0.0
10033,,627,0.5259472131729126,,0.0
10034,,627,0.5286359190940857,,3.0517578125e-05
10035,,627,0.501823902130127,,0.0018768310546875
10036,,627,0.34426045417785645,,0.5993804931640625
10037,,627,0.3570578098297119,,0.378448486328125
10038,,627,0.3644315302371979,,0.01556396484375
10039,,627,0.36323052644729614,,0.067230224609375
10040,,627,0.5671259164810181,,1.52587890625e-05
10041,,627,0.5408443212509155,,0.0
10042,,627,0.48656511306762695,,0.0
10043,,627,0.36810487508773804,,0.0
10044,,627,0.3090134561061859,,0.1333160400390625
10045,,627,0.2996585965156555,,0.07415771484375
10046,,627,0.46744877099990845,,0.0073699951171875
10047,,627,0.44548100233078003,,0.0608062744140625
,2508,627,,0.32155293226242065,0.2125701904296875
,2509,627,,0.4099434018135071,0.0781402587890625
,2510,627,,0.45230600237846375,0.0941925048828125
,2511,627,,0.19323357939720154,0.27587890625
10048,,628,0.4953933358192444,,0.0
10049,,628,0.5555416345596313,,0.0
10050,,628,0.4156203866004944,,3.0517578125e-05
10051,,628,0.4825854003429413,,0.0018768310546875
10052,,628,0.37625348567962646,,0.5993804931640625
10053,,628,0.3226560950279236,,0.378448486328125
10054,,628,0.40015658736228943,,0.01556396484375
10055,,628,0.29584383964538574,,0.067230224609375
10056,,628,0.5469198822975159,,1.52587890625e-05
10057,,628,0.5662111043930054,,0.0
10058,,628,0.4798405170440674,,0.0
10059,,628,0.4420395791530609,,0.0
10060,,628,0.3871324062347412,,0.1333160400390625
10061,,628,0.3960722088813782,,0.07415771484375
10062,,628,0.4667354226112366,,0.0073699951171875
10063,,628,0.5425558090209961,,0.0608062744140625
,2512,628,,0.33199256658554077,0.2125701904296875
,2513,628,,0.2857551574707031,0.0781402587890625
,2514,628,,0.4262699484825134,0.0941925048828125
,2515,628,,0.21515507996082306,0.27587890625
10064,,629,0.5387730598449707,,0.0
10065,,629,0.5088558197021484,,0.0
10066,,629,0.5695264339447021,,3.0517578125e-05
10067,,629,0.4562598466873169,,0.0018768310546875
10068,,629,0.3723209500312805,,0.5993804931640625
10069,,629,0.32885897159576416,,0.378448486328125
10070,,629,0.5706409215927124,,0.01556396484375
10071,,629,0.38594892621040344,,0.067230224609375
10072,,629,0.569078803062439,,1.52587890625e-05
10073,,629,0.5799618363380432,,0.0
10074,,629,0.43587175011634827,,0.0
10075,,629,0.5212023258209229,,0.0
10076,,629,0.3503134250640869,,0.1333160400390625
10077,,629,0.39751482009887695,,0.07415771484375
10078,,629,0.4441755414009094,,0.0073699951171875
10079,,629,0.4449924826622009,,0.0608062744140625
,2516,629,,0.14849242568016052,0.2125701904296875
,2517,629,,0.5093661546707153,0.0781402587890625
,2518,629,,0.47602587938308716,0.0941925048828125
,2519,629,,0.20795156061649323,0.27587890625
10080,,630,0.545111358165741,,0.0
10081,,630,0.5970189571380615,,0.0
10082,,630,0.4446619749069214,,3.0517578125e-05
10083,,630,0.6160937547683716,,0.0018768310546875
10084,,630,0.3870313763618469,,0.5993804931640625
10085,,630,0.2995893061161041,,0.378448486328125
10086,,630,0.6090705990791321,,0.01556396484375
10087,,630,0.34252870082855225,,0.067230224609375
10088,,630,0.47107869386672974,,1.52587890625e-05
10089,,630,0.5278104543685913,,0.0
10090,,630,0.5506613850593567,,0.0
10091,,630,0.5505006313323975,,0.0
10092,,630,0.35850274562835693,,0.1333160400390625
10093,,630,0.5437287092208862,,0.07415771484375
10094,,630,0.5212234258651733,,0.0073699951171875
10095,,630,0.3906574547290802,,0.0608062744140625
,2520,630,,0.2547782063484192,0.2125701904296875
,2521,630,,0.5004177093505859,0.0781402587890625
,2522,630,,0.4546332061290741,0.0941925048828125
,2523,630,,0.25256991386413574,0.27587890625
10096,,631,0.3473791182041168,,0.0
10097,,631,0.5197970867156982,,0.0
10098,,631,0.47243010997772217,,3.0517578125e-05
10099,,631,0.46470487117767334,,0.0018768310546875
10100,,631,0.3755676746368408,,0.5993804931640625
10101,,631,0.36778610944747925,,0.378448486328125
10102,,631,0.49674201011657715,,0.01556396484375
10103,,631,0.35374927520751953,,0.067230224609375
10104,,631,0.5243769288063049,,1.52587890625e-05
10105,,631,0.3840827941894531,,0.0
10106,,631,0.5798226594924927,,0.0
10107,,631,0.5018048882484436,,0.0
10108,,631,0.40940752625465393,,0.1333160400390625
10109,,631,0.4570552706718445,,0.07415771484375
10110,,631,0.5557291507720947,,0.0073699951171875
10111,,631,0.4153459668159485,,0.0608062744140625
,2524,631,,0.31058916449546814,0.2125701904296875
,2525,631,,0.40341413021087646,0.0781402587890625
,2526,631,,0.4101822078227997,0.0941925048828125
,2527,631,,0.187677800655365,0.27587890625
10112,,632,0.5101592540740967,,0.0
10113,,632,0.4088238775730133,,0.0
10114,,632,0.6065671443939209,,3.0517578125e-05
10115,,632,0.4151975214481354,,0.0018768310546875
10116,,632,0.30126169323921204,,0.5993804931640625
10117,,632,0.3308447599411011,,0.378448486328125
10118,,632,0.623110830783844,,0.01556396484375
10119,,632,0.4028208255767822,,0.067230224609375
10120,,632,0.5427820086479187,,1.52587890625e-05
10121,,632,0.45289039611816406,,0.0
10122,,632,0.5895888805389404,,0.0
10123,,632,0.6306501030921936,,0.0
10124,,632,0.36169999837875366,,0.1333160400390625
10125,,632,0.3889594078063965,,0.07415771484375
10126,,632,0.4190959334373474,,0.0073699951171875
10127,,632,0.4948517084121704,,0.0608062744140625
,2528,632,,0.3510726988315582,0.2125701904296875
,2529,632,,0.4263261556625366,0.0781402587890625
,2530,632,,0.4354008734226227,0.0941925048828125
,2531,632,,0.2383439540863037,0.27587890625
10128,,633,0.570624053478241,,0.0
10129,,633,0.4409641623497009,,0.0
10130,,633,0.37667250633239746,,3.0517578125e-05
10131,,633,0.4572451710700989,,0.0018768310546875
10132,,633,0.340006023645401,,0.5993804931640625
10133,,633,0.2934461832046509,,0.378448486328125
10134,,633,0.5422455668449402,,0.01556396484375
10135,,633,0.434693843126297,,0.067230224609375
10136,,633,0.5547410249710083,,1.52587890625e-05
10137,,633,0.5230152606964111,,0.0
10138,,633,0.5064616203308105,,0.0
10139,,633,0.6612117290496826,,0.0
10140,,633,0.3593387007713318,,0.1333160400390625
10141,,633,0.45893245935440063,,0.07415771484375
10142,,633,0.5166575908660889,,0.0073699951171875
10143,,633,0.439155638217926,,0.0608062744140625
,2532,633,,0.34253591299057007,0.2125701904296875
,2533,633,,0.34069156646728516,0.0781402587890625
,2534,633,,0.39169445633888245,0.0941925048828125
,2535,633,,0.19306963682174683,0.27587890625
10144,,634,0.58559250831604,,0.0
10145,,634,0.35250937938690186,,0.0
10146,,634,0.39449983835220337,,3.0517578125e-05
10147,,634,0.3693515658378601,,0.0018768310546875
10148,,634,0.35391443967819214,,0.5993804931640625
10149,,634,0.3354688882827759,,0.378448486328125
10150,,634,0.49454957246780396,,0.01556396484375
10151,,634,0.4985640048980713,,0.067230224609375
10152,,634,0.5678300261497498,,1.52587890625e-05
10153,,634,0.47846925258636475,,0.0
10154,,634,0.4755792021751404,,0.0
10155,,634,0.48411768674850464,,0.0
10156,,634,0.3320271968841553,,0.1333160400390625
10157,,634,0.429143488407135,,0.07415771484375
10158,,634,0.4887024164199829,,0.0073699951171875
10159,,634,0.5031920671463013,,0.0608062744140625
,2536,634,,0.4000912308692932,0.2125701904296875
,2537,634,,0.31278735399246216,0.0781402587890625
,2538,634,,0.5599371790885925,0.0941925048828125
,2539,634,,0.3543667495250702,0.27587890625
10160,,635,0.4310104250907898,,0.0
10161,,635,0.6431136727333069,,0.0
10162,,635,0.69463050365448,,3.0517578125e-05
10163,,635,0.6272668242454529,,0.0018768310546875
10164,,635,0.3399909734725952,,0.5993804931640625
10165,,635,0.3434731662273407,,0.378448486328125
10166,,635,0.4744112193584442,,0.01556396484375
10167,,635,0.41746222972869873,,0.067230224609375
10168,,635,0.44846153259277344,,1.52587890625e-05
10169,,635,0.4616119861602783,,0.0
10170,,635,0.6443740129470825,,0.0
10171,,635,0.5646998882293701,,0.0
10172,,635,0.5067567825317383,,0.1333160400390625
10173,,635,0.33428776264190674,,0.07415771484375
10174,,635,0.5224588513374329,,0.0073699951171875
10175,,635,0.4933309555053711,,0.0608062744140625
,2540,635,,0.4146750867366791,0.2125701904296875
,2541,635,,0.44729524850845337,0.0781402587890625
,2542,635,,0.46254414319992065,0.0941925048828125
,2543,635,,0.32578086853027344,0.27587890625
10176,,636,0.5888107419013977,,0.0
10177,,636,0.47870033979415894,,0.0
10178,,636,0.55303555727005,,3.0517578125e-05
10179,,636,0.4862082004547119,,0.0018768310546875
10180,,636,0.37159040570259094,,0.5993804931640625
10181,,636,0.331748366355896,,0.378448486328125
10182,,636,0.5355936288833618,,0.01556396484375
10183,,636,0.4480654001235962,,0.067230224609375
10184,,636,0.48576563596725464,,1.52587890625e-05
10185,,636,0.557510495185852,,0.0
10186,,636,0.5062655806541443,,0.0
10187,,636,0.5398008823394775,,0.0
10188,,636,0.4383789300918579,,0.1333160400390625
10189,,636,0.3451167345046997,,0.07415771484375
10190,,636,0.4968850612640381,,0.0073699951171875
10191,,636,0.34676939249038696,,0.0608062744140625
,2544,636,,0.222013920545578,0.2125701904296875
,2545,636,,0.4263251721858978,0.0781402587890625
,2546,636,,0.3905765116214752,0.0941925048828125
,2547,636,,0.33649879693984985,0.27587890625
10192,,637,0.5416688919067383,,0.0
10193,,637,0.5580583810806274,,0.0
10194,,637,0.46576082706451416,,3.0517578125e-05
10195,,637,0.4846329092979431,,0.0018768310546875
10196,,637,0.37238579988479614,,0.5993804931640625
10197,,637,0.3814525604248047,,0.378448486328125
10198,,637,0.438926100730896,,0.01556396484375
10199,,637,0.40610384941101074,,0.067230224609375
10200,,637,0.5215901732444763,,1.52587890625e-05
10201,,637,0.4436890482902527,,0.0
10202,,637,0.5889544486999512,,0.0
10203,,637,0.5116144418716431,,0.0
10204,,637,0.37811580300331116,,0.1333160400390625
10205,,637,0.26607564091682434,,0.07415771484375
10206,,637,0.594781219959259,,0.0073699951171875
10207,,637,0.5090833902359009,,0.0608062744140625
,2548,637,,0.3099190592765808,0.2125701904296875
,2549,637,,0.4400743842124939,0.0781402587890625
,2550,637,,0.41006040573120117,0.0941925048828125
,2551,637,,0.1888115108013153,0.27587890625
10208,,638,0.5174844264984131,,0.0
10209,,638,0.5386009216308594,,0.0
10210,,638,0.5004265308380127,,3.0517578125e-05
10211,,638,0.5754856467247009,,0.0018768310546875
10212,,638,0.33730119466781616,,0.5993804931640625
10213,,638,0.3011922240257263,,0.378448486328125
10214,,638,0.42870819568634033,,0.01556396484375
10215,,638,0.37289220094680786,,0.067230224609375
10216,,638,0.46987825632095337,,1.52587890625e-05
10217,,638,0.3529999852180481,,0.0
10218,,638,0.49816906452178955,,0.0
10219,,638,0.34498876333236694,,0.0
10220,,638,0.3767932653427124,,0.1333160400390625
10221,,638,0.30593907833099365,,0.07415771484375
10222,,638,0.38504379987716675,,0.0073699951171875
10223,,638,0.34556764364242554,,0.0608062744140625
,2552,638,,0.4273934066295624,0.2125701904296875
,2553,638,,0.4170043468475342,0.0781402587890625
,2554,638,,0.4870870113372803,0.0941925048828125
,2555,638,,0.4230180084705353,0.27587890625
10224,,639,0.5705516338348389,,0.0
10225,,639,0.49911803007125854,,0.0
10226,,639,0.5068333745002747,,3.0517578125e-05
10227,,639,0.5068127512931824,,0.0018768310546875
10228,,639,0.35979631543159485,,0.5993804931640625
10229,,639,0.3636035919189453,,0.378448486328125
10230,,639,0.38726967573165894,,0.01556396484375
10231,,639,0.43177109956741333,,0.067230224609375
10232,,639,0.5318793058395386,,1.52587890625e-05
10233,,639,0.42684298753738403,,0.0
10234,,639,0.5464940071105957,,0.0
10235,,639,0.5037914514541626,,0.0
10236,,639,0.3387444019317627,,0.1333160400390625
10237,,639,0.36998140811920166,,0.07415771484375
10238,,639,0.5739139318466187,,0.0073699951171875
10239,,639,0.35941779613494873,,0.0608062744140625
,2556,639,,0.28142935037612915,0.2125701904296875
,2557,639,,0.553803563117981,0.0781402587890625
,2558,639,,0.3833988308906555,0.0941925048828125
,2559,639,,0.23222467303276062,0.27587890625
10240,,640,0.5557732582092285,,0.0
10241,,640,0.5863133668899536,,0.0
10242,,640,0.6399549245834351,,3.0517578125e-05
10243,,640,0.3612961173057556,,0.0018768310546875
10244,,640,0.376289427280426,,0.5993804931640625
10245,,640,0.34848934412002563,,0.378448486328125
10246,,640,0.3451012969017029,,0.01556396484375
10247,,640,0.4130958914756775,,0.067230224609375
10248,,640,0.4988897740840912,,1.52587890625e-05
10249,,640,0.4898830056190491,,0.0
10250,,640,0.6155164241790771,,0.0
10251,,640,0.4521600604057312,,0.0
10252,,640,0.4009529948234558,,0.1333160400390625
10253,,640,0.36669009923934937,,0.07415771484375
10254,,640,0.46346187591552734,,0.0073699951171875
10255,,640,0.48581093549728394,,0.0608062744140625
,2560,640,,0.39522573351860046,0.2125701904296875
,2561,640,,0.37200963497161865,0.0781402587890625
,2562,640,,0.40669962763786316,0.0941925048828125
,2563,640,,0.195855975151062,0.27587890625
10256,,641,0.44671830534935,,0.0
10257,,641,0.45106494426727295,,0.0
10258,,641,0.5370349287986755,,3.0517578125e-05
10259,,641,0.4393521845340729,,0.0018768310546875
10260,,641,0.36908671259880066,,0.5993804931640625
10261,,641,0.2717929184436798,,0.378448486328125
10262,,641,0.4845721125602722,,0.01556396484375
10263,,641,0.5808175802230835,,0.067230224609375
10264,,641,0.43718281388282776,,1.52587890625e-05
10265,,641,0.5443013906478882,,0.0
10266,,641,0.5953936576843262,,0.0
10267,,641,0.45856815576553345,,0.0
10268,,641,0.3212791085243225,,0.1333160400390625
10269,,641,0.4507926106452942,,0.07415771484375
10270,,641,0.4353070855140686,,0.0073699951171875
10271,,641,0.47789719700813293,,0.0608062744140625
,2564,641,,0.3073754608631134,0.2125701904296875
,2565,641,,0.33458489179611206,0.0781402587890625
,2566,641,,0.3603938817977905,0.0941925048828125
,2567,641,,0.2295546531677246,0.27587890625
10272,,642,0.5265373587608337,,0.0
10273,,642,0.5113950967788696,,0.0
10274,,642,0.579238772392273,,3.0517578125e-05
10275,,642,0.4878621995449066,,0.0018768310546875
10276,,642,0.3868142366409302,,0.5993804931640625
10277,,642,0.3826904892921448,,0.378448486328125
10278,,642,0.5095816254615784,,0.01556396484375
10279,,642,0.5015865564346313,,0.067230224609375
10280,,642,0.5407010316848755,,1.52587890625e-05
10281,,642,0.5867489576339722,,0.0
10282,,642,0.5833768844604492,,0.0
10283,,642,0.4469097852706909,,0.0
10284,,642,0.45403873920440674,,0.1333160400390625
10285,,642,0.34670621156692505,,0.07415771484375
10286,,642,0.42035621404647827,,0.0073699951171875
10287,,642,0.5403239727020264,,0.0608062744140625
,2568,642,,0.30933085083961487,0.2125701904296875
,2569,642,,0.33149483799934387,0.0781402587890625
,2570,642,,0.38077911734580994,0.0941925048828125
,2571,642,,0.21336625516414642,0.27587890625
10288,,643,0.6099302768707275,,0.0
10289,,643,0.5042652487754822,,0.0
10290,,643,0.6278809905052185,,3.0517578125e-05
10291,,643,0.4892536699771881,,0.0018768310546875
10292,,643,0.3709721863269806,,0.5993804931640625
10293,,643,0.3817707896232605,,0.378448486328125
10294,,643,0.5163174867630005,,0.01556396484375
10295,,643,0.3238399624824524,,0.067230224609375
10296,,643,0.5468288660049438,,1.52587890625e-05
10297,,643,0.5003423690795898,,0.0
10298,,643,0.3680015504360199,,0.0
10299,,643,0.42029738426208496,,0.0
10300,,643,0.4994280934333801,,0.1333160400390625
10301,,643,0.3469217121601105,,0.07415771484375
10302,,643,0.5643967390060425,,0.0073699951171875
10303,,643,0.40863680839538574,,0.0608062744140625
,2572,643,,0.352364718914032,0.2125701904296875
,2573,643,,0.4658491015434265,0.0781402587890625
,2574,643,,0.4539303779602051,0.0941925048828125
,2575,643,,0.16211175918579102,0.27587890625
10304,,644,0.4833414554595947,,0.0
10305,,644,0.464584082365036,,0.0
10306,,644,0.4944538474082947,,3.0517578125e-05
10307,,644,0.4050869345664978,,0.0018768310546875
10308,,644,0.32368895411491394,,0.5993804931640625
10309,,644,0.268791139125824,,0.378448486328125
10310,,644,0.4677003026008606,,0.01556396484375
10311,,644,0.45570045709609985,,0.067230224609375
10312,,644,0.6148269176483154,,1.52587890625e-05
10313,,644,0.6219629049301147,,0.0
10314,,644,0.6045045852661133,,0.0
10315,,644,0.5447989702224731,,0.0
10316,,644,0.4152563214302063,,0.1333160400390625
10317,,644,0.3148958683013916,,0.07415771484375
10318,,644,0.5476660132408142,,0.0073699951171875
10319,,644,0.5459873676300049,,0.0608062744140625
,2576,644,,0.2238556444644928,0.2125701904296875
,2577,644,,0.39693936705589294,0.0781402587890625
,2578,644,,0.474944144487381,0.0941925048828125
,2579,644,,0.28347229957580566,0.27587890625
10320,,645,0.47381728887557983,,0.0
10321,,645,0.5546779632568359,,0.0
10322,,645,0.4619503915309906,,3.0517578125e-05
10323,,645,0.33496323227882385,,0.0018768310546875
10324,,645,0.3749851882457733,,0.5993804931640625
10325,,645,0.27977290749549866,,0.378448486328125
10326,,645,0.4232383966445923,,0.01556396484375
10327,,645,0.39565563201904297,,0.067230224609375
10328,,645,0.35830196738243103,,1.52587890625e-05
10329,,645,0.41901302337646484,,0.0
10330,,645,0.5051705837249756,,0.0
10331,,645,0.5017641186714172,,0.0
10332,,645,0.444652259349823,,0.1333160400390625
10333,,645,0.5236439108848572,,0.07415771484375
10334,,645,0.4700028896331787,,0.0073699951171875
10335,,645,0.46045756340026855,,0.0608062744140625
,2580,645,,0.1776634156703949,0.2125701904296875
,2581,645,,0.3594519793987274,0.0781402587890625
,2582,645,,0.40883558988571167,0.0941925048828125
,2583,645,,0.13840597867965698,0.27587890625
10336,,646,0.510231614112854,,0.0
10337,,646,0.5436310768127441,,0.0
10338,,646,0.46358227729797363,,3.0517578125e-05
10339,,646,0.4566532373428345,,0.0018768310546875
10340,,646,0.3870426416397095,,0.5993804931640625
10341,,646,0.31014877557754517,,0.378448486328125
10342,,646,0.5422029495239258,,0.01556396484375
10343,,646,0.4739631414413452,,0.067230224609375
10344,,646,0.40539121627807617,,1.52587890625e-05
10345,,646,0.4504891335964203,,0.0
10346,,646,0.4229384660720825,,0.0
10347,,646,0.5335907936096191,,0.0
10348,,646,0.31542137265205383,,0.1333160400390625
10349,,646,0.4620860815048218,,0.07415771484375
10350,,646,0.48506760597229004,,0.0073699951171875
10351,,646,0.5255988836288452,,0.0608062744140625
,2584,646,,0.3010920286178589,0.2125701904296875
,2585,646,,0.29862815141677856,0.0781402587890625
,2586,646,,0.3557395935058594,0.0941925048828125
,2587,646,,0.15978041291236877,0.27587890625
10352,,647,0.5304323434829712,,0.0
10353,,647,0.5626088380813599,,0.0
10354,,647,0.6163049936294556,,3.0517578125e-05
10355,,647,0.41120588779449463,,0.0018768310546875
10356,,647,0.3425651788711548,,0.5993804931640625
10357,,647,0.3036399483680725,,0.378448486328125
10358,,647,0.4871949553489685,,0.01556396484375
10359,,647,0.4494456648826599,,0.067230224609375
10360,,647,0.5738831758499146,,1.52587890625e-05
10361,,647,0.520147442817688,,0.0
10362,,647,0.5319048166275024,,0.0
10363,,647,0.4350573420524597,,0.0
10364,,647,0.4174143373966217,,0.1333160400390625
10365,,647,0.4157245457172394,,0.07415771484375
10366,,647,0.41658228635787964,,0.0073699951171875
10367,,647,0.480625718832016,,0.0608062744140625
,2588,647,,0.31709808111190796,0.2125701904296875
,2589,647,,0.3989376127719879,0.0781402587890625
,2590,647,,0.4821503162384033,0.0941925048828125
,2591,647,,0.15504255890846252,0.27587890625
10368,,648,0.42259132862091064,,0.0
10369,,648,0.46764200925827026,,0.0
10370,,648,0.5079280734062195,,3.0517578125e-05
10371,,648,0.44932234287261963,,0.0018768310546875
10372,,648,0.3646426200866699,,0.5993804931640625
10373,,648,0.3187377452850342,,0.378448486328125
10374,,648,0.4891665279865265,,0.01556396484375
10375,,648,0.39354896545410156,,0.067230224609375
10376,,648,0.42962950468063354,,1.52587890625e-05
10377,,648,0.5964984893798828,,0.0
10378,,648,0.6302273273468018,,0.0
10379,,648,0.6492509245872498,,0.0
10380,,648,0.34605610370635986,,0.1333160400390625
10381,,648,0.2933099865913391,,0.07415771484375
10382,,648,0.5382326245307922,,0.0073699951171875
10383,,648,0.45832693576812744,,0.0608062744140625
,2592,648,,0.3727797865867615,0.2125701904296875
,2593,648,,0.3829762935638428,0.0781402587890625
,2594,648,,0.52467280626297,0.0941925048828125
,2595,648,,0.28513139486312866,0.27587890625
10384,,649,0.5661609768867493,,0.0
10385,,649,0.4655616283416748,,0.0
10386,,649,0.36846035718917847,,3.0517578125e-05
10387,,649,0.5329839587211609,,0.0018768310546875
10388,,649,0.4413016438484192,,0.5993804931640625
10389,,649,0.31355810165405273,,0.378448486328125
10390,,649,0.5219717621803284,,0.01556396484375
10391,,649,0.4437755346298218,,0.067230224609375
10392,,649,0.5070398449897766,,1.52587890625e-05
10393,,649,0.4649897813796997,,0.0
10394,,649,0.4613622725009918,,0.0
10395,,649,0.5238727331161499,,0.0
10396,,649,0.3710702061653137,,0.1333160400390625
10397,,649,0.5268020629882812,,0.07415771484375
10398,,649,0.57270348072052,,0.0073699951171875
10399,,649,0.4420212507247925,,0.0608062744140625
,2596,649,,0.3202565014362335,0.2125701904296875
,2597,649,,0.3324645161628723,0.0781402587890625
,2598,649,,0.3993064761161804,0.0941925048828125
,2599,649,,0.17295926809310913,0.27587890625
10400,,650,0.483376681804657,,0.0
10401,,650,0.6942082643508911,,0.0
10402,,650,0.44897162914276123,,3.0517578125e-05
10403,,650,0.4782119393348694,,0.0018768310546875
10404,,650,0.3899344801902771,,0.5993804931640625
10405,,650,0.2783934473991394,,0.378448486328125
10406,,650,0.49929308891296387,,0.01556396484375
10407,,650,0.36280786991119385,,0.067230224609375
10408,,650,0.5390847325325012,,1.52587890625e-05
10409,,650,0.5635181665420532,,0.0
10410,,650,0.4701474905014038,,0.0
10411,,650,0.5635851621627808,,0.0
10412,,650,0.3199618458747864,,0.1333160400390625
10413,,650,0.34757548570632935,,0.07415771484375
10414,,650,0.5343490839004517,,0.0073699951171875
10415,,650,0.43767496943473816,,0.0608062744140625
,2600,650,,0.22692933678627014,0.2125701904296875
,2601,650,,0.34367650747299194,0.0781402587890625
,2602,650,,0.487257182598114,0.0941925048828125
,2603,650,,0.18889135122299194,0.27587890625
10416,,651,0.41419169306755066,,0.0
10417,,651,0.5877396464347839,,0.0
10418,,651,0.5953395366668701,,3.0517578125e-05
10419,,651,0.4978310465812683,,0.0018768310546875
10420,,651,0.3747232258319855,,0.5993804931640625
10421,,651,0.38290679454803467,,0.378448486328125
10422,,651,0.5115920305252075,,0.01556396484375
10423,,651,0.4694278836250305,,0.067230224609375
10424,,651,0.40763264894485474,,1.52587890625e-05
10425,,651,0.4060484766960144,,0.0
10426,,651,0.5328727960586548,,0.0
10427,,651,0.4322082996368408,,0.0
10428,,651,0.47058624029159546,,0.1333160400390625
10429,,651,0.30153927206993103,,0.07415771484375
10430,,651,0.5021896362304688,,0.0073699951171875
10431,,651,0.3550090789794922,,0.0608062744140625
,2604,651,,0.3510829210281372,0.2125701904296875
,2605,651,,0.409930944442749,0.0781402587890625
,2606,651,,0.32813960313796997,0.0941925048828125
,2607,651,,0.21374405920505524,0.27587890625
10432,,652,0.4799971282482147,,0.0
10433,,652,0.5037704110145569,,0.0
10434,,652,0.5517164468765259,,3.0517578125e-05
10435,,652,0.5549894571304321,,0.0018768310546875
10436,,652,0.3505712151527405,,0.5993804931640625
10437,,652,0.31839096546173096,,0.378448486328125
10438,,652,0.5579957365989685,,0.01556396484375
10439,,652,0.6076271533966064,,0.067230224609375
10440,,652,0.46117863059043884,,1.52587890625e-05
10441,,652,0.32133209705352783,,0.0
10442,,652,0.4613211750984192,,0.0
10443,,652,0.5314599275588989,,0.0
10444,,652,0.475869357585907,,0.1333160400390625
10445,,652,0.30825087428092957,,0.07415771484375
10446,,652,0.5540148019790649,,0.0073699951171875
10447,,652,0.5311933755874634,,0.0608062744140625
,2608,652,,0.27259233593940735,0.2125701904296875
,2609,652,,0.45741838216781616,0.0781402587890625
,2610,652,,0.40759873390197754,0.0941925048828125
,2611,652,,0.13122893869876862,0.27587890625
10448,,653,0.4803187847137451,,0.0
10449,,653,0.426785409450531,,0.0
10450,,653,0.466307133436203,,3.0517578125e-05
10451,,653,0.48071348667144775,,0.0018768310546875
10452,,653,0.3414316773414612,,0.5993804931640625
10453,,653,0.31683728098869324,,0.378448486328125
10454,,653,0.3829607665538788,,0.01556396484375
10455,,653,0.5092999935150146,,0.067230224609375
10456,,653,0.573296070098877,,1.52587890625e-05
10457,,653,0.44039636850357056,,0.0
10458,,653,0.45444315671920776,,0.0
10459,,653,0.4365154504776001,,0.0
10460,,653,0.31559157371520996,,0.1333160400390625
10461,,653,0.4541274309158325,,0.07415771484375
10462,,653,0.5479377508163452,,0.0073699951171875
10463,,653,0.5484589338302612,,0.0608062744140625
,2612,653,,0.21040606498718262,0.2125701904296875
,2613,653,,0.39945080876350403,0.0781402587890625
,2614,653,,0.4954173266887665,0.0941925048828125
,2615,653,,0.09849385917186737,0.27587890625
10464,,654,0.4572281837463379,,0.0
10465,,654,0.5678093433380127,,0.0
10466,,654,0.5971231460571289,,3.0517578125e-05
10467,,654,0.4124819338321686,,0.0018768310546875
10468,,654,0.3695988655090332,,0.5993804931640625
10469,,654,0.37865883111953735,,0.378448486328125
10470,,654,0.4732512831687927,,0.01556396484375
10471,,654,0.4347831904888153,,0.067230224609375
10472,,654,0.6488382816314697,,1.52587890625e-05
10473,,654,0.5071625709533691,,0.0
10474,,654,0.6841349601745605,,0.0
10475,,654,0.4320376515388489,,0.0
10476,,654,0.4979444146156311,,0.1333160400390625
10477,,654,0.3580130338668823,,0.07415771484375
10478,,654,0.5759982466697693,,0.0073699951171875
10479,,654,0.4638720750808716,,0.0608062744140625
,2616,654,,0.3380782902240753,0.2125701904296875
,2617,654,,0.4032471179962158,0.0781402587890625
,2618,654,,0.4768460988998413,0.0941925048828125
,2619,654,,0.32867467403411865,0.27587890625
10480,,655,0.514336347579956,,0.0
10481,,655,0.42494529485702515,,0.0
10482,,655,0.4446340799331665,,3.0517578125e-05
10483,,655,0.5715878009796143,,0.0018768310546875
10484,,655,0.39040571451187134,,0.5993804931640625
10485,,655,0.30253100395202637,,0.378448486328125
10486,,655,0.4633854329586029,,0.01556396484375
10487,,655,0.27012670040130615,,0.067230224609375
10488,,655,0.3558940291404724,,1.52587890625e-05
10489,,655,0.5797079205513,,0.0
10490,,655,0.5487930774688721,,0.0
10491,,655,0.4647061228752136,,0.0
10492,,655,0.36504876613616943,,0.1333160400390625
10493,,655,0.4136090874671936,,0.07415771484375
10494,,655,0.46683016419410706,,0.0073699951171875
10495,,655,0.3383094072341919,,0.0608062744140625
,2620,655,,0.4026952087879181,0.2125701904296875
,2621,655,,0.4504995048046112,0.0781402587890625
,2622,655,,0.518692135810852,0.0941925048828125
,2623,655,,0.27596598863601685,0.27587890625
10496,,656,0.539997935295105,,0.0
10497,,656,0.39405280351638794,,0.0
10498,,656,0.5544540882110596,,3.0517578125e-05
10499,,656,0.5010786056518555,,0.0018768310546875
10500,,656,0.3561933934688568,,0.5993804931640625
10501,,656,0.3078767657279968,,0.378448486328125
10502,,656,0.4463266134262085,,0.01556396484375
10503,,656,0.5210665464401245,,0.067230224609375
10504,,656,0.4319639205932617,,1.52587890625e-05
10505,,656,0.5575481653213501,,0.0
10506,,656,0.5576200485229492,,0.0
10507,,656,0.49265968799591064,,0.0
10508,,656,0.3489916920661926,,0.1333160400390625
10509,,656,0.47009140253067017,,0.07415771484375
10510,,656,0.4405308961868286,,0.0073699951171875
10511,,656,0.6371362209320068,,0.0608062744140625
,2624,656,,0.30455726385116577,0.2125701904296875
,2625,656,,0.4027480483055115,0.0781402587890625
,2626,656,,0.40493831038475037,0.0941925048828125
,2627,656,,0.22826385498046875,0.27587890625
10512,,657,0.419337660074234,,0.0
10513,,657,0.6816450357437134,,0.0
10514,,657,0.5864588618278503,,3.0517578125e-05
10515,,657,0.5214413404464722,,0.0018768310546875
10516,,657,0.3743031322956085,,0.5993804931640625
10517,,657,0.30399468541145325,,0.378448486328125
10518,,657,0.47675594687461853,,0.01556396484375
10519,,657,0.3974495530128479,,0.067230224609375
10520,,657,0.5361510515213013,,1.52587890625e-05
10521,,657,0.5431113243103027,,0.0
10522,,657,0.49201807379722595,,0.0
10523,,657,0.5338413715362549,,0.0
10524,,657,0.36729028820991516,,0.1333160400390625
10525,,657,0.5800588726997375,,0.07415771484375
10526,,657,0.4215373992919922,,0.0073699951171875
10527,,657,0.529535174369812,,0.0608062744140625
,2628,657,,0.27068930864334106,0.2125701904296875
,2629,657,,0.3875102996826172,0.0781402587890625
,2630,657,,0.4490851163864136,0.0941925048828125
,2631,657,,0.34909874200820923,0.27587890625
10528,,658,0.5138561129570007,,0.0
10529,,658,0.46829360723495483,,0.0
10530,,658,0.4381258487701416,,3.0517578125e-05
10531,,658,0.4413101375102997,,0.0018768310546875
10532,,658,0.36614149808883667,,0.5993804931640625
10533,,658,0.37908077239990234,,0.378448486328125
10534,,658,0.4954302906990051,,0.01556396484375
10535,,658,0.42171913385391235,,0.067230224609375
10536,,658,0.5292980074882507,,1.52587890625e-05
10537,,658,0.4919699728488922,,0.0
10538,,658,0.5155710577964783,,0.0
10539,,658,0.5293176174163818,,0.0
10540,,658,0.4008292853832245,,0.1333160400390625
10541,,658,0.5217755436897278,,0.07415771484375
10542,,658,0.5137872099876404,,0.0073699951171875
10543,,658,0.4051514267921448,,0.0608062744140625
,2632,658,,0.21610963344573975,0.2125701904296875
,2633,658,,0.36946365237236023,0.0781402587890625
,2634,658,,0.453404039144516,0.0941925048828125
,2635,658,,0.1242188885807991,0.27587890625
10544,,659,0.4870854318141937,,0.0
10545,,659,0.4380616545677185,,0.0
10546,,659,0.4587467312812805,,3.0517578125e-05
10547,,659,0.5827422142028809,,0.0018768310546875
10548,,659,0.3255016505718231,,0.5993804931640625
10549,,659,0.3529995083808899,,0.378448486328125
10550,,659,0.40656793117523193,,0.01556396484375
10551,,659,0.37987056374549866,,0.067230224609375
10552,,659,0.36984795331954956,,1.52587890625e-05
10553,,659,0.5390481948852539,,0.0
10554,,659,0.5072662234306335,,0.0
10555,,659,0.4271768033504486,,0.0
10556,,659,0.4307177662849426,,0.1333160400390625
10557,,659,0.34516412019729614,,0.07415771484375
10558,,659,0.4630458354949951,,0.0073699951171875
10559,,659,0.4779012203216553,,0.0608062744140625
,2636,659,,0.3427068591117859,0.2125701904296875
,2637,659,,0.37665802240371704,0.0781402587890625
,2638,659,,0.2883683443069458,0.0941925048828125
,2639,659,,0.23695126175880432,0.27587890625
10560,,660,0.37649932503700256,,0.0
10561,,660,0.4967041015625,,0.0
10562,,660,0.4750443696975708,,3.0517578125e-05
10563,,660,0.4606691896915436,,0.0018768310546875
10564,,660,0.4046633243560791,,0.5993804931640625
10565,,660,0.37554728984832764,,0.378448486328125
10566,,660,0.40314817428588867,,0.01556396484375
10567,,660,0.39616116881370544,,0.067230224609375
10568,,660,0.40178343653678894,,1.52587890625e-05
10569,,660,0.5911575555801392,,0.0
10570,,660,0.47248998284339905,,0.0
10571,,660,0.5898596048355103,,0.0
10572,,660,0.32601499557495117,,0.1333160400390625
10573,,660,0.569384753704071,,0.07415771484375
10574,,660,0.4965323209762573,,0.0073699951171875
10575,,660,0.43507111072540283,,0.0608062744140625
,2640,660,,0.31053414940834045,0.2125701904296875
,2641,660,,0.431496798992157,0.0781402587890625
,2642,660,,0.2923817038536072,0.0941925048828125
,2643,660,,0.3303614854812622,0.27587890625
10576,,661,0.6446807980537415,,0.0
10577,,661,0.6138991117477417,,0.0
10578,,661,0.510104775428772,,3.0517578125e-05
10579,,661,0.45367732644081116,,0.0018768310546875
10580,,661,0.3928159773349762,,0.5993804931640625
10581,,661,0.3386082947254181,,0.378448486328125
10582,,661,0.5400388240814209,,0.01556396484375
10583,,661,0.5465752482414246,,0.067230224609375
10584,,661,0.4229174554347992,,1.52587890625e-05
10585,,661,0.49666160345077515,,0.0
10586,,661,0.4669950604438782,,0.0
10587,,661,0.4954504370689392,,0.0
10588,,661,0.32294762134552,,0.1333160400390625
10589,,661,0.3278768062591553,,0.07415771484375
10590,,661,0.5206183195114136,,0.0073699951171875
10591,,661,0.47967246174812317,,0.0608062744140625
,2644,661,,0.2803848683834076,0.2125701904296875
,2645,661,,0.3062005043029785,0.0781402587890625
,2646,661,,0.3309610188007355,0.0941925048828125
,2647,661,,0.3831977844238281,0.27587890625
10592,,662,0.46774429082870483,,0.0
10593,,662,0.3883054852485657,,0.0
10594,,662,0.43455201387405396,,3.0517578125e-05
10595,,662,0.4085170030593872,,0.0018768310546875
10596,,662,0.350138396024704,,0.5993804931640625
10597,,662,0.33444899320602417,,0.378448486328125
10598,,662,0.5811841487884521,,0.01556396484375
10599,,662,0.4337480664253235,,0.067230224609375
10600,,662,0.4622343182563782,,1.52587890625e-05
10601,,662,0.4429301619529724,,0.0
10602,,662,0.3862982988357544,,0.0
10603,,662,0.62726891040802,,0.0
10604,,662,0.4020013213157654,,0.1333160400390625
10605,,662,0.4644700288772583,,0.07415771484375
10606,,662,0.5623565912246704,,0.0073699951171875
10607,,662,0.38912713527679443,,0.0608062744140625
,2648,662,,0.32784831523895264,0.2125701904296875
,2649,662,,0.5260336399078369,0.0781402587890625
,2650,662,,0.5196924209594727,0.0941925048828125
,2651,662,,0.21870630979537964,0.27587890625
10608,,663,0.458697646856308,,0.0
10609,,663,0.3739454448223114,,0.0
10610,,663,0.5039024353027344,,3.0517578125e-05
10611,,663,0.47373899817466736,,0.0018768310546875
10612,,663,0.40638023614883423,,0.5993804931640625
10613,,663,0.31366491317749023,,0.378448486328125
10614,,663,0.5787869691848755,,0.01556396484375
10615,,663,0.49500563740730286,,0.067230224609375
10616,,663,0.49186357855796814,,1.52587890625e-05
10617,,663,0.5232864618301392,,0.0
10618,,663,0.3746199607849121,,0.0
10619,,663,0.5378624200820923,,0.0
10620,,663,0.47697198390960693,,0.1333160400390625
10621,,663,0.4894169569015503,,0.07415771484375
10622,,663,0.4440358877182007,,0.0073699951171875
10623,,663,0.5521783828735352,,0.0608062744140625
,2652,663,,0.2907484769821167,0.2125701904296875
,2653,663,,0.35335180163383484,0.0781402587890625
,2654,663,,0.5455601811408997,0.0941925048828125
,2655,663,,0.1840243637561798,0.27587890625
10624,,664,0.43328505754470825,,0.0
10625,,664,0.5312682390213013,,0.0
10626,,664,0.6025844812393188,,3.0517578125e-05
10627,,664,0.5215985774993896,,0.0018768310546875
10628,,664,0.3636194169521332,,0.5993804931640625
10629,,664,0.3220345079898834,,0.378448486328125
10630,,664,0.44146832823753357,,0.01556396484375
10631,,664,0.3927253484725952,,0.067230224609375
10632,,664,0.5757206082344055,,1.52587890625e-05
10633,,664,0.5569696426391602,,0.0
10634,,664,0.4914904534816742,,0.0
10635,,664,0.5479503870010376,,0.0
10636,,664,0.32803770899772644,,0.1333160400390625
10637,,664,0.4789271950721741,,0.07415771484375
10638,,664,0.5921266674995422,,0.0073699951171875
10639,,664,0.4656234681606293,,0.0608062744140625
,2656,664,,0.28425660729408264,0.2125701904296875
,2657,664,,0.3817176818847656,0.0781402587890625
,2658,664,,0.4802783131599426,0.0941925048828125
,2659,664,,0.2459406554698944,0.27587890625
10640,,665,0.5175540447235107,,0.0
10641,,665,0.41181591153144836,,0.0
10642,,665,0.4389830231666565,,3.0517578125e-05
10643,,665,0.6017073392868042,,0.0018768310546875
10644,,665,0.40611591935157776,,0.5993804931640625
10645,,665,0.35463184118270874,,0.378448486328125
10646,,665,0.6013364791870117,,0.01556396484375
10647,,665,0.41579386591911316,,0.067230224609375
10648,,665,0.42759013175964355,,1.52587890625e-05
10649,,665,0.6261237263679504,,0.0
10650,,665,0.5210549235343933,,0.0
10651,,665,0.5099552869796753,,0.0
10652,,665,0.3459327816963196,,0.1333160400390625
10653,,665,0.37466201186180115,,0.07415771484375
10654,,665,0.6219347715377808,,0.0073699951171875
10655,,665,0.5068263411521912,,0.0608062744140625
,2660,665,,0.32675692439079285,0.2125701904296875
,2661,665,,0.5219810009002686,0.0781402587890625
,2662,665,,0.37370696663856506,0.0941925048828125
,2663,665,,0.3344195485115051,0.27587890625
10656,,666,0.6120510101318359,,0.0
10657,,666,0.4987705945968628,,0.0
10658,,666,0.41695713996887207,,3.0517578125e-05
10659,,666,0.5212627649307251,,0.0018768310546875
10660,,666,0.37879395484924316,,0.5993804931640625
10661,,666,0.3059651851654053,,0.378448486328125
10662,,666,0.40829187631607056,,0.01556396484375
10663,,666,0.3615761995315552,,0.067230224609375
10664,,666,0.28451675176620483,,1.52587890625e-05
10665,,666,0.6145377159118652,,0.0
10666,,666,0.5752637386322021,,0.0
10667,,666,0.49519121646881104,,0.0
10668,,666,0.4532772898674011,,0.1333160400390625
10669,,666,0.5132050514221191,,0.07415771484375
10670,,666,0.40326619148254395,,0.0073699951171875
10671,,666,0.45185452699661255,,0.0608062744140625
,2664,666,,0.25677216053009033,0.2125701904296875
,2665,666,,0.45475274324417114,0.0781402587890625
,2666,666,,0.35952532291412354,0.0941925048828125
,2667,666,,0.2240317314863205,0.27587890625
10672,,667,0.5261479020118713,,0.0
10673,,667,0.5490758419036865,,0.0
10674,,667,0.44816169142723083,,3.0517578125e-05
10675,,667,0.4558197259902954,,0.0018768310546875
10676,,667,0.37869328260421753,,0.5993804931640625
10677,,667,0.298867791891098,,0.378448486328125
10678,,667,0.5171105861663818,,0.01556396484375
10679,,667,0.46355926990509033,,0.067230224609375
10680,,667,0.5120363235473633,,1.52587890625e-05
10681,,667,0.5522524118423462,,0.0
10682,,667,0.601929783821106,,0.0
10683,,667,0.5277455449104309,,0.0
10684,,667,0.42765116691589355,,0.1333160400390625
10685,,667,0.504974365234375,,0.07415771484375
10686,,667,0.4345242977142334,,0.0073699951171875
10687,,667,0.2635101079940796,,0.0608062744140625
,2668,667,,0.3777027726173401,0.2125701904296875
,2669,667,,0.33511966466903687,0.0781402587890625
,2670,667,,0.34108445048332214,0.0941925048828125
,2671,667,,0.15505638718605042,0.27587890625
10688,,668,0.5346775054931641,,0.0
10689,,668,0.4804496765136719,,0.0
10690,,668,0.45453280210494995,,3.0517578125e-05
10691,,668,0.6069532632827759,,0.0018768310546875
10692,,668,0.39235928654670715,,0.5993804931640625
10693,,668,0.3122219145298004,,0.378448486328125
10694,,668,0.4648778438568115,,0.01556396484375
10695,,668,0.33917635679244995,,0.067230224609375
10696,,668,0.4618295729160309,,1.52587890625e-05
10697,,668,0.46064096689224243,,0.0
10698,,668,0.6542394161224365,,0.0
10699,,668,0.4303583800792694,,0.0
10700,,668,0.30077722668647766,,0.1333160400390625
10701,,668,0.6201304197311401,,0.07415771484375
10702,,668,0.48829570412635803,,0.0073699951171875
10703,,668,0.5324721932411194,,0.0608062744140625
,2672,668,,0.26585152745246887,0.2125701904296875
,2673,668,,0.4085425138473511,0.0781402587890625
,2674,668,,0.3695714771747589,0.0941925048828125
,2675,668,,0.11616041511297226,0.27587890625
10704,,669,0.5098034739494324,,0.0
10705,,669,0.6905953288078308,,0.0
10706,,669,0.5406882166862488,,3.0517578125e-05
10707,,669,0.5555434226989746,,0.0018768310546875
10708,,669,0.3526255488395691,,0.5993804931640625
10709,,669,0.32367604970932007,,0.378448486328125
10710,,669,0.5499335527420044,,0.01556396484375
10711,,669,0.3400106132030487,,0.067230224609375
10712,,669,0.6044414639472961,,1.52587890625e-05
10713,,669,0.5475155711174011,,0.0
10714,,669,0.4141656160354614,,0.0
10715,,669,0.5181083679199219,,0.0
10716,,669,0.49656039476394653,,0.1333160400390625
10717,,669,0.3997874855995178,,0.07415771484375
10718,,669,0.5684783458709717,,0.0073699951171875
10719,,669,0.4055376648902893,,0.0608062744140625
,2676,669,,0.2172989398241043,0.2125701904296875
,2677,669,,0.4782484769821167,0.0781402587890625
,2678,669,,0.37976035475730896,0.0941925048828125
,2679,669,,0.2121717780828476,0.27587890625
10720,,670,0.4616107940673828,,0.0
10721,,670,0.5362667441368103,,0.0
10722,,670,0.46698373556137085,,3.0517578125e-05
10723,,670,0.45307254791259766,,0.0018768310546875
10724,,670,0.35933756828308105,,0.5993804931640625
10725,,670,0.26721662282943726,,0.378448486328125
10726,,670,0.441675066947937,,0.01556396484375
10727,,670,0.3446849584579468,,0.067230224609375
10728,,670,0.5807400941848755,,1.52587890625e-05
10729,,670,0.5086303949356079,,0.0
10730,,670,0.3961835503578186,,0.0
10731,,670,0.5046209096908569,,0.0
10732,,670,0.34772878885269165,,0.1333160400390625
10733,,670,0.3486088216304779,,0.07415771484375
10734,,670,0.5206201672554016,,0.0073699951171875
10735,,670,0.5135900974273682,,0.0608062744140625
,2680,670,,0.22263342142105103,0.2125701904296875
,2681,670,,0.49262553453445435,0.0781402587890625
,2682,670,,0.43470996618270874,0.0941925048828125
,2683,670,,0.29626476764678955,0.27587890625
10736,,671,0.4705008268356323,,0.0
10737,,671,0.40179455280303955,,0.0
10738,,671,0.46244001388549805,,3.0517578125e-05
10739,,671,0.5369361639022827,,0.0018768310546875
10740,,671,0.33918142318725586,,0.5993804931640625
10741,,671,0.32836002111434937,,0.378448486328125
10742,,671,0.4741291403770447,,0.01556396484375
10743,,671,0.2920061945915222,,0.067230224609375
10744,,671,0.5172415971755981,,1.52587890625e-05
10745,,671,0.509911298751831,,0.0
10746,,671,0.693498969078064,,0.0
10747,,671,0.45759427547454834,,0.0
10748,,671,0.4078190326690674,,0.1333160400390625
10749,,671,0.471679151058197,,0.07415771484375
10750,,671,0.3505770266056061,,0.0073699951171875
10751,,671,0.4871794879436493,,0.0608062744140625
,2684,671,,0.2887643575668335,0.2125701904296875
,2685,671,,0.37823107838630676,0.0781402587890625
,2686,671,,0.39713311195373535,0.0941925048828125
,2687,671,,0.25894343852996826,0.27587890625
10752,,672,0.3914030194282532,,0.0
10753,,672,0.46705594658851624,,0.0
10754,,672,0.5810595750808716,,3.0517578125e-05
10755,,672,0.4034186005592346,,0.0018768310546875
10756,,672,0.3997788429260254,,0.5993804931640625
10757,,672,0.3100585639476776,,0.378448486328125
10758,,672,0.4050689935684204,,0.01556396484375
10759,,672,0.3407171070575714,,0.067230224609375
10760,,672,0.48410630226135254,,1.52587890625e-05
10761,,672,0.40612316131591797,,0.0
10762,,672,0.4598281681537628,,0.0
10763,,672,0.5242868661880493,,0.0
10764,,672,0.3786141872406006,,0.1333160400390625
10765,,672,0.39439964294433594,,0.07415771484375
10766,,672,0.5630682706832886,,0.0073699951171875
10767,,672,0.4934680461883545,,0.0608062744140625
,2688,672,,0.33836373686790466,0.2125701904296875
,2689,672,,0.3760143220424652,0.0781402587890625
,2690,672,,0.3123512864112854,0.0941925048828125
,2691,672,,0.27018341422080994,0.27587890625
10768,,673,0.5660943984985352,,0.0
10769,,673,0.4344305396080017,,0.0
10770,,673,0.6190900802612305,,3.0517578125e-05
10771,,673,0.5495977401733398,,0.0018768310546875
10772,,673,0.38247549533843994,,0.5993804931640625
10773,,673,0.36722856760025024,,0.378448486328125
10774,,673,0.47648006677627563,,0.01556396484375
10775,,673,0.47643280029296875,,0.067230224609375
10776,,673,0.41356733441352844,,1.52587890625e-05
10777,,673,0.5701795816421509,,0.0
10778,,673,0.45815491676330566,,0.0
10779,,673,0.42594045400619507,,0.0
10780,,673,0.28753846883773804,,0.1333160400390625
10781,,673,0.36690568923950195,,0.07415771484375
10782,,673,0.5428697466850281,,0.0073699951171875
10783,,673,0.482650488615036,,0.0608062744140625
,2692,673,,0.34464889764785767,0.2125701904296875
,2693,673,,0.342538058757782,0.0781402587890625
,2694,673,,0.27147290110588074,0.0941925048828125
,2695,673,,0.2268657684326172,0.27587890625
10784,,674,0.5471289753913879,,0.0
10785,,674,0.6593906879425049,,0.0
10786,,674,0.5006870031356812,,3.0517578125e-05
10787,,674,0.5292066931724548,,0.0018768310546875
10788,,674,0.4096071422100067,,0.5993804931640625
10789,,674,0.40906673669815063,,0.378448486328125
10790,,674,0.4428141713142395,,0.01556396484375
10791,,674,0.5208276510238647,,0.067230224609375
10792,,674,0.5239237546920776,,1.52587890625e-05
10793,,674,0.625447154045105,,0.0
10794,,674,0.43610888719558716,,0.0
10795,,674,0.576478123664856,,0.0
10796,,674,0.28121182322502136,,0.1333160400390625
10797,,674,0.3688494563102722,,0.07415771484375
10798,,674,0.5729328393936157,,0.0073699951171875
10799,,674,0.37403538823127747,,0.0608062744140625
,2696,674,,0.4451156258583069,0.2125701904296875
,2697,674,,0.4721256196498871,0.0781402587890625
,2698,674,,0.48340389132499695,0.0941925048828125
,2699,674,,0.2035428285598755,0.27587890625
10800,,675,0.36119920015335083,,0.0
10801,,675,0.3077705204486847,,0.0
10802,,675,0.4819643199443817,,3.0517578125e-05
10803,,675,0.5078560709953308,,0.0018768310546875
10804,,675,0.34339889883995056,,0.5993804931640625
10805,,675,0.31635963916778564,,0.378448486328125
10806,,675,0.4424547553062439,,0.01556396484375
10807,,675,0.4239790439605713,,0.067230224609375
10808,,675,0.4544018507003784,,1.52587890625e-05
10809,,675,0.5138113498687744,,0.0
10810,,675,0.4410785436630249,,0.0
10811,,675,0.6106761693954468,,0.0
10812,,675,0.5029115080833435,,0.1333160400390625
10813,,675,0.5015048384666443,,0.07415771484375
10814,,675,0.4371201992034912,,0.0073699951171875
10815,,675,0.4935120940208435,,0.0608062744140625
,2700,675,,0.2768702805042267,0.2125701904296875
,2701,675,,0.2892630696296692,0.0781402587890625
,2702,675,,0.40801823139190674,0.0941925048828125
,2703,675,,0.2985385060310364,0.27587890625
10816,,676,0.6569792032241821,,0.0
10817,,676,0.37475377321243286,,0.0
10818,,676,0.5381669998168945,,3.0517578125e-05
10819,,676,0.4792788326740265,,0.0018768310546875
10820,,676,0.39197930693626404,,0.5993804931640625
10821,,676,0.33972248435020447,,0.378448486328125
10822,,676,0.5694657564163208,,0.01556396484375
10823,,676,0.3988262414932251,,0.067230224609375
10824,,676,0.5418171882629395,,1.52587890625e-05
10825,,676,0.4199930429458618,,0.0
10826,,676,0.4940659999847412,,0.0
10827,,676,0.5830574035644531,,0.0
10828,,676,0.32932019233703613,,0.1333160400390625
10829,,676,0.5744566321372986,,0.07415771484375
10830,,676,0.575962483882904,,0.0073699951171875
10831,,676,0.4951728880405426,,0.0608062744140625
,2704,676,,0.29404181241989136,0.2125701904296875
,2705,676,,0.2786208391189575,0.0781402587890625
,2706,676,,0.49575358629226685,0.0941925048828125
,2707,676,,0.30729368329048157,0.27587890625
10832,,677,0.48020291328430176,,0.0
10833,,677,0.5044631958007812,,0.0
10834,,677,0.49248242378234863,,3.0517578125e-05
10835,,677,0.42029574513435364,,0.0018768310546875
10836,,677,0.3962709605693817,,0.5993804931640625
10837,,677,0.34658533334732056,,0.378448486328125
10838,,677,0.5670613050460815,,0.01556396484375
10839,,677,0.5374756455421448,,0.067230224609375
10840,,677,0.5401032567024231,,1.52587890625e-05
10841,,677,0.469562828540802,,0.0
10842,,677,0.3980957865715027,,0.0
10843,,677,0.6118495464324951,,0.0
10844,,677,0.40535977482795715,,0.1333160400390625
10845,,677,0.5234347581863403,,0.07415771484375
10846,,677,0.3716472387313843,,0.0073699951171875
10847,,677,0.37242716550827026,,0.0608062744140625
,2708,677,,0.2984841465950012,0.2125701904296875
,2709,677,,0.4587688446044922,0.0781402587890625
,2710,677,,0.32207930088043213,0.0941925048828125
,2711,677,,0.255204975605011,0.27587890625
10848,,678,0.42323601245880127,,0.0
10849,,678,0.5517676472663879,,0.0
10850,,678,0.4209299683570862,,3.0517578125e-05
10851,,678,0.5098855495452881,,0.0018768310546875
10852,,678,0.3719186782836914,,0.5993804931640625
10853,,678,0.3023351728916168,,0.378448486328125
10854,,678,0.6295677423477173,,0.01556396484375
10855,,678,0.44571205973625183,,0.067230224609375
10856,,678,0.37515968084335327,,1.52587890625e-05
10857,,678,0.5413209199905396,,0.0
10858,,678,0.49105751514434814,,0.0
10859,,678,0.4398912787437439,,0.0
10860,,678,0.3447796404361725,,0.1333160400390625
10861,,678,0.33478230237960815,,0.07415771484375
10862,,678,0.6529195308685303,,0.0073699951171875
10863,,678,0.3748297095298767,,0.0608062744140625
,2712,678,,0.23602333664894104,0.2125701904296875
,2713,678,,0.37138640880584717,0.0781402587890625
,2714,678,,0.33839935064315796,0.0941925048828125
,2715,678,,0.20333252847194672,0.27587890625
10864,,679,0.6223191022872925,,0.0
10865,,679,0.5376702547073364,,0.0
10866,,679,0.5649479627609253,,3.0517578125e-05
10867,,679,0.47702908515930176,,0.0018768310546875
10868,,679,0.41365182399749756,,0.5993804931640625
10869,,679,0.31791961193084717,,0.378448486328125
10870,,679,0.43662911653518677,,0.01556396484375
10871,,679,0.4740772545337677,,0.067230224609375
10872,,679,0.4470527172088623,,1.52587890625e-05
10873,,679,0.3777087926864624,,0.0
10874,,679,0.4678749144077301,,0.0
10875,,679,0.5892693996429443,,0.0
10876,,679,0.46126866340637207,,0.1333160400390625
10877,,679,0.3319374918937683,,0.07415771484375
10878,,679,0.4646427035331726,,0.0073699951171875
10879,,679,0.3185400366783142,,0.0608062744140625
,2716,679,,0.2042294442653656,0.2125701904296875
,2717,679,,0.4417995512485504,0.0781402587890625
,2718,679,,0.48260411620140076,0.0941925048828125
,2719,679,,0.3041497468948364,0.27587890625
10880,,680,0.5388967394828796,,0.0
10881,,680,0.5606374740600586,,0.0
10882,,680,0.41574007272720337,,3.0517578125e-05
10883,,680,0.4719902276992798,,0.0018768310546875
10884,,680,0.39004218578338623,,0.5993804931640625
10885,,680,0.32435721158981323,,0.378448486328125
10886,,680,0.5928911566734314,,0.01556396484375
10887,,680,0.44918400049209595,,0.067230224609375
10888,,680,0.5980817079544067,,1.52587890625e-05
10889,,680,0.5049608945846558,,0.0
10890,,680,0.47493675351142883,,0.0
10891,,680,0.43486613035202026,,0.0
10892,,680,0.5141886472702026,,0.1333160400390625
10893,,680,0.31465229392051697,,0.07415771484375
10894,,680,0.6613699197769165,,0.0073699951171875
10895,,680,0.46381622552871704,,0.0608062744140625
,2720,680,,0.33145081996917725,0.2125701904296875
,2721,680,,0.40170952677726746,0.0781402587890625
,2722,680,,0.38005346059799194,0.0941925048828125
,2723,680,,0.15370576083660126,0.27587890625
10896,,681,0.41489583253860474,,0.0
10897,,681,0.45187556743621826,,0.0
10898,,681,0.6182936429977417,,3.0517578125e-05
10899,,681,0.6182993650436401,,0.0018768310546875
10900,,681,0.4025808870792389,,0.5993804931640625
10901,,681,0.2761897146701813,,0.378448486328125
10902,,681,0.46269580721855164,,0.01556396484375
10903,,681,0.5012982487678528,,0.067230224609375
10904,,681,0.5720500946044922,,1.52587890625e-05
10905,,681,0.6240800619125366,,0.0
10906,,681,0.3701117932796478,,0.0
10907,,681,0.5809724926948547,,0.0
10908,,681,0.3160048723220825,,0.1333160400390625
10909,,681,0.5317051410675049,,0.07415771484375
10910,,681,0.5036089420318604,,0.0073699951171875
10911,,681,0.3839699625968933,,0.0608062744140625
,2724,681,,0.2374872863292694,0.2125701904296875
,2725,681,,0.3964041471481323,0.0781402587890625
,2726,681,,0.5698921084403992,0.0941925048828125
,2727,681,,0.1637032926082611,0.27587890625
10912,,682,0.5044305920600891,,0.0
10913,,682,0.4980480670928955,,0.0
10914,,682,0.5080932378768921,,3.0517578125e-05
10915,,682,0.5977447032928467,,0.0018768310546875
10916,,682,0.39364585280418396,,0.5993804931640625
10917,,682,0.3069525957107544,,0.378448486328125
10918,,682,0.5859787464141846,,0.01556396484375
10919,,682,0.31009286642074585,,0.067230224609375
10920,,682,0.6138865947723389,,1.52587890625e-05
10921,,682,0.4610508680343628,,0.0
10922,,682,0.394906222820282,,0.0
10923,,682,0.5167886018753052,,0.0
10924,,682,0.3687421977519989,,0.1333160400390625
10925,,682,0.4053723216056824,,0.07415771484375
10926,,682,0.376555860042572,,0.0073699951171875
10927,,682,0.3759705126285553,,0.0608062744140625
,2728,682,,0.324414998292923,0.2125701904296875
,2729,682,,0.4228300452232361,0.0781402587890625
,2730,682,,0.5378086566925049,0.0941925048828125
,2731,682,,0.3250894546508789,0.27587890625
10928,,683,0.5525819659233093,,0.0
10929,,683,0.4274337887763977,,0.0
10930,,683,0.4242492914199829,,3.0517578125e-05
10931,,683,0.35959139466285706,,0.0018768310546875
10932,,683,0.41249340772628784,,0.5993804931640625
10933,,683,0.32675719261169434,,0.378448486328125
10934,,683,0.5669865012168884,,0.01556396484375
10935,,683,0.38868337869644165,,0.067230224609375
10936,,683,0.3784891963005066,,1.52587890625e-05
10937,,683,0.5239782333374023,,0.0
10938,,683,0.36859381198883057,,0.0
10939,,683,0.5689786076545715,,0.0
10940,,683,0.42654603719711304,,0.1333160400390625
10941,,683,0.37612178921699524,,0.07415771484375
10942,,683,0.5571264624595642,,0.0073699951171875
10943,,683,0.4611414670944214,,0.0608062744140625
,2732,683,,0.272975891828537,0.2125701904296875
,2733,683,,0.38016679883003235,0.0781402587890625
,2734,683,,0.5040216445922852,0.0941925048828125
,2735,683,,0.2567802667617798,0.27587890625
10944,,684,0.6283342838287354,,0.0
10945,,684,0.42652738094329834,,0.0
10946,,684,0.4687262773513794,,3.0517578125e-05
10947,,684,0.44524335861206055,,0.0018768310546875
10948,,684,0.35748982429504395,,0.5993804931640625
10949,,684,0.33252763748168945,,0.378448486328125
10950,,684,0.5064005255699158,,0.01556396484375
10951,,684,0.45144838094711304,,0.067230224609375
10952,,684,0.3771899938583374,,1.52587890625e-05
10953,,684,0.3787400722503662,,0.0
10954,,684,0.5847680568695068,,0.0
10955,,684,0.5120237469673157,,0.0
10956,,684,0.5203342437744141,,0.1333160400390625
10957,,684,0.48845434188842773,,0.07415771484375
10958,,684,0.3469013571739197,,0.0073699951171875
10959,,684,0.40509822964668274,,0.0608062744140625
,2736,684,,0.27671319246292114,0.2125701904296875
,2737,684,,0.5019065141677856,0.0781402587890625
,2738,684,,0.4829722046852112,0.0941925048828125
,2739,684,,0.29350006580352783,0.27587890625
10960,,685,0.5353779196739197,,0.0
10961,,685,0.45795106887817383,,0.0
10962,,685,0.5770175457000732,,3.0517578125e-05
10963,,685,0.5657593607902527,,0.0018768310546875
10964,,685,0.3635774850845337,,0.5993804931640625
10965,,685,0.3719201683998108,,0.378448486328125
10966,,685,0.42500483989715576,,0.01556396484375
10967,,685,0.44483548402786255,,0.067230224609375
10968,,685,0.45398759841918945,,1.52587890625e-05
10969,,685,0.3398321866989136,,0.0
10970,,685,0.592665433883667,,0.0
10971,,685,0.5939397811889648,,0.0
10972,,685,0.33288830518722534,,0.1333160400390625
10973,,685,0.41273361444473267,,0.07415771484375
10974,,685,0.41638973355293274,,0.0073699951171875
10975,,685,0.45349201560020447,,0.0608062744140625
,2740,685,,0.1987171769142151,0.2125701904296875
,2741,685,,0.34003692865371704,0.0781402587890625
,2742,685,,0.39912042021751404,0.0941925048828125
,2743,685,,0.1668987274169922,0.27587890625
10976,,686,0.6186025142669678,,0.0
10977,,686,0.5941086411476135,,0.0
10978,,686,0.517608642578125,,3.0517578125e-05
10979,,686,0.5336249470710754,,0.0018768310546875
10980,,686,0.4192174971103668,,0.5993804931640625
10981,,686,0.34777402877807617,,0.378448486328125
10982,,686,0.44636741280555725,,0.01556396484375
10983,,686,0.4406367838382721,,0.067230224609375
10984,,686,0.5421888828277588,,1.52587890625e-05
10985,,686,0.4777035713195801,,0.0
10986,,686,0.4190968871116638,,0.0
10987,,686,0.42509645223617554,,0.0
10988,,686,0.45338404178619385,,0.1333160400390625
10989,,686,0.34440726041793823,,0.07415771484375
10990,,686,0.5226680636405945,,0.0073699951171875
10991,,686,0.45743924379348755,,0.0608062744140625
,2744,686,,0.26028889417648315,0.2125701904296875
,2745,686,,0.561328649520874,0.0781402587890625
,2746,686,,0.3810564875602722,0.0941925048828125
,2747,686,,0.12614083290100098,0.27587890625
10992,,687,0.42882463335990906,,0.0
10993,,687,0.5110276937484741,,0.0
10994,,687,0.652782678604126,,3.0517578125e-05
10995,,687,0.5050451755523682,,0.0018768310546875
10996,,687,0.3572347164154053,,0.5993804931640625
10997,,687,0.3375205397605896,,0.378448486328125
10998,,687,0.6084237098693848,,0.01556396484375
10999,,687,0.3849485516548157,,0.067230224609375
11000,,687,0.5405570864677429,,1.52587890625e-05
11001,,687,0.5135694742202759,,0.0
11002,,687,0.5161117315292358,,0.0
11003,,687,0.3609321117401123,,0.0
11004,,687,0.3900350332260132,,0.1333160400390625
11005,,687,0.42482420802116394,,0.07415771484375
11006,,687,0.4992064833641052,,0.0073699951171875
11007,,687,0.4258995056152344,,0.0608062744140625
,2748,687,,0.34149885177612305,0.2125701904296875
,2749,687,,0.4291194975376129,0.0781402587890625
,2750,687,,0.2479410618543625,0.0941925048828125
,2751,687,,0.2080763429403305,0.27587890625
11008,,688,0.5806739926338196,,0.0
11009,,688,0.46636059880256653,,0.0
11010,,688,0.4090491533279419,,3.0517578125e-05
11011,,688,0.5044503211975098,,0.0018768310546875
11012,,688,0.35560691356658936,,0.5993804931640625
11013,,688,0.2966005206108093,,0.378448486328125
11014,,688,0.4154430031776428,,0.01556396484375
11015,,688,0.4036344289779663,,0.067230224609375
11016,,688,0.5382474064826965,,1.52587890625e-05
11017,,688,0.5813511610031128,,0.0
11018,,688,0.610761821269989,,0.0
11019,,688,0.4175010621547699,,0.0
11020,,688,0.4606577754020691,,0.1333160400390625
11021,,688,0.376287579536438,,0.07415771484375
11022,,688,0.563598096370697,,0.0073699951171875
11023,,688,0.395488977432251,,0.0608062744140625
,2752,688,,0.3333572447299957,0.2125701904296875
,2753,688,,0.36187219619750977,0.0781402587890625
,2754,688,,0.3765578269958496,0.0941925048828125
,2755,688,,0.3529149889945984,0.27587890625
11024,,689,0.587776780128479,,0.0
11025,,689,0.4343520998954773,,0.0
11026,,689,0.4259374737739563,,3.0517578125e-05
11027,,689,0.5166801810264587,,0.0018768310546875
11028,,689,0.35945653915405273,,0.5993804931640625
11029,,689,0.32421553134918213,,0.378448486328125
11030,,689,0.5207763910293579,,0.01556396484375
11031,,689,0.6080222129821777,,0.067230224609375
11032,,689,0.4314804673194885,,1.52587890625e-05
11033,,689,0.4000127911567688,,0.0
11034,,689,0.5416800379753113,,0.0
11035,,689,0.4760086238384247,,0.0
11036,,689,0.47896677255630493,,0.1333160400390625
11037,,689,0.43889230489730835,,0.07415771484375
11038,,689,0.4184735417366028,,0.0073699951171875
11039,,689,0.3997466564178467,,0.0608062744140625
,2756,689,,0.18254579603672028,0.2125701904296875
,2757,689,,0.3951560854911804,0.0781402587890625
,2758,689,,0.3213363587856293,0.0941925048828125
,2759,689,,0.31931766867637634,0.27587890625
11040,,690,0.5303181409835815,,0.0
11041,,690,0.6175154447555542,,0.0
11042,,690,0.41938215494155884,,3.0517578125e-05
11043,,690,0.4795849323272705,,0.0018768310546875
11044,,690,0.36000242829322815,,0.5993804931640625
11045,,690,0.3143344521522522,,0.378448486328125
11046,,690,0.4940502345561981,,0.01556396484375
11047,,690,0.3259884715080261,,0.067230224609375
11048,,690,0.5569232702255249,,1.52587890625e-05
11049,,690,0.6465116143226624,,0.0
11050,,690,0.5836579203605652,,0.0
11051,,690,0.512210488319397,,0.0
11052,,690,0.3622727394104004,,0.1333160400390625
11053,,690,0.3910757899284363,,0.07415771484375
11054,,690,0.46945035457611084,,0.0073699951171875
11055,,690,0.3912120461463928,,0.0608062744140625
,2760,690,,0.32570213079452515,0.2125701904296875
,2761,690,,0.45163485407829285,0.0781402587890625
,2762,690,,0.5096893310546875,0.0941925048828125
,2763,690,,0.2204921841621399,0.27587890625
11056,,691,0.48345860838890076,,0.0
11057,,691,0.4116874933242798,,0.0
11058,,691,0.33549487590789795,,3.0517578125e-05
11059,,691,0.5451398491859436,,0.0018768310546875
11060,,691,0.4195484519004822,,0.5993804931640625
11061,,691,0.27694210410118103,,0.378448486328125
11062,,691,0.4732432961463928,,0.01556396484375
11063,,691,0.5251871347427368,,0.067230224609375
11064,,691,0.5306059718132019,,1.52587890625e-05
11065,,691,0.4406137466430664,,0.0
11066,,691,0.5629531145095825,,0.0
11067,,691,0.42135268449783325,,0.0
11068,,691,0.28625136613845825,,0.1333160400390625
11069,,691,0.43094202876091003,,0.07415771484375
11070,,691,0.4859379529953003,,0.0073699951171875
11071,,691,0.5138431787490845,,0.0608062744140625
,2764,691,,0.24351832270622253,0.2125701904296875
,2765,691,,0.41246235370635986,0.0781402587890625
,2766,691,,0.30548229813575745,0.0941925048828125
,2767,691,,0.1958901584148407,0.27587890625
11072,,692,0.42579376697540283,,0.0
11073,,692,0.5654230117797852,,0.0
11074,,692,0.4779295325279236,,3.0517578125e-05
11075,,692,0.5256924629211426,,0.0018768310546875
11076,,692,0.4051973223686218,,0.5993804931640625
11077,,692,0.409326434135437,,0.378448486328125
11078,,692,0.46704089641571045,,0.01556396484375
11079,,692,0.5592321157455444,,0.067230224609375
11080,,692,0.6147868037223816,,1.52587890625e-05
11081,,692,0.5390403866767883,,0.0
11082,,692,0.5080087780952454,,0.0
11083,,692,0.41052302718162537,,0.0
11084,,692,0.35189390182495117,,0.1333160400390625
11085,,692,0.49744537472724915,,0.07415771484375
11086,,692,0.4097994267940521,,0.0073699951171875
11087,,692,0.393641859292984,,0.0608062744140625
,2768,692,,0.37585338950157166,0.2125701904296875
,2769,692,,0.4694827198982239,0.0781402587890625
,2770,692,,0.4370446503162384,0.0941925048828125
,2771,692,,0.3049609065055847,0.27587890625
11088,,693,0.46863192319869995,,0.0
11089,,693,0.5690016746520996,,0.0
11090,,693,0.5735766887664795,,3.0517578125e-05
11091,,693,0.558027982711792,,0.0018768310546875
11092,,693,0.36123478412628174,,0.5993804931640625
11093,,693,0.3130871057510376,,0.378448486328125
11094,,693,0.4694691300392151,,0.01556396484375
11095,,693,0.5557911992073059,,0.067230224609375
11096,,693,0.5365844964981079,,1.52587890625e-05
11097,,693,0.5252224206924438,,0.0
11098,,693,0.5683724880218506,,0.0
11099,,693,0.3998279571533203,,0.0
11100,,693,0.3204655051231384,,0.1333160400390625
11101,,693,0.5570559501647949,,0.07415771484375
11102,,693,0.566232442855835,,0.0073699951171875
11103,,693,0.4616018533706665,,0.0608062744140625
,2772,693,,0.20810946822166443,0.2125701904296875
,2773,693,,0.4673043489456177,0.0781402587890625
,2774,693,,0.4064357578754425,0.0941925048828125
,2775,693,,0.2504827380180359,0.27587890625
11104,,694,0.5490597486495972,,0.0
11105,,694,0.42676687240600586,,0.0
11106,,694,0.4572904706001282,,3.0517578125e-05
11107,,694,0.5143906474113464,,0.0018768310546875
11108,,694,0.4055092930793762,,0.5993804931640625
11109,,694,0.3150552809238434,,0.378448486328125
11110,,694,0.5022413730621338,,0.01556396484375
11111,,694,0.3468121588230133,,0.067230224609375
11112,,694,0.48653626441955566,,1.52587890625e-05
11113,,694,0.5930684804916382,,0.0
11114,,694,0.534807026386261,,0.0
11115,,694,0.4603583812713623,,0.0
11116,,694,0.5242477059364319,,0.1333160400390625
11117,,694,0.3215959370136261,,0.07415771484375
11118,,694,0.3660183548927307,,0.0073699951171875
11119,,694,0.4381047189235687,,0.0608062744140625
,2776,694,,0.3575863242149353,0.2125701904296875
,2777,694,,0.44776487350463867,0.0781402587890625
,2778,694,,0.4787905812263489,0.0941925048828125
,2779,694,,0.18749269843101501,0.27587890625
11120,,695,0.46321043372154236,,0.0
11121,,695,0.4150746464729309,,0.0
11122,,695,0.5280284881591797,,3.0517578125e-05
11123,,695,0.5485312938690186,,0.0018768310546875
11124,,695,0.3095960021018982,,0.5993804931640625
11125,,695,0.3365407884120941,,0.378448486328125
11126,,695,0.6119945049285889,,0.01556396484375
11127,,695,0.4891234040260315,,0.067230224609375
11128,,695,0.49849942326545715,,1.52587890625e-05
11129,,695,0.43199124932289124,,0.0
11130,,695,0.48742538690567017,,0.0
11131,,695,0.4440091848373413,,0.0
11132,,695,0.3640472888946533,,0.1333160400390625
11133,,695,0.41724854707717896,,0.07415771484375
11134,,695,0.39698678255081177,,0.0073699951171875
11135,,695,0.3565024137496948,,0.0608062744140625
,2780,695,,0.25010088086128235,0.2125701904296875
,2781,695,,0.4013378620147705,0.0781402587890625
,2782,695,,0.4526450037956238,0.0941925048828125
,2783,695,,0.30361250042915344,0.27587890625
11136,,696,0.5320590734481812,,0.0
11137,,696,0.45223623514175415,,0.0
11138,,696,0.31140339374542236,,3.0517578125e-05
11139,,696,0.6029430627822876,,0.0018768310546875
11140,,696,0.3488605320453644,,0.5993804931640625
11141,,696,0.31648796796798706,,0.378448486328125
11142,,696,0.44873517751693726,,0.01556396484375
11143,,696,0.5166364908218384,,0.067230224609375
11144,,696,0.5200632810592651,,1.52587890625e-05
11145,,696,0.5312709808349609,,0.0
11146,,696,0.5069071054458618,,0.0
11147,,696,0.5099740624427795,,0.0
11148,,696,0.28591370582580566,,0.1333160400390625
11149,,696,0.458417147397995,,0.07415771484375
11150,,696,0.45738887786865234,,0.0073699951171875
11151,,696,0.388254851102829,,0.0608062744140625
,2784,696,,0.3252696394920349,0.2125701904296875
,2785,696,,0.4115532636642456,0.0781402587890625
,2786,696,,0.2347048819065094,0.0941925048828125
,2787,696,,0.23014086484909058,0.27587890625
11152,,697,0.5418771505355835,,0.0
11153,,697,0.6025927066802979,,0.0
11154,,697,0.41573968529701233,,3.0517578125e-05
11155,,697,0.4178715944290161,,0.0018768310546875
11156,,697,0.3510296940803528,,0.5993804931640625
11157,,697,0.296608567237854,,0.378448486328125
11158,,697,0.48330962657928467,,0.01556396484375
11159,,697,0.43642526865005493,,0.067230224609375
11160,,697,0.5998075008392334,,1.52587890625e-05
11161,,697,0.5314810276031494,,0.0
11162,,697,0.5075947642326355,,0.0
11163,,697,0.4011438488960266,,0.0
11164,,697,0.467081755399704,,0.1333160400390625
11165,,697,0.39738667011260986,,0.07415771484375
11166,,697,0.6131176948547363,,0.0073699951171875
11167,,697,0.39402884244918823,,0.0608062744140625
,2788,697,,0.4037926495075226,0.2125701904296875
,2789,697,,0.4088878631591797,0.0781402587890625
,2790,697,,0.5536177158355713,0.0941925048828125
,2791,697,,0.16229110956192017,0.27587890625
11168,,698,0.673376202583313,,0.0
11169,,698,0.4952321946620941,,0.0
11170,,698,0.5396462678909302,,3.0517578125e-05
11171,,698,0.47219204902648926,,0.0018768310546875
11172,,698,0.3474656939506531,,0.5993804931640625
11173,,698,0.3409126400947571,,0.378448486328125
11174,,698,0.4694325625896454,,0.01556396484375
11175,,698,0.41211238503456116,,0.067230224609375
11176,,698,0.46972888708114624,,1.52587890625e-05
11177,,698,0.5432626008987427,,0.0
11178,,698,0.4214802384376526,,0.0
11179,,698,0.581825852394104,,0.0
11180,,698,0.37097716331481934,,0.1333160400390625
11181,,698,0.45656371116638184,,0.07415771484375
11182,,698,0.32955271005630493,,0.0073699951171875
11183,,698,0.5108737349510193,,0.0608062744140625
,2792,698,,0.21856865286827087,0.2125701904296875
,2793,698,,0.35255351662635803,0.0781402587890625
,2794,698,,0.25802910327911377,0.0941925048828125
,2795,698,,0.19528324902057648,0.27587890625
11184,,699,0.60347580909729,,0.0
11185,,699,0.524210512638092,,0.0
11186,,699,0.4376811385154724,,3.0517578125e-05
11187,,699,0.6404843330383301,,0.0018768310546875
11188,,699,0.38879650831222534,,0.5993804931640625
11189,,699,0.30673590302467346,,0.378448486328125
11190,,699,0.46952885389328003,,0.01556396484375
11191,,699,0.3896641731262207,,0.067230224609375
11192,,699,0.6319432854652405,,1.52587890625e-05
11193,,699,0.5934755802154541,,0.0
11194,,699,0.6030555963516235,,0.0
11195,,699,0.487899512052536,,0.0
11196,,699,0.28130850195884705,,0.1333160400390625
11197,,699,0.5812135934829712,,0.07415771484375
11198,,699,0.3819451928138733,,0.0073699951171875
11199,,699,0.4256884455680847,,0.0608062744140625
,2796,699,,0.38023239374160767,0.2125701904296875
,2797,699,,0.44661688804626465,0.0781402587890625
,2798,699,,0.3600117564201355,0.0941925048828125
,2799,699,,0.19657418131828308,0.27587890625
11200,,700,0.5630443096160889,,0.0
11201,,700,0.625023365020752,,0.0
11202,,700,0.4924614131450653,,3.0517578125e-05
11203,,700,0.5084673762321472,,0.0018768310546875
11204,,700,0.33697155117988586,,0.5993804931640625
11205,,700,0.31097519397735596,,0.378448486328125
11206,,700,0.4970492720603943,,0.01556396484375
11207,,700,0.44738224148750305,,0.067230224609375
11208,,700,0.5430456399917603,,1.52587890625e-05
11209,,700,0.5642935037612915,,0.0
11210,,700,0.5875349640846252,,0.0
11211,,700,0.5204923152923584,,0.0
11212,,700,0.24828460812568665,,0.1333160400390625
11213,,700,0.42471373081207275,,0.07415771484375
11214,,700,0.38646864891052246,,0.0073699951171875
11215,,700,0.3509989380836487,,0.0608062744140625
,2800,700,,0.17418153584003448,0.2125701904296875
,2801,700,,0.4250415563583374,0.0781402587890625
,2802,700,,0.6350021362304688,0.0941925048828125
,2803,700,,0.24144622683525085,0.27587890625
11216,,701,0.5934643149375916,,0.0
11217,,701,0.45877593755722046,,0.0
11218,,701,0.6078128218650818,,3.0517578125e-05
11219,,701,0.5585598945617676,,0.0018768310546875
11220,,701,0.3949505090713501,,0.5993804931640625
11221,,701,0.33324486017227173,,0.378448486328125
11222,,701,0.3076914846897125,,0.01556396484375
11223,,701,0.346635103225708,,0.067230224609375
11224,,701,0.4621428847312927,,1.52587890625e-05
11225,,701,0.553826093673706,,0.0
11226,,701,0.5835604667663574,,0.0
11227,,701,0.39335381984710693,,0.0
11228,,701,0.4102322459220886,,0.1333160400390625
11229,,701,0.45489293336868286,,0.07415771484375
11230,,701,0.4468463063240051,,0.0073699951171875
11231,,701,0.39935025572776794,,0.0608062744140625
,2804,701,,0.4526289999485016,0.2125701904296875
,2805,701,,0.48943108320236206,0.0781402587890625
,2806,701,,0.4493572413921356,0.0941925048828125
,2807,701,,0.1703510582447052,0.27587890625
11232,,702,0.4495096206665039,,0.0
11233,,702,0.5377054214477539,,0.0
11234,,702,0.5672560334205627,,3.0517578125e-05
11235,,702,0.45084014534950256,,0.0018768310546875
11236,,702,0.36679214239120483,,0.5993804931640625
11237,,702,0.28107064962387085,,0.378448486328125
11238,,702,0.3644237816333771,,0.01556396484375
11239,,702,0.4375647008419037,,0.067230224609375
11240,,702,0.3831096291542053,,1.52587890625e-05
11241,,702,0.5373424887657166,,0.0
11242,,702,0.5522788763046265,,0.0
11243,,702,0.5480310320854187,,0.0
11244,,702,0.5113608837127686,,0.1333160400390625
11245,,702,0.3638286888599396,,0.07415771484375
11246,,702,0.5349795818328857,,0.0073699951171875
11247,,702,0.44387322664260864,,0.0608062744140625
,2808,702,,0.39872807264328003,0.2125701904296875
,2809,702,,0.5137381553649902,0.0781402587890625
,2810,702,,0.415622740983963,0.0941925048828125
,2811,702,,0.18255779147148132,0.27587890625
11248,,703,0.4744710922241211,,0.0
11249,,703,0.4252249598503113,,0.0
11250,,703,0.44729873538017273,,3.0517578125e-05
11251,,703,0.472125768661499,,0.0018768310546875
11252,,703,0.35193777084350586,,0.5993804931640625
11253,,703,0.3477553725242615,,0.378448486328125
11254,,703,0.4814611077308655,,0.01556396484375
11255,,703,0.3101024627685547,,0.067230224609375
11256,,703,0.4290580749511719,,1.52587890625e-05
11257,,703,0.5024610161781311,,0.0
11258,,703,0.45393890142440796,,0.0
11259,,703,0.5149699449539185,,0.0
11260,,703,0.320780485868454,,0.1333160400390625
11261,,703,0.5366280674934387,,0.07415771484375
11262,,703,0.3612852096557617,,0.0073699951171875
11263,,703,0.4446680545806885,,0.0608062744140625
,2812,703,,0.18362857401371002,0.2125701904296875
,2813,703,,0.45955151319503784,0.0781402587890625
,2814,703,,0.4806632995605469,0.0941925048828125
,2815,703,,0.2878415882587433,0.27587890625
11264,,704,0.48147478699684143,,0.0
