global_train_step,global_val_step,epoch,train_loss,val_loss,z
0,,0,1.8444950580596924,,
1,,0,1.2036300897598267,,
2,,0,2.063436269760132,,
3,,0,1.7507872581481934,,
4,,0,2.2482733726501465,,
5,,0,1.2590043544769287,,
6,,0,1.2084463834762573,,
7,,0,1.1642178297042847,,
8,,0,0.9947330355644226,,
9,,0,0.7988178133964539,,
10,,0,1.020930290222168,,
11,,0,1.0957751274108887,,
12,,0,1.0346508026123047,,
13,,0,1.2110950946807861,,
14,,0,0.9165915250778198,,
15,,0,0.919047474861145,,
,0,0,,0.41434383392333984,
,1,0,,0.42254453897476196,
,2,0,,0.3016962707042694,
,3,0,,0.40409502387046814,
,4,0,,0.4372129440307617,
,5,0,,0.34127935767173767,
,6,0,,0.3171461522579193,
,7,0,,0.32529741525650024,
,8,0,,0.4206286072731018,
,9,0,,0.4019201993942261,
,10,0,,0.33138507604599,
,11,0,,0.4193298816680908,
,12,0,,0.4673687815666199,
,13,0,,0.43807363510131836,
,14,0,,0.342744916677475,
,15,0,,0.5240771770477295,
16,,1,1.0165138244628906,,
17,,1,1.755873441696167,,
18,,1,1.7961491346359253,,
19,,1,0.7534421682357788,,
20,,1,1.1144301891326904,,
21,,1,0.9964035749435425,,
22,,1,0.8760287165641785,,
23,,1,1.448646068572998,,
24,,1,0.8651277422904968,,
25,,1,0.9855424761772156,,
26,,1,0.8246467113494873,,
27,,1,1.5103840827941895,,
28,,1,1.2612782716751099,,
29,,1,0.7114360332489014,,
30,,1,1.0537467002868652,,
31,,1,1.4626649618148804,,
,16,1,,0.38377833366394043,
,17,1,,0.3665456473827362,
,18,1,,0.4481486678123474,
,19,1,,0.30614957213401794,
,20,1,,0.3626033067703247,
,21,1,,0.3403864800930023,
,22,1,,0.2760102152824402,
,23,1,,0.37058573961257935,
,24,1,,0.3633814752101898,
,25,1,,0.35519716143608093,
,26,1,,0.39550769329071045,
,27,1,,0.42212456464767456,
,28,1,,0.39728522300720215,
,29,1,,0.4314832091331482,
,30,1,,0.3605870008468628,
,31,1,,0.4664915204048157,
32,,2,0.8729075193405151,,
33,,2,0.524214506149292,,
34,,2,0.6571776270866394,,
35,,2,0.6267516016960144,,
36,,2,0.716401219367981,,
37,,2,0.7170518636703491,,
38,,2,1.4360547065734863,,
39,,2,0.4913322329521179,,
40,,2,1.2475504875183105,,
41,,2,1.0284771919250488,,
42,,2,0.7158700823783875,,
43,,2,1.016852855682373,,
44,,2,0.766485333442688,,
45,,2,0.8501787185668945,,
46,,2,0.9452579021453857,,
47,,2,1.7653024196624756,,
,32,2,,0.3709038496017456,
,33,2,,0.31359660625457764,
,34,2,,0.3342318534851074,
,35,2,,0.3940056562423706,
,36,2,,0.52052241563797,
,37,2,,0.3139970302581787,
,38,2,,0.356561541557312,
,39,2,,0.3777434825897217,
,40,2,,0.4560966491699219,
,41,2,,0.26567450165748596,
,42,2,,0.28377753496170044,
,43,2,,0.35937076807022095,
,44,2,,0.3254355192184448,
,45,2,,0.2883813977241516,
,46,2,,0.3497743606567383,
,47,2,,0.35257959365844727,
48,,3,1.1231043338775635,,
49,,3,1.621610403060913,,
50,,3,0.576395571231842,,
51,,3,0.7889828681945801,,
52,,3,0.712749183177948,,
53,,3,0.8074886202812195,,
54,,3,1.1628937721252441,,
55,,3,0.9505395293235779,,
56,,3,0.4866079092025757,,
57,,3,1.0560592412948608,,
58,,3,1.4344556331634521,,
59,,3,0.5438891053199768,,
60,,3,0.6743259429931641,,
61,,3,0.9774980545043945,,
62,,3,0.7028186321258545,,
63,,3,0.502081036567688,,
,48,3,,0.4389972388744354,
,49,3,,0.4082539975643158,
,50,3,,0.45772600173950195,
,51,3,,0.42926573753356934,
,52,3,,0.3664639890193939,
,53,3,,0.47116923332214355,
,54,3,,0.3305845260620117,
,55,3,,0.31818515062332153,
,56,3,,0.39254772663116455,
,57,3,,0.402242511510849,
,58,3,,0.3872358798980713,
,59,3,,0.42349833250045776,
,60,3,,0.48944446444511414,
,61,3,,0.3712540566921234,
,62,3,,0.31967002153396606,
,63,3,,0.43424248695373535,
64,,4,1.0537571907043457,,
65,,4,0.6054127812385559,,
66,,4,0.7055380344390869,,
67,,4,1.1164816617965698,,
68,,4,0.6789911985397339,,
69,,4,0.8745600581169128,,
70,,4,0.8129357099533081,,
71,,4,0.8614683151245117,,
72,,4,0.8746480345726013,,
73,,4,0.7968028783798218,,
74,,4,0.6693302989006042,,
75,,4,0.8117144107818604,,
76,,4,0.5168905258178711,,
77,,4,1.3504228591918945,,
78,,4,0.6865744590759277,,
79,,4,0.7408332824707031,,
,64,4,,0.36312562227249146,
,65,4,,0.341732382774353,
,66,4,,0.43378424644470215,
,67,4,,0.34132522344589233,
,68,4,,0.4497225284576416,
,69,4,,0.4179455637931824,
,70,4,,0.37094610929489136,
,71,4,,0.4435977339744568,
,72,4,,0.4231467843055725,
,73,4,,0.35660994052886963,
,74,4,,0.36651238799095154,
,75,4,,0.5114650726318359,
,76,4,,0.36629733443260193,
,77,4,,0.3518013656139374,
,78,4,,0.4283580482006073,
,79,4,,0.4973052442073822,
80,,5,0.6133207082748413,,
81,,5,0.5773965120315552,,
82,,5,0.8969368934631348,,
83,,5,0.7672109603881836,,
84,,5,0.9415793418884277,,
85,,5,0.38559263944625854,,
86,,5,1.4822731018066406,,
87,,5,0.8924857378005981,,
88,,5,0.8421310186386108,,
89,,5,0.6100265383720398,,
90,,5,1.097825050354004,,
91,,5,0.7512234449386597,,
92,,5,1.2808135747909546,,
93,,5,0.7613590955734253,,
94,,5,0.6053828001022339,,
95,,5,0.8622769117355347,,
,80,5,,0.2885591685771942,
,81,5,,0.4120095670223236,
,82,5,,0.4021188020706177,
,83,5,,0.4041449725627899,
,84,5,,0.4718468189239502,
,85,5,,0.33622878789901733,
,86,5,,0.3742477297782898,
,87,5,,0.44418203830718994,
,88,5,,0.3674057722091675,
,89,5,,0.38852712512016296,
,90,5,,0.3805786967277527,
,91,5,,0.28303062915802,
,92,5,,0.32601043581962585,
,93,5,,0.3524453043937683,
,94,5,,0.33825063705444336,
,95,5,,0.3826528489589691,
96,,6,0.8432772159576416,,
97,,6,0.5532474517822266,,
98,,6,0.7116183042526245,,
99,,6,0.8988232016563416,,
100,,6,0.5532025098800659,,
101,,6,0.4414486885070801,,
102,,6,0.5311245322227478,,
103,,6,0.42188915610313416,,
104,,6,0.6551064252853394,,
105,,6,0.5805243849754333,,
106,,6,0.8022729754447937,,
107,,6,0.8313385844230652,,
108,,6,1.323889136314392,,
109,,6,0.8090817332267761,,
110,,6,1.057298183441162,,
111,,6,0.4800039529800415,,
,96,6,,0.30987080931663513,
,97,6,,0.45905742049217224,
,98,6,,0.5156505107879639,
,99,6,,0.39554476737976074,
,100,6,,0.4187202453613281,
,101,6,,0.3583185374736786,
,102,6,,0.4129668176174164,
,103,6,,0.4098581075668335,
,104,6,,0.44405293464660645,
,105,6,,0.44413065910339355,
,106,6,,0.40028107166290283,
,107,6,,0.44716963171958923,
,108,6,,0.3750576972961426,
,109,6,,0.4183627963066101,
,110,6,,0.42203736305236816,
,111,6,,0.4047834277153015,
112,,7,0.5803171992301941,,
113,,7,0.532738447189331,,
114,,7,0.8885981440544128,,
115,,7,0.717983603477478,,
116,,7,0.8932719230651855,,
117,,7,0.8005132675170898,,
118,,7,0.9811471700668335,,
119,,7,0.9261359572410583,,
120,,7,1.1507192850112915,,
121,,7,0.521354615688324,,
122,,7,1.0165998935699463,,
123,,7,0.43440207839012146,,
124,,7,0.6651204824447632,,
125,,7,1.0561988353729248,,
126,,7,0.6762148141860962,,
127,,7,0.39248764514923096,,
,112,7,,0.24060294032096863,
,113,7,,0.4545678496360779,
,114,7,,0.3808639943599701,
,115,7,,0.39492011070251465,
,116,7,,0.2472303807735443,
,117,7,,0.22706159949302673,
,118,7,,0.33276116847991943,
,119,7,,0.27047407627105713,
,120,7,,0.2752353549003601,
,121,7,,0.38279014825820923,
,122,7,,0.44364064931869507,
,123,7,,0.3637692630290985,
,124,7,,0.27613380551338196,
,125,7,,0.4321410059928894,
,126,7,,0.34532618522644043,
,127,7,,0.25727391242980957,
128,,8,0.9097310900688171,,
129,,8,0.9650022387504578,,
130,,8,0.39746031165122986,,
131,,8,1.0403711795806885,,
132,,8,0.824163556098938,,
133,,8,1.1835427284240723,,
134,,8,0.7466647624969482,,
135,,8,0.7294902205467224,,
136,,8,0.6706819534301758,,
137,,8,0.9958531856536865,,
138,,8,0.9404899477958679,,
139,,8,0.7337151765823364,,
140,,8,0.5990515947341919,,
141,,8,0.9897317886352539,,
142,,8,0.6103073954582214,,
143,,8,0.7937822341918945,,
,128,8,,0.33457064628601074,
,129,8,,0.3498415946960449,
,130,8,,0.3282882571220398,
,131,8,,0.4025093913078308,
,132,8,,0.39889347553253174,
,133,8,,0.370976060628891,
,134,8,,0.3020228147506714,
,135,8,,0.3763541877269745,
,136,8,,0.4450705051422119,
,137,8,,0.41157764196395874,
,138,8,,0.45401710271835327,
,139,8,,0.43410587310791016,
,140,8,,0.33847734332084656,
,141,8,,0.5148338675498962,
,142,8,,0.4651315212249756,
,143,8,,0.35127168893814087,
144,,9,0.9686890840530396,,
145,,9,0.8855337500572205,,
146,,9,0.7544643878936768,,
147,,9,0.8503395318984985,,
148,,9,0.4732600152492523,,
149,,9,0.845711350440979,,
150,,9,0.9101624488830566,,
151,,9,1.200456976890564,,
152,,9,0.6976075172424316,,
153,,9,0.539456844329834,,
154,,9,0.41877591609954834,,
155,,9,0.46572384238243103,,
156,,9,1.0856902599334717,,
157,,9,0.41730889678001404,,
158,,9,0.9943159818649292,,
159,,9,0.8907350301742554,,
,144,9,,0.3414197862148285,
,145,9,,0.416858434677124,
,146,9,,0.3684226870536804,
,147,9,,0.24101302027702332,
,148,9,,0.27789318561553955,
,149,9,,0.32379865646362305,
,150,9,,0.3176227807998657,
,151,9,,0.4160086512565613,
,152,9,,0.28915178775787354,
,153,9,,0.29855623841285706,
,154,9,,0.3137499988079071,
,155,9,,0.30253666639328003,
,156,9,,0.2914629578590393,
,157,9,,0.28869396448135376,
,158,9,,0.3007097542285919,
,159,9,,0.36427730321884155,
160,,10,0.813575267791748,,
161,,10,0.41114625334739685,,
162,,10,0.4267304837703705,,
163,,10,1.3891687393188477,,
164,,10,1.375800609588623,,
165,,10,0.8882257342338562,,
166,,10,0.44781947135925293,,
167,,10,0.5033887028694153,,
168,,10,0.5425140261650085,,
169,,10,0.5546360015869141,,
170,,10,1.0871294736862183,,
171,,10,0.9166495203971863,,
172,,10,0.9453243017196655,,
173,,10,0.7074522376060486,,
174,,10,0.5709197521209717,,
175,,10,0.6686301231384277,,
,160,10,,0.33303529024124146,
,161,10,,0.38594934344291687,
,162,10,,0.3789350986480713,
,163,10,,0.31850117444992065,
,164,10,,0.31208404898643494,
,165,10,,0.2336426079273224,
,166,10,,0.32989561557769775,
,167,10,,0.26940295100212097,
,168,10,,0.2697853446006775,
,169,10,,0.29831451177597046,
,170,10,,0.3645847737789154,
,171,10,,0.3355214595794678,
,172,10,,0.35771605372428894,
,173,10,,0.43362051248550415,
,174,10,,0.3543982207775116,
,175,10,,0.3568807542324066,
176,,11,0.7775353193283081,,
177,,11,0.6778578162193298,,
178,,11,0.9866005778312683,,
179,,11,0.5019018650054932,,
180,,11,0.4646623134613037,,
181,,11,1.902036428451538,,
182,,11,1.039939284324646,,
183,,11,1.1865208148956299,,
184,,11,1.166327953338623,,
185,,11,0.6865240335464478,,
186,,11,1.08477783203125,,
187,,11,0.7491410970687866,,
188,,11,0.6061031818389893,,
189,,11,0.3920914828777313,,
190,,11,0.875696063041687,,
191,,11,0.645776093006134,,
,176,11,,0.331981360912323,
,177,11,,0.2687267065048218,
,178,11,,0.24156945943832397,
,179,11,,0.3469906747341156,
,180,11,,0.30971086025238037,
,181,11,,0.29457908868789673,
,182,11,,0.2393570840358734,
,183,11,,0.3116552233695984,
,184,11,,0.3193424642086029,
,185,11,,0.31141310930252075,
,186,11,,0.2577366828918457,
,187,11,,0.41581329703330994,
,188,11,,0.24035942554473877,
,189,11,,0.26562178134918213,
,190,11,,0.32912731170654297,
,191,11,,0.29867663979530334,
192,,12,0.6327313184738159,,
193,,12,1.2683095932006836,,
194,,12,0.5931447744369507,,
195,,12,0.9392701387405396,,
196,,12,1.8545310497283936,,
197,,12,0.3913305401802063,,
198,,12,0.583620011806488,,
199,,12,0.48378515243530273,,
200,,12,0.6031280755996704,,
201,,12,0.9612986445426941,,
202,,12,0.5038926601409912,,
203,,12,1.4234213829040527,,
204,,12,0.6399343013763428,,
205,,12,0.6185625791549683,,
206,,12,0.928327739238739,,
207,,12,0.9786874651908875,,
,192,12,,0.46741771697998047,
,193,12,,0.38248157501220703,
,194,12,,0.2949630618095398,
,195,12,,0.44254931807518005,
,196,12,,0.48797178268432617,
,197,12,,0.33734577894210815,
,198,12,,0.2806544601917267,
,199,12,,0.3579818904399872,
,200,12,,0.3891274333000183,
,201,12,,0.31828853487968445,
,202,12,,0.3348176181316376,
,203,12,,0.2311735451221466,
,204,12,,0.26869550347328186,
,205,12,,0.23647849261760712,
,206,12,,0.359599769115448,
,207,12,,0.3554617762565613,
208,,13,0.9500383734703064,,
209,,13,1.279700756072998,,
210,,13,0.408397376537323,,
211,,13,0.6476291418075562,,
212,,13,0.35860639810562134,,
213,,13,0.943394124507904,,
214,,13,1.2136493921279907,,
215,,13,0.5486329793930054,,
216,,13,0.699420690536499,,
217,,13,0.4976828098297119,,
218,,13,0.8599181175231934,,
219,,13,0.7712626457214355,,
220,,13,0.9636818170547485,,
221,,13,1.0897599458694458,,
222,,13,1.1255134344100952,,
223,,13,1.0720453262329102,,
,208,13,,0.2844986319541931,
,209,13,,0.3179788589477539,
,210,13,,0.23758229613304138,
,211,13,,0.3720353841781616,
,212,13,,0.27848419547080994,
,213,13,,0.36479049921035767,
,214,13,,0.3506459593772888,
,215,13,,0.4324789047241211,
,216,13,,0.23909960687160492,
,217,13,,0.319348007440567,
,218,13,,0.3476220965385437,
,219,13,,0.36279046535491943,
,220,13,,0.2992931604385376,
,221,13,,0.33386287093162537,
,222,13,,0.2832781672477722,
,223,13,,0.36379823088645935,
224,,14,1.2698686122894287,,
225,,14,0.8879126310348511,,
226,,14,0.8695374727249146,,
227,,14,0.5364471673965454,,
228,,14,1.0539054870605469,,
229,,14,0.8438491225242615,,
230,,14,0.2560584247112274,,
231,,14,0.9721126556396484,,
232,,14,0.9626727104187012,,
233,,14,0.5738379955291748,,
234,,14,0.34493643045425415,,
235,,14,0.45398399233818054,,
236,,14,0.37908023595809937,,
237,,14,0.5516721606254578,,
238,,14,0.4531141221523285,,
239,,14,0.8426003456115723,,
,224,14,,0.3326490521430969,
,225,14,,0.37625643610954285,
,226,14,,0.3468984067440033,
,227,14,,0.286693811416626,
,228,14,,0.281025230884552,
,229,14,,0.25220608711242676,
,230,14,,0.3870140016078949,
,231,14,,0.3790343701839447,
,232,14,,0.26900553703308105,
,233,14,,0.3847809433937073,
,234,14,,0.4576382040977478,
,235,14,,0.28474995493888855,
,236,14,,0.2374345064163208,
,237,14,,0.40714120864868164,
,238,14,,0.23036889731884003,
,239,14,,0.3531035780906677,
240,,15,0.3738994300365448,,
241,,15,0.7877850532531738,,
242,,15,0.45370805263519287,,
243,,15,0.5587547421455383,,
244,,15,0.522912859916687,,
245,,15,0.498846173286438,,
246,,15,1.0339938402175903,,
247,,15,0.9788483381271362,,
248,,15,0.6925755739212036,,
249,,15,0.8660306930541992,,
250,,15,0.6410592794418335,,
251,,15,0.38342851400375366,,
252,,15,0.43029436469078064,,
253,,15,0.5615422129631042,,
254,,15,0.510127604007721,,
255,,15,0.6289340257644653,,
,240,15,,0.3005981147289276,
,241,15,,0.3060731589794159,
,242,15,,0.29258689284324646,
,243,15,,0.33278942108154297,
,244,15,,0.28914257884025574,
,245,15,,0.32304251194000244,
,246,15,,0.22074708342552185,
,247,15,,0.3379807472229004,
,248,15,,0.3035580515861511,
,249,15,,0.3153632879257202,
,250,15,,0.249342143535614,
,251,15,,0.2769618034362793,
,252,15,,0.49789780378341675,
,253,15,,0.26173830032348633,
,254,15,,0.2997948229312897,
,255,15,,0.3005891442298889,
256,,16,0.9911221265792847,,
257,,16,0.9163659811019897,,
258,,16,1.097276210784912,,
259,,16,0.8368012309074402,,
260,,16,0.7340048551559448,,
261,,16,1.0813583135604858,,
262,,16,0.6483283638954163,,
263,,16,0.8363118171691895,,
264,,16,0.4748941659927368,,
265,,16,0.9415038824081421,,
266,,16,1.0383358001708984,,
267,,16,0.6551868915557861,,
268,,16,0.772983729839325,,
269,,16,0.986416220664978,,
270,,16,0.9227032661437988,,
271,,16,0.9345792531967163,,
,256,16,,0.26569533348083496,
,257,16,,0.23236624896526337,
,258,16,,0.32982346415519714,
,259,16,,0.2780302166938782,
,260,16,,0.2951623201370239,
,261,16,,0.39832279086112976,
,262,16,,0.41155117750167847,
,263,16,,0.23035447299480438,
,264,16,,0.25082194805145264,
,265,16,,0.21522530913352966,
,266,16,,0.2562209367752075,
,267,16,,0.22552697360515594,
,268,16,,0.24414464831352234,
,269,16,,0.42054837942123413,
,270,16,,0.2707371413707733,
,271,16,,0.3223589360713959,
272,,17,0.758509635925293,,
273,,17,0.7580623626708984,,
274,,17,0.8801959753036499,,
275,,17,0.8731436133384705,,
276,,17,0.54580157995224,,
277,,17,1.0913498401641846,,
278,,17,0.9657239317893982,,
279,,17,0.6696425676345825,,
280,,17,0.6216415762901306,,
281,,17,0.3804510533809662,,
282,,17,0.7892233729362488,,
283,,17,0.9265244007110596,,
284,,17,1.1429617404937744,,
285,,17,1.279550313949585,,
286,,17,0.3878108859062195,,
287,,17,1.247540831565857,,
,272,17,,0.33341139554977417,
,273,17,,0.277741014957428,
,274,17,,0.32967159152030945,
,275,17,,0.33174869418144226,
,276,17,,0.2567281126976013,
,277,17,,0.3236164450645447,
,278,17,,0.3334663510322571,
,279,17,,0.42479562759399414,
,280,17,,0.28886911273002625,
,281,17,,0.2583790123462677,
,282,17,,0.33756110072135925,
,283,17,,0.23915605247020721,
,284,17,,0.2902247905731201,
,285,17,,0.267694890499115,
,286,17,,0.3498111367225647,
,287,17,,0.4183542728424072,
288,,18,0.558691143989563,,
289,,18,1.1879469156265259,,
290,,18,0.7781009674072266,,
291,,18,0.595379114151001,,
292,,18,0.4397379755973816,,
293,,18,0.5099782943725586,,
294,,18,1.207041621208191,,
295,,18,0.735122561454773,,
296,,18,0.7610267400741577,,
297,,18,0.7307707071304321,,
298,,18,0.9202806353569031,,
299,,18,1.0336382389068604,,
300,,18,0.6107639670372009,,
301,,18,0.6855953931808472,,
302,,18,0.6612762212753296,,
303,,18,0.5853908061981201,,
,288,18,,0.32697394490242004,
,289,18,,0.3604126572608948,
,290,18,,0.35367608070373535,
,291,18,,0.2328123152256012,
,292,18,,0.24439603090286255,
,293,18,,0.2354630082845688,
,294,18,,0.24737606942653656,
,295,18,,0.2675361633300781,
,296,18,,0.3584311604499817,
,297,18,,0.26697590947151184,
,298,18,,0.2666367292404175,
,299,18,,0.31670069694519043,
,300,18,,0.26856863498687744,
,301,18,,0.3443402945995331,
,302,18,,0.2483348846435547,
,303,18,,0.3243762254714966,
304,,19,0.7214595079421997,,
305,,19,0.6078090667724609,,
306,,19,1.1613773107528687,,
307,,19,0.6422147750854492,,
308,,19,0.9818462133407593,,
309,,19,0.7593218684196472,,
310,,19,0.679924488067627,,
311,,19,0.4994320273399353,,
312,,19,0.6381141543388367,,
313,,19,0.659813642501831,,
314,,19,1.1937227249145508,,
315,,19,0.4036564230918884,,
316,,19,0.8279300928115845,,
317,,19,0.3322398066520691,,
318,,19,1.5846585035324097,,
319,,19,1.078829288482666,,
,304,19,,0.2777010500431061,
,305,19,,0.20506606996059418,
,306,19,,0.36739394068717957,
,307,19,,0.3867042064666748,
,308,19,,0.3389589190483093,
,309,19,,0.26175856590270996,
,310,19,,0.33631831407546997,
,311,19,,0.37824535369873047,
,312,19,,0.3991735875606537,
,313,19,,0.23264145851135254,
,314,19,,0.2200435996055603,
,315,19,,0.21627375483512878,
,316,19,,0.2894164025783539,
,317,19,,0.3773047924041748,
,318,19,,0.3714069724082947,
,319,19,,0.2787936329841614,
320,,20,0.9694117307662964,,
321,,20,0.7467689514160156,,
322,,20,1.4234447479248047,,
323,,20,0.5462356209754944,,
324,,20,1.0531184673309326,,
325,,20,0.4886152446269989,,
326,,20,1.0291825532913208,,
327,,20,0.5570988059043884,,
328,,20,0.8270695209503174,,
329,,20,1.2061524391174316,,
330,,20,0.8230768442153931,,
331,,20,0.34689605236053467,,
332,,20,1.186411738395691,,
333,,20,0.3327048122882843,,
334,,20,0.35211560130119324,,
335,,20,1.2369883060455322,,
,320,20,,0.34120452404022217,
,321,20,,0.288705050945282,
,322,20,,0.3222280740737915,
,323,20,,0.35556936264038086,
,324,20,,0.3110399544239044,
,325,20,,0.29869914054870605,
,326,20,,0.2568773031234741,
,327,20,,0.32771557569503784,
,328,20,,0.32656195759773254,
,329,20,,0.3113163113594055,
,330,20,,0.2725948691368103,
,331,20,,0.2853561341762543,
,332,20,,0.32182198762893677,
,333,20,,0.3821505010128021,
,334,20,,0.2690381705760956,
,335,20,,0.2646326720714569,
336,,21,0.32092177867889404,,
337,,21,0.8802043795585632,,
338,,21,0.5736624598503113,,
339,,21,1.64274001121521,,
340,,21,0.45544952154159546,,
341,,21,0.5567958354949951,,
342,,21,0.5832580924034119,,
343,,21,0.9908157587051392,,
344,,21,1.325348138809204,,
345,,21,0.7494024038314819,,
346,,21,0.31346893310546875,,
347,,21,0.8311210870742798,,
348,,21,0.6246685981750488,,
349,,21,0.3976747393608093,,
350,,21,0.6914501190185547,,
351,,21,0.6434004306793213,,
,336,21,,0.24342402815818787,
,337,21,,0.2732510268688202,
,338,21,,0.42895182967185974,
,339,21,,0.3231496810913086,
,340,21,,0.24114426970481873,
,341,21,,0.22166705131530762,
,342,21,,0.32727813720703125,
,343,21,,0.34294623136520386,
,344,21,,0.25013983249664307,
,345,21,,0.3127874732017517,
,346,21,,0.276090145111084,
,347,21,,0.3367108106613159,
,348,21,,0.26296624541282654,
,349,21,,0.2958540916442871,
,350,21,,0.31337857246398926,
,351,21,,0.4197863042354584,
352,,22,0.7729544639587402,,
353,,22,0.4344502389431,,
354,,22,0.33699148893356323,,
355,,22,0.3864870071411133,,
356,,22,0.7161047458648682,,
357,,22,0.5824010968208313,,
358,,22,1.1551434993743896,,
359,,22,0.5341513752937317,,
360,,22,1.0338163375854492,,
361,,22,1.025893211364746,,
362,,22,1.0853290557861328,,
363,,22,1.3351283073425293,,
364,,22,0.9251927137374878,,
365,,22,0.7062866687774658,,
366,,22,0.39911088347435,,
367,,22,0.8867439031600952,,
,352,22,,0.2684209942817688,
,353,22,,0.24657443165779114,
,354,22,,0.2934483587741852,
,355,22,,0.3981320858001709,
,356,22,,0.3336949348449707,
,357,22,,0.2926332354545593,
,358,22,,0.3626125454902649,
,359,22,,0.22210852801799774,
,360,22,,0.32696908712387085,
,361,22,,0.37091708183288574,
,362,22,,0.2320522665977478,
,363,22,,0.3540353775024414,
,364,22,,0.3348940312862396,
,365,22,,0.38877439498901367,
,366,22,,0.33261609077453613,
,367,22,,0.2602730691432953,
368,,23,1.3690383434295654,,
369,,23,0.5919044613838196,,
370,,23,0.5784608125686646,,
371,,23,0.5947474241256714,,
372,,23,0.5943862795829773,,
373,,23,0.6203292608261108,,
374,,23,1.1932858228683472,,
375,,23,1.0493271350860596,,
376,,23,0.8144180178642273,,
377,,23,0.6107889413833618,,
378,,23,1.1311391592025757,,
379,,23,1.2058205604553223,,
380,,23,1.0620927810668945,,
381,,23,0.7095152735710144,,
382,,23,1.2525768280029297,,
383,,23,0.8592535853385925,,
,368,23,,0.4317586421966553,
,369,23,,0.4143607020378113,
,370,23,,0.3769721984863281,
,371,23,,0.3288649916648865,
,372,23,,0.35417526960372925,
,373,23,,0.24702775478363037,
,374,23,,0.2704821527004242,
,375,23,,0.20205551385879517,
,376,23,,0.21432870626449585,
,377,23,,0.2849079966545105,
,378,23,,0.2550765872001648,
,379,23,,0.3309367895126343,
,380,23,,0.24700169265270233,
,381,23,,0.404130220413208,
,382,23,,0.24381481111049652,
,383,23,,0.32995742559432983,
384,,24,0.6250699758529663,,
385,,24,0.8381483554840088,,
386,,24,0.9753074049949646,,
387,,24,0.6517173051834106,,
388,,24,0.36469918489456177,,
389,,24,0.5246009826660156,,
390,,24,0.4459918737411499,,
391,,24,0.6428532600402832,,
392,,24,1.1529154777526855,,
393,,24,0.957486629486084,,
394,,24,0.8458418846130371,,
395,,24,1.6610149145126343,,
396,,24,0.6324946284294128,,
397,,24,0.3625696301460266,,
398,,24,0.5303460955619812,,
399,,24,1.0374481678009033,,
,384,24,,0.20154468715190887,
,385,24,,0.3265274167060852,
,386,24,,0.24900232255458832,
,387,24,,0.3524870276451111,
,388,24,,0.36034172773361206,
,389,24,,0.316381573677063,
,390,24,,0.3956025540828705,
,391,24,,0.3266836404800415,
,392,24,,0.25711381435394287,
,393,24,,0.44103193283081055,
,394,24,,0.2822381556034088,
,395,24,,0.41838884353637695,
,396,24,,0.2128542959690094,
,397,24,,0.2916755974292755,
,398,24,,0.27248555421829224,
,399,24,,0.305184543132782,
400,,25,0.6638193130493164,,
401,,25,0.883295476436615,,
402,,25,0.9728116393089294,,
403,,25,0.910758376121521,,
404,,25,0.5050888061523438,,
405,,25,0.4156036078929901,,
406,,25,0.48048800230026245,,
407,,25,0.2740899324417114,,
408,,25,0.34473752975463867,,
409,,25,0.9137330055236816,,
410,,25,0.623365044593811,,
411,,25,0.3101223111152649,,
412,,25,1.0162042379379272,,
413,,25,1.06929612159729,,
414,,25,0.6493387222290039,,
415,,25,0.8499657511711121,,
,400,25,,0.26087498664855957,
,401,25,,0.3122352361679077,
,402,25,,0.3572467267513275,
,403,25,,0.4469078481197357,
,404,25,,0.32386910915374756,
,405,25,,0.2650466859340668,
,406,25,,0.30856725573539734,
,407,25,,0.3845345377922058,
,408,25,,0.3606800436973572,
,409,25,,0.2973068654537201,
,410,25,,0.29501867294311523,
,411,25,,0.42018231749534607,
,412,25,,0.2500085234642029,
,413,25,,0.21398936212062836,
,414,25,,0.25243446230888367,
,415,25,,0.259436696767807,
416,,26,0.6605223417282104,,
417,,26,1.6410119533538818,,
418,,26,1.2366102933883667,,
419,,26,0.5606188178062439,,
420,,26,0.896443784236908,,
421,,26,1.331261157989502,,
422,,26,0.8625714778900146,,
423,,26,0.7373444437980652,,
424,,26,1.1068017482757568,,
425,,26,1.0764873027801514,,
426,,26,0.8941836357116699,,
427,,26,0.7723678350448608,,
428,,26,0.4280570149421692,,
429,,26,1.0400220155715942,,
430,,26,0.8684393167495728,,
431,,26,0.6876968741416931,,
,416,26,,0.2719789445400238,
,417,26,,0.27154847979545593,
,418,26,,0.2586047351360321,
,419,26,,0.2624741494655609,
,420,26,,0.28537651896476746,
,421,26,,0.4055694043636322,
,422,26,,0.316327303647995,
,423,26,,0.2913118898868561,
,424,26,,0.20148305594921112,
,425,26,,0.32184743881225586,
,426,26,,0.3042503297328949,
,427,26,,0.3407289385795593,
,428,26,,0.2259061336517334,
,429,26,,0.31079214811325073,
,430,26,,0.3350529074668884,
,431,26,,0.2718113958835602,
432,,27,0.9153714179992676,,
433,,27,1.3042798042297363,,
434,,27,0.9413458704948425,,
435,,27,0.6504827737808228,,
436,,27,0.8826703429222107,,
437,,27,0.3077505826950073,,
438,,27,0.5750609636306763,,
439,,27,1.4661387205123901,,
440,,27,0.8415412306785583,,
441,,27,1.3945705890655518,,
442,,27,0.7471755743026733,,
443,,27,0.5517674684524536,,
444,,27,0.6828195452690125,,
445,,27,0.9284994602203369,,
446,,27,0.3798674941062927,,
447,,27,0.8821577429771423,,
,432,27,,0.27871209383010864,
,433,27,,0.24188551306724548,
,434,27,,0.4147030711174011,
,435,27,,0.22577303647994995,
,436,27,,0.24960558116436005,
,437,27,,0.2389938235282898,
,438,27,,0.3563177287578583,
,439,27,,0.35625943541526794,
,440,27,,0.3046405017375946,
,441,27,,0.34804052114486694,
,442,27,,0.2697145342826843,
,443,27,,0.2809377610683441,
,444,27,,0.2900257110595703,
,445,27,,0.28295332193374634,
,446,27,,0.3601572513580322,
,447,27,,0.41023215651512146,
448,,28,1.2210805416107178,,
449,,28,0.6967465281486511,,
450,,28,0.5358118414878845,,
451,,28,1.0552518367767334,,
452,,28,1.2013200521469116,,
453,,28,0.9387204051017761,,
454,,28,0.3211232125759125,,
455,,28,0.5015629529953003,,
456,,28,0.5532064437866211,,
457,,28,0.9665470123291016,,
458,,28,0.5976670384407043,,
459,,28,0.6190136671066284,,
460,,28,0.8070513010025024,,
461,,28,0.701823890209198,,
462,,28,0.5287949442863464,,
463,,28,0.7022660970687866,,
,448,28,,0.22775307297706604,
,449,28,,0.27660632133483887,
,450,28,,0.3906450867652893,
,451,28,,0.4110066890716553,
,452,28,,0.27387556433677673,
,453,28,,0.3552097678184509,
,454,28,,0.3697444200515747,
,455,28,,0.3345653712749481,
,456,28,,0.35060423612594604,
,457,28,,0.26325830817222595,
,458,28,,0.3922424018383026,
,459,28,,0.2880588173866272,
,460,28,,0.3775011897087097,
,461,28,,0.2227902114391327,
,462,28,,0.2798861265182495,
,463,28,,0.2679632008075714,
464,,29,0.5898580551147461,,
465,,29,0.40380534529685974,,
466,,29,1.0776302814483643,,
467,,29,0.9763911962509155,,
468,,29,0.3736454248428345,,
469,,29,0.38076698780059814,,
470,,29,0.3687353730201721,,
471,,29,0.47800979018211365,,
472,,29,1.1289334297180176,,
473,,29,1.1541773080825806,,
474,,29,0.39380502700805664,,
475,,29,1.078137993812561,,
476,,29,0.9661416411399841,,
477,,29,0.4687909781932831,,
478,,29,0.6827178001403809,,
479,,29,1.6492791175842285,,
,464,29,,0.33814746141433716,
,465,29,,0.23930935561656952,
,466,29,,0.3393319547176361,
,467,29,,0.3272232413291931,
,468,29,,0.4344605803489685,
,469,29,,0.37163135409355164,
,470,29,,0.4491116404533386,
,471,29,,0.22779914736747742,
,472,29,,0.3685302138328552,
,473,29,,0.32194244861602783,
,474,29,,0.3712700307369232,
,475,29,,0.3086231052875519,
,476,29,,0.2326875627040863,
,477,29,,0.4105733335018158,
,478,29,,0.46037551760673523,
,479,29,,0.3453935980796814,
480,,30,0.3687828481197357,,
481,,30,0.9403840899467468,,
482,,30,0.7327972650527954,,
483,,30,0.4189487397670746,,
484,,30,1.301447868347168,,
485,,30,0.5576472282409668,,
486,,30,0.8437119722366333,,
487,,30,0.32763969898223877,,
488,,30,0.633048951625824,,
489,,30,0.5759001970291138,,
490,,30,0.9530279040336609,,
491,,30,0.5559484362602234,,
492,,30,0.7848767042160034,,
493,,30,1.0396493673324585,,
494,,30,0.9313728213310242,,
495,,30,1.0132954120635986,,
,480,30,,0.22135107219219208,
,481,30,,0.3125411868095398,
,482,30,,0.29548412561416626,
,483,30,,0.21829867362976074,
,484,30,,0.3162097930908203,
,485,30,,0.2948456406593323,
,486,30,,0.33081334829330444,
,487,30,,0.3010653853416443,
,488,30,,0.3068464696407318,
,489,30,,0.25716668367385864,
,490,30,,0.2545509934425354,
,491,30,,0.25152963399887085,
,492,30,,0.33356988430023193,
,493,30,,0.2424147129058838,
,494,30,,0.3869582414627075,
,495,30,,0.23046378791332245,
496,,31,0.644778847694397,,
497,,31,0.5052569508552551,,
498,,31,0.7067127227783203,,
499,,31,0.2990754246711731,,
500,,31,0.5292582511901855,,
501,,31,0.7455481886863708,,
502,,31,1.0250911712646484,,
503,,31,0.36849987506866455,,
504,,31,0.5975860357284546,,
505,,31,0.5533591508865356,,
506,,31,0.37791165709495544,,
507,,31,0.6456263661384583,,
508,,31,1.0845173597335815,,
509,,31,0.6794145107269287,,
510,,31,0.7273089289665222,,
511,,31,1.7622182369232178,,
,496,31,,0.3052968382835388,
,497,31,,0.24907994270324707,
,498,31,,0.2594211995601654,
,499,31,,0.31518977880477905,
,500,31,,0.34683120250701904,
,501,31,,0.26964741945266724,
,502,31,,0.3676711320877075,
,503,31,,0.24331402778625488,
,504,31,,0.30528464913368225,
,505,31,,0.3004946708679199,
,506,31,,0.3852449059486389,
,507,31,,0.3336521089076996,
,508,31,,0.22451409697532654,
,509,31,,0.3094918429851532,
,510,31,,0.3403225839138031,
,511,31,,0.31690993905067444,
512,,32,0.8190962672233582,,
513,,32,0.8871968984603882,,
514,,32,0.5864412188529968,,
515,,32,1.1459064483642578,,
516,,32,0.5299085974693298,,
517,,32,0.7188627123832703,,
518,,32,0.5484375953674316,,
519,,32,1.1468358039855957,,
520,,32,0.9557988047599792,,
521,,32,0.6166773438453674,,
522,,32,0.7668497562408447,,
523,,32,0.42355793714523315,,
524,,32,0.9212661981582642,,
525,,32,1.043426275253296,,
526,,32,0.3499891757965088,,
527,,32,1.1314700841903687,,
,512,32,,0.37894535064697266,
,513,32,,0.31462815403938293,
,514,32,,0.33458924293518066,
,515,32,,0.3182697296142578,
,516,32,,0.32729190587997437,
,517,32,,0.34835755825042725,
,518,32,,0.31142500042915344,
,519,32,,0.3311833441257477,
,520,32,,0.25191807746887207,
,521,32,,0.21557435393333435,
,522,32,,0.4941678047180176,
,523,32,,0.2466438114643097,
,524,32,,0.3052981495857239,
,525,32,,0.35848507285118103,
,526,32,,0.2790243923664093,
,527,32,,0.2056514322757721,
528,,33,0.8381154537200928,,
529,,33,0.6607588529586792,,
530,,33,1.174774408340454,,
531,,33,0.8343311548233032,,
532,,33,0.8244690895080566,,
533,,33,0.4984593093395233,,
534,,33,0.6616868376731873,,
535,,33,0.5889022350311279,,
536,,33,0.7066782712936401,,
537,,33,0.8555917143821716,,
538,,33,0.6777753233909607,,
539,,33,0.7940858602523804,,
540,,33,0.957300066947937,,
541,,33,1.113960862159729,,
542,,33,0.40045008063316345,,
543,,33,0.980016827583313,,
,528,33,,0.29062414169311523,
,529,33,,0.3118644952774048,
,530,33,,0.25114139914512634,
,531,33,,0.26370853185653687,
,532,33,,0.26463767886161804,
,533,33,,0.3219977021217346,
,534,33,,0.40316566824913025,
,535,33,,0.3103025555610657,
,536,33,,0.23137477040290833,
,537,33,,0.32771867513656616,
,538,33,,0.30781489610671997,
,539,33,,0.29162517189979553,
,540,33,,0.2647531032562256,
,541,33,,0.21380996704101562,
,542,33,,0.3006860911846161,
,543,33,,0.3896726071834564,
544,,34,1.33610999584198,,
545,,34,0.6540912389755249,,
546,,34,0.35002899169921875,,
547,,34,0.5774081945419312,,
548,,34,0.6805503368377686,,
549,,34,0.6965019702911377,,
550,,34,0.9922870993614197,,
551,,34,0.6700860261917114,,
552,,34,0.884058952331543,,
553,,34,0.6659083366394043,,
554,,34,0.6552786231040955,,
555,,34,0.6920275092124939,,
556,,34,0.8482531309127808,,
557,,34,0.5843833088874817,,
558,,34,0.5249015688896179,,
559,,34,0.6768607497215271,,
,544,34,,0.26660922169685364,
,545,34,,0.430882066488266,
,546,34,,0.2814532518386841,
,547,34,,0.38480663299560547,
,548,34,,0.30776160955429077,
,549,34,,0.3105972409248352,
,550,34,,0.37799912691116333,
,551,34,,0.34791040420532227,
,552,34,,0.2745005786418915,
,553,34,,0.2798815369606018,
,554,34,,0.2582513988018036,
,555,34,,0.34069639444351196,
,556,34,,0.2791348695755005,
,557,34,,0.3046434819698334,
,558,34,,0.2862316370010376,
,559,34,,0.2885963022708893,
560,,35,0.7410981059074402,,
561,,35,0.7868407964706421,,
562,,35,0.7436771392822266,,
563,,35,1.3739562034606934,,
564,,35,0.6253626346588135,,
565,,35,0.880725085735321,,
566,,35,0.648550271987915,,
567,,35,1.0670950412750244,,
568,,35,0.4835796356201172,,
569,,35,0.389762818813324,,
570,,35,0.7783541679382324,,
571,,35,0.8096671104431152,,
572,,35,0.5915882587432861,,
573,,35,1.1409075260162354,,
574,,35,0.5048967599868774,,
575,,35,0.659770131111145,,
,560,35,,0.43797025084495544,
,561,35,,0.3118489980697632,
,562,35,,0.3918118476867676,
,563,35,,0.29450899362564087,
,564,35,,0.2550671696662903,
,565,35,,0.31608229875564575,
,566,35,,0.3062131106853485,
,567,35,,0.2760981023311615,
,568,35,,0.23453852534294128,
,569,35,,0.32401221990585327,
,570,35,,0.2978544235229492,
,571,35,,0.2803822457790375,
,572,35,,0.24927596747875214,
,573,35,,0.3046545684337616,
,574,35,,0.3416965901851654,
,575,35,,0.28569114208221436,
576,,36,0.6209797263145447,,
577,,36,0.4972102642059326,,
578,,36,0.49713951349258423,,
579,,36,1.1632380485534668,,
580,,36,1.1755319833755493,,
581,,36,0.6559453010559082,,
582,,36,1.4218257665634155,,
583,,36,0.7152727842330933,,
584,,36,1.1418859958648682,,
585,,36,0.37607845664024353,,
586,,36,0.44894200563430786,,
587,,36,1.2565016746520996,,
588,,36,0.5025618076324463,,
589,,36,0.9326894283294678,,
590,,36,0.3528073728084564,,
591,,36,1.1616567373275757,,
,576,36,,0.2646440267562866,
,577,36,,0.43237826228141785,
,578,36,,0.30239158868789673,
,579,36,,0.3755192458629608,
,580,36,,0.3031609058380127,
,581,36,,0.27340611815452576,
,582,36,,0.31612223386764526,
,583,36,,0.32282644510269165,
,584,36,,0.333998441696167,
,585,36,,0.3328094780445099,
,586,36,,0.2767943739891052,
,587,36,,0.24021586775779724,
,588,36,,0.4051900804042816,
,589,36,,0.2822974622249603,
,590,36,,0.38481399416923523,
,591,36,,0.31065279245376587,
592,,37,1.066209316253662,,
593,,37,0.5416600704193115,,
594,,37,0.704514741897583,,
595,,37,0.5351283550262451,,
596,,37,0.6571585536003113,,
597,,37,1.0667853355407715,,
598,,37,1.068037748336792,,
599,,37,0.2986779808998108,,
600,,37,1.0037636756896973,,
601,,37,0.8505694270133972,,
602,,37,1.0858209133148193,,
603,,37,0.9569427371025085,,
604,,37,0.6080722212791443,,
605,,37,1.0759369134902954,,
606,,37,0.664009690284729,,
607,,37,0.3683037757873535,,
,592,37,,0.37383708357810974,
,593,37,,0.2457377016544342,
,594,37,,0.30759939551353455,
,595,37,,0.33283278346061707,
,596,37,,0.3785826563835144,
,597,37,,0.26202091574668884,
,598,37,,0.34816163778305054,
,599,37,,0.26118552684783936,
,600,37,,0.2751753330230713,
,601,37,,0.25872790813446045,
,602,37,,0.3197484016418457,
,603,37,,0.2723422050476074,
,604,37,,0.249525785446167,
,605,37,,0.21383967995643616,
,606,37,,0.3280673027038574,
,607,37,,0.3241877555847168,
608,,38,0.5500400066375732,,
609,,38,0.6318033933639526,,
610,,38,0.616242527961731,,
611,,38,1.0556703805923462,,
612,,38,0.9504854679107666,,
613,,38,0.317596971988678,,
614,,38,0.6324002742767334,,
615,,38,0.6791402101516724,,
616,,38,1.0114604234695435,,
617,,38,1.0076080560684204,,
618,,38,0.4675632119178772,,
619,,38,1.3650617599487305,,
620,,38,0.4215676188468933,,
621,,38,0.7316543459892273,,
622,,38,1.293616771697998,,
623,,38,0.43627578020095825,,
,608,38,,0.2807387709617615,
,609,38,,0.262626588344574,
,610,38,,0.21321748197078705,
,611,38,,0.3029946982860565,
,612,38,,0.2526421546936035,
,613,38,,0.23431162536144257,
,614,38,,0.2824651598930359,
,615,38,,0.3246432840824127,
,616,38,,0.2840159237384796,
,617,38,,0.32892119884490967,
,618,38,,0.271126389503479,
,619,38,,0.3012733459472656,
,620,38,,0.25789493322372437,
,621,38,,0.3305283784866333,
,622,38,,0.24206499755382538,
,623,38,,0.4087061583995819,
624,,39,0.9333564639091492,,
625,,39,0.8027535676956177,,
626,,39,0.5120905041694641,,
627,,39,0.4121896028518677,,
628,,39,0.6177076101303101,,
629,,39,0.5169001817703247,,
630,,39,0.49031862616539,,
631,,39,1.2225756645202637,,
632,,39,0.4858315885066986,,
633,,39,0.9088259935379028,,
634,,39,0.5984236598014832,,
635,,39,0.7808558344841003,,
636,,39,0.6197715997695923,,
637,,39,0.5954580307006836,,
638,,39,0.9285228252410889,,
639,,39,0.7140745520591736,,
,624,39,,0.24144582450389862,
,625,39,,0.3749620318412781,
,626,39,,0.2720892131328583,
,627,39,,0.35797661542892456,
,628,39,,0.2823523283004761,
,629,39,,0.19821861386299133,
,630,39,,0.3206042945384979,
,631,39,,0.28661206364631653,
,632,39,,0.27013441920280457,
,633,39,,0.3147524893283844,
,634,39,,0.3827144503593445,
,635,39,,0.3111928701400757,
,636,39,,0.3554011285305023,
,637,39,,0.31252321600914,
,638,39,,0.42814213037490845,
,639,39,,0.20721790194511414,
640,,40,0.824649453163147,,
641,,40,0.4704534411430359,,
642,,40,0.779784083366394,,
643,,40,0.6950523257255554,,
644,,40,1.0876493453979492,,
645,,40,0.5791321992874146,,
646,,40,0.41306257247924805,,
647,,40,0.5129038095474243,,
648,,40,0.943269670009613,,
649,,40,0.5157144069671631,,
650,,40,0.8353294134140015,,
651,,40,1.436539888381958,,
652,,40,0.5391008853912354,,
653,,40,0.39004239439964294,,
654,,40,0.6971193552017212,,
655,,40,0.871220052242279,,
,640,40,,0.4122650623321533,
,641,40,,0.4341354966163635,
,642,40,,0.2824486196041107,
,643,40,,0.3149333596229553,
,644,40,,0.25585997104644775,
,645,40,,0.2668200135231018,
,646,40,,0.3757913112640381,
,647,40,,0.28098151087760925,
,648,40,,0.3094819486141205,
,649,40,,0.2852593660354614,
,650,40,,0.33650851249694824,
,651,40,,0.22512879967689514,
,652,40,,0.30975472927093506,
,653,40,,0.21079477667808533,
,654,40,,0.2444957196712494,
,655,40,,0.3833659291267395,
656,,41,0.7796310782432556,,
657,,41,1.218268632888794,,
658,,41,0.5194947719573975,,
659,,41,0.9378575086593628,,
660,,41,0.5131551027297974,,
661,,41,1.066788911819458,,
662,,41,0.6708583235740662,,
663,,41,1.1492489576339722,,
664,,41,0.3717329502105713,,
665,,41,0.7859058380126953,,
666,,41,0.5443320274353027,,
667,,41,0.7146016955375671,,
668,,41,0.8882145881652832,,
669,,41,0.3978627324104309,,
670,,41,1.1417427062988281,,
671,,41,0.5699607133865356,,
,656,41,,0.42369794845581055,
,657,41,,0.2778383195400238,
,658,41,,0.357261061668396,
,659,41,,0.231596440076828,
,660,41,,0.2789213955402374,
,661,41,,0.36184006929397583,
,662,41,,0.25910383462905884,
,663,41,,0.25602060556411743,
,664,41,,0.2509092092514038,
,665,41,,0.31913065910339355,
,666,41,,0.3329349160194397,
,667,41,,0.35868582129478455,
,668,41,,0.30275672674179077,
,669,41,,0.23514604568481445,
,670,41,,0.23888114094734192,
,671,41,,0.3582596778869629,
672,,42,0.8099861145019531,,
673,,42,0.9494403600692749,,
674,,42,0.9099802374839783,,
675,,42,1.1597856283187866,,
676,,42,1.0442676544189453,,
677,,42,1.0854828357696533,,
678,,42,0.6417496204376221,,
679,,42,0.9236716032028198,,
680,,42,0.5873281955718994,,
681,,42,0.44025111198425293,,
682,,42,0.8206700086593628,,
683,,42,1.009149193763733,,
684,,42,0.406435489654541,,
685,,42,0.3916526734828949,,
686,,42,0.26270660758018494,,
687,,42,0.7529000043869019,,
,672,42,,0.36164402961730957,
,673,42,,0.2592852711677551,
,674,42,,0.2234436273574829,
,675,42,,0.28968217968940735,
,676,42,,0.3205067813396454,
,677,42,,0.351807564496994,
,678,42,,0.2754485011100769,
,679,42,,0.306269109249115,
,680,42,,0.27081960439682007,
,681,42,,0.4679437577724457,
,682,42,,0.35002243518829346,
,683,42,,0.29057011008262634,
,684,42,,0.42455312609672546,
,685,42,,0.3016318380832672,
,686,42,,0.37082815170288086,
,687,42,,0.28145235776901245,
688,,43,1.2363497018814087,,
689,,43,0.857254683971405,,
690,,43,0.6544772386550903,,
691,,43,0.9436250925064087,,
692,,43,0.531086802482605,,
693,,43,0.9522067904472351,,
694,,43,0.733256995677948,,
695,,43,0.6757649183273315,,
696,,43,0.7559296488761902,,
697,,43,0.5933783054351807,,
698,,43,0.6764938831329346,,
699,,43,1.1128308773040771,,
700,,43,1.1818530559539795,,
701,,43,0.7326347827911377,,
702,,43,1.2542591094970703,,
703,,43,0.8928098678588867,,
,688,43,,0.2657533288002014,
,689,43,,0.26475420594215393,
,690,43,,0.343508780002594,
,691,43,,0.32707667350769043,
,692,43,,0.4390155076980591,
,693,43,,0.24259380996227264,
,694,43,,0.26781976222991943,
,695,43,,0.36272376775741577,
,696,43,,0.2371838092803955,
,697,43,,0.24357466399669647,
,698,43,,0.3322012424468994,
,699,43,,0.3054923415184021,
,700,43,,0.27316921949386597,
,701,43,,0.25514018535614014,
,702,43,,0.33306795358657837,
,703,43,,0.3996764123439789,
704,,44,0.5540862083435059,,
705,,44,0.6309092044830322,,
706,,44,0.24851137399673462,,
707,,44,0.690433919429779,,
708,,44,0.6342930197715759,,
709,,44,0.36430224776268005,,
710,,44,1.2056201696395874,,
711,,44,0.5158758163452148,,
712,,44,0.6454504728317261,,
713,,44,0.7436301112174988,,
714,,44,0.5359081625938416,,
715,,44,0.7015661597251892,,
716,,44,0.648745059967041,,
717,,44,0.7772461175918579,,
718,,44,0.6375603079795837,,
719,,44,0.7528930902481079,,
,704,44,,0.368438720703125,
,705,44,,0.2795005738735199,
,706,44,,0.32561928033828735,
,707,44,,0.32776567339897156,
,708,44,,0.36878249049186707,
,709,44,,0.4667508006095886,
,710,44,,0.37830185890197754,
,711,44,,0.27876895666122437,
,712,44,,0.28542596101760864,
,713,44,,0.2803112864494324,
,714,44,,0.34438106417655945,
,715,44,,0.3735881745815277,
,716,44,,0.2736970782279968,
,717,44,,0.24609026312828064,
,718,44,,0.23842748999595642,
,719,44,,0.3470909297466278,
720,,45,0.9732248187065125,,
721,,45,0.3675963878631592,,
722,,45,0.8646358251571655,,
723,,45,0.7373780012130737,,
724,,45,1.0428850650787354,,
725,,45,0.8633872866630554,,
726,,45,0.7715862989425659,,
727,,45,0.47782477736473083,,
728,,45,0.3970693349838257,,
729,,45,1.059927225112915,,
730,,45,0.9609203338623047,,
731,,45,0.9979488253593445,,
732,,45,0.9155848026275635,,
733,,45,0.9589977264404297,,
734,,45,0.7716061472892761,,
735,,45,0.6414742469787598,,
,720,45,,0.25887104868888855,
,721,45,,0.2415643036365509,
,722,45,,0.36164426803588867,
,723,45,,0.37715134024620056,
,724,45,,0.3497287929058075,
,725,45,,0.3057193458080292,
,726,45,,0.37235027551651,
,727,45,,0.39063629508018494,
,728,45,,0.21462766826152802,
,729,45,,0.2072565257549286,
,730,45,,0.292424738407135,
,731,45,,0.35308846831321716,
,732,45,,0.27292561531066895,
,733,45,,0.3815973699092865,
,734,45,,0.2796989381313324,
,735,45,,0.33540886640548706,
736,,46,1.8644800186157227,,
737,,46,0.47487717866897583,,
738,,46,1.0141319036483765,,
739,,46,0.3366248607635498,,
740,,46,0.6114826202392578,,
741,,46,0.5375930070877075,,
742,,46,0.8217088580131531,,
743,,46,1.2620432376861572,,
744,,46,0.8895763158798218,,
745,,46,1.1974287033081055,,
746,,46,0.638168215751648,,
747,,46,1.0354297161102295,,
748,,46,0.7500401735305786,,
749,,46,0.5906446576118469,,
750,,46,0.5884451866149902,,
751,,46,0.4931785464286804,,
,736,46,,0.28789323568344116,
,737,46,,0.31503045558929443,
,738,46,,0.25849950313568115,
,739,46,,0.2568923830986023,
,740,46,,0.3202452063560486,
,741,46,,0.25322186946868896,
,742,46,,0.2549906373023987,
,743,46,,0.2730381190776825,
,744,46,,0.2962236702442169,
,745,46,,0.2651410698890686,
,746,46,,0.32325905561447144,
,747,46,,0.24616245925426483,
,748,46,,0.2727952003479004,
,749,46,,0.39185115694999695,
,750,46,,0.40006405115127563,
,751,46,,0.3053820729255676,
752,,47,0.34786444902420044,,
753,,47,0.9546651840209961,,
754,,47,0.5312056541442871,,
755,,47,0.4501802921295166,,
756,,47,0.7472721934318542,,
757,,47,0.6735156774520874,,
758,,47,0.4869716167449951,,
759,,47,0.7807521224021912,,
760,,47,1.027791976928711,,
761,,47,0.5381817817687988,,
762,,47,0.6590051651000977,,
763,,47,0.8699074983596802,,
764,,47,0.3385404348373413,,
765,,47,1.1703153848648071,,
766,,47,0.5843133926391602,,
767,,47,0.5539291501045227,,
,752,47,,0.22180113196372986,
,753,47,,0.37677618861198425,
,754,47,,0.3160442113876343,
,755,47,,0.2091768980026245,
,756,47,,0.232094407081604,
,757,47,,0.32847604155540466,
,758,47,,0.21742427349090576,
,759,47,,0.23421475291252136,
,760,47,,0.2755211889743805,
,761,47,,0.22547094523906708,
,762,47,,0.24471406638622284,
,763,47,,0.23040175437927246,
,764,47,,0.25250667333602905,
,765,47,,0.275604248046875,
,766,47,,0.41398510336875916,
,767,47,,0.3085532784461975,
768,,48,1.1053401231765747,,
769,,48,0.8653445243835449,,
770,,48,1.2079285383224487,,
771,,48,0.3317754864692688,,
772,,48,0.3299923241138458,,
773,,48,0.7890798449516296,,
774,,48,1.1282943487167358,,
775,,48,0.6131636500358582,,
776,,48,0.6874115467071533,,
777,,48,0.9581496119499207,,
778,,48,1.2927882671356201,,
779,,48,0.3742850422859192,,
780,,48,0.7816587686538696,,
781,,48,0.36105915904045105,,
782,,48,1.4213836193084717,,
783,,48,0.8190502524375916,,
,768,48,,0.23182837665081024,
,769,48,,0.3201974630355835,
,770,48,,0.40248197317123413,
,771,48,,0.23701655864715576,
,772,48,,0.27752336859703064,
,773,48,,0.30864763259887695,
,774,48,,0.3510262668132782,
,775,48,,0.24184468388557434,
,776,48,,0.1957922875881195,
,777,48,,0.24343347549438477,
,778,48,,0.29282769560813904,
,779,48,,0.21975627541542053,
,780,48,,0.41857439279556274,
,781,48,,0.3335496187210083,
,782,48,,0.21316030621528625,
,783,48,,0.32400405406951904,
784,,49,0.5170145034790039,,
785,,49,0.6774866580963135,,
786,,49,0.6533149480819702,,
787,,49,1.0194783210754395,,
788,,49,0.48819097876548767,,
789,,49,0.6881853938102722,,
790,,49,0.8063355684280396,,
791,,49,0.7004852294921875,,
792,,49,0.5542731285095215,,
793,,49,0.45225995779037476,,
794,,49,1.0505309104919434,,
795,,49,0.6922638416290283,,
796,,49,0.9640541076660156,,
797,,49,0.4175295829772949,,
798,,49,1.5707330703735352,,
799,,49,0.6871609687805176,,
,784,49,,0.32802462577819824,
,785,49,,0.32341307401657104,
,786,49,,0.37941956520080566,
,787,49,,0.22508171200752258,
,788,49,,0.30679309368133545,
,789,49,,0.2487848997116089,
,790,49,,0.23443743586540222,
,791,49,,0.37818431854248047,
,792,49,,0.3987945020198822,
,793,49,,0.2856220304965973,
,794,49,,0.2929195165634155,
,795,49,,0.3636157512664795,
,796,49,,0.3409181237220764,
,797,49,,0.30451613664627075,
,798,49,,0.3038483262062073,
,799,49,,0.29995107650756836,
800,,50,0.838310182094574,,
801,,50,0.7318811416625977,,
802,,50,0.30900177359580994,,
803,,50,0.8826753497123718,,
804,,50,0.8846240043640137,,
805,,50,0.6771470308303833,,
806,,50,0.7058007121086121,,
807,,50,0.8688852787017822,,
808,,50,0.5870167016983032,,
809,,50,0.8212603330612183,,
810,,50,0.9578989744186401,,
811,,50,0.8142651319503784,,
812,,50,0.8979157209396362,,
813,,50,1.206050157546997,,
814,,50,1.15569269657135,,
815,,50,0.8268386721611023,,
,800,50,,0.25769731402397156,
,801,50,,0.2610854506492615,
,802,50,,0.2687210738658905,
,803,50,,0.31880518794059753,
,804,50,,0.37751835584640503,
,805,50,,0.3524865508079529,
,806,50,,0.2183447927236557,
,807,50,,0.3131135106086731,
,808,50,,0.2770429849624634,
,809,50,,0.38132235407829285,
,810,50,,0.2056421935558319,
,811,50,,0.3023676872253418,
,812,50,,0.22047215700149536,
,813,50,,0.2976560592651367,
,814,50,,0.3477747440338135,
,815,50,,0.21046499907970428,
816,,51,1.1239604949951172,,
817,,51,0.6631441116333008,,
818,,51,0.5722428560256958,,
819,,51,0.4315042197704315,,
820,,51,1.4380719661712646,,
821,,51,0.6270133852958679,,
822,,51,0.7236855030059814,,
823,,51,0.42529165744781494,,
824,,51,0.5160359740257263,,
825,,51,0.7478736639022827,,
826,,51,0.36778658628463745,,
827,,51,0.40645337104797363,,
828,,51,0.8356873393058777,,
829,,51,0.9404923915863037,,
830,,51,0.555945634841919,,
831,,51,0.6337739825248718,,
,816,51,,0.24176079034805298,
,817,51,,0.3101917505264282,
,818,51,,0.250599205493927,
,819,51,,0.39545369148254395,
,820,51,,0.31510111689567566,
,821,51,,0.21010571718215942,
,822,51,,0.23709289729595184,
,823,51,,0.34125781059265137,
,824,51,,0.3005247712135315,
,825,51,,0.2817436158657074,
,826,51,,0.3035837411880493,
,827,51,,0.30701613426208496,
,828,51,,0.37199801206588745,
,829,51,,0.32999807596206665,
,830,51,,0.2979302406311035,
,831,51,,0.24407421052455902,
832,,52,0.7289506793022156,,
833,,52,0.7292158007621765,,
834,,52,1.2282187938690186,,
835,,52,0.8006650805473328,,
836,,52,0.5618025660514832,,
837,,52,0.6922820806503296,,
838,,52,1.2945683002471924,,
839,,52,1.054201364517212,,
840,,52,0.6583465933799744,,
841,,52,0.4120616614818573,,
842,,52,0.7255038022994995,,
843,,52,0.6426252722740173,,
844,,52,0.9129190444946289,,
845,,52,0.8684825301170349,,
846,,52,0.9038902521133423,,
847,,52,0.44738778471946716,,
,832,52,,0.3136586844921112,
,833,52,,0.29599839448928833,
,834,52,,0.3024596571922302,
,835,52,,0.40906834602355957,
,836,52,,0.3771444261074066,
,837,52,,0.2117384374141693,
,838,52,,0.44064396619796753,
,839,52,,0.2393309772014618,
,840,52,,0.25882261991500854,
,841,52,,0.30713731050491333,
,842,52,,0.21247264742851257,
,843,52,,0.20063070952892303,
,844,52,,0.26445794105529785,
,845,52,,0.3666839599609375,
,846,52,,0.3356182277202606,
,847,52,,0.2825857400894165,
848,,53,0.38199514150619507,,
849,,53,1.193000316619873,,
850,,53,0.8464874625205994,,
851,,53,0.4828169345855713,,
852,,53,0.7382218241691589,,
853,,53,0.869371771812439,,
854,,53,0.6549948453903198,,
855,,53,0.5240346193313599,,
856,,53,0.4130687415599823,,
857,,53,0.882651686668396,,
858,,53,0.7272190451622009,,
859,,53,0.6537991762161255,,
860,,53,0.657891035079956,,
861,,53,1.053154706954956,,
862,,53,0.6800052523612976,,
863,,53,0.32205522060394287,,
,848,53,,0.22759780287742615,
,849,53,,0.28644147515296936,
,850,53,,0.3367200791835785,
,851,53,,0.3193289637565613,
,852,53,,0.24519263207912445,
,853,53,,0.33363670110702515,
,854,53,,0.2933560609817505,
,855,53,,0.2681114673614502,
,856,53,,0.23821189999580383,
,857,53,,0.29249629378318787,
,858,53,,0.3595213294029236,
,859,53,,0.31773895025253296,
,860,53,,0.35541900992393494,
,861,53,,0.377061128616333,
,862,53,,0.29126712679862976,
,863,53,,0.2672901749610901,
864,,54,0.6808457374572754,,
865,,54,1.3000028133392334,,
866,,54,0.7877506017684937,,
867,,54,0.759088933467865,,
868,,54,0.9728908538818359,,
869,,54,0.2761475741863251,,
870,,54,1.196319341659546,,
871,,54,0.61656653881073,,
872,,54,0.9917404055595398,,
873,,54,0.9371312856674194,,
874,,54,0.5447587966918945,,
875,,54,0.5664539337158203,,
876,,54,0.8847529888153076,,
877,,54,0.962997317314148,,
878,,54,0.8580982089042664,,
879,,54,0.6881071925163269,,
,864,54,,0.2350071668624878,
,865,54,,0.36983761191368103,
,866,54,,0.33264732360839844,
,867,54,,0.2958793044090271,
,868,54,,0.354705810546875,
,869,54,,0.33995628356933594,
,870,54,,0.302356481552124,
,871,54,,0.34815555810928345,
,872,54,,0.24032162129878998,
,873,54,,0.24190160632133484,
,874,54,,0.27586764097213745,
,875,54,,0.2706288695335388,
,876,54,,0.26005125045776367,
,877,54,,0.28530585765838623,
,878,54,,0.32977819442749023,
,879,54,,0.2686197757720947,
880,,55,0.5639383792877197,,
881,,55,0.5392153263092041,,
882,,55,0.5653188824653625,,
883,,55,0.680766761302948,,
884,,55,0.9430725574493408,,
885,,55,1.2469795942306519,,
886,,55,0.7693229913711548,,
887,,55,1.090030550956726,,
888,,55,1.0228466987609863,,
889,,55,0.38539594411849976,,
890,,55,0.8044025897979736,,
891,,55,0.6683738231658936,,
892,,55,0.4573003053665161,,
893,,55,1.2992453575134277,,
894,,55,0.5737746953964233,,
895,,55,0.6406320929527283,,
,880,55,,0.33577215671539307,
,881,55,,0.3020053505897522,
,882,55,,0.21634364128112793,
,883,55,,0.3394789397716522,
,884,55,,0.21331334114074707,
,885,55,,0.44464418292045593,
,886,55,,0.23603032529354095,
,887,55,,0.25797417759895325,
,888,55,,0.30961644649505615,
,889,55,,0.3453300893306732,
,890,55,,0.21138980984687805,
,891,55,,0.3416121006011963,
,892,55,,0.2681496739387512,
,893,55,,0.37412747740745544,
,894,55,,0.33820682764053345,
,895,55,,0.21338903903961182,
896,,56,1.598524808883667,,
897,,56,0.4713643491268158,,
898,,56,0.3011053800582886,,
899,,56,1.1697989702224731,,
900,,56,0.4831194281578064,,
901,,56,0.7209392786026001,,
902,,56,0.6840741038322449,,
903,,56,0.7111856341362,,
904,,56,0.4976395070552826,,
905,,56,0.8528628349304199,,
906,,56,0.905375599861145,,
907,,56,0.7700648307800293,,
908,,56,1.3166477680206299,,
909,,56,0.6168144941329956,,
910,,56,0.7177144885063171,,
911,,56,0.41341227293014526,,
,896,56,,0.39112329483032227,
,897,56,,0.3317786455154419,
,898,56,,0.24624674022197723,
,899,56,,0.3131011426448822,
,900,56,,0.43274635076522827,
,901,56,,0.3995143175125122,
,902,56,,0.268367737531662,
,903,56,,0.32820460200309753,
,904,56,,0.2167680710554123,
,905,56,,0.23160609602928162,
,906,56,,0.21068349480628967,
,907,56,,0.39187729358673096,
,908,56,,0.4272795617580414,
,909,56,,0.2746926248073578,
,910,56,,0.3582293689250946,
,911,56,,0.3077356815338135,
912,,57,0.7166640162467957,,
913,,57,0.6743793487548828,,
914,,57,0.8216447830200195,,
915,,57,0.9661555290222168,,
916,,57,0.40730875730514526,,
917,,57,0.436145156621933,,
918,,57,0.5916674137115479,,
919,,57,1.128962755203247,,
920,,57,0.6693000197410583,,
921,,57,0.6871446967124939,,
922,,57,0.843453586101532,,
923,,57,0.42125651240348816,,
924,,57,0.8828856348991394,,
925,,57,0.9140619039535522,,
926,,57,0.6717007160186768,,
927,,57,0.7073487043380737,,
,912,57,,0.30993402004241943,
,913,57,,0.4611625075340271,
,914,57,,0.31931254267692566,
,915,57,,0.3290955424308777,
,916,57,,0.2298523634672165,
,917,57,,0.310188889503479,
,918,57,,0.309174507856369,
,919,57,,0.28005632758140564,
,920,57,,0.25847363471984863,
,921,57,,0.28706496953964233,
,922,57,,0.25657951831817627,
,923,57,,0.2350221574306488,
,924,57,,0.2880809009075165,
,925,57,,0.3898528516292572,
,926,57,,0.24017155170440674,
,927,57,,0.32103002071380615,
928,,58,1.2126121520996094,,
929,,58,0.5838528871536255,,
930,,58,0.9057332277297974,,
931,,58,0.4310663640499115,,
932,,58,0.9754976034164429,,
933,,58,0.5350285172462463,,
934,,58,0.6011679172515869,,
935,,58,0.5035106539726257,,
936,,58,0.37492167949676514,,
937,,58,0.5332651138305664,,
938,,58,0.7375682592391968,,
939,,58,0.6313924193382263,,
940,,58,0.3966660499572754,,
941,,58,0.5682222843170166,,
942,,58,0.659546971321106,,
943,,58,0.4810868203639984,,
,928,58,,0.4510429799556732,
,929,58,,0.40915268659591675,
,930,58,,0.339836061000824,
,931,58,,0.33105236291885376,
,932,58,,0.24208472669124603,
,933,58,,0.3258289694786072,
,934,58,,0.29630619287490845,
,935,58,,0.2913554310798645,
,936,58,,0.3051780164241791,
,937,58,,0.29766595363616943,
,938,58,,0.3089483380317688,
,939,58,,0.25904762744903564,
,940,58,,0.28138673305511475,
,941,58,,0.2051921933889389,
,942,58,,0.20970790088176727,
,943,58,,0.2530117630958557,
944,,59,0.25842201709747314,,
945,,59,0.5523073673248291,,
946,,59,0.5447697043418884,,
947,,59,0.6512171030044556,,
948,,59,0.9571115970611572,,
949,,59,1.3041590452194214,,
950,,59,0.34185415506362915,,
951,,59,0.6831573843955994,,
952,,59,0.6614620685577393,,
953,,59,0.7200795412063599,,
954,,59,0.36655324697494507,,
955,,59,1.441319465637207,,
956,,59,0.7852853536605835,,
957,,59,0.4471125304698944,,
958,,59,0.5948059558868408,,
959,,59,0.7111682891845703,,
,944,59,,0.23249301314353943,
,945,59,,0.2319394052028656,
,946,59,,0.43129071593284607,
,947,59,,0.2747575640678406,
,948,59,,0.38602161407470703,
,949,59,,0.2426222860813141,
,950,59,,0.29495373368263245,
,951,59,,0.2968018352985382,
,952,59,,0.3005436956882477,
,953,59,,0.39492639899253845,
,954,59,,0.32370680570602417,
,955,59,,0.3455880880355835,
,956,59,,0.29867076873779297,
,957,59,,0.40868133306503296,
,958,59,,0.23345784842967987,
,959,59,,0.31024691462516785,
960,,60,0.5765901803970337,,
961,,60,0.4139403700828552,,
962,,60,0.5020910501480103,,
963,,60,1.0381585359573364,,
964,,60,0.7523476481437683,,
965,,60,0.4605143964290619,,
966,,60,1.0395065546035767,,
967,,60,0.42816051840782166,,
968,,60,1.528430700302124,,
969,,60,0.6267501711845398,,
970,,60,1.2060835361480713,,
971,,60,0.4046221673488617,,
972,,60,0.6485491991043091,,
973,,60,0.6872950792312622,,
974,,60,0.577934980392456,,
975,,60,0.7569736242294312,,
,960,60,,0.4017142653465271,
,961,60,,0.28244996070861816,
,962,60,,0.21034076809883118,
,963,60,,0.2064254879951477,
,964,60,,0.2844243049621582,
,965,60,,0.22257563471794128,
,966,60,,0.3008998930454254,
,967,60,,0.21408399939537048,
,968,60,,0.3215668797492981,
,969,60,,0.27311205863952637,
,970,60,,0.41315120458602905,
,971,60,,0.2523384690284729,
,972,60,,0.30122125148773193,
,973,60,,0.22806790471076965,
,974,60,,0.29591476917266846,
,975,60,,0.3982944190502167,
976,,61,0.9417999982833862,,
977,,61,0.5356883406639099,,
978,,61,0.4652007520198822,,
979,,61,0.7345232963562012,,
980,,61,0.8286218643188477,,
981,,61,0.4254467487335205,,
982,,61,0.6411980390548706,,
983,,61,0.9538351893424988,,
984,,61,0.7595278024673462,,
985,,61,0.5770694017410278,,
986,,61,0.63358473777771,,
987,,61,0.6225122809410095,,
988,,61,0.5619906187057495,,
989,,61,1.120422601699829,,
990,,61,0.536812424659729,,
991,,61,0.3116740584373474,,
,976,61,,0.25369665026664734,
,977,61,,0.4208599925041199,
,978,61,,0.37322795391082764,
,979,61,,0.24487905204296112,
,980,61,,0.3059508502483368,
,981,61,,0.20660459995269775,
,982,61,,0.5303762555122375,
,983,61,,0.28247612714767456,
,984,61,,0.19986741244792938,
,985,61,,0.29200464487075806,
,986,61,,0.24874334037303925,
,987,61,,0.2972921133041382,
,988,61,,0.3912336826324463,
,989,61,,0.241208016872406,
,990,61,,0.4399448335170746,
,991,61,,0.30122101306915283,
992,,62,0.7174385786056519,,
993,,62,0.36789119243621826,,
994,,62,0.6999622583389282,,
995,,62,1.273813247680664,,
996,,62,0.6843129992485046,,
997,,62,1.210004448890686,,
998,,62,1.1809847354888916,,
999,,62,0.8403174877166748,,
1000,,62,1.1970720291137695,,
1001,,62,1.477726936340332,,
1002,,62,1.039409875869751,,
1003,,62,0.39667248725891113,,
1004,,62,0.6798264384269714,,
1005,,62,0.6933357119560242,,
1006,,62,1.0535664558410645,,
1007,,62,0.9076361656188965,,
,992,62,,0.27927571535110474,
,993,62,,0.3524302840232849,
,994,62,,0.25780993700027466,
,995,62,,0.24069075286388397,
,996,62,,0.3066641092300415,
,997,62,,0.3688814342021942,
,998,62,,0.35623687505722046,
,999,62,,0.2515535056591034,
,1000,62,,0.3839949071407318,
,1001,62,,0.33225464820861816,
,1002,62,,0.25242510437965393,
,1003,62,,0.321291983127594,
,1004,62,,0.23866836726665497,
,1005,62,,0.23869852721691132,
,1006,62,,0.37994715571403503,
,1007,62,,0.3389475345611572,
1008,,63,1.0364874601364136,,
1009,,63,0.9596562385559082,,
1010,,63,0.8407143950462341,,
1011,,63,0.5719614028930664,,
1012,,63,0.9349942207336426,,
1013,,63,0.4509730339050293,,
1014,,63,0.49384984374046326,,
1015,,63,0.725486159324646,,
1016,,63,0.9434472918510437,,
1017,,63,0.7354214191436768,,
1018,,63,0.5351113080978394,,
1019,,63,0.533980131149292,,
1020,,63,1.036838173866272,,
1021,,63,1.1512948274612427,,
1022,,63,0.583778977394104,,
1023,,63,1.1109782457351685,,
,1008,63,,0.29673585295677185,
,1009,63,,0.25445377826690674,
,1010,63,,0.3719441294670105,
,1011,63,,0.29971590638160706,
,1012,63,,0.2516574263572693,
,1013,63,,0.2678786516189575,
,1014,63,,0.20723050832748413,
,1015,63,,0.31580543518066406,
,1016,63,,0.33685940504074097,
,1017,63,,0.3619067072868347,
,1018,63,,0.2140064835548401,
,1019,63,,0.27306684851646423,
,1020,63,,0.328601211309433,
,1021,63,,0.33900660276412964,
,1022,63,,0.2477099746465683,
,1023,63,,0.3022070825099945,
1024,,64,0.7838587164878845,,
1025,,64,0.493577778339386,,
1026,,64,0.6702674627304077,,
1027,,64,0.7491719722747803,,
1028,,64,0.6588748693466187,,
1029,,64,0.863935649394989,,
1030,,64,0.5143523812294006,,
1031,,64,0.4395070970058441,,
1032,,64,1.0168638229370117,,
1033,,64,0.7231693267822266,,
1034,,64,0.5003229379653931,,
1035,,64,0.6179426312446594,,
1036,,64,0.4595324993133545,,
1037,,64,1.6923348903656006,,
1038,,64,0.887303352355957,,
1039,,64,0.7635616064071655,,
,1024,64,,0.4073069989681244,
,1025,64,,0.2514054775238037,
,1026,64,,0.39269933104515076,
,1027,64,,0.24588707089424133,
,1028,64,,0.32738935947418213,
,1029,64,,0.349041223526001,
,1030,64,,0.2878999412059784,
,1031,64,,0.3959130048751831,
,1032,64,,0.27028942108154297,
,1033,64,,0.3257880210876465,
,1034,64,,0.2643163204193115,
,1035,64,,0.2730974555015564,
,1036,64,,0.2745538651943207,
,1037,64,,0.3701021075248718,
,1038,64,,0.2936238944530487,
,1039,64,,0.2966243028640747,
1040,,65,0.4490174651145935,,
1041,,65,0.29880809783935547,,
1042,,65,0.5602487325668335,,
1043,,65,0.5393822193145752,,
1044,,65,0.7104288935661316,,
1045,,65,1.0152522325515747,,
1046,,65,0.6388750076293945,,
1047,,65,0.6523388624191284,,
1048,,65,0.4949134588241577,,
1049,,65,0.572917103767395,,
1050,,65,0.4027877748012543,,
1051,,65,0.2791343331336975,,
1052,,65,0.4401644468307495,,
1053,,65,1.0225683450698853,,
1054,,65,0.6462341547012329,,
1055,,65,0.7219955921173096,,
,1040,65,,0.5233466625213623,
,1041,65,,0.29574090242385864,
,1042,65,,0.27009278535842896,
,1043,65,,0.3522724509239197,
,1044,65,,0.3016706705093384,
,1045,65,,0.3287838101387024,
,1046,65,,0.38355010747909546,
,1047,65,,0.3928545415401459,
,1048,65,,0.30585789680480957,
,1049,65,,0.24604038894176483,
,1050,65,,0.38509780168533325,
,1051,65,,0.2847232222557068,
,1052,65,,0.2970733344554901,
,1053,65,,0.30617237091064453,
,1054,65,,0.21178631484508514,
,1055,65,,0.27286213636398315,
1056,,66,0.6691133975982666,,
1057,,66,0.354229211807251,,
1058,,66,0.5722943544387817,,
1059,,66,1.2933804988861084,,
1060,,66,0.6176571846008301,,
1061,,66,0.8584432005882263,,
1062,,66,0.8608192205429077,,
1063,,66,0.43688544631004333,,
1064,,66,0.6533451080322266,,
1065,,66,1.3246946334838867,,
1066,,66,0.6540160179138184,,
1067,,66,0.531320333480835,,
1068,,66,0.7358176112174988,,
1069,,66,0.3306065499782562,,
1070,,66,0.41264766454696655,,
1071,,66,0.7666999697685242,,
,1056,66,,0.19587549567222595,
,1057,66,,0.31286129355430603,
,1058,66,,0.21465586125850677,
,1059,66,,0.3428989052772522,
,1060,66,,0.29642197489738464,
,1061,66,,0.1973772943019867,
,1062,66,,0.26560166478157043,
,1063,66,,0.2884089946746826,
,1064,66,,0.24849507212638855,
,1065,66,,0.276366651058197,
,1066,66,,0.2615375518798828,
,1067,66,,0.3539862632751465,
,1068,66,,0.4804106652736664,
,1069,66,,0.3112160563468933,
,1070,66,,0.2804492115974426,
,1071,66,,0.2544286251068115,
1072,,67,0.49934953451156616,,
1073,,67,0.3566442131996155,,
1074,,67,0.8114289045333862,,
1075,,67,0.9210026264190674,,
1076,,67,0.9932272434234619,,
1077,,67,0.9385026693344116,,
1078,,67,0.7911927103996277,,
1079,,67,0.6241815090179443,,
1080,,67,0.4811945855617523,,
1081,,67,1.0632927417755127,,
1082,,67,0.574293851852417,,
1083,,67,0.6815904974937439,,
1084,,67,1.3112940788269043,,
1085,,67,0.532913088798523,,
1086,,67,0.538895845413208,,
1087,,67,0.4472340941429138,,
,1072,67,,0.30656394362449646,
,1073,67,,0.19594937562942505,
,1074,67,,0.3620944023132324,
,1075,67,,0.28409644961357117,
,1076,67,,0.4203612208366394,
,1077,67,,0.2515592873096466,
,1078,67,,0.28178054094314575,
,1079,67,,0.3558844327926636,
,1080,67,,0.26433265209198,
,1081,67,,0.3617372214794159,
,1082,67,,0.2742730379104614,
,1083,67,,0.3403111398220062,
,1084,67,,0.24077260494232178,
,1085,67,,0.38251206278800964,
,1086,67,,0.26367121934890747,
,1087,67,,0.3372412919998169,
1088,,68,1.045243740081787,,
1089,,68,0.837973952293396,,
1090,,68,0.6207183599472046,,
1091,,68,0.6229221820831299,,
1092,,68,0.7312449216842651,,
1093,,68,0.5197781920433044,,
1094,,68,0.5320721864700317,,
1095,,68,0.8027557730674744,,
1096,,68,0.7563170790672302,,
1097,,68,1.1202633380889893,,
1098,,68,0.7366134524345398,,
1099,,68,0.35932108759880066,,
1100,,68,1.287635326385498,,
1101,,68,0.30849796533584595,,
1102,,68,0.906444251537323,,
1103,,68,0.7647141814231873,,
,1088,68,,0.2881527245044708,
,1089,68,,0.2985134720802307,
,1090,68,,0.2625451982021332,
,1091,68,,0.20605191588401794,
,1092,68,,0.2916812300682068,
,1093,68,,0.40731173753738403,
,1094,68,,0.35198602080345154,
,1095,68,,0.30268552899360657,
,1096,68,,0.272989958524704,
,1097,68,,0.26649874448776245,
,1098,68,,0.2542436718940735,
,1099,68,,0.34048327803611755,
,1100,68,,0.23912553489208221,
,1101,68,,0.21182748675346375,
,1102,68,,0.20725685358047485,
,1103,68,,0.21600358188152313,
1104,,69,0.7164233922958374,,
1105,,69,1.283544898033142,,
1106,,69,1.214922308921814,,
1107,,69,0.6585489511489868,,
1108,,69,0.6328378915786743,,
1109,,69,0.6542643904685974,,
1110,,69,1.2805216312408447,,
1111,,69,0.6624523997306824,,
1112,,69,0.3056640028953552,,
1113,,69,0.5702831149101257,,
1114,,69,1.2561241388320923,,
1115,,69,0.4252626895904541,,
1116,,69,0.7268711924552917,,
1117,,69,0.5706430673599243,,
1118,,69,0.9065289497375488,,
1119,,69,0.6148347854614258,,
,1104,69,,0.3449312150478363,
,1105,69,,0.2996458113193512,
,1106,69,,0.3705049455165863,
,1107,69,,0.34188657999038696,
,1108,69,,0.2019813060760498,
,1109,69,,0.2760728895664215,
,1110,69,,0.30702680349349976,
,1111,69,,0.333596408367157,
,1112,69,,0.2274547815322876,
,1113,69,,0.2949643135070801,
,1114,69,,0.20537152886390686,
,1115,69,,0.25379952788352966,
,1116,69,,0.2544389069080353,
,1117,69,,0.19786278903484344,
,1118,69,,0.3210570812225342,
,1119,69,,0.3326829671859741,
1120,,70,1.1118371486663818,,
1121,,70,0.6149333715438843,,
1122,,70,0.5703536868095398,,
1123,,70,0.4055919051170349,,
1124,,70,0.6390945315361023,,
1125,,70,0.5778881311416626,,
1126,,70,0.6965345144271851,,
1127,,70,0.8719207644462585,,
1128,,70,0.7578146457672119,,
1129,,70,0.4103604257106781,,
1130,,70,0.5881038904190063,,
1131,,70,0.8374096155166626,,
1132,,70,0.5642203092575073,,
1133,,70,0.6597475409507751,,
1134,,70,1.2384757995605469,,
1135,,70,0.507973849773407,,
,1120,70,,0.29148176312446594,
,1121,70,,0.2650512158870697,
,1122,70,,0.25559207797050476,
,1123,70,,0.2967268228530884,
,1124,70,,0.20623645186424255,
,1125,70,,0.4194512963294983,
,1126,70,,0.4315914809703827,
,1127,70,,0.28467005491256714,
,1128,70,,0.29668599367141724,
,1129,70,,0.2868138551712036,
,1130,70,,0.3453998565673828,
,1131,70,,0.3748703896999359,
,1132,70,,0.2992081940174103,
,1133,70,,0.2591788172721863,
,1134,70,,0.29899144172668457,
,1135,70,,0.19555091857910156,
1136,,71,0.9853434562683105,,
1137,,71,0.706668496131897,,
1138,,71,0.720206618309021,,
1139,,71,0.7795289754867554,,
1140,,71,0.38805127143859863,,
1141,,71,0.3926340937614441,,
1142,,71,0.7216246128082275,,
1143,,71,0.7466761469841003,,
1144,,71,0.520371675491333,,
1145,,71,0.8239771723747253,,
1146,,71,0.309659868478775,,
1147,,71,0.6629816889762878,,
1148,,71,0.6464640498161316,,
1149,,71,0.5768222808837891,,
1150,,71,1.0056644678115845,,
1151,,71,1.2494477033615112,,
,1136,71,,0.21003197133541107,
,1137,71,,0.35008275508880615,
,1138,71,,0.3194635212421417,
,1139,71,,0.3175838887691498,
,1140,71,,0.2557671368122101,
,1141,71,,0.24520203471183777,
,1142,71,,0.21810469031333923,
,1143,71,,0.31371450424194336,
,1144,71,,0.30679792165756226,
,1145,71,,0.24653129279613495,
,1146,71,,0.31017786264419556,
,1147,71,,0.27442848682403564,
,1148,71,,0.22186046838760376,
,1149,71,,0.3166177272796631,
,1150,71,,0.2748802900314331,
,1151,71,,0.4789486825466156,
1152,,72,0.7852768898010254,,
1153,,72,0.6337298154830933,,
1154,,72,1.2264471054077148,,
1155,,72,0.5397068858146667,,
1156,,72,0.7057327628135681,,
1157,,72,0.7194254398345947,,
1158,,72,0.9772958755493164,,
1159,,72,0.3074396848678589,,
1160,,72,0.6901990175247192,,
1161,,72,0.49128371477127075,,
1162,,72,0.8422712087631226,,
1163,,72,0.7361485362052917,,
1164,,72,0.6958112716674805,,
1165,,72,0.5367807745933533,,
1166,,72,1.2730555534362793,,
1167,,72,0.5335326194763184,,
,1152,72,,0.2844984233379364,
,1153,72,,0.22521047294139862,
,1154,72,,0.31456896662712097,
,1155,72,,0.3132334053516388,
,1156,72,,0.3492215871810913,
,1157,72,,0.2851860225200653,
,1158,72,,0.3387591540813446,
,1159,72,,0.2613849341869354,
,1160,72,,0.31166204810142517,
,1161,72,,0.4099571704864502,
,1162,72,,0.2941374182701111,
,1163,72,,0.22490942478179932,
,1164,72,,0.21829044818878174,
,1165,72,,0.33135950565338135,
,1166,72,,0.282516211271286,
,1167,72,,0.2510417103767395,
1168,,73,0.8428594470024109,,
1169,,73,0.3125258684158325,,
1170,,73,0.457038015127182,,
1171,,73,0.9364923238754272,,
1172,,73,0.22926895320415497,,
1173,,73,0.6128760576248169,,
1174,,73,0.5030543804168701,,
1175,,73,0.6384249925613403,,
1176,,73,0.9920519590377808,,
1177,,73,0.7725183367729187,,
1178,,73,0.8143898248672485,,
1179,,73,0.8940272331237793,,
1180,,73,0.4047045409679413,,
1181,,73,1.0996577739715576,,
1182,,73,0.5895933508872986,,
1183,,73,0.8197714686393738,,
,1168,73,,0.1990744173526764,
,1169,73,,0.30543169379234314,
,1170,73,,0.25984716415405273,
,1171,73,,0.19516083598136902,
,1172,73,,0.22769761085510254,
,1173,73,,0.42890188097953796,
,1174,73,,0.26015517115592957,
,1175,73,,0.2804360091686249,
,1176,73,,0.2875705361366272,
,1177,73,,0.3056952953338623,
,1178,73,,0.3312505781650543,
,1179,73,,0.243168443441391,
,1180,73,,0.34792396426200867,
,1181,73,,0.24419504404067993,
,1182,73,,0.23367056250572205,
,1183,73,,0.24925053119659424,
1184,,74,1.1111174821853638,,
1185,,74,1.3159921169281006,,
1186,,74,0.5529546737670898,,
1187,,74,0.41936442255973816,,
1188,,74,0.5248745679855347,,
1189,,74,0.8628605604171753,,
1190,,74,0.35125017166137695,,
1191,,74,0.355668842792511,,
1192,,74,1.4014286994934082,,
1193,,74,0.921622633934021,,
1194,,74,0.6706510782241821,,
1195,,74,1.772463083267212,,
1196,,74,0.7047684192657471,,
1197,,74,0.4893684387207031,,
1198,,74,0.8534743189811707,,
1199,,74,0.5683750510215759,,
,1184,74,,0.2481721043586731,
,1185,74,,0.3371092677116394,
,1186,74,,0.30220118165016174,
,1187,74,,0.2179398238658905,
,1188,74,,0.2771220803260803,
,1189,74,,0.22602874040603638,
,1190,74,,0.26078706979751587,
,1191,74,,0.36014580726623535,
,1192,74,,0.34689590334892273,
,1193,74,,0.3869261145591736,
,1194,74,,0.3499218821525574,
,1195,74,,0.37999019026756287,
,1196,74,,0.39333516359329224,
,1197,74,,0.4242320954799652,
,1198,74,,0.29166674613952637,
,1199,74,,0.26322388648986816,
1200,,75,0.5831677913665771,,
1201,,75,0.6472065448760986,,
1202,,75,0.5751459002494812,,
1203,,75,0.9208564758300781,,
1204,,75,1.963714599609375,,
1205,,75,0.5603924989700317,,
1206,,75,0.9568526148796082,,
1207,,75,0.39868873357772827,,
1208,,75,0.6899046897888184,,
1209,,75,0.4546053409576416,,
1210,,75,0.6038862466812134,,
1211,,75,0.3175073564052582,,
1212,,75,0.7314660549163818,,
1213,,75,0.9583465456962585,,
1214,,75,0.6053785681724548,,
1215,,75,1.3168202638626099,,
,1200,75,,0.2740482687950134,
,1201,75,,0.33334076404571533,
,1202,75,,0.2920215129852295,
,1203,75,,0.32835468649864197,
,1204,75,,0.3636278808116913,
,1205,75,,0.2466379851102829,
,1206,75,,0.22485476732254028,
,1207,75,,0.24250154197216034,
,1208,75,,0.20780542492866516,
,1209,75,,0.19875872135162354,
,1210,75,,0.3240785300731659,
,1211,75,,0.2500026226043701,
,1212,75,,0.4540279805660248,
,1213,75,,0.36828821897506714,
,1214,75,,0.2507808208465576,
,1215,75,,0.20046794414520264,
1216,,76,0.8379639983177185,,
1217,,76,0.9082123041152954,,
1218,,76,0.5496756434440613,,
1219,,76,0.34936684370040894,,
1220,,76,1.294413447380066,,
1221,,76,0.6858605146408081,,
1222,,76,0.5633689761161804,,
1223,,76,1.1610918045043945,,
1224,,76,1.6441659927368164,,
1225,,76,0.28533634543418884,,
1226,,76,0.8101641535758972,,
1227,,76,0.4985663890838623,,
1228,,76,0.7177680730819702,,
1229,,76,0.7189664840698242,,
1230,,76,0.7521774768829346,,
1231,,76,0.8365721702575684,,
,1216,76,,0.37708014249801636,
,1217,76,,0.23920387029647827,
,1218,76,,0.19144240021705627,
,1219,76,,0.2698121666908264,
,1220,76,,0.2078666090965271,
,1221,76,,0.24588267505168915,
,1222,76,,0.19395039975643158,
,1223,76,,0.21974270045757294,
,1224,76,,0.33815091848373413,
,1225,76,,0.29454323649406433,
,1226,76,,0.2320292890071869,
,1227,76,,0.2961811423301697,
,1228,76,,0.29942238330841064,
,1229,76,,0.3740081191062927,
,1230,76,,0.30223971605300903,
,1231,76,,0.22972910106182098,
1232,,77,0.5444642305374146,,
1233,,77,1.269101619720459,,
1234,,77,1.1479395627975464,,
1235,,77,0.9814926385879517,,
1236,,77,0.9788545370101929,,
1237,,77,1.2279537916183472,,
1238,,77,0.6466220617294312,,
1239,,77,0.9408259391784668,,
1240,,77,0.8215869665145874,,
1241,,77,0.5845771431922913,,
1242,,77,0.680640697479248,,
1243,,77,1.3754737377166748,,
1244,,77,0.4292723536491394,,
1245,,77,0.3436518907546997,,
1246,,77,0.3539222180843353,,
1247,,77,0.6902443766593933,,
,1232,77,,0.30387988686561584,
,1233,77,,0.421497642993927,
,1234,77,,0.23708105087280273,
,1235,77,,0.2697535753250122,
,1236,77,,0.2945619821548462,
,1237,77,,0.19839321076869965,
,1238,77,,0.38497596979141235,
,1239,77,,0.34622323513031006,
,1240,77,,0.24623644351959229,
,1241,77,,0.27785977721214294,
,1242,77,,0.28072866797447205,
,1243,77,,0.40838003158569336,
,1244,77,,0.3854934573173523,
,1245,77,,0.3517554998397827,
,1246,77,,0.3114623427391052,
,1247,77,,0.2257869690656662,
1248,,78,0.9451783895492554,,
1249,,78,1.0600923299789429,,
1250,,78,0.4790428578853607,,
1251,,78,0.4408192038536072,,
1252,,78,0.48178547620773315,,
1253,,78,0.9537572860717773,,
1254,,78,0.4191368818283081,,
1255,,78,0.49870213866233826,,
1256,,78,0.4615006446838379,,
1257,,78,1.0563743114471436,,
1258,,78,0.9080065488815308,,
1259,,78,0.45288676023483276,,
1260,,78,0.5850714445114136,,
1261,,78,1.1291154623031616,,
1262,,78,1.027038335800171,,
1263,,78,0.7506406307220459,,
,1248,78,,0.2975245714187622,
,1249,78,,0.28211891651153564,
,1250,78,,0.20134131610393524,
,1251,78,,0.2558508515357971,
,1252,78,,0.2939830720424652,
,1253,78,,0.3439912796020508,
,1254,78,,0.25140470266342163,
,1255,78,,0.4144594669342041,
,1256,78,,0.29832708835601807,
,1257,78,,0.33368605375289917,
,1258,78,,0.2493480145931244,
,1259,78,,0.2567583918571472,
,1260,78,,0.19858503341674805,
,1261,78,,0.19811570644378662,
,1262,78,,0.22264860570430756,
,1263,78,,0.39474040269851685,
1264,,79,0.36573612689971924,,
1265,,79,1.174347162246704,,
1266,,79,0.40910252928733826,,
1267,,79,1.6549724340438843,,
1268,,79,0.5355679988861084,,
1269,,79,0.7707746028900146,,
1270,,79,0.7391566634178162,,
1271,,79,0.5835475325584412,,
1272,,79,0.5875953435897827,,
1273,,79,0.5109739303588867,,
1274,,79,0.7886528968811035,,
1275,,79,0.5411676168441772,,
1276,,79,1.100554347038269,,
1277,,79,0.642207145690918,,
1278,,79,0.3462197184562683,,
1279,,79,0.4452798068523407,,
,1264,79,,0.29938405752182007,
,1265,79,,0.2117021679878235,
,1266,79,,0.2737462818622589,
,1267,79,,0.27445361018180847,
,1268,79,,0.30402103066444397,
,1269,79,,0.3199850022792816,
,1270,79,,0.37151655554771423,
,1271,79,,0.31354546546936035,
,1272,79,,0.2060784548521042,
,1273,79,,0.23770451545715332,
,1274,79,,0.2342301458120346,
,1275,79,,0.32235461473464966,
,1276,79,,0.20822793245315552,
,1277,79,,0.2372278869152069,
,1278,79,,0.3217902183532715,
,1279,79,,0.46549364924430847,
1280,,80,1.0973585844039917,,
1281,,80,0.5595867037773132,,
1282,,80,0.290294885635376,,
1283,,80,1.2120728492736816,,
1284,,80,0.6050766110420227,,
1285,,80,0.3037998378276825,,
1286,,80,0.6781487464904785,,
1287,,80,1.0036725997924805,,
1288,,80,0.4170609414577484,,
1289,,80,0.44165968894958496,,
1290,,80,0.8504002094268799,,
1291,,80,0.283279150724411,,
1292,,80,1.3431966304779053,,
1293,,80,0.46412837505340576,,
1294,,80,0.9883723258972168,,
1295,,80,0.36989521980285645,,
,1280,80,,0.2463121861219406,
,1281,80,,0.19995421171188354,
,1282,80,,0.29381251335144043,
,1283,80,,0.34218329191207886,
,1284,80,,0.28414273262023926,
,1285,80,,0.31699854135513306,
,1286,80,,0.32383257150650024,
,1287,80,,0.34262746572494507,
,1288,80,,0.32656875252723694,
,1289,80,,0.20929566025733948,
,1290,80,,0.308241069316864,
,1291,80,,0.36988627910614014,
,1292,80,,0.2746008038520813,
,1293,80,,0.27343738079071045,
,1294,80,,0.2523305416107178,
,1295,80,,0.3591126799583435,
1296,,81,0.8393096327781677,,
1297,,81,0.5153380632400513,,
1298,,81,0.7420186996459961,,
1299,,81,0.625023603439331,,
1300,,81,0.5704380869865417,,
1301,,81,0.749858558177948,,
1302,,81,0.5706579685211182,,
1303,,81,0.7963244915008545,,
1304,,81,0.4356740117073059,,
1305,,81,0.6297281980514526,,
1306,,81,0.724837064743042,,
1307,,81,1.1856679916381836,,
1308,,81,0.39852017164230347,,
1309,,81,0.7537702918052673,,
1310,,81,0.6048294305801392,,
1311,,81,0.717910647392273,,
,1296,81,,0.2989668548107147,
,1297,81,,0.4356818199157715,
,1298,81,,0.22125503420829773,
,1299,81,,0.3972513675689697,
,1300,81,,0.33541926741600037,
,1301,81,,0.34906429052352905,
,1302,81,,0.2768588662147522,
,1303,81,,0.25194844603538513,
,1304,81,,0.27195608615875244,
,1305,81,,0.32032132148742676,
,1306,81,,0.3146175146102905,
,1307,81,,0.3527604043483734,
,1308,81,,0.31859952211380005,
,1309,81,,0.2724340260028839,
,1310,81,,0.23227177560329437,
,1311,81,,0.23103100061416626,
1312,,82,0.8070659637451172,,
1313,,82,0.2898893356323242,,
1314,,82,0.5702866315841675,,
1315,,82,0.48843345046043396,,
1316,,82,0.6964391469955444,,
1317,,82,0.8856896162033081,,
1318,,82,0.67945396900177,,
1319,,82,0.3440183401107788,,
1320,,82,0.8354365825653076,,
1321,,82,0.5441246032714844,,
1322,,82,0.953294038772583,,
1323,,82,0.9230400919914246,,
1324,,82,0.8433322906494141,,
1325,,82,1.2567319869995117,,
1326,,82,0.6404773592948914,,
1327,,82,0.762325644493103,,
,1312,82,,0.1943785399198532,
,1313,82,,0.28627118468284607,
,1314,82,,0.28420326113700867,
,1315,82,,0.3382064700126648,
,1316,82,,0.33121615648269653,
,1317,82,,0.35841745138168335,
,1318,82,,0.2574346959590912,
,1319,82,,0.29775816202163696,
,1320,82,,0.2637943923473358,
,1321,82,,0.2706732749938965,
,1322,82,,0.3096303939819336,
,1323,82,,0.32974475622177124,
,1324,82,,0.2613244950771332,
,1325,82,,0.24948452413082123,
,1326,82,,0.2765944004058838,
,1327,82,,0.4193415641784668,
1328,,83,0.8682016134262085,,
1329,,83,0.7044005393981934,,
1330,,83,0.5343514680862427,,
1331,,83,0.9253778457641602,,
1332,,83,0.7167718410491943,,
1333,,83,0.5208126902580261,,
1334,,83,0.49770671129226685,,
1335,,83,0.8251813650131226,,
1336,,83,0.9008747935295105,,
1337,,83,1.0892839431762695,,
1338,,83,0.9173690676689148,,
1339,,83,0.4498755633831024,,
1340,,83,0.5727655291557312,,
1341,,83,0.6568481922149658,,
1342,,83,1.0633589029312134,,
1343,,83,0.568737804889679,,
,1328,83,,0.2679058611392975,
,1329,83,,0.27470940351486206,
,1330,83,,0.34125667810440063,
,1331,83,,0.3730948567390442,
,1332,83,,0.21812717616558075,
,1333,83,,0.3091479539871216,
,1334,83,,0.19794774055480957,
,1335,83,,0.1977458894252777,
,1336,83,,0.3538086414337158,
,1337,83,,0.2844090163707733,
,1338,83,,0.2990141808986664,
,1339,83,,0.20801478624343872,
,1340,83,,0.3492015600204468,
,1341,83,,0.319746732711792,
,1342,83,,0.23110876977443695,
,1343,83,,0.3523727357387543,
1344,,84,1.089911699295044,,
1345,,84,0.4588193893432617,,
1346,,84,0.9331490397453308,,
1347,,84,0.5618230700492859,,
1348,,84,0.872911810874939,,
1349,,84,0.9033135175704956,,
1350,,84,0.9822182059288025,,
1351,,84,0.8941582441329956,,
1352,,84,0.9423472881317139,,
1353,,84,0.9417498111724854,,
1354,,84,0.7269443273544312,,
1355,,84,0.7349700927734375,,
1356,,84,0.4216233193874359,,
1357,,84,0.7077416777610779,,
1358,,84,0.48598623275756836,,
1359,,84,0.6610089540481567,,
,1344,84,,0.2595405578613281,
,1345,84,,0.3610552251338959,
,1346,84,,0.43771231174468994,
,1347,84,,0.31809815764427185,
,1348,84,,0.19306544959545135,
,1349,84,,0.39185792207717896,
,1350,84,,0.25173234939575195,
,1351,84,,0.2176026552915573,
,1352,84,,0.2357988804578781,
,1353,84,,0.25100213289260864,
,1354,84,,0.3229541778564453,
,1355,84,,0.27444642782211304,
,1356,84,,0.24054071307182312,
,1357,84,,0.2555025815963745,
,1358,84,,0.3049151301383972,
,1359,84,,0.3071134090423584,
1360,,85,0.5171754360198975,,
1361,,85,0.7918791770935059,,
1362,,85,0.744011402130127,,
1363,,85,0.7845677137374878,,
1364,,85,0.8983702659606934,,
1365,,85,0.8903836011886597,,
1366,,85,0.657234787940979,,
1367,,85,0.6750513911247253,,
1368,,85,0.3361324965953827,,
1369,,85,0.5303788185119629,,
1370,,85,0.3940698504447937,,
1371,,85,0.40681636333465576,,
1372,,85,0.6902480125427246,,
1373,,85,0.5211646556854248,,
1374,,85,0.6228575110435486,,
1375,,85,0.7126852869987488,,
,1360,85,,0.2793367803096771,
,1361,85,,0.2833535969257355,
,1362,85,,0.3042793273925781,
,1363,85,,0.2252931296825409,
,1364,85,,0.3816402852535248,
,1365,85,,0.2956549823284149,
,1366,85,,0.2252206802368164,
,1367,85,,0.3262859582901001,
,1368,85,,0.31521719694137573,
,1369,85,,0.33000513911247253,
,1370,85,,0.21484902501106262,
,1371,85,,0.33941811323165894,
,1372,85,,0.30157381296157837,
,1373,85,,0.35006093978881836,
,1374,85,,0.2249300181865692,
,1375,85,,0.3534625470638275,
1376,,86,0.9561641216278076,,
1377,,86,0.6288405656814575,,
1378,,86,0.8529636263847351,,
1379,,86,0.8185164332389832,,
1380,,86,0.48042547702789307,,
1381,,86,0.8748199939727783,,
1382,,86,0.6355860233306885,,
1383,,86,0.5243308544158936,,
1384,,86,1.3949213027954102,,
1385,,86,0.6941932439804077,,
1386,,86,0.43370017409324646,,
1387,,86,0.350423663854599,,
1388,,86,0.3827812671661377,,
1389,,86,0.8376293182373047,,
1390,,86,0.426666796207428,,
1391,,86,0.7289338111877441,,
,1376,86,,0.241469606757164,
,1377,86,,0.3153430223464966,
,1378,86,,0.2433980405330658,
,1379,86,,0.29140380024909973,
,1380,86,,0.3248403072357178,
,1381,86,,0.2470451295375824,
,1382,86,,0.34396934509277344,
,1383,86,,0.1917191445827484,
,1384,86,,0.26044318079948425,
,1385,86,,0.30395156145095825,
,1386,86,,0.24737344682216644,
,1387,86,,0.2275891751050949,
,1388,86,,0.2866504192352295,
,1389,86,,0.43543943762779236,
,1390,86,,0.256019651889801,
,1391,86,,0.20960740745067596,
1392,,87,0.4794304370880127,,
1393,,87,0.8696883916854858,,
1394,,87,0.46420174837112427,,
1395,,87,0.5739829540252686,,
1396,,87,0.7147210836410522,,
1397,,87,0.9795340299606323,,
1398,,87,0.6440346240997314,,
1399,,87,0.7983517050743103,,
1400,,87,0.4861270785331726,,
1401,,87,0.9452759623527527,,
1402,,87,1.3358577489852905,,
1403,,87,0.5158724784851074,,
1404,,87,1.102312684059143,,
1405,,87,0.800191342830658,,
1406,,87,0.5523390173912048,,
1407,,87,0.8759996294975281,,
,1392,87,,0.34625348448753357,
,1393,87,,0.21727800369262695,
,1394,87,,0.2808288037776947,
,1395,87,,0.27776265144348145,
,1396,87,,0.23103395104408264,
,1397,87,,0.39519405364990234,
,1398,87,,0.3133423924446106,
,1399,87,,0.3313022553920746,
,1400,87,,0.25537246465682983,
,1401,87,,0.2529858946800232,
,1402,87,,0.20855912566184998,
,1403,87,,0.2463729828596115,
,1404,87,,0.24567711353302002,
,1405,87,,0.23651200532913208,
,1406,87,,0.42122790217399597,
,1407,87,,0.2885395884513855,
1408,,88,0.7267242670059204,,
1409,,88,1.0839123725891113,,
1410,,88,1.208476185798645,,
1411,,88,0.3938557803630829,,
1412,,88,0.5106334686279297,,
1413,,88,0.48471176624298096,,
1414,,88,1.1923428773880005,,
1415,,88,0.5380238890647888,,
1416,,88,0.8732001185417175,,
1417,,88,1.0670405626296997,,
1418,,88,0.6892369985580444,,
1419,,88,0.6119343042373657,,
1420,,88,0.858501136302948,,
1421,,88,0.5446996688842773,,
1422,,88,0.6676033735275269,,
1423,,88,0.8929745554924011,,
,1408,88,,0.3185752332210541,
,1409,88,,0.23536281287670135,
,1410,88,,0.39020484685897827,
,1411,88,,0.19700676202774048,
,1412,88,,0.24015560746192932,
,1413,88,,0.2764226496219635,
,1414,88,,0.33040618896484375,
,1415,88,,0.3376392126083374,
,1416,88,,0.312465637922287,
,1417,88,,0.2622619867324829,
,1418,88,,0.2620660960674286,
,1419,88,,0.37672823667526245,
,1420,88,,0.2628684639930725,
,1421,88,,0.30387312173843384,
,1422,88,,0.20330922305583954,
,1423,88,,0.41582804918289185,
1424,,89,0.18290065228939056,,
1425,,89,0.6754254698753357,,
1426,,89,0.5424184799194336,,
1427,,89,0.9952942728996277,,
1428,,89,0.5753650665283203,,
1429,,89,0.665884256362915,,
1430,,89,0.7961010932922363,,
1431,,89,0.31371647119522095,,
1432,,89,0.6721285581588745,,
1433,,89,0.35453006625175476,,
1434,,89,0.8962752223014832,,
1435,,89,0.7582854628562927,,
1436,,89,0.5578663349151611,,
1437,,89,0.39623427391052246,,
1438,,89,0.3852982521057129,,
1439,,89,0.5895048379898071,,
,1424,89,,0.232029527425766,
,1425,89,,0.23513929545879364,
,1426,89,,0.2333282083272934,
,1427,89,,0.3216537833213806,
,1428,89,,0.3808474540710449,
,1429,89,,0.3830195367336273,
,1430,89,,0.26000404357910156,
,1431,89,,0.29921436309814453,
,1432,89,,0.2897857427597046,
,1433,89,,0.3021199703216553,
,1434,89,,0.31395646929740906,
,1435,89,,0.21343247592449188,
,1436,89,,0.32802367210388184,
,1437,89,,0.3042566776275635,
,1438,89,,0.2715814709663391,
,1439,89,,0.2349679172039032,
1440,,90,0.6939260363578796,,
1441,,90,1.0807106494903564,,
1442,,90,0.5996866226196289,,
1443,,90,0.43630799651145935,,
1444,,90,1.0693929195404053,,
1445,,90,0.26313453912734985,,
1446,,90,0.7831881046295166,,
1447,,90,0.6787204742431641,,
1448,,90,1.0396461486816406,,
1449,,90,0.629086434841156,,
1450,,90,0.8559626340866089,,
1451,,90,0.9009582996368408,,
1452,,90,0.615808367729187,,
1453,,90,0.42236775159835815,,
1454,,90,0.8799823522567749,,
1455,,90,0.6257733106613159,,
,1440,90,,0.40325701236724854,
,1441,90,,0.3124179244041443,
,1442,90,,0.2683236002922058,
,1443,90,,0.28667151927948,
,1444,90,,0.3223491907119751,
,1445,90,,0.29671579599380493,
,1446,90,,0.3259071707725525,
,1447,90,,0.29808399081230164,
,1448,90,,0.33122631907463074,
,1449,90,,0.29115980863571167,
,1450,90,,0.29238271713256836,
,1451,90,,0.28439536690711975,
,1452,90,,0.33041369915008545,
,1453,90,,0.24743060767650604,
,1454,90,,0.3099483251571655,
,1455,90,,0.22430634498596191,
1456,,91,0.5600078105926514,,
1457,,91,0.41344332695007324,,
1458,,91,0.7923726439476013,,
1459,,91,1.3397748470306396,,
1460,,91,0.3863794207572937,,
1461,,91,0.7540761828422546,,
1462,,91,1.1883012056350708,,
1463,,91,1.011326789855957,,
1464,,91,0.773067831993103,,
1465,,91,0.736869215965271,,
1466,,91,0.6049264073371887,,
1467,,91,0.6689419150352478,,
1468,,91,1.0706827640533447,,
1469,,91,0.38722729682922363,,
1470,,91,0.6751543283462524,,
1471,,91,0.5459187030792236,,
,1456,91,,0.48436403274536133,
,1457,91,,0.3196060061454773,
,1458,91,,0.4237668514251709,
,1459,91,,0.25741875171661377,
,1460,91,,0.2069072425365448,
,1461,91,,0.26315370202064514,
,1462,91,,0.2589493989944458,
,1463,91,,0.26012706756591797,
,1464,91,,0.2850513458251953,
,1465,91,,0.27269452810287476,
,1466,91,,0.29032158851623535,
,1467,91,,0.20665311813354492,
,1468,91,,0.3233684301376343,
,1469,91,,0.23187807202339172,
,1470,91,,0.33071041107177734,
,1471,91,,0.2519117295742035,
1472,,92,0.6799740791320801,,
1473,,92,0.6174450516700745,,
1474,,92,0.7136923670768738,,
1475,,92,1.1941958665847778,,
1476,,92,0.6630001068115234,,
1477,,92,0.7972292900085449,,
1478,,92,0.5743598341941833,,
1479,,92,0.8444830775260925,,
1480,,92,0.860704779624939,,
1481,,92,0.716776967048645,,
1482,,92,0.6019236445426941,,
1483,,92,1.297534704208374,,
1484,,92,0.5434445142745972,,
1485,,92,0.5892334580421448,,
1486,,92,0.5559793710708618,,
1487,,92,0.9798002243041992,,
,1472,92,,0.30625540018081665,
,1473,92,,0.20348584651947021,
,1474,92,,0.348792165517807,
,1475,92,,0.22906503081321716,
,1476,92,,0.21901413798332214,
,1477,92,,0.33322593569755554,
,1478,92,,0.2131763994693756,
,1479,92,,0.2659299373626709,
,1480,92,,0.31184297800064087,
,1481,92,,0.21098963916301727,
,1482,92,,0.2637423872947693,
,1483,92,,0.24625751376152039,
,1484,92,,0.2722741365432739,
,1485,92,,0.33424779772758484,
,1486,92,,0.3367723822593689,
,1487,92,,0.28849560022354126,
1488,,93,1.026606559753418,,
1489,,93,0.8205704689025879,,
1490,,93,1.410905361175537,,
1491,,93,0.5086686611175537,,
1492,,93,0.9214286804199219,,
1493,,93,0.5742255449295044,,
1494,,93,0.7791399955749512,,
1495,,93,0.7869744300842285,,
1496,,93,0.59821617603302,,
1497,,93,1.0293248891830444,,
1498,,93,0.7474991083145142,,
1499,,93,0.6016048789024353,,
1500,,93,1.1415247917175293,,
1501,,93,0.46927326917648315,,
1502,,93,0.6944765448570251,,
1503,,93,0.4682266116142273,,
,1488,93,,0.3718118369579315,
,1489,93,,0.2589492201805115,
,1490,93,,0.4345904588699341,
,1491,93,,0.24899014830589294,
,1492,93,,0.28861507773399353,
,1493,93,,0.21054929494857788,
,1494,93,,0.21321992576122284,
,1495,93,,0.2611323893070221,
,1496,93,,0.32976147532463074,
,1497,93,,0.2647080421447754,
,1498,93,,0.3709825873374939,
,1499,93,,0.20370595157146454,
,1500,93,,0.24884268641471863,
,1501,93,,0.2507116496562958,
,1502,93,,0.3096497654914856,
,1503,93,,0.2199949473142624,
1504,,94,0.4177100658416748,,
1505,,94,0.7740412950515747,,
1506,,94,0.5113188624382019,,
1507,,94,1.167095422744751,,
1508,,94,0.3179132044315338,,
1509,,94,0.8151565790176392,,
1510,,94,0.4498710334300995,,
1511,,94,0.8346826434135437,,
1512,,94,0.6430236101150513,,
1513,,94,1.4534358978271484,,
1514,,94,1.3284544944763184,,
1515,,94,0.5587397813796997,,
1516,,94,0.9371406435966492,,
1517,,94,0.8926374316215515,,
1518,,94,0.8829944133758545,,
1519,,94,1.1486811637878418,,
,1504,94,,0.2984057366847992,
,1505,94,,0.28355079889297485,
,1506,94,,0.2806759476661682,
,1507,94,,0.443962424993515,
,1508,94,,0.2959190607070923,
,1509,94,,0.2179414927959442,
,1510,94,,0.2546764016151428,
,1511,94,,0.28569817543029785,
,1512,94,,0.36856478452682495,
,1513,94,,0.31385624408721924,
,1514,94,,0.1944529116153717,
,1515,94,,0.27707403898239136,
,1516,94,,0.23088493943214417,
,1517,94,,0.22037015855312347,
,1518,94,,0.2404739111661911,
,1519,94,,0.23925185203552246,
1520,,95,1.065624475479126,,
1521,,95,0.873733639717102,,
1522,,95,0.8435401916503906,,
1523,,95,0.3803959786891937,,
1524,,95,1.1037943363189697,,
1525,,95,0.9877588152885437,,
1526,,95,0.3935246467590332,,
1527,,95,0.5565502047538757,,
1528,,95,0.5570091009140015,,
1529,,95,0.3475118577480316,,
1530,,95,0.7727923393249512,,
1531,,95,1.311098575592041,,
1532,,95,0.713695228099823,,
1533,,95,0.7870756983757019,,
1534,,95,0.9477598071098328,,
1535,,95,0.7779740691184998,,
,1520,95,,0.26068663597106934,
,1521,95,,0.28407880663871765,
,1522,95,,0.2700051963329315,
,1523,95,,0.3303515315055847,
,1524,95,,0.35350534319877625,
,1525,95,,0.2981680631637573,
,1526,95,,0.2424209713935852,
,1527,95,,0.2981595993041992,
,1528,95,,0.38201475143432617,
,1529,95,,0.25450465083122253,
,1530,95,,0.3966052234172821,
,1531,95,,0.2943440079689026,
,1532,95,,0.3149164915084839,
,1533,95,,0.5288475751876831,
,1534,95,,0.2252691686153412,
,1535,95,,0.25733309984207153,
1536,,96,0.7119213342666626,,
1537,,96,0.8614539504051208,,
1538,,96,0.6434595584869385,,
1539,,96,1.0970196723937988,,
1540,,96,0.5532854795455933,,
1541,,96,0.5182827711105347,,
1542,,96,0.6775678396224976,,
1543,,96,1.4972124099731445,,
1544,,96,0.3593152165412903,,
1545,,96,0.9419205188751221,,
1546,,96,1.0495586395263672,,
1547,,96,0.8437308073043823,,
1548,,96,0.6473699808120728,,
1549,,96,0.6352255344390869,,
1550,,96,0.5854835510253906,,
1551,,96,0.9172337055206299,,
,1536,96,,0.2507851719856262,
,1537,96,,0.4085005223751068,
,1538,96,,0.3412312865257263,
,1539,96,,0.1983504295349121,
,1540,96,,0.2854498028755188,
,1541,96,,0.25349360704421997,
,1542,96,,0.19451241195201874,
,1543,96,,0.350323885679245,
,1544,96,,0.273243248462677,
,1545,96,,0.27885234355926514,
,1546,96,,0.2644655704498291,
,1547,96,,0.29482829570770264,
,1548,96,,0.2435738742351532,
,1549,96,,0.21379278600215912,
,1550,96,,0.29028257727622986,
,1551,96,,0.1982458084821701,
1552,,97,0.775929868221283,,
1553,,97,1.1277496814727783,,
1554,,97,0.9629773497581482,,
1555,,97,0.9923577308654785,,
1556,,97,0.9857994914054871,,
1557,,97,0.5284333229064941,,
1558,,97,0.7897993922233582,,
1559,,97,0.7558908462524414,,
1560,,97,0.23896175622940063,,
1561,,97,0.8719800710678101,,
1562,,97,1.1974509954452515,,
1563,,97,0.346275269985199,,
1564,,97,0.6551298499107361,,
1565,,97,0.6478708982467651,,
1566,,97,0.6233010292053223,,
1567,,97,0.6578280925750732,,
,1552,97,,0.2239377349615097,
,1553,97,,0.40815410017967224,
,1554,97,,0.29683569073677063,
,1555,97,,0.21441420912742615,
,1556,97,,0.2025720477104187,
,1557,97,,0.3430038392543793,
,1558,97,,0.3056355118751526,
,1559,97,,0.3837941586971283,
,1560,97,,0.2976781725883484,
,1561,97,,0.36055633425712585,
,1562,97,,0.34291523694992065,
,1563,97,,0.28941163420677185,
,1564,97,,0.29701733589172363,
,1565,97,,0.3653050363063812,
,1566,97,,0.3092648983001709,
,1567,97,,0.35074371099472046,
1568,,98,0.5584821701049805,,
1569,,98,0.3477548062801361,,
1570,,98,0.5727184414863586,,
1571,,98,1.2169373035430908,,
1572,,98,0.43956857919692993,,
1573,,98,0.6024114489555359,,
1574,,98,0.39055562019348145,,
1575,,98,0.38251757621765137,,
1576,,98,0.4873886704444885,,
1577,,98,0.7974269390106201,,
1578,,98,0.6278735399246216,,
1579,,98,0.6804245710372925,,
1580,,98,0.30951833724975586,,
1581,,98,0.9946510195732117,,
1582,,98,0.5662058591842651,,
1583,,98,0.3778926134109497,,
,1568,98,,0.27780669927597046,
,1569,98,,0.2756558656692505,
,1570,98,,0.19353936612606049,
,1571,98,,0.35844773054122925,
,1572,98,,0.2570613622665405,
,1573,98,,0.2981165647506714,
,1574,98,,0.33598005771636963,
,1575,98,,0.29171445965766907,
,1576,98,,0.34278497099876404,
,1577,98,,0.3100684881210327,
,1578,98,,0.2618582546710968,
,1579,98,,0.298866331577301,
,1580,98,,0.3440060019493103,
,1581,98,,0.24491438269615173,
,1582,98,,0.34536489844322205,
,1583,98,,0.30375969409942627,
1584,,99,1.1589182615280151,,
1585,,99,0.6042777895927429,,
1586,,99,0.6392040252685547,,
1587,,99,1.0552589893341064,,
1588,,99,0.43011054396629333,,
1589,,99,0.9875163435935974,,
1590,,99,0.8677672743797302,,
1591,,99,0.3376743793487549,,
1592,,99,0.45853644609451294,,
1593,,99,1.0958815813064575,,
1594,,99,0.9802009463310242,,
1595,,99,0.6709162592887878,,
1596,,99,0.9262575507164001,,
1597,,99,1.2962037324905396,,
1598,,99,0.33701950311660767,,
1599,,99,0.7638670802116394,,
,1584,99,,0.23559638857841492,
,1585,99,,0.20679545402526855,
,1586,99,,0.36453932523727417,
,1587,99,,0.32767242193222046,
,1588,99,,0.31642043590545654,
,1589,99,,0.3351753354072571,
,1590,99,,0.32956305146217346,
,1591,99,,0.2978397607803345,
,1592,99,,0.24073927104473114,
,1593,99,,0.20773497223854065,
,1594,99,,0.398337721824646,
,1595,99,,0.30508139729499817,
,1596,99,,0.277388334274292,
,1597,99,,0.22714605927467346,
,1598,99,,0.20754778385162354,
,1599,99,,0.21086221933364868,
1600,,100,0.583351731300354,,
1601,,100,1.109807014465332,,
1602,,100,0.38312864303588867,,
1603,,100,0.6755959391593933,,
1604,,100,0.6616411209106445,,
1605,,100,0.41024643182754517,,
1606,,100,0.41557812690734863,,
1607,,100,0.6477841138839722,,
1608,,100,0.7737048864364624,,
1609,,100,0.7181718349456787,,
1610,,100,0.3012922406196594,,
1611,,100,0.40978333353996277,,
1612,,100,0.9743204116821289,,
1613,,100,0.3245559334754944,,
1614,,100,0.6943937540054321,,
1615,,100,0.4026739001274109,,
,1600,100,,0.25824761390686035,
,1601,100,,0.23480957746505737,
,1602,100,,0.3473634719848633,
,1603,100,,0.3476036489009857,
,1604,100,,0.29901206493377686,
,1605,100,,0.2996826171875,
,1606,100,,0.21368849277496338,
,1607,100,,0.22406288981437683,
,1608,100,,0.2173919379711151,
,1609,100,,0.3251866400241852,
,1610,100,,0.33531975746154785,
,1611,100,,0.2023915946483612,
,1612,100,,0.24945759773254395,
,1613,100,,0.3325248062610626,
,1614,100,,0.21459686756134033,
,1615,100,,0.2683357298374176,
1616,,101,0.8702394366264343,,
1617,,101,0.5347294211387634,,
1618,,101,0.9273456335067749,,
1619,,101,0.8373823165893555,,
1620,,101,0.729681670665741,,
1621,,101,0.6040878891944885,,
1622,,101,0.33908820152282715,,
1623,,101,0.9176590442657471,,
1624,,101,0.6095522046089172,,
1625,,101,1.005204677581787,,
1626,,101,1.6141538619995117,,
1627,,101,0.9329915046691895,,
1628,,101,1.0120127201080322,,
1629,,101,0.7455126047134399,,
1630,,101,0.5282514691352844,,
1631,,101,0.8675915002822876,,
,1616,101,,0.34279388189315796,
,1617,101,,0.24658790230751038,
,1618,101,,0.3485456109046936,
,1619,101,,0.31560808420181274,
,1620,101,,0.30334845185279846,
,1621,101,,0.2199086993932724,
,1622,101,,0.246612548828125,
,1623,101,,0.3983461260795593,
,1624,101,,0.23270541429519653,
,1625,101,,0.3086889386177063,
,1626,101,,0.2074890434741974,
,1627,101,,0.31008052825927734,
,1628,101,,0.2993607521057129,
,1629,101,,0.41669487953186035,
,1630,101,,0.24101164937019348,
,1631,101,,0.2490217089653015,
1632,,102,0.8920506238937378,,
1633,,102,0.4376119375228882,,
1634,,102,0.34308871626853943,,
1635,,102,0.870039701461792,,
1636,,102,0.7032773494720459,,
1637,,102,0.7202312350273132,,
1638,,102,0.5262971520423889,,
1639,,102,0.30094143748283386,,
1640,,102,0.5137143135070801,,
1641,,102,0.49287694692611694,,
1642,,102,0.3964540362358093,,
1643,,102,0.6480885744094849,,
1644,,102,0.25870275497436523,,
1645,,102,0.8665243983268738,,
1646,,102,0.9538043737411499,,
1647,,102,1.2537063360214233,,
,1632,102,,0.33165740966796875,
,1633,102,,0.25186771154403687,
,1634,102,,0.20633816719055176,
,1635,102,,0.46829503774642944,
,1636,102,,0.21793830394744873,
,1637,102,,0.2385920286178589,
,1638,102,,0.41470906138420105,
,1639,102,,0.29707443714141846,
,1640,102,,0.27622711658477783,
,1641,102,,0.20254456996917725,
,1642,102,,0.3309907615184784,
,1643,102,,0.20225757360458374,
,1644,102,,0.3552365303039551,
,1645,102,,0.33012068271636963,
,1646,102,,0.21470248699188232,
,1647,102,,0.2434493750333786,
1648,,103,0.7617893218994141,,
1649,,103,0.584449052810669,,
1650,,103,1.1396132707595825,,
1651,,103,0.5144760608673096,,
1652,,103,0.4379383325576782,,
1653,,103,0.7015208601951599,,
1654,,103,0.5619569420814514,,
1655,,103,1.0439748764038086,,
1656,,103,1.1290199756622314,,
1657,,103,0.7247295379638672,,
1658,,103,1.1222182512283325,,
1659,,103,1.4511427879333496,,
1660,,103,1.5189117193222046,,
1661,,103,0.9899432063102722,,
1662,,103,0.5885080099105835,,
1663,,103,0.9492546916007996,,
,1648,103,,0.2873583734035492,
,1649,103,,0.3663627803325653,
,1650,103,,0.31884872913360596,
,1651,103,,0.2185305655002594,
,1652,103,,0.24356085062026978,
,1653,103,,0.24212166666984558,
,1654,103,,0.27622610330581665,
,1655,103,,0.33355197310447693,
,1656,103,,0.1973874419927597,
,1657,103,,0.23790566623210907,
,1658,103,,0.27682173252105713,
,1659,103,,0.24572396278381348,
,1660,103,,0.27651840448379517,
,1661,103,,0.43097013235092163,
,1662,103,,0.21188956499099731,
,1663,103,,0.264191210269928,
1664,,104,1.1989250183105469,,
1665,,104,0.9442002773284912,,
1666,,104,0.39639681577682495,,
1667,,104,1.259480595588684,,
1668,,104,0.7726394534111023,,
1669,,104,1.1148685216903687,,
1670,,104,0.5683481097221375,,
1671,,104,1.0407702922821045,,
1672,,104,0.4041304290294647,,
1673,,104,0.8156468272209167,,
1674,,104,0.8391357660293579,,
1675,,104,0.5316410064697266,,
1676,,104,0.6296037435531616,,
1677,,104,1.2763458490371704,,
1678,,104,0.7616608142852783,,
1679,,104,0.6420789957046509,,
,1664,104,,0.20470377802848816,
,1665,104,,0.32899409532546997,
,1666,104,,0.21157217025756836,
,1667,104,,0.36601731181144714,
,1668,104,,0.20852044224739075,
,1669,104,,0.31460991501808167,
,1670,104,,0.2747748792171478,
,1671,104,,0.26835864782333374,
,1672,104,,0.32893604040145874,
,1673,104,,0.33091598749160767,
,1674,104,,0.3162473440170288,
,1675,104,,0.378880113363266,
,1676,104,,0.30746030807495117,
,1677,104,,0.3400089740753174,
,1678,104,,0.2573382258415222,
,1679,104,,0.33178821206092834,
1680,,105,1.2654757499694824,,
1681,,105,0.8732394576072693,,
1682,,105,1.0895932912826538,,
1683,,105,0.7597025632858276,,
1684,,105,1.5096161365509033,,
1685,,105,1.1498245000839233,,
1686,,105,0.44336360692977905,,
1687,,105,1.195148229598999,,
1688,,105,0.2853984236717224,,
1689,,105,0.38058751821517944,,
1690,,105,1.1566483974456787,,
1691,,105,0.470801442861557,,
1692,,105,0.7360824942588806,,
1693,,105,0.6216121912002563,,
1694,,105,1.31247878074646,,
1695,,105,0.6053314208984375,,
,1680,105,,0.26019665598869324,
,1681,105,,0.32379207015037537,
,1682,105,,0.27845120429992676,
,1683,105,,0.34151625633239746,
,1684,105,,0.2218153476715088,
,1685,105,,0.2572835087776184,
,1686,105,,0.3885817527770996,
,1687,105,,0.385585755109787,
,1688,105,,0.4004995822906494,
,1689,105,,0.3678783178329468,
,1690,105,,0.2580803632736206,
,1691,105,,0.30822888016700745,
,1692,105,,0.2203758805990219,
,1693,105,,0.3787127733230591,
,1694,105,,0.47469648718833923,
,1695,105,,0.3301723003387451,
1696,,106,1.1871057748794556,,
1697,,106,0.8150861263275146,,
1698,,106,0.6020162105560303,,
1699,,106,1.3065754175186157,,
1700,,106,0.3582354187965393,,
1701,,106,0.8481670618057251,,
1702,,106,0.7160875797271729,,
1703,,106,0.8088862299919128,,
1704,,106,1.2648577690124512,,
1705,,106,0.833309531211853,,
1706,,106,0.8630276918411255,,
1707,,106,1.2469912767410278,,
1708,,106,1.2011382579803467,,
1709,,106,1.077650785446167,,
1710,,106,0.5250555276870728,,
1711,,106,0.8747929334640503,,
,1696,106,,0.2751501500606537,
,1697,106,,0.3473999500274658,
,1698,106,,0.2659545838832855,
,1699,106,,0.2955440878868103,
,1700,106,,0.2225615382194519,
,1701,106,,0.2662448287010193,
,1702,106,,0.3457913100719452,
,1703,106,,0.19402281939983368,
,1704,106,,0.3427952229976654,
,1705,106,,0.3434411287307739,
,1706,106,,0.446014940738678,
,1707,106,,0.2881837487220764,
,1708,106,,0.2839760482311249,
,1709,106,,0.22496746480464935,
,1710,106,,0.3524337708950043,
,1711,106,,0.3288896381855011,
1712,,107,0.814269483089447,,
1713,,107,0.8274060487747192,,
1714,,107,0.5887528657913208,,
1715,,107,0.7866662740707397,,
1716,,107,0.48763012886047363,,
1717,,107,1.0653122663497925,,
1718,,107,0.7749842405319214,,
1719,,107,1.3774532079696655,,
1720,,107,1.102006435394287,,
1721,,107,1.0784038305282593,,
1722,,107,0.37103670835494995,,
1723,,107,0.9020192623138428,,
1724,,107,1.0723849534988403,,
1725,,107,1.022453784942627,,
1726,,107,0.8304187655448914,,
1727,,107,0.8481699824333191,,
,1712,107,,0.23349925875663757,
,1713,107,,0.3185698390007019,
,1714,107,,0.3703455924987793,
,1715,107,,0.2224193811416626,
,1716,107,,0.2549702227115631,
,1717,107,,0.29708898067474365,
,1718,107,,0.37545061111450195,
,1719,107,,0.2767544984817505,
,1720,107,,0.29491591453552246,
,1721,107,,0.3444242477416992,
,1722,107,,0.33453989028930664,
,1723,107,,0.235603928565979,
,1724,107,,0.29658883810043335,
,1725,107,,0.3677113652229309,
,1726,107,,0.3001112937927246,
,1727,107,,0.3376629054546356,
1728,,108,1.2600446939468384,,
1729,,108,0.8152367472648621,,
1730,,108,2.1652629375457764,,
1731,,108,0.8741821050643921,,
1732,,108,0.869537353515625,,
1733,,108,0.35996031761169434,,
1734,,108,0.7899360060691833,,
1735,,108,0.9413184523582458,,
1736,,108,0.6419806480407715,,
1737,,108,1.555063247680664,,
1738,,108,0.5771512985229492,,
1739,,108,0.6194894313812256,,
1740,,108,0.760955810546875,,
1741,,108,0.6817560195922852,,
1742,,108,0.6117580533027649,,
1743,,108,1.4984636306762695,,
,1728,108,,0.32105734944343567,
,1729,108,,0.2466977834701538,
,1730,108,,0.20213495194911957,
,1731,108,,0.28832876682281494,
,1732,108,,0.23945948481559753,
,1733,108,,0.27769801020622253,
,1734,108,,0.3188192844390869,
,1735,108,,0.35310372710227966,
,1736,108,,0.32956212759017944,
,1737,108,,0.2568599283695221,
,1738,108,,0.35919803380966187,
,1739,108,,0.2962545156478882,
,1740,108,,0.28099489212036133,
,1741,108,,0.26354163885116577,
,1742,108,,0.2970050573348999,
,1743,108,,0.24777279794216156,
1744,,109,0.9257336854934692,,
1745,,109,0.9472073316574097,,
1746,,109,0.9614819288253784,,
1747,,109,0.4468010663986206,,
1748,,109,0.7636492252349854,,
1749,,109,0.4407331943511963,,
1750,,109,1.258143663406372,,
1751,,109,0.5930377244949341,,
1752,,109,0.5700240731239319,,
1753,,109,0.32749634981155396,,
1754,,109,0.6858348846435547,,
1755,,109,0.552236795425415,,
1756,,109,0.9703168869018555,,
1757,,109,0.5825281143188477,,
1758,,109,0.5797547101974487,,
1759,,109,0.7496969103813171,,
,1744,109,,0.29966992139816284,
,1745,109,,0.26978349685668945,
,1746,109,,0.28817903995513916,
,1747,109,,0.30974000692367554,
,1748,109,,0.29128170013427734,
,1749,109,,0.3382694721221924,
,1750,109,,0.262451171875,
,1751,109,,0.36980265378952026,
,1752,109,,0.3726118206977844,
,1753,109,,0.24107524752616882,
,1754,109,,0.40902602672576904,
,1755,109,,0.32930323481559753,
,1756,109,,0.27405795454978943,
,1757,109,,0.24060039222240448,
,1758,109,,0.32526323199272156,
,1759,109,,0.29459792375564575,
1760,,110,0.6373335719108582,,
1761,,110,1.0352606773376465,,
1762,,110,0.6416658163070679,,
1763,,110,0.8789617419242859,,
1764,,110,0.559150218963623,,
1765,,110,0.8587981462478638,,
1766,,110,0.7164326906204224,,
1767,,110,0.9669498801231384,,
1768,,110,0.36406493186950684,,
1769,,110,1.2333898544311523,,
1770,,110,0.6375290155410767,,
1771,,110,0.8886229395866394,,
1772,,110,0.9367277026176453,,
1773,,110,0.7251807451248169,,
1774,,110,0.9480182528495789,,
1775,,110,0.6861638426780701,,
,1760,110,,0.2950868308544159,
,1761,110,,0.36668068170547485,
,1762,110,,0.2605111300945282,
,1763,110,,0.2574808895587921,
,1764,110,,0.23373916745185852,
,1765,110,,0.34158647060394287,
,1766,110,,0.32612717151641846,
,1767,110,,0.3299691677093506,
,1768,110,,0.2765740752220154,
,1769,110,,0.31774961948394775,
,1770,110,,0.23805353045463562,
,1771,110,,0.2818725109100342,
,1772,110,,0.260332316160202,
,1773,110,,0.27175313234329224,
,1774,110,,0.21277771890163422,
,1775,110,,0.2130129039287567,
1776,,111,0.9238215684890747,,
1777,,111,0.8382033109664917,,
1778,,111,0.7615343332290649,,
1779,,111,0.6949580907821655,,
1780,,111,0.739730954170227,,
1781,,111,0.4777754247188568,,
1782,,111,0.8747702836990356,,
1783,,111,0.37109577655792236,,
1784,,111,1.3133869171142578,,
1785,,111,1.1226506233215332,,
1786,,111,0.8465892672538757,,
1787,,111,0.4800540804862976,,
1788,,111,0.6344305276870728,,
1789,,111,0.3614003658294678,,
1790,,111,0.684893786907196,,
1791,,111,0.7641797065734863,,
,1776,111,,0.38500532507896423,
,1777,111,,0.19948342442512512,
,1778,111,,0.2546328604221344,
,1779,111,,0.2561427056789398,
,1780,111,,0.25878021121025085,
,1781,111,,0.19128656387329102,
,1782,111,,0.330831378698349,
,1783,111,,0.42579492926597595,
,1784,111,,0.20176492631435394,
,1785,111,,0.20877361297607422,
,1786,111,,0.4642781615257263,
,1787,111,,0.3899521231651306,
,1788,111,,0.30964991450309753,
,1789,111,,0.2870820164680481,
,1790,111,,0.22783163189888,
,1791,111,,0.22044247388839722,
1792,,112,0.4291019141674042,,
1793,,112,0.6505366563796997,,
1794,,112,0.6110132336616516,,
1795,,112,0.7969168424606323,,
1796,,112,0.37152284383773804,,
1797,,112,0.7828213572502136,,
1798,,112,1.063529372215271,,
1799,,112,1.0267860889434814,,
1800,,112,0.949852705001831,,
1801,,112,0.5903851389884949,,
1802,,112,0.9925074577331543,,
1803,,112,0.892998456954956,,
1804,,112,0.4772915542125702,,
1805,,112,0.9194666743278503,,
1806,,112,0.5555316209793091,,
1807,,112,0.4874759316444397,,
,1792,112,,0.35740846395492554,
,1793,112,,0.4639095962047577,
,1794,112,,0.2890195846557617,
,1795,112,,0.31977909803390503,
,1796,112,,0.32440900802612305,
,1797,112,,0.2522065341472626,
,1798,112,,0.2167954295873642,
,1799,112,,0.2762265205383301,
,1800,112,,0.30541154742240906,
,1801,112,,0.39142248034477234,
,1802,112,,0.32769280672073364,
,1803,112,,0.2906375825405121,
,1804,112,,0.3273811638355255,
,1805,112,,0.2646535634994507,
,1806,112,,0.29032325744628906,
,1807,112,,0.25876548886299133,
1808,,113,0.6903594732284546,,
1809,,113,0.6559486389160156,,
1810,,113,0.438786119222641,,
1811,,113,0.24227187037467957,,
1812,,113,0.6694682836532593,,
1813,,113,0.7550363540649414,,
1814,,113,1.0638445615768433,,
1815,,113,1.520636796951294,,
1816,,113,0.346632182598114,,
1817,,113,0.67312091588974,,
1818,,113,0.9388637542724609,,
1819,,113,0.7757503390312195,,
1820,,113,0.6478837132453918,,
1821,,113,0.5426496267318726,,
1822,,113,0.8505873680114746,,
1823,,113,0.7191452980041504,,
,1808,113,,0.2832685112953186,
,1809,113,,0.25938481092453003,
,1810,113,,0.3461373448371887,
,1811,113,,0.279794305562973,
,1812,113,,0.4033741354942322,
,1813,113,,0.3290117681026459,
,1814,113,,0.19426128268241882,
,1815,113,,0.24222998321056366,
,1816,113,,0.3020058572292328,
,1817,113,,0.19947680830955505,
,1818,113,,0.2189260572195053,
,1819,113,,0.291416198015213,
,1820,113,,0.4326920509338379,
,1821,113,,0.26289600133895874,
,1822,113,,0.20411786437034607,
,1823,113,,0.27238988876342773,
1824,,114,0.6714445948600769,,
1825,,114,0.9138826131820679,,
1826,,114,0.5740786790847778,,
1827,,114,0.7378244400024414,,
1828,,114,0.8988943099975586,,
1829,,114,0.9883440732955933,,
1830,,114,0.8431527614593506,,
1831,,114,0.9575588703155518,,
1832,,114,1.0888522863388062,,
1833,,114,0.6066502332687378,,
1834,,114,0.5610098838806152,,
1835,,114,0.81805419921875,,
1836,,114,0.7596482038497925,,
1837,,114,1.8161314725875854,,
1838,,114,1.1209825277328491,,
1839,,114,0.8848499059677124,,
,1824,114,,0.4222923219203949,
,1825,114,,0.2177126109600067,
,1826,114,,0.3400273323059082,
,1827,114,,0.2574417293071747,
,1828,114,,0.36790403723716736,
,1829,114,,0.19069629907608032,
,1830,114,,0.34641003608703613,
,1831,114,,0.224862739443779,
,1832,114,,0.27329522371292114,
,1833,114,,0.20579230785369873,
,1834,114,,0.26507583260536194,
,1835,114,,0.3137483596801758,
,1836,114,,0.2531324326992035,
,1837,114,,0.3324742913246155,
,1838,114,,0.3243226706981659,
,1839,114,,0.3645229935646057,
1840,,115,0.8493422269821167,,
1841,,115,0.590514063835144,,
1842,,115,0.8810986876487732,,
1843,,115,0.9589754939079285,,
1844,,115,0.5295689105987549,,
1845,,115,0.612953782081604,,
1846,,115,1.2169097661972046,,
1847,,115,1.023857593536377,,
1848,,115,0.9709485769271851,,
1849,,115,0.7008789777755737,,
1850,,115,0.7768165469169617,,
1851,,115,0.7684875726699829,,
1852,,115,0.8230853080749512,,
1853,,115,0.606428861618042,,
1854,,115,0.6699132919311523,,
1855,,115,0.6959190368652344,,
,1840,115,,0.2344217300415039,
,1841,115,,0.26199519634246826,
,1842,115,,0.3125269412994385,
,1843,115,,0.23690199851989746,
,1844,115,,0.3077392876148224,
,1845,115,,0.3187342584133148,
,1846,115,,0.21171963214874268,
,1847,115,,0.2764386534690857,
,1848,115,,0.3025115728378296,
,1849,115,,0.31172773241996765,
,1850,115,,0.2747535705566406,
,1851,115,,0.3693124055862427,
,1852,115,,0.3187374770641327,
,1853,115,,0.2466166466474533,
,1854,115,,0.23507347702980042,
,1855,115,,0.2620584964752197,
1856,,116,0.9239557981491089,,
1857,,116,0.9572076797485352,,
1858,,116,0.3862902522087097,,
1859,,116,1.0720516443252563,,
1860,,116,0.8495253324508667,,
1861,,116,0.9567819833755493,,
1862,,116,0.4974866509437561,,
1863,,116,1.2284996509552002,,
1864,,116,0.3197767436504364,,
1865,,116,0.9546563029289246,,
1866,,116,0.6905084848403931,,
1867,,116,0.35668420791625977,,
1868,,116,0.6750558614730835,,
1869,,116,0.747594952583313,,
1870,,116,0.5354540348052979,,
1871,,116,0.6153151392936707,,
,1856,116,,0.2645052373409271,
,1857,116,,0.2431577444076538,
,1858,116,,0.2459377497434616,
,1859,116,,0.3053126931190491,
,1860,116,,0.20872530341148376,
,1861,116,,0.2677331864833832,
,1862,116,,0.2546670436859131,
,1863,116,,0.3203103244304657,
,1864,116,,0.23921099305152893,
,1865,116,,0.21107208728790283,
,1866,116,,0.3683302104473114,
,1867,116,,0.30354052782058716,
,1868,116,,0.3129715919494629,
,1869,116,,0.3544742465019226,
,1870,116,,0.25502490997314453,
,1871,116,,0.35745692253112793,
1872,,117,0.7216748595237732,,
1873,,117,0.8554198741912842,,
1874,,117,0.2601143419742584,,
1875,,117,0.8280595541000366,,
1876,,117,0.5372587442398071,,
1877,,117,0.44115346670150757,,
1878,,117,0.47845953702926636,,
1879,,117,0.3691573143005371,,
1880,,117,0.34732183814048767,,
1881,,117,0.5501816272735596,,
1882,,117,0.40428823232650757,,
1883,,117,1.0196943283081055,,
1884,,117,0.8070485591888428,,
1885,,117,0.5225512981414795,,
1886,,117,0.390033483505249,,
1887,,117,0.2550680339336395,,
,1872,117,,0.2976902425289154,
,1873,117,,0.22970327734947205,
,1874,117,,0.29397326707839966,
,1875,117,,0.30838215351104736,
,1876,117,,0.34939056634902954,
,1877,117,,0.1940445601940155,
,1878,117,,0.33138033747673035,
,1879,117,,0.32882794737815857,
,1880,117,,0.19511429965496063,
,1881,117,,0.27048563957214355,
,1882,117,,0.30683422088623047,
,1883,117,,0.23489128053188324,
,1884,117,,0.3508816659450531,
,1885,117,,0.39494580030441284,
,1886,117,,0.3770322799682617,
,1887,117,,0.19905440509319305,
1888,,118,0.627393901348114,,
1889,,118,1.0910942554473877,,
1890,,118,1.228002905845642,,
1891,,118,0.7351114749908447,,
1892,,118,0.43450772762298584,,
1893,,118,0.7732523679733276,,
1894,,118,0.6711294054985046,,
1895,,118,0.5585977435112,,
1896,,118,0.8672873377799988,,
1897,,118,0.6446992754936218,,
1898,,118,0.449178546667099,,
1899,,118,0.47796830534935,,
1900,,118,1.0605798959732056,,
1901,,118,0.8344881534576416,,
1902,,118,0.7354072332382202,,
1903,,118,0.7497703433036804,,
,1888,118,,0.2943331301212311,
,1889,118,,0.2907995879650116,
,1890,118,,0.334988534450531,
,1891,118,,0.3470681607723236,
,1892,118,,0.30651795864105225,
,1893,118,,0.3512185513973236,
,1894,118,,0.21142849326133728,
,1895,118,,0.30773109197616577,
,1896,118,,0.21470671892166138,
,1897,118,,0.26574060320854187,
,1898,118,,0.2520046830177307,
,1899,118,,0.28473255038261414,
,1900,118,,0.19478309154510498,
,1901,118,,0.2424468696117401,
,1902,118,,0.22913894057273865,
,1903,118,,0.3263646364212036,
1904,,119,0.596686840057373,,
1905,,119,0.40655678510665894,,
1906,,119,1.1645984649658203,,
1907,,119,0.3944014012813568,,
1908,,119,0.7679296731948853,,
1909,,119,1.0589519739151,,
1910,,119,1.2016174793243408,,
1911,,119,0.9190844893455505,,
1912,,119,1.630603551864624,,
1913,,119,1.195983648300171,,
1914,,119,0.5184910297393799,,
1915,,119,0.5052932500839233,,
1916,,119,0.7192219495773315,,
1917,,119,0.6850001215934753,,
1918,,119,0.6352595090866089,,
1919,,119,0.8495883345603943,,
,1904,119,,0.4003303050994873,
,1905,119,,0.46468743681907654,
,1906,119,,0.30271410942077637,
,1907,119,,0.2852087616920471,
,1908,119,,0.352752149105072,
,1909,119,,0.19436316192150116,
,1910,119,,0.2753250002861023,
,1911,119,,0.26336902379989624,
,1912,119,,0.3546430766582489,
,1913,119,,0.33837541937828064,
,1914,119,,0.21558746695518494,
,1915,119,,0.3048674762248993,
,1916,119,,0.2407899796962738,
,1917,119,,0.4128812253475189,
,1918,119,,0.25434190034866333,
,1919,119,,0.29491347074508667,
1920,,120,1.3678522109985352,,
1921,,120,0.8710206747055054,,
1922,,120,0.6046068668365479,,
1923,,120,0.7287697792053223,,
1924,,120,0.48390325903892517,,
1925,,120,0.4074173867702484,,
1926,,120,0.6095258593559265,,
1927,,120,0.5168129205703735,,
1928,,120,0.7069041132926941,,
1929,,120,1.4026575088500977,,
1930,,120,0.7321127653121948,,
1931,,120,0.6664667129516602,,
1932,,120,1.15394926071167,,
1933,,120,0.7632016539573669,,
1934,,120,0.6036325097084045,,
1935,,120,0.4320613741874695,,
,1920,120,,0.24212293326854706,
,1921,120,,0.38007301092147827,
,1922,120,,0.2753516435623169,
,1923,120,,0.2858399748802185,
,1924,120,,0.3327562212944031,
,1925,120,,0.2553299069404602,
,1926,120,,0.3648037612438202,
,1927,120,,0.26257723569869995,
,1928,120,,0.19481375813484192,
,1929,120,,0.3908883333206177,
,1930,120,,0.24503056704998016,
,1931,120,,0.21584364771842957,
,1932,120,,0.2970485985279083,
,1933,120,,0.32805517315864563,
,1934,120,,0.240728959441185,
,1935,120,,0.2773703336715698,
1936,,121,1.1176764965057373,,
1937,,121,0.5796981453895569,,
1938,,121,1.117414951324463,,
1939,,121,0.665144681930542,,
1940,,121,0.46433085203170776,,
1941,,121,0.6311977505683899,,
1942,,121,0.2884269952774048,,
1943,,121,1.4920549392700195,,
1944,,121,0.8590236902236938,,
1945,,121,0.7731451988220215,,
1946,,121,1.2737655639648438,,
1947,,121,0.6315773725509644,,
1948,,121,0.45871907472610474,,
1949,,121,1.3116180896759033,,
1950,,121,0.5139694213867188,,
1951,,121,0.6822983622550964,,
,1936,121,,0.28415998816490173,
,1937,121,,0.39610934257507324,
,1938,121,,0.22918736934661865,
,1939,121,,0.397225558757782,
,1940,121,,0.28368401527404785,
,1941,121,,0.2783675193786621,
,1942,121,,0.410049170255661,
,1943,121,,0.27439606189727783,
,1944,121,,0.28016233444213867,
,1945,121,,0.23091034591197968,
,1946,121,,0.3223782479763031,
,1947,121,,0.29503461718559265,
,1948,121,,0.34551459550857544,
,1949,121,,0.3834495544433594,
,1950,121,,0.3202228248119354,
,1951,121,,0.2641424536705017,
1952,,122,0.3961939513683319,,
1953,,122,0.9413272142410278,,
1954,,122,0.9961948394775391,,
1955,,122,0.27905645966529846,,
1956,,122,0.8447384834289551,,
1957,,122,0.8388468623161316,,
1958,,122,1.1144460439682007,,
1959,,122,0.9072162508964539,,
1960,,122,0.808102548122406,,
1961,,122,1.1163082122802734,,
1962,,122,1.3618768453598022,,
1963,,122,0.6683096289634705,,
1964,,122,0.9677159190177917,,
1965,,122,0.6141006946563721,,
1966,,122,0.5751726031303406,,
1967,,122,0.4038158655166626,,
,1952,122,,0.30976662039756775,
,1953,122,,0.35019251704216003,
,1954,122,,0.34178686141967773,
,1955,122,,0.32549068331718445,
,1956,122,,0.37018412351608276,
,1957,122,,0.3665353059768677,
,1958,122,,0.27204629778862,
,1959,122,,0.26600009202957153,
,1960,122,,0.2751292884349823,
,1961,122,,0.27727171778678894,
,1962,122,,0.3546867370605469,
,1963,122,,0.21162176132202148,
,1964,122,,0.2503896951675415,
,1965,122,,0.3141007423400879,
,1966,122,,0.304080605506897,
,1967,122,,0.22728107869625092,
1968,,123,0.725735068321228,,
1969,,123,0.596361517906189,,
1970,,123,0.4736959934234619,,
1971,,123,0.656843364238739,,
1972,,123,0.6314312219619751,,
1973,,123,1.2243459224700928,,
1974,,123,1.0333555936813354,,
1975,,123,0.5314427018165588,,
1976,,123,0.41703495383262634,,
1977,,123,0.8784517049789429,,
1978,,123,0.6373820304870605,,
1979,,123,1.4604867696762085,,
1980,,123,0.524931013584137,,
1981,,123,0.8626106977462769,,
1982,,123,1.4114370346069336,,
1983,,123,0.866750955581665,,
,1968,123,,0.26085609197616577,
,1969,123,,0.27459123730659485,
,1970,123,,0.2998657822608948,
,1971,123,,0.23642119765281677,
,1972,123,,0.3875214755535126,
,1973,123,,0.3271315395832062,
,1974,123,,0.45826369524002075,
,1975,123,,0.32605040073394775,
,1976,123,,0.31492745876312256,
,1977,123,,0.2726132869720459,
,1978,123,,0.2706449329853058,
,1979,123,,0.21285991370677948,
,1980,123,,0.25054824352264404,
,1981,123,,0.2699599266052246,
,1982,123,,0.31140467524528503,
,1983,123,,0.32554662227630615,
1984,,124,0.44058865308761597,,
1985,,124,0.7861480712890625,,
1986,,124,0.44727203249931335,,
1987,,124,0.7727277278900146,,
1988,,124,0.8146792650222778,,
1989,,124,0.6116182208061218,,
1990,,124,0.6258479356765747,,
1991,,124,0.8444422483444214,,
1992,,124,1.188704252243042,,
1993,,124,0.7637256383895874,,
1994,,124,0.3571985363960266,,
1995,,124,0.6481045484542847,,
1996,,124,0.4655970335006714,,
1997,,124,0.4139735698699951,,
1998,,124,0.6801144480705261,,
1999,,124,0.43094727396965027,,
,1984,124,,0.24864010512828827,
,1985,124,,0.29578372836112976,
,1986,124,,0.27085697650909424,
,1987,124,,0.25668632984161377,
,1988,124,,0.21914038062095642,
,1989,124,,0.3419738709926605,
,1990,124,,0.27001523971557617,
,1991,124,,0.31745442748069763,
,1992,124,,0.3544069230556488,
,1993,124,,0.36561936140060425,
,1994,124,,0.2617402970790863,
,1995,124,,0.30640292167663574,
,1996,124,,0.19666039943695068,
,1997,124,,0.28936952352523804,
,1998,124,,0.28239232301712036,
,1999,124,,0.24678103625774384,
2000,,125,0.6064725518226624,,
2001,,125,1.1849405765533447,,
2002,,125,0.5241038799285889,,
2003,,125,1.5267322063446045,,
2004,,125,1.0214041471481323,,
2005,,125,0.47045230865478516,,
2006,,125,0.34236544370651245,,
2007,,125,0.7181124687194824,,
2008,,125,0.7121474742889404,,
2009,,125,0.9277960658073425,,
2010,,125,1.2440160512924194,,
2011,,125,0.9282869100570679,,
2012,,125,0.6704721450805664,,
2013,,125,0.5803022384643555,,
2014,,125,0.799933910369873,,
2015,,125,0.8090226054191589,,
,2000,125,,0.24505957961082458,
,2001,125,,0.3877713084220886,
,2002,125,,0.30543071031570435,
,2003,125,,0.2714981138706207,
,2004,125,,0.23082110285758972,
,2005,125,,0.343930184841156,
,2006,125,,0.25592634081840515,
,2007,125,,0.3341026306152344,
,2008,125,,0.35696741938591003,
,2009,125,,0.3199674189090729,
,2010,125,,0.28599005937576294,
,2011,125,,0.2658047676086426,
,2012,125,,0.2599749267101288,
,2013,125,,0.262238472700119,
,2014,125,,0.32493987679481506,
,2015,125,,0.2532685697078705,
2016,,126,0.7531148791313171,,
2017,,126,1.024429440498352,,
2018,,126,1.0231345891952515,,
2019,,126,0.37740132212638855,,
2020,,126,1.0840224027633667,,
2021,,126,0.4319028854370117,,
2022,,126,0.6869113445281982,,
2023,,126,0.456737220287323,,
2024,,126,0.9524774551391602,,
2025,,126,0.8126935958862305,,
2026,,126,0.8729875087738037,,
2027,,126,1.0772819519042969,,
2028,,126,1.343611478805542,,
2029,,126,0.7215534448623657,,
2030,,126,0.5340385437011719,,
2031,,126,0.582176148891449,,
,2016,126,,0.3996374309062958,
,2017,126,,0.2789055407047272,
,2018,126,,0.27209076285362244,
,2019,126,,0.33316636085510254,
,2020,126,,0.2804093360900879,
,2021,126,,0.3673478960990906,
,2022,126,,0.28801363706588745,
,2023,126,,0.2865179181098938,
,2024,126,,0.27181875705718994,
,2025,126,,0.25503742694854736,
,2026,126,,0.33829864859580994,
,2027,126,,0.21928536891937256,
,2028,126,,0.252699613571167,
,2029,126,,0.2280552238225937,
,2030,126,,0.30584216117858887,
,2031,126,,0.2924327254295349,
2032,,127,0.44216617941856384,,
2033,,127,0.47272032499313354,,
2034,,127,0.5383319854736328,,
2035,,127,0.5991312265396118,,
2036,,127,0.8341403007507324,,
2037,,127,0.6571033000946045,,
2038,,127,1.0771225690841675,,
2039,,127,0.8800095319747925,,
2040,,127,0.5359604358673096,,
2041,,127,0.709011971950531,,
2042,,127,1.0998787879943848,,
2043,,127,1.235999345779419,,
2044,,127,0.8524391055107117,,
2045,,127,0.602317214012146,,
2046,,127,0.9037055373191833,,
2047,,127,0.4438270926475525,,
,2032,127,,0.26949089765548706,
,2033,127,,0.22621403634548187,
,2034,127,,0.3375461995601654,
,2035,127,,0.24824699759483337,
,2036,127,,0.2617418169975281,
,2037,127,,0.30726534128189087,
,2038,127,,0.32554250955581665,
,2039,127,,0.40269407629966736,
,2040,127,,0.3527830243110657,
,2041,127,,0.3351426124572754,
,2042,127,,0.21937327086925507,
,2043,127,,0.23182666301727295,
,2044,127,,0.2165781557559967,
,2045,127,,0.3205331563949585,
,2046,127,,0.3089865446090698,
,2047,127,,0.375116765499115,
2048,,128,1.186416506767273,,
2049,,128,0.3460787236690521,,
2050,,128,0.7207289934158325,,
2051,,128,0.6498345136642456,,
2052,,128,0.682607889175415,,
2053,,128,0.8038146495819092,,
2054,,128,0.9430547952651978,,
2055,,128,0.6266473531723022,,
2056,,128,0.8521392345428467,,
2057,,128,0.7573062777519226,,
2058,,128,0.7711279392242432,,
2059,,128,1.260900616645813,,
2060,,128,0.6670010089874268,,
2061,,128,0.7345519065856934,,
2062,,128,1.6642405986785889,,
2063,,128,0.656796395778656,,
,2048,128,,0.25783485174179077,
,2049,128,,0.37732213735580444,
,2050,128,,0.27810022234916687,
,2051,128,,0.2578479051589966,
,2052,128,,0.2483995407819748,
,2053,128,,0.2565001845359802,
,2054,128,,0.43959879875183105,
,2055,128,,0.21619248390197754,
,2056,128,,0.251983106136322,
,2057,128,,0.2769361734390259,
,2058,128,,0.24282905459403992,
,2059,128,,0.30610811710357666,
,2060,128,,0.30537521839141846,
,2061,128,,0.2899213433265686,
,2062,128,,0.304773211479187,
,2063,128,,0.37930387258529663,
2064,,129,0.37045377492904663,,
2065,,129,0.7171837687492371,,
2066,,129,0.31790512800216675,,
2067,,129,0.43266865611076355,,
2068,,129,1.3653523921966553,,
2069,,129,1.4701189994812012,,
2070,,129,0.5154203176498413,,
2071,,129,0.5888322591781616,,
2072,,129,0.9341416358947754,,
2073,,129,0.8745404481887817,,
2074,,129,0.6972476243972778,,
2075,,129,0.5993693470954895,,
2076,,129,0.7433227300643921,,
2077,,129,1.4689220190048218,,
2078,,129,0.8535478115081787,,
2079,,129,0.9137623310089111,,
,2064,129,,0.29542672634124756,
,2065,129,,0.2820861041545868,
,2066,129,,0.3269416093826294,
,2067,129,,0.275812029838562,
,2068,129,,0.29506194591522217,
,2069,129,,0.4015246331691742,
,2070,129,,0.2943536043167114,
,2071,129,,0.27924367785453796,
,2072,129,,0.3024462163448334,
,2073,129,,0.218547523021698,
,2074,129,,0.22352419793605804,
,2075,129,,0.2044365406036377,
,2076,129,,0.2762432396411896,
,2077,129,,0.23066771030426025,
,2078,129,,0.2949249744415283,
,2079,129,,0.24115660786628723,
2080,,130,0.25361472368240356,,
2081,,130,0.4094454050064087,,
2082,,130,0.7678227424621582,,
2083,,130,1.1191635131835938,,
2084,,130,0.8527388572692871,,
2085,,130,0.8723606467247009,,
2086,,130,0.5310088992118835,,
2087,,130,0.6502661108970642,,
2088,,130,0.4880000352859497,,
2089,,130,0.873321533203125,,
2090,,130,0.652908444404602,,
2091,,130,0.683003842830658,,
2092,,130,0.8588275909423828,,
2093,,130,0.7780102491378784,,
2094,,130,0.5721002817153931,,
2095,,130,0.5347642302513123,,
,2080,130,,0.2946625351905823,
,2081,130,,0.1944793462753296,
,2082,130,,0.2774745225906372,
,2083,130,,0.36787137389183044,
,2084,130,,0.3269581198692322,
,2085,130,,0.32381826639175415,
,2086,130,,0.42056721448898315,
,2087,130,,0.3453231751918793,
,2088,130,,0.41847360134124756,
,2089,130,,0.1955980658531189,
,2090,130,,0.25713130831718445,
,2091,130,,0.21045218408107758,
,2092,130,,0.2187022864818573,
,2093,130,,0.3457662761211395,
,2094,130,,0.3828918933868408,
,2095,130,,0.27429911494255066,
2096,,131,0.7187962532043457,,
2097,,131,0.7406930923461914,,
2098,,131,0.6722694635391235,,
2099,,131,0.38719743490219116,,
2100,,131,0.41130995750427246,,
2101,,131,1.2000031471252441,,
2102,,131,0.7904035449028015,,
2103,,131,0.5176185369491577,,
2104,,131,0.5357927083969116,,
2105,,131,0.6712499856948853,,
2106,,131,0.6125975251197815,,
2107,,131,0.8762595057487488,,
2108,,131,0.37299272418022156,,
2109,,131,0.5522493124008179,,
2110,,131,0.5833777189254761,,
2111,,131,0.3452591300010681,,
,2096,131,,0.2537159323692322,
,2097,131,,0.24509209394454956,
,2098,131,,0.46527695655822754,
,2099,131,,0.27500829100608826,
,2100,131,,0.3414408564567566,
,2101,131,,0.28285133838653564,
,2102,131,,0.197056382894516,
,2103,131,,0.26802048087120056,
,2104,131,,0.2300909012556076,
,2105,131,,0.31725019216537476,
,2106,131,,0.2563636898994446,
,2107,131,,0.3000527322292328,
,2108,131,,0.24900704622268677,
,2109,131,,0.3356017768383026,
,2110,131,,0.30374568700790405,
,2111,131,,0.27551114559173584,
2112,,132,0.8645287752151489,,
2113,,132,0.5644611120223999,,
2114,,132,0.6624242067337036,,
2115,,132,0.5000854134559631,,
2116,,132,1.295125126838684,,
2117,,132,0.5777698755264282,,
2118,,132,0.4013194441795349,,
2119,,132,1.0555649995803833,,
2120,,132,1.12604558467865,,
2121,,132,0.6028752326965332,,
2122,,132,0.9904437065124512,,
2123,,132,0.6391854286193848,,
2124,,132,0.6967090368270874,,
2125,,132,0.6035656929016113,,
2126,,132,0.6449512243270874,,
2127,,132,0.46080276370048523,,
,2112,132,,0.21069815754890442,
,2113,132,,0.32365676760673523,
,2114,132,,0.34966981410980225,
,2115,132,,0.40616127848625183,
,2116,132,,0.21091461181640625,
,2117,132,,0.3343108296394348,
,2118,132,,0.3124954402446747,
,2119,132,,0.31133559346199036,
,2120,132,,0.2905539572238922,
,2121,132,,0.31649380922317505,
,2122,132,,0.2587158679962158,
,2123,132,,0.29660725593566895,
,2124,132,,0.3240911662578583,
,2125,132,,0.4204833507537842,
,2126,132,,0.3279537558555603,
,2127,132,,0.3490375876426697,
2128,,133,1.1608771085739136,,
2129,,133,0.2601061463356018,,
2130,,133,0.5798352956771851,,
2131,,133,0.8786303400993347,,
2132,,133,0.6299188137054443,,
2133,,133,0.3525790572166443,,
2134,,133,0.39925163984298706,,
2135,,133,0.4120522737503052,,
2136,,133,0.5610575079917908,,
2137,,133,0.43837806582450867,,
2138,,133,0.6682742834091187,,
2139,,133,0.8180017471313477,,
2140,,133,0.5632646679878235,,
2141,,133,0.6547428369522095,,
2142,,133,0.565299391746521,,
2143,,133,0.9821562767028809,,
,2128,133,,0.1912519335746765,
,2129,133,,0.38799214363098145,
,2130,133,,0.20165400207042694,
,2131,133,,0.2502840459346771,
,2132,133,,0.26454734802246094,
,2133,133,,0.20897039771080017,
,2134,133,,0.3515129089355469,
,2135,133,,0.33528566360473633,
,2136,133,,0.34060487151145935,
,2137,133,,0.3841439485549927,
,2138,133,,0.2882649302482605,
,2139,133,,0.2669105529785156,
,2140,133,,0.2710399329662323,
,2141,133,,0.341344952583313,
,2142,133,,0.34221410751342773,
,2143,133,,0.3082776367664337,
2144,,134,0.4343382716178894,,
2145,,134,0.5756826400756836,,
2146,,134,0.6098150014877319,,
2147,,134,0.6207374930381775,,
2148,,134,0.38350456953048706,,
2149,,134,0.7296346426010132,,
2150,,134,0.41803282499313354,,
2151,,134,0.680172860622406,,
2152,,134,1.1682400703430176,,
2153,,134,1.0708088874816895,,
2154,,134,0.5532729625701904,,
2155,,134,0.5060733556747437,,
2156,,134,0.6926257610321045,,
2157,,134,0.5803842544555664,,
2158,,134,0.9507764577865601,,
2159,,134,0.9825331568717957,,
,2144,134,,0.24213695526123047,
,2145,134,,0.25096607208251953,
,2146,134,,0.3816693425178528,
,2147,134,,0.3337826132774353,
,2148,134,,0.3278990387916565,
,2149,134,,0.24762046337127686,
,2150,134,,0.22281765937805176,
,2151,134,,0.2928919196128845,
,2152,134,,0.34356552362442017,
,2153,134,,0.34075602889060974,
,2154,134,,0.22737275063991547,
,2155,134,,0.23286466300487518,
,2156,134,,0.3092006742954254,
,2157,134,,0.2469310611486435,
,2158,134,,0.31981325149536133,
,2159,134,,0.2588977515697479,
2160,,135,1.1427741050720215,,
2161,,135,0.3555006980895996,,
2162,,135,0.42043742537498474,,
2163,,135,0.509818971157074,,
2164,,135,0.7149511575698853,,
2165,,135,1.1295802593231201,,
2166,,135,0.9089052081108093,,
2167,,135,0.615964949131012,,
2168,,135,0.2853451669216156,,
2169,,135,0.38975322246551514,,
2170,,135,0.4530387818813324,,
2171,,135,0.30000418424606323,,
2172,,135,1.1660988330841064,,
2173,,135,0.6887660026550293,,
2174,,135,1.0498888492584229,,
2175,,135,0.3563167452812195,,
,2160,135,,0.3031424582004547,
,2161,135,,0.3068889379501343,
,2162,135,,0.3597506880760193,
,2163,135,,0.2728375792503357,
,2164,135,,0.24067804217338562,
,2165,135,,0.4000023603439331,
,2166,135,,0.2849431037902832,
,2167,135,,0.19004350900650024,
,2168,135,,0.3235045373439789,
,2169,135,,0.26605260372161865,
,2170,135,,0.28412753343582153,
,2171,135,,0.2538568377494812,
,2172,135,,0.30380135774612427,
,2173,135,,0.2813999354839325,
,2174,135,,0.28262194991111755,
,2175,135,,0.2919040322303772,
2176,,136,0.7829419374465942,,
2177,,136,1.1746513843536377,,
2178,,136,0.3742225170135498,,
2179,,136,1.1452898979187012,,
2180,,136,0.4356151819229126,,
2181,,136,0.4075498580932617,,
2182,,136,0.6166305541992188,,
2183,,136,0.9049467444419861,,
2184,,136,1.2030565738677979,,
2185,,136,0.6632522344589233,,
2186,,136,0.45840781927108765,,
2187,,136,0.8205275535583496,,
2188,,136,0.3950467109680176,,
2189,,136,0.9792302846908569,,
2190,,136,0.5859878659248352,,
2191,,136,0.5429555177688599,,
,2176,136,,0.19141581654548645,
,2177,136,,0.4022272527217865,
,2178,136,,0.30537334084510803,
,2179,136,,0.2565169334411621,
,2180,136,,0.30091631412506104,
,2181,136,,0.34361785650253296,
,2182,136,,0.26998502016067505,
,2183,136,,0.21131399273872375,
,2184,136,,0.3352589011192322,
,2185,136,,0.29042568802833557,
,2186,136,,0.19539594650268555,
,2187,136,,0.1991233080625534,
,2188,136,,0.3711157441139221,
,2189,136,,0.20786955952644348,
,2190,136,,0.2742503881454468,
,2191,136,,0.3406822383403778,
2192,,137,0.6781275272369385,,
2193,,137,0.5443939566612244,,
2194,,137,0.7519727945327759,,
2195,,137,0.7042579650878906,,
2196,,137,0.9646267890930176,,
2197,,137,0.29799389839172363,,
2198,,137,1.2931077480316162,,
2199,,137,0.7602046728134155,,
2200,,137,0.713342547416687,,
2201,,137,0.6420682668685913,,
2202,,137,0.7854064702987671,,
2203,,137,0.6671295166015625,,
2204,,137,0.8689038157463074,,
2205,,137,0.5061517953872681,,
2206,,137,0.6147369146347046,,
2207,,137,0.7073448896408081,,
,2192,137,,0.23173853754997253,
,2193,137,,0.2566017508506775,
,2194,137,,0.2653796076774597,
,2195,137,,0.23560693860054016,
,2196,137,,0.24901632964611053,
,2197,137,,0.30793699622154236,
,2198,137,,0.21594397723674774,
,2199,137,,0.2537463307380676,
,2200,137,,0.2359347641468048,
,2201,137,,0.32971084117889404,
,2202,137,,0.3868190050125122,
,2203,137,,0.23806039988994598,
,2204,137,,0.27896058559417725,
,2205,137,,0.23705212771892548,
,2206,137,,0.27775558829307556,
,2207,137,,0.33026641607284546,
2208,,138,0.781335711479187,,
2209,,138,0.48368948698043823,,
2210,,138,1.037214994430542,,
2211,,138,0.48086017370224,,
2212,,138,0.7634234428405762,,
2213,,138,0.33523696660995483,,
2214,,138,0.7538315057754517,,
2215,,138,0.4791795611381531,,
2216,,138,0.7068964838981628,,
2217,,138,0.6173980236053467,,
2218,,138,0.7643769979476929,,
2219,,138,1.0176074504852295,,
2220,,138,0.28513437509536743,,
2221,,138,0.632864773273468,,
2222,,138,0.6909900903701782,,
2223,,138,0.36029869318008423,,
,2208,138,,0.22247302532196045,
,2209,138,,0.4439067840576172,
,2210,138,,0.27112215757369995,
,2211,138,,0.19217625260353088,
,2212,138,,0.29529622197151184,
,2213,138,,0.21799474954605103,
,2214,138,,0.2992466688156128,
,2215,138,,0.2724875211715698,
,2216,138,,0.2979351282119751,
,2217,138,,0.19073061645030975,
,2218,138,,0.3880392909049988,
,2219,138,,0.33514779806137085,
,2220,138,,0.20286878943443298,
,2221,138,,0.20554839074611664,
,2222,138,,0.2948286533355713,
,2223,138,,0.3433995246887207,
2224,,139,0.520144522190094,,
2225,,139,1.3843107223510742,,
2226,,139,0.9829777479171753,,
2227,,139,0.7153661251068115,,
2228,,139,0.8890165686607361,,
2229,,139,0.6386642456054688,,
2230,,139,0.7902818918228149,,
2231,,139,0.9363493919372559,,
2232,,139,0.5320394039154053,,
2233,,139,0.7757614850997925,,
2234,,139,0.5345178842544556,,
2235,,139,1.0820444822311401,,
2236,,139,0.6481413841247559,,
2237,,139,0.7108656764030457,,
2238,,139,0.6672948598861694,,
2239,,139,0.63071608543396,,
,2224,139,,0.2609027624130249,
,2225,139,,0.25285035371780396,
,2226,139,,0.21916458010673523,
,2227,139,,0.2742517292499542,
,2228,139,,0.2769537568092346,
,2229,139,,0.24804827570915222,
,2230,139,,0.29976892471313477,
,2231,139,,0.23636047542095184,
,2232,139,,0.2680431604385376,
,2233,139,,0.2980532646179199,
,2234,139,,0.20093262195587158,
,2235,139,,0.22873692214488983,
,2236,139,,0.32966119050979614,
,2237,139,,0.27742570638656616,
,2238,139,,0.2944437265396118,
,2239,139,,0.31141531467437744,
2240,,140,0.4892932176589966,,
2241,,140,0.8702963590621948,,
2242,,140,1.283996343612671,,
2243,,140,0.8678709864616394,,
2244,,140,0.32166969776153564,,
2245,,140,0.4366600513458252,,
2246,,140,1.0994813442230225,,
2247,,140,1.4970836639404297,,
2248,,140,0.6101316809654236,,
2249,,140,0.7369562983512878,,
2250,,140,0.4590318202972412,,
2251,,140,0.6613348126411438,,
2252,,140,0.7266473770141602,,
2253,,140,0.9386793971061707,,
2254,,140,0.8351631164550781,,
2255,,140,0.9813213348388672,,
,2240,140,,0.39267128705978394,
,2241,140,,0.29181981086730957,
,2242,140,,0.2943958640098572,
,2243,140,,0.3057822585105896,
,2244,140,,0.3031369149684906,
,2245,140,,0.24212098121643066,
,2246,140,,0.3113570809364319,
,2247,140,,0.3595694303512573,
,2248,140,,0.3171119689941406,
,2249,140,,0.3651416003704071,
,2250,140,,0.26557689905166626,
,2251,140,,0.37675461173057556,
,2252,140,,0.26372188329696655,
,2253,140,,0.19177773594856262,
,2254,140,,0.20919887721538544,
,2255,140,,0.38748592138290405,
2256,,141,0.7110802531242371,,
2257,,141,0.8452472686767578,,
2258,,141,0.528532862663269,,
2259,,141,0.6426027417182922,,
2260,,141,0.5253195762634277,,
2261,,141,0.5898872017860413,,
2262,,141,0.7830047011375427,,
2263,,141,0.5924261212348938,,
2264,,141,0.3066909909248352,,
2265,,141,0.7502676844596863,,
2266,,141,0.5655078887939453,,
2267,,141,0.7299216985702515,,
2268,,141,1.1643363237380981,,
2269,,141,0.4725338816642761,,
2270,,141,1.2196078300476074,,
2271,,141,0.7947497367858887,,
,2256,141,,0.2906762957572937,
,2257,141,,0.3808346390724182,
,2258,141,,0.25693845748901367,
,2259,141,,0.2744501531124115,
,2260,141,,0.35382068157196045,
,2261,141,,0.291668176651001,
,2262,141,,0.3037005662918091,
,2263,141,,0.40312105417251587,
,2264,141,,0.3076661229133606,
,2265,141,,0.3340471684932709,
,2266,141,,0.31334400177001953,
,2267,141,,0.2856104075908661,
,2268,141,,0.2874983549118042,
,2269,141,,0.34926745295524597,
,2270,141,,0.32198888063430786,
,2271,141,,0.31277984380722046,
2272,,142,0.9423086047172546,,
2273,,142,0.7723425626754761,,
2274,,142,0.6117473840713501,,
2275,,142,0.5166769027709961,,
2276,,142,0.673381507396698,,
2277,,142,0.6759217977523804,,
2278,,142,0.5567145943641663,,
2279,,142,1.2199877500534058,,
2280,,142,1.2590553760528564,,
2281,,142,0.3965776860713959,,
2282,,142,0.5873269438743591,,
2283,,142,0.6114332675933838,,
2284,,142,1.470645785331726,,
2285,,142,0.6758460998535156,,
2286,,142,0.47076529264450073,,
2287,,142,0.8397781252861023,,
,2272,142,,0.2728141248226166,
,2273,142,,0.19852909445762634,
,2274,142,,0.501479983329773,
,2275,142,,0.22001180052757263,
,2276,142,,0.34370073676109314,
,2277,142,,0.29727494716644287,
,2278,142,,0.3163164556026459,
,2279,142,,0.2080913782119751,
,2280,142,,0.3232165575027466,
,2281,142,,0.254359632730484,
,2282,142,,0.31518951058387756,
,2283,142,,0.25767284631729126,
,2284,142,,0.41523703932762146,
,2285,142,,0.21724164485931396,
,2286,142,,0.27188605070114136,
,2287,142,,0.4340846538543701,
2288,,143,0.634699821472168,,
2289,,143,0.5040709972381592,,
2290,,143,0.9847823977470398,,
2291,,143,0.6720762252807617,,
2292,,143,1.5246208906173706,,
2293,,143,0.8020118474960327,,
2294,,143,0.5817198157310486,,
2295,,143,0.4973900318145752,,
2296,,143,0.9457206130027771,,
2297,,143,0.6440070271492004,,
2298,,143,1.3544738292694092,,
2299,,143,0.932770848274231,,
2300,,143,1.2431728839874268,,
2301,,143,0.8239418864250183,,
2302,,143,1.1025755405426025,,
2303,,143,1.1496152877807617,,
,2288,143,,0.2364097535610199,
,2289,143,,0.3334050178527832,
,2290,143,,0.27111974358558655,
,2291,143,,0.3468908667564392,
,2292,143,,0.27444949746131897,
,2293,143,,0.20387214422225952,
,2294,143,,0.23743939399719238,
,2295,143,,0.27388158440589905,
,2296,143,,0.25176069140434265,
,2297,143,,0.2963626980781555,
,2298,143,,0.26150164008140564,
,2299,143,,0.2253650724887848,
,2300,143,,0.25285887718200684,
,2301,143,,0.4725024104118347,
,2302,143,,0.24712228775024414,
,2303,143,,0.31695276498794556,
2304,,144,1.116021990776062,,
2305,,144,0.7807037830352783,,
2306,,144,0.5501939058303833,,
2307,,144,1.3793357610702515,,
2308,,144,0.6344833374023438,,
2309,,144,0.48100826144218445,,
2310,,144,0.35811591148376465,,
2311,,144,0.7518021464347839,,
2312,,144,0.9899532198905945,,
2313,,144,0.6425668001174927,,
2314,,144,1.0342862606048584,,
2315,,144,0.5909773111343384,,
2316,,144,0.736120343208313,,
2317,,144,0.6065089702606201,,
2318,,144,1.0977270603179932,,
2319,,144,0.6792296767234802,,
,2304,144,,0.37628230452537537,
,2305,144,,0.22240933775901794,
,2306,144,,0.35734209418296814,
,2307,144,,0.2708260416984558,
,2308,144,,0.2797890603542328,
,2309,144,,0.2727159261703491,
,2310,144,,0.3409624993801117,
,2311,144,,0.23954999446868896,
,2312,144,,0.24416041374206543,
,2313,144,,0.2435973882675171,
,2314,144,,0.29647600650787354,
,2315,144,,0.31855687499046326,
,2316,144,,0.2903706729412079,
,2317,144,,0.3233785033226013,
,2318,144,,0.37129566073417664,
,2319,144,,0.26748472452163696,
2320,,145,0.7631747126579285,,
2321,,145,1.6134233474731445,,
2322,,145,0.41007041931152344,,
2323,,145,1.0868381261825562,,
2324,,145,0.7170405387878418,,
2325,,145,0.6974481344223022,,
2326,,145,1.0829293727874756,,
2327,,145,0.7973002791404724,,
2328,,145,0.8737907409667969,,
2329,,145,0.5967922210693359,,
2330,,145,0.8546449542045593,,
2331,,145,0.8623086810112,,
2332,,145,0.5896384716033936,,
2333,,145,0.9512895941734314,,
2334,,145,1.1281187534332275,,
2335,,145,0.8093733191490173,,
,2320,145,,0.20995983481407166,
,2321,145,,0.34360167384147644,
,2322,145,,0.31790024042129517,
,2323,145,,0.2410885989665985,
,2324,145,,0.21317613124847412,
,2325,145,,0.2801089286804199,
,2326,145,,0.38955068588256836,
,2327,145,,0.3012358844280243,
,2328,145,,0.3534940481185913,
,2329,145,,0.31629884243011475,
,2330,145,,0.466806024312973,
,2331,145,,0.40792760252952576,
,2332,145,,0.2560625970363617,
,2333,145,,0.20532409846782684,
,2334,145,,0.2989853024482727,
,2335,145,,0.24285683035850525,
2336,,146,1.1746631860733032,,
2337,,146,1.3226101398468018,,
2338,,146,0.8227831125259399,,
2339,,146,0.34561389684677124,,
2340,,146,0.3027542233467102,,
2341,,146,0.5401812791824341,,
2342,,146,0.8606656789779663,,
2343,,146,0.5561568737030029,,
2344,,146,0.8690513372421265,,
2345,,146,0.8533990383148193,,
2346,,146,0.9927972555160522,,
2347,,146,0.4645700454711914,,
2348,,146,0.6442662477493286,,
2349,,146,0.6288312077522278,,
2350,,146,1.0814331769943237,,
2351,,146,0.5995468497276306,,
,2336,146,,0.2813037633895874,
,2337,146,,0.3107278048992157,
,2338,146,,0.25265437364578247,
,2339,146,,0.3350081145763397,
,2340,146,,0.40481409430503845,
,2341,146,,0.3179939389228821,
,2342,146,,0.23864011466503143,
,2343,146,,0.3121604025363922,
,2344,146,,0.29224273562431335,
,2345,146,,0.31479716300964355,
,2346,146,,0.386488139629364,
,2347,146,,0.22349813580513,
,2348,146,,0.2212694138288498,
,2349,146,,0.2900017201900482,
,2350,146,,0.27769047021865845,
,2351,146,,0.2767605781555176,
2352,,147,0.28546273708343506,,
2353,,147,1.4010396003723145,,
2354,,147,0.3312048316001892,,
2355,,147,0.7445818185806274,,
2356,,147,0.8566667437553406,,
2357,,147,0.3910793662071228,,
2358,,147,0.5195440649986267,,
2359,,147,0.8249334096908569,,
2360,,147,0.7201587557792664,,
2361,,147,0.45011553168296814,,
2362,,147,0.7003495097160339,,
2363,,147,0.37449678778648376,,
2364,,147,0.43443721532821655,,
2365,,147,0.3992968499660492,,
2366,,147,0.4511725902557373,,
2367,,147,1.1507132053375244,,
,2352,147,,0.3489020764827728,
,2353,147,,0.20525984466075897,
,2354,147,,0.21844440698623657,
,2355,147,,0.2328050136566162,
,2356,147,,0.2885938286781311,
,2357,147,,0.3023374676704407,
,2358,147,,0.2599841356277466,
,2359,147,,0.23426640033721924,
,2360,147,,0.2685546576976776,
,2361,147,,0.34665459394454956,
,2362,147,,0.29827576875686646,
,2363,147,,0.26661455631256104,
,2364,147,,0.29456377029418945,
,2365,147,,0.5059752464294434,
,2366,147,,0.31289446353912354,
,2367,147,,0.2776380777359009,
2368,,148,0.8777718544006348,,
2369,,148,0.7931966781616211,,
2370,,148,0.6214538216590881,,
2371,,148,0.7049288749694824,,
2372,,148,0.5203497409820557,,
2373,,148,0.5950760245323181,,
2374,,148,0.659633457660675,,
2375,,148,0.5610067844390869,,
2376,,148,1.003474473953247,,
2377,,148,0.6354411840438843,,
2378,,148,0.43766507506370544,,
2379,,148,0.8440974950790405,,
2380,,148,0.6878433227539062,,
2381,,148,0.4837248921394348,,
2382,,148,1.119290828704834,,
2383,,148,0.7133891582489014,,
,2368,148,,0.22070077061653137,
,2369,148,,0.2511943578720093,
,2370,148,,0.33810389041900635,
,2371,148,,0.2681678533554077,
,2372,148,,0.19865718483924866,
,2373,148,,0.2014303207397461,
,2374,148,,0.24290339648723602,
,2375,148,,0.3334185779094696,
,2376,148,,0.23353056609630585,
,2377,148,,0.20167194306850433,
,2378,148,,0.2582923173904419,
,2379,148,,0.36255377531051636,
,2380,148,,0.3080434203147888,
,2381,148,,0.19031557440757751,
,2382,148,,0.2978162169456482,
,2383,148,,0.3134502172470093,
2384,,149,1.4188165664672852,,
2385,,149,0.43768948316574097,,
2386,,149,0.7626718282699585,,
2387,,149,0.45440205931663513,,
2388,,149,0.5022321939468384,,
2389,,149,0.6924600601196289,,
2390,,149,0.39295268058776855,,
2391,,149,0.8507205843925476,,
2392,,149,1.1428275108337402,,
2393,,149,0.4463636875152588,,
2394,,149,0.7820207476615906,,
2395,,149,0.6416674852371216,,
2396,,149,0.6860963702201843,,
2397,,149,0.8862177729606628,,
2398,,149,0.8998622298240662,,
2399,,149,0.7932669520378113,,
,2384,149,,0.3029191493988037,
,2385,149,,0.4776918888092041,
,2386,149,,0.3155926465988159,
,2387,149,,0.39796632528305054,
,2388,149,,0.33991849422454834,
,2389,149,,0.26518726348876953,
,2390,149,,0.23573312163352966,
,2391,149,,0.3256078362464905,
,2392,149,,0.3719070851802826,
,2393,149,,0.34478113055229187,
,2394,149,,0.2490166276693344,
,2395,149,,0.3907783031463623,
,2396,149,,0.1960696578025818,
,2397,149,,0.34499186277389526,
,2398,149,,0.32405149936676025,
,2399,149,,0.2732577919960022,
2400,,150,0.5034158229827881,,
2401,,150,0.9191664457321167,,
2402,,150,0.9074713587760925,,
2403,,150,0.8253904581069946,,
2404,,150,0.9574555158615112,,
2405,,150,0.4383563995361328,,
2406,,150,0.6344156265258789,,
2407,,150,1.3487346172332764,,
2408,,150,1.3567684888839722,,
2409,,150,0.8128433227539062,,
2410,,150,1.1265586614608765,,
2411,,150,0.6093801856040955,,
2412,,150,0.7882120609283447,,
2413,,150,0.6435889005661011,,
2414,,150,0.9903136491775513,,
2415,,150,0.6626707315444946,,
,2400,150,,0.22983770072460175,
,2401,150,,0.2723233699798584,
,2402,150,,0.30150306224823,
,2403,150,,0.26468953490257263,
,2404,150,,0.3337252140045166,
,2405,150,,0.2734254002571106,
,2406,150,,0.25748714804649353,
,2407,150,,0.28555023670196533,
,2408,150,,0.24194848537445068,
,2409,150,,0.3039454221725464,
,2410,150,,0.36259767413139343,
,2411,150,,0.44893085956573486,
,2412,150,,0.226095050573349,
,2413,150,,0.2657957673072815,
,2414,150,,0.3362621068954468,
,2415,150,,0.3133145272731781,
2416,,151,0.6318163871765137,,
2417,,151,0.723378598690033,,
2418,,151,0.34861645102500916,,
2419,,151,0.7211712598800659,,
2420,,151,0.6180901527404785,,
2421,,151,0.4313341975212097,,
2422,,151,0.6117783784866333,,
2423,,151,0.9031321406364441,,
2424,,151,0.5071704387664795,,
2425,,151,1.368457555770874,,
2426,,151,0.8355072736740112,,
2427,,151,0.5168428421020508,,
2428,,151,1.0998507738113403,,
2429,,151,0.6143112182617188,,
2430,,151,1.327405333518982,,
2431,,151,0.5933641791343689,,
,2416,151,,0.24758881330490112,
,2417,151,,0.3965851068496704,
,2418,151,,0.2256726622581482,
,2419,151,,0.29487287998199463,
,2420,151,,0.224778413772583,
,2421,151,,0.3175957202911377,
,2422,151,,0.21179644763469696,
,2423,151,,0.3725055456161499,
,2424,151,,0.2740016579627991,
,2425,151,,0.22056761384010315,
,2426,151,,0.20462018251419067,
,2427,151,,0.38751310110092163,
,2428,151,,0.30046606063842773,
,2429,151,,0.2205764502286911,
,2430,151,,0.3740079402923584,
,2431,151,,0.2816163897514343,
2432,,152,1.2546021938323975,,
2433,,152,0.6819779276847839,,
2434,,152,0.3933981657028198,,
2435,,152,0.47712093591690063,,
2436,,152,1.0143237113952637,,
2437,,152,0.8819288611412048,,
2438,,152,0.6692456007003784,,
2439,,152,1.1015108823776245,,
2440,,152,0.509739100933075,,
2441,,152,0.924900233745575,,
2442,,152,1.1396373510360718,,
2443,,152,0.6620258688926697,,
2444,,152,0.49390125274658203,,
2445,,152,0.5265209078788757,,
2446,,152,1.0114920139312744,,
2447,,152,1.0746912956237793,,
,2432,152,,0.23766747117042542,
,2433,152,,0.24946998059749603,
,2434,152,,0.29164406657218933,
,2435,152,,0.3302878737449646,
,2436,152,,0.2447744607925415,
,2437,152,,0.31067487597465515,
,2438,152,,0.31128209829330444,
,2439,152,,0.320288747549057,
,2440,152,,0.3140510320663452,
,2441,152,,0.31033188104629517,
,2442,152,,0.24229073524475098,
,2443,152,,0.2811530828475952,
,2444,152,,0.376640260219574,
,2445,152,,0.20674298703670502,
,2446,152,,0.26315850019454956,
,2447,152,,0.2543245255947113,
2448,,153,0.9689955711364746,,
2449,,153,1.021538496017456,,
2450,,153,0.7805445194244385,,
2451,,153,0.8457071185112,,
2452,,153,0.39446622133255005,,
2453,,153,0.8506576418876648,,
2454,,153,0.4787658452987671,,
2455,,153,0.689469575881958,,
2456,,153,0.6064629554748535,,
2457,,153,0.7504141330718994,,
2458,,153,0.6934585571289062,,
2459,,153,0.6382572054862976,,
2460,,153,0.787956714630127,,
2461,,153,0.30532708764076233,,
2462,,153,0.5917912125587463,,
2463,,153,0.5074930191040039,,
,2448,153,,0.2846052646636963,
,2449,153,,0.23017863929271698,
,2450,153,,0.2590077817440033,
,2451,153,,0.26695874333381653,
,2452,153,,0.29792720079421997,
,2453,153,,0.3023993670940399,
,2454,153,,0.2524333894252777,
,2455,153,,0.19443249702453613,
,2456,153,,0.22867891192436218,
,2457,153,,0.2432166337966919,
,2458,153,,0.31584101915359497,
,2459,153,,0.25563952326774597,
,2460,153,,0.21949999034404755,
,2461,153,,0.2726706862449646,
,2462,153,,0.3328888416290283,
,2463,153,,0.294144868850708,
2464,,154,1.0957286357879639,,
2465,,154,0.5333002209663391,,
2466,,154,0.8030356764793396,,
2467,,154,0.626083493232727,,
2468,,154,0.4186881184577942,,
2469,,154,1.1047539710998535,,
2470,,154,1.1600801944732666,,
2471,,154,0.8439781665802002,,
2472,,154,0.2603183388710022,,
2473,,154,0.5715223550796509,,
2474,,154,0.4961937665939331,,
2475,,154,0.8112456202507019,,
2476,,154,0.6747211217880249,,
2477,,154,0.9827895164489746,,
2478,,154,0.745327353477478,,
2479,,154,0.8772544264793396,,
,2464,154,,0.23025451600551605,
,2465,154,,0.32064831256866455,
,2466,154,,0.33678489923477173,
,2467,154,,0.26417848467826843,
,2468,154,,0.251786470413208,
,2469,154,,0.30014538764953613,
,2470,154,,0.2896129786968231,
,2471,154,,0.21454501152038574,
,2472,154,,0.4189436137676239,
,2473,154,,0.3239673972129822,
,2474,154,,0.314303994178772,
,2475,154,,0.28460192680358887,
,2476,154,,0.24788972735404968,
,2477,154,,0.2804403305053711,
,2478,154,,0.39875349402427673,
,2479,154,,0.2788512706756592,
2480,,155,0.3462023437023163,,
2481,,155,0.6227721571922302,,
2482,,155,0.6935902833938599,,
2483,,155,0.6684584617614746,,
2484,,155,0.7584728002548218,,
2485,,155,1.2188571691513062,,
2486,,155,1.0204617977142334,,
2487,,155,0.8335230350494385,,
2488,,155,0.8458360433578491,,
2489,,155,0.9067274332046509,,
2490,,155,1.2288553714752197,,
2491,,155,0.6587011814117432,,
2492,,155,0.3912961483001709,,
2493,,155,1.1372365951538086,,
2494,,155,0.363147109746933,,
2495,,155,0.6674251556396484,,
,2480,155,,0.2990330159664154,
,2481,155,,0.26166027784347534,
,2482,155,,0.31642383337020874,
,2483,155,,0.27714186906814575,
,2484,155,,0.2400149405002594,
,2485,155,,0.2384660691022873,
,2486,155,,0.27188611030578613,
,2487,155,,0.3425326347351074,
,2488,155,,0.20292416214942932,
,2489,155,,0.24121198058128357,
,2490,155,,0.25122687220573425,
,2491,155,,0.20928168296813965,
,2492,155,,0.46159476041793823,
,2493,155,,0.2756602168083191,
,2494,155,,0.2331591695547104,
,2495,155,,0.37099489569664,
2496,,156,0.6184890270233154,,
2497,,156,1.071547269821167,,
2498,,156,0.4444262981414795,,
2499,,156,0.9952437877655029,,
2500,,156,0.3865757882595062,,
2501,,156,0.7196660041809082,,
2502,,156,0.6601800918579102,,
2503,,156,0.755652129650116,,
2504,,156,0.6079004406929016,,
2505,,156,0.8209325671195984,,
2506,,156,0.70943284034729,,
2507,,156,0.34628790616989136,,
2508,,156,1.3736515045166016,,
2509,,156,1.0839447975158691,,
2510,,156,0.5483705401420593,,
2511,,156,0.5193313956260681,,
,2496,156,,0.2706998586654663,
,2497,156,,0.31062960624694824,
,2498,156,,0.1907341182231903,
,2499,156,,0.48065370321273804,
,2500,156,,0.28623953461647034,
,2501,156,,0.36020156741142273,
,2502,156,,0.3925461769104004,
,2503,156,,0.24252347648143768,
,2504,156,,0.3032382130622864,
,2505,156,,0.288715660572052,
,2506,156,,0.32725614309310913,
,2507,156,,0.201872318983078,
,2508,156,,0.19727221131324768,
,2509,156,,0.3567450940608978,
,2510,156,,0.3191315829753876,
,2511,156,,0.3152894675731659,
2512,,157,1.1517564058303833,,
2513,,157,0.5803982615470886,,
2514,,157,0.7108466029167175,,
2515,,157,0.6251078844070435,,
2516,,157,1.2672715187072754,,
2517,,157,0.8922626376152039,,
2518,,157,0.7166004180908203,,
2519,,157,1.276068091392517,,
2520,,157,0.8392952680587769,,
2521,,157,0.35867440700531006,,
2522,,157,1.011125087738037,,
2523,,157,0.5793783068656921,,
2524,,157,0.5103684663772583,,
2525,,157,0.767839789390564,,
2526,,157,0.6858406066894531,,
2527,,157,0.6686803698539734,,
,2512,157,,0.22710931301116943,
,2513,157,,0.23132972419261932,
,2514,157,,0.34318017959594727,
,2515,157,,0.30322885513305664,
,2516,157,,0.19436046481132507,
,2517,157,,0.30374962091445923,
,2518,157,,0.25260666012763977,
,2519,157,,0.39485201239585876,
,2520,157,,0.30343204736709595,
,2521,157,,0.23766516149044037,
,2522,157,,0.2958754301071167,
,2523,157,,0.3645284175872803,
,2524,157,,0.419055700302124,
,2525,157,,0.3394533395767212,
,2526,157,,0.26907050609588623,
,2527,157,,0.29983872175216675,
2528,,158,1.3833297491073608,,
2529,,158,1.3852295875549316,,
2530,,158,0.7047631144523621,,
2531,,158,0.8852323889732361,,
2532,,158,0.27000731229782104,,
2533,,158,0.31004926562309265,,
2534,,158,0.7130071520805359,,
2535,,158,1.4676437377929688,,
2536,,158,0.5831948518753052,,
2537,,158,0.641559362411499,,
2538,,158,0.5529165267944336,,
2539,,158,0.6863002777099609,,
2540,,158,0.328681617975235,,
2541,,158,0.7502759695053101,,
2542,,158,0.6402606964111328,,
2543,,158,0.6085397005081177,,
,2528,158,,0.2717554271221161,
,2529,158,,0.33394384384155273,
,2530,158,,0.33433830738067627,
,2531,158,,0.28173255920410156,
,2532,158,,0.2377479523420334,
,2533,158,,0.26966431736946106,
,2534,158,,0.3105921149253845,
,2535,158,,0.26031094789505005,
,2536,158,,0.20317506790161133,
,2537,158,,0.31580454111099243,
,2538,158,,0.22723647952079773,
,2539,158,,0.33571895956993103,
,2540,158,,0.39443013072013855,
,2541,158,,0.31988203525543213,
,2542,158,,0.2721925675868988,
,2543,158,,0.2964830994606018,
2544,,159,0.8782113790512085,,
2545,,159,0.5593411922454834,,
2546,,159,0.7265810966491699,,
2547,,159,0.5589603185653687,,
2548,,159,0.7943851947784424,,
2549,,159,0.7257164716720581,,
2550,,159,0.9285839796066284,,
2551,,159,0.4404604136943817,,
2552,,159,0.41717299818992615,,
2553,,159,0.7090755701065063,,
2554,,159,0.6840268969535828,,
2555,,159,1.1015305519104004,,
2556,,159,0.6208916306495667,,
2557,,159,0.595757246017456,,
2558,,159,1.060584545135498,,
2559,,159,0.9318555593490601,,
,2544,159,,0.24340955913066864,
,2545,159,,0.29827362298965454,
,2546,159,,0.27327966690063477,
,2547,159,,0.4042379856109619,
,2548,159,,0.2282152622938156,
,2549,159,,0.27552175521850586,
,2550,159,,0.2295483648777008,
,2551,159,,0.28521236777305603,
,2552,159,,0.3186238408088684,
,2553,159,,0.3037286400794983,
,2554,159,,0.3230948746204376,
,2555,159,,0.29597896337509155,
,2556,159,,0.3130819797515869,
,2557,159,,0.4369353950023651,
,2558,159,,0.2639508843421936,
,2559,159,,0.24180111289024353,
2560,,160,0.9257974028587341,,
2561,,160,0.6943032145500183,,
2562,,160,0.9066200256347656,,
2563,,160,0.8628281950950623,,
2564,,160,0.3005393445491791,,
2565,,160,0.7237042784690857,,
2566,,160,0.4622015357017517,,
2567,,160,0.5743371248245239,,
2568,,160,0.5942152738571167,,
2569,,160,0.6980963945388794,,
2570,,160,0.39117714762687683,,
2571,,160,0.9170730113983154,,
2572,,160,0.7576134204864502,,
2573,,160,0.6056569814682007,,
2574,,160,0.2771570384502411,,
2575,,160,0.5843895673751831,,
,2560,160,,0.2350602149963379,
,2561,160,,0.30364856123924255,
,2562,160,,0.3743011951446533,
,2563,160,,0.25648221373558044,
,2564,160,,0.22528843581676483,
,2565,160,,0.2501840889453888,
,2566,160,,0.24695275723934174,
,2567,160,,0.19754791259765625,
,2568,160,,0.1990198791027069,
,2569,160,,0.3899118900299072,
,2570,160,,0.28655534982681274,
,2571,160,,0.2539256811141968,
,2572,160,,0.3308696150779724,
,2573,160,,0.49164700508117676,
,2574,160,,0.21050721406936646,
,2575,160,,0.21284322440624237,
2576,,161,0.8522717356681824,,
2577,,161,0.38372981548309326,,
2578,,161,0.3604128956794739,,
2579,,161,0.513770580291748,,
2580,,161,0.6550958156585693,,
2581,,161,0.8884581327438354,,
2582,,161,0.7239938974380493,,
2583,,161,0.5757131576538086,,
2584,,161,0.7313376665115356,,
2585,,161,0.9334901571273804,,
2586,,161,0.5787763595581055,,
2587,,161,1.0261281728744507,,
2588,,161,0.7189437747001648,,
2589,,161,1.1553666591644287,,
2590,,161,0.5238939523696899,,
2591,,161,0.9708242416381836,,
,2576,161,,0.4423760771751404,
,2577,161,,0.3019944727420807,
,2578,161,,0.2619432210922241,
,2579,161,,0.28669434785842896,
,2580,161,,0.3889238238334656,
,2581,161,,0.2440718710422516,
,2582,161,,0.2588154077529907,
,2583,161,,0.20593500137329102,
,2584,161,,0.3179613947868347,
,2585,161,,0.22007541358470917,
,2586,161,,0.34404897689819336,
,2587,161,,0.30950555205345154,
,2588,161,,0.29624587297439575,
,2589,161,,0.3875713050365448,
,2590,161,,0.3995935916900635,
,2591,161,,0.2951187789440155,
2592,,162,0.7123124003410339,,
2593,,162,0.6555749177932739,,
2594,,162,0.6923900842666626,,
2595,,162,0.5697042942047119,,
2596,,162,0.3663257956504822,,
2597,,162,1.4273412227630615,,
2598,,162,0.6014098525047302,,
2599,,162,0.7640819549560547,,
2600,,162,0.4480867087841034,,
2601,,162,1.1940639019012451,,
2602,,162,0.71250981092453,,
2603,,162,0.9605635404586792,,
2604,,162,0.7624651789665222,,
2605,,162,0.2733069062232971,,
2606,,162,0.9517626762390137,,
2607,,162,0.4933667778968811,,
,2592,162,,0.25137028098106384,
,2593,162,,0.31992724537849426,
,2594,162,,0.29101961851119995,
,2595,162,,0.2524619996547699,
,2596,162,,0.220439612865448,
,2597,162,,0.2493189573287964,
,2598,162,,0.2971791625022888,
,2599,162,,0.20412778854370117,
,2600,162,,0.32809558510780334,
,2601,162,,0.29537028074264526,
,2602,162,,0.3956381678581238,
,2603,162,,0.3169843554496765,
,2604,162,,0.256367564201355,
,2605,162,,0.302444726228714,
,2606,162,,0.3339187502861023,
,2607,162,,0.280437171459198,
2608,,163,0.6697289347648621,,
2609,,163,0.5973342657089233,,
2610,,163,0.7154906988143921,,
2611,,163,1.0336369276046753,,
2612,,163,0.9910311698913574,,
2613,,163,0.8033678531646729,,
2614,,163,0.743790328502655,,
2615,,163,0.6048796772956848,,
2616,,163,0.5757277607917786,,
2617,,163,1.2694114446640015,,
2618,,163,0.8563570976257324,,
2619,,163,0.8480730056762695,,
2620,,163,0.6709346771240234,,
2621,,163,0.40638697147369385,,
2622,,163,0.3773154020309448,,
2623,,163,0.32072365283966064,,
,2608,163,,0.4001712501049042,
,2609,163,,0.31340277194976807,
,2610,163,,0.37444543838500977,
,2611,163,,0.2933048903942108,
,2612,163,,0.31565460562705994,
,2613,163,,0.3237689137458801,
,2614,163,,0.2537689805030823,
,2615,163,,0.27546724677085876,
,2616,163,,0.29048335552215576,
,2617,163,,0.3551669120788574,
,2618,163,,0.2789938449859619,
,2619,163,,0.31188255548477173,
,2620,163,,0.32005661725997925,
,2621,163,,0.31776899099349976,
,2622,163,,0.2310868799686432,
,2623,163,,0.24164387583732605,
2624,,164,0.8546007871627808,,
2625,,164,0.6261018514633179,,
2626,,164,0.3878421485424042,,
2627,,164,0.4413256347179413,,
2628,,164,0.8370345830917358,,
2629,,164,0.3751555383205414,,
2630,,164,1.4305751323699951,,
2631,,164,0.6801126003265381,,
2632,,164,0.7843553423881531,,
2633,,164,1.3050920963287354,,
2634,,164,1.4340671300888062,,
2635,,164,0.6334734559059143,,
2636,,164,0.4719810485839844,,
2637,,164,0.5623331069946289,,
2638,,164,0.9732803106307983,,
2639,,164,0.41086167097091675,,
,2624,164,,0.2820843458175659,
,2625,164,,0.28901249170303345,
,2626,164,,0.2542295455932617,
,2627,164,,0.2676764130592346,
,2628,164,,0.2822442054748535,
,2629,164,,0.3733634352684021,
,2630,164,,0.274499773979187,
,2631,164,,0.36051997542381287,
,2632,164,,0.35218334197998047,
,2633,164,,0.21607300639152527,
,2634,164,,0.22324678301811218,
,2635,164,,0.29256272315979004,
,2636,164,,0.34347161650657654,
,2637,164,,0.25712674856185913,
,2638,164,,0.32081276178359985,
,2639,164,,0.2503491938114166,
2640,,165,1.1360656023025513,,
2641,,165,0.9086848497390747,,
2642,,165,0.678778350353241,,
2643,,165,0.8511781096458435,,
2644,,165,0.7375079989433289,,
2645,,165,0.36765629053115845,,
2646,,165,1.459818720817566,,
2647,,165,1.1007441282272339,,
2648,,165,0.7429046630859375,,
2649,,165,1.1357709169387817,,
2650,,165,0.8633490800857544,,
2651,,165,0.38511383533477783,,
2652,,165,0.24813303351402283,,
2653,,165,0.8788453936576843,,
2654,,165,1.0601633787155151,,
2655,,165,0.793343722820282,,
,2640,165,,0.3329099118709564,
,2641,165,,0.274606317281723,
,2642,165,,0.3410968780517578,
,2643,165,,0.38533663749694824,
,2644,165,,0.3755183219909668,
,2645,165,,0.26344823837280273,
,2646,165,,0.23279470205307007,
,2647,165,,0.22311678528785706,
,2648,165,,0.3181009292602539,
,2649,165,,0.3140128254890442,
,2650,165,,0.282692015171051,
,2651,165,,0.41242700815200806,
,2652,165,,0.24822115898132324,
,2653,165,,0.2231520265340805,
,2654,165,,0.29955586791038513,
,2655,165,,0.2758346498012543,
2656,,166,0.7549881935119629,,
2657,,166,1.2234365940093994,,
2658,,166,0.8231400847434998,,
2659,,166,0.3675715923309326,,
2660,,166,0.8458816409111023,,
2661,,166,0.7505992650985718,,
2662,,166,1.4826778173446655,,
2663,,166,0.7578546404838562,,
2664,,166,0.4791831374168396,,
2665,,166,0.5155081748962402,,
2666,,166,0.37402522563934326,,
2667,,166,0.695703387260437,,
2668,,166,0.7102686166763306,,
2669,,166,0.946305513381958,,
2670,,166,0.7278439402580261,,
2671,,166,0.6317914724349976,,
,2656,166,,0.22464905679225922,
,2657,166,,0.1898326724767685,
,2658,166,,0.27088433504104614,
,2659,166,,0.396704763174057,
,2660,166,,0.3436734080314636,
,2661,166,,0.22070372104644775,
,2662,166,,0.30089396238327026,
,2663,166,,0.2990041971206665,
,2664,166,,0.37615257501602173,
,2665,166,,0.20128926634788513,
,2666,166,,0.22821950912475586,
,2667,166,,0.3020724058151245,
,2668,166,,0.3569590747356415,
,2669,166,,0.2683901786804199,
,2670,166,,0.3217358887195587,
,2671,166,,0.27561208605766296,
2672,,167,0.8087977170944214,,
2673,,167,0.817008376121521,,
2674,,167,0.41886863112449646,,
2675,,167,0.8276747465133667,,
2676,,167,0.5375815033912659,,
2677,,167,1.005454182624817,,
2678,,167,0.7885932922363281,,
2679,,167,0.5732020139694214,,
2680,,167,0.39465293288230896,,
2681,,167,0.6702054738998413,,
2682,,167,0.6588329672813416,,
2683,,167,0.41516515612602234,,
2684,,167,0.8409589529037476,,
2685,,167,0.32024264335632324,,
2686,,167,1.2083200216293335,,
2687,,167,0.6501162052154541,,
,2672,167,,0.2736690938472748,
,2673,167,,0.299601674079895,
,2674,167,,0.41450124979019165,
,2675,167,,0.3250970244407654,
,2676,167,,0.30293136835098267,
,2677,167,,0.3897697925567627,
,2678,167,,0.2713654935359955,
,2679,167,,0.33873194456100464,
,2680,167,,0.2391200065612793,
,2681,167,,0.19194698333740234,
,2682,167,,0.35930657386779785,
,2683,167,,0.2774842083454132,
,2684,167,,0.2500217854976654,
,2685,167,,0.33016282320022583,
,2686,167,,0.23022353649139404,
,2687,167,,0.23761823773384094,
2688,,168,0.5708245038986206,,
2689,,168,0.5705912113189697,,
2690,,168,0.654755711555481,,
2691,,168,0.9843271970748901,,
2692,,168,0.9194424152374268,,
2693,,168,0.959514856338501,,
2694,,168,0.4697027802467346,,
2695,,168,0.7377026081085205,,
2696,,168,0.9058567881584167,,
2697,,168,0.8464640378952026,,
2698,,168,0.9398961067199707,,
2699,,168,0.8685407638549805,,
2700,,168,0.9610413312911987,,
2701,,168,0.7521544694900513,,
2702,,168,1.1185235977172852,,
2703,,168,0.6546287536621094,,
,2688,168,,0.33091115951538086,
,2689,168,,0.20609533786773682,
,2690,168,,0.241617351770401,
,2691,168,,0.27627331018447876,
,2692,168,,0.29572242498397827,
,2693,168,,0.2647804319858551,
,2694,168,,0.29155680537223816,
,2695,168,,0.31566321849823,
,2696,168,,0.24313275516033173,
,2697,168,,0.2844000458717346,
,2698,168,,0.37757524847984314,
,2699,168,,0.32836949825286865,
,2700,168,,0.2688535451889038,
,2701,168,,0.22975248098373413,
,2702,168,,0.2763044834136963,
,2703,168,,0.25871533155441284,
2704,,169,0.919442355632782,,
2705,,169,0.5797406435012817,,
2706,,169,0.40707653760910034,,
2707,,169,0.5015961527824402,,
2708,,169,0.42910680174827576,,
2709,,169,0.6928910613059998,,
2710,,169,0.4571812152862549,,
2711,,169,0.33497533202171326,,
2712,,169,0.8987981677055359,,
2713,,169,1.080756425857544,,
2714,,169,0.4985765814781189,,
2715,,169,0.7288738489151001,,
2716,,169,0.6591278314590454,,
2717,,169,0.517842173576355,,
2718,,169,0.8950625658035278,,
2719,,169,0.736534595489502,,
,2704,169,,0.39617618918418884,
,2705,169,,0.2849081754684448,
,2706,169,,0.40123558044433594,
,2707,169,,0.2853621244430542,
,2708,169,,0.4148104786872864,
,2709,169,,0.3884161710739136,
,2710,169,,0.23838631808757782,
,2711,169,,0.32892829179763794,
,2712,169,,0.2800148129463196,
,2713,169,,0.24039235711097717,
,2714,169,,0.35526105761528015,
,2715,169,,0.21049503982067108,
,2716,169,,0.25766119360923767,
,2717,169,,0.2268526405096054,
,2718,169,,0.38087010383605957,
,2719,169,,0.3530782461166382,
2720,,170,0.24522614479064941,,
2721,,170,0.4771096110343933,,
2722,,170,0.8109028339385986,,
2723,,170,0.7972826957702637,,
2724,,170,0.6450132131576538,,
2725,,170,1.2139763832092285,,
2726,,170,0.34392043948173523,,
2727,,170,0.6835036277770996,,
2728,,170,0.7675992250442505,,
2729,,170,0.8971452713012695,,
2730,,170,0.6965906620025635,,
2731,,170,1.1400741338729858,,
2732,,170,1.0188050270080566,,
2733,,170,0.8075790405273438,,
2734,,170,1.2082847356796265,,
2735,,170,0.6569501161575317,,
,2720,170,,0.3091244101524353,
,2721,170,,0.3039191961288452,
,2722,170,,0.34443768858909607,
,2723,170,,0.3357774615287781,
,2724,170,,0.19770382344722748,
,2725,170,,0.28993016481399536,
,2726,170,,0.2892073392868042,
,2727,170,,0.26836052536964417,
,2728,170,,0.2576189637184143,
,2729,170,,0.33181262016296387,
,2730,170,,0.33508166670799255,
,2731,170,,0.2825011909008026,
,2732,170,,0.1972205638885498,
,2733,170,,0.32523977756500244,
,2734,170,,0.2819000780582428,
,2735,170,,0.2700997591018677,
2736,,171,0.6551742553710938,,
2737,,171,0.8917750120162964,,
2738,,171,0.9930033683776855,,
2739,,171,0.4958866238594055,,
2740,,171,0.7343542575836182,,
2741,,171,0.49601054191589355,,
2742,,171,0.9887956976890564,,
2743,,171,0.8928556442260742,,
2744,,171,0.8715874552726746,,
2745,,171,0.8238884210586548,,
2746,,171,0.748588502407074,,
2747,,171,1.0101529359817505,,
2748,,171,1.0072520971298218,,
2749,,171,0.38701868057250977,,
2750,,171,0.8009432554244995,,
2751,,171,0.6307077407836914,,
,2736,171,,0.3676430583000183,
,2737,171,,0.32642310857772827,
,2738,171,,0.20218241214752197,
,2739,171,,0.2032383680343628,
,2740,171,,0.25998377799987793,
,2741,171,,0.40412387251853943,
,2742,171,,0.3050219416618347,
,2743,171,,0.3177337050437927,
,2744,171,,0.2671075463294983,
,2745,171,,0.27391284704208374,
,2746,171,,0.19261214137077332,
,2747,171,,0.37433668971061707,
,2748,171,,0.3491668105125427,
,2749,171,,0.36073407530784607,
,2750,171,,0.29967427253723145,
,2751,171,,0.3526389002799988,
2752,,172,0.4716673791408539,,
2753,,172,0.9285200834274292,,
2754,,172,1.5883538722991943,,
2755,,172,0.9042878150939941,,
2756,,172,0.7309713363647461,,
2757,,172,0.9017471075057983,,
2758,,172,0.9065883159637451,,
2759,,172,0.7974272966384888,,
2760,,172,0.4629178047180176,,
2761,,172,0.7541351318359375,,
2762,,172,0.30435457825660706,,
2763,,172,0.6222712993621826,,
2764,,172,0.930912971496582,,
2765,,172,0.27937081456184387,,
2766,,172,0.6230381727218628,,
2767,,172,0.5870291590690613,,
,2752,172,,0.24266526103019714,
,2753,172,,0.3409847617149353,
,2754,172,,0.2527558505535126,
,2755,172,,0.3184410333633423,
,2756,172,,0.3570712208747864,
,2757,172,,0.279559850692749,
,2758,172,,0.19749727845191956,
,2759,172,,0.2549545168876648,
,2760,172,,0.33313077688217163,
,2761,172,,0.19348864257335663,
,2762,172,,0.24089407920837402,
,2763,172,,0.3617848753929138,
,2764,172,,0.2836761474609375,
,2765,172,,0.2722472846508026,
,2766,172,,0.373056024312973,
,2767,172,,0.2830699384212494,
2768,,173,0.7863240242004395,,
2769,,173,0.7925394773483276,,
2770,,173,0.536055326461792,,
2771,,173,0.8147811889648438,,
2772,,173,1.1762709617614746,,
2773,,173,0.5098520517349243,,
2774,,173,0.8471403121948242,,
2775,,173,0.8780897855758667,,
2776,,173,0.7436443567276001,,
2777,,173,0.7474464178085327,,
2778,,173,0.7724422216415405,,
2779,,173,0.6749564409255981,,
2780,,173,0.7137870192527771,,
2781,,173,0.4515887200832367,,
2782,,173,0.9769039154052734,,
2783,,173,0.4573860764503479,,
,2768,173,,0.2715071439743042,
,2769,173,,0.2624589800834656,
,2770,173,,0.3413754403591156,
,2771,173,,0.32325857877731323,
,2772,173,,0.27654027938842773,
,2773,173,,0.2506427764892578,
,2774,173,,0.25124579668045044,
,2775,173,,0.3150028586387634,
,2776,173,,0.30027931928634644,
,2777,173,,0.3510884642601013,
,2778,173,,0.2661888897418976,
,2779,173,,0.3989010453224182,
,2780,173,,0.20819532871246338,
,2781,173,,0.24672862887382507,
,2782,173,,0.28703969717025757,
,2783,173,,0.31484565138816833,
2784,,174,0.7632493376731873,,
2785,,174,0.4533259868621826,,
2786,,174,0.661962628364563,,
2787,,174,1.4061689376831055,,
2788,,174,0.6975700259208679,,
2789,,174,0.4485570788383484,,
2790,,174,0.7819249629974365,,
2791,,174,0.7426950335502625,,
2792,,174,0.8101550340652466,,
2793,,174,0.8671254515647888,,
2794,,174,0.9971465468406677,,
2795,,174,0.7668555974960327,,
2796,,174,0.5535761117935181,,
2797,,174,0.832918643951416,,
2798,,174,0.7281443476676941,,
2799,,174,0.6261348724365234,,
,2784,174,,0.3037945628166199,
,2785,174,,0.29556092619895935,
,2786,174,,0.2753758728504181,
,2787,174,,0.20118644833564758,
,2788,174,,0.2624549865722656,
,2789,174,,0.2508402466773987,
,2790,174,,0.3891778588294983,
,2791,174,,0.27377721667289734,
,2792,174,,0.28252753615379333,
,2793,174,,0.28845667839050293,
,2794,174,,0.4208163619041443,
,2795,174,,0.29470521211624146,
,2796,174,,0.1873379647731781,
,2797,174,,0.23248450458049774,
,2798,174,,0.41664525866508484,
,2799,174,,0.3106299638748169,
2800,,175,0.30211320519447327,,
2801,,175,1.2616312503814697,,
2802,,175,0.7554826140403748,,
2803,,175,0.41454824805259705,,
2804,,175,0.8978643417358398,,
2805,,175,1.3149303197860718,,
2806,,175,0.5037752389907837,,
2807,,175,0.3819590210914612,,
2808,,175,1.0591927766799927,,
2809,,175,0.6896933317184448,,
2810,,175,0.49516043066978455,,
2811,,175,0.5872108936309814,,
2812,,175,1.6243051290512085,,
2813,,175,2.1118621826171875,,
2814,,175,0.7298446893692017,,
2815,,175,0.6335747241973877,,
,2800,175,,0.3771960139274597,
,2801,175,,0.29469501972198486,
,2802,175,,0.3725234866142273,
,2803,175,,0.26389047503471375,
,2804,175,,0.24286358058452606,
,2805,175,,0.25200921297073364,
,2806,175,,0.36390256881713867,
,2807,175,,0.24328485131263733,
,2808,175,,0.32063567638397217,
,2809,175,,0.2570344805717468,
,2810,175,,0.294087290763855,
,2811,175,,0.21056970953941345,
,2812,175,,0.310788631439209,
,2813,175,,0.3951188921928406,
,2814,175,,0.25475072860717773,
,2815,175,,0.2641642987728119,
2816,,176,0.46291956305503845,,
2817,,176,0.6623272895812988,,
2818,,176,0.7877981066703796,,
2819,,176,1.039370059967041,,
2820,,176,0.6950784921646118,,
2821,,176,0.4924252927303314,,
2822,,176,0.52994704246521,,
2823,,176,1.1914042234420776,,
2824,,176,1.0593132972717285,,
2825,,176,0.6313759088516235,,
2826,,176,1.2044422626495361,,
2827,,176,1.6270325183868408,,
2828,,176,1.3502414226531982,,
2829,,176,0.3581659197807312,,
2830,,176,0.3958992660045624,,
2831,,176,0.4327199161052704,,
,2816,176,,0.3420470952987671,
,2817,176,,0.427534282207489,
,2818,176,,0.28992390632629395,
,2819,176,,0.3526079058647156,
,2820,176,,0.2741730213165283,
,2821,176,,0.26593127846717834,
,2822,176,,0.34060001373291016,
,2823,176,,0.290408730506897,
,2824,176,,0.23691055178642273,
,2825,176,,0.39176392555236816,
,2826,176,,0.31348806619644165,
,2827,176,,0.3051917254924774,
,2828,176,,0.29978856444358826,
,2829,176,,0.22295211255550385,
,2830,176,,0.225128173828125,
,2831,176,,0.32880526781082153,
2832,,177,0.9572831392288208,,
2833,,177,0.9179975986480713,,
2834,,177,1.4688681364059448,,
2835,,177,0.684966504573822,,
2836,,177,0.9456284046173096,,
2837,,177,0.6614634394645691,,
2838,,177,1.1462428569793701,,
2839,,177,0.5026657581329346,,
2840,,177,0.7215776443481445,,
2841,,177,0.6761407852172852,,
2842,,177,0.7746279239654541,,
2843,,177,0.6678304672241211,,
2844,,177,0.6565015912055969,,
2845,,177,1.2824256420135498,,
2846,,177,0.29587554931640625,,
2847,,177,0.5779536962509155,,
,2832,177,,0.27121666073799133,
,2833,177,,0.35225364565849304,
,2834,177,,0.3067561388015747,
,2835,177,,0.2525162696838379,
,2836,177,,0.21151766180992126,
,2837,177,,0.31573686003685,
,2838,177,,0.25448188185691833,
,2839,177,,0.23336069285869598,
,2840,177,,0.22128872573375702,
,2841,177,,0.1947610080242157,
,2842,177,,0.3046573996543884,
,2843,177,,0.2410002201795578,
,2844,177,,0.27359139919281006,
,2845,177,,0.33874940872192383,
,2846,177,,0.277802437543869,
,2847,177,,0.27527791261672974,
2848,,178,1.0427953004837036,,
2849,,178,0.9232251048088074,,
2850,,178,1.219968318939209,,
2851,,178,0.8251389861106873,,
2852,,178,0.9922980070114136,,
2853,,178,0.8379888534545898,,
2854,,178,0.5975997447967529,,
2855,,178,0.29995936155319214,,
2856,,178,1.1799159049987793,,
2857,,178,0.6662604808807373,,
2858,,178,0.9685543775558472,,
2859,,178,0.8299288749694824,,
2860,,178,1.3164187669754028,,
2861,,178,0.44725915789604187,,
2862,,178,0.5085481405258179,,
2863,,178,0.6430675983428955,,
,2848,178,,0.2409934252500534,
,2849,178,,0.2747492790222168,
,2850,178,,0.2650730013847351,
,2851,178,,0.28354665637016296,
,2852,178,,0.2308100461959839,
,2853,178,,0.2850576341152191,
,2854,178,,0.2919212579727173,
,2855,178,,0.20705626904964447,
,2856,178,,0.2793969213962555,
,2857,178,,0.39789360761642456,
,2858,178,,0.36111772060394287,
,2859,178,,0.31504011154174805,
,2860,178,,0.3166712820529938,
,2861,178,,0.3748351037502289,
,2862,178,,0.3956579864025116,
,2863,178,,0.26676616072654724,
2864,,179,0.40044277906417847,,
2865,,179,0.517873227596283,,
2866,,179,0.6326236128807068,,
2867,,179,0.8633047938346863,,
2868,,179,0.37671908736228943,,
2869,,179,0.4624325931072235,,
2870,,179,0.6795649528503418,,
2871,,179,1.0528454780578613,,
2872,,179,0.9075538516044617,,
2873,,179,0.5378365516662598,,
2874,,179,0.7073677778244019,,
2875,,179,0.6418828964233398,,
2876,,179,0.3100129961967468,,
2877,,179,0.9062719345092773,,
2878,,179,1.3983876705169678,,
2879,,179,0.5738397240638733,,
,2864,179,,0.33064016699790955,
,2865,179,,0.38814204931259155,
,2866,179,,0.26418137550354004,
,2867,179,,0.23598170280456543,
,2868,179,,0.24211327731609344,
,2869,179,,0.294330358505249,
,2870,179,,0.24821797013282776,
,2871,179,,0.28454697132110596,
,2872,179,,0.2960851192474365,
,2873,179,,0.26612111926078796,
,2874,179,,0.2807201147079468,
,2875,179,,0.2896236777305603,
,2876,179,,0.28972098231315613,
,2877,179,,0.30773594975471497,
,2878,179,,0.24913820624351501,
,2879,179,,0.32594382762908936,
2880,,180,0.849777340888977,,
2881,,180,0.4032673239707947,,
2882,,180,0.6090503931045532,,
2883,,180,0.6251487135887146,,
2884,,180,0.8754023909568787,,
2885,,180,1.1978545188903809,,
2886,,180,0.43171167373657227,,
2887,,180,0.6607033610343933,,
2888,,180,0.4436608552932739,,
2889,,180,1.0011162757873535,,
2890,,180,0.994048535823822,,
2891,,180,1.0270514488220215,,
2892,,180,1.0970580577850342,,
2893,,180,0.48706144094467163,,
2894,,180,0.7299749255180359,,
2895,,180,0.5412008762359619,,
,2880,180,,0.2345242202281952,
,2881,180,,0.3141140341758728,
,2882,180,,0.2130066156387329,
,2883,180,,0.29478663206100464,
,2884,180,,0.30410200357437134,
,2885,180,,0.26921093463897705,
,2886,180,,0.27136945724487305,
,2887,180,,0.33223217725753784,
,2888,180,,0.37966597080230713,
,2889,180,,0.3045580983161926,
,2890,180,,0.24827328324317932,
,2891,180,,0.35733795166015625,
,2892,180,,0.36976146697998047,
,2893,180,,0.3025888502597809,
,2894,180,,0.24082869291305542,
,2895,180,,0.2519364356994629,
2896,,181,0.5266120433807373,,
2897,,181,1.5048946142196655,,
2898,,181,0.9285714626312256,,
2899,,181,1.1547412872314453,,
2900,,181,0.8007174730300903,,
2901,,181,0.5620002150535583,,
2902,,181,1.6328866481781006,,
2903,,181,0.6503047943115234,,
2904,,181,0.9424264430999756,,
2905,,181,0.6238347291946411,,
2906,,181,0.44067081809043884,,
2907,,181,0.5912129282951355,,
2908,,181,0.685235857963562,,
2909,,181,0.850145697593689,,
2910,,181,0.39202675223350525,,
2911,,181,0.5843597650527954,,
,2896,181,,0.30765867233276367,
,2897,181,,0.3445620536804199,
,2898,181,,0.38786453008651733,
,2899,181,,0.2918251156806946,
,2900,181,,0.3314797282218933,
,2901,181,,0.31961095333099365,
,2902,181,,0.33019423484802246,
,2903,181,,0.28865814208984375,
,2904,181,,0.2512061893939972,
,2905,181,,0.2195606231689453,
,2906,181,,0.2929648458957672,
,2907,181,,0.3713163733482361,
,2908,181,,0.2948852479457855,
,2909,181,,0.2216493934392929,
,2910,181,,0.3646972179412842,
,2911,181,,0.3981319069862366,
2912,,182,0.5370290279388428,,
2913,,182,0.6867364645004272,,
2914,,182,0.690190315246582,,
2915,,182,0.34342920780181885,,
2916,,182,0.662232518196106,,
2917,,182,0.48795637488365173,,
2918,,182,1.0060880184173584,,
2919,,182,1.4578077793121338,,
2920,,182,0.9104992747306824,,
2921,,182,0.9701464176177979,,
2922,,182,0.839339017868042,,
2923,,182,0.7732952833175659,,
2924,,182,0.6103804111480713,,
2925,,182,1.1290175914764404,,
2926,,182,1.0230504274368286,,
2927,,182,0.3730017840862274,,
,2912,182,,0.3420701026916504,
,2913,182,,0.30351322889328003,
,2914,182,,0.2364102005958557,
,2915,182,,0.2163209617137909,
,2916,182,,0.36466655135154724,
,2917,182,,0.2924001216888428,
,2918,182,,0.24475908279418945,
,2919,182,,0.25110697746276855,
,2920,182,,0.2697563171386719,
,2921,182,,0.20248469710350037,
,2922,182,,0.29439330101013184,
,2923,182,,0.2240794152021408,
,2924,182,,0.30809682607650757,
,2925,182,,0.29893821477890015,
,2926,182,,0.19483506679534912,
,2927,182,,0.24682997167110443,
2928,,183,0.8329505920410156,,
2929,,183,1.162448763847351,,
2930,,183,0.40147456526756287,,
2931,,183,1.1599395275115967,,
2932,,183,0.6499875783920288,,
2933,,183,0.7181557416915894,,
2934,,183,0.44433683156967163,,
2935,,183,0.7909948229789734,,
2936,,183,0.37223395705223083,,
2937,,183,1.3251980543136597,,
2938,,183,0.45669126510620117,,
2939,,183,0.6277824640274048,,
2940,,183,0.461605429649353,,
2941,,183,0.5365814566612244,,
2942,,183,0.9660991430282593,,
2943,,183,0.5708475112915039,,
,2928,183,,0.31975117325782776,
,2929,183,,0.241588294506073,
,2930,183,,0.28173792362213135,
,2931,183,,0.3730330467224121,
,2932,183,,0.2118527740240097,
,2933,183,,0.25745442509651184,
,2934,183,,0.2983957529067993,
,2935,183,,0.28824785351753235,
,2936,183,,0.3687609136104584,
,2937,183,,0.3208564519882202,
,2938,183,,0.2197229117155075,
,2939,183,,0.25316596031188965,
,2940,183,,0.25127974152565,
,2941,183,,0.26136696338653564,
,2942,183,,0.24100255966186523,
,2943,183,,0.25474387407302856,
2944,,184,0.895305335521698,,
2945,,184,0.8458786010742188,,
2946,,184,0.5828361511230469,,
2947,,184,0.5611370801925659,,
2948,,184,0.652769148349762,,
2949,,184,1.009340524673462,,
2950,,184,0.9048196077346802,,
2951,,184,0.9335610866546631,,
2952,,184,0.7776023745536804,,
2953,,184,0.545029878616333,,
2954,,184,0.6989302039146423,,
2955,,184,0.5966160297393799,,
2956,,184,1.208738088607788,,
2957,,184,0.9558857679367065,,
2958,,184,0.5148701071739197,,
2959,,184,1.3790473937988281,,
,2944,184,,0.28979653120040894,
,2945,184,,0.2599627375602722,
,2946,184,,0.26180902123451233,
,2947,184,,0.2395700216293335,
,2948,184,,0.2886972427368164,
,2949,184,,0.21034860610961914,
,2950,184,,0.37160414457321167,
,2951,184,,0.31507110595703125,
,2952,184,,0.3448091149330139,
,2953,184,,0.3822617530822754,
,2954,184,,0.4088251292705536,
,2955,184,,0.19066552817821503,
,2956,184,,0.2690761685371399,
,2957,184,,0.23783323168754578,
,2958,184,,0.21477705240249634,
,2959,184,,0.3206738829612732,
2960,,185,0.45594725012779236,,
2961,,185,1.100764513015747,,
2962,,185,0.5440847277641296,,
2963,,185,0.4808621406555176,,
2964,,185,0.3963695466518402,,
2965,,185,0.755703330039978,,
2966,,185,1.1793228387832642,,
2967,,185,0.47993505001068115,,
2968,,185,0.5172284841537476,,
2969,,185,0.6324608325958252,,
2970,,185,1.4355796575546265,,
2971,,185,0.6259105205535889,,
2972,,185,0.5321552157402039,,
2973,,185,0.34017276763916016,,
2974,,185,0.7377418875694275,,
2975,,185,0.5882236361503601,,
,2960,185,,0.22059619426727295,
,2961,185,,0.2553550899028778,
,2962,185,,0.35241788625717163,
,2963,185,,0.28704404830932617,
,2964,185,,0.23747074604034424,
,2965,185,,0.2632168233394623,
,2966,185,,0.24597565829753876,
,2967,185,,0.310753732919693,
,2968,185,,0.24016794562339783,
,2969,185,,0.24904589354991913,
,2970,185,,0.3020678758621216,
,2971,185,,0.2368210256099701,
,2972,185,,0.24464428424835205,
,2973,185,,0.2939913272857666,
,2974,185,,0.30507996678352356,
,2975,185,,0.3765237331390381,
2976,,186,0.6607879996299744,,
2977,,186,0.8869120478630066,,
2978,,186,0.36484551429748535,,
2979,,186,0.8304497599601746,,
2980,,186,0.7950019240379333,,
2981,,186,0.44523605704307556,,
2982,,186,0.3763728141784668,,
2983,,186,0.9478791952133179,,
2984,,186,0.4136473834514618,,
2985,,186,0.9108185768127441,,
2986,,186,0.8693286180496216,,
2987,,186,0.8457694053649902,,
2988,,186,0.8233221769332886,,
2989,,186,0.7506982088088989,,
2990,,186,0.407898485660553,,
2991,,186,1.4018888473510742,,
,2976,186,,0.3176012933254242,
,2977,186,,0.35485371947288513,
,2978,186,,0.2461913526058197,
,2979,186,,0.39901453256607056,
,2980,186,,0.36934661865234375,
,2981,186,,0.24423062801361084,
,2982,186,,0.3492361307144165,
,2983,186,,0.30011218786239624,
,2984,186,,0.2305227369070053,
,2985,186,,0.3737405240535736,
,2986,186,,0.2694578468799591,
,2987,186,,0.3348793387413025,
,2988,186,,0.2587202787399292,
,2989,186,,0.3187370300292969,
,2990,186,,0.35020190477371216,
,2991,186,,0.2372354120016098,
2992,,187,0.47316062450408936,,
2993,,187,0.5712706446647644,,
2994,,187,0.9465381503105164,,
2995,,187,0.93514084815979,,
2996,,187,0.4298652112483978,,
2997,,187,0.5819096565246582,,
2998,,187,0.512900710105896,,
2999,,187,0.7531037330627441,,
3000,,187,1.1854329109191895,,
3001,,187,0.7712110280990601,,
3002,,187,0.7721700668334961,,
3003,,187,0.9797793626785278,,
3004,,187,0.5901660323143005,,
3005,,187,0.5129844546318054,,
3006,,187,0.34351015090942383,,
3007,,187,0.7484244704246521,,
,2992,187,,0.19390982389450073,
,2993,187,,0.2573665678501129,
,2994,187,,0.4005044400691986,
,2995,187,,0.31423419713974,
,2996,187,,0.28636032342910767,
,2997,187,,0.22323541343212128,
,2998,187,,0.23488718271255493,
,2999,187,,0.33411937952041626,
,3000,187,,0.2441420555114746,
,3001,187,,0.30566057562828064,
,3002,187,,0.25724169611930847,
,3003,187,,0.26550060510635376,
,3004,187,,0.22050517797470093,
,3005,187,,0.30195340514183044,
,3006,187,,0.24666854739189148,
,3007,187,,0.31579726934432983,
3008,,188,0.7986730337142944,,
3009,,188,0.6282960176467896,,
3010,,188,0.5210522413253784,,
3011,,188,0.8455208539962769,,
3012,,188,0.6882328391075134,,
3013,,188,0.4812049865722656,,
3014,,188,0.8080958724021912,,
3015,,188,0.5617644190788269,,
3016,,188,0.4160950183868408,,
3017,,188,0.449707567691803,,
3018,,188,0.6095916032791138,,
3019,,188,0.7141263484954834,,
3020,,188,0.5057756304740906,,
3021,,188,0.7927848696708679,,
3022,,188,0.32629823684692383,,
3023,,188,0.8479644060134888,,
,3008,188,,0.24120336771011353,
,3009,188,,0.2574959993362427,
,3010,188,,0.2460731714963913,
,3011,188,,0.24191904067993164,
,3012,188,,0.2821061611175537,
,3013,188,,0.3855597972869873,
,3014,188,,0.3240858018398285,
,3015,188,,0.342153400182724,
,3016,188,,0.30767199397087097,
,3017,188,,0.2698329985141754,
,3018,188,,0.27779531478881836,
,3019,188,,0.43500059843063354,
,3020,188,,0.2703750729560852,
,3021,188,,0.3128442168235779,
,3022,188,,0.23460400104522705,
,3023,188,,0.31623488664627075,
3024,,189,1.032017707824707,,
3025,,189,0.3168182075023651,,
3026,,189,0.9608420133590698,,
3027,,189,0.43615293502807617,,
3028,,189,0.5303344130516052,,
3029,,189,0.6680492758750916,,
3030,,189,0.34811800718307495,,
3031,,189,0.44988346099853516,,
3032,,189,0.840613603591919,,
3033,,189,0.673825740814209,,
3034,,189,0.6366505026817322,,
3035,,189,0.93959641456604,,
3036,,189,0.9375483989715576,,
3037,,189,0.44032812118530273,,
3038,,189,0.48671218752861023,,
3039,,189,1.4822947978973389,,
,3024,189,,0.42347216606140137,
,3025,189,,0.3337688446044922,
,3026,189,,0.25748056173324585,
,3027,189,,0.28227537870407104,
,3028,189,,0.4550109803676605,
,3029,189,,0.29342103004455566,
,3030,189,,0.2682923674583435,
,3031,189,,0.3760595917701721,
,3032,189,,0.3249050974845886,
,3033,189,,0.3756919801235199,
,3034,189,,0.19227275252342224,
,3035,189,,0.31035172939300537,
,3036,189,,0.36800307035446167,
,3037,189,,0.28165608644485474,
,3038,189,,0.23544591665267944,
,3039,189,,0.4019845128059387,
3040,,190,0.5182485580444336,,
3041,,190,1.0276966094970703,,
3042,,190,0.6235727667808533,,
3043,,190,0.9948738813400269,,
3044,,190,0.9486472010612488,,
3045,,190,1.3237226009368896,,
3046,,190,0.4419242739677429,,
3047,,190,1.090253472328186,,
3048,,190,0.4011586904525757,,
3049,,190,1.079518437385559,,
3050,,190,1.1376161575317383,,
3051,,190,0.9113963842391968,,
3052,,190,0.6856762766838074,,
3053,,190,0.6666688919067383,,
3054,,190,0.5697571635246277,,
3055,,190,1.2774567604064941,,
,3040,190,,0.2790137529373169,
,3041,190,,0.27563345432281494,
,3042,190,,0.24035096168518066,
,3043,190,,0.2756423056125641,
,3044,190,,0.31402385234832764,
,3045,190,,0.29423773288726807,
,3046,190,,0.2999841570854187,
,3047,190,,0.3380460739135742,
,3048,190,,0.24160608649253845,
,3049,190,,0.3918410539627075,
,3050,190,,0.41690966486930847,
,3051,190,,0.39042985439300537,
,3052,190,,0.2843468487262726,
,3053,190,,0.19153353571891785,
,3054,190,,0.2356761395931244,
,3055,190,,0.305591344833374,
3056,,191,0.7397438883781433,,
3057,,191,0.7294807434082031,,
3058,,191,0.8615071177482605,,
3059,,191,0.8603011965751648,,
3060,,191,0.894547164440155,,
3061,,191,0.3236914873123169,,
3062,,191,0.4912751615047455,,
3063,,191,0.4016849994659424,,
3064,,191,0.5922164916992188,,
3065,,191,0.8384431600570679,,
3066,,191,0.6472640037536621,,
3067,,191,0.25616395473480225,,
3068,,191,0.4604562520980835,,
3069,,191,0.7028929591178894,,
3070,,191,0.30373793840408325,,
3071,,191,1.1421270370483398,,
,3056,191,,0.23847100138664246,
,3057,191,,0.20658962428569794,
,3058,191,,0.3310464024543762,
,3059,191,,0.19724291563034058,
,3060,191,,0.33173447847366333,
,3061,191,,0.21770885586738586,
,3062,191,,0.35727250576019287,
,3063,191,,0.30713289976119995,
,3064,191,,0.19183878600597382,
,3065,191,,0.3472418785095215,
,3066,191,,0.2865324020385742,
,3067,191,,0.19774097204208374,
,3068,191,,0.30929210782051086,
,3069,191,,0.24754935503005981,
,3070,191,,0.28354668617248535,
,3071,191,,0.2595183849334717,
3072,,192,0.5976958274841309,,
3073,,192,0.745917558670044,,
3074,,192,0.7569645643234253,,
3075,,192,0.5670835971832275,,
3076,,192,1.1877918243408203,,
3077,,192,0.9804468154907227,,
3078,,192,0.693732500076294,,
3079,,192,0.5518959164619446,,
3080,,192,1.0953017473220825,,
3081,,192,0.40662193298339844,,
3082,,192,0.920161247253418,,
3083,,192,1.0402138233184814,,
3084,,192,0.3769215941429138,,
3085,,192,0.5760271549224854,,
3086,,192,1.1182401180267334,,
3087,,192,0.35454195737838745,,
,3072,192,,0.4748879373073578,
,3073,192,,0.2447420060634613,
,3074,192,,0.269430011510849,
,3075,192,,0.23271334171295166,
,3076,192,,0.34986910223960876,
,3077,192,,0.36330997943878174,
,3078,192,,0.4613558053970337,
,3079,192,,0.2769070267677307,
,3080,192,,0.37184128165245056,
,3081,192,,0.2211223542690277,
,3082,192,,0.39239567518234253,
,3083,192,,0.31096211075782776,
,3084,192,,0.43829140067100525,
,3085,192,,0.4319283366203308,
,3086,192,,0.32263457775115967,
,3087,192,,0.32320353388786316,
3088,,193,0.7148873805999756,,
3089,,193,0.4665091931819916,,
3090,,193,0.47285598516464233,,
3091,,193,0.536815881729126,,
3092,,193,0.586549699306488,,
3093,,193,0.6351422071456909,,
3094,,193,0.27858179807662964,,
3095,,193,1.0743324756622314,,
3096,,193,0.6309782266616821,,
3097,,193,0.7488314509391785,,
3098,,193,0.3077232837677002,,
3099,,193,0.451569527387619,,
3100,,193,1.0005390644073486,,
3101,,193,0.9956645965576172,,
3102,,193,0.8308572769165039,,
3103,,193,0.507804274559021,,
,3088,193,,0.27115756273269653,
,3089,193,,0.25576770305633545,
,3090,193,,0.207997128367424,
,3091,193,,0.3474317789077759,
,3092,193,,0.3563206195831299,
,3093,193,,0.25083300471305847,
,3094,193,,0.2647131383419037,
,3095,193,,0.202828511595726,
,3096,193,,0.4321281909942627,
,3097,193,,0.3109592795372009,
,3098,193,,0.2102271020412445,
,3099,193,,0.3900843858718872,
,3100,193,,0.30370211601257324,
,3101,193,,0.31940770149230957,
,3102,193,,0.20479612052440643,
,3103,193,,0.29339444637298584,
3104,,194,0.4813796281814575,,
3105,,194,0.7220941781997681,,
3106,,194,0.8637580871582031,,
3107,,194,0.6534461975097656,,
3108,,194,1.167696237564087,,
3109,,194,0.8394905924797058,,
3110,,194,0.7365875244140625,,
3111,,194,1.0098721981048584,,
3112,,194,0.7606239318847656,,
3113,,194,0.7408108115196228,,
3114,,194,0.7681931853294373,,
3115,,194,0.35273516178131104,,
3116,,194,0.3508095443248749,,
3117,,194,0.7335814237594604,,
3118,,194,0.9507898092269897,,
3119,,194,0.5193743705749512,,
,3104,194,,0.20337466895580292,
,3105,194,,0.225157231092453,
,3106,194,,0.28619807958602905,
,3107,194,,0.21246539056301117,
,3108,194,,0.20079439878463745,
,3109,194,,0.1914404332637787,
,3110,194,,0.27912256121635437,
,3111,194,,0.297239750623703,
,3112,194,,0.20182208716869354,
,3113,194,,0.30586621165275574,
,3114,194,,0.2993701696395874,
,3115,194,,0.2999885082244873,
,3116,194,,0.41392382979393005,
,3117,194,,0.23066172003746033,
,3118,194,,0.357828825712204,
,3119,194,,0.3154323101043701,
3120,,195,1.1339101791381836,,
3121,,195,0.9371724128723145,,
3122,,195,0.882544994354248,,
3123,,195,0.6713086366653442,,
3124,,195,1.0271472930908203,,
3125,,195,1.2433198690414429,,
3126,,195,0.5946112871170044,,
3127,,195,0.8362994194030762,,
3128,,195,0.44141826033592224,,
3129,,195,0.5766561031341553,,
3130,,195,0.3105330169200897,,
3131,,195,1.206688404083252,,
3132,,195,0.625128448009491,,
3133,,195,0.4450570344924927,,
3134,,195,0.4859248399734497,,
3135,,195,0.76398766040802,,
,3120,195,,0.24939624965190887,
,3121,195,,0.3944847583770752,
,3122,195,,0.2847902774810791,
,3123,195,,0.20950329303741455,
,3124,195,,0.25246527791023254,
,3125,195,,0.23076093196868896,
,3126,195,,0.276583194732666,
,3127,195,,0.3773903250694275,
,3128,195,,0.3128315806388855,
,3129,195,,0.3964979648590088,
,3130,195,,0.36820146441459656,
,3131,195,,0.22638384997844696,
,3132,195,,0.23313449323177338,
,3133,195,,0.191819429397583,
,3134,195,,0.22690877318382263,
,3135,195,,0.2471427619457245,
3136,,196,0.583016037940979,,
3137,,196,0.5851762890815735,,
3138,,196,1.1319397687911987,,
3139,,196,0.6463745832443237,,
3140,,196,1.2573126554489136,,
3141,,196,0.7816156148910522,,
3142,,196,1.0824520587921143,,
3143,,196,0.531531035900116,,
3144,,196,0.7037021517753601,,
3145,,196,0.9056262969970703,,
3146,,196,0.5450990200042725,,
3147,,196,0.862144947052002,,
3148,,196,0.8969199061393738,,
3149,,196,0.9296982288360596,,
3150,,196,1.100513219833374,,
3151,,196,0.5017043948173523,,
,3136,196,,0.25366902351379395,
,3137,196,,0.2186826467514038,
,3138,196,,0.33344706892967224,
,3139,196,,0.40173888206481934,
,3140,196,,0.34372398257255554,
,3141,196,,0.22972887754440308,
,3142,196,,0.26421791315078735,
,3143,196,,0.31514737010002136,
,3144,196,,0.39766305685043335,
,3145,196,,0.2753160893917084,
,3146,196,,0.2852497696876526,
,3147,196,,0.24564027786254883,
,3148,196,,0.270874559879303,
,3149,196,,0.1892848014831543,
,3150,196,,0.3441751003265381,
,3151,196,,0.29813116788864136,
3152,,197,0.6379209756851196,,
3153,,197,0.85575932264328,,
3154,,197,0.6369127035140991,,
3155,,197,0.7070460319519043,,
3156,,197,1.3804051876068115,,
3157,,197,0.7748048305511475,,
3158,,197,1.0674307346343994,,
3159,,197,0.7566055655479431,,
3160,,197,0.9988569021224976,,
3161,,197,0.7095636129379272,,
3162,,197,0.5260467529296875,,
3163,,197,0.7565686106681824,,
3164,,197,0.6423425078392029,,
3165,,197,0.9119225740432739,,
3166,,197,0.9709181785583496,,
3167,,197,0.4916806221008301,,
,3152,197,,0.31519365310668945,
,3153,197,,0.28676271438598633,
,3154,197,,0.1928354948759079,
,3155,197,,0.21526822447776794,
,3156,197,,0.2591403126716614,
,3157,197,,0.35108113288879395,
,3158,197,,0.2800716459751129,
,3159,197,,0.1982085406780243,
,3160,197,,0.24590858817100525,
,3161,197,,0.4944964647293091,
,3162,197,,0.26075273752212524,
,3163,197,,0.2893582880496979,
,3164,197,,0.3025139570236206,
,3165,197,,0.25253427028656006,
,3166,197,,0.31755882501602173,
,3167,197,,0.3009100556373596,
3168,,198,0.6574022769927979,,
3169,,198,0.8293320536613464,,
3170,,198,1.1765379905700684,,
3171,,198,0.3548777997493744,,
3172,,198,0.5928017497062683,,
3173,,198,0.298459529876709,,
3174,,198,0.5157285928726196,,
3175,,198,0.5174738168716431,,
3176,,198,1.0763493776321411,,
3177,,198,0.5855910778045654,,
3178,,198,1.7453954219818115,,
3179,,198,0.9577454924583435,,
3180,,198,0.35236090421676636,,
3181,,198,0.4105691611766815,,
3182,,198,0.6353825330734253,,
3183,,198,0.5046391487121582,,
,3168,198,,0.31549274921417236,
,3169,198,,0.22493982315063477,
,3170,198,,0.29098111391067505,
,3171,198,,0.25271764397621155,
,3172,198,,0.28701654076576233,
,3173,198,,0.270948588848114,
,3174,198,,0.20293089747428894,
,3175,198,,0.5590963363647461,
,3176,198,,0.31260034441947937,
,3177,198,,0.39000463485717773,
,3178,198,,0.19486722350120544,
,3179,198,,0.34421420097351074,
,3180,198,,0.25634682178497314,
,3181,198,,0.3188249468803406,
,3182,198,,0.30742406845092773,
,3183,198,,0.3419240415096283,
3184,,199,1.1951491832733154,,
3185,,199,0.6294665932655334,,
3186,,199,0.302338570356369,,
3187,,199,0.6313266754150391,,
3188,,199,0.7216514348983765,,
3189,,199,1.5669368505477905,,
3190,,199,1.1060044765472412,,
3191,,199,0.707169771194458,,
3192,,199,0.6018970012664795,,
3193,,199,0.81084144115448,,
3194,,199,0.6411226987838745,,
3195,,199,0.48752695322036743,,
3196,,199,0.3527604341506958,,
3197,,199,0.7604548335075378,,
3198,,199,0.9552620649337769,,
3199,,199,1.0531872510910034,,
,3184,199,,0.34219154715538025,
,3185,199,,0.27726811170578003,
,3186,199,,0.4919120967388153,
,3187,199,,0.3458852171897888,
,3188,199,,0.2596224248409271,
,3189,199,,0.33012378215789795,
,3190,199,,0.30380094051361084,
,3191,199,,0.23697225749492645,
,3192,199,,0.4145581126213074,
,3193,199,,0.24378904700279236,
,3194,199,,0.2802947759628296,
,3195,199,,0.3253733813762665,
,3196,199,,0.32525622844696045,
,3197,199,,0.30545270442962646,
,3198,199,,0.30451709032058716,
,3199,199,,0.3369225859642029,
3200,,200,0.5881908535957336,,
3201,,200,1.240875482559204,,
3202,,200,0.430960476398468,,
3203,,200,0.6671621203422546,,
3204,,200,1.1630010604858398,,
3205,,200,0.4684600234031677,,
3206,,200,0.7850555181503296,,
3207,,200,0.6716451644897461,,
3208,,200,0.3733282685279846,,
3209,,200,0.6979300379753113,,
3210,,200,0.9217879176139832,,
3211,,200,1.240046739578247,,
3212,,200,0.9458593130111694,,
3213,,200,0.5432610511779785,,
3214,,200,1.289891242980957,,
3215,,200,0.38451820611953735,,
,3200,200,,0.2640905976295471,
,3201,200,,0.391395628452301,
,3202,200,,0.3295595943927765,
,3203,200,,0.20430025458335876,
,3204,200,,0.25266575813293457,
,3205,200,,0.2031674087047577,
,3206,200,,0.330573707818985,
,3207,200,,0.32180553674697876,
,3208,200,,0.38856467604637146,
,3209,200,,0.3909159302711487,
,3210,200,,0.3318334221839905,
,3211,200,,0.28605276346206665,
,3212,200,,0.25328588485717773,
,3213,200,,0.29505130648612976,
,3214,200,,0.29181838035583496,
,3215,200,,0.36892804503440857,
3216,,201,0.5855592489242554,,
3217,,201,0.8128691911697388,,
3218,,201,0.8243786096572876,,
3219,,201,1.2226345539093018,,
3220,,201,0.6964118480682373,,
3221,,201,1.0229804515838623,,
3222,,201,1.0065584182739258,,
3223,,201,0.586793065071106,,
3224,,201,0.6090594530105591,,
3225,,201,0.8036774396896362,,
3226,,201,0.5049073100090027,,
3227,,201,0.5694302320480347,,
3228,,201,0.7928093671798706,,
3229,,201,1.0806527137756348,,
3230,,201,1.1589903831481934,,
3231,,201,0.3490995168685913,,
,3216,201,,0.24724408984184265,
,3217,201,,0.3328452706336975,
,3218,201,,0.2441486120223999,
,3219,201,,0.2843753695487976,
,3220,201,,0.3488866984844208,
,3221,201,,0.45973843336105347,
,3222,201,,0.2947310507297516,
,3223,201,,0.22886157035827637,
,3224,201,,0.2385505735874176,
,3225,201,,0.28817039728164673,
,3226,201,,0.23841337859630585,
,3227,201,,0.268582820892334,
,3228,201,,0.25601762533187866,
,3229,201,,0.26841992139816284,
,3230,201,,0.23664288222789764,
,3231,201,,0.26210400462150574,
3232,,202,0.2916776239871979,,
3233,,202,1.3234364986419678,,
3234,,202,1.0838844776153564,,
3235,,202,1.2452293634414673,,
3236,,202,0.7845529913902283,,
3237,,202,0.5128635764122009,,
3238,,202,0.6622146964073181,,
3239,,202,0.6669556498527527,,
3240,,202,0.785930871963501,,
3241,,202,1.262688159942627,,
3242,,202,0.49361687898635864,,
3243,,202,0.6460463404655457,,
3244,,202,0.4401623010635376,,
3245,,202,0.38187867403030396,,
3246,,202,0.43899521231651306,,
3247,,202,0.8388766050338745,,
,3232,202,,0.34623610973358154,
,3233,202,,0.2875913977622986,
,3234,202,,0.22259537875652313,
,3235,202,,0.33419638872146606,
,3236,202,,0.271051287651062,
,3237,202,,0.228875994682312,
,3238,202,,0.28613293170928955,
,3239,202,,0.26307427883148193,
,3240,202,,0.2020735740661621,
,3241,202,,0.32736796140670776,
,3242,202,,0.2943246066570282,
,3243,202,,0.3194495141506195,
,3244,202,,0.19123737514019012,
,3245,202,,0.26724910736083984,
,3246,202,,0.3826904892921448,
,3247,202,,0.25565779209136963,
3248,,203,0.9912180304527283,,
3249,,203,0.6875119209289551,,
3250,,203,0.8249582052230835,,
3251,,203,0.6660801768302917,,
3252,,203,0.45768147706985474,,
3253,,203,0.8465180397033691,,
3254,,203,0.492769330739975,,
3255,,203,0.9093930125236511,,
3256,,203,0.9798325300216675,,
3257,,203,0.42097580432891846,,
3258,,203,0.42358383536338806,,
3259,,203,0.7899670004844666,,
3260,,203,0.5156071186065674,,
3261,,203,0.9941049814224243,,
3262,,203,1.098945140838623,,
3263,,203,0.4011673331260681,,
,3248,203,,0.4018029570579529,
,3249,203,,0.284715861082077,
,3250,203,,0.27580511569976807,
,3251,203,,0.2781778573989868,
,3252,203,,0.31870123744010925,
,3253,203,,0.3681606650352478,
,3254,203,,0.3745896518230438,
,3255,203,,0.2796388566493988,
,3256,203,,0.2980831265449524,
,3257,203,,0.2851998209953308,
,3258,203,,0.2669844329357147,
,3259,203,,0.3339938521385193,
,3260,203,,0.34351643919944763,
,3261,203,,0.2626338601112366,
,3262,203,,0.26601290702819824,
,3263,203,,0.4139816462993622,
3264,,204,0.29064905643463135,,
3265,,204,0.9960907697677612,,
3266,,204,0.9372271299362183,,
3267,,204,0.6469686031341553,,
3268,,204,0.49217483401298523,,
3269,,204,0.7310301065444946,,
3270,,204,0.8971206545829773,,
3271,,204,0.4876493215560913,,
3272,,204,0.46824321150779724,,
3273,,204,1.300356149673462,,
3274,,204,0.543374240398407,,
3275,,204,0.644156277179718,,
3276,,204,0.3934418559074402,,
3277,,204,0.7777342796325684,,
3278,,204,0.6509636640548706,,
3279,,204,0.41534897685050964,,
,3264,204,,0.28099849820137024,
,3265,204,,0.3194372355937958,
,3266,204,,0.23377291858196259,
,3267,204,,0.40881821513175964,
,3268,204,,0.3954068422317505,
,3269,204,,0.20360063016414642,
,3270,204,,0.34274959564208984,
,3271,204,,0.3394038677215576,
,3272,204,,0.2674279808998108,
,3273,204,,0.2727525234222412,
,3274,204,,0.3257979452610016,
,3275,204,,0.2633936405181885,
,3276,204,,0.3364211916923523,
,3277,204,,0.3460495173931122,
,3278,204,,0.2707178592681885,
,3279,204,,0.2056136578321457,
3280,,205,0.9875142574310303,,
3281,,205,0.7438849806785583,,
3282,,205,0.35776954889297485,,
3283,,205,0.7531486749649048,,
3284,,205,0.5537675619125366,,
3285,,205,0.29985520243644714,,
3286,,205,0.6517918109893799,,
3287,,205,0.3006715178489685,,
3288,,205,0.8307549953460693,,
3289,,205,0.36257869005203247,,
3290,,205,1.1366546154022217,,
3291,,205,0.34358084201812744,,
3292,,205,0.7325493693351746,,
3293,,205,0.3999750018119812,,
3294,,205,0.6833004355430603,,
3295,,205,0.6708564162254333,,
,3280,205,,0.2534693777561188,
,3281,205,,0.3685249984264374,
,3282,205,,0.25865599513053894,
,3283,205,,0.29340022802352905,
,3284,205,,0.3141794204711914,
,3285,205,,0.2977284789085388,
,3286,205,,0.24012230336666107,
,3287,205,,0.2632567286491394,
,3288,205,,0.35322171449661255,
,3289,205,,0.36273127794265747,
,3290,205,,0.309113085269928,
,3291,205,,0.2489093542098999,
,3292,205,,0.2693380117416382,
,3293,205,,0.26706594228744507,
,3294,205,,0.23563769459724426,
,3295,205,,0.31773799657821655,
3296,,206,0.4585275650024414,,
3297,,206,0.4553218483924866,,
3298,,206,0.7479872703552246,,
3299,,206,0.6306859254837036,,
3300,,206,0.8223223090171814,,
3301,,206,1.3698194026947021,,
3302,,206,0.8274447321891785,,
3303,,206,1.1409868001937866,,
3304,,206,0.8851973414421082,,
3305,,206,0.8524407148361206,,
3306,,206,0.6703323125839233,,
3307,,206,0.46233782172203064,,
3308,,206,0.5055996179580688,,
3309,,206,0.9423494338989258,,
3310,,206,0.3909568190574646,,
3311,,206,0.8900679349899292,,
,3296,206,,0.2752963900566101,
,3297,206,,0.2797536551952362,
,3298,206,,0.3098113536834717,
,3299,206,,0.2973640561103821,
,3300,206,,0.2925383448600769,
,3301,206,,0.3015436828136444,
,3302,206,,0.20168480277061462,
,3303,206,,0.2661075294017792,
,3304,206,,0.28759312629699707,
,3305,206,,0.2645150423049927,
,3306,206,,0.19821450114250183,
,3307,206,,0.3637387752532959,
,3308,206,,0.354727566242218,
,3309,206,,0.3357808589935303,
,3310,206,,0.34423327445983887,
,3311,206,,0.35078081488609314,
3312,,207,0.7175449728965759,,
3313,,207,0.9832209348678589,,
3314,,207,1.0265134572982788,,
3315,,207,0.6329435110092163,,
3316,,207,0.9647616147994995,,
3317,,207,0.5331305265426636,,
3318,,207,1.0404729843139648,,
3319,,207,0.6643707752227783,,
3320,,207,0.43306124210357666,,
3321,,207,1.1286795139312744,,
3322,,207,0.7531020045280457,,
3323,,207,1.2516611814498901,,
3324,,207,1.2691104412078857,,
3325,,207,0.4031223654747009,,
3326,,207,0.8323118090629578,,
3327,,207,0.6140047311782837,,
,3312,207,,0.26358291506767273,
,3313,207,,0.34462881088256836,
,3314,207,,0.2944636046886444,
,3315,207,,0.19829526543617249,
,3316,207,,0.3690081834793091,
,3317,207,,0.20963335037231445,
,3318,207,,0.38390469551086426,
,3319,207,,0.21091990172863007,
,3320,207,,0.3198844790458679,
,3321,207,,0.3014155328273773,
,3322,207,,0.31011104583740234,
,3323,207,,0.20351341366767883,
,3324,207,,0.260362833738327,
,3325,207,,0.34704458713531494,
,3326,207,,0.2422100156545639,
,3327,207,,0.2797284722328186,
3328,,208,0.6960868239402771,,
3329,,208,0.5264631509780884,,
3330,,208,0.8912684321403503,,
3331,,208,1.003117561340332,,
3332,,208,1.2115888595581055,,
3333,,208,0.6628663539886475,,
3334,,208,0.6410306692123413,,
3335,,208,0.938445508480072,,
3336,,208,0.40419062972068787,,
3337,,208,1.4195210933685303,,
3338,,208,0.7441481351852417,,
3339,,208,0.28787466883659363,,
3340,,208,0.8774760961532593,,
3341,,208,0.9439877271652222,,
3342,,208,0.9229626655578613,,
3343,,208,0.7864779829978943,,
,3328,208,,0.5384092330932617,
,3329,208,,0.21515890955924988,
,3330,208,,0.2716961205005646,
,3331,208,,0.34736618399620056,
,3332,208,,0.24490055441856384,
,3333,208,,0.18817341327667236,
,3334,208,,0.2165575921535492,
,3335,208,,0.276533842086792,
,3336,208,,0.29483747482299805,
,3337,208,,0.23680159449577332,
,3338,208,,0.29926037788391113,
,3339,208,,0.22841596603393555,
,3340,208,,0.26337137818336487,
,3341,208,,0.23010113835334778,
,3342,208,,0.34602054953575134,
,3343,208,,0.2981874644756317,
3344,,209,0.7115776538848877,,
3345,,209,0.27837884426116943,,
3346,,209,0.7172673940658569,,
3347,,209,1.2387017011642456,,
3348,,209,0.8744978308677673,,
3349,,209,0.603750467300415,,
3350,,209,0.8068113327026367,,
3351,,209,1.237943410873413,,
3352,,209,0.40705370903015137,,
3353,,209,0.31447964906692505,,
3354,,209,0.4958995282649994,,
3355,,209,0.7089039087295532,,
3356,,209,0.6699241399765015,,
3357,,209,0.5718795657157898,,
3358,,209,0.4151616096496582,,
3359,,209,0.43746715784072876,,
,3344,209,,0.2876042127609253,
,3345,209,,0.3067503571510315,
,3346,209,,0.2960526943206787,
,3347,209,,0.3298933207988739,
,3348,209,,0.21084654331207275,
,3349,209,,0.3620747923851013,
,3350,209,,0.27321353554725647,
,3351,209,,0.3654332160949707,
,3352,209,,0.25914090871810913,
,3353,209,,0.2448347508907318,
,3354,209,,0.21581673622131348,
,3355,209,,0.3024611175060272,
,3356,209,,0.22417454421520233,
,3357,209,,0.22520208358764648,
,3358,209,,0.306139200925827,
,3359,209,,0.33073675632476807,
3360,,210,0.5849393606185913,,
3361,,210,0.671539306640625,,
3362,,210,1.186566948890686,,
3363,,210,0.796355128288269,,
3364,,210,0.540076494216919,,
3365,,210,0.5694400072097778,,
3366,,210,0.37927135825157166,,
3367,,210,0.8807095289230347,,
3368,,210,0.7691036462783813,,
3369,,210,0.3863380551338196,,
3370,,210,0.6532200574874878,,
3371,,210,0.962080180644989,,
3372,,210,0.5056393146514893,,
3373,,210,0.6518973112106323,,
3374,,210,0.6030399799346924,,
3375,,210,0.9389922618865967,,
,3360,210,,0.2091580480337143,
,3361,210,,0.19675132632255554,
,3362,210,,0.2586863040924072,
,3363,210,,0.23554837703704834,
,3364,210,,0.3705024719238281,
,3365,210,,0.20040321350097656,
,3366,210,,0.19808869063854218,
,3367,210,,0.24308304488658905,
,3368,210,,0.3067026138305664,
,3369,210,,0.2630004584789276,
,3370,210,,0.32037800550460815,
,3371,210,,0.19707810878753662,
,3372,210,,0.23199860751628876,
,3373,210,,0.2627590298652649,
,3374,210,,0.27248260378837585,
,3375,210,,0.3664966821670532,
3376,,211,0.8525113463401794,,
3377,,211,0.31069982051849365,,
3378,,211,0.5037471055984497,,
3379,,211,0.9057413935661316,,
3380,,211,0.7628597021102905,,
3381,,211,0.6970354318618774,,
3382,,211,0.9171401858329773,,
3383,,211,0.8220752477645874,,
3384,,211,0.637032687664032,,
3385,,211,0.7353948950767517,,
3386,,211,0.8031272888183594,,
3387,,211,0.6318230628967285,,
3388,,211,1.0682597160339355,,
3389,,211,0.8742080926895142,,
3390,,211,1.0219087600708008,,
3391,,211,0.9968732595443726,,
,3376,211,,0.284382164478302,
,3377,211,,0.2642645239830017,
,3378,211,,0.20190374553203583,
,3379,211,,0.239793062210083,
,3380,211,,0.28382956981658936,
,3381,211,,0.34709155559539795,
,3382,211,,0.3597574830055237,
,3383,211,,0.31406959891319275,
,3384,211,,0.21469920873641968,
,3385,211,,0.30010122060775757,
,3386,211,,0.24416625499725342,
,3387,211,,0.3006621301174164,
,3388,211,,0.24620825052261353,
,3389,211,,0.18960782885551453,
,3390,211,,0.19990500807762146,
,3391,211,,0.242887943983078,
3392,,212,0.46428555250167847,,
3393,,212,1.221400260925293,,
3394,,212,0.8044679164886475,,
3395,,212,0.3489810824394226,,
3396,,212,0.9492815732955933,,
3397,,212,0.9211199283599854,,
3398,,212,0.5584405660629272,,
3399,,212,0.356419175863266,,
3400,,212,0.2700570523738861,,
3401,,212,0.6629955172538757,,
3402,,212,0.5972608923912048,,
3403,,212,0.7293248176574707,,
3404,,212,1.2400277853012085,,
3405,,212,0.7515281438827515,,
3406,,212,0.4821041524410248,,
3407,,212,0.34193849563598633,,
,3392,212,,0.36129438877105713,
,3393,212,,0.4513053297996521,
,3394,212,,0.3667384088039398,
,3395,212,,0.37851595878601074,
,3396,212,,0.2892642021179199,
,3397,212,,0.26312851905822754,
,3398,212,,0.2919187843799591,
,3399,212,,0.23214495182037354,
,3400,212,,0.2995149493217468,
,3401,212,,0.23158928751945496,
,3402,212,,0.2983752489089966,
,3403,212,,0.2607877254486084,
,3404,212,,0.3816373348236084,
,3405,212,,0.1926920861005783,
,3406,212,,0.298317015171051,
,3407,212,,0.2501053214073181,
3408,,213,0.4680638015270233,,
3409,,213,0.7974623441696167,,
3410,,213,0.6515607833862305,,
3411,,213,0.8275682926177979,,
3412,,213,0.9250151515007019,,
3413,,213,1.1868242025375366,,
3414,,213,1.5308592319488525,,
3415,,213,0.5238419771194458,,
3416,,213,0.7363351583480835,,
3417,,213,0.5851783752441406,,
3418,,213,1.2849867343902588,,
3419,,213,1.1732723712921143,,
3420,,213,1.4527591466903687,,
3421,,213,0.6413323879241943,,
3422,,213,0.7751007080078125,,
3423,,213,0.4083936810493469,,
,3408,213,,0.29777634143829346,
,3409,213,,0.19683080911636353,
,3410,213,,0.2724529206752777,
,3411,213,,0.27432781457901,
,3412,213,,0.25985896587371826,
,3413,213,,0.2434152364730835,
,3414,213,,0.35155701637268066,
,3415,213,,0.4475805461406708,
,3416,213,,0.25998884439468384,
,3417,213,,0.28225260972976685,
,3418,213,,0.25459930300712585,
,3419,213,,0.3458988070487976,
,3420,213,,0.29902899265289307,
,3421,213,,0.3465690612792969,
,3422,213,,0.40197452902793884,
,3423,213,,0.24077372252941132,
3424,,214,0.6533524394035339,,
3425,,214,1.0816376209259033,,
3426,,214,1.3672902584075928,,
3427,,214,0.5464498996734619,,
3428,,214,0.4456513822078705,,
3429,,214,0.44886600971221924,,
3430,,214,0.6573050022125244,,
3431,,214,0.6731166243553162,,
3432,,214,1.094910979270935,,
3433,,214,0.8103124499320984,,
3434,,214,0.32449066638946533,,
3435,,214,0.9289424419403076,,
3436,,214,0.4039655327796936,,
3437,,214,1.0535938739776611,,
3438,,214,0.3923420310020447,,
3439,,214,0.7693695425987244,,
,3424,214,,0.4009835720062256,
,3425,214,,0.22328686714172363,
,3426,214,,0.36528438329696655,
,3427,214,,0.3172869086265564,
,3428,214,,0.34195882081985474,
,3429,214,,0.2804097831249237,
,3430,214,,0.34867605566978455,
,3431,214,,0.29343169927597046,
,3432,214,,0.2918581962585449,
,3433,214,,0.28341925144195557,
,3434,214,,0.383891761302948,
,3435,214,,0.3443170487880707,
,3436,214,,0.2577778100967407,
,3437,214,,0.3253190517425537,
,3438,214,,0.20622096955776215,
,3439,214,,0.2716207206249237,
3440,,215,0.6354584693908691,,
3441,,215,0.9003968238830566,,
3442,,215,0.4549853801727295,,
3443,,215,0.8543671369552612,,
3444,,215,0.886837363243103,,
3445,,215,0.7834665179252625,,
3446,,215,0.9096349477767944,,
3447,,215,0.6432108283042908,,
3448,,215,0.6257697343826294,,
3449,,215,0.5548657178878784,,
3450,,215,0.4920935034751892,,
3451,,215,0.7093088626861572,,
3452,,215,0.8093408346176147,,
3453,,215,0.994452178478241,,
3454,,215,1.2085156440734863,,
3455,,215,0.8913097381591797,,
,3440,215,,0.3870786130428314,
,3441,215,,0.39860257506370544,
,3442,215,,0.38150858879089355,
,3443,215,,0.3571276068687439,
,3444,215,,0.21367818117141724,
,3445,215,,0.24872325360774994,
,3446,215,,0.2609923183917999,
,3447,215,,0.3218165338039398,
,3448,215,,0.20706979930400848,
,3449,215,,0.31514936685562134,
,3450,215,,0.2709561586380005,
,3451,215,,0.23767268657684326,
,3452,215,,0.3347613215446472,
,3453,215,,0.21744327247142792,
,3454,215,,0.36626583337783813,
,3455,215,,0.2912593483924866,
3456,,216,1.13700270652771,,
3457,,216,0.7859246134757996,,
3458,,216,0.7232292890548706,,
3459,,216,0.828452467918396,,
3460,,216,1.2889103889465332,,
3461,,216,0.6833498477935791,,
3462,,216,0.5919663310050964,,
3463,,216,0.3744974732398987,,
3464,,216,0.6096429824829102,,
3465,,216,0.7474381327629089,,
3466,,216,0.6893839836120605,,
3467,,216,1.028205394744873,,
3468,,216,1.02066969871521,,
3469,,216,0.734043538570404,,
3470,,216,1.484037160873413,,
3471,,216,0.3060140311717987,,
,3456,216,,0.24909183382987976,
,3457,216,,0.32936710119247437,
,3458,216,,0.3850002884864807,
,3459,216,,0.5525091290473938,
,3460,216,,0.4501681923866272,
,3461,216,,0.24777226150035858,
,3462,216,,0.2720813751220703,
,3463,216,,0.4100494086742401,
,3464,216,,0.3546428382396698,
,3465,216,,0.23605303466320038,
,3466,216,,0.2986220121383667,
,3467,216,,0.24724094569683075,
,3468,216,,0.3195701837539673,
,3469,216,,0.3135243058204651,
,3470,216,,0.3273243010044098,
,3471,216,,0.345547080039978,
3472,,217,0.7471153140068054,,
3473,,217,0.6864572763442993,,
3474,,217,0.5467292666435242,,
3475,,217,0.6668701171875,,
3476,,217,0.5849910974502563,,
3477,,217,0.35572192072868347,,
3478,,217,0.8322329521179199,,
3479,,217,0.9205659627914429,,
3480,,217,0.5057088136672974,,
3481,,217,0.7618674039840698,,
3482,,217,0.9182087779045105,,
3483,,217,0.6513062715530396,,
3484,,217,0.7737298011779785,,
3485,,217,0.7169922590255737,,
3486,,217,1.0866889953613281,,
3487,,217,0.45835864543914795,,
,3472,217,,0.24315285682678223,
,3473,217,,0.3324545621871948,
,3474,217,,0.2334674894809723,
,3475,217,,0.30281904339790344,
,3476,217,,0.3077637553215027,
,3477,217,,0.27720245718955994,
,3478,217,,0.3738057017326355,
,3479,217,,0.32743990421295166,
,3480,217,,0.2783964276313782,
,3481,217,,0.3840511739253998,
,3482,217,,0.273951917886734,
,3483,217,,0.3369429111480713,
,3484,217,,0.3757157325744629,
,3485,217,,0.29814207553863525,
,3486,217,,0.2134254425764084,
,3487,217,,0.3262816071510315,
3488,,218,0.9867115020751953,,
3489,,218,0.6018234491348267,,
3490,,218,0.3304673731327057,,
3491,,218,0.9379028081893921,,
3492,,218,0.2988916039466858,,
3493,,218,0.983039379119873,,
3494,,218,1.3201067447662354,,
3495,,218,0.5552839636802673,,
3496,,218,0.40754255652427673,,
3497,,218,1.1804490089416504,,
3498,,218,0.5466006994247437,,
3499,,218,0.5300129652023315,,
3500,,218,0.6148873567581177,,
3501,,218,0.3507901430130005,,
3502,,218,0.6002597808837891,,
3503,,218,0.8094107508659363,,
,3488,218,,0.24595396220684052,
,3489,218,,0.2797314524650574,
,3490,218,,0.2582111060619354,
,3491,218,,0.19684365391731262,
,3492,218,,0.2620776295661926,
,3493,218,,0.20458513498306274,
,3494,218,,0.35520073771476746,
,3495,218,,0.31829094886779785,
,3496,218,,0.21691665053367615,
,3497,218,,0.3658052682876587,
,3498,218,,0.5068947076797485,
,3499,218,,0.3494940400123596,
,3500,218,,0.24511143565177917,
,3501,218,,0.20792192220687866,
,3502,218,,0.3414095342159271,
,3503,218,,0.33816659450531006,
3504,,219,0.2783655524253845,,
3505,,219,0.7429631948471069,,
3506,,219,1.1462959051132202,,
3507,,219,0.7749916315078735,,
3508,,219,0.42429623007774353,,
3509,,219,1.058027982711792,,
3510,,219,0.9393041133880615,,
3511,,219,0.4675714373588562,,
3512,,219,0.5123741030693054,,
3513,,219,0.6416271328926086,,
3514,,219,0.787761926651001,,
3515,,219,1.1210001707077026,,
3516,,219,1.2530012130737305,,
3517,,219,0.8246121406555176,,
3518,,219,0.682055652141571,,
3519,,219,1.1292104721069336,,
,3504,219,,0.2856898903846741,
,3505,219,,0.22852960228919983,
,3506,219,,0.3043217957019806,
,3507,219,,0.3820958733558655,
,3508,219,,0.2212822288274765,
,3509,219,,0.31522685289382935,
,3510,219,,0.22565528750419617,
,3511,219,,0.230611652135849,
,3512,219,,0.34487184882164,
,3513,219,,0.2608270049095154,
,3514,219,,0.26683205366134644,
,3515,219,,0.30967578291893005,
,3516,219,,0.19641666114330292,
,3517,219,,0.34813785552978516,
,3518,219,,0.3334469795227051,
,3519,219,,0.37175416946411133,
3520,,220,0.8497490286827087,,
3521,,220,0.5636619925498962,,
3522,,220,0.9674078822135925,,
3523,,220,0.9389232397079468,,
3524,,220,0.2975028157234192,,
3525,,220,0.8299452662467957,,
3526,,220,0.7241172790527344,,
3527,,220,0.6147395968437195,,
3528,,220,0.47222572565078735,,
3529,,220,1.3395583629608154,,
3530,,220,0.3864533603191376,,
3531,,220,0.8599716424942017,,
3532,,220,0.5675723552703857,,
3533,,220,0.7889041900634766,,
3534,,220,0.4269568920135498,,
3535,,220,0.6583930253982544,,
,3520,220,,0.3881549835205078,
,3521,220,,0.3124046325683594,
,3522,220,,0.26321375370025635,
,3523,220,,0.3195958137512207,
,3524,220,,0.36448121070861816,
,3525,220,,0.30848756432533264,
,3526,220,,0.4347793459892273,
,3527,220,,0.31765517592430115,
,3528,220,,0.2921231687068939,
,3529,220,,0.30878138542175293,
,3530,220,,0.2695521116256714,
,3531,220,,0.30820319056510925,
,3532,220,,0.2923576831817627,
,3533,220,,0.30310752987861633,
,3534,220,,0.2579321265220642,
,3535,220,,0.19412915408611298,
3536,,221,1.4095661640167236,,
3537,,221,0.6005938053131104,,
3538,,221,0.6538314819335938,,
3539,,221,0.6601352095603943,,
3540,,221,0.6776115894317627,,
3541,,221,0.9810609817504883,,
3542,,221,0.9515326023101807,,
3543,,221,0.7404357194900513,,
3544,,221,0.6161167621612549,,
3545,,221,0.41615042090415955,,
3546,,221,1.1456793546676636,,
3547,,221,0.42101356387138367,,
3548,,221,1.1149570941925049,,
3549,,221,0.31922122836112976,,
3550,,221,1.1637539863586426,,
3551,,221,0.625589907169342,,
,3536,221,,0.4079624116420746,
,3537,221,,0.19521832466125488,
,3538,221,,0.32229599356651306,
,3539,221,,0.32204073667526245,
,3540,221,,0.23320989310741425,
,3541,221,,0.31658250093460083,
,3542,221,,0.290041446685791,
,3543,221,,0.2762502431869507,
,3544,221,,0.24827222526073456,
,3545,221,,0.33103129267692566,
,3546,221,,0.4165121018886566,
,3547,221,,0.2006015032529831,
,3548,221,,0.26892709732055664,
,3549,221,,0.3176342248916626,
,3550,221,,0.269763708114624,
,3551,221,,0.28300783038139343,
3552,,222,0.9213089942932129,,
3553,,222,0.8145951628684998,,
3554,,222,0.7862617373466492,,
3555,,222,0.4970857501029968,,
3556,,222,0.9484270811080933,,
3557,,222,0.6020553112030029,,
3558,,222,0.33872002363204956,,
3559,,222,0.6595218181610107,,
3560,,222,0.964503288269043,,
3561,,222,0.8159469962120056,,
3562,,222,0.7231314182281494,,
3563,,222,0.42100104689598083,,
3564,,222,0.5711022019386292,,
3565,,222,0.35554274916648865,,
3566,,222,0.44083237648010254,,
3567,,222,0.9174714088439941,,
,3552,222,,0.4164316654205322,
,3553,222,,0.2683221697807312,
,3554,222,,0.2621225118637085,
,3555,222,,0.2491707056760788,
,3556,222,,0.20585958659648895,
,3557,222,,0.2204509824514389,
,3558,222,,0.3249000012874603,
,3559,222,,0.2977425158023834,
,3560,222,,0.27409255504608154,
,3561,222,,0.2743510603904724,
,3562,222,,0.20923984050750732,
,3563,222,,0.20600247383117676,
,3564,222,,0.2918618619441986,
,3565,222,,0.3060300946235657,
,3566,222,,0.2376612275838852,
,3567,222,,0.2838625907897949,
3568,,223,0.5333268642425537,,
3569,,223,0.5328166484832764,,
3570,,223,0.8864948749542236,,
3571,,223,0.4847608208656311,,
3572,,223,0.7979178428649902,,
3573,,223,1.2239251136779785,,
3574,,223,0.821068286895752,,
3575,,223,0.4173954725265503,,
3576,,223,1.0209009647369385,,
3577,,223,1.3375844955444336,,
3578,,223,0.36289292573928833,,
3579,,223,0.7771533727645874,,
3580,,223,0.9400595426559448,,
3581,,223,0.3175555169582367,,
3582,,223,0.9198392629623413,,
3583,,223,0.5296005010604858,,
,3568,223,,0.3286168575286865,
,3569,223,,0.289205402135849,
,3570,223,,0.3055175244808197,
,3571,223,,0.38736647367477417,
,3572,223,,0.379971981048584,
,3573,223,,0.2624540328979492,
,3574,223,,0.30805158615112305,
,3575,223,,0.3255518078804016,
,3576,223,,0.4191931188106537,
,3577,223,,0.3012835681438446,
,3578,223,,0.3148907423019409,
,3579,223,,0.33656367659568787,
,3580,223,,0.25632423162460327,
,3581,223,,0.21271991729736328,
,3582,223,,0.24874341487884521,
,3583,223,,0.31333765387535095,
3584,,224,0.8816961050033569,,
3585,,224,0.6280503273010254,,
3586,,224,0.3941177725791931,,
3587,,224,0.5637357234954834,,
3588,,224,0.5082511901855469,,
3589,,224,0.9717586040496826,,
3590,,224,1.0721840858459473,,
3591,,224,0.7713274955749512,,
3592,,224,0.6475948691368103,,
3593,,224,0.9264742732048035,,
3594,,224,0.9460963010787964,,
3595,,224,0.7408677935600281,,
3596,,224,0.6742715835571289,,
3597,,224,0.658196747303009,,
3598,,224,0.8009884357452393,,
3599,,224,0.7755572199821472,,
,3584,224,,0.3939010500907898,
,3585,224,,0.2949584722518921,
,3586,224,,0.3182448148727417,
,3587,224,,0.3273026645183563,
,3588,224,,0.2371939867734909,
,3589,224,,0.34751662611961365,
,3590,224,,0.2900967597961426,
,3591,224,,0.35580891370773315,
,3592,224,,0.29467320442199707,
,3593,224,,0.4042167663574219,
,3594,224,,0.21901559829711914,
,3595,224,,0.30236440896987915,
,3596,224,,0.2868902385234833,
,3597,224,,0.33191871643066406,
,3598,224,,0.2145983874797821,
,3599,224,,0.34749317169189453,
3600,,225,0.5702714920043945,,
3601,,225,0.7851141691207886,,
3602,,225,1.1885790824890137,,
3603,,225,0.8425716161727905,,
3604,,225,0.6216827630996704,,
3605,,225,0.7831067442893982,,
3606,,225,0.4632683992385864,,
3607,,225,0.9715985059738159,,
3608,,225,0.39765188097953796,,
3609,,225,1.273240089416504,,
3610,,225,0.5409473180770874,,
3611,,225,1.154407262802124,,
3612,,225,0.876534640789032,,
3613,,225,1.096427321434021,,
3614,,225,0.593194842338562,,
3615,,225,0.8206536173820496,,
,3600,225,,0.2540523111820221,
,3601,225,,0.24609415233135223,
,3602,225,,0.20736587047576904,
,3603,225,,0.2128957211971283,
,3604,225,,0.21838891506195068,
,3605,225,,0.252295583486557,
,3606,225,,0.4429210126399994,
,3607,225,,0.28014612197875977,
,3608,225,,0.251109778881073,
,3609,225,,0.3474733829498291,
,3610,225,,0.2972528338432312,
,3611,225,,0.31016430258750916,
,3612,225,,0.3312537372112274,
,3613,225,,0.27363163232803345,
,3614,225,,0.24514155089855194,
,3615,225,,0.4531283378601074,
3616,,226,0.7191235423088074,,
3617,,226,0.9309611320495605,,
3618,,226,0.40459591150283813,,
3619,,226,0.7385477423667908,,
3620,,226,0.6686547994613647,,
3621,,226,0.9407138228416443,,
3622,,226,0.8414480090141296,,
3623,,226,0.8984752893447876,,
3624,,226,0.576433002948761,,
3625,,226,0.7182671427726746,,
3626,,226,1.1397851705551147,,
3627,,226,0.7765586376190186,,
3628,,226,0.7159125208854675,,
3629,,226,0.9306315183639526,,
3630,,226,0.3816611170768738,,
3631,,226,0.6596672534942627,,
,3616,226,,0.4057132601737976,
,3617,226,,0.28766196966171265,
,3618,226,,0.32238873839378357,
,3619,226,,0.2871056795120239,
,3620,226,,0.3279165029525757,
,3621,226,,0.2925596237182617,
,3622,226,,0.21315321326255798,
,3623,226,,0.29483848810195923,
,3624,226,,0.29397648572921753,
,3625,226,,0.35640376806259155,
,3626,226,,0.339996874332428,
,3627,226,,0.30322712659835815,
,3628,226,,0.34019705653190613,
,3629,226,,0.4008362889289856,
,3630,226,,0.3292962908744812,
,3631,226,,0.21738164126873016,
3632,,227,0.7247745394706726,,
3633,,227,0.5838016271591187,,
3634,,227,0.8115451335906982,,
3635,,227,0.47546038031578064,,
3636,,227,0.7700271606445312,,
3637,,227,0.3535107970237732,,
3638,,227,0.301880419254303,,
3639,,227,1.1604347229003906,,
3640,,227,0.846076488494873,,
3641,,227,0.6056429147720337,,
3642,,227,0.8713735342025757,,
3643,,227,0.37471804022789,,
3644,,227,0.7186428904533386,,
3645,,227,0.37008461356163025,,
3646,,227,0.6583507061004639,,
3647,,227,0.6889939308166504,,
,3632,227,,0.30830180644989014,
,3633,227,,0.28432410955429077,
,3634,227,,0.2655782699584961,
,3635,227,,0.30087462067604065,
,3636,227,,0.2841750681400299,
,3637,227,,0.2530853748321533,
,3638,227,,0.34666353464126587,
,3639,227,,0.26322275400161743,
,3640,227,,0.3887363076210022,
,3641,227,,0.24605844914913177,
,3642,227,,0.26070043444633484,
,3643,227,,0.2684498131275177,
,3644,227,,0.229413241147995,
,3645,227,,0.23124150931835175,
,3646,227,,0.409527987241745,
,3647,227,,0.24451518058776855,
3648,,228,1.0578227043151855,,
3649,,228,0.6805674433708191,,
3650,,228,0.3290186822414398,,
3651,,228,1.6516331434249878,,
3652,,228,0.5510910749435425,,
3653,,228,0.9888406991958618,,
3654,,228,0.2133733034133911,,
3655,,228,1.183579444885254,,
3656,,228,0.37286290526390076,,
3657,,228,0.5319436192512512,,
3658,,228,0.46342217922210693,,
3659,,228,0.7547333240509033,,
3660,,228,0.5760676264762878,,
3661,,228,0.6650776863098145,,
3662,,228,0.6522694826126099,,
3663,,228,0.690205454826355,,
,3648,228,,0.2129770815372467,
,3649,228,,0.38506072759628296,
,3650,228,,0.2925654649734497,
,3651,228,,0.20878520607948303,
,3652,228,,0.38514190912246704,
,3653,228,,0.2583426237106323,
,3654,228,,0.4218689799308777,
,3655,228,,0.3450167179107666,
,3656,228,,0.3336760997772217,
,3657,228,,0.4073825776576996,
,3658,228,,0.29756003618240356,
,3659,228,,0.31935742497444153,
,3660,228,,0.42956072092056274,
,3661,228,,0.38196930289268494,
,3662,228,,0.2571907639503479,
,3663,228,,0.33468663692474365,
3664,,229,0.8217660784721375,,
3665,,229,1.1194281578063965,,
3666,,229,0.5315185785293579,,
3667,,229,0.7944653034210205,,
3668,,229,0.2949706017971039,,
3669,,229,0.6807341575622559,,
3670,,229,0.670806348323822,,
3671,,229,0.5826811790466309,,
3672,,229,1.055544137954712,,
3673,,229,0.9292844533920288,,
3674,,229,0.5165688991546631,,
3675,,229,1.4125299453735352,,
3676,,229,0.8842189311981201,,
3677,,229,0.4637352228164673,,
3678,,229,0.757475733757019,,
3679,,229,0.5992836356163025,,
,3664,229,,0.203871950507164,
,3665,229,,0.3197868764400482,
,3666,229,,0.19148266315460205,
,3667,229,,0.24837908148765564,
,3668,229,,0.31438204646110535,
,3669,229,,0.22893545031547546,
,3670,229,,0.29660582542419434,
,3671,229,,0.35105031728744507,
,3672,229,,0.2816043496131897,
,3673,229,,0.30314284563064575,
,3674,229,,0.1908957064151764,
,3675,229,,0.28977227210998535,
,3676,229,,0.3071686625480652,
,3677,229,,0.3371662497520447,
,3678,229,,0.26433438062667847,
,3679,229,,0.2511695623397827,
3680,,230,0.4602585434913635,,
3681,,230,0.8283231258392334,,
3682,,230,0.567020833492279,,
3683,,230,0.4737365245819092,,
3684,,230,0.532745361328125,,
3685,,230,0.4558475613594055,,
3686,,230,0.6226061582565308,,
3687,,230,0.7397302985191345,,
3688,,230,0.5973867177963257,,
3689,,230,0.29877692461013794,,
3690,,230,0.7057492136955261,,
3691,,230,0.76814866065979,,
3692,,230,0.7761921882629395,,
3693,,230,0.6232541799545288,,
3694,,230,0.7775525450706482,,
3695,,230,1.182624101638794,,
,3680,230,,0.25561973452568054,
,3681,230,,0.37645286321640015,
,3682,230,,0.2388966679573059,
,3683,230,,0.2836254835128784,
,3684,230,,0.19775137305259705,
,3685,230,,0.3240393400192261,
,3686,230,,0.2408730685710907,
,3687,230,,0.285719096660614,
,3688,230,,0.21843838691711426,
,3689,230,,0.2359876036643982,
,3690,230,,0.3134300112724304,
,3691,230,,0.26414787769317627,
,3692,230,,0.3080606460571289,
,3693,230,,0.2586032748222351,
,3694,230,,0.25987905263900757,
,3695,230,,0.31250178813934326,
3696,,231,0.8985676765441895,,
3697,,231,0.5918742418289185,,
3698,,231,0.7788405418395996,,
3699,,231,1.439225196838379,,
3700,,231,1.283128023147583,,
3701,,231,0.4569455087184906,,
3702,,231,0.49501752853393555,,
3703,,231,0.8278412818908691,,
3704,,231,0.2634774446487427,,
3705,,231,1.6243332624435425,,
3706,,231,1.1340855360031128,,
3707,,231,0.9289212226867676,,
3708,,231,0.5969954133033752,,
3709,,231,0.6608313918113708,,
3710,,231,0.7553593516349792,,
3711,,231,0.550678014755249,,
,3696,231,,0.31713175773620605,
,3697,231,,0.28689339756965637,
,3698,231,,0.239568293094635,
,3699,231,,0.24018263816833496,
,3700,231,,0.2990753948688507,
,3701,231,,0.3305218517780304,
,3702,231,,0.2915480136871338,
,3703,231,,0.2983701229095459,
,3704,231,,0.2566910982131958,
,3705,231,,0.35632118582725525,
,3706,231,,0.2945266664028168,
,3707,231,,0.4051092565059662,
,3708,231,,0.2601079046726227,
,3709,231,,0.27190878987312317,
,3710,231,,0.31751301884651184,
,3711,231,,0.26637935638427734,
3712,,232,0.930243968963623,,
3713,,232,0.42464765906333923,,
3714,,232,0.8555526733398438,,
3715,,232,0.8134633898735046,,
3716,,232,0.43989238142967224,,
3717,,232,0.7286945581436157,,
3718,,232,1.0718512535095215,,
3719,,232,1.1759451627731323,,
3720,,232,0.46715816855430603,,
3721,,232,1.2907099723815918,,
3722,,232,0.5651916265487671,,
3723,,232,0.9572222232818604,,
3724,,232,1.1880136728286743,,
3725,,232,0.5999107360839844,,
3726,,232,0.4148807227611542,,
3727,,232,0.6613954305648804,,
,3712,232,,0.47853440046310425,
,3713,232,,0.3615435063838959,
,3714,232,,0.19098137319087982,
,3715,232,,0.505264163017273,
,3716,232,,0.2916164994239807,
,3717,232,,0.307510107755661,
,3718,232,,0.2661793529987335,
,3719,232,,0.29097259044647217,
,3720,232,,0.27046939730644226,
,3721,232,,0.28760212659835815,
,3722,232,,0.27021241188049316,
,3723,232,,0.2580134868621826,
,3724,232,,0.2404206246137619,
,3725,232,,0.38811954855918884,
,3726,232,,0.36367034912109375,
,3727,232,,0.20312300324440002,
3728,,233,0.7988342046737671,,
3729,,233,1.424959421157837,,
3730,,233,0.567707896232605,,
3731,,233,0.8464229106903076,,
3732,,233,1.028999924659729,,
3733,,233,1.2058649063110352,,
3734,,233,0.9019996523857117,,
3735,,233,1.2147235870361328,,
3736,,233,0.5002343654632568,,
3737,,233,0.8038806915283203,,
3738,,233,0.6454527378082275,,
3739,,233,0.6828534007072449,,
3740,,233,0.48893868923187256,,
3741,,233,1.2295422554016113,,
3742,,233,0.6333481669425964,,
3743,,233,0.8927204012870789,,
,3728,233,,0.3070438504219055,
,3729,233,,0.43733319640159607,
,3730,233,,0.3392467498779297,
,3731,233,,0.28136181831359863,
,3732,233,,0.2992646098136902,
,3733,233,,0.28331077098846436,
,3734,233,,0.2434450387954712,
,3735,233,,0.31023961305618286,
,3736,233,,0.2337174266576767,
,3737,233,,0.2862885594367981,
,3738,233,,0.3971719741821289,
,3739,233,,0.201407790184021,
,3740,233,,0.23299555480480194,
,3741,233,,0.33003970980644226,
,3742,233,,0.2706965208053589,
,3743,233,,0.31788644194602966,
3744,,234,1.2412571907043457,,
3745,,234,0.5520183444023132,,
3746,,234,0.9154475927352905,,
3747,,234,0.8739897608757019,,
3748,,234,1.0286478996276855,,
3749,,234,0.5820046663284302,,
3750,,234,0.40116024017333984,,
3751,,234,0.6038020849227905,,
3752,,234,0.44260725378990173,,
3753,,234,0.9133529663085938,,
3754,,234,0.5564821362495422,,
3755,,234,1.1052525043487549,,
3756,,234,0.7652262449264526,,
3757,,234,0.6440860629081726,,
3758,,234,0.8102331161499023,,
3759,,234,0.6395803689956665,,
,3744,234,,0.22264984250068665,
,3745,234,,0.34520894289016724,
,3746,234,,0.39782604575157166,
,3747,234,,0.22963878512382507,
,3748,234,,0.2275809347629547,
,3749,234,,0.24234065413475037,
,3750,234,,0.3138526678085327,
,3751,234,,0.27689528465270996,
,3752,234,,0.36303815245628357,
,3753,234,,0.1977616399526596,
,3754,234,,0.29511499404907227,
,3755,234,,0.2435397356748581,
,3756,234,,0.19962744414806366,
,3757,234,,0.32672223448753357,
,3758,234,,0.25166669487953186,
,3759,234,,0.31200721859931946,
3760,,235,1.2175430059432983,,
3761,,235,0.7533302307128906,,
3762,,235,1.0882540941238403,,
3763,,235,0.582846462726593,,
3764,,235,0.9707717895507812,,
3765,,235,0.40679502487182617,,
3766,,235,1.3336714506149292,,
3767,,235,0.9944978952407837,,
3768,,235,0.8366489410400391,,
3769,,235,0.838784396648407,,
3770,,235,0.6828802824020386,,
3771,,235,0.4620931148529053,,
3772,,235,0.6141753196716309,,
3773,,235,0.34222209453582764,,
3774,,235,0.7496144771575928,,
3775,,235,0.9142024517059326,,
,3760,235,,0.33660316467285156,
,3761,235,,0.28466570377349854,
,3762,235,,0.18884515762329102,
,3763,235,,0.24803106486797333,
,3764,235,,0.31922903656959534,
,3765,235,,0.3007914423942566,
,3766,235,,0.3142743706703186,
,3767,235,,0.26442092657089233,
,3768,235,,0.22772125899791718,
,3769,235,,0.3393072485923767,
,3770,235,,0.23753154277801514,
,3771,235,,0.2258148193359375,
,3772,235,,0.3271285891532898,
,3773,235,,0.2895622253417969,
,3774,235,,0.3245122730731964,
,3775,235,,0.35879477858543396,
3776,,236,0.4968891143798828,,
3777,,236,1.0985337495803833,,
3778,,236,0.9697043299674988,,
3779,,236,1.3282878398895264,,
3780,,236,0.7577580213546753,,
3781,,236,0.7715009450912476,,
3782,,236,0.9713138341903687,,
3783,,236,0.7485700845718384,,
3784,,236,1.2642974853515625,,
3785,,236,0.4523106813430786,,
3786,,236,1.2117928266525269,,
3787,,236,0.6326862573623657,,
3788,,236,0.3741498589515686,,
3789,,236,0.9278205633163452,,
3790,,236,0.43912196159362793,,
3791,,236,0.7440111041069031,,
,3776,236,,0.35130295157432556,
,3777,236,,0.33520805835723877,
,3778,236,,0.2502199113368988,
,3779,236,,0.2452620565891266,
,3780,236,,0.3078621029853821,
,3781,236,,0.36314627528190613,
,3782,236,,0.23078028857707977,
,3783,236,,0.20033220946788788,
,3784,236,,0.4003490209579468,
,3785,236,,0.2808210253715515,
,3786,236,,0.326972097158432,
,3787,236,,0.19147175550460815,
,3788,236,,0.3703644275665283,
,3789,236,,0.3096696138381958,
,3790,236,,0.3278147876262665,
,3791,236,,0.2582740783691406,
3792,,237,0.6299947500228882,,
3793,,237,0.8815063834190369,,
3794,,237,0.5719294548034668,,
3795,,237,0.83995121717453,,
3796,,237,0.7383644580841064,,
3797,,237,0.5243234634399414,,
3798,,237,0.7300216555595398,,
3799,,237,1.090323805809021,,
3800,,237,0.28428322076797485,,
3801,,237,0.7959768176078796,,
3802,,237,0.8596656322479248,,
3803,,237,0.39767059683799744,,
3804,,237,1.052006721496582,,
3805,,237,0.7294952869415283,,
3806,,237,0.5940407514572144,,
3807,,237,0.957546591758728,,
,3792,237,,0.4261794984340668,
,3793,237,,0.3088013827800751,
,3794,237,,0.19801828265190125,
,3795,237,,0.38985633850097656,
,3796,237,,0.3642013669013977,
,3797,237,,0.20101040601730347,
,3798,237,,0.35252803564071655,
,3799,237,,0.22373580932617188,
,3800,237,,0.26887866854667664,
,3801,237,,0.234610915184021,
,3802,237,,0.24045753479003906,
,3803,237,,0.23006224632263184,
,3804,237,,0.22061501443386078,
,3805,237,,0.24124984443187714,
,3806,237,,0.24447715282440186,
,3807,237,,0.32372570037841797,
3808,,238,0.6890958547592163,,
3809,,238,0.9810185432434082,,
3810,,238,0.7369792461395264,,
3811,,238,1.0585089921951294,,
3812,,238,0.7409909963607788,,
3813,,238,0.6556764841079712,,
3814,,238,0.7519241571426392,,
3815,,238,0.890538215637207,,
3816,,238,0.49914997816085815,,
3817,,238,0.7479042410850525,,
3818,,238,0.7417787313461304,,
3819,,238,0.6175143718719482,,
3820,,238,0.8233458995819092,,
3821,,238,1.0735654830932617,,
3822,,238,1.1401103734970093,,
3823,,238,1.2625887393951416,,
,3808,238,,0.36874550580978394,
,3809,238,,0.27851471304893494,
,3810,238,,0.2696878910064697,
,3811,238,,0.256155788898468,
,3812,238,,0.2513290047645569,
,3813,238,,0.30406129360198975,
,3814,238,,0.38157448172569275,
,3815,238,,0.22252343595027924,
,3816,238,,0.31513261795043945,
,3817,238,,0.2969982922077179,
,3818,238,,0.23501400649547577,
,3819,238,,0.308704674243927,
,3820,238,,0.34261226654052734,
,3821,238,,0.322998583316803,
,3822,238,,0.31883615255355835,
,3823,238,,0.2840936481952667,
3824,,239,0.8432384729385376,,
3825,,239,0.5185729265213013,,
3826,,239,0.8546758890151978,,
3827,,239,1.171143889427185,,
3828,,239,0.5662288069725037,,
3829,,239,1.112961769104004,,
3830,,239,0.4566962718963623,,
3831,,239,0.538235604763031,,
3832,,239,0.724907636642456,,
3833,,239,0.532154381275177,,
3834,,239,0.8848319053649902,,
3835,,239,0.817072331905365,,
3836,,239,0.6546444296836853,,
3837,,239,0.6531634330749512,,
3838,,239,0.5004395246505737,,
3839,,239,0.3865724503993988,,
,3824,239,,0.23018603026866913,
,3825,239,,0.34872400760650635,
,3826,239,,0.22561714053153992,
,3827,239,,0.29571765661239624,
,3828,239,,0.27666038274765015,
,3829,239,,0.2557293772697449,
,3830,239,,0.39718887209892273,
,3831,239,,0.2847886085510254,
,3832,239,,0.31128329038619995,
,3833,239,,0.33790403604507446,
,3834,239,,0.2373138666152954,
,3835,239,,0.3050353229045868,
,3836,239,,0.2481345534324646,
,3837,239,,0.30429238080978394,
,3838,239,,0.3354034423828125,
,3839,239,,0.5157204270362854,
3840,,240,0.7113928198814392,,
3841,,240,0.517579972743988,,
3842,,240,0.9178902506828308,,
3843,,240,0.546812117099762,,
3844,,240,0.6362826228141785,,
3845,,240,0.8880037665367126,,
3846,,240,1.0693129301071167,,
3847,,240,0.8738701343536377,,
3848,,240,0.5072623491287231,,
3849,,240,0.49162769317626953,,
3850,,240,0.8933515548706055,,
3851,,240,0.8203775882720947,,
3852,,240,0.9860754013061523,,
3853,,240,0.5143172740936279,,
3854,,240,0.574276328086853,,
3855,,240,0.4902316927909851,,
,3840,240,,0.2576638460159302,
,3841,240,,0.35775941610336304,
,3842,240,,0.3464297652244568,
,3843,240,,0.3093343675136566,
,3844,240,,0.33898496627807617,
,3845,240,,0.3141394257545471,
,3846,240,,0.26643264293670654,
,3847,240,,0.2939121425151825,
,3848,240,,0.33810359239578247,
,3849,240,,0.34869885444641113,
,3850,240,,0.3644946217536926,
,3851,240,,0.28734999895095825,
,3852,240,,0.25760260224342346,
,3853,240,,0.2520558536052704,
,3854,240,,0.24551400542259216,
,3855,240,,0.2635626196861267,
3856,,241,1.0326287746429443,,
3857,,241,0.7771541476249695,,
3858,,241,0.3455648124217987,,
3859,,241,0.6841926574707031,,
3860,,241,0.9047724008560181,,
3861,,241,1.031008243560791,,
3862,,241,0.71781986951828,,
3863,,241,0.7466842532157898,,
3864,,241,0.321001261472702,,
3865,,241,0.5106829404830933,,
3866,,241,1.0490683317184448,,
3867,,241,0.6341873407363892,,
3868,,241,0.9550630450248718,,
3869,,241,0.9454404711723328,,
3870,,241,0.7635666728019714,,
3871,,241,0.5013486742973328,,
,3856,241,,0.3246428668498993,
,3857,241,,0.20997849106788635,
,3858,241,,0.20837192237377167,
,3859,241,,0.32766348123550415,
,3860,241,,0.3832528591156006,
,3861,241,,0.33870768547058105,
,3862,241,,0.3592381477355957,
,3863,241,,0.3205946683883667,
,3864,241,,0.29761314392089844,
,3865,241,,0.24245017766952515,
,3866,241,,0.1892666071653366,
,3867,241,,0.2679338753223419,
,3868,241,,0.37130817770957947,
,3869,241,,0.26239803433418274,
,3870,241,,0.23647162318229675,
,3871,241,,0.27627381682395935,
3872,,242,0.7890292406082153,,
3873,,242,0.53083735704422,,
3874,,242,1.1088252067565918,,
3875,,242,0.8420281410217285,,
3876,,242,0.520014226436615,,
3877,,242,0.5017964839935303,,
3878,,242,1.0624074935913086,,
3879,,242,0.8940090537071228,,
3880,,242,0.7042850852012634,,
3881,,242,0.9162397384643555,,
3882,,242,0.32457107305526733,,
3883,,242,0.8532283306121826,,
3884,,242,0.40798088908195496,,
3885,,242,0.7143561244010925,,
3886,,242,0.6235079169273376,,
3887,,242,0.6376028060913086,,
,3872,242,,0.2952074408531189,
,3873,242,,0.2964726686477661,
,3874,242,,0.38760894536972046,
,3875,242,,0.22123083472251892,
,3876,242,,0.33160537481307983,
,3877,242,,0.3229270577430725,
,3878,242,,0.4716448187828064,
,3879,242,,0.31133919954299927,
,3880,242,,0.30354127287864685,
,3881,242,,0.339877188205719,
,3882,242,,0.40669333934783936,
,3883,242,,0.22419655323028564,
,3884,242,,0.31466972827911377,
,3885,242,,0.35511621832847595,
,3886,242,,0.2345728874206543,
,3887,242,,0.3227412700653076,
3888,,243,0.46116015315055847,,
3889,,243,0.9067103266716003,,
3890,,243,1.203841209411621,,
3891,,243,0.5042150020599365,,
3892,,243,0.9775254130363464,,
3893,,243,0.7395192384719849,,
3894,,243,0.9682022333145142,,
3895,,243,1.7544631958007812,,
3896,,243,0.48895537853240967,,
3897,,243,0.4701440930366516,,
3898,,243,1.0535686016082764,,
3899,,243,0.5910109281539917,,
3900,,243,0.2792481482028961,,
3901,,243,0.7908546328544617,,
3902,,243,0.7683877944946289,,
3903,,243,0.4691166281700134,,
,3888,243,,0.2933470606803894,
,3889,243,,0.28581148386001587,
,3890,243,,0.23207955062389374,
,3891,243,,0.3975226879119873,
,3892,243,,0.19170311093330383,
,3893,243,,0.2686268985271454,
,3894,243,,0.23171034455299377,
,3895,243,,0.3278786540031433,
,3896,243,,0.22182118892669678,
,3897,243,,0.28205209970474243,
,3898,243,,0.22411185503005981,
,3899,243,,0.20357899367809296,
,3900,243,,0.3064732253551483,
,3901,243,,0.2232370376586914,
,3902,243,,0.3535439372062683,
,3903,243,,0.23752900958061218,
3904,,244,0.5757912993431091,,
3905,,244,1.136589527130127,,
3906,,244,0.8185490965843201,,
3907,,244,1.0253245830535889,,
3908,,244,0.5020091533660889,,
3909,,244,0.8109185099601746,,
3910,,244,0.7734829783439636,,
3911,,244,0.3708421587944031,,
3912,,244,0.7245339155197144,,
3913,,244,0.6595596671104431,,
3914,,244,0.3847072720527649,,
3915,,244,0.980085551738739,,
3916,,244,1.1744740009307861,,
3917,,244,0.4852038323879242,,
3918,,244,0.5858988165855408,,
3919,,244,0.5275435447692871,,
,3904,244,,0.3227131962776184,
,3905,244,,0.3348880410194397,
,3906,244,,0.37346118688583374,
,3907,244,,0.3039507269859314,
,3908,244,,0.24585185945034027,
,3909,244,,0.20113007724285126,
,3910,244,,0.26219838857650757,
,3911,244,,0.3515787124633789,
,3912,244,,0.25259360671043396,
,3913,244,,0.4322003722190857,
,3914,244,,0.31473681330680847,
,3915,244,,0.19199049472808838,
,3916,244,,0.2717829644680023,
,3917,244,,0.35919398069381714,
,3918,244,,0.3478206992149353,
,3919,244,,0.2766420841217041,
3920,,245,0.5249042510986328,,
3921,,245,0.276401549577713,,
3922,,245,0.6915332078933716,,
3923,,245,1.4225085973739624,,
3924,,245,0.6266875267028809,,
3925,,245,0.6679477095603943,,
3926,,245,0.7736851572990417,,
3927,,245,0.9389554858207703,,
3928,,245,0.3805510997772217,,
3929,,245,0.8332697153091431,,
3930,,245,0.4998989999294281,,
3931,,245,0.45203059911727905,,
3932,,245,0.550373375415802,,
3933,,245,0.9053438901901245,,
3934,,245,0.9035195112228394,,
3935,,245,0.36731642484664917,,
,3920,245,,0.3165476620197296,
,3921,245,,0.2557138204574585,
,3922,245,,0.21965107321739197,
,3923,245,,0.3089548349380493,
,3924,245,,0.2828131318092346,
,3925,245,,0.3783803880214691,
,3926,245,,0.30564403533935547,
,3927,245,,0.29662370681762695,
,3928,245,,0.38122016191482544,
,3929,245,,0.23688814043998718,
,3930,245,,0.20729300379753113,
,3931,245,,0.206757590174675,
,3932,245,,0.3281775712966919,
,3933,245,,0.3375488221645355,
,3934,245,,0.39974403381347656,
,3935,245,,0.21923309564590454,
3936,,246,0.6601574420928955,,
3937,,246,0.736606776714325,,
3938,,246,0.7319042086601257,,
3939,,246,0.5547617673873901,,
3940,,246,0.8201341032981873,,
3941,,246,0.616948127746582,,
3942,,246,0.5128451585769653,,
3943,,246,0.8559824824333191,,
3944,,246,0.9923911094665527,,
3945,,246,1.4324697256088257,,
3946,,246,0.41576969623565674,,
3947,,246,1.1834092140197754,,
3948,,246,0.7534657716751099,,
3949,,246,0.759699285030365,,
3950,,246,0.6333732604980469,,
3951,,246,0.5383983254432678,,
,3936,246,,0.2495708465576172,
,3937,246,,0.21897855401039124,
,3938,246,,0.2850673198699951,
,3939,246,,0.3060930371284485,
,3940,246,,0.2695167362689972,
,3941,246,,0.26829010248184204,
,3942,246,,0.28798991441726685,
,3943,246,,0.25937387347221375,
,3944,246,,0.33058449625968933,
,3945,246,,0.3926381468772888,
,3946,246,,0.23052909970283508,
,3947,246,,0.28125643730163574,
,3948,246,,0.35212182998657227,
,3949,246,,0.24052250385284424,
,3950,246,,0.2639407813549042,
,3951,246,,0.2090930938720703,
3952,,247,0.9138286113739014,,
3953,,247,0.6660879850387573,,
3954,,247,1.0964016914367676,,
3955,,247,0.2757697105407715,,
3956,,247,0.8393683433532715,,
3957,,247,0.3852309584617615,,
3958,,247,0.36609864234924316,,
3959,,247,0.5945301055908203,,
3960,,247,0.7220601439476013,,
3961,,247,0.6598132848739624,,
3962,,247,1.1266882419586182,,
3963,,247,0.7863030433654785,,
3964,,247,0.3605130910873413,,
3965,,247,1.2434757947921753,,
3966,,247,0.853851318359375,,
3967,,247,0.9367923736572266,,
,3952,247,,0.2529122531414032,
,3953,247,,0.18972298502922058,
,3954,247,,0.3207051157951355,
,3955,247,,0.3706643283367157,
,3956,247,,0.2717617154121399,
,3957,247,,0.3847483992576599,
,3958,247,,0.28988415002822876,
,3959,247,,0.2469852864742279,
,3960,247,,0.34781283140182495,
,3961,247,,0.27856820821762085,
,3962,247,,0.2142670601606369,
,3963,247,,0.22772330045700073,
,3964,247,,0.2225787341594696,
,3965,247,,0.21713978052139282,
,3966,247,,0.5128616094589233,
,3967,247,,0.24822458624839783,
3968,,248,0.6611599922180176,,
3969,,248,0.7095487117767334,,
3970,,248,0.6870183944702148,,
3971,,248,0.976625919342041,,
3972,,248,0.5947110056877136,,
3973,,248,0.6077779531478882,,
3974,,248,0.5788251757621765,,
3975,,248,0.9121014475822449,,
3976,,248,0.44893884658813477,,
3977,,248,0.36576971411705017,,
3978,,248,0.766939103603363,,
3979,,248,0.7446821928024292,,
3980,,248,0.23060153424739838,,
3981,,248,0.6529585719108582,,
3982,,248,0.46812450885772705,,
3983,,248,0.9092648029327393,,
,3968,248,,0.24463200569152832,
,3969,248,,0.28585755825042725,
,3970,248,,0.3550506830215454,
,3971,248,,0.226779505610466,
,3972,248,,0.35959696769714355,
,3973,248,,0.22211098670959473,
,3974,248,,0.23572003841400146,
,3975,248,,0.25490719079971313,
,3976,248,,0.2352471798658371,
,3977,248,,0.2602476477622986,
,3978,248,,0.23597314953804016,
,3979,248,,0.23824970424175262,
,3980,248,,0.29233676195144653,
,3981,248,,0.278295636177063,
,3982,248,,0.26882290840148926,
,3983,248,,0.3649749755859375,
3984,,249,0.9052966833114624,,
3985,,249,0.7083142995834351,,
3986,,249,0.43277430534362793,,
3987,,249,0.7435364723205566,,
3988,,249,0.4167802333831787,,
3989,,249,0.9200147390365601,,
3990,,249,1.3861563205718994,,
3991,,249,0.8546121120452881,,
3992,,249,0.7942227721214294,,
3993,,249,1.0350122451782227,,
3994,,249,0.6836663484573364,,
3995,,249,1.4682698249816895,,
3996,,249,0.20449146628379822,,
3997,,249,1.431511640548706,,
3998,,249,0.863653302192688,,
3999,,249,0.5527455806732178,,
,3984,249,,0.24267375469207764,
,3985,249,,0.329867959022522,
,3986,249,,0.34339094161987305,
,3987,249,,0.378396213054657,
,3988,249,,0.3098328709602356,
,3989,249,,0.3607887923717499,
,3990,249,,0.3237990438938141,
,3991,249,,0.3740878701210022,
,3992,249,,0.42848655581474304,
,3993,249,,0.3309507966041565,
,3994,249,,0.3174094557762146,
,3995,249,,0.19974243640899658,
,3996,249,,0.33969244360923767,
,3997,249,,0.27911943197250366,
,3998,249,,0.302182674407959,
,3999,249,,0.24325725436210632,
4000,,250,0.4907340705394745,,
4001,,250,0.47034281492233276,,
4002,,250,0.5151216387748718,,
4003,,250,0.868626594543457,,
4004,,250,0.657387375831604,,
4005,,250,0.8497230410575867,,
4006,,250,0.8347296714782715,,
4007,,250,0.8169257044792175,,
4008,,250,1.018273115158081,,
4009,,250,0.8071600794792175,,
4010,,250,0.6709691882133484,,
4011,,250,0.5261216163635254,,
4012,,250,0.8648931384086609,,
4013,,250,0.993203341960907,,
4014,,250,0.41511425375938416,,
4015,,250,0.619191586971283,,
,4000,250,,0.3568541407585144,
,4001,250,,0.20239076018333435,
,4002,250,,0.24481439590454102,
,4003,250,,0.2756025493144989,
,4004,250,,0.2904031276702881,
,4005,250,,0.3036780059337616,
,4006,250,,0.3164272606372833,
,4007,250,,0.24088609218597412,
,4008,250,,0.3018745183944702,
,4009,250,,0.29475507140159607,
,4010,250,,0.25762224197387695,
,4011,250,,0.247902512550354,
,4012,250,,0.285554438829422,
,4013,250,,0.28940626978874207,
,4014,250,,0.2853338420391083,
,4015,250,,0.24502573907375336,
4016,,251,0.6606535315513611,,
4017,,251,0.5117735862731934,,
4018,,251,0.6270745992660522,,
4019,,251,1.0847530364990234,,
4020,,251,0.40058645606040955,,
4021,,251,0.5079215168952942,,
4022,,251,0.5906524062156677,,
4023,,251,0.3297780156135559,,
4024,,251,0.5006005764007568,,
4025,,251,0.5038790702819824,,
4026,,251,0.721092700958252,,
4027,,251,0.7232732772827148,,
4028,,251,0.6553017497062683,,
4029,,251,0.43202003836631775,,
4030,,251,0.8593477010726929,,
4031,,251,0.7841195464134216,,
,4016,251,,0.343649685382843,
,4017,251,,0.25644171237945557,
,4018,251,,0.23211392760276794,
,4019,251,,0.24542415142059326,
,4020,251,,0.31268173456192017,
,4021,251,,0.36581552028656006,
,4022,251,,0.2940979301929474,
,4023,251,,0.2518380880355835,
,4024,251,,0.244503915309906,
,4025,251,,0.3709666132926941,
,4026,251,,0.24816714227199554,
,4027,251,,0.3462364077568054,
,4028,251,,0.2319943606853485,
,4029,251,,0.33844512701034546,
,4030,251,,0.24558834731578827,
,4031,251,,0.23574209213256836,
4032,,252,0.2899683713912964,,
4033,,252,0.37028416991233826,,
4034,,252,0.5027768015861511,,
4035,,252,0.7569777369499207,,
4036,,252,0.6399160027503967,,
4037,,252,0.46484261751174927,,
4038,,252,0.6549559831619263,,
4039,,252,0.8277413845062256,,
4040,,252,1.783651351928711,,
4041,,252,0.3624577522277832,,
4042,,252,0.3701130747795105,,
4043,,252,1.2070059776306152,,
4044,,252,1.0575003623962402,,
4045,,252,0.805787205696106,,
4046,,252,1.1890897750854492,,
4047,,252,0.3770003318786621,,
,4032,252,,0.30129915475845337,
,4033,252,,0.285316526889801,
,4034,252,,0.23115915060043335,
,4035,252,,0.23256948590278625,
,4036,252,,0.2897861897945404,
,4037,252,,0.22556301951408386,
,4038,252,,0.2730056941509247,
,4039,252,,0.3635002076625824,
,4040,252,,0.42521923780441284,
,4041,252,,0.2356385439634323,
,4042,252,,0.32060569524765015,
,4043,252,,0.3530237078666687,
,4044,252,,0.19472454488277435,
,4045,252,,0.3676393926143646,
,4046,252,,0.291879802942276,
,4047,252,,0.20439618825912476,
4048,,253,0.6477848291397095,,
4049,,253,1.1978790760040283,,
4050,,253,0.5086475014686584,,
4051,,253,1.0971142053604126,,
4052,,253,0.5585823059082031,,
4053,,253,0.6281651258468628,,
4054,,253,0.2788955271244049,,
4055,,253,0.7153944373130798,,
4056,,253,0.5386251211166382,,
4057,,253,1.326961874961853,,
4058,,253,0.4101702868938446,,
4059,,253,0.8756008148193359,,
4060,,253,0.6885846853256226,,
4061,,253,0.9777474403381348,,
4062,,253,0.6994225978851318,,
4063,,253,0.6329693794250488,,
,4048,253,,0.37027856707572937,
,4049,253,,0.39835020899772644,
,4050,253,,0.262509286403656,
,4051,253,,0.301236629486084,
,4052,253,,0.3420427739620209,
,4053,253,,0.3966187834739685,
,4054,253,,0.345319926738739,
,4055,253,,0.3818633556365967,
,4056,253,,0.25326958298683167,
,4057,253,,0.3444788455963135,
,4058,253,,0.43713316321372986,
,4059,253,,0.2932628393173218,
,4060,253,,0.3372041583061218,
,4061,253,,0.27694714069366455,
,4062,253,,0.2367730587720871,
,4063,253,,0.29049766063690186,
4064,,254,0.7726359367370605,,
4065,,254,0.428037166595459,,
4066,,254,0.6569638252258301,,
4067,,254,0.39107322692871094,,
4068,,254,1.5824785232543945,,
4069,,254,0.8253167867660522,,
4070,,254,1.293980360031128,,
4071,,254,0.7120071649551392,,
4072,,254,0.6816020011901855,,
4073,,254,0.4785248637199402,,
4074,,254,0.7741915583610535,,
4075,,254,0.7401899099349976,,
4076,,254,0.7839981913566589,,
4077,,254,1.1455590724945068,,
4078,,254,0.31143662333488464,,
4079,,254,0.9112483263015747,,
,4064,254,,0.29939699172973633,
,4065,254,,0.3363843858242035,
,4066,254,,0.2919781804084778,
,4067,254,,0.3487844169139862,
,4068,254,,0.20744770765304565,
,4069,254,,0.3045031726360321,
,4070,254,,0.28179946541786194,
,4071,254,,0.4091731905937195,
,4072,254,,0.2974456250667572,
,4073,254,,0.1993284672498703,
,4074,254,,0.24144677817821503,
,4075,254,,0.19209477305412292,
,4076,254,,0.2911180555820465,
,4077,254,,0.375532865524292,
,4078,254,,0.24980609118938446,
,4079,254,,0.30104756355285645,
4080,,255,0.8514695167541504,,
4081,,255,0.7343044281005859,,
4082,,255,0.6358596086502075,,
4083,,255,0.3374004065990448,,
4084,,255,1.3280309438705444,,
4085,,255,0.4697914123535156,,
4086,,255,1.9190270900726318,,
4087,,255,0.40746140480041504,,
4088,,255,1.108717679977417,,
4089,,255,0.6324831247329712,,
4090,,255,0.8420145511627197,,
4091,,255,0.7775000333786011,,
4092,,255,1.104353904724121,,
4093,,255,1.2084636688232422,,
4094,,255,0.7419001460075378,,
4095,,255,0.9607566595077515,,
,4080,255,,0.30299803614616394,
,4081,255,,0.2671026587486267,
,4082,255,,0.18922653794288635,
,4083,255,,0.20802395045757294,
,4084,255,,0.4211145043373108,
,4085,255,,0.2738824784755707,
,4086,255,,0.27153974771499634,
,4087,255,,0.3011007308959961,
,4088,255,,0.283858060836792,
,4089,255,,0.3173069655895233,
,4090,255,,0.292309045791626,
,4091,255,,0.3148000240325928,
,4092,255,,0.23689870536327362,
,4093,255,,0.31321704387664795,
,4094,255,,0.4327920377254486,
,4095,255,,0.25652995705604553,
4096,,256,0.4246341586112976,,
4097,,256,0.7622919082641602,,
4098,,256,1.1373038291931152,,
4099,,256,0.536481499671936,,
4100,,256,1.2763574123382568,,
4101,,256,0.3493551015853882,,
4102,,256,0.7504782676696777,,
4103,,256,0.6692440509796143,,
4104,,256,0.7631576061248779,,
4105,,256,0.5282877683639526,,
4106,,256,1.1539946794509888,,
4107,,256,0.32821890711784363,,
4108,,256,0.9420787692070007,,
4109,,256,0.5679656267166138,,
4110,,256,0.4395018517971039,,
4111,,256,1.3145217895507812,,
,4096,256,,0.19006948173046112,
,4097,256,,0.20801091194152832,
,4098,256,,0.28473758697509766,
,4099,256,,0.36863213777542114,
,4100,256,,0.338367223739624,
,4101,256,,0.31342169642448425,
,4102,256,,0.326125830411911,
,4103,256,,0.371161550283432,
,4104,256,,0.25548407435417175,
,4105,256,,0.2422606348991394,
,4106,256,,0.23325791954994202,
,4107,256,,0.2738218903541565,
,4108,256,,0.30261462926864624,
,4109,256,,0.2541741132736206,
,4110,256,,0.3694738745689392,
,4111,256,,0.3317717909812927,
4112,,257,0.43060439825057983,,
4113,,257,1.117905616760254,,
4114,,257,0.40948301553726196,,
4115,,257,0.4321476221084595,,
4116,,257,0.288324773311615,,
4117,,257,0.47090286016464233,,
4118,,257,1.2223358154296875,,
4119,,257,0.22779801487922668,,
4120,,257,0.7383443713188171,,
4121,,257,0.3871491551399231,,
4122,,257,0.6346922516822815,,
4123,,257,0.7186681628227234,,
4124,,257,0.6947271227836609,,
4125,,257,0.5877410173416138,,
4126,,257,0.7156819701194763,,
4127,,257,0.7450543642044067,,
,4112,257,,0.2607381045818329,
,4113,257,,0.36044973134994507,
,4114,257,,0.2666800022125244,
,4115,257,,0.2595186233520508,
,4116,257,,0.3623386323451996,
,4117,257,,0.3091418147087097,
,4118,257,,0.3417240083217621,
,4119,257,,0.36272749304771423,
,4120,257,,0.2546693682670593,
,4121,257,,0.2358720749616623,
,4122,257,,0.22765642404556274,
,4123,257,,0.3561849296092987,
,4124,257,,0.3670426607131958,
,4125,257,,0.24782495200634003,
,4126,257,,0.3026966154575348,
,4127,257,,0.4384509027004242,
4128,,258,1.095824122428894,,
4129,,258,0.5922073721885681,,
4130,,258,1.1865949630737305,,
4131,,258,0.4151155948638916,,
4132,,258,0.8271869421005249,,
4133,,258,1.0634350776672363,,
4134,,258,0.6704530119895935,,
4135,,258,0.34505248069763184,,
4136,,258,0.8312200903892517,,
4137,,258,0.5403072237968445,,
4138,,258,0.6811968684196472,,
4139,,258,1.0389864444732666,,
4140,,258,0.9441708326339722,,
4141,,258,0.44703003764152527,,
4142,,258,0.6740548014640808,,
4143,,258,0.8275214433670044,,
,4128,258,,0.23101919889450073,
,4129,258,,0.22234003245830536,
,4130,258,,0.28367504477500916,
,4131,258,,0.261330783367157,
,4132,258,,0.5551709532737732,
,4133,258,,0.2222052663564682,
,4134,258,,0.2756112813949585,
,4135,258,,0.24789953231811523,
,4136,258,,0.2608758211135864,
,4137,258,,0.40909743309020996,
,4138,258,,0.3602527379989624,
,4139,258,,0.3659743070602417,
,4140,258,,0.2044510543346405,
,4141,258,,0.4132668375968933,
,4142,258,,0.3755269944667816,
,4143,258,,0.3236393630504608,
4144,,259,0.5116466283798218,,
4145,,259,0.5799784660339355,,
4146,,259,0.5082515478134155,,
4147,,259,0.6879469752311707,,
4148,,259,0.8037430047988892,,
4149,,259,0.8546180725097656,,
4150,,259,1.0684807300567627,,
4151,,259,1.1066389083862305,,
4152,,259,0.4238704442977905,,
4153,,259,1.0559414625167847,,
4154,,259,0.7510597109794617,,
4155,,259,1.0025484561920166,,
4156,,259,0.8087142705917358,,
4157,,259,0.9431993365287781,,
4158,,259,0.7986371517181396,,
4159,,259,0.6982964277267456,,
,4144,259,,0.2400285005569458,
,4145,259,,0.3825039863586426,
,4146,259,,0.3294574022293091,
,4147,259,,0.3295785188674927,
,4148,259,,0.24313700199127197,
,4149,259,,0.2783944308757782,
,4150,259,,0.3526139259338379,
,4151,259,,0.23601552844047546,
,4152,259,,0.25437602400779724,
,4153,259,,0.34519001841545105,
,4154,259,,0.2755568027496338,
,4155,259,,0.30431467294692993,
,4156,259,,0.26037871837615967,
,4157,259,,0.2619187831878662,
,4158,259,,0.3731571435928345,
,4159,259,,0.3435894250869751,
4160,,260,0.3780685365200043,,
4161,,260,0.711624264717102,,
4162,,260,0.6592251062393188,,
4163,,260,0.8963907957077026,,
4164,,260,0.9281388521194458,,
4165,,260,0.8478025197982788,,
4166,,260,0.32399067282676697,,
4167,,260,0.4116792678833008,,
4168,,260,0.7912290096282959,,
4169,,260,1.316502332687378,,
4170,,260,0.63873690366745,,
4171,,260,0.44242948293685913,,
4172,,260,0.7891373634338379,,
4173,,260,1.078667163848877,,
4174,,260,0.3321276307106018,,
4175,,260,0.507243812084198,,
,4160,260,,0.22826486825942993,
,4161,260,,0.3501240015029907,
,4162,260,,0.3645050525665283,
,4163,260,,0.2616363763809204,
,4164,260,,0.30949950218200684,
,4165,260,,0.2283884584903717,
,4166,260,,0.5255348086357117,
,4167,260,,0.21980087459087372,
,4168,260,,0.28487059473991394,
,4169,260,,0.33673131465911865,
,4170,260,,0.312154620885849,
,4171,260,,0.28616267442703247,
,4172,260,,0.3425319194793701,
,4173,260,,0.3136976659297943,
,4174,260,,0.24795953929424286,
,4175,260,,0.24476496875286102,
4176,,261,0.6847124099731445,,
4177,,261,0.5685127377510071,,
4178,,261,0.4023161828517914,,
4179,,261,0.6477542519569397,,
4180,,261,0.7873057723045349,,
4181,,261,1.0501952171325684,,
4182,,261,0.6582350730895996,,
4183,,261,1.5252412557601929,,
4184,,261,0.48284777998924255,,
4185,,261,0.7297641634941101,,
4186,,261,0.4562491774559021,,
4187,,261,0.8910149335861206,,
4188,,261,0.6890944242477417,,
4189,,261,0.8347642421722412,,
4190,,261,1.0172250270843506,,
4191,,261,0.5493022203445435,,
,4176,261,,0.2189965546131134,
,4177,261,,0.28213727474212646,
,4178,261,,0.3150327801704407,
,4179,261,,0.4232900142669678,
,4180,261,,0.35629433393478394,
,4181,261,,0.245437353849411,
,4182,261,,0.309087872505188,
,4183,261,,0.37205883860588074,
,4184,261,,0.23062895238399506,
,4185,261,,0.3990074396133423,
,4186,261,,0.31466251611709595,
,4187,261,,0.3248277008533478,
,4188,261,,0.3829149603843689,
,4189,261,,0.35746487975120544,
,4190,261,,0.3121977150440216,
,4191,261,,0.2774471938610077,
4192,,262,1.210989236831665,,
4193,,262,0.8108872175216675,,
4194,,262,0.9558396339416504,,
4195,,262,0.8001632690429688,,
4196,,262,0.6629437208175659,,
4197,,262,0.6661109924316406,,
4198,,262,0.4226324260234833,,
4199,,262,1.0065850019454956,,
4200,,262,0.5859705805778503,,
4201,,262,0.9204069972038269,,
4202,,262,0.9805593490600586,,
4203,,262,0.5548001527786255,,
4204,,262,0.8031190633773804,,
4205,,262,1.0839240550994873,,
4206,,262,0.5926539897918701,,
4207,,262,0.5670796632766724,,
,4192,262,,0.27213025093078613,
,4193,262,,0.34127721190452576,
,4194,262,,0.2989879846572876,
,4195,262,,0.29387444257736206,
,4196,262,,0.41150593757629395,
,4197,262,,0.32737481594085693,
,4198,262,,0.26767492294311523,
,4199,262,,0.3021908700466156,
,4200,262,,0.20569798350334167,
,4201,262,,0.24249045550823212,
,4202,262,,0.26948636770248413,
,4203,262,,0.39814531803131104,
,4204,262,,0.401816725730896,
,4205,262,,0.29358384013175964,
,4206,262,,0.3384116590023041,
,4207,262,,0.2730817198753357,
4208,,263,0.9932149648666382,,
4209,,263,1.185991644859314,,
4210,,263,1.09169602394104,,
4211,,263,0.9371039867401123,,
4212,,263,0.8485730886459351,,
4213,,263,1.5024555921554565,,
4214,,263,0.7445734739303589,,
4215,,263,1.1698548793792725,,
4216,,263,0.3973623216152191,,
4217,,263,0.41971907019615173,,
4218,,263,0.3702171742916107,,
4219,,263,1.4933265447616577,,
4220,,263,0.8484093546867371,,
4221,,263,0.47911712527275085,,
4222,,263,0.7635177969932556,,
4223,,263,0.8355273008346558,,
,4208,263,,0.2696008086204529,
,4209,263,,0.2165711522102356,
,4210,263,,0.4146658778190613,
,4211,263,,0.3176174461841583,
,4212,263,,0.2855180501937866,
,4213,263,,0.21418538689613342,
,4214,263,,0.2987261414527893,
,4215,263,,0.3059350252151489,
,4216,263,,0.307239830493927,
,4217,263,,0.23023121058940887,
,4218,263,,0.31762680411338806,
,4219,263,,0.2570153772830963,
,4220,263,,0.43883150815963745,
,4221,263,,0.21480783820152283,
,4222,263,,0.30266404151916504,
,4223,263,,0.2373315542936325,
4224,,264,0.7282036542892456,,
4225,,264,0.5735235214233398,,
4226,,264,0.5989327430725098,,
4227,,264,1.154187560081482,,
4228,,264,1.2352666854858398,,
4229,,264,0.6867222785949707,,
4230,,264,0.5991617441177368,,
4231,,264,0.5760316252708435,,
4232,,264,0.5052188038825989,,
4233,,264,0.7667511701583862,,
4234,,264,0.9141759872436523,,
4235,,264,0.542497992515564,,
4236,,264,0.6992983818054199,,
4237,,264,0.8451290130615234,,
4238,,264,0.7770490050315857,,
4239,,264,0.6309950351715088,,
,4224,264,,0.3587237596511841,
,4225,264,,0.365304172039032,
,4226,264,,0.33707937598228455,
,4227,264,,0.21976003050804138,
,4228,264,,0.31906867027282715,
,4229,264,,0.28454554080963135,
,4230,264,,0.2611146569252014,
,4231,264,,0.2366293966770172,
,4232,264,,0.31314617395401,
,4233,264,,0.24583205580711365,
,4234,264,,0.33836668729782104,
,4235,264,,0.23486864566802979,
,4236,264,,0.3912796378135681,
,4237,264,,0.23824577033519745,
,4238,264,,0.2869619131088257,
,4239,264,,0.3447248339653015,
4240,,265,0.4005534052848816,,
4241,,265,0.7740292549133301,,
4242,,265,0.6073017120361328,,
4243,,265,0.5800668597221375,,
4244,,265,1.063625693321228,,
4245,,265,1.1368255615234375,,
4246,,265,1.1297380924224854,,
4247,,265,1.2325886487960815,,
4248,,265,0.5300860404968262,,
4249,,265,0.9838683009147644,,
4250,,265,0.7181260585784912,,
4251,,265,1.0988867282867432,,
4252,,265,0.8947142362594604,,
4253,,265,0.583615243434906,,
4254,,265,0.3844280242919922,,
4255,,265,0.7274399995803833,,
,4240,265,,0.34576916694641113,
,4241,265,,0.28894662857055664,
,4242,265,,0.31834810972213745,
,4243,265,,0.22936461865901947,
,4244,265,,0.29665690660476685,
,4245,265,,0.28048497438430786,
,4246,265,,0.3092527389526367,
,4247,265,,0.42630136013031006,
,4248,265,,0.383545845746994,
,4249,265,,0.31068968772888184,
,4250,265,,0.29657870531082153,
,4251,265,,0.2182052731513977,
,4252,265,,0.3496757447719574,
,4253,265,,0.27620863914489746,
,4254,265,,0.3639666438102722,
,4255,265,,0.28809958696365356,
4256,,266,0.7248860597610474,,
4257,,266,0.750480055809021,,
4258,,266,0.5353356599807739,,
4259,,266,1.0589404106140137,,
4260,,266,0.31471261382102966,,
4261,,266,0.5179237127304077,,
4262,,266,0.5955950021743774,,
4263,,266,0.6463060975074768,,
4264,,266,0.6217061877250671,,
4265,,266,0.7127586603164673,,
4266,,266,0.47906750440597534,,
4267,,266,0.8335545063018799,,
4268,,266,0.6622580289840698,,
4269,,266,0.42566895484924316,,
4270,,266,0.7010079622268677,,
4271,,266,0.9086116552352905,,
,4256,266,,0.3882942199707031,
,4257,266,,0.38545727729797363,
,4258,266,,0.3109707534313202,
,4259,266,,0.474894642829895,
,4260,266,,0.27934956550598145,
,4261,266,,0.2818852663040161,
,4262,266,,0.2730691134929657,
,4263,266,,0.3263399004936218,
,4264,266,,0.24811385571956635,
,4265,266,,0.3292880058288574,
,4266,266,,0.3515510559082031,
,4267,266,,0.3378441035747528,
,4268,266,,0.21099847555160522,
,4269,266,,0.30147460103034973,
,4270,266,,0.3750324249267578,
,4271,266,,0.20010161399841309,
4272,,267,1.1495825052261353,,
4273,,267,1.149006962776184,,
4274,,267,1.0500319004058838,,
4275,,267,0.7184788584709167,,
4276,,267,1.195814609527588,,
4277,,267,0.7174820303916931,,
4278,,267,0.3116886615753174,,
4279,,267,0.7107466459274292,,
4280,,267,0.879811704158783,,
4281,,267,0.6884254813194275,,
4282,,267,0.5653219223022461,,
4283,,267,0.767756462097168,,
4284,,267,1.306009292602539,,
4285,,267,0.4200196862220764,,
4286,,267,0.8158215284347534,,
4287,,267,1.2286957502365112,,
,4272,267,,0.32623109221458435,
,4273,267,,0.3354623019695282,
,4274,267,,0.22096261382102966,
,4275,267,,0.22090616822242737,
,4276,267,,0.35886451601982117,
,4277,267,,0.34049123525619507,
,4278,267,,0.32862699031829834,
,4279,267,,0.32758986949920654,
,4280,267,,0.24941009283065796,
,4281,267,,0.2333555519580841,
,4282,267,,0.3830736577510834,
,4283,267,,0.23012134432792664,
,4284,267,,0.33652931451797485,
,4285,267,,0.25811851024627686,
,4286,267,,0.30744773149490356,
,4287,267,,0.2479378879070282,
4288,,268,0.8321641683578491,,
4289,,268,1.0380058288574219,,
4290,,268,0.4613785743713379,,
4291,,268,0.21716171503067017,,
4292,,268,0.726346492767334,,
4293,,268,0.5655118227005005,,
4294,,268,0.5614299178123474,,
4295,,268,0.5462979674339294,,
4296,,268,0.3517896831035614,,
4297,,268,0.27057144045829773,,
4298,,268,0.5304286479949951,,
4299,,268,1.0291554927825928,,
4300,,268,0.7303179502487183,,
4301,,268,0.6441363096237183,,
4302,,268,0.8058613538742065,,
4303,,268,1.3710663318634033,,
,4288,268,,0.29452353715896606,
,4289,268,,0.39935141801834106,
,4290,268,,0.3290003836154938,
,4291,268,,0.36538833379745483,
,4292,268,,0.3026808500289917,
,4293,268,,0.27323269844055176,
,4294,268,,0.37684857845306396,
,4295,268,,0.3407875895500183,
,4296,268,,0.33612072467803955,
,4297,268,,0.19146820902824402,
,4298,268,,0.28835317492485046,
,4299,268,,0.27105435729026794,
,4300,268,,0.38321924209594727,
,4301,268,,0.37878382205963135,
,4302,268,,0.2871244549751282,
,4303,268,,0.3374606966972351,
4304,,269,0.999840497970581,,
4305,,269,0.6575161218643188,,
4306,,269,1.232254981994629,,
4307,,269,1.4309794902801514,,
4308,,269,0.6765581965446472,,
4309,,269,0.6707390546798706,,
4310,,269,0.4084931015968323,,
4311,,269,0.9430623054504395,,
4312,,269,0.9044401049613953,,
4313,,269,0.8503172397613525,,
4314,,269,0.5436686873435974,,
4315,,269,0.5126622915267944,,
4316,,269,0.6092842817306519,,
4317,,269,0.8694804906845093,,
4318,,269,0.6802628040313721,,
4319,,269,0.8189443349838257,,
,4304,269,,0.2544144093990326,
,4305,269,,0.18762122094631195,
,4306,269,,0.32839471101760864,
,4307,269,,0.3024830222129822,
,4308,269,,0.31050050258636475,
,4309,269,,0.3318336606025696,
,4310,269,,0.254201740026474,
,4311,269,,0.36034151911735535,
,4312,269,,0.3203240931034088,
,4313,269,,0.3137829005718231,
,4314,269,,0.3001772165298462,
,4315,269,,0.23153460025787354,
,4316,269,,0.2358640879392624,
,4317,269,,0.2712595462799072,
,4318,269,,0.29806289076805115,
,4319,269,,0.20249950885772705,
4320,,270,0.6822090148925781,,
4321,,270,0.8954020738601685,,
4322,,270,0.6530457139015198,,
4323,,270,0.7203056812286377,,
4324,,270,0.36895987391471863,,
4325,,270,0.592473030090332,,
4326,,270,1.1651091575622559,,
4327,,270,0.41033825278282166,,
4328,,270,0.6401485204696655,,
4329,,270,0.7554308772087097,,
4330,,270,0.45796090364456177,,
4331,,270,0.9442014098167419,,
4332,,270,0.5676892399787903,,
4333,,270,0.8229738473892212,,
4334,,270,0.6270513534545898,,
4335,,270,0.7515522837638855,,
,4320,270,,0.2892727851867676,
,4321,270,,0.23356029391288757,
,4322,270,,0.2903784513473511,
,4323,270,,0.22880397737026215,
,4324,270,,0.2786255478858948,
,4325,270,,0.2444264143705368,
,4326,270,,0.37390536069869995,
,4327,270,,0.3185022473335266,
,4328,270,,0.2616218328475952,
,4329,270,,0.22746813297271729,
,4330,270,,0.35067999362945557,
,4331,270,,0.318972647190094,
,4332,270,,0.22916147112846375,
,4333,270,,0.22729098796844482,
,4334,270,,0.3120597004890442,
,4335,270,,0.19492778182029724,
4336,,271,0.4020952582359314,,
4337,,271,0.6484440565109253,,
4338,,271,0.9907095432281494,,
4339,,271,0.7255439758300781,,
4340,,271,0.905681312084198,,
4341,,271,0.8482167720794678,,
4342,,271,0.6371262073516846,,
4343,,271,0.9697011709213257,,
4344,,271,0.6264790296554565,,
4345,,271,0.410720556974411,,
4346,,271,1.05084228515625,,
4347,,271,0.829821765422821,,
4348,,271,0.4798908829689026,,
4349,,271,0.5865755081176758,,
4350,,271,0.4895528256893158,,
4351,,271,0.8220283389091492,,
,4336,271,,0.22589021921157837,
,4337,271,,0.2689116895198822,
,4338,271,,0.38069331645965576,
,4339,271,,0.3425765037536621,
,4340,271,,0.24915584921836853,
,4341,271,,0.26291075348854065,
,4342,271,,0.4344787001609802,
,4343,271,,0.37626346945762634,
,4344,271,,0.2215321958065033,
,4345,271,,0.4061972498893738,
,4346,271,,0.26892921328544617,
,4347,271,,0.29092276096343994,
,4348,271,,0.24375700950622559,
,4349,271,,0.3052012026309967,
,4350,271,,0.39094480872154236,
,4351,271,,0.36325567960739136,
4352,,272,0.3854101598262787,,
4353,,272,0.9905564188957214,,
4354,,272,0.8065088987350464,,
4355,,272,0.6994385719299316,,
4356,,272,0.5589694976806641,,
4357,,272,1.1276874542236328,,
4358,,272,0.8102924823760986,,
4359,,272,0.8409913778305054,,
4360,,272,0.46924662590026855,,
4361,,272,1.1367552280426025,,
4362,,272,0.7372682094573975,,
4363,,272,1.15523362159729,,
4364,,272,0.9179961681365967,,
4365,,272,0.5323928594589233,,
4366,,272,0.9474867582321167,,
4367,,272,0.7639404535293579,,
,4352,272,,0.2830578088760376,
,4353,272,,0.41611751914024353,
,4354,272,,0.3593546748161316,
,4355,272,,0.3099460303783417,
,4356,272,,0.2589656412601471,
,4357,272,,0.40834760665893555,
,4358,272,,0.3421228528022766,
,4359,272,,0.3422665596008301,
,4360,272,,0.2805598974227905,
,4361,272,,0.25527533888816833,
,4362,272,,0.27768203616142273,
,4363,272,,0.3144931197166443,
,4364,272,,0.36070021986961365,
,4365,272,,0.27218079566955566,
,4366,272,,0.3527601659297943,
,4367,272,,0.292510449886322,
4368,,273,1.1344757080078125,,
4369,,273,0.5860527753829956,,
4370,,273,1.2177473306655884,,
4371,,273,0.658621072769165,,
4372,,273,0.3989211320877075,,
4373,,273,0.9857974052429199,,
4374,,273,0.4845063388347626,,
4375,,273,0.8264106512069702,,
4376,,273,0.909063458442688,,
4377,,273,0.7729889750480652,,
4378,,273,0.32923558354377747,,
4379,,273,0.3275330364704132,,
4380,,273,0.4129767417907715,,
4381,,273,0.41579580307006836,,
4382,,273,0.7911858558654785,,
4383,,273,0.5081168413162231,,
,4368,273,,0.20692437887191772,
,4369,273,,0.2921629846096039,
,4370,273,,0.376995325088501,
,4371,273,,0.3619200587272644,
,4372,273,,0.27793586254119873,
,4373,273,,0.3400536775588989,
,4374,273,,0.374855101108551,
,4375,273,,0.22925584018230438,
,4376,273,,0.23783545196056366,
,4377,273,,0.2747253179550171,
,4378,273,,0.25942331552505493,
,4379,273,,0.3350386321544647,
,4380,273,,0.29623883962631226,
,4381,273,,0.3234577178955078,
,4382,273,,0.19760331511497498,
,4383,273,,0.3199543058872223,
4384,,274,0.6002592444419861,,
4385,,274,0.701379656791687,,
4386,,274,0.50682532787323,,
4387,,274,0.6379328966140747,,
4388,,274,0.44410452246665955,,
4389,,274,0.6336456537246704,,
4390,,274,0.8755226135253906,,
4391,,274,0.7312406301498413,,
4392,,274,0.7113882899284363,,
4393,,274,1.1292388439178467,,
4394,,274,0.8850738406181335,,
4395,,274,1.151572346687317,,
4396,,274,0.3266676068305969,,
4397,,274,1.2232978343963623,,
4398,,274,1.0693233013153076,,
4399,,274,0.6728007793426514,,
,4384,274,,0.290346622467041,
,4385,274,,0.3265445828437805,
,4386,274,,0.38362857699394226,
,4387,274,,0.28419584035873413,
,4388,274,,0.22392606735229492,
,4389,274,,0.21251913905143738,
,4390,274,,0.32983383536338806,
,4391,274,,0.22225072979927063,
,4392,274,,0.2819645404815674,
,4393,274,,0.3487320840358734,
,4394,274,,0.23235318064689636,
,4395,274,,0.2910415828227997,
,4396,274,,0.28883540630340576,
,4397,274,,0.26655274629592896,
,4398,274,,0.2340642213821411,
,4399,274,,0.21261614561080933,
4400,,275,0.8562976717948914,,
4401,,275,0.90700364112854,,
4402,,275,0.44769591093063354,,
4403,,275,0.4909118115901947,,
4404,,275,0.40773412585258484,,
4405,,275,0.9175438284873962,,
4406,,275,0.9955973029136658,,
4407,,275,0.9578120708465576,,
4408,,275,0.4643056094646454,,
4409,,275,0.8105102777481079,,
4410,,275,0.9007402658462524,,
4411,,275,0.5793226957321167,,
4412,,275,0.5624184608459473,,
4413,,275,0.6367409229278564,,
4414,,275,0.635283350944519,,
4415,,275,0.9121224284172058,,
,4400,275,,0.30496323108673096,
,4401,275,,0.38554927706718445,
,4402,275,,0.2836307883262634,
,4403,275,,0.2984434962272644,
,4404,275,,0.4463578164577484,
,4405,275,,0.3965267837047577,
,4406,275,,0.28292661905288696,
,4407,275,,0.32522833347320557,
,4408,275,,0.26029765605926514,
,4409,275,,0.27154409885406494,
,4410,275,,0.2871006727218628,
,4411,275,,0.306075781583786,
,4412,275,,0.30352455377578735,
,4413,275,,0.3625645041465759,
,4414,275,,0.19776396453380585,
,4415,275,,0.21415959298610687,
4416,,276,0.567557692527771,,
4417,,276,0.7194420695304871,,
4418,,276,0.3946842551231384,,
4419,,276,0.9067804217338562,,
4420,,276,0.7211310863494873,,
4421,,276,1.2956501245498657,,
4422,,276,0.6449588537216187,,
4423,,276,0.5104671716690063,,
4424,,276,0.2837657034397125,,
4425,,276,0.7428814768791199,,
4426,,276,0.8626962900161743,,
4427,,276,0.9341121912002563,,
4428,,276,1.2905969619750977,,
4429,,276,0.699927806854248,,
4430,,276,1.1611114740371704,,
4431,,276,0.8237390518188477,,
,4416,276,,0.3280298709869385,
,4417,276,,0.28080886602401733,
,4418,276,,0.3634629249572754,
,4419,276,,0.40144428610801697,
,4420,276,,0.28919968008995056,
,4421,276,,0.30720990896224976,
,4422,276,,0.3945123553276062,
,4423,276,,0.2949783504009247,
,4424,276,,0.2990870773792267,
,4425,276,,0.2241652011871338,
,4426,276,,0.35598987340927124,
,4427,276,,0.19567567110061646,
,4428,276,,0.39232271909713745,
,4429,276,,0.23894113302230835,
,4430,276,,0.2685498595237732,
,4431,276,,0.23667041957378387,
4432,,277,1.0723419189453125,,
4433,,277,0.5238280296325684,,
4434,,277,0.806346595287323,,
4435,,277,0.462236613035202,,
4436,,277,0.6163742542266846,,
4437,,277,0.6101668477058411,,
4438,,277,0.8445322513580322,,
4439,,277,1.0641683340072632,,
4440,,277,0.7049919962882996,,
4441,,277,0.7188123464584351,,
4442,,277,1.4040272235870361,,
4443,,277,1.4491510391235352,,
4444,,277,0.43431755900382996,,
4445,,277,0.5374276638031006,,
4446,,277,0.4490591883659363,,
4447,,277,0.9817907214164734,,
,4432,277,,0.29313576221466064,
,4433,277,,0.2451273649930954,
,4434,277,,0.2551341950893402,
,4435,277,,0.28433942794799805,
,4436,277,,0.40762877464294434,
,4437,277,,0.2200002670288086,
,4438,277,,0.31550949811935425,
,4439,277,,0.41564416885375977,
,4440,277,,0.2734121084213257,
,4441,277,,0.29009777307510376,
,4442,277,,0.22801433503627777,
,4443,277,,0.21549320220947266,
,4444,277,,0.39119696617126465,
,4445,277,,0.31161388754844666,
,4446,277,,0.4141339659690857,
,4447,277,,0.32164466381073,
4448,,278,0.572493314743042,,
4449,,278,0.507301926612854,,
4450,,278,0.34692710638046265,,
4451,,278,0.5136619806289673,,
4452,,278,0.8286803960800171,,
4453,,278,0.3983508348464966,,
4454,,278,0.8580514788627625,,
4455,,278,1.0521289110183716,,
4456,,278,0.5456430912017822,,
4457,,278,0.3991597592830658,,
4458,,278,0.44134896993637085,,
4459,,278,0.7970589995384216,,
4460,,278,0.8664287328720093,,
4461,,278,0.41427868604660034,,
4462,,278,0.4004623293876648,,
4463,,278,0.2584007978439331,,
,4448,278,,0.346167653799057,
,4449,278,,0.39717042446136475,
,4450,278,,0.3443530201911926,
,4451,278,,0.2142607420682907,
,4452,278,,0.24888168275356293,
,4453,278,,0.21658216416835785,
,4454,278,,0.22298595309257507,
,4455,278,,0.21613812446594238,
,4456,278,,0.3825145363807678,
,4457,278,,0.37132129073143005,
,4458,278,,0.2956821322441101,
,4459,278,,0.36439770460128784,
,4460,278,,0.2806163430213928,
,4461,278,,0.3598107695579529,
,4462,278,,0.25844860076904297,
,4463,278,,0.21833503246307373,
4464,,279,0.76556795835495,,
4465,,279,0.6667853593826294,,
4466,,279,1.1031548976898193,,
4467,,279,0.40803810954093933,,
4468,,279,0.6054329872131348,,
4469,,279,0.42450135946273804,,
4470,,279,0.742816686630249,,
4471,,279,0.9726865291595459,,
4472,,279,0.9066752195358276,,
4473,,279,0.3530887961387634,,
4474,,279,0.31257855892181396,,
4475,,279,0.4039076566696167,,
4476,,279,0.9581568241119385,,
4477,,279,0.34535694122314453,,
4478,,279,0.3318823277950287,,
4479,,279,1.0699433088302612,,
,4464,279,,0.22585955262184143,
,4465,279,,0.19107377529144287,
,4466,279,,0.23994080722332,
,4467,279,,0.23672012984752655,
,4468,279,,0.3223186135292053,
,4469,279,,0.39963144063949585,
,4470,279,,0.27899569272994995,
,4471,279,,0.3638916015625,
,4472,279,,0.23130325973033905,
,4473,279,,0.29152172803878784,
,4474,279,,0.2929563820362091,
,4475,279,,0.30633866786956787,
,4476,279,,0.3117339313030243,
,4477,279,,0.28759634494781494,
,4478,279,,0.30547934770584106,
,4479,279,,0.24425022304058075,
4480,,280,0.31247854232788086,,
4481,,280,0.4229840636253357,,
4482,,280,0.8470636606216431,,
4483,,280,1.2182996273040771,,
4484,,280,0.7015419006347656,,
4485,,280,1.0433778762817383,,
4486,,280,0.6763044595718384,,
4487,,280,0.976904571056366,,
4488,,280,0.6209394335746765,,
4489,,280,0.5383462905883789,,
4490,,280,1.2445839643478394,,
4491,,280,0.47630470991134644,,
4492,,280,1.3097114562988281,,
4493,,280,1.2424371242523193,,
4494,,280,0.3563290536403656,,
4495,,280,1.105216383934021,,
,4480,280,,0.346698522567749,
,4481,280,,0.41435524821281433,
,4482,280,,0.2775460481643677,
,4483,280,,0.2967960238456726,
,4484,280,,0.21029874682426453,
,4485,280,,0.31566593050956726,
,4486,280,,0.38784608244895935,
,4487,280,,0.28572866320610046,
,4488,280,,0.27377697825431824,
,4489,280,,0.3970254361629486,
,4490,280,,0.2569487690925598,
,4491,280,,0.19538526237010956,
,4492,280,,0.3689689338207245,
,4493,280,,0.22095036506652832,
,4494,280,,0.32458072900772095,
,4495,280,,0.2906005382537842,
4496,,281,0.6413981914520264,,
4497,,281,0.8458601832389832,,
4498,,281,0.5719095468521118,,
4499,,281,0.7109276652336121,,
4500,,281,0.8179277181625366,,
4501,,281,0.5806655883789062,,
4502,,281,0.7469724416732788,,
4503,,281,0.36330515146255493,,
4504,,281,0.33314359188079834,,
4505,,281,1.4838355779647827,,
4506,,281,0.5033996105194092,,
4507,,281,0.384074330329895,,
4508,,281,0.39333856105804443,,
4509,,281,1.1870328187942505,,
4510,,281,0.8916727900505066,,
4511,,281,0.7753011584281921,,
,4496,281,,0.3204941153526306,
,4497,281,,0.37187427282333374,
,4498,281,,0.3262656033039093,
,4499,281,,0.35451310873031616,
,4500,281,,0.362110435962677,
,4501,281,,0.4245462119579315,
,4502,281,,0.22833400964736938,
,4503,281,,0.40690088272094727,
,4504,281,,0.2692231237888336,
,4505,281,,0.24245929718017578,
,4506,281,,0.46635326743125916,
,4507,281,,0.2334366738796234,
,4508,281,,0.290051132440567,
,4509,281,,0.23443739116191864,
,4510,281,,0.30233287811279297,
,4511,281,,0.27172979712486267,
4512,,282,0.9890229105949402,,
4513,,282,0.5487907528877258,,
4514,,282,0.8118909597396851,,
4515,,282,0.8953574895858765,,
4516,,282,0.4579342007637024,,
4517,,282,1.0891388654708862,,
4518,,282,0.7701892256736755,,
4519,,282,0.4499092698097229,,
4520,,282,0.9524784088134766,,
4521,,282,0.3461724519729614,,
4522,,282,0.4496237635612488,,
4523,,282,0.7452311515808105,,
4524,,282,0.8927946090698242,,
4525,,282,0.9892033338546753,,
4526,,282,0.6396369934082031,,
4527,,282,0.6021384000778198,,
,4512,282,,0.30320796370506287,
,4513,282,,0.25408613681793213,
,4514,282,,0.26299983263015747,
,4515,282,,0.2893815040588379,
,4516,282,,0.27187085151672363,
,4517,282,,0.34528058767318726,
,4518,282,,0.3001859188079834,
,4519,282,,0.25903239846229553,
,4520,282,,0.28696757555007935,
,4521,282,,0.2513469457626343,
,4522,282,,0.25121691823005676,
,4523,282,,0.3024137318134308,
,4524,282,,0.28108495473861694,
,4525,282,,0.27191466093063354,
,4526,282,,0.28611084818840027,
,4527,282,,0.21333281695842743,
4528,,283,0.4025798738002777,,
4529,,283,0.8563358187675476,,
4530,,283,0.820772111415863,,
4531,,283,0.9173180460929871,,
4532,,283,0.8307890892028809,,
4533,,283,0.7237377166748047,,
4534,,283,0.3975461423397064,,
4535,,283,0.7445653676986694,,
4536,,283,1.7012310028076172,,
4537,,283,0.2836783528327942,,
4538,,283,0.5828413963317871,,
4539,,283,1.0315415859222412,,
4540,,283,0.9087173342704773,,
4541,,283,0.6965618133544922,,
4542,,283,0.6099414825439453,,
4543,,283,0.5606904625892639,,
,4528,283,,0.33058109879493713,
,4529,283,,0.3091356158256531,
,4530,283,,0.25078830122947693,
,4531,283,,0.2753251791000366,
,4532,283,,0.24612686038017273,
,4533,283,,0.2482878863811493,
,4534,283,,0.3084704279899597,
,4535,283,,0.2724025845527649,
,4536,283,,0.28426826000213623,
,4537,283,,0.22435830533504486,
,4538,283,,0.2948889136314392,
,4539,283,,0.26728975772857666,
,4540,283,,0.3576948046684265,
,4541,283,,0.2798120677471161,
,4542,283,,0.31551504135131836,
,4543,283,,0.31788092851638794,
4544,,284,1.3136082887649536,,
4545,,284,1.3654086589813232,,
4546,,284,0.8019065856933594,,
4547,,284,0.6070674061775208,,
4548,,284,0.30474716424942017,,
4549,,284,1.0783894062042236,,
4550,,284,0.8519868850708008,,
4551,,284,0.5633670091629028,,
4552,,284,0.6167087554931641,,
4553,,284,1.0995539426803589,,
4554,,284,0.9130600690841675,,
4555,,284,0.6630974411964417,,
4556,,284,0.8468374013900757,,
4557,,284,0.732039213180542,,
4558,,284,0.5474488735198975,,
4559,,284,0.38829559087753296,,
,4544,284,,0.4389481544494629,
,4545,284,,0.4475552439689636,
,4546,284,,0.22703832387924194,
,4547,284,,0.2142147421836853,
,4548,284,,0.31420648097991943,
,4549,284,,0.3291526436805725,
,4550,284,,0.2669602632522583,
,4551,284,,0.23172548413276672,
,4552,284,,0.28827810287475586,
,4553,284,,0.25611087679862976,
,4554,284,,0.22923195362091064,
,4555,284,,0.379123330116272,
,4556,284,,0.3191709816455841,
,4557,284,,0.3885950446128845,
,4558,284,,0.2620525062084198,
,4559,284,,0.3378908634185791,
4560,,285,0.5484074354171753,,
4561,,285,0.6476635336875916,,
4562,,285,1.1655763387680054,,
4563,,285,0.7009570598602295,,
4564,,285,1.014265775680542,,
4565,,285,0.5039889812469482,,
4566,,285,0.36498039960861206,,
4567,,285,0.4351986348628998,,
4568,,285,1.2113935947418213,,
4569,,285,1.1317723989486694,,
4570,,285,1.294243335723877,,
4571,,285,0.6155115962028503,,
4572,,285,0.3485291600227356,,
4573,,285,0.8074415922164917,,
4574,,285,0.49344658851623535,,
4575,,285,0.8110734820365906,,
,4560,285,,0.2628994584083557,
,4561,285,,0.2714689373970032,
,4562,285,,0.2312673181295395,
,4563,285,,0.27999597787857056,
,4564,285,,0.31607842445373535,
,4565,285,,0.2540932893753052,
,4566,285,,0.3460260033607483,
,4567,285,,0.30479174852371216,
,4568,285,,0.24616169929504395,
,4569,285,,0.3187106251716614,
,4570,285,,0.29338890314102173,
,4571,285,,0.2889989912509918,
,4572,285,,0.4239140450954437,
,4573,285,,0.25275152921676636,
,4574,285,,0.34534329175949097,
,4575,285,,0.24119600653648376,
4576,,286,0.3892900347709656,,
4577,,286,0.7273945808410645,,
4578,,286,0.583322286605835,,
4579,,286,0.969916820526123,,
4580,,286,0.4908139407634735,,
4581,,286,0.6474742889404297,,
4582,,286,0.7124063968658447,,
4583,,286,0.4766766428947449,,
4584,,286,0.6527895927429199,,
4585,,286,0.5323251485824585,,
4586,,286,0.26474905014038086,,
4587,,286,0.8410969972610474,,
4588,,286,0.9853248596191406,,
4589,,286,0.7325739860534668,,
4590,,286,0.5424820184707642,,
4591,,286,0.6464039087295532,,
,4576,286,,0.3559194803237915,
,4577,286,,0.36552128195762634,
,4578,286,,0.44698140025138855,
,4579,286,,0.29467201232910156,
,4580,286,,0.21465735137462616,
,4581,286,,0.3224771022796631,
,4582,286,,0.2571897804737091,
,4583,286,,0.2766590118408203,
,4584,286,,0.37992745637893677,
,4585,286,,0.36320894956588745,
,4586,286,,0.3111358880996704,
,4587,286,,0.23478321731090546,
,4588,286,,0.3159524202346802,
,4589,286,,0.257692813873291,
,4590,286,,0.4142005443572998,
,4591,286,,0.271762877702713,
4592,,287,1.0031614303588867,,
4593,,287,0.4559707045555115,,
4594,,287,0.47479432821273804,,
4595,,287,0.6061859130859375,,
4596,,287,0.9125195741653442,,
4597,,287,0.5492824912071228,,
4598,,287,0.5245728492736816,,
4599,,287,0.8992743492126465,,
4600,,287,0.7040539979934692,,
4601,,287,1.0315691232681274,,
4602,,287,0.5688284635543823,,
4603,,287,0.7075831294059753,,
4604,,287,0.4176696240901947,,
4605,,287,0.7103303670883179,,
4606,,287,0.5536109209060669,,
4607,,287,0.6055893301963806,,
,4592,287,,0.3933010995388031,
,4593,287,,0.2583855092525482,
,4594,287,,0.22483401000499725,
,4595,287,,0.2991046905517578,
,4596,287,,0.2747459411621094,
,4597,287,,0.3370048999786377,
,4598,287,,0.22315864264965057,
,4599,287,,0.1921381652355194,
,4600,287,,0.2477753460407257,
,4601,287,,0.3765197694301605,
,4602,287,,0.22375993430614471,
,4603,287,,0.23972168564796448,
,4604,287,,0.34747132658958435,
,4605,287,,0.2943355441093445,
,4606,287,,0.2080511748790741,
,4607,287,,0.2904910743236542,
4608,,288,0.5626192092895508,,
4609,,288,1.126527190208435,,
4610,,288,0.9686488509178162,,
4611,,288,0.8318738341331482,,
4612,,288,0.6199085116386414,,
4613,,288,0.9736075401306152,,
4614,,288,0.8542547225952148,,
4615,,288,0.7398073077201843,,
4616,,288,0.9711198806762695,,
4617,,288,1.1021597385406494,,
4618,,288,1.2279647588729858,,
4619,,288,0.9986478090286255,,
4620,,288,0.6023454666137695,,
4621,,288,1.0394699573516846,,
4622,,288,0.4108522832393646,,
4623,,288,1.1630830764770508,,
,4608,288,,0.2304178923368454,
,4609,288,,0.2553817629814148,
,4610,288,,0.3365442454814911,
,4611,288,,0.3020957410335541,
,4612,288,,0.3335798680782318,
,4613,288,,0.21322058141231537,
,4614,288,,0.3212043344974518,
,4615,288,,0.2695666551589966,
,4616,288,,0.3047389090061188,
,4617,288,,0.22170361876487732,
,4618,288,,0.26065558195114136,
,4619,288,,0.2611958384513855,
,4620,288,,0.24017666280269623,
,4621,288,,0.2877258062362671,
,4622,288,,0.28088846802711487,
,4623,288,,0.3237364590167999,
4624,,289,0.743735671043396,,
4625,,289,0.48864758014678955,,
4626,,289,0.755070686340332,,
4627,,289,0.46779024600982666,,
4628,,289,0.8504521250724792,,
4629,,289,1.0332186222076416,,
4630,,289,0.39170560240745544,,
4631,,289,1.0723013877868652,,
4632,,289,0.39122188091278076,,
4633,,289,0.9361069202423096,,
4634,,289,0.8594439029693604,,
4635,,289,0.5691498517990112,,
4636,,289,0.6845035552978516,,
4637,,289,0.6320654153823853,,
4638,,289,0.8475524187088013,,
4639,,289,0.5679171085357666,,
,4624,289,,0.3011530637741089,
,4625,289,,0.2825718820095062,
,4626,289,,0.2186838835477829,
,4627,289,,0.24999424815177917,
,4628,289,,0.3214518427848816,
,4629,289,,0.24133065342903137,
,4630,289,,0.3195855915546417,
,4631,289,,0.2112988829612732,
,4632,289,,0.39076468348503113,
,4633,289,,0.30837613344192505,
,4634,289,,0.254686176776886,
,4635,289,,0.3123572766780853,
,4636,289,,0.24549441039562225,
,4637,289,,0.26799970865249634,
,4638,289,,0.28293538093566895,
,4639,289,,0.3282877504825592,
4640,,290,0.4388861060142517,,
4641,,290,1.49440598487854,,
4642,,290,0.8843693733215332,,
4643,,290,0.6219615936279297,,
4644,,290,0.3783072829246521,,
4645,,290,0.39425063133239746,,
4646,,290,0.497127503156662,,
4647,,290,0.758643627166748,,
4648,,290,0.6508483290672302,,
4649,,290,0.24814210832118988,,
4650,,290,0.8814066648483276,,
4651,,290,0.4677010178565979,,
4652,,290,1.1484202146530151,,
4653,,290,0.9569393396377563,,
4654,,290,0.7014786601066589,,
4655,,290,0.9307130575180054,,
,4640,290,,0.38413435220718384,
,4641,290,,0.41949933767318726,
,4642,290,,0.30638837814331055,
,4643,290,,0.27738121151924133,
,4644,290,,0.23502087593078613,
,4645,290,,0.306988924741745,
,4646,290,,0.4452524185180664,
,4647,290,,0.2802986204624176,
,4648,290,,0.36905646324157715,
,4649,290,,0.2232573926448822,
,4650,290,,0.2924586236476898,
,4651,290,,0.22027549147605896,
,4652,290,,0.22501155734062195,
,4653,290,,0.2724033296108246,
,4654,290,,0.32928580045700073,
,4655,290,,0.3156261742115021,
4656,,291,0.8232194185256958,,
4657,,291,1.0197222232818604,,
4658,,291,0.5127641558647156,,
4659,,291,1.0669463872909546,,
4660,,291,0.9290479421615601,,
4661,,291,0.8935866355895996,,
4662,,291,1.5936298370361328,,
4663,,291,1.1333017349243164,,
4664,,291,0.6355065107345581,,
4665,,291,0.8835748434066772,,
4666,,291,0.885090708732605,,
4667,,291,1.0649306774139404,,
4668,,291,0.7922039031982422,,
4669,,291,1.0474299192428589,,
4670,,291,0.835543155670166,,
4671,,291,0.5599892139434814,,
,4656,291,,0.3178985118865967,
,4657,291,,0.3416120409965515,
,4658,291,,0.34026700258255005,
,4659,291,,0.2493528574705124,
,4660,291,,0.26994335651397705,
,4661,291,,0.398928165435791,
,4662,291,,0.38533076643943787,
,4663,291,,0.36129629611968994,
,4664,291,,0.26215314865112305,
,4665,291,,0.2826976776123047,
,4666,291,,0.288105309009552,
,4667,291,,0.23028874397277832,
,4668,291,,0.2357761710882187,
,4669,291,,0.3316269516944885,
,4670,291,,0.21838057041168213,
,4671,291,,0.3392043709754944,
4672,,292,0.9084538817405701,,
4673,,292,0.7321090698242188,,
4674,,292,0.20061305165290833,,
4675,,292,0.6345006227493286,,
4676,,292,0.5931308269500732,,
4677,,292,1.2048556804656982,,
4678,,292,0.7219076156616211,,
4679,,292,0.9148775935173035,,
4680,,292,0.39779576659202576,,
4681,,292,0.9241592884063721,,
4682,,292,0.6569089889526367,,
4683,,292,0.8412362933158875,,
4684,,292,0.778048038482666,,
4685,,292,0.8876276016235352,,
4686,,292,0.8935441970825195,,
4687,,292,0.5451762080192566,,
,4672,292,,0.28933581709861755,
,4673,292,,0.27106404304504395,
,4674,292,,0.2527272701263428,
,4675,292,,0.2882186770439148,
,4676,292,,0.2889285981655121,
,4677,292,,0.2102266550064087,
,4678,292,,0.24368223547935486,
,4679,292,,0.2832452952861786,
,4680,292,,0.2740389108657837,
,4681,292,,0.3900936543941498,
,4682,292,,0.2550314664840698,
,4683,292,,0.21641728281974792,
,4684,292,,0.2040565460920334,
,4685,292,,0.25748229026794434,
,4686,292,,0.21351096034049988,
,4687,292,,0.19397978484630585,
4688,,293,0.9785770773887634,,
4689,,293,0.592600405216217,,
4690,,293,0.8369035720825195,,
4691,,293,0.645833432674408,,
4692,,293,1.2015933990478516,,
4693,,293,1.061765432357788,,
4694,,293,1.222516417503357,,
4695,,293,0.8368577361106873,,
4696,,293,0.9963442087173462,,
4697,,293,0.4759204089641571,,
4698,,293,0.7347120046615601,,
4699,,293,0.2083250880241394,,
4700,,293,0.5632144808769226,,
4701,,293,0.31158798933029175,,
4702,,293,0.5767976641654968,,
4703,,293,0.5860164165496826,,
,4688,293,,0.21543824672698975,
,4689,293,,0.34229573607444763,
,4690,293,,0.24368706345558167,
,4691,293,,0.23526965081691742,
,4692,293,,0.2415713369846344,
,4693,293,,0.42004427313804626,
,4694,293,,0.25387734174728394,
,4695,293,,0.30531495809555054,
,4696,293,,0.4209337830543518,
,4697,293,,0.3454020917415619,
,4698,293,,0.32719001173973083,
,4699,293,,0.2189587652683258,
,4700,293,,0.4683659076690674,
,4701,293,,0.3216429650783539,
,4702,293,,0.2908537983894348,
,4703,293,,0.23861894011497498,
4704,,294,1.0338869094848633,,
4705,,294,0.5192175507545471,,
4706,,294,0.7131826281547546,,
4707,,294,0.4082123637199402,,
4708,,294,0.7552019357681274,,
4709,,294,1.1853153705596924,,
4710,,294,0.9276475310325623,,
4711,,294,1.0182175636291504,,
4712,,294,0.42346641421318054,,
4713,,294,0.2519378066062927,,
4714,,294,0.5325483679771423,,
4715,,294,0.43493473529815674,,
4716,,294,0.9291955828666687,,
4717,,294,0.6886703372001648,,
4718,,294,1.3095216751098633,,
4719,,294,1.2131057977676392,,
,4704,294,,0.4340606927871704,
,4705,294,,0.36034268140792847,
,4706,294,,0.18883781135082245,
,4707,294,,0.2283841073513031,
,4708,294,,0.2017122507095337,
,4709,294,,0.29715460538864136,
,4710,294,,0.26038533449172974,
,4711,294,,0.37761586904525757,
,4712,294,,0.1885519027709961,
,4713,294,,0.2493637204170227,
,4714,294,,0.28212329745292664,
,4715,294,,0.3657993972301483,
,4716,294,,0.2752234935760498,
,4717,294,,0.35985469818115234,
,4718,294,,0.1954239308834076,
,4719,294,,0.2651936113834381,
4720,,295,0.8065718412399292,,
4721,,295,0.7412974238395691,,
4722,,295,0.8662643432617188,,
4723,,295,0.876065731048584,,
4724,,295,0.9103755950927734,,
4725,,295,0.7650103569030762,,
4726,,295,0.8167373538017273,,
4727,,295,0.6462985277175903,,
4728,,295,0.7480809688568115,,
4729,,295,1.2365692853927612,,
4730,,295,0.4876914918422699,,
4731,,295,0.6257124543190002,,
4732,,295,0.5563586950302124,,
4733,,295,0.958141028881073,,
4734,,295,0.24261951446533203,,
4735,,295,0.9966304302215576,,
,4720,295,,0.4221172332763672,
,4721,295,,0.28489813208580017,
,4722,295,,0.26288506388664246,
,4723,295,,0.24925684928894043,
,4724,295,,0.2897202968597412,
,4725,295,,0.3072553873062134,
,4726,295,,0.3657938241958618,
,4727,295,,0.23384344577789307,
,4728,295,,0.23909685015678406,
,4729,295,,0.2744429111480713,
,4730,295,,0.19746188819408417,
,4731,295,,0.2833302617073059,
,4732,295,,0.2866525650024414,
,4733,295,,0.25857216119766235,
,4734,295,,0.2109760046005249,
,4735,295,,0.24967357516288757,
4736,,296,0.7161344289779663,,
4737,,296,0.8716217279434204,,
4738,,296,0.5278421640396118,,
4739,,296,0.8291059732437134,,
4740,,296,0.688897967338562,,
4741,,296,0.8105905055999756,,
4742,,296,0.7599279284477234,,
4743,,296,1.1353111267089844,,
4744,,296,0.5030170679092407,,
4745,,296,0.8071428537368774,,
4746,,296,0.463216632604599,,
4747,,296,0.9640861749649048,,
4748,,296,0.7070997953414917,,
4749,,296,1.003657579421997,,
4750,,296,0.9223265647888184,,
4751,,296,0.8770368099212646,,
,4736,296,,0.31887122988700867,
,4737,296,,0.23474785685539246,
,4738,296,,0.3258592486381531,
,4739,296,,0.35774609446525574,
,4740,296,,0.37595435976982117,
,4741,296,,0.2720492482185364,
,4742,296,,0.2793159484863281,
,4743,296,,0.29295963048934937,
,4744,296,,0.30289822816848755,
,4745,296,,0.30782902240753174,
,4746,296,,0.291668176651001,
,4747,296,,0.2551310062408447,
,4748,296,,0.3522813022136688,
,4749,296,,0.3426034450531006,
,4750,296,,0.19040022790431976,
,4751,296,,0.22212591767311096,
4752,,297,0.6634645462036133,,
4753,,297,0.2908213138580322,,
4754,,297,0.5825505256652832,,
4755,,297,0.8065290451049805,,
4756,,297,1.0462005138397217,,
4757,,297,0.6928733587265015,,
4758,,297,0.5389609932899475,,
4759,,297,0.7183703184127808,,
4760,,297,0.6223397254943848,,
4761,,297,0.5332124829292297,,
4762,,297,0.6412404775619507,,
4763,,297,1.0125025510787964,,
4764,,297,0.8911001682281494,,
4765,,297,0.8125659227371216,,
4766,,297,0.7123783826828003,,
4767,,297,0.997542142868042,,
,4752,297,,0.24159714579582214,
,4753,297,,0.3266961872577667,
,4754,297,,0.31838345527648926,
,4755,297,,0.30316802859306335,
,4756,297,,0.21776428818702698,
,4757,297,,0.40193772315979004,
,4758,297,,0.1978221833705902,
,4759,297,,0.258258193731308,
,4760,297,,0.2696826457977295,
,4761,297,,0.2691560983657837,
,4762,297,,0.3307535648345947,
,4763,297,,0.20273928344249725,
,4764,297,,0.376543253660202,
,4765,297,,0.2762887477874756,
,4766,297,,0.33043915033340454,
,4767,297,,0.28613409399986267,
4768,,298,0.5844006538391113,,
4769,,298,0.7151360511779785,,
4770,,298,0.7374536991119385,,
4771,,298,0.6527194976806641,,
4772,,298,0.2930397391319275,,
4773,,298,0.947070300579071,,
4774,,298,0.25050318241119385,,
4775,,298,0.47446882724761963,,
4776,,298,0.9601025581359863,,
4777,,298,1.3783754110336304,,
4778,,298,0.5507115125656128,,
4779,,298,0.8176199197769165,,
4780,,298,0.8613870143890381,,
4781,,298,1.0409204959869385,,
4782,,298,0.4781233072280884,,
4783,,298,0.7624318599700928,,
,4768,298,,0.21677814424037933,
,4769,298,,0.2906903624534607,
,4770,298,,0.2992326021194458,
,4771,298,,0.28155940771102905,
,4772,298,,0.24808435142040253,
,4773,298,,0.3066765069961548,
,4774,298,,0.46648797392845154,
,4775,298,,0.3194577693939209,
,4776,298,,0.28439420461654663,
,4777,298,,0.2825150489807129,
,4778,298,,0.2734779715538025,
,4779,298,,0.2738344371318817,
,4780,298,,0.21817171573638916,
,4781,298,,0.23886774480342865,
,4782,298,,0.28112858533859253,
,4783,298,,0.23117876052856445,
4784,,299,0.6931679248809814,,
4785,,299,1.1773618459701538,,
4786,,299,1.007096529006958,,
4787,,299,0.6945440173149109,,
4788,,299,0.46543464064598083,,
4789,,299,0.3914813995361328,,
4790,,299,0.9003264307975769,,
4791,,299,0.7591468691825867,,
4792,,299,0.8318276405334473,,
4793,,299,0.7418017387390137,,
4794,,299,0.8391344547271729,,
4795,,299,1.2828857898712158,,
4796,,299,0.358813613653183,,
4797,,299,0.7773154973983765,,
4798,,299,0.47909975051879883,,
4799,,299,0.7338597178459167,,
,4784,299,,0.2677881121635437,
,4785,299,,0.3283471465110779,
,4786,299,,0.2586633563041687,
,4787,299,,0.29307419061660767,
,4788,299,,0.19952356815338135,
,4789,299,,0.2698797881603241,
,4790,299,,0.3108041286468506,
,4791,299,,0.39166170358657837,
,4792,299,,0.30259913206100464,
,4793,299,,0.2561846971511841,
,4794,299,,0.3021713197231293,
,4795,299,,0.2203730046749115,
,4796,299,,0.34892696142196655,
,4797,299,,0.21380195021629333,
,4798,299,,0.2340468168258667,
,4799,299,,0.28039586544036865,
4800,,300,1.290395736694336,,
4801,,300,0.4249545931816101,,
4802,,300,0.36695942282676697,,
4803,,300,1.5035245418548584,,
4804,,300,0.6877279281616211,,
4805,,300,0.894989013671875,,
4806,,300,0.417092889547348,,
4807,,300,0.4160381257534027,,
4808,,300,0.5944985151290894,,
4809,,300,0.6046546697616577,,
4810,,300,0.47991904616355896,,
4811,,300,0.4572572410106659,,
4812,,300,0.8060253858566284,,
4813,,300,0.531278133392334,,
4814,,300,1.034643530845642,,
4815,,300,0.5147548913955688,,
,4800,300,,0.38485270738601685,
,4801,300,,0.36609894037246704,
,4802,300,,0.25446248054504395,
,4803,300,,0.29218634963035583,
,4804,300,,0.29741379618644714,
,4805,300,,0.2404433935880661,
,4806,300,,0.2870350480079651,
,4807,300,,0.24831414222717285,
,4808,300,,0.3253173828125,
,4809,300,,0.3322269022464752,
,4810,300,,0.25731006264686584,
,4811,300,,0.3316224217414856,
,4812,300,,0.2219979465007782,
,4813,300,,0.24814116954803467,
,4814,300,,0.256808340549469,
,4815,300,,0.3055742084980011,
4816,,301,0.47005951404571533,,
4817,,301,0.691805362701416,,
4818,,301,0.7365107536315918,,
4819,,301,0.8570577502250671,,
4820,,301,0.5624916553497314,,
4821,,301,1.252334713935852,,
4822,,301,0.36979493498802185,,
4823,,301,0.4718729853630066,,
4824,,301,1.0597050189971924,,
4825,,301,0.8391563892364502,,
4826,,301,0.9035918116569519,,
4827,,301,1.013368010520935,,
4828,,301,0.5287363529205322,,
4829,,301,0.6553003787994385,,
4830,,301,0.9651193022727966,,
4831,,301,0.6584808826446533,,
,4816,301,,0.31470656394958496,
,4817,301,,0.36683082580566406,
,4818,301,,0.2886836528778076,
,4819,301,,0.22376307845115662,
,4820,301,,0.4154042601585388,
,4821,301,,0.2355688214302063,
,4822,301,,0.2611483037471771,
,4823,301,,0.3596245050430298,
,4824,301,,0.2957794666290283,
,4825,301,,0.2807088792324066,
,4826,301,,0.31645917892456055,
,4827,301,,0.38940131664276123,
,4828,301,,0.3098220229148865,
,4829,301,,0.28921303153038025,
,4830,301,,0.4119546413421631,
,4831,301,,0.25568610429763794,
4832,,302,0.5267393589019775,,
4833,,302,0.668388843536377,,
4834,,302,0.927606463432312,,
4835,,302,1.0626939535140991,,
4836,,302,0.60834801197052,,
4837,,302,0.5341593027114868,,
4838,,302,0.7974206805229187,,
4839,,302,1.2201693058013916,,
4840,,302,0.7132753729820251,,
4841,,302,0.7244279384613037,,
4842,,302,0.5204746723175049,,
4843,,302,0.8017406463623047,,
4844,,302,0.7434624433517456,,
4845,,302,0.6111871004104614,,
4846,,302,0.46244335174560547,,
4847,,302,0.8073033690452576,,
,4832,302,,0.2665305733680725,
,4833,302,,0.21574294567108154,
,4834,302,,0.32015272974967957,
,4835,302,,0.2919808328151703,
,4836,302,,0.23828177154064178,
,4837,302,,0.24368470907211304,
,4838,302,,0.24778997898101807,
,4839,302,,0.26156607270240784,
,4840,302,,0.2905753552913666,
,4841,302,,0.2829052209854126,
,4842,302,,0.21618905663490295,
,4843,302,,0.2793824374675751,
,4844,302,,0.42020565271377563,
,4845,302,,0.22567425668239594,
,4846,302,,0.34012994170188904,
,4847,302,,0.33263349533081055,
4848,,303,0.6533714532852173,,
4849,,303,1.0544695854187012,,
4850,,303,0.799560546875,,
4851,,303,0.7928358316421509,,
4852,,303,0.9108139872550964,,
4853,,303,0.6209262609481812,,
4854,,303,0.46531057357788086,,
4855,,303,0.756807804107666,,
4856,,303,0.7636167407035828,,
4857,,303,0.6992537379264832,,
4858,,303,1.0004727840423584,,
4859,,303,0.6358621120452881,,
4860,,303,0.8146688938140869,,
4861,,303,0.9670319557189941,,
4862,,303,1.0420228242874146,,
4863,,303,0.6432312726974487,,
,4848,303,,0.1939140409231186,
,4849,303,,0.20304152369499207,
,4850,303,,0.22757896780967712,
,4851,303,,0.3180292844772339,
,4852,303,,0.4170619249343872,
,4853,303,,0.2213437259197235,
,4854,303,,0.309488981962204,
,4855,303,,0.2264513224363327,
,4856,303,,0.3469043970108032,
,4857,303,,0.2848125398159027,
,4858,303,,0.2493036985397339,
,4859,303,,0.23384568095207214,
,4860,303,,0.26186442375183105,
,4861,303,,0.22706878185272217,
,4862,303,,0.31703051924705505,
,4863,303,,0.26592862606048584,
4864,,304,0.5208852291107178,,
4865,,304,0.593908429145813,,
4866,,304,0.5208710432052612,,
4867,,304,0.34647950530052185,,
4868,,304,0.5785629749298096,,
4869,,304,0.5922732353210449,,
4870,,304,0.9177718162536621,,
4871,,304,1.289987325668335,,
4872,,304,0.9847244024276733,,
4873,,304,0.19624623656272888,,
4874,,304,0.9370362162590027,,
4875,,304,0.8501313924789429,,
4876,,304,0.7816720008850098,,
4877,,304,0.3252551257610321,,
4878,,304,0.8465589284896851,,
4879,,304,1.5559759140014648,,
,4864,304,,0.29800987243652344,
,4865,304,,0.46993786096572876,
,4866,304,,0.328305184841156,
,4867,304,,0.28936368227005005,
,4868,304,,0.32418352365493774,
,4869,304,,0.2665860652923584,
,4870,304,,0.2183852642774582,
,4871,304,,0.24074320495128632,
,4872,304,,0.2570060193538666,
,4873,304,,0.24017351865768433,
,4874,304,,0.30102217197418213,
,4875,304,,0.3391149938106537,
,4876,304,,0.5276941061019897,
,4877,304,,0.34475988149642944,
,4878,304,,0.3266581594944,
,4879,304,,0.24315577745437622,
4880,,305,0.9372113943099976,,
4881,,305,0.8059754371643066,,
4882,,305,0.506777286529541,,
4883,,305,0.5953901410102844,,
4884,,305,0.8121366500854492,,
4885,,305,0.8695816993713379,,
4886,,305,0.9692001342773438,,
4887,,305,0.5940546989440918,,
4888,,305,0.7105395197868347,,
4889,,305,0.6797007322311401,,
4890,,305,1.2969878911972046,,
4891,,305,0.6771814227104187,,
4892,,305,0.8178125619888306,,
4893,,305,0.5240465402603149,,
4894,,305,0.5858702659606934,,
4895,,305,0.9740918874740601,,
,4880,305,,0.27437907457351685,
,4881,305,,0.2823895514011383,
,4882,305,,0.311796098947525,
,4883,305,,0.40897035598754883,
,4884,305,,0.26857832074165344,
,4885,305,,0.2517852485179901,
,4886,305,,0.4011480212211609,
,4887,305,,0.35614579916000366,
,4888,305,,0.32802265882492065,
,4889,305,,0.2617095410823822,
,4890,305,,0.41734322905540466,
,4891,305,,0.22218367457389832,
,4892,305,,0.3684585690498352,
,4893,305,,0.2844574749469757,
,4894,305,,0.22968408465385437,
,4895,305,,0.3028770089149475,
4896,,306,0.5241902470588684,,
4897,,306,1.2931065559387207,,
4898,,306,0.5833828449249268,,
4899,,306,0.8528163433074951,,
4900,,306,0.23275497555732727,,
4901,,306,0.5801291465759277,,
4902,,306,1.130190372467041,,
4903,,306,0.4907773733139038,,
4904,,306,1.2508676052093506,,
4905,,306,0.521504282951355,,
4906,,306,0.4413470923900604,,
4907,,306,0.6096678972244263,,
4908,,306,0.8498786687850952,,
4909,,306,0.7945522665977478,,
4910,,306,0.9674732089042664,,
4911,,306,0.8482415080070496,,
,4896,306,,0.26797646284103394,
,4897,306,,0.31395334005355835,
,4898,306,,0.41921091079711914,
,4899,306,,0.33620160818099976,
,4900,306,,0.3033273220062256,
,4901,306,,0.2025289535522461,
,4902,306,,0.29503384232521057,
,4903,306,,0.2533242702484131,
,4904,306,,0.2874581813812256,
,4905,306,,0.29226529598236084,
,4906,306,,0.29766884446144104,
,4907,306,,0.23253262042999268,
,4908,306,,0.3466115891933441,
,4909,306,,0.23754529654979706,
,4910,306,,0.2974252700805664,
,4911,306,,0.35312342643737793,
4912,,307,0.5690063238143921,,
4913,,307,0.7231848239898682,,
4914,,307,0.23289820551872253,,
4915,,307,0.934877336025238,,
4916,,307,0.6504783630371094,,
4917,,307,0.7249126434326172,,
4918,,307,0.5167145729064941,,
4919,,307,0.3456815183162689,,
4920,,307,0.7634390592575073,,
4921,,307,0.34659862518310547,,
4922,,307,0.5568255186080933,,
4923,,307,0.4088834226131439,,
4924,,307,1.074359655380249,,
4925,,307,0.8318605422973633,,
4926,,307,0.9450919032096863,,
4927,,307,0.8739780783653259,,
,4912,307,,0.25688636302948,
,4913,307,,0.3101052939891815,
,4914,307,,0.23091068863868713,
,4915,307,,0.24663054943084717,
,4916,307,,0.29548516869544983,
,4917,307,,0.36386460065841675,
,4918,307,,0.3696792721748352,
,4919,307,,0.30562305450439453,
,4920,307,,0.241288423538208,
,4921,307,,0.24216243624687195,
,4922,307,,0.19262246787548065,
,4923,307,,0.360966295003891,
,4924,307,,0.4445851445198059,
,4925,307,,0.3653595447540283,
,4926,307,,0.3084138035774231,
,4927,307,,0.19172239303588867,
4928,,308,0.355212539434433,,
4929,,308,0.769669234752655,,
4930,,308,0.8226593732833862,,
4931,,308,1.1712594032287598,,
4932,,308,0.5399163961410522,,
4933,,308,0.3452033996582031,,
4934,,308,0.48035818338394165,,
4935,,308,1.2461471557617188,,
4936,,308,0.4551442265510559,,
4937,,308,0.9124929308891296,,
4938,,308,1.023740530014038,,
4939,,308,0.6330974698066711,,
4940,,308,1.2062039375305176,,
4941,,308,1.0542963743209839,,
4942,,308,0.7373952865600586,,
4943,,308,0.5374116897583008,,
,4928,308,,0.31703585386276245,
,4929,308,,0.23113054037094116,
,4930,308,,0.3539011478424072,
,4931,308,,0.382781982421875,
,4932,308,,0.2994995415210724,
,4933,308,,0.239549919962883,
,4934,308,,0.24974022805690765,
,4935,308,,0.24592983722686768,
,4936,308,,0.2728308141231537,
,4937,308,,0.21706652641296387,
,4938,308,,0.2622312307357788,
,4939,308,,0.31120866537094116,
,4940,308,,0.3777828812599182,
,4941,308,,0.29435718059539795,
,4942,308,,0.30070802569389343,
,4943,308,,0.2751609981060028,
4944,,309,0.5504353642463684,,
4945,,309,1.3897203207015991,,
4946,,309,0.45036041736602783,,
4947,,309,0.2671014070510864,,
4948,,309,0.6830443739891052,,
4949,,309,0.929316520690918,,
4950,,309,0.2905365228652954,,
4951,,309,0.7230371236801147,,
4952,,309,0.7825994491577148,,
4953,,309,0.8458821773529053,,
4954,,309,0.4323081970214844,,
4955,,309,0.6282196044921875,,
4956,,309,0.4119812846183777,,
4957,,309,0.8891648054122925,,
4958,,309,0.3288480043411255,,
4959,,309,0.85234534740448,,
,4944,309,,0.32269996404647827,
,4945,309,,0.26482367515563965,
,4946,309,,0.24574725329875946,
,4947,309,,0.2453552782535553,
,4948,309,,0.2944343090057373,
,4949,309,,0.2989615797996521,
,4950,309,,0.2739413380622864,
,4951,309,,0.2831653952598572,
,4952,309,,0.2802926301956177,
,4953,309,,0.41416823863983154,
,4954,309,,0.2817991077899933,
,4955,309,,0.2243521511554718,
,4956,309,,0.26999539136886597,
,4957,309,,0.2096197009086609,
,4958,309,,0.25013992190361023,
,4959,309,,0.4332405924797058,
4960,,310,1.3016207218170166,,
4961,,310,1.1826776266098022,,
4962,,310,0.704522967338562,,
4963,,310,0.4374261796474457,,
4964,,310,0.5612375736236572,,
4965,,310,1.0930838584899902,,
4966,,310,0.7645887136459351,,
4967,,310,0.7599124908447266,,
4968,,310,0.5768476128578186,,
4969,,310,1.0942420959472656,,
4970,,310,0.4223071038722992,,
4971,,310,1.1177337169647217,,
4972,,310,0.38208290934562683,,
4973,,310,0.7269184589385986,,
4974,,310,0.8104395866394043,,
4975,,310,0.5073776245117188,,
,4960,310,,0.45087286829948425,
,4961,310,,0.30614781379699707,
,4962,310,,0.3152787387371063,
,4963,310,,0.31728896498680115,
,4964,310,,0.34416911005973816,
,4965,310,,0.2039988934993744,
,4966,310,,0.22848805785179138,
,4967,310,,0.27531468868255615,
,4968,310,,0.36284834146499634,
,4969,310,,0.3145429491996765,
,4970,310,,0.2186814248561859,
,4971,310,,0.3199823498725891,
,4972,310,,0.31168824434280396,
,4973,310,,0.2529502511024475,
,4974,310,,0.23044250905513763,
,4975,310,,0.26196688413619995,
4976,,311,0.7814931869506836,,
4977,,311,1.0382542610168457,,
4978,,311,1.093632698059082,,
4979,,311,0.7432228922843933,,
4980,,311,1.4218028783798218,,
4981,,311,0.737576961517334,,
4982,,311,0.7074159383773804,,
4983,,311,1.8272254467010498,,
4984,,311,0.4425460696220398,,
4985,,311,0.2804536819458008,,
4986,,311,1.0664186477661133,,
4987,,311,1.0852426290512085,,
4988,,311,1.1459648609161377,,
4989,,311,0.5796190500259399,,
4990,,311,0.47129249572753906,,
4991,,311,0.394185870885849,,
,4976,311,,0.33518990874290466,
,4977,311,,0.2537609040737152,
,4978,311,,0.28373605012893677,
,4979,311,,0.264265775680542,
,4980,311,,0.3644462525844574,
,4981,311,,0.29040175676345825,
,4982,311,,0.3110925257205963,
,4983,311,,0.32456982135772705,
,4984,311,,0.30788642168045044,
,4985,311,,0.21078050136566162,
,4986,311,,0.3309277296066284,
,4987,311,,0.3618308901786804,
,4988,311,,0.2917326092720032,
,4989,311,,0.30958864092826843,
,4990,311,,0.22144953906536102,
,4991,311,,0.2576467990875244,
4992,,312,0.6949386596679688,,
4993,,312,0.8483545780181885,,
4994,,312,0.5825056433677673,,
4995,,312,0.8415595889091492,,
4996,,312,0.5765566229820251,,
4997,,312,0.9326230883598328,,
4998,,312,0.6830300092697144,,
4999,,312,0.44638383388519287,,
5000,,312,0.8860177397727966,,
5001,,312,1.1877105236053467,,
5002,,312,0.6966041326522827,,
5003,,312,0.956497073173523,,
5004,,312,0.6495230197906494,,
5005,,312,0.45866841077804565,,
5006,,312,0.4475439488887787,,
5007,,312,1.115302324295044,,
,4992,312,,0.2820791006088257,
,4993,312,,0.34288328886032104,
,4994,312,,0.3636043667793274,
,4995,312,,0.3219617009162903,
,4996,312,,0.2618289887905121,
,4997,312,,0.22230498492717743,
,4998,312,,0.25229692459106445,
,4999,312,,0.22135195136070251,
,5000,312,,0.3102242350578308,
,5001,312,,0.2476239651441574,
,5002,312,,0.2541789412498474,
,5003,312,,0.2765713632106781,
,5004,312,,0.2529447078704834,
,5005,312,,0.20146489143371582,
,5006,312,,0.29444724321365356,
,5007,312,,0.2032056748867035,
5008,,313,0.5150077939033508,,
5009,,313,0.9958063960075378,,
5010,,313,0.5418436527252197,,
5011,,313,0.6534569263458252,,
5012,,313,0.7496373653411865,,
5013,,313,0.5519541501998901,,
5014,,313,0.8320269584655762,,
5015,,313,0.9301213026046753,,
5016,,313,0.5085322260856628,,
5017,,313,1.1460597515106201,,
5018,,313,0.5570446252822876,,
5019,,313,0.9476081728935242,,
5020,,313,1.1023083925247192,,
5021,,313,0.5545128583908081,,
5022,,313,0.6806865930557251,,
5023,,313,0.6164868474006653,,
,5008,313,,0.3311554193496704,
,5009,313,,0.2754225730895996,
,5010,313,,0.24463072419166565,
,5011,313,,0.28415608406066895,
,5012,313,,0.2612880766391754,
,5013,313,,0.26478201150894165,
,5014,313,,0.3541153371334076,
,5015,313,,0.2849108576774597,
,5016,313,,0.31396782398223877,
,5017,313,,0.26101434230804443,
,5018,313,,0.2695198655128479,
,5019,313,,0.33595871925354004,
,5020,313,,0.18957993388175964,
,5021,313,,0.31964242458343506,
,5022,313,,0.3342852294445038,
,5023,313,,0.3561326861381531,
5024,,314,0.6753096580505371,,
5025,,314,1.0869070291519165,,
5026,,314,0.7326493263244629,,
5027,,314,0.8483858108520508,,
5028,,314,0.6476306915283203,,
5029,,314,0.6699651479721069,,
5030,,314,0.8711199760437012,,
5031,,314,0.6414086818695068,,
5032,,314,0.30883920192718506,,
5033,,314,0.5312104821205139,,
5034,,314,0.6964938640594482,,
5035,,314,0.42999011278152466,,
5036,,314,0.42294251918792725,,
5037,,314,0.8102083206176758,,
5038,,314,0.7611476182937622,,
5039,,314,0.9745451807975769,,
,5024,314,,0.24342267215251923,
,5025,314,,0.3363494277000427,
,5026,314,,0.2412133514881134,
,5027,314,,0.24143218994140625,
,5028,314,,0.2291961908340454,
,5029,314,,0.23022687435150146,
,5030,314,,0.31973549723625183,
,5031,314,,0.2392037808895111,
,5032,314,,0.41533637046813965,
,5033,314,,0.18946608901023865,
,5034,314,,0.3784005045890808,
,5035,314,,0.3646009564399719,
,5036,314,,0.309153288602829,
,5037,314,,0.2614552974700928,
,5038,314,,0.3591865301132202,
,5039,314,,0.35288333892822266,
5040,,315,0.8436996340751648,,
5041,,315,0.4619086682796478,,
5042,,315,0.513745903968811,,
5043,,315,0.7968615293502808,,
5044,,315,0.9955388307571411,,
5045,,315,0.6097573041915894,,
5046,,315,0.8560339212417603,,
5047,,315,0.5967190265655518,,
5048,,315,0.9102867841720581,,
5049,,315,0.8131043910980225,,
5050,,315,0.6110624670982361,,
5051,,315,0.6925644278526306,,
5052,,315,0.892793595790863,,
5053,,315,0.6137741804122925,,
5054,,315,0.766612708568573,,
5055,,315,1.0045331716537476,,
,5040,315,,0.30294737219810486,
,5041,315,,0.2341535985469818,
,5042,315,,0.23003420233726501,
,5043,315,,0.3045122027397156,
,5044,315,,0.30517086386680603,
,5045,315,,0.35054200887680054,
,5046,315,,0.19449228048324585,
,5047,315,,0.3442322909832001,
,5048,315,,0.3792271316051483,
,5049,315,,0.21139618754386902,
,5050,315,,0.28650182485580444,
,5051,315,,0.1937037706375122,
,5052,315,,0.2307211458683014,
,5053,315,,0.19018642604351044,
,5054,315,,0.320160448551178,
,5055,315,,0.3436354994773865,
5056,,316,0.6436090469360352,,
5057,,316,1.4501564502716064,,
5058,,316,0.5832833051681519,,
5059,,316,0.5361393690109253,,
5060,,316,0.4464294910430908,,
5061,,316,0.3763277232646942,,
5062,,316,0.3740837574005127,,
5063,,316,1.2551138401031494,,
5064,,316,0.3778662383556366,,
5065,,316,0.9745335578918457,,
5066,,316,0.8824721574783325,,
5067,,316,0.908246636390686,,
5068,,316,0.7249329090118408,,
5069,,316,1.2903419733047485,,
5070,,316,0.5035152435302734,,
5071,,316,0.5851955413818359,,
,5056,316,,0.22057978808879852,
,5057,316,,0.23436427116394043,
,5058,316,,0.19318358600139618,
,5059,316,,0.23821240663528442,
,5060,316,,0.254051148891449,
,5061,316,,0.2522229552268982,
,5062,316,,0.38295120000839233,
,5063,316,,0.3263566195964813,
,5064,316,,0.22946566343307495,
,5065,316,,0.3548683822154999,
,5066,316,,0.3070136308670044,
,5067,316,,0.3009144067764282,
,5068,316,,0.22087323665618896,
,5069,316,,0.4305465817451477,
,5070,316,,0.2910614013671875,
,5071,316,,0.36576780676841736,
5072,,317,1.0729408264160156,,
5073,,317,0.7935439348220825,,
5074,,317,0.4779227375984192,,
5075,,317,0.4674813151359558,,
5076,,317,1.1677467823028564,,
5077,,317,0.5946120023727417,,
5078,,317,0.9244613647460938,,
5079,,317,1.2834869623184204,,
5080,,317,0.6669855117797852,,
5081,,317,0.6147641539573669,,
5082,,317,0.8160238265991211,,
5083,,317,0.9554781913757324,,
5084,,317,0.26858699321746826,,
5085,,317,0.900976836681366,,
5086,,317,0.3708590269088745,,
5087,,317,0.8483101725578308,,
,5072,317,,0.2198977917432785,
,5073,317,,0.35545814037323,
,5074,317,,0.38108474016189575,
,5075,317,,0.2935093641281128,
,5076,317,,0.2836546301841736,
,5077,317,,0.30568599700927734,
,5078,317,,0.3676806390285492,
,5079,317,,0.3220630884170532,
,5080,317,,0.31151965260505676,
,5081,317,,0.24207517504692078,
,5082,317,,0.30756115913391113,
,5083,317,,0.32468312978744507,
,5084,317,,0.26256489753723145,
,5085,317,,0.27094703912734985,
,5086,317,,0.30020302534103394,
,5087,317,,0.31378814578056335,
5088,,318,0.8150705695152283,,
5089,,318,0.7205159664154053,,
5090,,318,0.4215012490749359,,
5091,,318,1.0013113021850586,,
5092,,318,1.1952528953552246,,
5093,,318,0.4635865092277527,,
5094,,318,1.1789662837982178,,
5095,,318,0.9159573912620544,,
5096,,318,1.4298866987228394,,
5097,,318,0.9710396528244019,,
5098,,318,0.5620392560958862,,
5099,,318,1.3299226760864258,,
5100,,318,0.7783011794090271,,
5101,,318,1.1289284229278564,,
5102,,318,0.9254885911941528,,
5103,,318,1.2332909107208252,,
,5088,318,,0.2643089294433594,
,5089,318,,0.21628014743328094,
,5090,318,,0.3085993528366089,
,5091,318,,0.29921334981918335,
,5092,318,,0.23740458488464355,
,5093,318,,0.33702680468559265,
,5094,318,,0.31757673621177673,
,5095,318,,0.3163919448852539,
,5096,318,,0.38522621989250183,
,5097,318,,0.4007042348384857,
,5098,318,,0.2471742331981659,
,5099,318,,0.193201944231987,
,5100,318,,0.2816663980484009,
,5101,318,,0.28909730911254883,
,5102,318,,0.329634428024292,
,5103,318,,0.31602293252944946,
5104,,319,0.3460739552974701,,
5105,,319,1.0657373666763306,,
5106,,319,0.4943080544471741,,
5107,,319,0.6499327421188354,,
5108,,319,0.6869001388549805,,
5109,,319,0.9252403974533081,,
5110,,319,0.8223559260368347,,
5111,,319,1.015058994293213,,
5112,,319,0.2774798572063446,,
5113,,319,0.6927309036254883,,
5114,,319,0.9201635122299194,,
5115,,319,0.5084784030914307,,
5116,,319,1.085580825805664,,
5117,,319,1.1080996990203857,,
5118,,319,0.86516273021698,,
5119,,319,0.47590500116348267,,
,5104,319,,0.3089126944541931,
,5105,319,,0.3424452543258667,
,5106,319,,0.22519735991954803,
,5107,319,,0.3423231244087219,
,5108,319,,0.25892525911331177,
,5109,319,,0.3099086284637451,
,5110,319,,0.3604571223258972,
,5111,319,,0.3124561309814453,
,5112,319,,0.24857112765312195,
,5113,319,,0.1997261941432953,
,5114,319,,0.3614029586315155,
,5115,319,,0.2526359260082245,
,5116,319,,0.3436278998851776,
,5117,319,,0.31588447093963623,
,5118,319,,0.2667592167854309,
,5119,319,,0.24697647988796234,
5120,,320,0.656141459941864,,
5121,,320,0.5113612413406372,,
5122,,320,0.878790020942688,,
5123,,320,0.528462827205658,,
5124,,320,0.8039888143539429,,
5125,,320,0.3524347245693207,,
5126,,320,0.7561559677124023,,
5127,,320,0.786172091960907,,
5128,,320,1.1517982482910156,,
5129,,320,0.5759409070014954,,
5130,,320,0.566217303276062,,
5131,,320,0.3085552453994751,,
5132,,320,0.4112167954444885,,
5133,,320,1.064772367477417,,
5134,,320,1.4000625610351562,,
5135,,320,0.4704306125640869,,
,5120,320,,0.2151191532611847,
,5121,320,,0.22583715617656708,
,5122,320,,0.25466737151145935,
,5123,320,,0.2916828989982605,
,5124,320,,0.21937355399131775,
,5125,320,,0.3691246211528778,
,5126,320,,0.2755487859249115,
,5127,320,,0.2574285864830017,
,5128,320,,0.2712195813655853,
,5129,320,,0.28732001781463623,
,5130,320,,0.40604978799819946,
,5131,320,,0.3107775151729584,
,5132,320,,0.306063711643219,
,5133,320,,0.20466101169586182,
,5134,320,,0.235833078622818,
,5135,320,,0.313626766204834,
5136,,321,0.7380668520927429,,
5137,,321,0.6591081023216248,,
5138,,321,0.7664002180099487,,
5139,,321,0.5803848505020142,,
5140,,321,0.6548119783401489,,
5141,,321,0.9661716818809509,,
5142,,321,1.1949191093444824,,
5143,,321,0.8318788409233093,,
5144,,321,1.1726326942443848,,
5145,,321,0.39762985706329346,,
5146,,321,0.615646243095398,,
5147,,321,1.016472339630127,,
5148,,321,1.200568675994873,,
5149,,321,0.8680569529533386,,
5150,,321,0.5746716260910034,,
5151,,321,1.5545333623886108,,
,5136,321,,0.24226638674736023,
,5137,321,,0.330427885055542,
,5138,321,,0.3099827170372009,
,5139,321,,0.24137376248836517,
,5140,321,,0.19483336806297302,
,5141,321,,0.22141151130199432,
,5142,321,,0.28465673327445984,
,5143,321,,0.28601890802383423,
,5144,321,,0.27851617336273193,
,5145,321,,0.23291167616844177,
,5146,321,,0.24587099254131317,
,5147,321,,0.24163946509361267,
,5148,321,,0.24795155227184296,
,5149,321,,0.23352953791618347,
,5150,321,,0.2889479994773865,
,5151,321,,0.21831059455871582,
5152,,322,0.9364633560180664,,
5153,,322,0.5141761302947998,,
5154,,322,0.6214160919189453,,
5155,,322,0.45621824264526367,,
5156,,322,0.6737098097801208,,
5157,,322,1.8427865505218506,,
5158,,322,0.9427758455276489,,
5159,,322,0.8987395763397217,,
5160,,322,0.5632537603378296,,
5161,,322,0.6191357374191284,,
5162,,322,0.5000405311584473,,
5163,,322,0.5607296228408813,,
5164,,322,0.5983340740203857,,
5165,,322,0.9526968002319336,,
5166,,322,0.9060429334640503,,
5167,,322,1.0741361379623413,,
,5152,322,,0.3048841953277588,
,5153,322,,0.3245757818222046,
,5154,322,,0.3083920180797577,
,5155,322,,0.27427589893341064,
,5156,322,,0.3189154863357544,
,5157,322,,0.38110822439193726,
,5158,322,,0.3767481744289398,
,5159,322,,0.2427314966917038,
,5160,322,,0.23594626784324646,
,5161,322,,0.20493829250335693,
,5162,322,,0.3384377360343933,
,5163,322,,0.2093663066625595,
,5164,322,,0.19980905950069427,
,5165,322,,0.32393571734428406,
,5166,322,,0.27688199281692505,
,5167,322,,0.24083778262138367,
5168,,323,0.5750235319137573,,
5169,,323,1.2281997203826904,,
5170,,323,0.5331418514251709,,
5171,,323,0.7039837837219238,,
5172,,323,0.6030098795890808,,
5173,,323,0.9863170981407166,,
5174,,323,0.912338376045227,,
5175,,323,0.7983697652816772,,
5176,,323,0.7443447113037109,,
5177,,323,0.6788458824157715,,
5178,,323,1.040392518043518,,
5179,,323,0.7625322341918945,,
5180,,323,0.9850532412528992,,
5181,,323,1.1500322818756104,,
5182,,323,0.6427552103996277,,
5183,,323,0.5969977378845215,,
,5168,323,,0.3856571912765503,
,5169,323,,0.37288698554039,
,5170,323,,0.3809255063533783,
,5171,323,,0.4182760715484619,
,5172,323,,0.33945369720458984,
,5173,323,,0.21937718987464905,
,5174,323,,0.4216855466365814,
,5175,323,,0.3721398711204529,
,5176,323,,0.3050417900085449,
,5177,323,,0.4095323979854584,
,5178,323,,0.3200511634349823,
,5179,323,,0.2706913352012634,
,5180,323,,0.3157344460487366,
,5181,323,,0.23318111896514893,
,5182,323,,0.27753186225891113,
,5183,323,,0.3721237778663635,
5184,,324,0.5103484988212585,,
5185,,324,0.9459629058837891,,
5186,,324,0.8293324708938599,,
5187,,324,1.293839454650879,,
5188,,324,0.787783145904541,,
5189,,324,0.9566885828971863,,
5190,,324,1.0812877416610718,,
5191,,324,0.7119635343551636,,
5192,,324,0.942965030670166,,
5193,,324,0.5891045331954956,,
5194,,324,0.7947818636894226,,
5195,,324,0.8788022398948669,,
5196,,324,0.8813451528549194,,
5197,,324,0.6406264901161194,,
5198,,324,0.41702985763549805,,
5199,,324,0.7648278474807739,,
,5184,324,,0.29795801639556885,
,5185,324,,0.4079856872558594,
,5186,324,,0.21603915095329285,
,5187,324,,0.3338718116283417,
,5188,324,,0.2093244045972824,
,5189,324,,0.3970712125301361,
,5190,324,,0.3801630437374115,
,5191,324,,0.2739390730857849,
,5192,324,,0.3406338691711426,
,5193,324,,0.23049607872962952,
,5194,324,,0.306858092546463,
,5195,324,,0.3123038411140442,
,5196,324,,0.35732048749923706,
,5197,324,,0.26529794931411743,
,5198,324,,0.22562342882156372,
,5199,324,,0.22904609143733978,
5200,,325,0.31789883971214294,,
5201,,325,0.6547908782958984,,
5202,,325,0.8165779113769531,,
5203,,325,0.6169649362564087,,
5204,,325,0.7524610757827759,,
5205,,325,0.7509467005729675,,
5206,,325,0.3904883861541748,,
5207,,325,0.8911187648773193,,
5208,,325,0.8079603910446167,,
5209,,325,0.5297094583511353,,
5210,,325,0.4956095218658447,,
5211,,325,0.5107084512710571,,
5212,,325,0.6709491610527039,,
5213,,325,0.8249585032463074,,
5214,,325,0.5482901334762573,,
5215,,325,0.7023646235466003,,
,5200,325,,0.19789260625839233,
,5201,325,,0.4273254871368408,
,5202,325,,0.2447417676448822,
,5203,325,,0.3306637406349182,
,5204,325,,0.25949299335479736,
,5205,325,,0.28034621477127075,
,5206,325,,0.28679513931274414,
,5207,325,,0.31002986431121826,
,5208,325,,0.37343132495880127,
,5209,325,,0.35188353061676025,
,5210,325,,0.28700441122055054,
,5211,325,,0.2973516583442688,
,5212,325,,0.2643391489982605,
,5213,325,,0.22404955327510834,
,5214,325,,0.3813191056251526,
,5215,325,,0.36670178174972534,
5216,,326,0.9493656158447266,,
5217,,326,0.5975733995437622,,
5218,,326,1.3751821517944336,,
5219,,326,0.869697093963623,,
5220,,326,0.6385952830314636,,
5221,,326,0.6570295095443726,,
5222,,326,0.5408758521080017,,
5223,,326,0.7718443870544434,,
5224,,326,1.4090646505355835,,
5225,,326,1.0017495155334473,,
5226,,326,0.4265448749065399,,
5227,,326,0.6395775079727173,,
5228,,326,0.7389156818389893,,
5229,,326,0.5508636832237244,,
5230,,326,0.4703328609466553,,
5231,,326,0.4447488784790039,,
,5216,326,,0.22004187107086182,
,5217,326,,0.25346940755844116,
,5218,326,,0.23741838335990906,
,5219,326,,0.19039088487625122,
,5220,326,,0.41003865003585815,
,5221,326,,0.19697920978069305,
,5222,326,,0.2214554250240326,
,5223,326,,0.26230841875076294,
,5224,326,,0.2218637317419052,
,5225,326,,0.294666051864624,
,5226,326,,0.2758875787258148,
,5227,326,,0.2068641483783722,
,5228,326,,0.3006213307380676,
,5229,326,,0.36329004168510437,
,5230,326,,0.2723787724971771,
,5231,326,,0.28814491629600525,
5232,,327,0.7598663568496704,,
5233,,327,0.6929540634155273,,
5234,,327,0.6405712962150574,,
5235,,327,0.8671204447746277,,
5236,,327,0.7683296203613281,,
5237,,327,0.5425877571105957,,
5238,,327,1.3415679931640625,,
5239,,327,0.5431772470474243,,
5240,,327,1.0970468521118164,,
5241,,327,0.49680277705192566,,
5242,,327,0.4327298402786255,,
5243,,327,0.3837694823741913,,
5244,,327,0.6317211985588074,,
5245,,327,1.1241741180419922,,
5246,,327,0.35212862491607666,,
5247,,327,0.8472411632537842,,
,5232,327,,0.2628737688064575,
,5233,327,,0.22508947551250458,
,5234,327,,0.2183080017566681,
,5235,327,,0.31316253542900085,
,5236,327,,0.21837633848190308,
,5237,327,,0.22181159257888794,
,5238,327,,0.2513497471809387,
,5239,327,,0.4039613902568817,
,5240,327,,0.2542317807674408,
,5241,327,,0.2908466160297394,
,5242,327,,0.27844470739364624,
,5243,327,,0.32669079303741455,
,5244,327,,0.25829315185546875,
,5245,327,,0.29083123803138733,
,5246,327,,0.2367316335439682,
,5247,327,,0.1919766366481781,
5248,,328,0.7909259796142578,,
5249,,328,0.7397328615188599,,
5250,,328,0.9912947416305542,,
5251,,328,0.9274457693099976,,
5252,,328,0.5999669432640076,,
5253,,328,0.5724642872810364,,
5254,,328,0.6001384258270264,,
5255,,328,0.5110964179039001,,
5256,,328,0.9793142080307007,,
5257,,328,1.2431037425994873,,
5258,,328,0.7071623802185059,,
5259,,328,0.9650871157646179,,
5260,,328,0.9059573411941528,,
5261,,328,0.8197418451309204,,
5262,,328,0.6049824953079224,,
5263,,328,1.0492980480194092,,
,5248,328,,0.2905736267566681,
,5249,328,,0.31822824478149414,
,5250,328,,0.23435363173484802,
,5251,328,,0.27445071935653687,
,5252,328,,0.19325131177902222,
,5253,328,,0.30414995551109314,
,5254,328,,0.3439122438430786,
,5255,328,,0.19477584958076477,
,5256,328,,0.24390238523483276,
,5257,328,,0.3680821359157562,
,5258,328,,0.2578751742839813,
,5259,328,,0.3611144423484802,
,5260,328,,0.2487812340259552,
,5261,328,,0.2798144817352295,
,5262,328,,0.34687384963035583,
,5263,328,,0.3078010678291321,
5264,,329,0.967907190322876,,
5265,,329,0.6614063382148743,,
5266,,329,0.4271489381790161,,
5267,,329,0.7999221682548523,,
5268,,329,0.7799457907676697,,
5269,,329,0.8662359118461609,,
5270,,329,0.4228506088256836,,
5271,,329,0.44416701793670654,,
5272,,329,0.404805064201355,,
5273,,329,1.072760820388794,,
5274,,329,1.1235383749008179,,
5275,,329,0.7605463862419128,,
5276,,329,0.542751133441925,,
5277,,329,1.1021802425384521,,
5278,,329,0.5619252920150757,,
5279,,329,0.7473516464233398,,
,5264,329,,0.2925835847854614,
,5265,329,,0.39529693126678467,
,5266,329,,0.18856507539749146,
,5267,329,,0.21619479358196259,
,5268,329,,0.22422000765800476,
,5269,329,,0.4051620364189148,
,5270,329,,0.33527302742004395,
,5271,329,,0.2186552733182907,
,5272,329,,0.2852162718772888,
,5273,329,,0.3094826340675354,
,5274,329,,0.24034838378429413,
,5275,329,,0.3000480532646179,
,5276,329,,0.5150808095932007,
,5277,329,,0.2251962423324585,
,5278,329,,0.22455546259880066,
,5279,329,,0.23474453389644623,
5280,,330,0.7690650820732117,,
5281,,330,0.7572072744369507,,
5282,,330,0.7275559306144714,,
5283,,330,0.6522383689880371,,
5284,,330,0.7664178609848022,,
5285,,330,0.6148591637611389,,
5286,,330,0.6959738731384277,,
5287,,330,1.3066906929016113,,
5288,,330,0.920195996761322,,
5289,,330,0.6140875816345215,,
5290,,330,1.0645164251327515,,
5291,,330,0.7677446603775024,,
5292,,330,0.8105137348175049,,
5293,,330,0.6779543161392212,,
5294,,330,0.8245307803153992,,
5295,,330,0.7870374917984009,,
,5280,330,,0.3872959315776825,
,5281,330,,0.2344665378332138,
,5282,330,,0.33961766958236694,
,5283,330,,0.2813011407852173,
,5284,330,,0.26516029238700867,
,5285,330,,0.3077046871185303,
,5286,330,,0.3072142004966736,
,5287,330,,0.2544117867946625,
,5288,330,,0.2847355604171753,
,5289,330,,0.19235801696777344,
,5290,330,,0.4740297794342041,
,5291,330,,0.2071041762828827,
,5292,330,,0.2862245440483093,
,5293,330,,0.2551097273826599,
,5294,330,,0.3111632764339447,
,5295,330,,0.33787965774536133,
5296,,331,0.9356955289840698,,
5297,,331,0.6796478033065796,,
5298,,331,0.3826632499694824,,
5299,,331,0.7776274085044861,,
5300,,331,1.0965226888656616,,
5301,,331,0.42619723081588745,,
5302,,331,0.8635027408599854,,
5303,,331,0.6446597576141357,,
5304,,331,0.5573137998580933,,
5305,,331,1.4189889430999756,,
5306,,331,0.7345495223999023,,
5307,,331,0.3121033012866974,,
5308,,331,0.7723142504692078,,
5309,,331,0.43741995096206665,,
5310,,331,0.34196364879608154,,
5311,,331,0.6117610931396484,,
,5296,331,,0.25750431418418884,
,5297,331,,0.32616543769836426,
,5298,331,,0.29258036613464355,
,5299,331,,0.3051232695579529,
,5300,331,,0.297709584236145,
,5301,331,,0.325094997882843,
,5302,331,,0.3067686855792999,
,5303,331,,0.246314138174057,
,5304,331,,0.20676305890083313,
,5305,331,,0.2650832533836365,
,5306,331,,0.21389594674110413,
,5307,331,,0.3524199426174164,
,5308,331,,0.25513237714767456,
,5309,331,,0.2839510440826416,
,5310,331,,0.394570916891098,
,5311,331,,0.2633490562438965,
5312,,332,0.8116040229797363,,
5313,,332,0.7905257940292358,,
5314,,332,0.6547523140907288,,
5315,,332,0.5055421590805054,,
5316,,332,0.8877010345458984,,
5317,,332,0.5750928521156311,,
5318,,332,1.1204606294631958,,
5319,,332,0.811184287071228,,
5320,,332,0.9576207399368286,,
5321,,332,0.8134549856185913,,
5322,,332,0.5009815692901611,,
5323,,332,1.3583840131759644,,
5324,,332,0.7141310572624207,,
5325,,332,0.37143146991729736,,
5326,,332,0.8524712920188904,,
5327,,332,1.0607378482818604,,
,5312,332,,0.31050002574920654,
,5313,332,,0.3292781710624695,
,5314,332,,0.18964803218841553,
,5315,332,,0.33411312103271484,
,5316,332,,0.41332387924194336,
,5317,332,,0.2990589141845703,
,5318,332,,0.4196748435497284,
,5319,332,,0.3208972215652466,
,5320,332,,0.3532177805900574,
,5321,332,,0.2119167298078537,
,5322,332,,0.23599383234977722,
,5323,332,,0.29266202449798584,
,5324,332,,0.26421448588371277,
,5325,332,,0.3716292381286621,
,5326,332,,0.2741878032684326,
,5327,332,,0.26421940326690674,
5328,,333,0.6260771751403809,,
5329,,333,1.02797269821167,,
5330,,333,0.6365014314651489,,
5331,,333,0.5925800204277039,,
5332,,333,0.6880333423614502,,
5333,,333,0.4909694194793701,,
5334,,333,0.7517160773277283,,
5335,,333,0.4212510287761688,,
5336,,333,0.6268243789672852,,
5337,,333,0.9070194959640503,,
5338,,333,1.2676337957382202,,
5339,,333,1.0482292175292969,,
5340,,333,0.5910677313804626,,
5341,,333,0.9333833456039429,,
5342,,333,0.6415233612060547,,
5343,,333,0.8417782783508301,,
,5328,333,,0.24061737954616547,
,5329,333,,0.19091293215751648,
,5330,333,,0.29532018303871155,
,5331,333,,0.28347936272621155,
,5332,333,,0.3003939092159271,
,5333,333,,0.37098464369773865,
,5334,333,,0.32650792598724365,
,5335,333,,0.20866325497627258,
,5336,333,,0.30615976452827454,
,5337,333,,0.3482258915901184,
,5338,333,,0.28538453578948975,
,5339,333,,0.389075368642807,
,5340,333,,0.3384498953819275,
,5341,333,,0.23451416194438934,
,5342,333,,0.29767078161239624,
,5343,333,,0.26656633615493774,
5344,,334,1.1918433904647827,,
5345,,334,1.2481188774108887,,
5346,,334,1.4735736846923828,,
5347,,334,0.6421231627464294,,
5348,,334,1.1466784477233887,,
5349,,334,0.6477064490318298,,
5350,,334,0.8030511736869812,,
5351,,334,0.7589966058731079,,
5352,,334,0.5350233316421509,,
5353,,334,0.3273993730545044,,
5354,,334,0.8148109316825867,,
5355,,334,0.8203997015953064,,
5356,,334,0.3699977397918701,,
5357,,334,0.5621704459190369,,
5358,,334,1.1876007318496704,,
5359,,334,0.8233907222747803,,
,5344,334,,0.3870980143547058,
,5345,334,,0.290781170129776,
,5346,334,,0.3670675754547119,
,5347,334,,0.30108392238616943,
,5348,334,,0.30312299728393555,
,5349,334,,0.20677021145820618,
,5350,334,,0.24651852250099182,
,5351,334,,0.35358214378356934,
,5352,334,,0.38149845600128174,
,5353,334,,0.3024466633796692,
,5354,334,,0.24920156598091125,
,5355,334,,0.332998126745224,
,5356,334,,0.3109445571899414,
,5357,334,,0.32501184940338135,
,5358,334,,0.2974640727043152,
,5359,334,,0.286787748336792,
5360,,335,1.0370454788208008,,
5361,,335,0.24695351719856262,,
5362,,335,0.6375699043273926,,
5363,,335,0.3783811032772064,,
5364,,335,0.9361345171928406,,
5365,,335,0.8642525672912598,,
5366,,335,1.5315879583358765,,
5367,,335,1.121337652206421,,
5368,,335,1.4602855443954468,,
5369,,335,1.3142762184143066,,
5370,,335,0.6903767585754395,,
5371,,335,0.4186551570892334,,
5372,,335,1.35513436794281,,
5373,,335,0.8962177634239197,,
5374,,335,0.6410075426101685,,
5375,,335,1.0805695056915283,,
,5360,335,,0.25427138805389404,
,5361,335,,0.4111112952232361,
,5362,335,,0.26150649785995483,
,5363,335,,0.3666824698448181,
,5364,335,,0.37502479553222656,
,5365,335,,0.23217865824699402,
,5366,335,,0.3100184202194214,
,5367,335,,0.23916217684745789,
,5368,335,,0.31068164110183716,
,5369,335,,0.2262692153453827,
,5370,335,,0.2811146378517151,
,5371,335,,0.22135518491268158,
,5372,335,,0.30780279636383057,
,5373,335,,0.23035626113414764,
,5374,335,,0.3357473313808441,
,5375,335,,0.24830947816371918,
5376,,336,1.1031241416931152,,
5377,,336,0.7730789184570312,,
5378,,336,0.6093026399612427,,
5379,,336,0.5015034079551697,,
5380,,336,0.8350727558135986,,
5381,,336,0.7470163106918335,,
5382,,336,0.8878439664840698,,
5383,,336,1.8532723188400269,,
5384,,336,0.7188190817832947,,
5385,,336,0.3816557824611664,,
5386,,336,1.1159164905548096,,
5387,,336,0.355043888092041,,
5388,,336,0.6609507203102112,,
5389,,336,0.8863837122917175,,
5390,,336,0.592109203338623,,
5391,,336,0.8451687693595886,,
,5376,336,,0.3006790280342102,
,5377,336,,0.24026790261268616,
,5378,336,,0.3247925639152527,
,5379,336,,0.29844799637794495,
,5380,336,,0.24666276574134827,
,5381,336,,0.1910841464996338,
,5382,336,,0.2860650420188904,
,5383,336,,0.37851327657699585,
,5384,336,,0.3228859007358551,
,5385,336,,0.33967193961143494,
,5386,336,,0.38837215304374695,
,5387,336,,0.37691575288772583,
,5388,336,,0.3927710950374603,
,5389,336,,0.23650479316711426,
,5390,336,,0.27482426166534424,
,5391,336,,0.3378474712371826,
5392,,337,1.2385194301605225,,
5393,,337,0.3313264846801758,,
5394,,337,0.35815614461898804,,
5395,,337,0.7925485372543335,,
5396,,337,0.37583738565444946,,
5397,,337,0.9335421323776245,,
5398,,337,0.6903133392333984,,
5399,,337,0.5074120759963989,,
5400,,337,0.6678768992424011,,
5401,,337,0.8441492319107056,,
5402,,337,0.9140955805778503,,
5403,,337,0.29188472032546997,,
5404,,337,0.48249027132987976,,
5405,,337,0.8491358160972595,,
5406,,337,0.9072129130363464,,
5407,,337,0.7202102541923523,,
,5392,337,,0.18858276307582855,
,5393,337,,0.2386537790298462,
,5394,337,,0.2998732328414917,
,5395,337,,0.2681949734687805,
,5396,337,,0.31338244676589966,
,5397,337,,0.3802644610404968,
,5398,337,,0.349420964717865,
,5399,337,,0.4652380645275116,
,5400,337,,0.3092127740383148,
,5401,337,,0.21771809458732605,
,5402,337,,0.31503117084503174,
,5403,337,,0.24003586173057556,
,5404,337,,0.32417964935302734,
,5405,337,,0.3144189119338989,
,5406,337,,0.23991259932518005,
,5407,337,,0.3990524709224701,
5408,,338,0.7122101187705994,,
5409,,338,0.7994717955589294,,
5410,,338,0.6455560326576233,,
5411,,338,1.172739028930664,,
5412,,338,0.6677303314208984,,
5413,,338,0.5323088765144348,,
5414,,338,0.7000246047973633,,
5415,,338,0.41866523027420044,,
5416,,338,0.617812991142273,,
5417,,338,0.6258666515350342,,
5418,,338,0.5939023494720459,,
5419,,338,0.6863438487052917,,
5420,,338,1.044155478477478,,
5421,,338,0.6477663516998291,,
5422,,338,0.9743027687072754,,
5423,,338,0.7339833974838257,,
,5408,338,,0.26812538504600525,
,5409,338,,0.33872318267822266,
,5410,338,,0.2526888847351074,
,5411,338,,0.3384206295013428,
,5412,338,,0.30096328258514404,
,5413,338,,0.26534169912338257,
,5414,338,,0.4268173575401306,
,5415,338,,0.31527894735336304,
,5416,338,,0.31316912174224854,
,5417,338,,0.29771125316619873,
,5418,338,,0.2606976628303528,
,5419,338,,0.3057616353034973,
,5420,338,,0.3215649127960205,
,5421,338,,0.27242231369018555,
,5422,338,,0.35330742597579956,
,5423,338,,0.3528088331222534,
5424,,339,0.5249115228652954,,
5425,,339,0.960331916809082,,
5426,,339,0.6324954032897949,,
5427,,339,0.415452241897583,,
5428,,339,1.018476963043213,,
5429,,339,1.0128147602081299,,
5430,,339,0.8871608972549438,,
5431,,339,0.6388397216796875,,
5432,,339,0.5000271797180176,,
5433,,339,0.5502461194992065,,
5434,,339,1.1977803707122803,,
5435,,339,0.49484628438949585,,
5436,,339,0.5480086803436279,,
5437,,339,0.786369800567627,,
5438,,339,0.9690734148025513,,
5439,,339,1.0330427885055542,,
,5424,339,,0.27183085680007935,
,5425,339,,0.2699985206127167,
,5426,339,,0.26673561334609985,
,5427,339,,0.28524965047836304,
,5428,339,,0.23105017840862274,
,5429,339,,0.2357770800590515,
,5430,339,,0.25566211342811584,
,5431,339,,0.37193697690963745,
,5432,339,,0.28338298201560974,
,5433,339,,0.3248732388019562,
,5434,339,,0.2618800401687622,
,5435,339,,0.23501074314117432,
,5436,339,,0.42798948287963867,
,5437,339,,0.2960735857486725,
,5438,339,,0.3283385932445526,
,5439,339,,0.36711692810058594,
5440,,340,1.443509578704834,,
5441,,340,0.6898014545440674,,
5442,,340,0.7525157332420349,,
5443,,340,0.5949001312255859,,
5444,,340,1.1556575298309326,,
5445,,340,0.6385661363601685,,
5446,,340,0.6570772528648376,,
5447,,340,0.596748948097229,,
5448,,340,0.8090758323669434,,
5449,,340,0.7993785738945007,,
5450,,340,1.4012537002563477,,
5451,,340,0.8030004501342773,,
5452,,340,0.5762892365455627,,
5453,,340,0.6396538019180298,,
5454,,340,0.7000793218612671,,
5455,,340,0.9574779272079468,,
,5440,340,,0.3106961250305176,
,5441,340,,0.2359071671962738,
,5442,340,,0.18770381808280945,
,5443,340,,0.3410479426383972,
,5444,340,,0.2196657955646515,
,5445,340,,0.2387191504240036,
,5446,340,,0.2752000689506531,
,5447,340,,0.27499228715896606,
,5448,340,,0.33542078733444214,
,5449,340,,0.18987196683883667,
,5450,340,,0.31087958812713623,
,5451,340,,0.1917315572500229,
,5452,340,,0.22012773156166077,
,5453,340,,0.270861953496933,
,5454,340,,0.20689956843852997,
,5455,340,,0.2397880256175995,
5456,,341,0.9759455919265747,,
5457,,341,0.7596879005432129,,
5458,,341,0.7203385829925537,,
5459,,341,0.9054265022277832,,
5460,,341,0.9555224180221558,,
5461,,341,0.722503662109375,,
5462,,341,1.2561503648757935,,
5463,,341,0.8212752342224121,,
5464,,341,0.46898922324180603,,
5465,,341,0.6035559177398682,,
5466,,341,0.4724867045879364,,
5467,,341,0.5406380295753479,,
5468,,341,0.7402839064598083,,
5469,,341,1.0901532173156738,,
5470,,341,1.2522313594818115,,
5471,,341,1.0065031051635742,,
,5456,341,,0.2510646879673004,
,5457,341,,0.34788379073143005,
,5458,341,,0.3279334306716919,
,5459,341,,0.2553626596927643,
,5460,341,,0.30402442812919617,
,5461,341,,0.28516915440559387,
,5462,341,,0.2613271474838257,
,5463,341,,0.2674632668495178,
,5464,341,,0.4008437395095825,
,5465,341,,0.37999773025512695,
,5466,341,,0.23756961524486542,
,5467,341,,0.30981898307800293,
,5468,341,,0.3968185782432556,
,5469,341,,0.25843068957328796,
,5470,341,,0.32448476552963257,
,5471,341,,0.3172615170478821,
5472,,342,0.8098539113998413,,
5473,,342,0.9470774531364441,,
5474,,342,0.8148002624511719,,
5475,,342,0.8618008494377136,,
5476,,342,0.4239231050014496,,
5477,,342,0.8671985864639282,,
5478,,342,1.0212761163711548,,
5479,,342,0.8521068096160889,,
5480,,342,0.3921995759010315,,
5481,,342,0.826806902885437,,
5482,,342,0.6434780955314636,,
5483,,342,0.8955640196800232,,
5484,,342,0.5664153695106506,,
5485,,342,0.6827043294906616,,
5486,,342,0.9018276929855347,,
5487,,342,0.6961566805839539,,
,5472,342,,0.3375716805458069,
,5473,342,,0.2816900610923767,
,5474,342,,0.34466487169265747,
,5475,342,,0.2749987244606018,
,5476,342,,0.28538405895233154,
,5477,342,,0.3824000358581543,
,5478,342,,0.25898677110671997,
,5479,342,,0.2654196619987488,
,5480,342,,0.18785624206066132,
,5481,342,,0.29179146885871887,
,5482,342,,0.2532307505607605,
,5483,342,,0.29411324858665466,
,5484,342,,0.29672572016716003,
,5485,342,,0.20023775100708008,
,5486,342,,0.2968861758708954,
,5487,342,,0.3380727767944336,
5488,,343,1.205517292022705,,
5489,,343,0.7269985675811768,,
5490,,343,0.5418438911437988,,
5491,,343,0.3734765648841858,,
5492,,343,0.6708282232284546,,
5493,,343,0.38601136207580566,,
5494,,343,1.023554801940918,,
5495,,343,1.2529222965240479,,
5496,,343,0.800656259059906,,
5497,,343,1.1677827835083008,,
5498,,343,0.5234670639038086,,
5499,,343,0.7429687976837158,,
5500,,343,1.113349437713623,,
5501,,343,0.6259526610374451,,
5502,,343,0.6498526930809021,,
5503,,343,0.6913712024688721,,
,5488,343,,0.2804676294326782,
,5489,343,,0.24395281076431274,
,5490,343,,0.18715274333953857,
,5491,343,,0.3469387888908386,
,5492,343,,0.22245097160339355,
,5493,343,,0.3517535328865051,
,5494,343,,0.34792840480804443,
,5495,343,,0.3453032970428467,
,5496,343,,0.400977224111557,
,5497,343,,0.3739950656890869,
,5498,343,,0.2881803512573242,
,5499,343,,0.3716928958892822,
,5500,343,,0.260606050491333,
,5501,343,,0.27613896131515503,
,5502,343,,0.25014442205429077,
,5503,343,,0.2794216275215149,
5504,,344,0.6360797882080078,,
5505,,344,0.5993878245353699,,
5506,,344,0.9841151237487793,,
5507,,344,0.7301366329193115,,
5508,,344,0.6682776212692261,,
5509,,344,0.7677683234214783,,
5510,,344,0.702634334564209,,
5511,,344,0.3830074071884155,,
5512,,344,0.6024811863899231,,
5513,,344,0.6909070014953613,,
5514,,344,0.4526810646057129,,
5515,,344,0.708861768245697,,
5516,,344,1.0615586042404175,,
5517,,344,1.2431483268737793,,
5518,,344,0.5053547620773315,,
5519,,344,0.596503496170044,,
,5504,344,,0.20714923739433289,
,5505,344,,0.2328110635280609,
,5506,344,,0.25223204493522644,
,5507,344,,0.2888556718826294,
,5508,344,,0.33883318305015564,
,5509,344,,0.334683895111084,
,5510,344,,0.29273486137390137,
,5511,344,,0.3276863694190979,
,5512,344,,0.2714660167694092,
,5513,344,,0.24949900805950165,
,5514,344,,0.3263205289840698,
,5515,344,,0.26324793696403503,
,5516,344,,0.33077168464660645,
,5517,344,,0.24734577536582947,
,5518,344,,0.2581504285335541,
,5519,344,,0.36778494715690613,
5520,,345,0.9298436045646667,,
5521,,345,1.198760747909546,,
5522,,345,0.3412357568740845,,
5523,,345,0.7089284658432007,,
5524,,345,1.0878028869628906,,
5525,,345,1.5120813846588135,,
5526,,345,0.3912618160247803,,
5527,,345,0.9061470031738281,,
5528,,345,1.2804049253463745,,
5529,,345,0.5490950345993042,,
5530,,345,0.603763222694397,,
5531,,345,1.2100582122802734,,
5532,,345,0.6241267919540405,,
5533,,345,0.7564049959182739,,
5534,,345,1.0987623929977417,,
5535,,345,0.2800295054912567,,
,5520,345,,0.29951345920562744,
,5521,345,,0.23164942860603333,
,5522,345,,0.2695297598838806,
,5523,345,,0.283559650182724,
,5524,345,,0.3866046369075775,
,5525,345,,0.32142284512519836,
,5526,345,,0.22200480103492737,
,5527,345,,0.39454764127731323,
,5528,345,,0.38514721393585205,
,5529,345,,0.28347504138946533,
,5530,345,,0.2789776921272278,
,5531,345,,0.2667289674282074,
,5532,345,,0.2238016128540039,
,5533,345,,0.2303558588027954,
,5534,345,,0.35546350479125977,
,5535,345,,0.2458450049161911,
5536,,346,0.8517886996269226,,
5537,,346,1.2166283130645752,,
5538,,346,0.7612708806991577,,
5539,,346,0.7267526388168335,,
5540,,346,0.47710317373275757,,
5541,,346,0.9461179971694946,,
5542,,346,0.4038882255554199,,
5543,,346,1.0670738220214844,,
5544,,346,0.8553802371025085,,
5545,,346,1.0032635927200317,,
5546,,346,0.9611252546310425,,
5547,,346,0.7840926051139832,,
5548,,346,0.8019041419029236,,
5549,,346,0.5764023065567017,,
5550,,346,0.690308690071106,,
5551,,346,0.6061139106750488,,
,5536,346,,0.3256296217441559,
,5537,346,,0.20185333490371704,
,5538,346,,0.2579054832458496,
,5539,346,,0.34631961584091187,
,5540,346,,0.24743330478668213,
,5541,346,,0.23445932567119598,
,5542,346,,0.20124976336956024,
,5543,346,,0.23306326568126678,
,5544,346,,0.28272950649261475,
,5545,346,,0.31615519523620605,
,5546,346,,0.2228943556547165,
,5547,346,,0.26729950308799744,
,5548,346,,0.28070729970932007,
,5549,346,,0.42132872343063354,
,5550,346,,0.24062958359718323,
,5551,346,,0.22627338767051697,
5552,,347,0.41424188017845154,,
5553,,347,0.9278711676597595,,
5554,,347,0.3824688792228699,,
5555,,347,0.3766716420650482,,
5556,,347,0.6648459434509277,,
5557,,347,0.8521642684936523,,
5558,,347,0.43952518701553345,,
5559,,347,0.7971864938735962,,
5560,,347,0.4003368020057678,,
5561,,347,0.8904874324798584,,
5562,,347,0.5639922618865967,,
5563,,347,0.5841039419174194,,
5564,,347,0.710692286491394,,
5565,,347,0.9011130332946777,,
5566,,347,1.078413963317871,,
5567,,347,0.669826865196228,,
,5552,347,,0.19946664571762085,
,5553,347,,0.3271307349205017,
,5554,347,,0.3469846248626709,
,5555,347,,0.25854048132896423,
,5556,347,,0.47951826453208923,
,5557,347,,0.3347098231315613,
,5558,347,,0.3056284189224243,
,5559,347,,0.2579568028450012,
,5560,347,,0.2418346107006073,
,5561,347,,0.36453282833099365,
,5562,347,,0.3529653549194336,
,5563,347,,0.3139842450618744,
,5564,347,,0.3320295512676239,
,5565,347,,0.35184916853904724,
,5566,347,,0.2325865477323532,
,5567,347,,0.24534045159816742,
5568,,348,0.331182599067688,,
5569,,348,0.5835874080657959,,
5570,,348,0.6342381238937378,,
5571,,348,0.7498196363449097,,
5572,,348,0.9783481359481812,,
5573,,348,0.9569978713989258,,
5574,,348,0.8790183067321777,,
5575,,348,0.8659391403198242,,
5576,,348,0.7300676107406616,,
5577,,348,0.7110590934753418,,
5578,,348,0.9751917123794556,,
5579,,348,0.8367092609405518,,
5580,,348,0.3342777192592621,,
5581,,348,0.7893187403678894,,
5582,,348,0.7722795009613037,,
5583,,348,0.8574472665786743,,
,5568,348,,0.25129806995391846,
,5569,348,,0.27864158153533936,
,5570,348,,0.2997548282146454,
,5571,348,,0.2553713917732239,
,5572,348,,0.2939768433570862,
,5573,348,,0.3162594735622406,
,5574,348,,0.3614238202571869,
,5575,348,,0.32416313886642456,
,5576,348,,0.33797043561935425,
,5577,348,,0.25469404458999634,
,5578,348,,0.3310438096523285,
,5579,348,,0.2801816761493683,
,5580,348,,0.21033915877342224,
,5581,348,,0.287663996219635,
,5582,348,,0.22595340013504028,
,5583,348,,0.2935769557952881,
5584,,349,0.8530031442642212,,
5585,,349,0.49790462851524353,,
5586,,349,0.5298236608505249,,
5587,,349,1.1824746131896973,,
5588,,349,0.8295512199401855,,
5589,,349,0.6906039118766785,,
5590,,349,0.8899247646331787,,
5591,,349,0.6403363943099976,,
5592,,349,0.3908175230026245,,
5593,,349,0.8310989737510681,,
5594,,349,0.5881443023681641,,
5595,,349,0.4325082004070282,,
5596,,349,0.33471155166625977,,
5597,,349,0.9202004671096802,,
5598,,349,1.2663792371749878,,
5599,,349,1.4195808172225952,,
,5584,349,,0.36051875352859497,
,5585,349,,0.2971680164337158,
,5586,349,,0.3846489191055298,
,5587,349,,0.19596824049949646,
,5588,349,,0.2944607436656952,
,5589,349,,0.24684886634349823,
,5590,349,,0.3646582067012787,
,5591,349,,0.3048761487007141,
,5592,349,,0.39375734329223633,
,5593,349,,0.31175753474235535,
,5594,349,,0.2066909521818161,
,5595,349,,0.20644837617874146,
,5596,349,,0.3195364475250244,
,5597,349,,0.33503803610801697,
,5598,349,,0.3193502128124237,
,5599,349,,0.3037707805633545,
5600,,350,0.9921161532402039,,
5601,,350,0.8308510780334473,,
5602,,350,0.5213841199874878,,
5603,,350,0.704697847366333,,
5604,,350,0.5506555438041687,,
5605,,350,0.7261415719985962,,
5606,,350,0.5528297424316406,,
5607,,350,0.6786165237426758,,
5608,,350,1.0349969863891602,,
5609,,350,1.2409405708312988,,
5610,,350,0.8115831613540649,,
5611,,350,0.448991596698761,,
5612,,350,0.3875044584274292,,
5613,,350,0.9195437431335449,,
5614,,350,0.5173052549362183,,
5615,,350,0.9853419065475464,,
,5600,350,,0.2885522246360779,
,5601,350,,0.2192918062210083,
,5602,350,,0.24523763358592987,
,5603,350,,0.24138447642326355,
,5604,350,,0.3504631221294403,
,5605,350,,0.3200065493583679,
,5606,350,,0.35454803705215454,
,5607,350,,0.27052637934684753,
,5608,350,,0.3305355906486511,
,5609,350,,0.32138174772262573,
,5610,350,,0.31790557503700256,
,5611,350,,0.24278885126113892,
,5612,350,,0.2549193799495697,
,5613,350,,0.30470985174179077,
,5614,350,,0.33563321828842163,
,5615,350,,0.47223910689353943,
5616,,351,0.663610577583313,,
5617,,351,0.287134051322937,,
5618,,351,0.9399527311325073,,
5619,,351,1.2332332134246826,,
5620,,351,1.1435363292694092,,
5621,,351,0.9685282111167908,,
5622,,351,0.9305030703544617,,
5623,,351,0.390204519033432,,
5624,,351,0.9196585416793823,,
5625,,351,0.6354223489761353,,
5626,,351,0.9458276033401489,,
5627,,351,0.954917848110199,,
5628,,351,0.8465222120285034,,
5629,,351,0.8046493530273438,,
5630,,351,0.5632861852645874,,
5631,,351,0.6690943241119385,,
,5616,351,,0.34889888763427734,
,5617,351,,0.24553769826889038,
,5618,351,,0.2108217179775238,
,5619,351,,0.3539145588874817,
,5620,351,,0.24092790484428406,
,5621,351,,0.31120046973228455,
,5622,351,,0.42072877287864685,
,5623,351,,0.2673604488372803,
,5624,351,,0.24359622597694397,
,5625,351,,0.2885640859603882,
,5626,351,,0.3002346158027649,
,5627,351,,0.3977222442626953,
,5628,351,,0.4772337079048157,
,5629,351,,0.3064182996749878,
,5630,351,,0.26996463537216187,
,5631,351,,0.2321661114692688,
5632,,352,0.3486880660057068,,
5633,,352,0.45734500885009766,,
5634,,352,0.9300681352615356,,
5635,,352,1.3789018392562866,,
5636,,352,0.7727651596069336,,
5637,,352,0.6506628394126892,,
5638,,352,0.8007520437240601,,
5639,,352,0.9822473526000977,,
5640,,352,1.0416948795318604,,
5641,,352,0.6440482139587402,,
5642,,352,0.6528037786483765,,
5643,,352,0.7239031791687012,,
5644,,352,0.7917976379394531,,
5645,,352,1.0767993927001953,,
5646,,352,0.8274165391921997,,
5647,,352,0.5099834203720093,,
,5632,352,,0.2584840655326843,
,5633,352,,0.36286091804504395,
,5634,352,,0.26647865772247314,
,5635,352,,0.3289162516593933,
,5636,352,,0.3169156312942505,
,5637,352,,0.3314797878265381,
,5638,352,,0.18807625770568848,
,5639,352,,0.33130550384521484,
,5640,352,,0.19596481323242188,
,5641,352,,0.2275906503200531,
,5642,352,,0.27887994050979614,
,5643,352,,0.31641191244125366,
,5644,352,,0.27071839570999146,
,5645,352,,0.5025060176849365,
,5646,352,,0.5157281756401062,
,5647,352,,0.31867554783821106,
5648,,353,0.7582787871360779,,
5649,,353,0.3100053071975708,,
5650,,353,1.102649450302124,,
5651,,353,0.6227805018424988,,
5652,,353,0.6523212194442749,,
5653,,353,1.381234049797058,,
5654,,353,0.6742596626281738,,
5655,,353,0.3324662446975708,,
5656,,353,0.7882641553878784,,
5657,,353,0.5466475486755371,,
5658,,353,0.6864410638809204,,
5659,,353,0.5676648020744324,,
5660,,353,0.7246686816215515,,
5661,,353,0.708785891532898,,
5662,,353,0.9626733660697937,,
5663,,353,0.4495682418346405,,
,5648,353,,0.21655146777629852,
,5649,353,,0.25576016306877136,
,5650,353,,0.20822028815746307,
,5651,353,,0.33569061756134033,
,5652,353,,0.2839881181716919,
,5653,353,,0.2297547459602356,
,5654,353,,0.3808726966381073,
,5655,353,,0.2966524064540863,
,5656,353,,0.2711315155029297,
,5657,353,,0.20995353162288666,
,5658,353,,0.336699903011322,
,5659,353,,0.31324857473373413,
,5660,353,,0.343821257352829,
,5661,353,,0.35053199529647827,
,5662,353,,0.2979063391685486,
,5663,353,,0.18798553943634033,
5664,,354,1.1864055395126343,,
5665,,354,1.0328967571258545,,
5666,,354,0.46053546667099,,
5667,,354,1.013543725013733,,
5668,,354,0.4332340359687805,,
5669,,354,1.262686014175415,,
5670,,354,0.8554450869560242,,
5671,,354,0.9611720442771912,,
5672,,354,0.5954833030700684,,
5673,,354,0.7232019305229187,,
5674,,354,0.7809707522392273,,
5675,,354,0.7833479642868042,,
5676,,354,0.9662877917289734,,
5677,,354,0.8452970385551453,,
5678,,354,0.9899764060974121,,
5679,,354,0.39143919944763184,,
,5664,354,,0.25541672110557556,
,5665,354,,0.2644757032394409,
,5666,354,,0.34465742111206055,
,5667,354,,0.28527554869651794,
,5668,354,,0.2866448760032654,
,5669,354,,0.2539762556552887,
,5670,354,,0.3285474479198456,
,5671,354,,0.2867213487625122,
,5672,354,,0.29350170493125916,
,5673,354,,0.23544883728027344,
,5674,354,,0.4374867379665375,
,5675,354,,0.28866463899612427,
,5676,354,,0.2588757872581482,
,5677,354,,0.2918033301830292,
,5678,354,,0.21396732330322266,
,5679,354,,0.310004323720932,
5680,,355,1.5358623266220093,,
5681,,355,0.8946926593780518,,
5682,,355,0.9868699908256531,,
5683,,355,0.7358704805374146,,
5684,,355,0.8603569865226746,,
5685,,355,1.017345905303955,,
5686,,355,0.5968493223190308,,
5687,,355,0.4858390688896179,,
5688,,355,0.5208204984664917,,
5689,,355,0.6325280070304871,,
5690,,355,0.5244458317756653,,
5691,,355,1.114851474761963,,
5692,,355,0.6859270334243774,,
5693,,355,0.5824141502380371,,
5694,,355,1.1135989427566528,,
5695,,355,1.2591536045074463,,
,5680,355,,0.26397955417633057,
,5681,355,,0.2915623188018799,
,5682,355,,0.2460099458694458,
,5683,355,,0.2888790965080261,
,5684,355,,0.20139311254024506,
,5685,355,,0.2814488410949707,
,5686,355,,0.2103542685508728,
,5687,355,,0.2425774782896042,
,5688,355,,0.3688260316848755,
,5689,355,,0.32559865713119507,
,5690,355,,0.23680928349494934,
,5691,355,,0.26969969272613525,
,5692,355,,0.18904994428157806,
,5693,355,,0.23955038189888,
,5694,355,,0.33232253789901733,
,5695,355,,0.1861865222454071,
5696,,356,0.4362291693687439,,
5697,,356,0.8749349117279053,,
5698,,356,0.5749140977859497,,
5699,,356,0.7719988822937012,,
5700,,356,1.0115058422088623,,
5701,,356,0.7327041029930115,,
5702,,356,1.0073175430297852,,
5703,,356,0.36466488242149353,,
5704,,356,0.9890873432159424,,
5705,,356,0.40554946660995483,,
5706,,356,0.31535398960113525,,
5707,,356,0.7438790202140808,,
5708,,356,0.9886345267295837,,
5709,,356,0.28870442509651184,,
5710,,356,0.3837575316429138,,
5711,,356,0.5018004775047302,,
,5696,356,,0.2787192761898041,
,5697,356,,0.22207388281822205,
,5698,356,,0.35075265169143677,
,5699,356,,0.4160587191581726,
,5700,356,,0.25360530614852905,
,5701,356,,0.2382296919822693,
,5702,356,,0.3424350917339325,
,5703,356,,0.23360082507133484,
,5704,356,,0.25337016582489014,
,5705,356,,0.3551875054836273,
,5706,356,,0.28814834356307983,
,5707,356,,0.33337196707725525,
,5708,356,,0.22719347476959229,
,5709,356,,0.20727524161338806,
,5710,356,,0.25564414262771606,
,5711,356,,0.3841189742088318,
5712,,357,0.5001275539398193,,
5713,,357,0.39960750937461853,,
5714,,357,0.617534875869751,,
5715,,357,0.7355713844299316,,
5716,,357,0.882378339767456,,
5717,,357,0.6628018617630005,,
5718,,357,0.3869163393974304,,
5719,,357,0.8131769895553589,,
5720,,357,1.1915714740753174,,
5721,,357,1.3798850774765015,,
5722,,357,0.6934725046157837,,
5723,,357,1.0062189102172852,,
5724,,357,0.9155995845794678,,
5725,,357,0.9099647998809814,,
5726,,357,0.6167511940002441,,
5727,,357,0.7156428098678589,,
,5712,357,,0.3831307291984558,
,5713,357,,0.324821799993515,
,5714,357,,0.37174779176712036,
,5715,357,,0.408108651638031,
,5716,357,,0.19195356965065002,
,5717,357,,0.26540958881378174,
,5718,357,,0.2549339532852173,
,5719,357,,0.25904160737991333,
,5720,357,,0.2224348485469818,
,5721,357,,0.2582261562347412,
,5722,357,,0.28645169734954834,
,5723,357,,0.2678360939025879,
,5724,357,,0.259280800819397,
,5725,357,,0.21750210225582123,
,5726,357,,0.28272292017936707,
,5727,357,,0.31165704131126404,
5728,,358,0.46579283475875854,,
5729,,358,0.9114205241203308,,
5730,,358,0.8156301379203796,,
5731,,358,0.6405925750732422,,
5732,,358,0.7957965731620789,,
5733,,358,0.658147931098938,,
5734,,358,1.2850401401519775,,
5735,,358,0.3386211395263672,,
5736,,358,1.12605619430542,,
5737,,358,0.8783779144287109,,
5738,,358,1.4415616989135742,,
5739,,358,0.3784298598766327,,
5740,,358,0.520034909248352,,
5741,,358,0.8547967672348022,,
5742,,358,0.6818942427635193,,
5743,,358,1.106189250946045,,
,5728,358,,0.2505577504634857,
,5729,358,,0.25772586464881897,
,5730,358,,0.2984704375267029,
,5731,358,,0.1864101141691208,
,5732,358,,0.28600090742111206,
,5733,358,,0.2648915648460388,
,5734,358,,0.24043872952461243,
,5735,358,,0.239436537027359,
,5736,358,,0.21251627802848816,
,5737,358,,0.27020466327667236,
,5738,358,,0.2959560751914978,
,5739,358,,0.2722207307815552,
,5740,358,,0.25274261832237244,
,5741,358,,0.29697301983833313,
,5742,358,,0.3231697082519531,
,5743,358,,0.27753162384033203,
5744,,359,0.8537535667419434,,
5745,,359,1.0277247428894043,,
5746,,359,1.7096494436264038,,
5747,,359,0.9004719257354736,,
5748,,359,1.071906566619873,,
5749,,359,0.8251024484634399,,
5750,,359,1.4423909187316895,,
5751,,359,0.5611085295677185,,
5752,,359,0.7473528385162354,,
5753,,359,0.6777462959289551,,
5754,,359,0.5906859636306763,,
5755,,359,0.922559380531311,,
5756,,359,0.6338967680931091,,
5757,,359,0.37888622283935547,,
5758,,359,0.7399537563323975,,
5759,,359,0.8663691282272339,,
,5744,359,,0.31444892287254333,
,5745,359,,0.24848340451717377,
,5746,359,,0.36758172512054443,
,5747,359,,0.42791295051574707,
,5748,359,,0.22384458780288696,
,5749,359,,0.23298409581184387,
,5750,359,,0.26137077808380127,
,5751,359,,0.33918628096580505,
,5752,359,,0.23754942417144775,
,5753,359,,0.391234815120697,
,5754,359,,0.446877658367157,
,5755,359,,0.28839460015296936,
,5756,359,,0.388503760099411,
,5757,359,,0.300653874874115,
,5758,359,,0.2469940483570099,
,5759,359,,0.36272329092025757,
5760,,360,0.7077879309654236,,
5761,,360,1.256150722503662,,
5762,,360,0.6772450804710388,,
5763,,360,1.4456332921981812,,
5764,,360,0.5662925243377686,,
5765,,360,0.8878355026245117,,
5766,,360,0.6252574920654297,,
5767,,360,1.0802119970321655,,
5768,,360,0.8377765417098999,,
5769,,360,0.6189169883728027,,
5770,,360,0.6045393943786621,,
5771,,360,0.3801335096359253,,
5772,,360,0.40661919116973877,,
5773,,360,1.0609943866729736,,
5774,,360,0.7614768743515015,,
5775,,360,0.6009750366210938,,
,5760,360,,0.29350095987319946,
,5761,360,,0.33279895782470703,
,5762,360,,0.31321775913238525,
,5763,360,,0.25234755873680115,
,5764,360,,0.35077226161956787,
,5765,360,,0.2847127914428711,
,5766,360,,0.3139117956161499,
,5767,360,,0.21179106831550598,
,5768,360,,0.34369176626205444,
,5769,360,,0.20107564330101013,
,5770,360,,0.2712169289588928,
,5771,360,,0.35664910078048706,
,5772,360,,0.29551437497138977,
,5773,360,,0.22764194011688232,
,5774,360,,0.2741534113883972,
,5775,360,,0.25568297505378723,
5776,,361,0.5091480612754822,,
5777,,361,1.0157480239868164,,
5778,,361,0.8956384062767029,,
5779,,361,0.6793243288993835,,
5780,,361,0.6455577611923218,,
5781,,361,1.0787525177001953,,
5782,,361,0.5167043209075928,,
5783,,361,0.879133403301239,,
5784,,361,0.47604936361312866,,
5785,,361,0.9258050918579102,,
5786,,361,1.0482428073883057,,
5787,,361,0.8316941261291504,,
5788,,361,0.5621628165245056,,
5789,,361,0.43262001872062683,,
5790,,361,0.7178231477737427,,
5791,,361,0.8710225820541382,,
,5776,361,,0.33324310183525085,
,5777,361,,0.2037287950515747,
,5778,361,,0.3046952188014984,
,5779,361,,0.3444197177886963,
,5780,361,,0.2797730565071106,
,5781,361,,0.41959282755851746,
,5782,361,,0.39432018995285034,
,5783,361,,0.3037548065185547,
,5784,361,,0.2431846559047699,
,5785,361,,0.4161580502986908,
,5786,361,,0.3888518214225769,
,5787,361,,0.3134625554084778,
,5788,361,,0.41209131479263306,
,5789,361,,0.1986466646194458,
,5790,361,,0.3104986548423767,
,5791,361,,0.3433768153190613,
5792,,362,0.4797752797603607,,
5793,,362,1.3565394878387451,,
5794,,362,0.6598879098892212,,
5795,,362,0.8195244669914246,,
5796,,362,0.7251703143119812,,
5797,,362,1.4117276668548584,,
5798,,362,0.6341173648834229,,
5799,,362,1.0357623100280762,,
5800,,362,0.5078585147857666,,
5801,,362,0.6037412881851196,,
5802,,362,0.8525222539901733,,
5803,,362,1.1594120264053345,,
5804,,362,0.9600273966789246,,
5805,,362,0.8738589286804199,,
5806,,362,0.4935339689254761,,
5807,,362,0.35618314146995544,,
,5792,362,,0.34624284505844116,
,5793,362,,0.32017433643341064,
,5794,362,,0.28274035453796387,
,5795,362,,0.2918281555175781,
,5796,362,,0.34295377135276794,
,5797,362,,0.2551605701446533,
,5798,362,,0.2910389304161072,
,5799,362,,0.3489907383918762,
,5800,362,,0.3119378387928009,
,5801,362,,0.2694762349128723,
,5802,362,,0.2041117250919342,
,5803,362,,0.19656583666801453,
,5804,362,,0.24751687049865723,
,5805,362,,0.27481159567832947,
,5806,362,,0.36818408966064453,
,5807,362,,0.31636327505111694,
5808,,363,0.9954773187637329,,
5809,,363,1.4581289291381836,,
5810,,363,0.6722363829612732,,
5811,,363,0.4259757995605469,,
5812,,363,0.4761192202568054,,
5813,,363,0.8361046314239502,,
5814,,363,0.6318548917770386,,
5815,,363,0.5837196111679077,,
5816,,363,0.5452196598052979,,
5817,,363,0.3658548593521118,,
5818,,363,0.3244004249572754,,
5819,,363,0.6680854558944702,,
5820,,363,0.5234960913658142,,
5821,,363,0.9460493326187134,,
5822,,363,1.1935957670211792,,
5823,,363,0.9705104231834412,,
,5808,363,,0.19417499005794525,
,5809,363,,0.328826904296875,
,5810,363,,0.25624024868011475,
,5811,363,,0.30594390630722046,
,5812,363,,0.3558051586151123,
,5813,363,,0.19424226880073547,
,5814,363,,0.3728763461112976,
,5815,363,,0.38131365180015564,
,5816,363,,0.28855812549591064,
,5817,363,,0.49045777320861816,
,5818,363,,0.2470337450504303,
,5819,363,,0.24787676334381104,
,5820,363,,0.23407714068889618,
,5821,363,,0.23461470007896423,
,5822,363,,0.3513356149196625,
,5823,363,,0.291915625333786,
5824,,364,0.47369131445884705,,
5825,,364,0.5923593044281006,,
5826,,364,0.6613554358482361,,
5827,,364,0.6985626220703125,,
5828,,364,0.973102331161499,,
5829,,364,0.44770142436027527,,
5830,,364,0.6441776752471924,,
5831,,364,1.0530471801757812,,
5832,,364,0.4998852014541626,,
5833,,364,0.5860870480537415,,
5834,,364,0.5184422731399536,,
5835,,364,0.6509659886360168,,
5836,,364,0.6903015971183777,,
5837,,364,0.48546409606933594,,
5838,,364,0.660599946975708,,
5839,,364,0.6121586561203003,,
,5824,364,,0.2967832684516907,
,5825,364,,0.22393076121807098,
,5826,364,,0.2458306849002838,
,5827,364,,0.2444266378879547,
,5828,364,,0.2701570987701416,
,5829,364,,0.334737628698349,
,5830,364,,0.3680669963359833,
,5831,364,,0.27560335397720337,
,5832,364,,0.1950908601284027,
,5833,364,,0.38577720522880554,
,5834,364,,0.27873170375823975,
,5835,364,,0.24304085969924927,
,5836,364,,0.2833484411239624,
,5837,364,,0.287734717130661,
,5838,364,,0.2973024845123291,
,5839,364,,0.20922788977622986,
5840,,365,1.0837631225585938,,
5841,,365,0.5967885851860046,,
5842,,365,0.8749423027038574,,
5843,,365,0.7462958097457886,,
5844,,365,0.6281181573867798,,
5845,,365,0.7644462585449219,,
5846,,365,0.5166841745376587,,
5847,,365,0.9764117002487183,,
5848,,365,1.1758513450622559,,
5849,,365,0.5442387461662292,,
5850,,365,0.418083518743515,,
5851,,365,0.501023530960083,,
5852,,365,0.4879608750343323,,
5853,,365,0.916160523891449,,
5854,,365,1.0219783782958984,,
5855,,365,0.6541247367858887,,
,5840,365,,0.4014212489128113,
,5841,365,,0.28095829486846924,
,5842,365,,0.261583536863327,
,5843,365,,0.37689924240112305,
,5844,365,,0.31375616788864136,
,5845,365,,0.2453753799200058,
,5846,365,,0.28855347633361816,
,5847,365,,0.3131178021430969,
,5848,365,,0.2425864338874817,
,5849,365,,0.292857825756073,
,5850,365,,0.23508483171463013,
,5851,365,,0.22308394312858582,
,5852,365,,0.2646341919898987,
,5853,365,,0.20632342994213104,
,5854,365,,0.34497255086898804,
,5855,365,,0.34456807374954224,
5856,,366,1.1612776517868042,,
5857,,366,0.8103529810905457,,
5858,,366,0.6169083118438721,,
5859,,366,1.0046210289001465,,
5860,,366,0.9119625091552734,,
5861,,366,0.5944092273712158,,
5862,,366,1.1226468086242676,,
5863,,366,0.33291614055633545,,
5864,,366,0.8499315977096558,,
5865,,366,0.5743095278739929,,
5866,,366,0.5070379972457886,,
5867,,366,0.6754617691040039,,
5868,,366,0.9626163244247437,,
5869,,366,0.4549674689769745,,
5870,,366,0.7491025924682617,,
5871,,366,0.5236405730247498,,
,5856,366,,0.2789216935634613,
,5857,366,,0.20652401447296143,
,5858,366,,0.2512504756450653,
,5859,366,,0.36427414417266846,
,5860,366,,0.2668234705924988,
,5861,366,,0.21187841892242432,
,5862,366,,0.28923118114471436,
,5863,366,,0.29383525252342224,
,5864,366,,0.4121522307395935,
,5865,366,,0.2924433946609497,
,5866,366,,0.26827776432037354,
,5867,366,,0.38811370730400085,
,5868,366,,0.27936622500419617,
,5869,366,,0.20405028760433197,
,5870,366,,0.28026819229125977,
,5871,366,,0.2774336040019989,
5872,,367,0.8737540245056152,,
5873,,367,0.37870246171951294,,
5874,,367,0.4461081922054291,,
5875,,367,0.9239100813865662,,
5876,,367,0.5918622612953186,,
5877,,367,0.7411375045776367,,
5878,,367,0.8691891431808472,,
5879,,367,0.6311277151107788,,
5880,,367,0.9106954336166382,,
5881,,367,0.6041035652160645,,
5882,,367,0.7375669479370117,,
5883,,367,0.6619753241539001,,
5884,,367,0.970049262046814,,
5885,,367,0.3362792134284973,,
5886,,367,0.6149755120277405,,
5887,,367,0.8918929100036621,,
,5872,367,,0.4323318898677826,
,5873,367,,0.3384705185890198,
,5874,367,,0.3989637792110443,
,5875,367,,0.31230428814888,
,5876,367,,0.30039286613464355,
,5877,367,,0.30247068405151367,
,5878,367,,0.3061286211013794,
,5879,367,,0.2538125514984131,
,5880,367,,0.3496464192867279,
,5881,367,,0.4824249744415283,
,5882,367,,0.24402806162834167,
,5883,367,,0.2704384922981262,
,5884,367,,0.2076413929462433,
,5885,367,,0.3514828085899353,
,5886,367,,0.28283220529556274,
,5887,367,,0.2731205224990845,
5888,,368,0.8845400810241699,,
5889,,368,0.6445196866989136,,
5890,,368,1.2244391441345215,,
5891,,368,0.7143043279647827,,
5892,,368,0.8539838194847107,,
5893,,368,1.352347731590271,,
5894,,368,1.3762755393981934,,
5895,,368,0.6883207559585571,,
5896,,368,1.0724372863769531,,
5897,,368,0.5983482599258423,,
5898,,368,0.6368283629417419,,
5899,,368,1.0026085376739502,,
5900,,368,0.17076826095581055,,
5901,,368,0.6700698137283325,,
5902,,368,0.7273680567741394,,
5903,,368,0.936104953289032,,
,5888,368,,0.3632526099681854,
,5889,368,,0.28977125883102417,
,5890,368,,0.27788299322128296,
,5891,368,,0.190447136759758,
,5892,368,,0.245355486869812,
,5893,368,,0.3173290491104126,
,5894,368,,0.19348321855068207,
,5895,368,,0.21862290799617767,
,5896,368,,0.268766850233078,
,5897,368,,0.23143510520458221,
,5898,368,,0.39216989278793335,
,5899,368,,0.29254409670829773,
,5900,368,,0.2282092571258545,
,5901,368,,0.3910060524940491,
,5902,368,,0.2357533872127533,
,5903,368,,0.22837607562541962,
5904,,369,0.4094080328941345,,
5905,,369,0.8146201372146606,,
5906,,369,0.632508397102356,,
5907,,369,0.34452542662620544,,
5908,,369,1.1636017560958862,,
5909,,369,0.45986902713775635,,
5910,,369,0.3877063989639282,,
5911,,369,0.6472747325897217,,
5912,,369,0.9008881449699402,,
5913,,369,0.7157280445098877,,
5914,,369,0.8749852180480957,,
5915,,369,1.1208422183990479,,
5916,,369,0.857215404510498,,
5917,,369,0.8068302869796753,,
5918,,369,0.9479507803916931,,
5919,,369,0.42689594626426697,,
,5904,369,,0.3726348876953125,
,5905,369,,0.3150203824043274,
,5906,369,,0.2938670516014099,
,5907,369,,0.3702516555786133,
,5908,369,,0.26028841733932495,
,5909,369,,0.33997082710266113,
,5910,369,,0.289347767829895,
,5911,369,,0.23821702599525452,
,5912,369,,0.20637118816375732,
,5913,369,,0.2092212438583374,
,5914,369,,0.3428514003753662,
,5915,369,,0.28004515171051025,
,5916,369,,0.19933734834194183,
,5917,369,,0.2575894296169281,
,5918,369,,0.2383027970790863,
,5919,369,,0.24176613986492157,
5920,,370,0.9884500503540039,,
5921,,370,0.4752245843410492,,
5922,,370,0.3184364438056946,,
5923,,370,0.8951961994171143,,
5924,,370,0.798048734664917,,
5925,,370,0.38616737723350525,,
5926,,370,1.1230359077453613,,
5927,,370,0.9161087870597839,,
5928,,370,0.9591460227966309,,
5929,,370,0.6983040571212769,,
5930,,370,0.408225953578949,,
5931,,370,0.9823746085166931,,
5932,,370,0.9916161894798279,,
5933,,370,0.765683650970459,,
5934,,370,0.4719184339046478,,
5935,,370,0.48229822516441345,,
,5920,370,,0.2021576166152954,
,5921,370,,0.29750239849090576,
,5922,370,,0.34074169397354126,
,5923,370,,0.2956632077693939,
,5924,370,,0.29163628816604614,
,5925,370,,0.3685942590236664,
,5926,370,,0.28338930010795593,
,5927,370,,0.29713737964630127,
,5928,370,,0.34997865557670593,
,5929,370,,0.22701537609100342,
,5930,370,,0.2352256029844284,
,5931,370,,0.2755497992038727,
,5932,370,,0.28503239154815674,
,5933,370,,0.1989201307296753,
,5934,370,,0.37074488401412964,
,5935,370,,0.27468496561050415,
5936,,371,0.7068737745285034,,
5937,,371,0.36767905950546265,,
5938,,371,0.7486486434936523,,
5939,,371,0.9157883524894714,,
5940,,371,1.1579580307006836,,
5941,,371,0.34540995955467224,,
5942,,371,1.0075129270553589,,
5943,,371,1.021733283996582,,
5944,,371,0.6309754848480225,,
5945,,371,0.4657178819179535,,
5946,,371,0.7540781497955322,,
5947,,371,0.7592498660087585,,
5948,,371,0.6375842094421387,,
5949,,371,0.595169186592102,,
5950,,371,0.8184299468994141,,
5951,,371,1.0220932960510254,,
,5936,371,,0.2862205505371094,
,5937,371,,0.337507963180542,
,5938,371,,0.25484251976013184,
,5939,371,,0.2795336842536926,
,5940,371,,0.2956477999687195,
,5941,371,,0.3757112920284271,
,5942,371,,0.27212250232696533,
,5943,371,,0.2783617377281189,
,5944,371,,0.2538013458251953,
,5945,371,,0.2392498254776001,
,5946,371,,0.2423519343137741,
,5947,371,,0.37406498193740845,
,5948,371,,0.22904257476329803,
,5949,371,,0.3397560119628906,
,5950,371,,0.29507896304130554,
,5951,371,,0.2594395875930786,
5952,,372,0.5812375545501709,,
5953,,372,0.447005033493042,,
5954,,372,0.6492243409156799,,
5955,,372,1.299891471862793,,
5956,,372,1.0094099044799805,,
5957,,372,1.2269933223724365,,
5958,,372,0.7013339996337891,,
5959,,372,0.5878158211708069,,
5960,,372,0.8533181548118591,,
5961,,372,0.6580446362495422,,
5962,,372,0.9446432590484619,,
5963,,372,0.5702692270278931,,
5964,,372,0.6810754537582397,,
5965,,372,0.7444159984588623,,
5966,,372,0.5883808732032776,,
5967,,372,0.8232078552246094,,
,5952,372,,0.36318597197532654,
,5953,372,,0.22245661914348602,
,5954,372,,0.2630771994590759,
,5955,372,,0.2597559094429016,
,5956,372,,0.243941992521286,
,5957,372,,0.4047829508781433,
,5958,372,,0.27221497893333435,
,5959,372,,0.260280966758728,
,5960,372,,0.3096482753753662,
,5961,372,,0.25690770149230957,
,5962,372,,0.2599058151245117,
,5963,372,,0.2741919755935669,
,5964,372,,0.23669326305389404,
,5965,372,,0.35993248224258423,
,5966,372,,0.4145166873931885,
,5967,372,,0.26054924726486206,
5968,,373,0.9689611196517944,,
5969,,373,0.9561281204223633,,
5970,,373,0.8676828742027283,,
5971,,373,0.7016546726226807,,
5972,,373,1.1255186796188354,,
5973,,373,0.5124603509902954,,
5974,,373,0.647588849067688,,
5975,,373,0.5354068279266357,,
5976,,373,0.5978406667709351,,
5977,,373,0.8549386262893677,,
5978,,373,0.590505838394165,,
5979,,373,0.6179129481315613,,
5980,,373,0.6063257455825806,,
5981,,373,0.529180645942688,,
5982,,373,0.80267333984375,,
5983,,373,0.7129170298576355,,
,5968,373,,0.30821871757507324,
,5969,373,,0.24650375545024872,
,5970,373,,0.3086319863796234,
,5971,373,,0.22398898005485535,
,5972,373,,0.28193938732147217,
,5973,373,,0.2014879584312439,
,5974,373,,0.3793630599975586,
,5975,373,,0.30409252643585205,
,5976,373,,0.27153894305229187,
,5977,373,,0.2680170238018036,
,5978,373,,0.19914793968200684,
,5979,373,,0.2596832513809204,
,5980,373,,0.3718335032463074,
,5981,373,,0.32767564058303833,
,5982,373,,0.3466949462890625,
,5983,373,,0.4281601309776306,
5984,,374,0.7969169020652771,,
5985,,374,0.6646450161933899,,
5986,,374,1.1103177070617676,,
5987,,374,0.559653103351593,,
5988,,374,0.8895614147186279,,
5989,,374,0.9104467630386353,,
5990,,374,0.6419355869293213,,
5991,,374,0.9074969291687012,,
5992,,374,0.34822767972946167,,
5993,,374,0.43760865926742554,,
5994,,374,0.454900324344635,,
5995,,374,0.752459704875946,,
5996,,374,0.33552223443984985,,
5997,,374,1.0190186500549316,,
5998,,374,1.1782640218734741,,
5999,,374,0.9773723483085632,,
,5984,374,,0.25380170345306396,
,5985,374,,0.30301105976104736,
,5986,374,,0.2882969379425049,
,5987,374,,0.24714133143424988,
,5988,374,,0.3004343509674072,
,5989,374,,0.3830356001853943,
,5990,374,,0.3584161698818207,
,5991,374,,0.2528873383998871,
,5992,374,,0.21178099513053894,
,5993,374,,0.29220816493034363,
,5994,374,,0.3201237916946411,
,5995,374,,0.34843629598617554,
,5996,374,,0.2749444246292114,
,5997,374,,0.31228846311569214,
,5998,374,,0.24392914772033691,
,5999,374,,0.4061327874660492,
6000,,375,0.5176804065704346,,
6001,,375,1.0882508754730225,,
6002,,375,0.7188321352005005,,
6003,,375,0.8841859698295593,,
6004,,375,0.7433943748474121,,
6005,,375,0.7238437533378601,,
6006,,375,0.7026405334472656,,
6007,,375,0.547631561756134,,
6008,,375,0.5263988971710205,,
6009,,375,0.27731412649154663,,
6010,,375,0.6471049189567566,,
6011,,375,0.5634716749191284,,
6012,,375,0.3751726746559143,,
6013,,375,0.4688195586204529,,
6014,,375,0.34822750091552734,,
6015,,375,0.9286645650863647,,
,6000,375,,0.33484309911727905,
,6001,375,,0.22952282428741455,
,6002,375,,0.29261326789855957,
,6003,375,,0.27448031306266785,
,6004,375,,0.32532525062561035,
,6005,375,,0.18786102533340454,
,6006,375,,0.24462202191352844,
,6007,375,,0.3192647695541382,
,6008,375,,0.375311017036438,
,6009,375,,0.3760393559932709,
,6010,375,,0.3141878545284271,
,6011,375,,0.2898113429546356,
,6012,375,,0.3500588536262512,
,6013,375,,0.24180245399475098,
,6014,375,,0.3258971571922302,
,6015,375,,0.24556466937065125,
6016,,376,0.7346777319908142,,
6017,,376,0.4349583089351654,,
6018,,376,0.9672510623931885,,
6019,,376,1.0755748748779297,,
6020,,376,1.1353448629379272,,
6021,,376,1.1893832683563232,,
6022,,376,0.41724929213523865,,
6023,,376,0.9422163963317871,,
6024,,376,0.7908973097801208,,
6025,,376,0.9506797194480896,,
6026,,376,0.43905162811279297,,
6027,,376,0.7659523487091064,,
6028,,376,0.5040159821510315,,
6029,,376,0.6166455745697021,,
6030,,376,0.7761504054069519,,
6031,,376,0.3411887586116791,,
,6016,376,,0.24966692924499512,
,6017,376,,0.2372666895389557,
,6018,376,,0.26045411825180054,
,6019,376,,0.3028094172477722,
,6020,376,,0.24088017642498016,
,6021,376,,0.23571941256523132,
,6022,376,,0.37251466512680054,
,6023,376,,0.3344164788722992,
,6024,376,,0.2986770272254944,
,6025,376,,0.2819615602493286,
,6026,376,,0.2677660882472992,
,6027,376,,0.2508918046951294,
,6028,376,,0.31139716506004333,
,6029,376,,0.25037896633148193,
,6030,376,,0.28832346200942993,
,6031,376,,0.3616446256637573,
6032,,377,0.6197109222412109,,
6033,,377,0.5414870977401733,,
6034,,377,1.0966874361038208,,
6035,,377,0.71629399061203,,
6036,,377,0.46055006980895996,,
6037,,377,0.47505414485931396,,
6038,,377,0.826684832572937,,
6039,,377,0.4257645606994629,,
6040,,377,0.48954057693481445,,
6041,,377,0.8353592753410339,,
6042,,377,1.4802091121673584,,
6043,,377,0.6686370372772217,,
6044,,377,0.4706804156303406,,
6045,,377,0.39362186193466187,,
6046,,377,1.1906120777130127,,
6047,,377,0.9304630160331726,,
,6032,377,,0.33344408869743347,
,6033,377,,0.32306724786758423,
,6034,377,,0.268173485994339,
,6035,377,,0.27105867862701416,
,6036,377,,0.395119845867157,
,6037,377,,0.3875480592250824,
,6038,377,,0.41924354434013367,
,6039,377,,0.28258293867111206,
,6040,377,,0.2084559053182602,
,6041,377,,0.21905498206615448,
,6042,377,,0.2798696458339691,
,6043,377,,0.29203638434410095,
,6044,377,,0.28492817282676697,
,6045,377,,0.3199155628681183,
,6046,377,,0.2651427984237671,
,6047,377,,0.2607194483280182,
6048,,378,0.6719385981559753,,
6049,,378,1.1176694631576538,,
6050,,378,1.1408047676086426,,
6051,,378,0.9446778297424316,,
6052,,378,0.579975962638855,,
6053,,378,1.371105670928955,,
6054,,378,0.9897722005844116,,
6055,,378,0.3813130855560303,,
6056,,378,1.16459059715271,,
6057,,378,0.5147198438644409,,
6058,,378,0.23392140865325928,,
6059,,378,0.45076581835746765,,
6060,,378,0.6565858125686646,,
6061,,378,0.5355845093727112,,
6062,,378,0.6277309656143188,,
6063,,378,0.6164059042930603,,
,6048,378,,0.23270317912101746,
,6049,378,,0.25406432151794434,
,6050,378,,0.27377092838287354,
,6051,378,,0.2836739718914032,
,6052,378,,0.2983008623123169,
,6053,378,,0.3103198707103729,
,6054,378,,0.306841641664505,
,6055,378,,0.3108774721622467,
,6056,378,,0.21066395938396454,
,6057,378,,0.30686166882514954,
,6058,378,,0.23423275351524353,
,6059,378,,0.30382832884788513,
,6060,378,,0.331146240234375,
,6061,378,,0.2727909982204437,
,6062,378,,0.30844375491142273,
,6063,378,,0.2732704281806946,
6064,,379,1.0515379905700684,,
6065,,379,0.752732515335083,,
6066,,379,0.9336263537406921,,
6067,,379,0.6978294253349304,,
6068,,379,0.4752144515514374,,
6069,,379,0.5139220952987671,,
6070,,379,0.3163677453994751,,
6071,,379,0.7652320861816406,,
6072,,379,0.9522548913955688,,
6073,,379,0.469858855009079,,
6074,,379,0.4052302837371826,,
6075,,379,0.48777079582214355,,
6076,,379,0.6685945391654968,,
6077,,379,0.928325891494751,,
6078,,379,0.4537099301815033,,
6079,,379,0.8877196311950684,,
,6064,379,,0.36932671070098877,
,6065,379,,0.37559136748313904,
,6066,379,,0.3394097685813904,
,6067,379,,0.4020739197731018,
,6068,379,,0.24966737627983093,
,6069,379,,0.2356886863708496,
,6070,379,,0.4214627146720886,
,6071,379,,0.2688665986061096,
,6072,379,,0.47067293524742126,
,6073,379,,0.21280640363693237,
,6074,379,,0.3089708089828491,
,6075,379,,0.21650946140289307,
,6076,379,,0.3738024830818176,
,6077,379,,0.3932367265224457,
,6078,379,,0.327641099691391,
,6079,379,,0.26615679264068604,
6080,,380,1.0820037126541138,,
6081,,380,0.6258605718612671,,
6082,,380,0.8150572180747986,,
6083,,380,0.8526546359062195,,
6084,,380,1.4541085958480835,,
6085,,380,0.7233434915542603,,
6086,,380,0.510711669921875,,
6087,,380,0.27803564071655273,,
6088,,380,0.9198443293571472,,
6089,,380,0.9476537704467773,,
6090,,380,0.7893151640892029,,
6091,,380,0.9651334285736084,,
6092,,380,0.3170078694820404,,
6093,,380,0.5712491273880005,,
6094,,380,0.494439959526062,,
6095,,380,0.8931736946105957,,
,6080,380,,0.29882192611694336,
,6081,380,,0.28376197814941406,
,6082,380,,0.29939696192741394,
,6083,380,,0.21619731187820435,
,6084,380,,0.30683714151382446,
,6085,380,,0.30338284373283386,
,6086,380,,0.3324618637561798,
,6087,380,,0.2961373031139374,
,6088,380,,0.34009408950805664,
,6089,380,,0.3184545338153839,
,6090,380,,0.3487553298473358,
,6091,380,,0.3258759081363678,
,6092,380,,0.2514241933822632,
,6093,380,,0.515752375125885,
,6094,380,,0.22643840312957764,
,6095,380,,0.3733750581741333,
6096,,381,0.7934855222702026,,
6097,,381,0.8961150050163269,,
6098,,381,0.46348071098327637,,
6099,,381,0.3125580847263336,,
6100,,381,0.9169044494628906,,
6101,,381,0.5345381498336792,,
6102,,381,0.8127598762512207,,
6103,,381,0.6517573595046997,,
6104,,381,0.6235479116439819,,
6105,,381,0.8987790942192078,,
6106,,381,0.9799230098724365,,
6107,,381,0.5897276401519775,,
6108,,381,0.7028703689575195,,
6109,,381,0.7102057933807373,,
6110,,381,0.8882643580436707,,
6111,,381,0.9966238737106323,,
,6096,381,,0.24564895033836365,
,6097,381,,0.2956690192222595,
,6098,381,,0.28914472460746765,
,6099,381,,0.41203635931015015,
,6100,381,,0.3383089303970337,
,6101,381,,0.20847365260124207,
,6102,381,,0.32947295904159546,
,6103,381,,0.3220352828502655,
,6104,381,,0.27823978662490845,
,6105,381,,0.2382557988166809,
,6106,381,,0.23736697435379028,
,6107,381,,0.4293327331542969,
,6108,381,,0.4042511582374573,
,6109,381,,0.19866320490837097,
,6110,381,,0.20810061693191528,
,6111,381,,0.22317704558372498,
6112,,382,0.8791722655296326,,
6113,,382,0.9131490588188171,,
6114,,382,0.4890068471431732,,
6115,,382,0.6782872080802917,,
6116,,382,0.5331643223762512,,
6117,,382,0.9897274971008301,,
6118,,382,0.4844398498535156,,
6119,,382,0.7020501494407654,,
6120,,382,0.5630316734313965,,
6121,,382,0.7828577756881714,,
6122,,382,0.5048120021820068,,
6123,,382,0.7859293222427368,,
6124,,382,1.0881612300872803,,
6125,,382,0.5155729055404663,,
6126,,382,0.7960314750671387,,
6127,,382,0.6059685945510864,,
,6112,382,,0.36717352271080017,
,6113,382,,0.21144446730613708,
,6114,382,,0.2130739539861679,
,6115,382,,0.2276415079832077,
,6116,382,,0.30165693163871765,
,6117,382,,0.4213389754295349,
,6118,382,,0.23464012145996094,
,6119,382,,0.5539580583572388,
,6120,382,,0.27565258741378784,
,6121,382,,0.24279968440532684,
,6122,382,,0.27004992961883545,
,6123,382,,0.30301713943481445,
,6124,382,,0.3829883933067322,
,6125,382,,0.32444971799850464,
,6126,382,,0.30163493752479553,
,6127,382,,0.27418774366378784,
6128,,383,1.438157081604004,,
6129,,383,1.1837081909179688,,
6130,,383,0.7028764486312866,,
6131,,383,0.8844959139823914,,
6132,,383,0.6049551963806152,,
6133,,383,0.7180916666984558,,
6134,,383,0.7345679998397827,,
6135,,383,1.2094684839248657,,
6136,,383,0.8029477596282959,,
6137,,383,0.5907004475593567,,
6138,,383,0.8921149969100952,,
6139,,383,0.5262540578842163,,
6140,,383,0.6137054562568665,,
6141,,383,1.5796728134155273,,
6142,,383,0.6871539950370789,,
6143,,383,0.8155118227005005,,
,6128,383,,0.23908936977386475,
,6129,383,,0.28513795137405396,
,6130,383,,0.36201953887939453,
,6131,383,,0.23456262052059174,
,6132,383,,0.35661226511001587,
,6133,383,,0.26717352867126465,
,6134,383,,0.20194432139396667,
,6135,383,,0.2493678629398346,
,6136,383,,0.42117318511009216,
,6137,383,,0.3153291642665863,
,6138,383,,0.39230817556381226,
,6139,383,,0.19117192924022675,
,6140,383,,0.27383530139923096,
,6141,383,,0.2530611753463745,
,6142,383,,0.19371376931667328,
,6143,383,,0.2863488793373108,
6144,,384,0.42990633845329285,,
6145,,384,0.6412690877914429,,
6146,,384,0.798542857170105,,
6147,,384,0.7332479357719421,,
6148,,384,1.0191510915756226,,
6149,,384,0.46979546546936035,,
6150,,384,0.6753608584403992,,
6151,,384,0.5229218006134033,,
6152,,384,1.1028488874435425,,
6153,,384,0.3961734473705292,,
6154,,384,0.4909915626049042,,
6155,,384,0.43536168336868286,,
6156,,384,0.3288135528564453,,
6157,,384,0.5019314289093018,,
6158,,384,0.7580558657646179,,
6159,,384,0.7383086681365967,,
,6144,384,,0.24132832884788513,
,6145,384,,0.36312079429626465,
,6146,384,,0.35084864497184753,
,6147,384,,0.3754870891571045,
,6148,384,,0.3537465035915375,
,6149,384,,0.2974117696285248,
,6150,384,,0.383338063955307,
,6151,384,,0.3594716489315033,
,6152,384,,0.32177257537841797,
,6153,384,,0.30516278743743896,
,6154,384,,0.32089704275131226,
,6155,384,,0.3057945668697357,
,6156,384,,0.26074331998825073,
,6157,384,,0.4521046578884125,
,6158,384,,0.21914498507976532,
,6159,384,,0.35280641913414,
6160,,385,0.6594805717468262,,
6161,,385,0.36242926120758057,,
6162,,385,0.8150384426116943,,
6163,,385,0.5975373983383179,,
6164,,385,0.5305997133255005,,
6165,,385,0.6126576662063599,,
6166,,385,1.0394535064697266,,
6167,,385,0.7444890737533569,,
6168,,385,1.0144524574279785,,
6169,,385,0.4154227674007416,,
6170,,385,0.8646873831748962,,
6171,,385,0.7927300930023193,,
6172,,385,0.8598678112030029,,
6173,,385,0.7346216440200806,,
6174,,385,0.6082957983016968,,
6175,,385,0.34233230352401733,,
,6160,385,,0.2574145495891571,
,6161,385,,0.2914433479309082,
,6162,385,,0.21576693654060364,
,6163,385,,0.19760577380657196,
,6164,385,,0.2702927887439728,
,6165,385,,0.26739978790283203,
,6166,385,,0.33578503131866455,
,6167,385,,0.21910223364830017,
,6168,385,,0.24427282810211182,
,6169,385,,0.27285704016685486,
,6170,385,,0.29438135027885437,
,6171,385,,0.29197627305984497,
,6172,385,,0.29999175667762756,
,6173,385,,0.28251564502716064,
,6174,385,,0.22788220643997192,
,6175,385,,0.20986130833625793,
6176,,386,0.9088146090507507,,
6177,,386,0.4569021463394165,,
6178,,386,0.5231024026870728,,
6179,,386,0.754423975944519,,
6180,,386,0.8495831489562988,,
6181,,386,0.9152688980102539,,
6182,,386,0.7568879127502441,,
6183,,386,0.8413915634155273,,
6184,,386,0.6066538095474243,,
6185,,386,1.2989096641540527,,
6186,,386,1.1743531227111816,,
6187,,386,0.601293683052063,,
6188,,386,0.5634258985519409,,
6189,,386,0.5434137582778931,,
6190,,386,0.5834686756134033,,
6191,,386,0.534408688545227,,
,6176,386,,0.27686822414398193,
,6177,386,,0.21040520071983337,
,6178,386,,0.27459120750427246,
,6179,386,,0.3018156588077545,
,6180,386,,0.2934816777706146,
,6181,386,,0.364964097738266,
,6182,386,,0.24280712008476257,
,6183,386,,0.20112662017345428,
,6184,386,,0.2279578298330307,
,6185,386,,0.19545452296733856,
,6186,386,,0.21893540024757385,
,6187,386,,0.41555309295654297,
,6188,386,,0.25726547837257385,
,6189,386,,0.32210832834243774,
,6190,386,,0.22021573781967163,
,6191,386,,0.3048001825809479,
6192,,387,0.6485352516174316,,
6193,,387,0.6693280935287476,,
6194,,387,1.5451178550720215,,
6195,,387,0.9228105545043945,,
6196,,387,0.2625589966773987,,
6197,,387,0.7166733741760254,,
6198,,387,0.6020479202270508,,
6199,,387,0.7613789439201355,,
6200,,387,0.6037229895591736,,
6201,,387,0.7503446936607361,,
6202,,387,0.603196382522583,,
6203,,387,0.9295827746391296,,
6204,,387,0.36486539244651794,,
6205,,387,0.9998623728752136,,
6206,,387,0.3224555552005768,,
6207,,387,0.9415303468704224,,
,6192,387,,0.3511309325695038,
,6193,387,,0.2803126275539398,
,6194,387,,0.22959816455841064,
,6195,387,,0.19103875756263733,
,6196,387,,0.3729446530342102,
,6197,387,,0.35535162687301636,
,6198,387,,0.29531246423721313,
,6199,387,,0.264326274394989,
,6200,387,,0.29445987939834595,
,6201,387,,0.34037864208221436,
,6202,387,,0.3296733796596527,
,6203,387,,0.3632662296295166,
,6204,387,,0.21786805987358093,
,6205,387,,0.2328992336988449,
,6206,387,,0.3336524963378906,
,6207,387,,0.3008663058280945,
6208,,388,0.533747673034668,,
6209,,388,1.5594772100448608,,
6210,,388,0.6744438409805298,,
6211,,388,0.9247660040855408,,
6212,,388,1.506171703338623,,
6213,,388,0.5322191715240479,,
6214,,388,0.9112586975097656,,
6215,,388,0.618060827255249,,
6216,,388,0.8046929240226746,,
6217,,388,1.1703280210494995,,
6218,,388,0.9899932742118835,,
6219,,388,1.226881504058838,,
6220,,388,1.111518144607544,,
6221,,388,0.36761757731437683,,
6222,,388,1.0133230686187744,,
6223,,388,0.6724116206169128,,
,6208,388,,0.37242087721824646,
,6209,388,,0.19627182185649872,
,6210,388,,0.25718340277671814,
,6211,388,,0.29266393184661865,
,6212,388,,0.2775026261806488,
,6213,388,,0.34492966532707214,
,6214,388,,0.22444812953472137,
,6215,388,,0.24656584858894348,
,6216,388,,0.3275028467178345,
,6217,388,,0.2639922797679901,
,6218,388,,0.3141258656978607,
,6219,388,,0.2107473611831665,
,6220,388,,0.3392869830131531,
,6221,388,,0.3710920214653015,
,6222,388,,0.31013596057891846,
,6223,388,,0.32384178042411804,
6224,,389,0.905433177947998,,
6225,,389,0.5404214859008789,,
6226,,389,0.6737217903137207,,
6227,,389,0.44660311937332153,,
6228,,389,1.1374807357788086,,
6229,,389,0.5204634666442871,,
6230,,389,0.3540937304496765,,
6231,,389,0.8334641456604004,,
6232,,389,0.5474775433540344,,
6233,,389,0.40931349992752075,,
6234,,389,0.39636296033859253,,
6235,,389,1.155092716217041,,
6236,,389,0.6713265180587769,,
6237,,389,0.6065750122070312,,
6238,,389,0.5891357064247131,,
6239,,389,0.5660915374755859,,
,6224,389,,0.22749701142311096,
,6225,389,,0.2640812397003174,
,6226,389,,0.23609161376953125,
,6227,389,,0.3024073839187622,
,6228,389,,0.3069065809249878,
,6229,389,,0.31826937198638916,
,6230,389,,0.31977394223213196,
,6231,389,,0.2097449004650116,
,6232,389,,0.20754370093345642,
,6233,389,,0.3013284206390381,
,6234,389,,0.25792980194091797,
,6235,389,,0.287200927734375,
,6236,389,,0.35341423749923706,
,6237,389,,0.3267672657966614,
,6238,389,,0.2305394411087036,
,6239,389,,0.40125688910484314,
6240,,390,0.7988367080688477,,
6241,,390,0.6125202178955078,,
6242,,390,0.7211763858795166,,
6243,,390,0.7172045707702637,,
6244,,390,1.6346896886825562,,
6245,,390,0.2730889320373535,,
6246,,390,0.6319169402122498,,
6247,,390,1.3507158756256104,,
6248,,390,0.5900862812995911,,
6249,,390,0.8481229543685913,,
6250,,390,0.7061895728111267,,
6251,,390,0.8080843687057495,,
6252,,390,0.8245644569396973,,
6253,,390,1.028337836265564,,
6254,,390,0.9025661945343018,,
6255,,390,0.5693788528442383,,
,6240,390,,0.2820504605770111,
,6241,390,,0.29094621539115906,
,6242,390,,0.30635103583335876,
,6243,390,,0.28425833582878113,
,6244,390,,0.45488452911376953,
,6245,390,,0.35760506987571716,
,6246,390,,0.23801195621490479,
,6247,390,,0.35371488332748413,
,6248,390,,0.24130824208259583,
,6249,390,,0.22152899205684662,
,6250,390,,0.3729337155818939,
,6251,390,,0.2466602325439453,
,6252,390,,0.2651826739311218,
,6253,390,,0.28412970900535583,
,6254,390,,0.3310328722000122,
,6255,390,,0.2122384011745453,
6256,,391,0.5685632228851318,,
6257,,391,1.0908585786819458,,
6258,,391,0.6474781036376953,,
6259,,391,0.6085638999938965,,
6260,,391,0.476473867893219,,
6261,,391,0.7795991897583008,,
6262,,391,1.6535347700119019,,
6263,,391,1.0345251560211182,,
6264,,391,1.037009835243225,,
6265,,391,0.9663494825363159,,
6266,,391,1.0794039964675903,,
6267,,391,0.9521844387054443,,
6268,,391,0.577246367931366,,
6269,,391,0.7368725538253784,,
6270,,391,0.6587460041046143,,
6271,,391,0.8577780723571777,,
,6256,391,,0.38140472769737244,
,6257,391,,0.49737662076950073,
,6258,391,,0.3011418581008911,
,6259,391,,0.31609734892845154,
,6260,391,,0.2583502531051636,
,6261,391,,0.2432347536087036,
,6262,391,,0.2942310571670532,
,6263,391,,0.18722426891326904,
,6264,391,,0.3032771944999695,
,6265,391,,0.3123002052307129,
,6266,391,,0.33089011907577515,
,6267,391,,0.47388869524002075,
,6268,391,,0.4076806902885437,
,6269,391,,0.26820555329322815,
,6270,391,,0.19802173972129822,
,6271,391,,0.2964499592781067,
6272,,392,0.48397907614707947,,
6273,,392,0.9211112260818481,,
6274,,392,0.7846195697784424,,
6275,,392,0.8037854433059692,,
6276,,392,0.8464512825012207,,
6277,,392,1.1963088512420654,,
6278,,392,0.8901287913322449,,
6279,,392,1.0259089469909668,,
6280,,392,0.48300838470458984,,
6281,,392,0.6254696249961853,,
6282,,392,0.5627766251564026,,
6283,,392,0.6277993321418762,,
6284,,392,0.9084615707397461,,
6285,,392,1.4136593341827393,,
6286,,392,0.31154757738113403,,
6287,,392,0.8360573053359985,,
,6272,392,,0.32615506649017334,
,6273,392,,0.34734687209129333,
,6274,392,,0.3000956177711487,
,6275,392,,0.2530021667480469,
,6276,392,,0.2786277234554291,
,6277,392,,0.23986577987670898,
,6278,392,,0.2580573558807373,
,6279,392,,0.2874738574028015,
,6280,392,,0.19793611764907837,
,6281,392,,0.2644655704498291,
,6282,392,,0.27823004126548767,
,6283,392,,0.33145540952682495,
,6284,392,,0.3769758641719818,
,6285,392,,0.2289774864912033,
,6286,392,,0.4198726415634155,
,6287,392,,0.36494728922843933,
6288,,393,1.1033982038497925,,
6289,,393,0.7876418828964233,,
6290,,393,0.6884490847587585,,
6291,,393,0.6007991433143616,,
6292,,393,0.757216215133667,,
6293,,393,1.0153605937957764,,
6294,,393,0.6261930465698242,,
6295,,393,0.5058844089508057,,
6296,,393,0.5246986150741577,,
6297,,393,0.6132253408432007,,
6298,,393,0.26215696334838867,,
6299,,393,0.8361529111862183,,
6300,,393,0.30787310004234314,,
6301,,393,0.2753906846046448,,
6302,,393,0.8729395866394043,,
6303,,393,0.26277783513069153,,
,6288,393,,0.3326250910758972,
,6289,393,,0.2936443090438843,
,6290,393,,0.35708460211753845,
,6291,393,,0.2914275527000427,
,6292,393,,0.2186567783355713,
,6293,393,,0.2563736140727997,
,6294,393,,0.40145954489707947,
,6295,393,,0.3169202208518982,
,6296,393,,0.19397799670696259,
,6297,393,,0.37996745109558105,
,6298,393,,0.27029383182525635,
,6299,393,,0.38215625286102295,
,6300,393,,0.26717638969421387,
,6301,393,,0.28076261281967163,
,6302,393,,0.30477139353752136,
,6303,393,,0.375394344329834,
6304,,394,0.4186331629753113,,
6305,,394,0.8979849219322205,,
6306,,394,1.3207433223724365,,
6307,,394,0.6661283373832703,,
6308,,394,0.813139796257019,,
6309,,394,0.6805565357208252,,
6310,,394,0.3596629500389099,,
6311,,394,0.704436182975769,,
6312,,394,0.6665371656417847,,
6313,,394,0.8227733373641968,,
6314,,394,1.7132060527801514,,
6315,,394,0.47325941920280457,,
6316,,394,0.49060747027397156,,
6317,,394,1.0181635618209839,,
6318,,394,0.8045868277549744,,
6319,,394,1.1652476787567139,,
,6304,394,,0.2671259343624115,
,6305,394,,0.19156324863433838,
,6306,394,,0.26954206824302673,
,6307,394,,0.32034194469451904,
,6308,394,,0.3216761350631714,
,6309,394,,0.2906208038330078,
,6310,394,,0.2507426142692566,
,6311,394,,0.2504142224788666,
,6312,394,,0.2945184111595154,
,6313,394,,0.2876545190811157,
,6314,394,,0.28268489241600037,
,6315,394,,0.22173428535461426,
,6316,394,,0.41143903136253357,
,6317,394,,0.2870211601257324,
,6318,394,,0.23646828532218933,
,6319,394,,0.27641648054122925,
6320,,395,0.7174854278564453,,
6321,,395,1.2002873420715332,,
6322,,395,1.0894865989685059,,
6323,,395,0.5269225835800171,,
6324,,395,0.3575425148010254,,
6325,,395,0.891088604927063,,
6326,,395,0.6206079721450806,,
6327,,395,0.5388942956924438,,
6328,,395,0.3437888026237488,,
6329,,395,0.8965901136398315,,
6330,,395,0.6301779747009277,,
6331,,395,1.1063896417617798,,
6332,,395,0.6842383146286011,,
6333,,395,0.6840604543685913,,
6334,,395,0.6541893482208252,,
6335,,395,0.6202808618545532,,
,6320,395,,0.29586562514305115,
,6321,395,,0.30034488439559937,
,6322,395,,0.27389732003211975,
,6323,395,,0.23025593161582947,
,6324,395,,0.23490947484970093,
,6325,395,,0.3034065365791321,
,6326,395,,0.2621404528617859,
,6327,395,,0.309316486120224,
,6328,395,,0.19058644771575928,
,6329,395,,0.3597792983055115,
,6330,395,,0.30417078733444214,
,6331,395,,0.3011423647403717,
,6332,395,,0.2616475522518158,
,6333,395,,0.3289787769317627,
,6334,395,,0.3542402684688568,
,6335,395,,0.38722237944602966,
6336,,396,0.5554072856903076,,
6337,,396,1.5611848831176758,,
6338,,396,0.2567630112171173,,
6339,,396,0.3251122236251831,,
6340,,396,0.5295843482017517,,
6341,,396,0.6622027158737183,,
6342,,396,0.8819834589958191,,
6343,,396,0.512372612953186,,
6344,,396,0.5243523716926575,,
6345,,396,1.0227617025375366,,
6346,,396,0.328451931476593,,
6347,,396,0.91436767578125,,
6348,,396,0.46446356177330017,,
6349,,396,0.6820504665374756,,
6350,,396,0.5440493822097778,,
6351,,396,0.47266411781311035,,
,6336,396,,0.2401060312986374,
,6337,396,,0.20223842561244965,
,6338,396,,0.24772924184799194,
,6339,396,,0.2153032273054123,
,6340,396,,0.3466460704803467,
,6341,396,,0.23316916823387146,
,6342,396,,0.18873833119869232,
,6343,396,,0.27282199263572693,
,6344,396,,0.47238385677337646,
,6345,396,,0.3322587311267853,
,6346,396,,0.29947328567504883,
,6347,396,,0.22464340925216675,
,6348,396,,0.2521841526031494,
,6349,396,,0.34213170409202576,
,6350,396,,0.27172040939331055,
,6351,396,,0.35429900884628296,
6352,,397,0.3424888253211975,,
6353,,397,0.7130627036094666,,
6354,,397,0.7175272703170776,,
6355,,397,0.7926672697067261,,
6356,,397,0.5413104295730591,,
6357,,397,0.9470659494400024,,
6358,,397,0.7944564819335938,,
6359,,397,0.7492812871932983,,
6360,,397,0.9578646421432495,,
6361,,397,0.6777071356773376,,
6362,,397,0.3179340660572052,,
6363,,397,0.7676429748535156,,
6364,,397,0.4681069850921631,,
6365,,397,0.907799243927002,,
6366,,397,0.7237453460693359,,
6367,,397,0.8459669947624207,,
,6352,397,,0.3024730086326599,
,6353,397,,0.1893824189901352,
,6354,397,,0.2662976384162903,
,6355,397,,0.2812739908695221,
,6356,397,,0.3030242919921875,
,6357,397,,0.2485310435295105,
,6358,397,,0.218773752450943,
,6359,397,,0.2754449248313904,
,6360,397,,0.31925928592681885,
,6361,397,,0.33531951904296875,
,6362,397,,0.24681413173675537,
,6363,397,,0.2409571409225464,
,6364,397,,0.2976900041103363,
,6365,397,,0.368945837020874,
,6366,397,,0.3457335829734802,
,6367,397,,0.2668033242225647,
6368,,398,0.45957422256469727,,
6369,,398,0.9595719575881958,,
6370,,398,0.6489399671554565,,
6371,,398,0.7992550730705261,,
6372,,398,0.9214900732040405,,
6373,,398,0.9019325971603394,,
6374,,398,0.7927308082580566,,
6375,,398,0.33785054087638855,,
6376,,398,0.66783207654953,,
6377,,398,0.7046297788619995,,
6378,,398,0.4927419126033783,,
6379,,398,1.2448546886444092,,
6380,,398,0.5966756343841553,,
6381,,398,0.7490079402923584,,
6382,,398,0.42517703771591187,,
6383,,398,0.6262351870536804,,
,6368,398,,0.28816738724708557,
,6369,398,,0.32586055994033813,
,6370,398,,0.28350675106048584,
,6371,398,,0.29082968831062317,
,6372,398,,0.22593414783477783,
,6373,398,,0.2211974710226059,
,6374,398,,0.3109770119190216,
,6375,398,,0.2888210713863373,
,6376,398,,0.21138350665569305,
,6377,398,,0.2511298656463623,
,6378,398,,0.36907345056533813,
,6379,398,,0.256480872631073,
,6380,398,,0.3656070828437805,
,6381,398,,0.26988205313682556,
,6382,398,,0.3097618818283081,
,6383,398,,0.2607799768447876,
6384,,399,0.9768556952476501,,
6385,,399,1.1174142360687256,,
6386,,399,0.30508291721343994,,
6387,,399,0.4480784833431244,,
6388,,399,0.6405870914459229,,
6389,,399,0.8412885665893555,,
6390,,399,0.4954856336116791,,
6391,,399,0.7298185229301453,,
6392,,399,0.47822684049606323,,
6393,,399,0.6046444177627563,,
6394,,399,0.4041028916835785,,
6395,,399,0.5783858299255371,,
6396,,399,0.6066818237304688,,
6397,,399,0.5848138332366943,,
6398,,399,0.7363446950912476,,
6399,,399,0.43655309081077576,,
,6384,399,,0.25299546122550964,
,6385,399,,0.3357054889202118,
,6386,399,,0.3153935372829437,
,6387,399,,0.29321351647377014,
,6388,399,,0.20511691272258759,
,6389,399,,0.31358933448791504,
,6390,399,,0.26904791593551636,
,6391,399,,0.2223833054304123,
,6392,399,,0.32230207324028015,
,6393,399,,0.22511307895183563,
,6394,399,,0.2941572368144989,
,6395,399,,0.3038400709629059,
,6396,399,,0.26349160075187683,
,6397,399,,0.21946953237056732,
,6398,399,,0.4808565378189087,
,6399,399,,0.2688971161842346,
6400,,400,0.9057434797286987,,
6401,,400,1.3331326246261597,,
6402,,400,0.9345633387565613,,
6403,,400,0.6488487720489502,,
6404,,400,0.3237319588661194,,
6405,,400,0.43906447291374207,,
6406,,400,0.9517076015472412,,
6407,,400,0.7159651517868042,,
6408,,400,0.662624716758728,,
6409,,400,0.5658049583435059,,
6410,,400,0.4675785303115845,,
6411,,400,0.5399150252342224,,
6412,,400,1.1691498756408691,,
6413,,400,0.8521436452865601,,
6414,,400,0.25635799765586853,,
6415,,400,0.7554174661636353,,
,6400,400,,0.2347894161939621,
,6401,400,,0.20226427912712097,
,6402,400,,0.2520639896392822,
,6403,400,,0.21099278330802917,
,6404,400,,0.248922199010849,
,6405,400,,0.274349570274353,
,6406,400,,0.31077611446380615,
,6407,400,,0.23764783143997192,
,6408,400,,0.2304651439189911,
,6409,400,,0.28415417671203613,
,6410,400,,0.2515712380409241,
,6411,400,,0.25029146671295166,
,6412,400,,0.2190168797969818,
,6413,400,,0.252115935087204,
,6414,400,,0.2640553116798401,
,6415,400,,0.18927082419395447,
6416,,401,1.0557994842529297,,
6417,,401,0.610816478729248,,
6418,,401,0.21817724406719208,,
6419,,401,0.832671046257019,,
6420,,401,0.6050325632095337,,
6421,,401,1.2096948623657227,,
6422,,401,0.2989256978034973,,
6423,,401,0.695734441280365,,
6424,,401,0.9230412840843201,,
6425,,401,0.8672921657562256,,
6426,,401,1.059164047241211,,
6427,,401,0.5498290061950684,,
6428,,401,0.5849695205688477,,
6429,,401,0.7545356750488281,,
6430,,401,0.29132771492004395,,
6431,,401,0.8024564981460571,,
,6416,401,,0.23527459800243378,
,6417,401,,0.21135716140270233,
,6418,401,,0.222123384475708,
,6419,401,,0.2815403342247009,
,6420,401,,0.19808146357536316,
,6421,401,,0.33080798387527466,
,6422,401,,0.21084462106227875,
,6423,401,,0.2457287311553955,
,6424,401,,0.2993243336677551,
,6425,401,,0.30217665433883667,
,6426,401,,0.33447545766830444,
,6427,401,,0.3870210349559784,
,6428,401,,0.383793443441391,
,6429,401,,0.20153775811195374,
,6430,401,,0.2187507152557373,
,6431,401,,0.20241491496562958,
6432,,402,0.7546858787536621,,
6433,,402,0.846062183380127,,
6434,,402,0.6656185984611511,,
6435,,402,0.8800641894340515,,
6436,,402,0.8904075622558594,,
6437,,402,0.5627098679542542,,
6438,,402,1.054301381111145,,
6439,,402,0.7952723503112793,,
6440,,402,1.048441767692566,,
6441,,402,0.6985619068145752,,
6442,,402,1.2847431898117065,,
6443,,402,1.2652195692062378,,
6444,,402,1.172551155090332,,
6445,,402,0.3586498498916626,,
6446,,402,1.0151050090789795,,
6447,,402,0.7629685401916504,,
,6432,402,,0.29573434591293335,
,6433,402,,0.23615610599517822,
,6434,402,,0.2330659031867981,
,6435,402,,0.2939837574958801,
,6436,402,,0.25013720989227295,
,6437,402,,0.31780701875686646,
,6438,402,,0.28536319732666016,
,6439,402,,0.3166913688182831,
,6440,402,,0.32724225521087646,
,6441,402,,0.311625212430954,
,6442,402,,0.2851026654243469,
,6443,402,,0.25943273305892944,
,6444,402,,0.30952954292297363,
,6445,402,,0.2173679918050766,
,6446,402,,0.37769052386283875,
,6447,402,,0.2193070948123932,
6448,,403,0.7443320155143738,,
6449,,403,0.6648625135421753,,
6450,,403,0.49595150351524353,,
6451,,403,1.0451271533966064,,
6452,,403,0.4046000838279724,,
6453,,403,1.066063404083252,,
6454,,403,0.2849549949169159,,
6455,,403,1.0071322917938232,,
6456,,403,0.3156369924545288,,
6457,,403,0.4215730130672455,,
6458,,403,1.1035549640655518,,
6459,,403,0.9512513875961304,,
6460,,403,0.649395227432251,,
6461,,403,0.5983651876449585,,
6462,,403,0.8701559901237488,,
6463,,403,0.639042854309082,,
,6448,403,,0.2605147957801819,
,6449,403,,0.31163281202316284,
,6450,403,,0.28805971145629883,
,6451,403,,0.32390767335891724,
,6452,403,,0.2783603072166443,
,6453,403,,0.4606175124645233,
,6454,403,,0.26957160234451294,
,6455,403,,0.3307947516441345,
,6456,403,,0.26682358980178833,
,6457,403,,0.24120651185512543,
,6458,403,,0.32968670129776,
,6459,403,,0.2665487229824066,
,6460,403,,0.31577086448669434,
,6461,403,,0.270690381526947,
,6462,403,,0.36430931091308594,
,6463,403,,0.37076330184936523,
6464,,404,0.7137205004692078,,
6465,,404,1.1413973569869995,,
6466,,404,1.0126113891601562,,
6467,,404,0.9301395416259766,,
6468,,404,0.6133565306663513,,
6469,,404,0.8081499934196472,,
6470,,404,0.5679246783256531,,
6471,,404,1.1557905673980713,,
6472,,404,0.2852742373943329,,
6473,,404,0.7078408002853394,,
6474,,404,0.591726541519165,,
6475,,404,0.9996960163116455,,
6476,,404,0.6666876077651978,,
6477,,404,0.7114394903182983,,
6478,,404,0.5636651515960693,,
6479,,404,1.0887956619262695,,
,6464,404,,0.2801752984523773,
,6465,404,,0.18665888905525208,
,6466,404,,0.2731662690639496,
,6467,404,,0.23481902480125427,
,6468,404,,0.3720749318599701,
,6469,404,,0.3149664103984833,
,6470,404,,0.27587562799453735,
,6471,404,,0.2773261070251465,
,6472,404,,0.22810709476470947,
,6473,404,,0.23953095078468323,
,6474,404,,0.25404736399650574,
,6475,404,,0.2545073926448822,
,6476,404,,0.3310003876686096,
,6477,404,,0.2972315549850464,
,6478,404,,0.4759935736656189,
,6479,404,,0.30596524477005005,
6480,,405,0.965510368347168,,
6481,,405,0.7310895323753357,,
6482,,405,0.5382634997367859,,
6483,,405,0.9225255250930786,,
6484,,405,1.4094362258911133,,
6485,,405,0.3960449695587158,,
6486,,405,0.4298761785030365,,
6487,,405,0.67973792552948,,
6488,,405,0.5676387548446655,,
6489,,405,0.6437826156616211,,
6490,,405,0.6908370852470398,,
6491,,405,0.7517784833908081,,
6492,,405,0.8537302017211914,,
6493,,405,0.5183812379837036,,
6494,,405,0.6056130528450012,,
6495,,405,0.39993607997894287,,
,6480,405,,0.2417445182800293,
,6481,405,,0.23370489478111267,
,6482,405,,0.2957391142845154,
,6483,405,,0.3202161192893982,
,6484,405,,0.37458738684654236,
,6485,405,,0.4228666424751282,
,6486,405,,0.2601841688156128,
,6487,405,,0.2823391854763031,
,6488,405,,0.4169574975967407,
,6489,405,,0.28556403517723083,
,6490,405,,0.2537430226802826,
,6491,405,,0.3048722743988037,
,6492,405,,0.23341599106788635,
,6493,405,,0.34691309928894043,
,6494,405,,0.3202381730079651,
,6495,405,,0.2440488636493683,
6496,,406,0.42738303542137146,,
6497,,406,1.205640435218811,,
6498,,406,1.0824556350708008,,
6499,,406,0.663407027721405,,
6500,,406,0.4381962716579437,,
6501,,406,0.32436442375183105,,
6502,,406,0.8718159198760986,,
6503,,406,0.8613910675048828,,
6504,,406,0.9109777212142944,,
6505,,406,0.6601157188415527,,
6506,,406,0.5035794377326965,,
6507,,406,0.40114909410476685,,
6508,,406,0.4167500138282776,,
6509,,406,0.9152290225028992,,
6510,,406,0.9522985816001892,,
6511,,406,0.6966290473937988,,
,6496,406,,0.2800210416316986,
,6497,406,,0.2347569763660431,
,6498,406,,0.26344794034957886,
,6499,406,,0.25610655546188354,
,6500,406,,0.30965280532836914,
,6501,406,,0.23975908756256104,
,6502,406,,0.34116095304489136,
,6503,406,,0.2929604649543762,
,6504,406,,0.3764162063598633,
,6505,406,,0.34883832931518555,
,6506,406,,0.28353068232536316,
,6507,406,,0.37756502628326416,
,6508,406,,0.2722192704677582,
,6509,406,,0.3436787724494934,
,6510,406,,0.24732455611228943,
,6511,406,,0.2560443878173828,
6512,,407,0.8843919038772583,,
6513,,407,0.7448922395706177,,
6514,,407,0.35742276906967163,,
6515,,407,0.9134175777435303,,
6516,,407,0.6989976763725281,,
6517,,407,0.5563371777534485,,
6518,,407,0.3464113473892212,,
6519,,407,0.33300137519836426,,
6520,,407,0.5397756099700928,,
6521,,407,0.546958863735199,,
6522,,407,0.6191169619560242,,
6523,,407,0.8277252912521362,,
6524,,407,0.9915211200714111,,
6525,,407,0.43112367391586304,,
6526,,407,1.0365644693374634,,
6527,,407,0.5466521382331848,,
,6512,407,,0.2944549322128296,
,6513,407,,0.18687167763710022,
,6514,407,,0.22233912348747253,
,6515,407,,0.2739923596382141,
,6516,407,,0.28333646059036255,
,6517,407,,0.30638423562049866,
,6518,407,,0.3136706054210663,
,6519,407,,0.2985210418701172,
,6520,407,,0.3043074607849121,
,6521,407,,0.43933308124542236,
,6522,407,,0.29632821679115295,
,6523,407,,0.23775658011436462,
,6524,407,,0.4521622657775879,
,6525,407,,0.261891633272171,
,6526,407,,0.39024338126182556,
,6527,407,,0.2823258340358734,
6528,,408,1.2162818908691406,,
6529,,408,0.6116191148757935,,
6530,,408,0.8864588737487793,,
6531,,408,0.6025872826576233,,
6532,,408,0.3110348582267761,,
6533,,408,0.43988245725631714,,
6534,,408,0.8695007562637329,,
6535,,408,1.1583396196365356,,
6536,,408,1.1874253749847412,,
6537,,408,0.9099488258361816,,
6538,,408,0.8661428689956665,,
6539,,408,0.9036188125610352,,
6540,,408,0.7636046409606934,,
6541,,408,0.9178168773651123,,
6542,,408,0.38674792647361755,,
6543,,408,0.7561720609664917,,
,6528,408,,0.31178760528564453,
,6529,408,,0.28534185886383057,
,6530,408,,0.41904890537261963,
,6531,408,,0.2267943024635315,
,6532,408,,0.19225168228149414,
,6533,408,,0.36997827887535095,
,6534,408,,0.3378015458583832,
,6535,408,,0.255709707736969,
,6536,408,,0.2808910012245178,
,6537,408,,0.2601257264614105,
,6538,408,,0.277645081281662,
,6539,408,,0.2262595146894455,
,6540,408,,0.3581223487854004,
,6541,408,,0.36041176319122314,
,6542,408,,0.28275081515312195,
,6543,408,,0.2529882788658142,
6544,,409,0.48406314849853516,,
6545,,409,0.7894631624221802,,
6546,,409,0.6799372434616089,,
6547,,409,1.2482000589370728,,
6548,,409,1.2037060260772705,,
6549,,409,1.173306941986084,,
6550,,409,0.7715150713920593,,
6551,,409,0.813433825969696,,
6552,,409,0.4450979232788086,,
6553,,409,0.6509817838668823,,
6554,,409,1.2089457511901855,,
6555,,409,0.4964387118816376,,
6556,,409,0.6750309467315674,,
6557,,409,0.3264036774635315,,
6558,,409,0.643181562423706,,
6559,,409,0.4154641628265381,,
,6544,409,,0.28152188658714294,
,6545,409,,0.37043070793151855,
,6546,409,,0.24019849300384521,
,6547,409,,0.2925127148628235,
,6548,409,,0.2316942662000656,
,6549,409,,0.3117138147354126,
,6550,409,,0.18931615352630615,
,6551,409,,0.22347062826156616,
,6552,409,,0.3020995259284973,
,6553,409,,0.2930535078048706,
,6554,409,,0.38989752531051636,
,6555,409,,0.2946908175945282,
,6556,409,,0.43650683760643005,
,6557,409,,0.3399589955806732,
,6558,409,,0.27552178502082825,
,6559,409,,0.2840185761451721,
6560,,410,0.6578046679496765,,
6561,,410,0.8315838575363159,,
6562,,410,0.752987265586853,,
6563,,410,0.5150028467178345,,
6564,,410,0.6380073428153992,,
6565,,410,0.6046241521835327,,
6566,,410,0.555562436580658,,
6567,,410,1.2685325145721436,,
6568,,410,0.4367876946926117,,
6569,,410,0.48994168639183044,,
6570,,410,1.1222224235534668,,
6571,,410,1.4914711713790894,,
6572,,410,1.180580496788025,,
6573,,410,0.5691250562667847,,
6574,,410,0.29554301500320435,,
6575,,410,0.409839004278183,,
,6560,410,,0.23427921533584595,
,6561,410,,0.24267974495887756,
,6562,410,,0.22877614200115204,
,6563,410,,0.31901198625564575,
,6564,410,,0.25197237730026245,
,6565,410,,0.2169640064239502,
,6566,410,,0.25710374116897583,
,6567,410,,0.20402729511260986,
,6568,410,,0.21258947253227234,
,6569,410,,0.3805047869682312,
,6570,410,,0.288837194442749,
,6571,410,,0.3814616799354553,
,6572,410,,0.2226521223783493,
,6573,410,,0.3197300136089325,
,6574,410,,0.20577654242515564,
,6575,410,,0.3347555994987488,
6576,,411,0.32662662863731384,,
6577,,411,0.7481689453125,,
6578,,411,1.1111888885498047,,
6579,,411,0.6444756984710693,,
6580,,411,0.930564284324646,,
6581,,411,0.6091198921203613,,
6582,,411,1.1373023986816406,,
6583,,411,0.7776005268096924,,
6584,,411,0.37839850783348083,,
6585,,411,1.037614107131958,,
6586,,411,0.4144131541252136,,
6587,,411,1.099137306213379,,
6588,,411,0.6222673058509827,,
6589,,411,0.9559921622276306,,
6590,,411,0.8646580576896667,,
6591,,411,0.9541909694671631,,
,6576,411,,0.22375522553920746,
,6577,411,,0.3236903250217438,
,6578,411,,0.22070634365081787,
,6579,411,,0.20708748698234558,
,6580,411,,0.35516199469566345,
,6581,411,,0.2705569267272949,
,6582,411,,0.2517760097980499,
,6583,411,,0.24012646079063416,
,6584,411,,0.2792847156524658,
,6585,411,,0.3229648470878601,
,6586,411,,0.1867191195487976,
,6587,411,,0.3972589373588562,
,6588,411,,0.20729327201843262,
,6589,411,,0.230616956949234,
,6590,411,,0.21020600199699402,
,6591,411,,0.2904481589794159,
6592,,412,0.6244496703147888,,
6593,,412,0.8363957405090332,,
6594,,412,0.9473783373832703,,
6595,,412,1.1885305643081665,,
6596,,412,1.1573399305343628,,
6597,,412,0.6618301868438721,,
6598,,412,1.0049303770065308,,
6599,,412,0.23777078092098236,,
6600,,412,0.7141059637069702,,
6601,,412,0.6734275817871094,,
6602,,412,1.0092419385910034,,
6603,,412,0.8488962054252625,,
6604,,412,0.5690896511077881,,
6605,,412,0.5511988997459412,,
6606,,412,1.2165188789367676,,
6607,,412,0.9135543704032898,,
,6592,412,,0.2604092061519623,
,6593,412,,0.3012484014034271,
,6594,412,,0.26571887731552124,
,6595,412,,0.19224470853805542,
,6596,412,,0.21523527801036835,
,6597,412,,0.28593966364860535,
,6598,412,,0.37625598907470703,
,6599,412,,0.26443785429000854,
,6600,412,,0.3697197437286377,
,6601,412,,0.24575845897197723,
,6602,412,,0.3123302161693573,
,6603,412,,0.30728501081466675,
,6604,412,,0.29819196462631226,
,6605,412,,0.2784731388092041,
,6606,412,,0.3710189759731293,
,6607,412,,0.37751084566116333,
6608,,413,1.0310230255126953,,
6609,,413,1.1271295547485352,,
6610,,413,0.9323284029960632,,
6611,,413,0.9164544939994812,,
6612,,413,0.3291552662849426,,
6613,,413,0.8306161165237427,,
6614,,413,1.423317790031433,,
6615,,413,0.9086901545524597,,
6616,,413,0.8805615305900574,,
6617,,413,0.4119068384170532,,
6618,,413,0.43710196018218994,,
6619,,413,0.5305657386779785,,
6620,,413,0.9433534145355225,,
6621,,413,1.0147745609283447,,
6622,,413,0.3711894452571869,,
6623,,413,0.9220544695854187,,
,6608,413,,0.40641817450523376,
,6609,413,,0.2941734790802002,
,6610,413,,0.18818950653076172,
,6611,413,,0.2801889181137085,
,6612,413,,0.36620745062828064,
,6613,413,,0.23603390157222748,
,6614,413,,0.24954134225845337,
,6615,413,,0.28406375646591187,
,6616,413,,0.3047958314418793,
,6617,413,,0.40450140833854675,
,6618,413,,0.342142790555954,
,6619,413,,0.27660346031188965,
,6620,413,,0.36287713050842285,
,6621,413,,0.2882446348667145,
,6622,413,,0.35953637957572937,
,6623,413,,0.2305026352405548,
6624,,414,1.077146291732788,,
6625,,414,0.9764266014099121,,
6626,,414,0.4121876358985901,,
6627,,414,0.7498067617416382,,
6628,,414,0.5446889996528625,,
6629,,414,0.7575240135192871,,
6630,,414,0.6061045527458191,,
6631,,414,0.31733351945877075,,
6632,,414,0.9704897403717041,,
6633,,414,0.6160738468170166,,
6634,,414,0.6864380836486816,,
6635,,414,0.7658708095550537,,
6636,,414,0.3262181282043457,,
6637,,414,0.9271993637084961,,
6638,,414,1.2838315963745117,,
6639,,414,0.9514412879943848,,
,6624,414,,0.2876718044281006,
,6625,414,,0.21195968985557556,
,6626,414,,0.3289254307746887,
,6627,414,,0.43936413526535034,
,6628,414,,0.26961857080459595,
,6629,414,,0.30322951078414917,
,6630,414,,0.2333378791809082,
,6631,414,,0.19232428073883057,
,6632,414,,0.3551611304283142,
,6633,414,,0.3278751075267792,
,6634,414,,0.3125312030315399,
,6635,414,,0.2756721079349518,
,6636,414,,0.313021719455719,
,6637,414,,0.37729009985923767,
,6638,414,,0.24171581864356995,
,6639,414,,0.3872454762458801,
6640,,415,0.22194713354110718,,
6641,,415,0.5496313571929932,,
6642,,415,0.7707141637802124,,
6643,,415,0.317984938621521,,
6644,,415,1.087636947631836,,
6645,,415,0.722994327545166,,
6646,,415,0.52587890625,,
6647,,415,0.8569141626358032,,
6648,,415,0.7966704368591309,,
6649,,415,1.165885329246521,,
6650,,415,0.6354914307594299,,
6651,,415,0.4760371148586273,,
6652,,415,0.8221933841705322,,
6653,,415,0.7601441144943237,,
6654,,415,0.881452739238739,,
6655,,415,0.6800476312637329,,
,6640,415,,0.23838290572166443,
,6641,415,,0.22307002544403076,
,6642,415,,0.22245952486991882,
,6643,415,,0.2385166883468628,
,6644,415,,0.2225801646709442,
,6645,415,,0.39723312854766846,
,6646,415,,0.35232019424438477,
,6647,415,,0.26805317401885986,
,6648,415,,0.26546937227249146,
,6649,415,,0.38569197058677673,
,6650,415,,0.2545885443687439,
,6651,415,,0.3249363303184509,
,6652,415,,0.2148953378200531,
,6653,415,,0.29285258054733276,
,6654,415,,0.3569612205028534,
,6655,415,,0.2083292454481125,
6656,,416,0.6308064460754395,,
6657,,416,0.8814367055892944,,
6658,,416,0.6659555435180664,,
6659,,416,0.6062917113304138,,
6660,,416,0.7648705244064331,,
6661,,416,0.35842347145080566,,
6662,,416,1.062026023864746,,
6663,,416,0.48594292998313904,,
6664,,416,0.5278739333152771,,
6665,,416,0.6701599359512329,,
6666,,416,1.1089825630187988,,
6667,,416,0.47845229506492615,,
6668,,416,0.8067557215690613,,
6669,,416,0.3786490559577942,,
6670,,416,1.8094552755355835,,
6671,,416,0.9235879182815552,,
,6656,416,,0.2813153862953186,
,6657,416,,0.32797569036483765,
,6658,416,,0.3584856688976288,
,6659,416,,0.21664075553417206,
,6660,416,,0.25326237082481384,
,6661,416,,0.21338562667369843,
,6662,416,,0.2146683931350708,
,6663,416,,0.25755083560943604,
,6664,416,,0.2921798825263977,
,6665,416,,0.33425864577293396,
,6666,416,,0.2933923006057739,
,6667,416,,0.3060545027256012,
,6668,416,,0.3007192313671112,
,6669,416,,0.2681739330291748,
,6670,416,,0.19734184443950653,
,6671,416,,0.2692722678184509,
6672,,417,1.1344935894012451,,
6673,,417,0.8144692778587341,,
6674,,417,0.8469797372817993,,
6675,,417,0.6477890014648438,,
6676,,417,1.218613862991333,,
6677,,417,0.7961971163749695,,
6678,,417,0.7039195895195007,,
6679,,417,0.6438096761703491,,
6680,,417,1.0165534019470215,,
6681,,417,0.7927497625350952,,
6682,,417,0.4701254963874817,,
6683,,417,0.42153793573379517,,
6684,,417,0.6408337950706482,,
6685,,417,0.8146036863327026,,
6686,,417,0.8158060312271118,,
6687,,417,0.6052553653717041,,
,6672,417,,0.2950512766838074,
,6673,417,,0.32599937915802,
,6674,417,,0.24968954920768738,
,6675,417,,0.2957383692264557,
,6676,417,,0.31526410579681396,
,6677,417,,0.26891398429870605,
,6678,417,,0.32127952575683594,
,6679,417,,0.19458651542663574,
,6680,417,,0.23211798071861267,
,6681,417,,0.2813326120376587,
,6682,417,,0.27737224102020264,
,6683,417,,0.3152574896812439,
,6684,417,,0.35150688886642456,
,6685,417,,0.3640217185020447,
,6686,417,,0.30150967836380005,
,6687,417,,0.2933635711669922,
6688,,418,0.5771563053131104,,
6689,,418,0.7214674949645996,,
6690,,418,0.4166657328605652,,
6691,,418,1.0340666770935059,,
6692,,418,0.6171164512634277,,
6693,,418,1.2046540975570679,,
6694,,418,0.8794384002685547,,
6695,,418,0.9263185858726501,,
6696,,418,0.8129363059997559,,
6697,,418,0.5981411933898926,,
6698,,418,0.7977904081344604,,
6699,,418,1.0769745111465454,,
6700,,418,0.8900133371353149,,
6701,,418,0.5984610319137573,,
6702,,418,0.4787611961364746,,
6703,,418,1.07188880443573,,
,6688,418,,0.2799089550971985,
,6689,418,,0.31000131368637085,
,6690,418,,0.2603912353515625,
,6691,418,,0.25943171977996826,
,6692,418,,0.265291690826416,
,6693,418,,0.34291690587997437,
,6694,418,,0.23493692278862,
,6695,418,,0.3356139063835144,
,6696,418,,0.19574987888336182,
,6697,418,,0.31911009550094604,
,6698,418,,0.27626535296440125,
,6699,418,,0.21219532191753387,
,6700,418,,0.312908411026001,
,6701,418,,0.1897735595703125,
,6702,418,,0.37446874380111694,
,6703,418,,0.2628544569015503,
6704,,419,0.39228373765945435,,
6705,,419,1.1112864017486572,,
6706,,419,0.9881917834281921,,
6707,,419,0.9465698003768921,,
6708,,419,0.5717147588729858,,
6709,,419,0.36416542530059814,,
6710,,419,0.45712706446647644,,
6711,,419,1.311948537826538,,
6712,,419,0.6350857019424438,,
6713,,419,1.2266032695770264,,
6714,,419,0.538425862789154,,
6715,,419,1.2611446380615234,,
6716,,419,0.5635625720024109,,
6717,,419,1.0043542385101318,,
6718,,419,1.8093194961547852,,
6719,,419,0.30982813239097595,,
,6704,419,,0.30066773295402527,
,6705,419,,0.2540186643600464,
,6706,419,,0.37020671367645264,
,6707,419,,0.21027040481567383,
,6708,419,,0.4435969293117523,
,6709,419,,0.22319135069847107,
,6710,419,,0.2798348665237427,
,6711,419,,0.32507777214050293,
,6712,419,,0.44404396414756775,
,6713,419,,0.35484811663627625,
,6714,419,,0.2846679389476776,
,6715,419,,0.32690250873565674,
,6716,419,,0.277012437582016,
,6717,419,,0.3865959644317627,
,6718,419,,0.32903462648391724,
,6719,419,,0.28759169578552246,
6720,,420,0.9383018016815186,,
6721,,420,0.6647154092788696,,
6722,,420,0.383932888507843,,
6723,,420,1.2108224630355835,,
6724,,420,0.4613898992538452,,
6725,,420,0.4023606777191162,,
6726,,420,0.32074007391929626,,
6727,,420,0.7397935390472412,,
6728,,420,0.794454038143158,,
6729,,420,0.35582610964775085,,
6730,,420,1.581773042678833,,
6731,,420,0.3204408288002014,,
6732,,420,0.5620629191398621,,
6733,,420,0.5470884442329407,,
6734,,420,0.5906570553779602,,
6735,,420,0.9023013114929199,,
,6720,420,,0.3223731517791748,
,6721,420,,0.29994863271713257,
,6722,420,,0.269259512424469,
,6723,420,,0.24429595470428467,
,6724,420,,0.2860163450241089,
,6725,420,,0.25421422719955444,
,6726,420,,0.27166512608528137,
,6727,420,,0.29380643367767334,
,6728,420,,0.20730170607566833,
,6729,420,,0.2414875030517578,
,6730,420,,0.24845659732818604,
,6731,420,,0.2677707076072693,
,6732,420,,0.3751918077468872,
,6733,420,,0.30233532190322876,
,6734,420,,0.3121664226055145,
,6735,420,,0.2650224268436432,
6736,,421,0.9403199553489685,,
6737,,421,0.6374619007110596,,
6738,,421,0.6852304339408875,,
6739,,421,1.194482684135437,,
6740,,421,0.9690157771110535,,
6741,,421,0.6433420181274414,,
6742,,421,1.5849523544311523,,
6743,,421,0.49315446615219116,,
6744,,421,1.0339665412902832,,
6745,,421,0.44545039534568787,,
6746,,421,0.32381880283355713,,
6747,,421,1.0606071949005127,,
6748,,421,0.8194758892059326,,
6749,,421,0.5812909603118896,,
6750,,421,0.7759168148040771,,
6751,,421,0.8304047584533691,,
,6736,421,,0.32300621271133423,
,6737,421,,0.2084367871284485,
,6738,421,,0.4664149880409241,
,6739,421,,0.22026675939559937,
,6740,421,,0.4399586617946625,
,6741,421,,0.23050056397914886,
,6742,421,,0.4703142046928406,
,6743,421,,0.33390843868255615,
,6744,421,,0.2720804810523987,
,6745,421,,0.27507835626602173,
,6746,421,,0.27653616666793823,
,6747,421,,0.3000492453575134,
,6748,421,,0.36664414405822754,
,6749,421,,0.19503942131996155,
,6750,421,,0.31924664974212646,
,6751,421,,0.31822848320007324,
6752,,422,0.3251161277294159,,
6753,,422,1.3451144695281982,,
6754,,422,0.7519667148590088,,
6755,,422,0.7851437330245972,,
6756,,422,0.8415817022323608,,
6757,,422,0.6045316457748413,,
6758,,422,0.7588931918144226,,
6759,,422,0.33557361364364624,,
6760,,422,1.0121636390686035,,
6761,,422,1.2253220081329346,,
6762,,422,0.8767873644828796,,
6763,,422,0.7039219737052917,,
6764,,422,0.9158225059509277,,
6765,,422,0.9648007154464722,,
6766,,422,0.8934307098388672,,
6767,,422,1.0641298294067383,,
,6752,422,,0.1927734911441803,
,6753,422,,0.33606666326522827,
,6754,422,,0.32204025983810425,
,6755,422,,0.23505356907844543,
,6756,422,,0.2835153043270111,
,6757,422,,0.2605530023574829,
,6758,422,,0.2733061909675598,
,6759,422,,0.26539894938468933,
,6760,422,,0.275428831577301,
,6761,422,,0.25054967403411865,
,6762,422,,0.3382795751094818,
,6763,422,,0.26305657625198364,
,6764,422,,0.2805066704750061,
,6765,422,,0.2184848040342331,
,6766,422,,0.3255319595336914,
,6767,422,,0.2946990132331848,
6768,,423,0.4776044487953186,,
6769,,423,0.9839800596237183,,
6770,,423,0.5485354661941528,,
6771,,423,0.5276684761047363,,
6772,,423,1.2724146842956543,,
6773,,423,0.589871346950531,,
6774,,423,0.7291087508201599,,
6775,,423,1.3347667455673218,,
6776,,423,0.752800703048706,,
6777,,423,0.6264451742172241,,
6778,,423,0.7473713755607605,,
6779,,423,0.7890894412994385,,
6780,,423,0.34021270275115967,,
6781,,423,0.4318266808986664,,
6782,,423,1.3377970457077026,,
6783,,423,1.3151235580444336,,
,6768,423,,0.2883874177932739,
,6769,423,,0.202209934592247,
,6770,423,,0.2604965567588806,
,6771,423,,0.2668951749801636,
,6772,423,,0.2732924818992615,
,6773,423,,0.18767482042312622,
,6774,423,,0.33278796076774597,
,6775,423,,0.43268847465515137,
,6776,423,,0.26766350865364075,
,6777,423,,0.19433292746543884,
,6778,423,,0.2497788369655609,
,6779,423,,0.21437540650367737,
,6780,423,,0.27966341376304626,
,6781,423,,0.24439501762390137,
,6782,423,,0.35909318923950195,
,6783,423,,0.46430811285972595,
6784,,424,0.9653043746948242,,
6785,,424,0.8870949745178223,,
6786,,424,0.7019003629684448,,
6787,,424,0.4458644390106201,,
6788,,424,0.6535459756851196,,
6789,,424,0.9237862825393677,,
6790,,424,0.6884307265281677,,
6791,,424,0.6479694843292236,,
6792,,424,0.46476981043815613,,
6793,,424,0.6248752474784851,,
6794,,424,0.7027446627616882,,
6795,,424,0.5551616549491882,,
6796,,424,1.1263870000839233,,
6797,,424,1.2193405628204346,,
6798,,424,0.7763623595237732,,
6799,,424,0.5545949339866638,,
,6784,424,,0.2994389832019806,
,6785,424,,0.20949184894561768,
,6786,424,,0.25937408208847046,
,6787,424,,0.3044021725654602,
,6788,424,,0.37451502680778503,
,6789,424,,0.21779917180538177,
,6790,424,,0.3067144751548767,
,6791,424,,0.2906850576400757,
,6792,424,,0.29778575897216797,
,6793,424,,0.2388066053390503,
,6794,424,,0.3038829565048218,
,6795,424,,0.26043450832366943,
,6796,424,,0.27971386909484863,
,6797,424,,0.3227274417877197,
,6798,424,,0.2983320951461792,
,6799,424,,0.2861593961715698,
6800,,425,0.41662296652793884,,
6801,,425,0.7520190477371216,,
6802,,425,1.0439341068267822,,
6803,,425,0.5270265936851501,,
6804,,425,0.4342212378978729,,
6805,,425,0.7855701446533203,,
6806,,425,0.5524073839187622,,
6807,,425,0.40778252482414246,,
6808,,425,0.392753928899765,,
6809,,425,0.47162064909935,,
6810,,425,0.5735102891921997,,
6811,,425,0.283441424369812,,
6812,,425,1.0514204502105713,,
6813,,425,1.2196321487426758,,
6814,,425,0.36505234241485596,,
6815,,425,0.48033851385116577,,
,6800,425,,0.25232455134391785,
,6801,425,,0.1930161416530609,
,6802,425,,0.33561310172080994,
,6803,425,,0.2789393365383148,
,6804,425,,0.24734745919704437,
,6805,425,,0.2969101667404175,
,6806,425,,0.21933379769325256,
,6807,425,,0.24966931343078613,
,6808,425,,0.2589004635810852,
,6809,425,,0.2481636106967926,
,6810,425,,0.4112437665462494,
,6811,425,,0.31440627574920654,
,6812,425,,0.19441211223602295,
,6813,425,,0.24726305902004242,
,6814,425,,0.2471361756324768,
,6815,425,,0.361498087644577,
6816,,426,0.9485156536102295,,
6817,,426,0.8488553762435913,,
6818,,426,0.37172961235046387,,
6819,,426,0.9356135129928589,,
6820,,426,0.7773354053497314,,
6821,,426,0.45282912254333496,,
6822,,426,0.5634965896606445,,
6823,,426,0.6636187434196472,,
6824,,426,0.7970830202102661,,
6825,,426,0.8119534254074097,,
6826,,426,0.5923043489456177,,
6827,,426,0.9848297834396362,,
6828,,426,0.572181761264801,,
6829,,426,0.6961826086044312,,
6830,,426,0.8550822734832764,,
6831,,426,0.38134872913360596,,
,6816,426,,0.25739455223083496,
,6817,426,,0.34163898229599,
,6818,426,,0.29465603828430176,
,6819,426,,0.32506293058395386,
,6820,426,,0.31757470965385437,
,6821,426,,0.3266703486442566,
,6822,426,,0.2623318135738373,
,6823,426,,0.2442714422941208,
,6824,426,,0.3332955837249756,
,6825,426,,0.21892330050468445,
,6826,426,,0.22236084938049316,
,6827,426,,0.2659306526184082,
,6828,426,,0.23524856567382812,
,6829,426,,0.2636581361293793,
,6830,426,,0.23669593036174774,
,6831,426,,0.21757851541042328,
6832,,427,0.27564752101898193,,
6833,,427,0.9436154365539551,,
6834,,427,0.7133069038391113,,
6835,,427,0.4553844630718231,,
6836,,427,0.521659791469574,,
6837,,427,0.4846581816673279,,
6838,,427,0.5276897549629211,,
6839,,427,0.8465649485588074,,
6840,,427,0.9975911974906921,,
6841,,427,0.788662314414978,,
6842,,427,1.3546733856201172,,
6843,,427,0.8104090690612793,,
6844,,427,1.0457323789596558,,
6845,,427,0.9373974204063416,,
6846,,427,0.7496993541717529,,
6847,,427,0.9921928644180298,,
,6832,427,,0.2648480534553528,
,6833,427,,0.3601853847503662,
,6834,427,,0.25446391105651855,
,6835,427,,0.28566503524780273,
,6836,427,,0.3375687003135681,
,6837,427,,0.35295677185058594,
,6838,427,,0.3809328079223633,
,6839,427,,0.24562641978263855,
,6840,427,,0.2724483609199524,
,6841,427,,0.2662339210510254,
,6842,427,,0.28530749678611755,
,6843,427,,0.32788118720054626,
,6844,427,,0.2972981333732605,
,6845,427,,0.2590351104736328,
,6846,427,,0.32700157165527344,
,6847,427,,0.39262938499450684,
6848,,428,0.6918177604675293,,
6849,,428,0.8621792793273926,,
6850,,428,0.8992514610290527,,
6851,,428,0.36827367544174194,,
6852,,428,0.6700188517570496,,
6853,,428,0.6244837045669556,,
6854,,428,0.7438870668411255,,
6855,,428,1.1936461925506592,,
6856,,428,0.6891230940818787,,
6857,,428,0.8833702802658081,,
6858,,428,0.4674292504787445,,
6859,,428,1.2226715087890625,,
6860,,428,1.0033957958221436,,
6861,,428,1.009508490562439,,
6862,,428,0.7006626129150391,,
6863,,428,1.371995210647583,,
,6848,428,,0.22874855995178223,
,6849,428,,0.21896427869796753,
,6850,428,,0.2963884472846985,
,6851,428,,0.2659812271595001,
,6852,428,,0.28593909740448,
,6853,428,,0.2712796926498413,
,6854,428,,0.2712358832359314,
,6855,428,,0.38505977392196655,
,6856,428,,0.3614913821220398,
,6857,428,,0.26920825242996216,
,6858,428,,0.254591166973114,
,6859,428,,0.27889367938041687,
,6860,428,,0.27554917335510254,
,6861,428,,0.27881038188934326,
,6862,428,,0.1901063174009323,
,6863,428,,0.27198106050491333,
6864,,429,0.7085139751434326,,
6865,,429,0.8194593191146851,,
6866,,429,0.5482487082481384,,
6867,,429,0.5556890368461609,,
6868,,429,0.322260320186615,,
6869,,429,1.1304333209991455,,
6870,,429,0.914012610912323,,
6871,,429,0.8101186156272888,,
6872,,429,0.6414399147033691,,
6873,,429,1.1002005338668823,,
6874,,429,0.526311457157135,,
6875,,429,0.8113641142845154,,
6876,,429,0.5146699547767639,,
6877,,429,0.9430961608886719,,
6878,,429,1.1144804954528809,,
6879,,429,1.1340866088867188,,
,6864,429,,0.2110041081905365,
,6865,429,,0.35590505599975586,
,6866,429,,0.41378021240234375,
,6867,429,,0.3662228584289551,
,6868,429,,0.340908944606781,
,6869,429,,0.26169079542160034,
,6870,429,,0.3778019845485687,
,6871,429,,0.21501557528972626,
,6872,429,,0.35262319445610046,
,6873,429,,0.3344641327857971,
,6874,429,,0.3278406262397766,
,6875,429,,0.25187209248542786,
,6876,429,,0.3463948965072632,
,6877,429,,0.24069349467754364,
,6878,429,,0.20559516549110413,
,6879,429,,0.189903125166893,
6880,,430,0.37022340297698975,,
6881,,430,0.5520152449607849,,
6882,,430,0.8218241930007935,,
6883,,430,0.8324599266052246,,
6884,,430,0.7634193897247314,,
6885,,430,0.7454072833061218,,
6886,,430,1.0149940252304077,,
6887,,430,0.7288796305656433,,
6888,,430,0.39577803015708923,,
6889,,430,1.1952731609344482,,
6890,,430,1.1945605278015137,,
6891,,430,0.6838810443878174,,
6892,,430,0.7495073080062866,,
6893,,430,0.7869943380355835,,
6894,,430,0.9447422027587891,,
6895,,430,0.5834426879882812,,
,6880,430,,0.34461212158203125,
,6881,430,,0.28957808017730713,
,6882,430,,0.24126355350017548,
,6883,430,,0.25687113404273987,
,6884,430,,0.2685050368309021,
,6885,430,,0.2529565095901489,
,6886,430,,0.28719818592071533,
,6887,430,,0.23434293270111084,
,6888,430,,0.3687574565410614,
,6889,430,,0.22273322939872742,
,6890,430,,0.30865687131881714,
,6891,430,,0.5537107586860657,
,6892,430,,0.30651721358299255,
,6893,430,,0.3016737699508667,
,6894,430,,0.24499110877513885,
,6895,430,,0.37673264741897583,
6896,,431,0.8460256457328796,,
6897,,431,0.64174485206604,,
6898,,431,1.076168417930603,,
6899,,431,0.956373393535614,,
6900,,431,0.6130828261375427,,
6901,,431,0.527332067489624,,
6902,,431,0.6172007322311401,,
6903,,431,1.1682838201522827,,
6904,,431,0.20555703341960907,,
6905,,431,0.9983730316162109,,
6906,,431,0.31313854455947876,,
6907,,431,0.8047913312911987,,
6908,,431,0.5951409935951233,,
6909,,431,0.9391947984695435,,
6910,,431,0.7418398857116699,,
6911,,431,0.66741943359375,,
,6896,431,,0.434982031583786,
,6897,431,,0.2912778854370117,
,6898,431,,0.31138622760772705,
,6899,431,,0.2881641387939453,
,6900,431,,0.24246251583099365,
,6901,431,,0.30385154485702515,
,6902,431,,0.3832717537879944,
,6903,431,,0.2644542455673218,
,6904,431,,0.39695021510124207,
,6905,431,,0.24634985625743866,
,6906,431,,0.28305232524871826,
,6907,431,,0.3227861225605011,
,6908,431,,0.39521440863609314,
,6909,431,,0.2984157204627991,
,6910,431,,0.334924578666687,
,6911,431,,0.26118725538253784,
6912,,432,0.768027663230896,,
6913,,432,0.6956882476806641,,
6914,,432,0.9424223899841309,,
6915,,432,1.0951297283172607,,
6916,,432,0.40166372060775757,,
6917,,432,0.6802400350570679,,
6918,,432,0.6706851720809937,,
6919,,432,0.4476548135280609,,
6920,,432,0.38435396552085876,,
6921,,432,0.9071232080459595,,
6922,,432,1.6190638542175293,,
6923,,432,0.771100640296936,,
6924,,432,0.5058579444885254,,
6925,,432,0.4345674514770508,,
6926,,432,0.594480037689209,,
6927,,432,0.5196372270584106,,
,6912,432,,0.20366060733795166,
,6913,432,,0.29103291034698486,
,6914,432,,0.23131875693798065,
,6915,432,,0.34359535574913025,
,6916,432,,0.23063914477825165,
,6917,432,,0.22453239560127258,
,6918,432,,0.27835291624069214,
,6919,432,,0.21405363082885742,
,6920,432,,0.29468414187431335,
,6921,432,,0.20066317915916443,
,6922,432,,0.23206083476543427,
,6923,432,,0.30405867099761963,
,6924,432,,0.2809411287307739,
,6925,432,,0.2414930760860443,
,6926,432,,0.27438580989837646,
,6927,432,,0.2656622529029846,
6928,,433,0.699227511882782,,
6929,,433,0.676750659942627,,
6930,,433,1.2047057151794434,,
6931,,433,0.3089478015899658,,
6932,,433,0.6298669576644897,,
6933,,433,0.6121937036514282,,
6934,,433,1.2702025175094604,,
6935,,433,0.6229913234710693,,
6936,,433,0.5988487601280212,,
6937,,433,0.9374518394470215,,
6938,,433,0.7657362818717957,,
6939,,433,0.5814833641052246,,
6940,,433,0.9203752279281616,,
6941,,433,0.6904756426811218,,
6942,,433,0.9052922129631042,,
6943,,433,0.41585999727249146,,
,6928,433,,0.24329078197479248,
,6929,433,,0.20698092877864838,
,6930,433,,0.2605624794960022,
,6931,433,,0.3022823631763458,
,6932,433,,0.25684496760368347,
,6933,433,,0.3085821270942688,
,6934,433,,0.25413522124290466,
,6935,433,,0.30675095319747925,
,6936,433,,0.24942295253276825,
,6937,433,,0.30680808424949646,
,6938,433,,0.23673968017101288,
,6939,433,,0.32451069355010986,
,6940,433,,0.3116985261440277,
,6941,433,,0.28535524010658264,
,6942,433,,0.2588644027709961,
,6943,433,,0.3301844596862793,
6944,,434,1.1322617530822754,,
6945,,434,0.9836609363555908,,
6946,,434,0.8796625137329102,,
6947,,434,1.417089819908142,,
6948,,434,1.0483695268630981,,
6949,,434,0.810056209564209,,
6950,,434,0.3783090114593506,,
6951,,434,0.5232816934585571,,
6952,,434,0.6575305461883545,,
6953,,434,0.9474178552627563,,
6954,,434,0.38304901123046875,,
6955,,434,0.3284757137298584,,
6956,,434,0.6071249842643738,,
6957,,434,0.35331809520721436,,
6958,,434,1.1083199977874756,,
6959,,434,0.399311900138855,,
,6944,434,,0.27131983637809753,
,6945,434,,0.2511718273162842,
,6946,434,,0.2949872612953186,
,6947,434,,0.3306332230567932,
,6948,434,,0.2489505261182785,
,6949,434,,0.20556434988975525,
,6950,434,,0.19149991869926453,
,6951,434,,0.3382357060909271,
,6952,434,,0.31404632329940796,
,6953,434,,0.27530747652053833,
,6954,434,,0.33351844549179077,
,6955,434,,0.34603190422058105,
,6956,434,,0.22902290523052216,
,6957,434,,0.3650715947151184,
,6958,434,,0.30871984362602234,
,6959,434,,0.2304273247718811,
6960,,435,0.8215569257736206,,
6961,,435,0.783794641494751,,
6962,,435,0.676943302154541,,
6963,,435,0.31166398525238037,,
6964,,435,1.0276851654052734,,
6965,,435,0.6443228721618652,,
6966,,435,0.6020731925964355,,
6967,,435,0.5358558893203735,,
6968,,435,0.6690601110458374,,
6969,,435,0.7267272472381592,,
6970,,435,0.675229549407959,,
6971,,435,0.5420622825622559,,
6972,,435,1.1106295585632324,,
6973,,435,0.6882517337799072,,
6974,,435,0.6631346940994263,,
6975,,435,0.2886611223220825,,
,6960,435,,0.2376788854598999,
,6961,435,,0.21847939491271973,
,6962,435,,0.35156863927841187,
,6963,435,,0.28117698431015015,
,6964,435,,0.28526148200035095,
,6965,435,,0.2416609525680542,
,6966,435,,0.25484806299209595,
,6967,435,,0.31720268726348877,
,6968,435,,0.29202648997306824,
,6969,435,,0.23956909775733948,
,6970,435,,0.26919081807136536,
,6971,435,,0.19186559319496155,
,6972,435,,0.2940286695957184,
,6973,435,,0.3765386939048767,
,6974,435,,0.2204442322254181,
,6975,435,,0.3274848461151123,
6976,,436,0.4512045085430145,,
6977,,436,1.0441912412643433,,
6978,,436,1.0260173082351685,,
6979,,436,0.5151369571685791,,
6980,,436,1.0728132724761963,,
6981,,436,0.6891610622406006,,
6982,,436,0.49654293060302734,,
6983,,436,0.9738873243331909,,
6984,,436,0.6433709859848022,,
6985,,436,0.8485583662986755,,
6986,,436,0.4157940745353699,,
6987,,436,0.5787438750267029,,
6988,,436,0.6894521117210388,,
6989,,436,0.7761887311935425,,
6990,,436,0.9562663435935974,,
6991,,436,0.6853702068328857,,
,6976,436,,0.33941468596458435,
,6977,436,,0.1852630227804184,
,6978,436,,0.2720305025577545,
,6979,436,,0.326408714056015,
,6980,436,,0.31309595704078674,
,6981,436,,0.25239595770835876,
,6982,436,,0.29302024841308594,
,6983,436,,0.2609252333641052,
,6984,436,,0.25275978446006775,
,6985,436,,0.2544223666191101,
,6986,436,,0.28344762325286865,
,6987,436,,0.3161478638648987,
,6988,436,,0.24494445323944092,
,6989,436,,0.2532999515533447,
,6990,436,,0.2093665599822998,
,6991,436,,0.2849162817001343,
6992,,437,0.8925225138664246,,
6993,,437,0.8102690577507019,,
6994,,437,0.32409653067588806,,
6995,,437,0.6704968810081482,,
6996,,437,0.393571138381958,,
6997,,437,0.8779756426811218,,
6998,,437,0.8238672614097595,,
6999,,437,0.4914109706878662,,
7000,,437,0.8539071083068848,,
7001,,437,0.6612808108329773,,
7002,,437,0.640741229057312,,
7003,,437,1.3930796384811401,,
7004,,437,0.4533073306083679,,
7005,,437,0.7273682951927185,,
7006,,437,0.6493401527404785,,
7007,,437,0.6871684789657593,,
,6992,437,,0.24515682458877563,
,6993,437,,0.27115243673324585,
,6994,437,,0.2940686345100403,
,6995,437,,0.23073558509349823,
,6996,437,,0.26138365268707275,
,6997,437,,0.2599959373474121,
,6998,437,,0.2790675461292267,
,6999,437,,0.40835994482040405,
,7000,437,,0.3009265661239624,
,7001,437,,0.29046714305877686,
,7002,437,,0.24456271529197693,
,7003,437,,0.28275319933891296,
,7004,437,,0.23140108585357666,
,7005,437,,0.2512512803077698,
,7006,437,,0.23747961223125458,
,7007,437,,0.20683357119560242,
7008,,438,0.48410725593566895,,
7009,,438,0.67006516456604,,
7010,,438,0.7046442031860352,,
7011,,438,0.8488014936447144,,
7012,,438,1.0865025520324707,,
7013,,438,0.9908553957939148,,
7014,,438,0.5592011213302612,,
7015,,438,0.6102652549743652,,
7016,,438,1.0313096046447754,,
7017,,438,0.6695274114608765,,
7018,,438,0.5700429677963257,,
7019,,438,1.046720266342163,,
7020,,438,0.5692607760429382,,
7021,,438,0.9540543556213379,,
7022,,438,1.0968132019042969,,
7023,,438,0.6323650479316711,,
,7008,438,,0.2564017176628113,
,7009,438,,0.28426897525787354,
,7010,438,,0.3424396216869354,
,7011,438,,0.20688730478286743,
,7012,438,,0.2434525489807129,
,7013,438,,0.279827356338501,
,7014,438,,0.306974858045578,
,7015,438,,0.1975935697555542,
,7016,438,,0.31356239318847656,
,7017,438,,0.24130819737911224,
,7018,438,,0.24367976188659668,
,7019,438,,0.2464282214641571,
,7020,438,,0.28164538741111755,
,7021,438,,0.4381999373435974,
,7022,438,,0.24162647128105164,
,7023,438,,0.18694421648979187,
7024,,439,0.2540302872657776,,
7025,,439,0.466941773891449,,
7026,,439,0.42451387643814087,,
7027,,439,0.5766241550445557,,
7028,,439,0.6092070937156677,,
7029,,439,0.37210187315940857,,
7030,,439,0.7011651396751404,,
7031,,439,0.5107108354568481,,
7032,,439,0.9924639463424683,,
7033,,439,0.787696123123169,,
7034,,439,0.8227640986442566,,
7035,,439,0.6638678908348083,,
7036,,439,0.9276118278503418,,
7037,,439,0.8704530596733093,,
7038,,439,0.6772447824478149,,
7039,,439,1.0185768604278564,,
,7024,439,,0.20983587205410004,
,7025,439,,0.37151166796684265,
,7026,439,,0.20425687730312347,
,7027,439,,0.2590195834636688,
,7028,439,,0.25308236479759216,
,7029,439,,0.335368812084198,
,7030,439,,0.32425543665885925,
,7031,439,,0.1879688948392868,
,7032,439,,0.2661499083042145,
,7033,439,,0.20019344985485077,
,7034,439,,0.279601514339447,
,7035,439,,0.19688525795936584,
,7036,439,,0.2713724374771118,
,7037,439,,0.2200108766555786,
,7038,439,,0.223977729678154,
,7039,439,,0.3951399028301239,
7040,,440,0.7316321134567261,,
