global_train_step,global_val_step,epoch,train_loss,val_loss,z
0,,0,0.10101152211427689,,0.17152497172355652
1,,0,0.09833700954914093,,0.04681147634983063
2,,0,0.08688178658485413,,0.07239516824483871
3,,0,0.0882512629032135,,0.021113181486725807
4,,0,0.06404717266559601,,0.06741021573543549
5,,0,0.0669068694114685,,0.035297006368637085
6,,0,0.04939916357398033,,0.2391183078289032
7,,0,0.041280947625637054,,0.07677474617958069
8,,0,0.035042326897382736,,0.04876459762454033
9,,0,0.03835009038448334,,0.014479033648967743
10,,0,0.023230265825986862,,0.13556405901908875
11,,0,0.024934858083724976,,0.05454300343990326
12,,0,0.03049926832318306,,0.14279985427856445
13,,0,0.021203525364398956,,0.09844473004341125
14,,0,0.015817752107977867,,0.054389797151088715
15,,0,0.015493919141590595,,0.048704810440540314
,0,0,,0.3142390847206116,0.11834965646266937
,1,0,,0.282876193523407,0.12290239334106445
,2,0,,0.320565402507782,0.1084333136677742
,3,0,,0.24531838297843933,0.18191590905189514
,4,0,,0.25836801528930664,0.17601916193962097
,5,0,,0.3176296353340149,0.11854521930217743
,6,0,,0.3335801959037781,0.122314453125
,7,0,,0.21974977850914001,0.20139484107494354
,8,0,,0.20350691676139832,0.2178095579147339
,9,0,,0.274257630109787,0.1403273046016693
,10,0,,0.31575095653533936,0.11964759230613708
,11,0,,0.262983500957489,0.16167590022087097
,12,0,,0.27130910754203796,0.14796790480613708
,13,0,,0.3189716041088104,0.11740423738956451
,14,0,,0.2905544638633728,0.15302634239196777
,15,0,,0.29102635383605957,0.12434106320142746
16,,1,0.014352863654494286,,0.07434206455945969
17,,1,0.020558547228574753,,0.09823794662952423
18,,1,0.015926573425531387,,0.0879342257976532
19,,1,0.018914278596639633,,0.12347038090229034
20,,1,0.007609253749251366,,0.026828065514564514
21,,1,0.005040419287979603,,0.06902577728033066
22,,1,0.02462785691022873,,0.11675651371479034
23,,1,0.004966380074620247,,0.05965501070022583
24,,1,0.010871133767068386,,0.08742974698543549
25,,1,0.005580689758062363,,0.04993174225091934
26,,1,0.037259943783283234,,0.2110670506954193
27,,1,0.0027559390291571617,,0.037919025868177414
28,,1,0.0029759774915874004,,0.04772326350212097
29,,1,0.026695506647229195,,0.16604426503181458
30,,1,0.009300140663981438,,0.08136360347270966
31,,1,0.019748028367757797,,0.12823861837387085
,16,1,,0.13674503564834595,0.12545464932918549
,17,1,,0.18404534459114075,0.14313367009162903
,18,1,,0.17241282761096954,0.17073899507522583
,19,1,,0.1709369271993637,0.09768116474151611
,20,1,,0.10648533701896667,0.12405706942081451
,21,1,,0.14374804496765137,0.1586826890707016
,22,1,,0.17284579575061798,0.11123843491077423
,23,1,,0.1818031668663025,0.16768723726272583
,24,1,,0.1457187682390213,0.11874327063560486
,25,1,,0.16624793410301208,0.1603032350540161
,26,1,,0.1333378255367279,0.16600191593170166
,27,1,,0.1353694498538971,0.16679413616657257
,28,1,,0.1404923051595688,0.13058409094810486
,29,1,,0.12021802365779877,0.15655517578125
,30,1,,0.15996797382831573,0.11888527870178223
,31,1,,0.1659902036190033,0.1337367594242096
32,,2,0.03399847820401192,,0.1971697062253952
33,,2,0.027846351265907288,,0.20486512780189514
34,,2,0.013357234187424183,,0.07828319072723389
35,,2,0.031791020184755325,,0.12350277602672577
36,,2,0.005231947172433138,,0.03127117455005646
37,,2,0.006219416856765747,,0.0936453640460968
38,,2,0.010627666488289833,,0.09032206237316132
39,,2,0.0035614469088613987,,0.07054916769266129
40,,2,0.0032834901940077543,,0.06319007277488708
41,,2,0.008447859436273575,,0.04577014222741127
42,,2,0.03012404777109623,,0.17152497172355652
43,,2,0.028798628598451614,,0.15266013145446777
44,,2,0.018949003890156746,,0.10490697622299194
45,,2,0.03172631561756134,,0.12733802199363708
46,,2,0.005044159479439259,,0.0575387105345726
47,,2,0.014491518959403038,,0.1733834445476532
,32,2,,0.08972930908203125,0.1325148046016693
,33,2,,0.08387375622987747,0.09516751766204834
,34,2,,0.1339033842086792,0.1652396023273468
,35,2,,0.1107621043920517,0.15180563926696777
,36,2,,0.12530718743801117,0.18251129984855652
,37,2,,0.14332163333892822,0.18396121263504028
,38,2,,0.10766445100307465,0.11286894977092743
,39,2,,0.14015242457389832,0.16713792085647583
,40,2,,0.12378819286823273,0.12062913179397583
,41,2,,0.13148871064186096,0.1541299670934677
,42,2,,0.12576453387737274,0.1948752999305725
,43,2,,0.09177601337432861,0.11479592323303223
,44,2,,0.09022065997123718,0.1922694593667984
,45,2,,0.18674612045288086,0.11054587364196777
,46,2,,0.12461928278207779,0.13477808237075806
,47,2,,0.1462731510400772,0.1808222532272339
48,,3,0.007119202055037022,,0.10003164410591125
49,,3,0.008326907642185688,,0.010982590727508068
50,,3,0.018521316349506378,,0.1253749430179596
51,,3,0.019507795572280884,,0.07261813431978226
52,,3,0.014463722705841064,,0.09705586731433868
53,,3,0.017509739845991135,,0.15434670448303223
54,,3,0.024912182241678238,,0.17974978685379028
55,,3,0.00616113655269146,,0.12443698197603226
56,,3,0.00742233544588089,,0.10156747698783875
57,,3,0.0094110406935215,,0.0722569078207016
58,,3,0.016261309385299683,,0.16077157855033875
59,,3,0.00850343331694603,,0.1339472532272339
60,,3,0.006751359440386295,,0.09093989431858063
61,,3,0.027439221739768982,,0.20469073951244354
62,,3,0.006091434974223375,,0.08491983264684677
63,,3,0.018291110172867775,,0.05256621539592743
,48,3,,0.12893268465995789,0.19475945830345154
,49,3,,0.16738569736480713,0.11227978020906448
,50,3,,0.16766022145748138,0.1641833335161209
,51,3,,0.12505891919136047,0.17113760113716125
,52,3,,0.1988171637058258,0.12372449040412903
,53,3,,0.1111815869808197,0.14584288001060486
,54,3,,0.10780330747365952,0.12334707379341125
,55,3,,0.19610148668289185,0.1325247585773468
,56,3,,0.14194414019584656,0.13066008687019348
,57,3,,0.12799116969108582,0.1484811007976532
,58,3,,0.1022869348526001,0.12872189283370972
,59,3,,0.15901005268096924,0.10570666193962097
,60,3,,0.18846476078033447,0.11039888858795166
,61,3,,0.1538168489933014,0.10159239172935486
,62,3,,0.17091748118400574,0.16717778146266937
,63,3,,0.15276771783828735,0.16405004262924194
64,,4,0.012151539325714111,,0.0277622751891613
65,,4,0.019026173278689384,,0.0611310712993145
66,,4,0.011777741834521294,,0.021805744618177414
67,,4,0.01404917985200882,,0.06260089576244354
68,,4,0.011183545924723148,,0.11957409977912903
69,,4,0.010026965290307999,,0.07614198327064514
70,,4,0.008579221554100513,,0.0844552218914032
71,,4,0.006906659342348576,,0.03610416501760483
72,,4,0.015812350437045097,,0.12057681381702423
73,,4,0.013416768983006477,,0.04678905010223389
74,,4,0.009136582724750042,,0.09922074526548386
75,,4,0.027842381969094276,,0.15317830443382263
76,,4,0.006680430844426155,,0.07618682086467743
77,,4,0.002838816959410906,,0.01607591286301613
78,,4,0.025843318551778793,,0.1264548897743225
79,,4,0.012656264007091522,,0.07275889068841934
,64,4,,0.10345008224248886,0.17186877131462097
,65,4,,0.12534376978874207,0.11617980152368546
,66,4,,0.1280430406332016,0.1870378851890564
,67,4,,0.10440447926521301,0.1227678507566452
,68,4,,0.09403322637081146,0.1617257297039032
,69,4,,0.1396586298942566,0.13184216618537903
,70,4,,0.11234676837921143,0.15849584341049194
,71,4,,0.12305372953414917,0.17206433415412903
,72,4,,0.09867319464683533,0.13320112228393555
,73,4,,0.09856270253658295,0.15314841270446777
,74,4,,0.07934188097715378,0.1293172985315323
,75,4,,0.09779158979654312,0.09170345216989517
,76,4,,0.11564633995294571,0.19308534264564514
,77,4,,0.1279698759317398,0.12426882237195969
,78,4,,0.11469246447086334,0.17171430587768555
,79,4,,0.13052237033843994,0.20535092055797577
80,,5,0.011341052129864693,,0.1024954617023468
81,,5,0.0046630194410681725,,0.09247573465108871
82,,5,0.004309993702918291,,0.03893669322133064
83,,5,0.01306254044175148,,0.08912627398967743
84,,5,0.003979407250881195,,0.024168675765395164
85,,5,0.023094113916158676,,0.12050208449363708
86,,5,0.012381117790937424,,0.11091458052396774
87,,5,0.008483560755848885,,0.09674321115016937
88,,5,0.023488208651542664,,0.14631497859954834
89,,5,0.009082432836294174,,0.10477494448423386
90,,5,0.006264930125325918,,0.07533606886863708
91,,5,0.0188421793282032,,0.15039436519145966
92,,5,0.01134883239865303,,0.1012050062417984
93,,5,0.004128791857510805,,0.029446348547935486
94,,5,0.007010783068835735,,0.1296311914920807
95,,5,0.00782056711614132,,0.04920554533600807
,80,5,,0.12171990424394608,0.12554806470870972
,81,5,,0.14817120134830475,0.1462838351726532
,82,5,,0.12703008949756622,0.12621945142745972
,83,5,,0.0853998214006424,0.1451577991247177
,84,5,,0.1241532415151596,0.14096379280090332
,85,5,,0.11069235950708389,0.153076171875
,86,5,,0.08967547118663788,0.15864905714988708
,87,5,,0.10357204079627991,0.12301324307918549
,88,5,,0.14082184433937073,0.1545671820640564
,89,5,,0.11690585315227509,0.09050143510103226
,90,5,,0.09089992940425873,0.13097770512104034
,91,5,,0.1304546594619751,0.11371348798274994
,92,5,,0.11988770961761475,0.1576438546180725
,93,5,,0.0755896121263504,0.1536167860031128
,94,5,,0.11059178411960602,0.12713249027729034
,95,5,,0.11123349517583847,0.1291678249835968
96,,6,0.015131102874875069,,0.1223318874835968
97,,6,0.00748469028621912,,0.050041355192661285
98,,6,0.022311236709356308,,0.16238714754581451
99,,6,0.014008546248078346,,0.15232506394386292
100,,6,0.01689814031124115,,0.17808189988136292
101,,6,0.011753866448998451,,0.11307822167873383
102,,6,0.01169537752866745,,0.12329351156949997
103,,6,0.005864806938916445,,0.06066271662712097
104,,6,0.019518712535500526,,0.12128681689500809
105,,6,0.015463648363947868,,0.09174206107854843
106,,6,0.014658670872449875,,0.07556650042533875
107,,6,0.01268668845295906,,0.16813816130161285
108,,6,0.005937674082815647,,0.03616520017385483
109,,6,0.013068427331745625,,0.16592219471931458
110,,6,0.009612011723220348,,0.04158611595630646
111,,6,0.011208431795239449,,0.07723812013864517
,96,6,,0.11891702562570572,0.19474200904369354
,97,6,,0.10268935561180115,0.12942442297935486
,98,6,,0.1029076874256134,0.17642149329185486
,99,6,,0.11329296976327896,0.13612708449363708
,100,6,,0.11612013727426529,0.14726537466049194
,101,6,,0.1414942443370819,0.11279172450304031
,102,6,,0.08656486868858337,0.18487797677516937
,103,6,,0.1480017900466919,0.1665911078453064
,104,6,,0.13885754346847534,0.16286545991897583
,105,6,,0.10063762962818146,0.13102130591869354
,106,6,,0.10696099698543549,0.13107362389564514
,107,6,,0.12670107185840607,0.15586882829666138
,108,6,,0.11874420940876007,0.11442223936319351
,109,6,,0.07976646721363068,0.17335355281829834
,110,6,,0.08729797601699829,0.1806279420852661
,111,6,,0.12555208802223206,0.13610465824604034
112,,7,0.027634115889668465,,0.22153642773628235
113,,7,0.03019164875149727,,0.22453463077545166
114,,7,0.0045721689239144325,,0.09152781963348389
115,,7,0.030013639479875565,,0.26828935742378235
116,,7,0.011440988630056381,,0.04085743427276611
117,,7,0.009353015571832657,,0.12405706942081451
118,,7,0.010922550223767757,,0.1323155015707016
119,,7,0.006880335509777069,,0.06658686697483063
120,,7,0.01239742897450924,,0.1041259765625
121,,7,0.00747754005715251,,0.02066226862370968
122,,7,0.016024675220251083,,0.03521230071783066
123,,7,0.008331626653671265,,0.10565932095050812
124,,7,0.011784104630351067,,0.08627630770206451
125,,7,0.02392423525452614,,0.2573927342891693
126,,7,0.013628361746668816,,0.2222389578819275
127,,7,0.007229177746921778,,0.10714410245418549
,112,7,,0.08915922045707703,0.15579286217689514
,113,7,,0.1075187399983406,0.18208904564380646
,114,7,,0.09292057156562805,0.11998141556978226
,115,7,,0.10442917048931122,0.15396803617477417
,116,7,,0.10819114744663239,0.15777090191841125
,117,7,,0.08883823454380035,0.16854670643806458
,118,7,,0.11500389873981476,0.14945392310619354
,119,7,,0.08700202405452728,0.17533905804157257
,120,7,,0.10790973901748657,0.15586510300636292
,121,7,,0.08812898397445679,0.13239023089408875
,122,7,,0.10224694013595581,0.10635064542293549
,123,7,,0.10706879198551178,0.1309029757976532
,124,7,,0.116752028465271,0.15536311268806458
,125,7,,0.11751420795917511,0.16618378460407257
,126,7,,0.06235674396157265,0.1781778186559677
,127,7,,0.09511223435401917,0.15498818457126617
128,,8,0.0027197126764804125,,0.05544359236955643
129,,8,0.005964150186628103,,0.09339624643325806
130,,8,0.004427612759172916,,0.05751878023147583
131,,8,0.009502461180090904,,0.1539306640625
132,,8,0.016883211210370064,,0.17430022358894348
133,,8,0.005250383634120226,,0.04372608661651611
134,,8,0.003449080977588892,,0.13488146662712097
135,,8,0.0066507053561508656,,0.072396419942379
136,,8,0.002724055666476488,,0.1038120836019516
137,,8,0.0029904255643486977,,0.10309211164712906
138,,8,0.004750383086502552,,0.03156763315200806
139,,8,0.002811575774103403,,0.07042087614536285
140,,8,0.0032513763289898634,,0.10146533697843552
141,,8,0.017558332532644272,,0.07037104666233063
142,,8,0.0037727169692516327,,0.1442522406578064
143,,8,0.013563418760895729,,0.19387006759643555
,128,8,,0.11861808598041534,0.19039106369018555
,129,8,,0.13468223810195923,0.1628928780555725
,130,8,,0.14814889430999756,0.09023113548755646
,131,8,,0.11153491586446762,0.10188262164592743
,132,8,,0.07388561964035034,0.19223833084106445
,133,8,,0.10249302536249161,0.18053948879241943
,134,8,,0.11250299960374832,0.18384161591529846
,135,8,,0.08824954181909561,0.10943727195262909
,136,8,,0.17307819426059723,0.1608263999223709
,137,8,,0.07480216026306152,0.1498849093914032
,138,8,,0.10680055618286133,0.14063745737075806
,139,8,,0.1151902824640274,0.10645900666713715
,140,8,,0.10028151422739029,0.15965551137924194
,141,8,,0.11255767196416855,0.1424548178911209
,142,8,,0.12370649725198746,0.15547025203704834
,143,8,,0.1516336053609848,0.2052089124917984
144,,9,0.004239424131810665,,0.033925581723451614
145,,9,0.010861897841095924,,0.123160220682621
146,,9,0.008856058120727539,,0.1739838421344757
147,,9,0.015860922634601593,,0.17426906526088715
148,,9,0.013157258741557598,,0.1492670774459839
149,,9,0.002575467573478818,,0.09221166372299194
150,,9,0.013378465548157692,,0.16626350581645966
151,,9,0.011284371837973595,,0.06357371807098389
152,,9,0.01573832333087921,,0.022649023681879044
153,,9,0.006296184379607439,,0.020854094997048378
154,,9,0.0049390168860554695,,0.04857402294874191
155,,9,0.0037097828462719917,,0.16973751783370972
156,,9,0.008218621835112572,,0.00843157060444355
157,,9,0.01453053392469883,,0.23014861345291138
158,,9,0.0067465100437402725,,0.12638014554977417
159,,9,0.002263854257762432,,0.13138003647327423
,144,9,,0.04457160085439682,0.11152617633342743
,145,9,,0.06864339113235474,0.09281454235315323
,146,9,,0.06691159307956696,0.1426292061805725
,147,9,,0.0849127322435379,0.1973976492881775
,148,9,,0.05352072790265083,0.1622675657272339
,149,9,,0.1032203882932663,0.17561808228492737
,150,9,,0.09548476338386536,0.11553207784891129
,151,9,,0.08117058128118515,0.14723797142505646
,152,9,,0.0781874880194664,0.1321062296628952
,153,9,,0.08678773790597916,0.15605071187019348
,154,9,,0.08108292520046234,0.17229601740837097
,155,9,,0.09999255836009979,0.16500045359134674
,156,9,,0.09140066802501678,0.12665043771266937
,157,9,,0.0742674320936203,0.1471731960773468
,158,9,,0.10464358329772949,0.17777174711227417
,159,9,,0.12159813940525055,0.1778738796710968
160,,10,0.008730519562959671,,0.08076570183038712
161,,10,0.013969073072075844,,0.10911218076944351
162,,10,0.003095641266554594,,0.04256267845630646
163,,10,0.004156581591814756,,0.18118099868297577
164,,10,0.0023849999997764826,,0.061978086829185486
165,,10,0.0014362502843141556,,0.15092873573303223
166,,10,0.006243953015655279,,0.12092185020446777
167,,10,0.005851926282048225,,0.1869419664144516
168,,10,0.005548000801354647,,0.08301778137683868
169,,10,0.00205440865829587,,0.03898029029369354
170,,10,0.005937603302299976,,0.08737992495298386
171,,10,0.0029631839133799076,,0.1051374152302742
172,,10,0.00422362657263875,,0.030204927548766136
173,,10,0.002519413363188505,,0.09979870915412903
174,,10,0.016004761680960655,,0.20058144629001617
175,,10,0.003045529592782259,,0.13409796357154846
,160,10,,0.08665710687637329,0.14111950993537903
,161,10,,0.0918777734041214,0.16117516160011292
,162,10,,0.09809285402297974,0.20199772715568542
,163,10,,0.044981230050325394,0.14517523348331451
,164,10,,0.0861411988735199,0.13635502755641937
,165,10,,0.12025591731071472,0.15706588327884674
,166,10,,0.0857732892036438,0.17694091796875
,167,10,,0.11803125590085983,0.21227404475212097
,168,10,,0.06956806778907776,0.15480633080005646
,169,10,,0.0745430514216423,0.14600855112075806
,170,10,,0.06895829737186432,0.15441396832466125
,171,10,,0.10941188782453537,0.20780852437019348
,172,10,,0.09919196367263794,0.12465371936559677
,173,10,,0.10261747241020203,0.21676324307918549
,174,10,,0.06373274326324463,0.1512189507484436
,175,10,,0.08953177183866501,0.16726621985435486
176,,11,0.005588926374912262,,0.07826077193021774
177,,11,0.003941752016544342,,0.06309540569782257
178,,11,0.014247795566916466,,0.10974619537591934
179,,11,0.00946769118309021,,0.11976592242717743
180,,11,0.0011236474383622408,,0.08999696373939514
181,,11,0.016242776066064835,,0.11637784540653229
182,,11,0.002570058684796095,,0.1164812371134758
183,,11,0.0030049155466258526,,0.10374357551336288
184,,11,0.005802996922284365,,0.10783666372299194
185,,11,0.004705982282757759,,0.10276825726032257
186,,11,0.009636405855417252,,0.1548287570476532
187,,11,0.015436653979122639,,0.19952641427516937
188,,11,0.0067206090316176414,,0.13166528940200806
189,,11,0.004389245994389057,,0.12713125348091125
190,,11,0.02109881304204464,,0.060321420431137085
191,,11,0.017571520060300827,,0.2396588921546936
,176,11,,0.11128498613834381,0.134442999958992
,177,11,,0.08659851551055908,0.1569911390542984
,178,11,,0.11193577200174332,0.15689024329185486
,179,11,,0.10546886920928955,0.14178591966629028
,180,11,,0.11650990694761276,0.1862456500530243
,181,11,,0.0846378430724144,0.17373470962047577
,182,11,,0.07819806039333344,0.12071259319782257
,183,11,,0.09321882575750351,0.19363091886043549
,184,11,,0.09752820432186127,0.16339734196662903
,185,11,,0.17011529207229614,0.17825379967689514
,186,11,,0.1040133684873581,0.19063396751880646
,187,11,,0.09367199242115021,0.12190216034650803
,188,11,,0.10297441482543945,0.18341811001300812
,189,11,,0.0956394150853157,0.17914067208766937
,190,11,,0.10295139253139496,0.1116158589720726
,191,11,,0.11307574063539505,0.13932831585407257
192,,12,0.004571135155856609,,0.0458897203207016
193,,12,0.0023777266032993793,,0.06129174679517746
194,,12,0.003821097081527114,,0.033596739172935486
195,,12,0.003156152553856373,,0.062422774732112885
196,,12,0.007506893947720528,,0.16694609820842743
197,,12,0.004192846827208996,,0.07160420715808868
198,,12,0.0021542145404964685,,0.017725106328725815
199,,12,0.0033361136447638273,,0.07307901233434677
200,,12,0.004296920262277126,,0.045998089015483856
201,,12,0.007586243562400341,,0.0255388543009758
202,,12,0.007723554968833923,,0.14180833101272583
203,,12,0.005296978168189526,,0.025655940175056458
204,,12,0.002578168176114559,,0.10085748136043549
205,,12,0.012833915650844574,,0.16730856895446777
206,,12,0.01082505565136671,,0.13920250535011292
207,,12,0.008023038506507874,,0.14679452776908875
,192,12,,0.06635982543230057,0.13823466002941132
,193,12,,0.10573282837867737,0.20568972826004028
,194,12,,0.12859804928302765,0.15477769076824188
,195,12,,0.08042310923337936,0.16326779127120972
,196,12,,0.09387297928333282,0.1753901243209839
,197,12,,0.1266920119524002,0.23935621976852417
,198,12,,0.09960941970348358,0.1611066460609436
,199,12,,0.074883833527565,0.15485739707946777
,200,12,,0.0620260052382946,0.14322085678577423
,201,12,,0.09943729639053345,0.14432822167873383
,202,12,,0.09027743339538574,0.13899074494838715
,203,12,,0.05863621085882187,0.1504865288734436
,204,12,,0.07538197189569473,0.10499167442321777
,205,12,,0.09520521014928818,0.15462073683738708
,206,12,,0.07359378039836884,0.1193150132894516
,207,12,,0.09022854268550873,0.15903893113136292
208,,13,0.003027044702321291,,0.10384321957826614
209,,13,0.002747299848124385,,0.0919015109539032
210,,13,0.00464602978900075,,0.02640455774962902
211,,13,0.021146325394511223,,0.17404484748840332
212,,13,0.003903739620000124,,0.03848453611135483
213,,13,0.0016985300462692976,,0.041888799518346786
214,,13,0.011289244517683983,,0.18976327776908875
215,,13,0.00409728055819869,,0.03180305287241936
216,,13,0.002538142492994666,,0.11967872828245163
217,,13,0.0027992851100862026,,0.10627341270446777
218,,13,0.009043894708156586,,0.1364496946334839
219,,13,0.004224902950227261,,0.08549405634403229
220,,13,0.009030894376337528,,0.01207748707383871
221,,13,0.001967035233974457,,0.08163140714168549
222,,13,0.007759354542940855,,0.03326789662241936
223,,13,0.007338189985603094,,0.0857892781496048
,208,13,,0.11202879250049591,0.23426787555217743
,209,13,,0.05117880180478096,0.14187434315681458
,210,13,,0.08091917634010315,0.16394168138504028
,211,13,,0.10084880888462067,0.1448289453983307
,212,13,,0.10547413676977158,0.18293605744838715
,213,13,,0.11459450423717499,0.15815827250480652
,214,13,,0.07047277688980103,0.1722947657108307
,215,13,,0.06680804491043091,0.12980185449123383
,216,13,,0.10081011056900024,0.1750737428665161
,217,13,,0.0820552334189415,0.18592803180217743
,218,13,,0.07956018298864365,0.12169289588928223
,219,13,,0.08434202522039413,0.10589848458766937
,220,13,,0.08329062908887863,0.15051144361495972
,221,13,,0.08835671842098236,0.1974312961101532
,222,13,,0.10512246936559677,0.16473761200904846
,223,13,,0.10438060015439987,0.15287190675735474
224,,14,0.010637280531227589,,0.08865045011043549
225,,14,0.009428687393665314,,0.0934971421957016
226,,14,0.011095693334937096,,0.18257483839988708
227,,14,0.00785183347761631,,0.08138975501060486
228,,14,0.004677958320826292,,0.08150684833526611
229,,14,0.013813434168696404,,0.19859470427036285
230,,14,0.016985232010483742,,0.10962162911891937
231,,14,0.002577174222096801,,0.037930235266685486
232,,14,0.014366625808179379,,0.11208296567201614
233,,14,0.013566814363002777,,0.1806478649377823
234,,14,0.0078447749838233,,0.13249114155769348
235,,14,0.008087248541414738,,0.1268746554851532
236,,14,0.002710993867367506,,0.04962656646966934
237,,14,0.003841741941869259,,0.0475551038980484
238,,14,0.009526251815259457,,0.04673922806978226
239,,14,0.00427116546779871,,0.10008396208286285
,224,14,,0.11002086102962494,0.16214051842689514
,225,14,,0.11673200875520706,0.08047796785831451
,226,14,,0.12303048372268677,0.14304398000240326
,227,14,,0.08830051124095917,0.15509530901908875
,228,14,,0.11904540657997131,0.13660788536071777
,229,14,,0.08427102863788605,0.16956686973571777
,230,14,,0.0718323290348053,0.10220274329185486
,231,14,,0.053859733045101166,0.11904346942901611
,232,14,,0.10354923456907272,0.20540571212768555
,233,14,,0.09624437987804413,0.1239100843667984
,234,14,,0.08803217858076096,0.17242059111595154
,235,14,,0.09958966076374054,0.11700688302516937
,236,14,,0.10102419555187225,0.14432448148727417
,237,14,,0.09510058164596558,0.16495934128761292
,238,14,,0.10126585513353348,0.1497018039226532
,239,14,,0.09613721072673798,0.12560537457466125
240,,15,0.004743748810142279,,0.08649305254220963
241,,15,0.003148023970425129,,0.034364040940999985
242,,15,0.005955452565103769,,0.16044647991657257
243,,15,0.0028938548639416695,,0.0614536851644516
244,,15,0.01321690995246172,,0.09118776768445969
245,,15,0.002283699344843626,,0.09183050692081451
246,,15,0.015578944236040115,,0.023928271606564522
247,,15,0.019759925082325935,,0.21632477641105652
248,,15,0.02041512168943882,,0.18606755137443542
249,,15,0.0027886724565178156,,0.13428357243537903
250,,15,0.0078102173283696175,,0.12756970524787903
251,,15,0.0020920317620038986,,0.07667635381221771
252,,15,0.0030938039999455214,,0.08562111854553223
253,,15,0.004813710227608681,,0.026344764977693558
254,,15,0.007236024364829063,,0.062111370265483856
255,,15,0.0024596923030912876,,0.029984455555677414
,240,15,,0.09749379754066467,0.14290571212768555
,241,15,,0.10563652217388153,0.1027134507894516
,242,15,,0.07528525590896606,0.16046640276908875
,243,15,,0.09637563675642014,0.1633661985397339
,244,15,,0.12177571654319763,0.15004435181617737
,245,15,,0.08748457580804825,0.1741494983434677
,246,15,,0.14607910811901093,0.14263418316841125
,247,15,,0.1063128113746643,0.17108528316020966
,248,15,,0.0757845789194107,0.13020417094230652
,249,15,,0.10657206177711487,0.19439947605133057
,250,15,,0.10137622058391571,0.14506936073303223
,251,15,,0.08729486167430878,0.18617591261863708
,252,15,,0.13244357705116272,0.1292027086019516
,253,15,,0.11490203440189362,0.1229596808552742
,254,15,,0.10696563124656677,0.21156902611255646
,255,15,,0.10256866365671158,0.20373660326004028
256,,16,0.003821758786216378,,0.029134944081306458
257,,16,0.007692806888371706,,0.1349312961101532
258,,16,0.003362242830917239,,0.07341159135103226
259,,16,0.01386005338281393,,0.03688516467809677
260,,16,0.005301246419548988,,0.054296378046274185
261,,16,0.004231066908687353,,0.0443812757730484
262,,16,0.0024268142879009247,,0.07421500980854034
263,,16,0.013237658888101578,,0.1343632936477661
264,,16,0.0041409884579479694,,0.0418526753783226
265,,16,0.0030175766441971064,,0.007431341335177422
266,,16,0.000570673611946404,,0.05279291793704033
267,,16,0.022728756070137024,,0.12845782935619354
268,,16,0.006467306055128574,,0.06550193578004837
269,,16,0.013931329362094402,,0.11195965111255646
270,,16,0.007281327620148659,,0.10116016864776611
271,,16,0.009775938466191292,,0.0841849148273468
,256,16,,0.06354880332946777,0.16165472567081451
,257,16,,0.09571371972560883,0.18687094748020172
,258,16,,0.0898580551147461,0.14830297231674194
,259,16,,0.06467115879058838,0.15366658568382263
,260,16,,0.041810616850852966,0.09980493783950806
,261,16,,0.06224563717842102,0.13025400042533875
,262,16,,0.09444334357976913,0.1508776694536209
,263,16,,0.06791210919618607,0.1551513671875
,264,16,,0.048723768442869186,0.11735440790653229
,265,16,,0.0672997385263443,0.10866998136043549
,266,16,,0.0838463082909584,0.18279406428337097
,267,16,,0.09000574052333832,0.17683753371238708
,268,16,,0.0834072083234787,0.12537741661071777
,269,16,,0.036661140620708466,0.11420424282550812
,270,16,,0.07771523296833038,0.1862107813358307
,271,16,,0.08793696761131287,0.1792527735233307
272,,17,0.0029321331530809402,,0.055253006517887115
273,,17,0.013934450224041939,,0.09947359561920166
274,,17,0.010354321449995041,,0.14879125356674194
275,,17,0.007237207144498825,,0.0451398566365242
276,,17,0.0019434005953371525,,0.08478780090808868
277,,17,0.009090272709727287,,0.1636875718832016
278,,17,0.0006283458787947893,,0.09924815595149994
279,,17,0.0015036031836643815,,0.06763069331645966
280,,17,0.0076247332617640495,,0.10668695718050003
281,,17,0.00585192022845149,,0.03973388671875
282,,17,0.017530065029859543,,0.04350560903549194
283,,17,0.0019404919585213065,,0.07777497917413712
284,,17,0.01578124426305294,,0.1981114000082016
285,,17,0.001289214240387082,,0.03458575904369354
286,,17,0.01626601442694664,,0.045080069452524185
287,,17,0.005621857941150665,,0.12155712395906448
,272,17,,0.11649487912654877,0.14806754887104034
,273,17,,0.10972540825605392,0.16971884667873383
,274,17,,0.08604685962200165,0.17544245719909668
,275,17,,0.11765030026435852,0.18021315336227417
,276,17,,0.09258326143026352,0.1299687623977661
,277,17,,0.10137267410755157,0.12939578294754028
,278,17,,0.05380261689424515,0.1409999430179596
,279,17,,0.08757878839969635,0.1357172727584839
,280,17,,0.05454086512327194,0.1266404688358307
,281,17,,0.05921056494116783,0.1420736461877823
,282,17,,0.08089998364448547,0.15017762780189514
,283,17,,0.06107115000486374,0.17985689640045166
,284,17,,0.08304264396429062,0.15783068537712097
,285,17,,0.05737047642469406,0.11833097785711288
,286,17,,0.09963135421276093,0.1704961061477661
,287,17,,0.09160539507865906,0.15785934031009674
288,,18,0.0015252045122906566,,0.10049375891685486
289,,18,0.007491340860724449,,0.13223578035831451
290,,18,0.0064958371222019196,,0.06849265098571777
291,,18,0.012362462468445301,,0.14047552645206451
292,,18,0.003416824620217085,,0.09332773834466934
293,,18,0.0077118403278291225,,0.10254279524087906
294,,18,0.001977961277589202,,0.0820574089884758
295,,18,0.0030707833357155323,,0.1431199610233307
296,,18,0.0029393902514129877,,0.06084083765745163
297,,18,0.003245888277888298,,0.06059296429157257
298,,18,0.005464039742946625,,0.08712830394506454
299,,18,0.004070772789418697,,0.08971545100212097
300,,18,0.0058577898889780045,,0.05995022505521774
301,,18,0.003006565384566784,,0.10004907101392746
302,,18,0.0011252540862187743,,0.08067851513624191
303,,18,0.0026256106793880463,,0.08976028859615326
,288,18,,0.07669440656900406,0.17778794467449188
,289,18,,0.061744771897792816,0.12046969681978226
,290,18,,0.07203246653079987,0.1603306382894516
,291,18,,0.08073268085718155,0.14867790043354034
,292,18,,0.10308966040611267,0.13902811706066132
,293,18,,0.05816309154033661,0.1374960094690323
,294,18,,0.09798411279916763,0.08190792798995972
,295,18,,0.1096118912100792,0.21944256126880646
,296,18,,0.07665742933750153,0.14115437865257263
,297,18,,0.09105914831161499,0.09594477713108063
,298,18,,0.07855238020420074,0.18219119310379028
,299,18,,0.07932363450527191,0.2056112438440323
,300,18,,0.07785835862159729,0.17415571212768555
,301,18,,0.10639125108718872,0.11309565603733063
,302,18,,0.07884550094604492,0.13538718223571777
,303,18,,0.07628335058689117,0.16543765366077423
304,,19,0.011822262778878212,,0.1104300394654274
305,,19,0.0022466653026640415,,0.0655343234539032
306,,19,0.0050702327862381935,,0.15286441147327423
307,,19,0.006797065958380699,,0.2039446085691452
308,,19,0.002433683956041932,,0.09484490007162094
309,,19,0.0019308968912810087,,0.04137062281370163
310,,19,0.0041840593330562115,,0.0713152140378952
311,,19,0.005246173590421677,,0.03541533648967743
312,,19,0.007519629783928394,,0.09583142399787903
313,,19,0.005076513160020113,,0.059072066098451614
314,,19,0.00335642509162426,,0.12601765990257263
315,,19,0.006610464304685593,,0.11813914775848389
316,,19,0.006221454590559006,,0.08133246004581451
317,,19,0.001572179957292974,,0.05714883655309677
318,,19,0.005120404995977879,,0.04373854398727417
319,,19,0.0022076554596424103,,0.1369703710079193
,304,19,,0.05718732625246048,0.10121497511863708
,305,19,,0.09555875509977341,0.1673945188522339
,306,19,,0.08541751652956009,0.1812058985233307
,307,19,,0.10322775691747665,0.17587965726852417
,308,19,,0.1168433427810669,0.16229122877120972
,309,19,,0.10258626192808151,0.1755719929933548
,310,19,,0.05515086278319359,0.07962097972631454
,311,19,,0.05209130793809891,0.14506810903549194
,312,19,,0.08816935867071152,0.17441855370998383
,313,19,,0.07379242032766342,0.16128849983215332
,314,19,,0.1099078580737114,0.19433219730854034
,315,19,,0.07427090406417847,0.15612667798995972
,316,19,,0.07787422835826874,0.18307682871818542
,317,19,,0.08454641699790955,0.1871337890625
,318,19,,0.0847698524594307,0.14570088684558868
,319,19,,0.0949036031961441,0.1417485475540161
320,,20,0.005171860568225384,,0.1634434312582016
321,,20,0.004446960985660553,,0.07597506046295166
322,,20,0.056611839681863785,,0.3633136451244354
323,,20,0.004536790307611227,,0.08380251377820969
324,,20,0.005055652000010014,,0.18183493614196777
325,,20,0.010249876417219639,,0.1690324991941452
326,,20,0.003996138460934162,,0.02497832477092743
327,,20,0.0025402975734323263,,0.055137164890766144
328,,20,0.002678103744983673,,0.05516581982374191
329,,20,0.004944611340761185,,0.0967843234539032
330,,20,0.0025319322012364864,,0.04353176802396774
331,,20,0.0058459010906517506,,0.0778547003865242
332,,20,0.008031905628740788,,0.1451515555381775
333,,20,0.007529118098318577,,0.15970034897327423
334,,20,0.010722647421061993,,0.1395089328289032
335,,20,0.013183018192648888,,0.18616719543933868
,320,20,,0.1273254156112671,0.12559166550636292
,321,20,,0.13690772652626038,0.15967419743537903
,322,20,,0.1099829152226448,0.19308657944202423
,323,20,,0.10621248930692673,0.21386967599391937
,324,20,,0.1002136692404747,0.18004250526428223
,325,20,,0.08036493510007858,0.1720680594444275
,326,20,,0.10719047486782074,0.17455431818962097
,327,20,,0.09728079289197922,0.14976781606674194
,328,20,,0.1512119174003601,0.11712148040533066
,329,20,,0.09277090430259705,0.10924296826124191
,330,20,,0.10564862936735153,0.15456342697143555
,331,20,,0.10804096609354019,0.17515593767166138
,332,20,,0.12942065298557281,0.15344487130641937
,333,20,,0.09200151264667511,0.1741245687007904
,334,20,,0.11666947603225708,0.18180130422115326
,335,20,,0.09874208271503448,0.17564421892166138
336,,21,0.0036630695685744286,,0.10322041809558868
337,,21,0.005424077622592449,,0.11242800951004028
338,,21,0.005212442018091679,,0.08823441714048386
339,,21,0.008779243566095829,,0.060746174305677414
340,,21,0.0025823088362812996,,0.09833137691020966
341,,21,0.0033051033969968557,,0.02216697297990322
342,,21,0.009477776475250721,,0.1347382366657257
343,,21,0.00966360978782177,,0.12651467323303223
344,,21,0.006414120085537434,,0.17964141070842743
345,,21,0.0055128587409853935,,0.0157732293009758
346,,21,0.004280089400708675,,0.058063119649887085
347,,21,0.0027685922104865313,,0.13848504424095154
348,,21,0.0035674332175403833,,0.0413731187582016
349,,21,0.004780934192240238,,0.07201899588108063
350,,21,0.004252370446920395,,0.05505993962287903
351,,21,0.0018102609319612384,,0.05889518931508064
,336,21,,0.0487859845161438,0.15038689970970154
,337,21,,0.08507880568504333,0.17988929152488708
,338,21,,0.06186830997467041,0.11746029555797577
,339,21,,0.07601295411586761,0.1531210094690323
,340,21,,0.09363467246294022,0.19488775730133057
,341,21,,0.08057671785354614,0.15086022019386292
,342,21,,0.07156603783369064,0.12163933366537094
,343,21,,0.07521804422140121,0.16171950101852417
,344,21,,0.08891870826482773,0.16768600046634674
,345,21,,0.0787782371044159,0.16036178171634674
,346,21,,0.060370150953531265,0.1326543092727661
,347,21,,0.03522329777479172,0.1421433985233307
,348,21,,0.07312726974487305,0.21455851197242737
,349,21,,0.07484103739261627,0.13646340370178223
,350,21,,0.0740201398730278,0.13223329186439514
,351,21,,0.07419594377279282,0.12539859116077423
352,,22,0.005778513848781586,,0.09217056632041931
353,,22,0.002246735617518425,,0.07844138145446777
354,,22,0.0482504665851593,,0.24371711909770966
355,,22,0.0013433516724035144,,0.14991605281829834
356,,22,0.002305672038346529,,0.09295777976512909
357,,22,0.0018788350280374289,,0.13460618257522583
358,,22,0.0034691570326685905,,0.07639609277248383
359,,22,0.005583650432527065,,0.09488849341869354
360,,22,0.0010630364995449781,,0.07817606627941132
361,,22,0.0009130698745138943,,0.16589978337287903
362,,22,0.0012847796315327287,,0.026597626507282257
363,,22,0.005100347101688385,,0.11879435181617737
364,,22,0.004321056883782148,,0.13558897376060486
365,,22,0.005147966556251049,,0.18197445571422577
366,,22,0.005622525699436665,,0.04697340354323387
367,,22,0.00218689301982522,,0.09418098628520966
,352,22,,0.06588322669267654,0.15992331504821777
,353,22,,0.06279437988996506,0.14036217331886292
,354,22,,0.06350929290056229,0.11647127568721771
,355,22,,0.08060514181852341,0.14903290569782257
,356,22,,0.09440015256404877,0.2139979898929596
,357,22,,0.06988207995891571,0.14213716983795166
,358,22,,0.09851691871881485,0.2238694727420807
,359,22,,0.06816048920154572,0.1390131711959839
,360,22,,0.06725843250751495,0.16113030910491943
,361,22,,0.07023447751998901,0.14189179241657257
,362,22,,0.0726359486579895,0.14434441924095154
,363,22,,0.05481719598174095,0.10841462016105652
,364,22,,0.10811582207679749,0.16430166363716125
,365,22,,0.07456807792186737,0.16348454356193542
,366,22,,0.05104414373636246,0.12653708457946777
,367,22,,0.07251138240098953,0.19072115421295166
368,,23,0.0012658610939979553,,0.11993657797574997
369,,23,0.004399043507874012,,0.06878662109375
370,,23,0.00436081737279892,,0.04990433529019356
371,,23,0.006310917902737856,,0.0418875552713871
372,,23,0.005992506630718708,,0.2133353054523468
373,,23,0.0020127962343394756,,0.06996621936559677
374,,23,0.0011460462119430304,,0.04033302888274193
375,,23,0.0035304094199091196,,0.1483490765094757
376,,23,0.0009358260431326926,,0.06214500218629837
377,,23,0.002971596084535122,,0.0732334703207016
378,,23,0.002464587800204754,,0.06392872333526611
379,,23,0.012804502621293068,,0.234941765666008
380,,23,0.0023350263945758343,,0.15284572541713715
381,,23,0.001701808301731944,,0.1600167453289032
382,,23,0.004317248705774546,,0.04284916818141937
383,,23,0.014179999008774757,,0.01527498196810484
,368,23,,0.0579046830534935,0.10611896216869354
,369,23,,0.08326206356287003,0.10438381880521774
,370,23,,0.0609075203537941,0.17738685011863708
,371,23,,0.057017408311367035,0.1080409437417984
,372,23,,0.07804423570632935,0.19071245193481445
,373,23,,0.059927038848400116,0.1375034749507904
,374,23,,0.06285560876131058,0.1403547078371048
,375,23,,0.07595591247081757,0.1628505140542984
,376,23,,0.05526737868785858,0.16148656606674194
,377,23,,0.06811636686325073,0.12627923488616943
,378,23,,0.08694815635681152,0.15238112211227417
,379,23,,0.06583544611930847,0.15617650747299194
,380,23,,0.07528962939977646,0.14303776621818542
,381,23,,0.05900859087705612,0.1487252414226532
,382,23,,0.06377208232879639,0.10651630908250809
,383,23,,0.08916769176721573,0.17326635122299194
384,,24,0.006490104831755161,,0.0570504330098629
385,,24,0.0020475732162594795,,0.0896519273519516
386,,24,0.007536137942224741,,0.11033163964748383
387,,24,0.0011947453022003174,,0.0978655070066452
388,,24,0.0016104528913274407,,0.11386918276548386
389,,24,0.002891007112339139,,0.15622135996818542
390,,24,0.008243332616984844,,0.1124529168009758
391,,24,0.004561814945191145,,0.027758538722991943
392,,24,0.0020991507917642593,,0.034951966255903244
393,,24,0.0035029356367886066,,0.14940285682678223
394,,24,0.0006126866210252047,,0.04127471148967743
395,,24,0.0018352596089243889,,0.09389200061559677
396,,24,0.004080208949744701,,0.09821055084466934
397,,24,0.002253640443086624,,0.0801130086183548
398,,24,0.0028884434141218662,,0.10003164410591125
399,,24,0.006371057592332363,,0.03895413130521774
,384,24,,0.08679783344268799,0.11431884765625
,385,24,,0.0868452712893486,0.16899389028549194
,386,24,,0.09246726334095001,0.15240977704524994
,387,24,,0.07406079769134521,0.1157139390707016
,388,24,,0.10352935642004013,0.20577691495418549
,389,24,,0.07024338096380234,0.18468739092350006
,390,24,,0.09722815454006195,0.1631220579147339
,391,24,,0.06920301914215088,0.17265351116657257
,392,24,,0.08018311113119125,0.15982367098331451
,393,24,,0.08226880431175232,0.12962746620178223
,394,24,,0.08319047093391418,0.15736731886863708
,395,24,,0.07457531988620758,0.17174047231674194
,396,24,,0.05981919914484024,0.1971173882484436
,397,24,,0.09387638419866562,0.1683885157108307
,398,24,,0.07914310693740845,0.18987040221691132
,399,24,,0.07057276368141174,0.15130242705345154
400,,25,0.0009167357929982245,,0.1362217515707016
401,,25,0.002177036367356777,,0.040203485637903214
402,,25,0.0020009311847388744,,0.1003941148519516
403,,25,0.0010577853536233306,,0.0086844302713871
404,,25,0.0034063858911395073,,0.10523830354213715
405,,25,0.0016542033990845084,,0.09039182215929031
406,,25,0.0013800496235489845,,0.023782536387443542
407,,25,0.0025063115172088146,,0.039732638746500015
408,,25,0.006398545578122139,,0.08507055044174194
409,,25,0.016730500385165215,,0.1647862046957016
410,,25,0.003919423092156649,,0.032643843442201614
411,,25,0.0104861194267869,,0.12416793406009674
412,,25,0.012454335577785969,,0.016151895746588707
413,,25,0.0022347173653542995,,0.13853111863136292
414,,25,0.0020153357181698084,,0.033134616911411285
415,,25,0.006521302741020918,,0.09488724172115326
,400,25,,0.07478567957878113,0.15558110177516937
,401,25,,0.08937986195087433,0.14530353248119354
,402,25,,0.09582780301570892,0.18598906695842743
,403,25,,0.05682719498872757,0.17359021306037903
,404,25,,0.07368858903646469,0.13483662903308868
,405,25,,0.06929828971624374,0.1684034764766693
,406,25,,0.08027558028697968,0.14234021306037903
,407,25,,0.07798153907060623,0.1752842515707016
,408,25,,0.04387422651052475,0.10943354666233063
,409,25,,0.07284364104270935,0.16509263217449188
,410,25,,0.08561387658119202,0.14553770422935486
,411,25,,0.05487792193889618,0.14086665213108063
,412,25,,0.09538142383098602,0.1882498562335968
,413,25,,0.07485253363847733,0.12005864828824997
,414,25,,0.08032464981079102,0.14300785958766937
,415,25,,0.05979438126087189,0.14036092162132263
416,,26,0.0023543196730315685,,0.08475789427757263
417,,26,0.0010458279866725206,,0.09651526808738708
418,,26,0.0013906382955610752,,0.04641038551926613
419,,26,0.0010643338318914175,,0.17293128371238708
420,,26,0.007870801724493504,,0.1813790500164032
421,,26,0.0014756371965631843,,0.05141402781009674
422,,26,0.002737328875809908,,0.12704281508922577
423,,26,0.002368979388847947,,0.060945477336645126
424,,26,0.00531504862010479,,0.16292649507522583
425,,26,0.003907857462763786,,0.11376953125
426,,26,0.005258327350020409,,0.09237483888864517
427,,26,0.0032431394793093204,,0.09295529872179031
428,,26,0.0019120682263746858,,0.16194993257522583
429,,26,0.004256769083440304,,0.11944331228733063
430,,26,0.0011918414384126663,,0.10029321908950806
431,,26,0.004087153822183609,,0.06222596392035484
,416,26,,0.06993550062179565,0.12444320321083069
,417,26,,0.08622445166110992,0.17130574584007263
,418,26,,0.06479786336421967,0.11336968839168549
,419,26,,0.07140138745307922,0.12357750535011292
,420,26,,0.06828976422548294,0.13417145609855652
,421,26,,0.07222579419612885,0.17582982778549194
,422,26,,0.06967786699533463,0.17395144701004028
,423,26,,0.07667843997478485,0.20039710402488708
,424,26,,0.047577980905771255,0.14177095890045166
,425,26,,0.06655826419591904,0.15133479237556458
,426,26,,0.06510916352272034,0.18159827589988708
,427,26,,0.03907913342118263,0.1329345703125
,428,26,,0.08350507915019989,0.1444353461265564
,429,26,,0.04322689771652222,0.12047965824604034
,430,26,,0.05681951716542244,0.13511064648628235
,431,26,,0.09127642214298248,0.20443663001060486
432,,27,0.007343505043536425,,0.20996716618537903
433,,27,0.003378662746399641,,0.09592734277248383
434,,27,0.01007840782403946,,0.028482243418693542
435,,27,0.004247392527759075,,0.06256850808858871
436,,27,0.010299243964254856,,0.047416843473911285
437,,27,0.008372781798243523,,0.004184022080153227
438,,27,0.0006015526596456766,,0.056136153638362885
439,,27,0.006980602629482746,,0.06237419322133064
440,,27,0.002345997840166092,,0.02420230768620968
441,,27,0.006140886340290308,,0.20935805141925812
442,,27,0.006292444653809071,,0.07931207120418549
443,,27,0.004681205376982689,,0.04788021370768547
444,,27,0.005485695321112871,,0.16064578294754028
445,,27,0.009292388334870338,,0.11681381613016129
446,,27,0.003744295099750161,,0.09962307661771774
447,,27,0.0034369148779660463,,0.12024175375699997
,432,27,,0.08814387023448944,0.1331874281167984
,433,27,,0.11403423547744751,0.1208234429359436
,434,27,,0.05374601483345032,0.1829734444618225
,435,27,,0.0885845273733139,0.12267693132162094
,436,27,,0.09712742269039154,0.11998888850212097
,437,27,,0.06937806308269501,0.16247433423995972
,438,27,,0.11571361124515533,0.16461181640625
,439,27,,0.08089470118284225,0.18724340200424194
,440,27,,0.06355278939008713,0.1709955930709839
,441,27,,0.09135019779205322,0.15961939096450806
,442,27,,0.11735805124044418,0.1386270374059677
,443,27,,0.1022724062204361,0.20130391418933868
,444,27,,0.08895300328731537,0.12486547231674194
,445,27,,0.0683906152844429,0.1560307741165161
,446,27,,0.0870286226272583,0.19314885139465332
,447,27,,0.10225280374288559,0.16549371182918549
448,,28,0.0005155134131200612,,0.03271235153079033
449,,28,0.005487354006618261,,0.0411725752055645
450,,28,0.0012486717896535993,,0.07347138226032257
451,,28,0.002855361672118306,,0.057406678795814514
452,,28,0.0013815355487167835,,0.03788290172815323
453,,28,0.0009702699608169496,,0.026058275252580643
454,,28,0.01167074590921402,,0.1315232813358307
455,,28,0.003300389740616083,,0.028789911419153214
456,,28,0.002156106987968087,,0.17018595337867737
457,,28,0.0023202826268970966,,0.04624970257282257
458,,28,0.00035968085285276175,,0.052779216319322586
459,,28,0.003088993253186345,,0.03246821090579033
460,,28,0.021622030064463615,,0.23920300602912903
461,,28,0.0025852618273347616,,0.12203045189380646
462,,28,0.00039922434370964766,,0.034291792660951614
463,,28,0.004733075853437185,,0.11268460750579834
,448,28,,0.08528117835521698,0.12335205078125
,449,28,,0.08692334592342377,0.16577520966529846
,450,28,,0.05122688412666321,0.14001590013504028
,451,28,,0.08726350218057632,0.19194310903549194
,452,28,,0.09933507442474365,0.2165091335773468
,453,28,,0.057532839477062225,0.09339624643325806
,454,28,,0.06165444478392601,0.14083674550056458
,455,28,,0.07968303561210632,0.13051682710647583
,456,28,,0.0891755223274231,0.1153302863240242
,457,28,,0.09289977699518204,0.14610321819782257
,458,28,,0.061774611473083496,0.14935676753520966
,459,28,,0.08536126464605331,0.1950521618127823
,460,28,,0.08542749285697937,0.15467554330825806
,461,28,,0.05632992088794708,0.19541090726852417
,462,28,,0.08062274754047394,0.18202053010463715
,463,28,,0.0806967094540596,0.13603739440441132
464,,29,0.003044224577024579,,0.07428476959466934
465,,29,0.002126404084265232,,0.08012047410011292
466,,29,0.0036654286086559296,,0.0011783521622419357
467,,29,0.0016979980282485485,,0.1522752344608307
468,,29,0.0031909365206956863,,0.04649384319782257
469,,29,0.00031942134955897927,,0.055811040103435516
470,,29,0.0009611205896362662,,0.031054439023137093
471,,29,0.006964545696973801,,0.0903407484292984
472,,29,0.0029432985465973616,,0.10022221505641937
473,,29,0.0010514284949749708,,0.11115747690200806
474,,29,0.0013040590565651655,,0.07385378330945969
475,,29,0.012809278443455696,,0.14251957833766937
476,,29,0.0061273095197975636,,0.17849917709827423
477,,29,0.006187713239341974,,0.12872189283370972
478,,29,0.004359305836260319,,0.2255161702632904
479,,29,0.0022775130346417427,,0.1909615695476532
,464,29,,0.0681418776512146,0.1655784249305725
,465,29,,0.0918956845998764,0.16717280447483063
,466,29,,0.08285534381866455,0.17259621620178223
,467,29,,0.10689429193735123,0.15472286939620972
,468,29,,0.07778440415859222,0.142822265625
,469,29,,0.07467014342546463,0.22477753460407257
,470,29,,0.0668644979596138,0.1593191921710968
,471,29,,0.09585550427436829,0.1707502007484436
,472,29,,0.06006212905049324,0.1985922008752823
,473,29,,0.07924935221672058,0.10854292660951614
,474,29,,0.10384377837181091,0.1623709499835968
,475,29,,0.10755704343318939,0.13254967331886292
,476,29,,0.06326550245285034,0.11358144879341125
,477,29,,0.10784953832626343,0.1826607882976532
,478,29,,0.05806853622198105,0.09726014733314514
,479,29,,0.11928126960992813,0.14951744675636292
480,,30,0.010627321898937225,,0.09373380243778229
481,,30,0.013105400837957859,,0.08127391338348389
482,,30,0.0012093762634322047,,0.030513841658830643
483,,30,0.004559186287224293,,0.0192347951233387
484,,30,0.007268412038683891,,0.06759706139564514
485,,30,0.007889065891504288,,0.042830485850572586
486,,30,0.009455663152039051,,0.14739865064620972
487,,30,0.0014164202148094773,,0.09111926704645157
488,,30,0.0037229035515338182,,0.1609858274459839
489,,30,0.003982477355748415,,0.11028803884983063
490,,30,0.009225767105817795,,0.13691554963588715
491,,30,0.0020212852396070957,,0.14495600759983063
492,,30,0.0011190678924322128,,0.06131541728973389
493,,30,0.0005491498159244657,,0.051730409264564514
494,,30,0.00417479919269681,,0.11139289289712906
495,,30,0.0027762530371546745,,0.09070945531129837
,480,30,,0.08789980411529541,0.20390474796295166
,481,30,,0.04876634478569031,0.18820999562740326
,482,30,,0.05701252073049545,0.16433902084827423
,483,30,,0.05543310195207596,0.12119464576244354
,484,30,,0.04793933033943176,0.12437594681978226
,485,30,,0.07650946080684662,0.14074832201004028
,486,30,,0.06255972385406494,0.08972042798995972
,487,30,,0.06741341948509216,0.1468592882156372
,488,30,,0.08274604380130768,0.22433283925056458
,489,30,,0.0647980272769928,0.14941032230854034
,490,30,,0.09118299931287766,0.15839993953704834
,491,30,,0.05563322454690933,0.16760128736495972
,492,30,,0.06501953303813934,0.1534174680709839
,493,30,,0.06202281638979912,0.15744952857494354
,494,30,,0.06687705218791962,0.14316979050636292
,495,30,,0.06595892459154129,0.12586818635463715
496,,31,0.008663330227136612,,0.05770936235785484
497,,31,0.001696949708275497,,0.1002981960773468
498,,31,0.013291936367750168,,0.06714864075183868
499,,31,0.0016761256847530603,,0.0290091373026371
500,,31,0.0037184839602559805,,0.10661347210407257
501,,31,0.0015691104345023632,,0.03296646103262901
502,,31,0.010305142030119896,,0.12591303884983063
503,,31,0.010401041246950626,,0.13190817832946777
504,,31,0.0006083862390369177,,0.10590969026088715
505,,31,0.004680518992245197,,0.20516780018806458
506,,31,0.005337374284863472,,0.05018210411071777
507,,31,0.0025543062947690487,,0.11888527125120163
508,,31,0.004791952203959227,,0.0986589714884758
509,,31,0.008514663204550743,,0.046237245202064514
510,,31,0.0022820373997092247,,0.07777871936559677
511,,31,0.0039033028297126293,,0.0745849609375
,496,31,,0.10654871165752411,0.13319489359855652
,497,31,,0.08645284920930862,0.1716657280921936
,498,31,,0.1088462620973587,0.10465037822723389
,499,31,,0.09244120121002197,0.12756222486495972
,500,31,,0.09938615560531616,0.1501116007566452
,501,31,,0.15195390582084656,0.14129638671875
,502,31,,0.11391472816467285,0.15082035958766937
,503,31,,0.08844353258609772,0.12977942824363708
,504,31,,0.09788427501916885,0.13710862398147583
,505,31,,0.09078862518072128,0.09550507366657257
,506,31,,0.07543125748634338,0.22762875258922577
,507,31,,0.10556982457637787,0.16426678001880646
,508,31,,0.14168033003807068,0.1558837890625
,509,31,,0.15947052836418152,0.1335200071334839
,510,31,,0.07106418162584305,0.16093474626541138
,511,31,,0.07001691311597824,0.19390869140625
512,,32,0.009853038936853409,,0.056048959493637085
513,,32,0.0027758430223912,,0.043353646993637085
514,,32,0.005008498206734657,,0.18110999464988708
515,,32,0.005878979340195656,,0.030965998768806458
516,,32,0.0032426740508526564,,0.028979241847991943
517,,32,0.00276859849691391,,0.05945945158600807
518,,32,0.0003510800306685269,,0.11955666542053223
519,,32,0.002287426497787237,,0.09192143380641937
520,,32,0.0058266702108085155,,0.1440180540084839
521,,32,0.0013948635896667838,,0.08078812062740326
522,,32,0.0016781114973127842,,0.07588538527488708
523,,32,0.004995855037122965,,0.15908128023147583
524,,32,0.0009110257960855961,,0.07342280447483063
525,,32,0.0003837060648947954,,0.03973637521266937
526,,32,0.0006827397737652063,,0.042479224503040314
527,,32,0.0032872422598302364,,0.07833550870418549
,512,32,,0.08045105636119843,0.15698865056037903
,513,32,,0.06845507025718689,0.16407744586467743
,514,32,,0.06032329052686691,0.16058099269866943
,515,32,,0.06916315853595734,0.22149658203125
,516,32,,0.0667789876461029,0.1523188352584839
,517,32,,0.046733610332012177,0.10938621312379837
,518,32,,0.08120063692331314,0.1463112235069275
,519,32,,0.06854315847158432,0.12683852016925812
,520,32,,0.06268426030874252,0.18413683772087097
,521,32,,0.07160627841949463,0.18863599002361298
,522,32,,0.05867956206202507,0.1542009711265564
,523,32,,0.0546964555978775,0.17004767060279846
,524,32,,0.046412136405706406,0.12936091423034668
,525,32,,0.07121367752552032,0.15718670189380646
,526,32,,0.08455266803503036,0.14827680587768555
,527,32,,0.08725408464670181,0.1466064453125
528,,33,0.0014522909186780453,,0.052454106509685516
529,,33,0.014425728470087051,,0.1622140109539032
530,,33,0.007458221632987261,,0.12090691179037094
531,,33,0.0032673582900315523,,0.07191810011863708
532,,33,0.0025157276540994644,,0.12078483402729034
533,,33,0.0037932873237878084,,0.16078031063079834
534,,33,0.009373272769153118,,0.04452452063560486
535,,33,0.009990197606384754,,0.22253917157649994
536,,33,0.0072809671983122826,,0.06897470355033875
537,,33,0.00497976690530777,,0.07659413665533066
538,,33,0.0019402510952204466,,0.10418824851512909
539,,33,0.0018456588732078671,,0.06244145706295967
540,,33,0.001750786555930972,,0.08833406865596771
541,,33,0.002878332044929266,,0.10552480071783066
542,,33,0.0032038989011198282,,0.12677001953125
543,,33,0.0018311090534552932,,0.04250413179397583
,528,33,,0.061235297471284866,0.1865222007036209
,529,33,,0.07755424827337265,0.12029779702425003
,530,33,,0.09279191493988037,0.08652293682098389
,531,33,,0.06371578574180603,0.12222850322723389
,532,33,,0.07338134944438934,0.15600711107254028
,533,33,,0.06292562186717987,0.1684744656085968
,534,33,,0.08467256277799606,0.1334402859210968
,535,33,,0.06098868325352669,0.11441725492477417
,536,33,,0.08378390967845917,0.2643071413040161
,537,33,,0.07524355500936508,0.2457101047039032
,538,33,,0.0426008403301239,0.15260034799575806
,539,33,,0.06087281554937363,0.11605523526668549
,540,33,,0.09407398104667664,0.11858134716749191
,541,33,,0.10934945940971375,0.13022036850452423
,542,33,,0.08409471809864044,0.14243736863136292
,543,33,,0.05746426433324814,0.16525205969810486
544,,34,0.005411752033978701,,0.048321161419153214
545,,34,0.0019345827167853713,,0.01955989934504032
546,,34,0.0035283202305436134,,0.03419214487075806
547,,34,0.005769374314695597,,0.14953985810279846
548,,34,0.0022152108140289783,,0.15958699584007263
549,,34,0.0008742064819671214,,0.10503154247999191
550,,34,0.0013000448234379292,,0.05014224722981453
551,,34,0.006276907864958048,,0.026318609714508057
552,,34,0.005699779838323593,,0.07279127836227417
553,,34,0.0018387207528576255,,0.048687368631362915
554,,34,0.0009745136485435069,,0.11093699932098389
555,,34,0.0007813467527739704,,0.05017463117837906
556,,34,0.0012204921804368496,,0.020066864788532257
557,,34,0.0026338982861489058,,0.04905233159661293
558,,34,0.007540469989180565,,0.10223513841629028
559,,34,0.0031294533982872963,,0.12062165886163712
,544,34,,0.07620082050561905,0.18296845257282257
,545,34,,0.06923133134841919,0.16214177012443542
,546,34,,0.052880384027957916,0.1795903444290161
,547,34,,0.06475511193275452,0.14409653842449188
,548,34,,0.08051766455173492,0.12853506207466125
,549,34,,0.05525706708431244,0.1780034303665161
,550,34,,0.07761730253696442,0.1375645101070404
,551,34,,0.05668859928846359,0.13014064729213715
,552,34,,0.08770790696144104,0.10603798925876617
,553,34,,0.06391993165016174,0.14754191040992737
,554,34,,0.0632581114768982,0.10394038259983063
,555,34,,0.10237351059913635,0.21493218839168549
,556,34,,0.064152792096138,0.14054778218269348
,557,34,,0.07964631170034409,0.13747234642505646
,558,34,,0.08890843391418457,0.1694062054157257
,559,34,,0.05220325291156769,0.15173214673995972
560,,35,0.00039691399433650076,,0.06464993953704834
561,,35,0.0016405163332819939,,0.09734609723091125
562,,35,0.007431095000356436,,0.07696034759283066
563,,35,0.0006990908877924085,,0.0529959537088871
564,,35,0.0008364798268303275,,0.0924857035279274
565,,35,0.0034209913574159145,,0.13564378023147583
566,,35,0.027920955792069435,,0.23440614342689514
567,,35,0.004305861424654722,,0.06700165569782257
568,,35,0.011971844360232353,,0.08484136313199997
569,,35,0.0024646050296723843,,0.025799186900258064
570,,35,0.008957880549132824,,0.23942597210407257
571,,35,0.0010553747415542603,,0.08271759003400803
572,,35,0.0010821607429534197,,0.015240104869008064
573,,35,0.0064398739486932755,,0.11173918843269348
574,,35,0.0024704306852072477,,0.0645751953125
575,,35,0.003942954353988171,,0.07989253103733063
,560,35,,0.07145540416240692,0.1593553125858307
,561,35,,0.08032948523759842,0.1521768420934677
,562,35,,0.06177695095539093,0.17644517123699188
,563,35,,0.06370703130960464,0.16767852008342743
,564,35,,0.07165157794952393,0.14452999830245972
,565,35,,0.07449936866760254,0.1505488157272339
,566,35,,0.047643594443798065,0.14471934735774994
,567,35,,0.0832723081111908,0.1631905734539032
,568,35,,0.053379423916339874,0.10917943716049194
,569,35,,0.05561279505491257,0.16832499206066132
,570,35,,0.07418148219585419,0.1546979546546936
,571,35,,0.052553679794073105,0.13548558950424194
,572,35,,0.05593562126159668,0.15841363370418549
,573,35,,0.06235997751355171,0.14761042594909668
,574,35,,0.052709631621837616,0.17387421429157257
,575,35,,0.0712442398071289,0.13702018558979034
576,,36,0.0023356338497251272,,0.15600337088108063
577,,36,0.0016692646313458681,,0.17730090022087097
578,,36,0.000728428247384727,,0.08907520771026611
579,,36,0.004146710969507694,,0.06496507674455643
580,,36,0.0012280719820410013,,0.1209455281496048
581,,36,0.0005590989021584392,,0.07340287417173386
582,,36,0.000903093081433326,,0.03795016556978226
583,,36,0.00523688830435276,,0.1886858344078064
584,,36,0.0022948880214244127,,0.06070008873939514
585,,36,0.0005899409297853708,,0.04625094681978226
586,,36,0.00013638810196425766,,0.04545126110315323
587,,36,0.004465306177735329,,0.09772849082946777
588,,36,0.0009303890401497483,,0.06682726740837097
589,,36,0.0019350992515683174,,0.08578802645206451
590,,36,0.0003665812546387315,,0.06689453125
591,,36,0.0009721494279801846,,0.10629334300756454
,576,36,,0.0670345351099968,0.17908337712287903
,577,36,,0.06396104395389557,0.14193663001060486
,578,36,,0.05038429796695709,0.17324891686439514
,579,36,,0.06635349243879318,0.14647939801216125
,580,36,,0.0806487649679184,0.14017035067081451
,581,36,,0.054143812507390976,0.14277245104312897
,582,36,,0.0656387135386467,0.11602783203125
,583,36,,0.07463885843753815,0.16673433780670166
,584,36,,0.05446368083357811,0.11009745299816132
,585,36,,0.056214019656181335,0.09848085045814514
,586,36,,0.04079066962003708,0.15214446187019348
,587,36,,0.07465668022632599,0.11892887949943542
,588,36,,0.05343656986951828,0.12206409126520157
,589,36,,0.04600359499454498,0.1711961328983307
,590,36,,0.05368829518556595,0.13818359375
,591,36,,0.06395797431468964,0.14537328481674194
592,,37,0.0007437090389430523,,0.100455142557621
593,,37,0.0020277586299926043,,0.06990393996238708
594,,37,0.0015916767297312617,,0.1010480672121048
595,,37,0.003619126044213772,,0.13695791363716125
596,,37,0.0024516605772078037,,0.08279730379581451
597,,37,0.0011410398874431849,,0.0832955464720726
598,,37,0.0017671136884018779,,0.09687898308038712
599,,37,0.001673696213401854,,0.05547348037362099
600,,37,0.002911605406552553,,0.13768410682678223
601,,37,0.001030862214975059,,0.11515838652849197
602,,37,0.0010246897581964731,,0.020512795075774193
603,,37,0.0013983333483338356,,0.07044827193021774
604,,37,0.0008781204232946038,,0.17041391134262085
605,,37,0.0005163502646610141,,0.051674358546733856
606,,37,0.009845539927482605,,0.20177973806858063
607,,37,0.0008755985181778669,,0.05152612924575806
,592,37,,0.06699010729789734,0.1904546022415161
,593,37,,0.04692498594522476,0.11775550246238708
,594,37,,0.05593157559633255,0.15528464317321777
,595,37,,0.08610673248767853,0.1394914835691452
,596,37,,0.06991173326969147,0.1413051187992096
,597,37,,0.0507887601852417,0.19448789954185486
,598,37,,0.06835806369781494,0.11625079810619354
,599,37,,0.08242383599281311,0.2234148383140564
,600,37,,0.0987129658460617,0.1968122124671936
,601,37,,0.07956865429878235,0.15866400301456451
,602,37,,0.061026182025671005,0.1577073633670807
,603,37,,0.07535532116889954,0.19072489440441132
,604,37,,0.07805465161800385,0.12195447087287903
,605,37,,0.07150676846504211,0.18348288536071777
,606,37,,0.0910140722990036,0.10801603645086288
,607,37,,0.06232238933444023,0.1238664910197258
608,,38,0.004592008888721466,,0.08130131661891937
609,,38,0.002218105597421527,,0.03524219989776611
610,,38,0.0021360605023801327,,0.11266591399908066
611,,38,0.0012664567911997437,,0.10931396484375
612,,38,0.0049972739070653915,,0.0704607293009758
613,,38,0.002133771311491728,,0.14626763761043549
614,,38,0.003329868195578456,,0.17042383551597595
615,,38,0.0010760989971458912,,0.0689435675740242
616,,38,0.00046685116831213236,,0.10650884360074997
617,,38,0.001069398713298142,,0.012802435085177422
618,,38,0.0014114903751760721,,0.0380684956908226
619,,38,0.0025913487188518047,,0.10387437045574188
620,,38,0.004614623263478279,,0.09336012601852417
621,,38,0.009589976631104946,,0.17987807095050812
622,,38,0.0028048567473888397,,0.14089778065681458
623,,38,0.0005544218001887202,,0.04900375381112099
,608,38,,0.07143692672252655,0.11534024775028229
,609,38,,0.0793575644493103,0.11886908113956451
,610,38,,0.07705023884773254,0.14916494488716125
,611,38,,0.09543256461620331,0.12476956844329834
,612,38,,0.06557655334472656,0.141401007771492
,613,38,,0.055861249566078186,0.1964460015296936
,614,38,,0.0845874547958374,0.12460513412952423
,615,38,,0.059264764189720154,0.18239547312259674
,616,38,,0.037758566439151764,0.15359683334827423
,617,38,,0.04507625848054886,0.1684059500694275
,618,38,,0.071522057056427,0.20930324494838715
,619,38,,0.11500321328639984,0.17115378379821777
,620,38,,0.06739367544651031,0.15239232778549194
,621,38,,0.06030166149139404,0.09663235396146774
,622,38,,0.09046810865402222,0.16557592153549194
,623,38,,0.0894741490483284,0.16204211115837097
624,,39,0.0011372963199391961,,0.0965925008058548
625,,39,0.0019168733851984143,,0.10298250615596771
626,,39,0.002859029220417142,,0.07244250178337097
627,,39,0.0018385080620646477,,0.14014668762683868
628,,39,0.002126159379258752,,0.08852963149547577
629,,39,0.004240469075739384,,0.09830895066261292
630,,39,0.002727190498262644,,0.09926185011863708
631,,39,0.003662219038233161,,0.04312071576714516
632,,39,0.001362066250294447,,0.05670788884162903
633,,39,0.0006649367860518396,,0.10264617949724197
634,,39,0.0031467864755541086,,0.1257772594690323
635,,39,0.001275826944038272,,0.06443195044994354
636,,39,0.0009093820117413998,,0.08957096934318542
637,,39,0.0006809280021116138,,0.1338513344526291
638,,39,0.001747438102029264,,0.03746063634753227
639,,39,0.0012661932269111276,,0.04917066916823387
,624,39,,0.07273197174072266,0.13838787376880646
,625,39,,0.06528224796056747,0.14562365412712097
,626,39,,0.08684144914150238,0.17773810029029846
,627,39,,0.04952011629939079,0.15228022634983063
,628,39,,0.05649925768375397,0.20538204908370972
,629,39,,0.05899311974644661,0.10411103069782257
,630,39,,0.050827763974666595,0.12253367900848389
,631,39,,0.06274224817752838,0.15753173828125
,632,39,,0.056243691593408585,0.11512351036071777
,633,39,,0.05214393511414528,0.16422194242477417
,634,39,,0.07037664204835892,0.19326096773147583
,635,39,,0.05209747701883316,0.13778749108314514
,636,39,,0.04949406906962395,0.13781987130641937
,637,39,,0.05248492956161499,0.11453434824943542
,638,39,,0.0396844781935215,0.13360223174095154
,639,39,,0.05868059769272804,0.1837407350540161
640,,40,0.002349723828956485,,0.12921765446662903
641,,40,0.0009999537141993642,,0.09026975184679031
642,,40,0.0004865031223744154,,0.07570476830005646
643,,40,0.002598327351734042,,0.18867212533950806
644,,40,0.00045711861457675695,,0.11957783997058868
645,,40,0.003416303312405944,,0.07922114431858063
646,,40,0.0025710922200232744,,0.13252227008342743
647,,40,0.010926091112196445,,0.19203777611255646
648,,40,0.002002331428229809,,0.029834982007741928
649,,40,0.0015259768115356565,,0.12096919119358063
650,,40,0.0026915136259049177,,0.10671810060739517
651,,40,0.0019786751363426447,,0.03725511208176613
652,,40,0.002916861092671752,,0.11400993168354034
653,,40,0.0050561511889100075,,0.07272525131702423
654,,40,0.0028952094726264477,,0.1073172390460968
655,,40,0.005110405385494232,,0.08832035958766937
,640,40,,0.05811468884348869,0.15108567476272583
,641,40,,0.10493111610412598,0.1395774483680725
,642,40,,0.12389827519655228,0.14819709956645966
,643,40,,0.06408742070198059,0.17166325449943542
,644,40,,0.06878599524497986,0.19150590896606445
,645,40,,0.07136046141386032,0.17631936073303223
,646,40,,0.07498923689126968,0.16035181283950806
,647,40,,0.07703277468681335,0.13192811608314514
,648,40,,0.07801565527915955,0.18214011192321777
,649,40,,0.11451984196901321,0.1942063868045807
,650,40,,0.11909277737140656,0.16852553188800812
,651,40,,0.0707804411649704,0.14012674987316132
,652,40,,0.0942385345697403,0.11305579543113708
,653,40,,0.09983936697244644,0.12966981530189514
,654,40,,0.09075537323951721,0.10164346545934677
,655,40,,0.06941866129636765,0.18064288794994354
656,,41,0.003760425839573145,,0.029635682702064514
657,,41,0.001934174564667046,,0.025816624984145164
658,,41,0.0017676149727776647,,0.14483268558979034
659,,41,0.003950182814151049,,0.13030880689620972
660,,41,0.0012202078942209482,,0.03411616012454033
661,,41,0.0005545605672523379,,0.0009753169142641127
662,,41,0.0007382998592220247,,0.03231749311089516
663,,41,0.0030075234826654196,,0.07924730330705643
664,,41,0.0015826760791242123,,0.13568738102912903
665,,41,0.001923030475154519,,0.06408068537712097
666,,41,0.001525691244751215,,0.08560740947723389
667,,41,0.004345491528511047,,0.11266466975212097
668,,41,0.006283005233854055,,0.13379529118537903
669,,41,0.00022244261344894767,,0.025145238265395164
670,,41,0.003497995901852846,,0.08608323335647583
671,,41,0.0009191816207021475,,0.08281100541353226
,656,41,,0.078632652759552,0.13744494318962097
,657,41,,0.06099328771233559,0.23748654127120972
,658,41,,0.06739284843206406,0.18572624027729034
,659,41,,0.05309301242232323,0.14981888234615326
,660,41,,0.061879828572273254,0.17007260024547577
,661,41,,0.06160442903637886,0.14616051316261292
,662,41,,0.06167978048324585,0.18530896306037903
,663,41,,0.06498643010854721,0.12212885916233063
,664,41,,0.07209847122430801,0.21760277450084686
,665,41,,0.09740804880857468,0.16908854246139526
,666,41,,0.06097011640667915,0.15121148526668549
,667,41,,0.04918019473552704,0.1545659303665161
,668,41,,0.0948110818862915,0.1485421359539032
,669,41,,0.0771966502070427,0.15334025025367737
,670,41,,0.0649854987859726,0.14383867383003235
,671,41,,0.07945030182600021,0.18017204105854034
672,,42,0.004669000394642353,,0.0748378187417984
673,,42,0.0009309585439041257,,0.10735461115837097
674,,42,0.002970566973090172,,0.05182880908250809
675,,42,0.0020334296859800816,,0.09835628420114517
676,,42,0.0032089233864098787,,0.21447254717350006
677,,42,0.0016950607532635331,,0.11967126280069351
678,,42,0.0026134939398616552,,0.09829400479793549
679,,42,0.005473851691931486,,0.10883688926696777
680,,42,0.0007155328639782965,,0.06747747957706451
681,,42,0.0011611023219302297,,0.0595179945230484
682,,42,0.0030447544995695353,,0.07468461245298386
683,,42,0.0008586895419284701,,0.12249755859375
684,,42,0.00357914250344038,,0.05672657489776611
685,,42,0.00035226988256908953,,0.09557109326124191
686,,42,0.001498613739386201,,0.05936354026198387
687,,42,0.0061028143391013145,,0.20457613468170166
,672,42,,0.07362613081932068,0.14540067315101624
,673,42,,0.08036558330059052,0.18343181908130646
,674,42,,0.09121011197566986,0.13394102454185486
,675,42,,0.06628546863794327,0.1391240358352661
,676,42,,0.05307181924581528,0.12929114699363708
,677,42,,0.07379882037639618,0.17212536931037903
,678,42,,0.07460390031337738,0.11423912644386292
,679,42,,0.09911507368087769,0.15393191576004028
,680,42,,0.07980089634656906,0.10723628103733063
,681,42,,0.05879944562911987,0.1666882485151291
,682,42,,0.0797426626086235,0.09268748760223389
,683,42,,0.06194334477186203,0.1682390570640564
,684,42,,0.07010985165834427,0.14412766695022583
,685,42,,0.06625768542289734,0.1488734632730484
,686,42,,0.05384344607591629,0.13803163170814514
,687,42,,0.07265545427799225,0.13950642943382263
688,,43,0.00897558219730854,,0.10072046518325806
689,,43,0.002520996844395995,,0.1773855984210968
690,,43,0.001347023993730545,,0.08656902611255646
691,,43,0.004100274294614792,,0.1291765421628952
692,,43,0.002497897483408451,,0.09189403802156448
693,,43,0.0004908867413178086,,0.11832599341869354
694,,43,0.0014799401396885514,,0.1030535027384758
695,,43,0.0032772934064269066,,0.008946009911596775
696,,43,0.0008925450965762138,,0.08721923828125
697,,43,0.0038973833434283733,,0.06768923252820969
698,,43,0.00492167379707098,,0.18822744488716125
699,,43,0.0024225120432674885,,0.18014588952064514
700,,43,0.0017902916297316551,,0.10587482154369354
701,,43,0.0025925040245056152,,0.11959154158830643
702,,43,0.0028243374545127153,,0.14394330978393555
703,,43,0.0033818793017417192,,0.035547371953725815
,688,43,,0.07339709252119064,0.15648293495178223
,689,43,,0.06262025237083435,0.11013108491897583
,690,43,,0.03738900274038315,0.1473637819290161
,691,43,,0.09143580496311188,0.12896479666233063
,692,43,,0.043254900723695755,0.13621677458286285
,693,43,,0.07897379249334335,0.16624979674816132
,694,43,,0.05101529508829117,0.10444609820842743
,695,43,,0.05369392782449722,0.16349825263023376
,696,43,,0.07240599393844604,0.16063953936100006
,697,43,,0.0527750626206398,0.16235974431037903
,698,43,,0.04967276751995087,0.14684933423995972
,699,43,,0.048099786043167114,0.16700215637683868
,700,43,,0.05452680587768555,0.13001982867717743
,701,43,,0.05266989767551422,0.17243552207946777
,702,43,,0.06523264944553375,0.08840879797935486
,703,43,,0.053175680339336395,0.1720406711101532
704,,44,0.001219191588461399,,0.1370326429605484
705,,44,0.0025054719299077988,,0.11393146216869354
706,,44,0.0020276587456464767,,0.08268892765045166
707,,44,0.00085220648907125,,0.07567860931158066
708,,44,0.002505891490727663,,0.0893990695476532
709,,44,0.0021649093832820654,,0.08567467331886292
710,,44,0.0009009705390781164,,0.13033123314380646
711,,44,0.0016839983873069286,,0.05745027959346771
712,,44,0.00038750801468268037,,0.09125129133462906
713,,44,0.0016116906190291047,,0.05527418106794357
714,,44,0.001624294207431376,,0.17042136192321777
715,,44,0.0004674412775784731,,0.0504935123026371
716,,44,0.000702893768902868,,0.05347427353262901
717,,44,0.004795030690729618,,0.16861148178577423
718,,44,0.0007920233183540404,,0.12445566803216934
719,,44,0.0003030281513929367,,0.13955500721931458
,704,44,,0.0485539510846138,0.11851158738136292
,705,44,,0.0489354208111763,0.15215939283370972
,706,44,,0.04564071446657181,0.11873455345630646
,707,44,,0.05469273775815964,0.1533041149377823
,708,44,,0.039466336369514465,0.14623400568962097
,709,44,,0.05589466914534569,0.1760602593421936
,710,44,,0.0779825896024704,0.10636061429977417
,711,44,,0.04424110800027847,0.11575878411531448
,712,44,,0.04181781783699989,0.11902478337287903
,713,44,,0.07305745780467987,0.21297036111354828
,714,44,,0.054997049272060394,0.12951286137104034
,715,44,,0.03953450173139572,0.12336699664592743
,716,44,,0.05038898438215256,0.1726609766483307
,717,44,,0.0520368367433548,0.19162049889564514
,718,44,,0.05506144464015961,0.1465890109539032
,719,44,,0.04983416199684143,0.15655517578125
720,,45,0.0014925512950867414,,0.037128061056137085
721,,45,0.0032964216079562902,,0.10046759992837906
722,,45,0.003544262144714594,,0.12465621531009674
723,,45,0.003866781946271658,,0.07305285334587097
724,,45,0.003444016445428133,,0.1826794594526291
725,,45,0.0006412544753402472,,0.13391612470149994
726,,45,0.004117494449019432,,0.10450340062379837
727,,45,0.00530498381704092,,0.15593859553337097
728,,45,0.0027520915027707815,,0.0848214328289032
729,,45,0.0018260899232700467,,0.04488949105143547
730,,45,0.0007662870339117944,,0.07722441852092743
731,,45,0.0007735885446891189,,0.08099988102912903
732,,45,0.004348541609942913,,0.10350441187620163
733,,45,0.0032403278164565563,,0.1250959187746048
734,,45,0.0016518892953172326,,0.04932263493537903
735,,45,0.002801527502015233,,0.14793801307678223
,720,45,,0.05976315215229988,0.1932024210691452
,721,45,,0.044231515377759933,0.08705233037471771
,722,45,,0.05808030441403389,0.13580571115016937
,723,45,,0.06756966561079025,0.13449408113956451
,724,45,,0.060056012123823166,0.13890978693962097
,725,45,,0.07044985145330429,0.12864716351032257
,726,45,,0.058990634977817535,0.10587108135223389
,727,45,,0.061368394643068314,0.1715959906578064
,728,45,,0.07584309577941895,0.1343470960855484
,729,45,,0.04699287191033363,0.1508079171180725
,730,45,,0.06995027512311935,0.14790187776088715
,731,45,,0.05644603073596954,0.12532509863376617
,732,45,,0.05498418211936951,0.11379817873239517
,733,45,,0.04383857548236847,0.17792868614196777
,734,45,,0.04618532583117485,0.15966174006462097
,735,45,,0.053444646298885345,0.15384845435619354
736,,46,0.0019970291759818792,,0.12688961625099182
737,,46,0.0011390394065529108,,0.012926996685564518
738,,46,0.0005687662051059306,,0.15747568011283875
739,,46,0.002039351500570774,,0.08173978328704834
740,,46,0.0011943724239245057,,0.0245622918009758
741,,46,0.0034287991002202034,,0.11868224292993546
742,,46,0.005222527775913477,,0.022771097719669342
743,,46,0.001972933765500784,,0.08631742000579834
744,,46,0.00041042990051209927,,0.08007937669754028
745,,46,0.0005104397423565388,,0.06799939274787903
746,,46,0.002760798903182149,,0.16342848539352417
747,,46,0.0106134545058012,,0.24633044004440308
748,,46,0.0005978576373308897,,0.05729831010103226
749,,46,0.0011639483273029327,,0.0062255859375
750,,46,0.0026478152722120285,,0.10645651817321777
751,,46,0.005435323342680931,,0.13859963417053223
,736,46,,0.0643571987748146,0.17580366134643555
,737,46,,0.05898870527744293,0.1394491344690323
,738,46,,0.057502903044223785,0.13971693813800812
,739,46,,0.049336232244968414,0.148821160197258
,740,46,,0.05369820073246956,0.1043788343667984
,741,46,,0.04456567019224167,0.16631582379341125
,742,46,,0.06360600143671036,0.11293995380401611
,743,46,,0.07694247364997864,0.13800671696662903
,744,46,,0.04926913231611252,0.14947509765625
,745,46,,0.05609907954931259,0.19129164516925812
,746,46,,0.06862735003232956,0.1339360475540161
,747,46,,0.0705384612083435,0.14021269977092743
,748,46,,0.05016148090362549,0.15961192548274994
,749,46,,0.053826455026865005,0.1499284952878952
,750,46,,0.05437549576163292,0.1691371351480484
,751,46,,0.07050532102584839,0.17146769165992737
752,,47,0.00030936094117350876,,0.083609439432621
753,,47,0.00356152281165123,,0.20570841431617737
754,,47,0.0043514082208275795,,0.17220757901668549
755,,47,0.005187373608350754,,0.10442493110895157
756,,47,0.001562763238325715,,0.035826392471790314
757,,47,0.0044106082059443,,0.09302006661891937
758,,47,0.003254726529121399,,0.13171884417533875
759,,47,0.005711167585104704,,0.03281573951244354
760,,47,0.013657299801707268,,0.04404371231794357
761,,47,0.0015517915599048138,,0.10329017043113708
762,,47,0.004098936915397644,,0.24627685546875
763,,47,0.0013609634479507804,,0.08434685319662094
764,,47,0.01093700248748064,,0.20427468419075012
765,,47,0.0021844664588570595,,0.12263955920934677
766,,47,0.0011773474980145693,,0.10815305262804031
767,,47,0.0012405056040734053,,0.041819047182798386
,752,47,,0.06042911857366562,0.13702392578125
,753,47,,0.07393932342529297,0.147216796875
,754,47,,0.07402437925338745,0.16999536752700806
,755,47,,0.07407066971063614,0.16249427199363708
,756,47,,0.09150931239128113,0.1816680133342743
,757,47,,0.06792545318603516,0.18880416452884674
,758,47,,0.0769793912768364,0.16369503736495972
,759,47,,0.0793306827545166,0.1382533460855484
,760,47,,0.09451347589492798,0.1900198757648468
,761,47,,0.08106236904859543,0.1897146999835968
,762,47,,0.06758818030357361,0.16366389393806458
,763,47,,0.06052030250430107,0.11167939007282257
,764,47,,0.07382085174322128,0.14555639028549194
,765,47,,0.04757582023739815,0.09883086383342743
,766,47,,0.07628379017114639,0.1324824094772339
,767,47,,0.06574249267578125,0.1753789186477661
768,,48,0.0004397341108415276,,0.12268440425395966
769,,48,0.0017747449455782771,,0.09666598588228226
770,,48,0.0015650553395971656,,0.041284676641225815
771,,48,0.001225252985022962,,0.07839281111955643
772,,48,0.0022142138332128525,,0.1674729883670807
773,,48,0.0011832175077870488,,0.09829150885343552
774,,48,0.00551428971812129,,0.10579634457826614
775,,48,0.0042582666501402855,,0.11530163884162903
776,,48,0.0022602451499551535,,0.09864901006221771
777,,48,0.0017702754121273756,,0.11391277611255646
778,,48,0.0016089477576315403,,0.0913521870970726
779,,48,0.0012194163864478469,,0.14489372074604034
780,,48,0.00233985623344779,,0.043353643268346786
781,,48,0.004980940837413073,,0.19698286056518555
782,,48,0.004234114661812782,,0.09486483037471771
783,,48,0.0009055969421751797,,0.13262690603733063
,768,48,,0.07459746301174164,0.17684748768806458
,769,48,,0.09294312447309494,0.16900262236595154
,770,48,,0.09139477461576462,0.1757276952266693
,771,48,,0.0762047991156578,0.12622195482254028
,772,48,,0.07573942840099335,0.14290571212768555
,773,48,,0.05830034613609314,0.1380690038204193
,774,48,,0.06057649105787277,0.13020044565200806
,775,48,,0.046946167945861816,0.14816096425056458
,776,48,,0.08311477303504944,0.12724335491657257
,777,48,,0.058847978711128235,0.14946015179157257
,778,48,,0.051135413348674774,0.10802226513624191
,779,48,,0.07476579397916794,0.1188441663980484
,780,48,,0.1367444097995758,0.17591702938079834
,781,48,,0.06839878857135773,0.11325011402368546
,782,48,,0.08738366514444351,0.12177136540412903
,783,48,,0.07255705446004868,0.19366206228733063
784,,49,0.0012862971052527428,,0.09707081317901611
785,,49,0.0024726283736526966,,0.17782780528068542
786,,49,0.002327200723811984,,0.03891676291823387
787,,49,0.003067882964387536,,0.04186513274908066
788,,49,0.0034434781409800053,,0.15444885194301605
789,,49,0.001837582909502089,,0.1904894858598709
790,,49,0.0015511943493038416,,0.003694495651870966
791,,49,0.0017217975109815598,,0.09386086463928223
792,,49,0.0018554138951003551,,0.08328309655189514
793,,49,0.008858514949679375,,0.2026803195476532
794,,49,0.0023068569134920835,,0.15604448318481445
795,,49,0.0013977725757285953,,0.02307378128170967
796,,49,0.0008057454251684248,,0.0560215562582016
797,,49,0.002360359765589237,,0.025862714275717735
798,,49,0.005519835744053125,,0.07274643331766129
799,,49,0.0023901723325252533,,0.09276970475912094
,784,49,,0.051400188356637955,0.1707676500082016
,785,49,,0.05630911886692047,0.1692853569984436
,786,49,,0.048446379601955414,0.12347537279129028
,787,49,,0.06131136417388916,0.1339983344078064
,788,49,,0.03963132202625275,0.1586378514766693
,789,49,,0.06500944495201111,0.15954838693141937
,790,49,,0.059521403163671494,0.19176623225212097
,791,49,,0.046999841928482056,0.13244380056858063
,792,49,,0.04183032363653183,0.11371472477912903
,793,49,,0.0634002685546875,0.1419777274131775
,794,49,,0.045445311814546585,0.12631163001060486
,795,49,,0.07125301659107208,0.18321508169174194
,796,49,,0.06034189835190773,0.18530523777008057
,797,49,,0.058193355798721313,0.13581940531730652
,798,49,,0.03329168260097504,0.17042511701583862
,799,49,,0.05945718660950661,0.1362479031085968
800,,50,0.0022765148896723986,,0.05205053091049194
801,,50,0.00012517633149400353,,0.060726240277290344
802,,50,0.001685977098532021,,0.053622499108314514
803,,50,0.001185072585940361,,0.09250936657190323
804,,50,0.0013903533108532429,,0.10552480816841125
805,,50,0.0014397873310372233,,0.07882504165172577
806,,50,0.0045903949066996574,,0.2038038671016693
807,,50,0.0010290720965713263,,0.05320895463228226
808,,50,0.0012562470510601997,,0.07356356084346771
809,,50,0.0007986589916981757,,0.031916406005620956
810,,50,0.002205266384407878,,0.13315752148628235
811,,50,0.002464879769831896,,0.06509337574243546
812,,50,0.0031210160814225674,,0.045112453401088715
813,,50,0.002492415951564908,,0.08737368881702423
814,,50,0.0016481028869748116,,0.18545220792293549
815,,50,0.0016204332932829857,,0.07867556065320969
,800,50,,0.045673806220293045,0.14007568359375
,801,50,,0.08377926051616669,0.19315260648727417
,802,50,,0.05142831802368164,0.12452666461467743
,803,50,,0.07709260284900665,0.1778128445148468
,804,50,,0.027869680896401405,0.15076929330825806
,805,50,,0.06582684814929962,0.20430335402488708
,806,50,,0.049358293414115906,0.07924854755401611
,807,50,,0.07803260535001755,0.1674119532108307
,808,50,,0.0771327093243599,0.13291214406490326
,809,50,,0.04114227369427681,0.1253587305545807
,810,50,,0.05754997208714485,0.13198666274547577
,811,50,,0.05473297834396362,0.16029077768325806
,812,50,,0.06166169047355652,0.18300582468509674
,813,50,,0.07132034748792648,0.14424848556518555
,814,50,,0.05729416012763977,0.1842128187417984
,815,50,,0.06315115094184875,0.14629754424095154
816,,51,0.0037709600292146206,,0.11348553001880646
817,,51,0.0014101036358624697,,0.1901693493127823
818,,51,0.0040047187358140945,,0.12176139652729034
819,,51,0.0014386177062988281,,0.14300289750099182
820,,51,0.0018862392753362656,,0.1722412109375
821,,51,0.0010239602997899055,,0.01297433115541935
822,,51,0.000597755832131952,,0.18030035495758057
823,,51,0.00019971225992776453,,0.09127870202064514
824,,51,0.0028857537545263767,,0.05365613102912903
825,,51,0.006346032954752445,,0.03911232575774193
826,,51,0.0019317069090902805,,0.012070012278854847
827,,51,0.0019613481126725674,,0.14810991287231445
828,,51,0.0026522392872720957,,0.09493084251880646
829,,51,0.001693369122222066,,0.09671207517385483
830,,51,0.0011132783256471157,,0.02297288551926613
831,,51,0.004285632632672787,,0.14537328481674194
,816,51,,0.05413280427455902,0.1700701117515564
,817,51,,0.06931550800800323,0.1667567640542984
,818,51,,0.0893276184797287,0.14991480112075806
,819,51,,0.061143308877944946,0.18519186973571777
,820,51,,0.05723834037780762,0.15762019157409668
,821,51,,0.051791224628686905,0.19133400917053223
,822,51,,0.062202781438827515,0.14036092162132263
,823,51,,0.05851054564118385,0.14136365056037903
,824,51,,0.04340341314673424,0.14550158381462097
,825,51,,0.06565771996974945,0.16008898615837097
,826,51,,0.05547349154949188,0.12744763493537903
,827,51,,0.06043437495827675,0.14027248322963715
,828,51,,0.0538313090801239,0.1629289984703064
,829,51,,0.04682733863592148,0.15566954016685486
,830,51,,0.047720424830913544,0.1694585084915161
,831,51,,0.05297774821519852,0.1767216920852661
832,,52,0.0002349279820919037,,0.04127222299575806
833,,52,0.0016224430873990059,,0.07898572087287903
834,,52,0.0007215894293040037,,0.03638068959116936
835,,52,0.002113422378897667,,0.06415417790412903
836,,52,0.0017090444453060627,,0.02203119918704033
837,,52,0.004072701558470726,,0.15013153851032257
838,,52,0.003840527031570673,,0.13079211115837097
839,,52,0.001189937349408865,,0.10007025301456451
840,,52,0.002753248205408454,,0.15961690247058868
841,,52,0.007001499179750681,,0.044234294444322586
842,,52,0.0031509133987128735,,0.08628129214048386
843,,52,0.0010961821535602212,,0.15094368159770966
844,,52,0.0023295299615710974,,0.12046471238136292
845,,52,0.00538036972284317,,0.09688147902488708
846,,52,0.00107163330540061,,0.09861039370298386
847,,52,0.0009351919870823622,,0.13385134935379028
,832,52,,0.032736387103796005,0.16089987754821777
,833,52,,0.03583740442991257,0.13679224252700806
,834,52,,0.05481557920575142,0.1475144922733307
,835,52,,0.04718664288520813,0.13436204195022583
,836,52,,0.054403673857450485,0.1663133203983307
,837,52,,0.05100870877504349,0.14652174711227417
,838,52,,0.0347050204873085,0.17525310814380646
,839,52,,0.05761844664812088,0.1757737696170807
,840,52,,0.0472232848405838,0.10546252131462097
,841,52,,0.061765529215335846,0.21357446908950806
,842,52,,0.06471827626228333,0.13392233848571777
,843,52,,0.03556017950177193,0.14969930052757263
,844,52,,0.07410390675067902,0.20369049906730652
,845,52,,0.05235018581151962,0.17423419654369354
,846,52,,0.03532562404870987,0.10779306292533875
,847,52,,0.05225197225809097,0.15301264822483063
848,,53,0.0010569104924798012,,0.10560327768325806
849,,53,0.001199754187837243,,0.13305912911891937
850,,53,0.0011717845918610692,,0.10561199486255646
851,,53,0.0037636428605765104,,0.042121730744838715
852,,53,0.018710508942604065,,0.20414890348911285
853,,53,0.004555519204586744,,0.12060422450304031
854,,53,0.002083679661154747,,0.08978894352912903
855,,53,0.0007025001686997712,,0.05869464576244354
856,,53,0.0032438337802886963,,0.07012316584587097
857,,53,0.005627675447613001,,0.23257508873939514
858,,53,0.0016042502829805017,,0.03564079478383064
859,,53,0.002663377206772566,,0.14718565344810486
860,,53,0.0006725187413394451,,0.11957534402608871
861,,53,0.00085723667871207,,0.031547702848911285
862,,53,0.0010754070244729519,,0.026611328125
863,,53,0.0020989859476685524,,0.010539152659475803
,848,53,,0.054011646658182144,0.14452502131462097
,849,53,,0.07072203606367111,0.15794029831886292
,850,53,,0.06701810657978058,0.09748435020446777
,851,53,,0.07225114107131958,0.1738106906414032
,852,53,,0.0664730966091156,0.14233273267745972
,853,53,,0.05120112746953964,0.13754335045814514
,854,53,,0.06719432771205902,0.13715596497058868
,855,53,,0.07905173301696777,0.16413350403308868
,856,53,,0.07300727069377899,0.17000532150268555
,857,53,,0.046105898916721344,0.2207106053829193
,858,53,,0.07267101109027863,0.17532038688659668
,859,53,,0.08606889098882675,0.11949314177036285
,860,53,,0.07672093063592911,0.13563257455825806
,861,53,,0.05485507845878601,0.19680100679397583
,862,53,,0.05689544603228569,0.11633549630641937
,863,53,,0.08043175935745239,0.12748998403549194
864,,54,0.0033938372507691383,,0.05741290748119354
865,,54,0.001408098847605288,,0.11829859018325806
866,,54,0.0007710348581895232,,0.18146374821662903
867,,54,0.0012748795561492443,,0.24451680481433868
868,,54,0.006970252841711044,,0.1015973836183548
869,,54,0.0024429545737802982,,0.10555469989776611
870,,54,0.0027415729127824306,,0.10881447792053223
871,,54,0.002452877815812826,,0.2138771414756775
872,,54,0.0017417536582797766,,0.07630142569541931
873,,54,0.0014569925842806697,,0.056205905973911285
874,,54,0.0011568586342036724,,0.027193032205104828
875,,54,0.0005750431446358562,,0.08638840913772583
876,,54,0.003908591810613871,,0.03858543187379837
877,,54,0.003561842255294323,,0.057877518236637115
878,,54,0.0018730945885181427,,0.05975341796875
879,,54,0.002598122926428914,,0.07689432799816132
,864,54,,0.04876406118273735,0.12802934646606445
,865,54,,0.04174782335758209,0.11815285682678223
,866,54,,0.04858357831835747,0.13305538892745972
,867,54,,0.06657151877880096,0.1241891086101532
,868,54,,0.0562501922249794,0.12342429906129837
,869,54,,0.05608448386192322,0.22342106699943542
,870,54,,0.05509655922651291,0.10846071690320969
,871,54,,0.09992359578609467,0.19395354390144348
,872,54,,0.03535934165120125,0.14621157944202423
,873,54,,0.04509027302265167,0.13515177369117737
,874,54,,0.0469740591943264,0.13269416987895966
,875,54,,0.06237219274044037,0.13152453303337097
,876,54,,0.04395401477813721,0.07227559387683868
,877,54,,0.07759752124547958,0.15383848547935486
,878,54,,0.047658778727054596,0.12428376078605652
,879,54,,0.054862793534994125,0.16058349609375
880,,55,0.0017202005255967379,,0.07453389465808868
881,,55,0.006111380644142628,,0.2111554890871048
882,,55,0.0022288858890533447,,0.039671607315540314
883,,55,0.003566430415958166,,0.08345125615596771
884,,55,0.002189034130424261,,0.05970732867717743
885,,55,0.0022985534742474556,,0.09802993386983871
886,,55,0.0025245435535907745,,0.15833640098571777
887,,55,0.001593329245224595,,0.087384894490242
888,,55,0.0019281371496617794,,0.136274054646492
889,,55,0.001493894960731268,,0.12074373662471771
890,,55,0.0005003999685868621,,0.03690633922815323
891,,55,0.0026813617441803217,,0.08187679201364517
892,,55,0.003174060955643654,,0.15441520512104034
893,,55,0.001456410507671535,,0.030696947127580643
894,,55,0.0009876685217022896,,0.08753188699483871
895,,55,0.001140499021857977,,0.11611751466989517
,880,55,,0.0588434673845768,0.1628754436969757
,881,55,,0.06570963561534882,0.116524837911129
,882,55,,0.06853589415550232,0.16503655910491943
,883,55,,0.07779093086719513,0.1740809977054596
,884,55,,0.061393000185489655,0.2030203640460968
,885,55,,0.05241534113883972,0.1628156453371048
,886,55,,0.07048170268535614,0.1335897594690323
,887,55,,0.06871601939201355,0.10052116215229034
,888,55,,0.05382396653294563,0.1416538655757904
,889,55,,0.05494341999292374,0.16455575823783875
,890,55,,0.07234883308410645,0.1669660210609436
,891,55,,0.09569679200649261,0.17939478158950806
,892,55,,0.06231508404016495,0.18394875526428223
,893,55,,0.06427539885044098,0.13976053893566132
,894,55,,0.055157311260700226,0.17044004797935486
,895,55,,0.0860719233751297,0.14399313926696777
896,,56,0.003304974175989628,,0.12483806908130646
897,,56,0.0007821937906555831,,0.1693190038204193
898,,56,0.007068864069879055,,0.0809849351644516
899,,56,0.000651918351650238,,0.09928301721811295
900,,56,0.0010488522239029408,,0.05269825458526611
901,,56,0.0012513553956523538,,0.09827780723571777
902,,56,0.0011081381235271692,,0.1159929484128952
903,,56,0.0028196778148412704,,0.029947085306048393
904,,56,0.0009368864120915532,,0.05513592064380646
905,,56,0.005681193433701992,,0.10192622244358063
906,,56,0.0015443607699126005,,0.09861163794994354
907,,56,0.0014931797049939632,,0.08230778574943542
908,,56,0.0011826222762465477,,0.04264364391565323
909,,56,0.001426877686753869,,0.0612618550658226
910,,56,0.008903133682906628,,0.15671461820602417
911,,56,0.0032694225665181875,,0.07378029823303223
,896,56,,0.06296031177043915,0.16113655269145966
,897,56,,0.07344891130924225,0.20886853337287903
,898,56,,0.0524359792470932,0.15810471773147583
,899,56,,0.06911280006170273,0.15440399944782257
,900,56,,0.04636179655790329,0.1779261976480484
,901,56,,0.05458766967058182,0.1529030203819275
,902,56,,0.05911283940076828,0.1504080593585968
,903,56,,0.058041222393512726,0.14774619042873383
,904,56,,0.04039282724261284,0.1914921998977661
,905,56,,0.04913661256432533,0.1508452594280243
,906,56,,0.03629027679562569,0.11259616166353226
,907,56,,0.04903356730937958,0.1400407999753952
,908,56,,0.05037227272987366,0.16345463693141937
,909,56,,0.06939325481653214,0.15051394701004028
,910,56,,0.06714902818202972,0.14306017756462097
,911,56,,0.04536837339401245,0.1196550652384758
912,,57,0.0038706872146576643,,0.14305894076824188
913,,57,0.0015204204246401787,,0.09056371450424194
914,,57,0.001948286429978907,,0.11504878848791122
915,,57,0.00075905880657956,,0.09490593522787094
916,,57,0.0013131784508004785,,0.05426399037241936
917,,57,0.001265253871679306,,0.08878123760223389
918,,57,0.005615690723061562,,0.2027326375246048
919,,57,0.0006564983632415533,,0.07173249870538712
920,,57,0.0023670836817473173,,0.1548100709915161
921,,57,0.0023295891005545855,,0.05891885980963707
922,,57,0.016794489696621895,,0.1975022852420807
923,,57,0.004534265026450157,,0.15896794199943542
924,,57,0.0020380381029099226,,0.09809470176696777
925,,57,0.001679600914940238,,0.13010577857494354
926,,57,0.00147016323171556,,0.06743637472391129
927,,57,0.0008030586177483201,,0.03203099966049194
,912,57,,0.06231992691755295,0.13206887245178223
,913,57,,0.052066024392843246,0.16351568698883057
,914,57,,0.05711068585515022,0.16320675611495972
,915,57,,0.062004804611206055,0.1397343873977661
,916,57,,0.058077555149793625,0.11320651322603226
,917,57,,0.10838712751865387,0.18771672248840332
,918,57,,0.09524954855442047,0.19706134498119354
,919,57,,0.05559181421995163,0.17207056283950806
,920,57,,0.05918412655591965,0.1918409764766693
,921,57,,0.06995770335197449,0.1890433132648468
,922,57,,0.06445091962814331,0.17357900738716125
,923,57,,0.06669759750366211,0.1908818483352661
,924,57,,0.060153860598802567,0.14634612202644348
,925,57,,0.06337825953960419,0.14540068805217743
,926,57,,0.04166720062494278,0.12930360436439514
,927,57,,0.042404718697071075,0.14671605825424194
928,,58,0.0032044644467532635,,0.15047034621238708
929,,58,0.0011738353641703725,,0.17657096683979034
930,,58,0.0014093415811657906,,0.1498051881790161
931,,58,0.001333347288891673,,0.17061567306518555
932,,58,0.002912544645369053,,0.030131438747048378
933,,58,0.003006450831890106,,0.1125139594078064
934,,58,0.001051211846061051,,0.044249244034290314
935,,58,0.0007792955148033798,,0.03555484861135483
936,,58,0.0019913518335670233,,0.07531115412712097
937,,58,0.0016617124201729894,,0.023846060037612915
938,,58,0.0022034882567822933,,0.07251599431037903
939,,58,0.0008254816057160497,,0.0414777472615242
940,,58,0.0021448880434036255,,0.1425856053829193
941,,58,0.0033693164587020874,,0.1501365303993225
942,,58,0.0003164810477755964,,0.029115015640854836
943,,58,0.0024116523563861847,,0.09210827946662903
,928,58,,0.04727035015821457,0.10665582120418549
,929,58,,0.06685391068458557,0.21737731993198395
,930,58,,0.04737737774848938,0.20005206763744354
,931,58,,0.03815723955631256,0.12295345216989517
,932,58,,0.04335162416100502,0.10239830613136292
,933,58,,0.06040938198566437,0.14410151541233063
,934,58,,0.04458633437752724,0.13468590378761292
,935,58,,0.041415803134441376,0.13728800415992737
,936,58,,0.041604164987802505,0.11128327995538712
,937,58,,0.04781806841492653,0.19671007990837097
,938,58,,0.04910232499241829,0.11801957339048386
,939,58,,0.030770324170589447,0.13176119327545166
,940,58,,0.05312356352806091,0.14682318270206451
,941,58,,0.044113337993621826,0.1345750391483307
,942,58,,0.0318535678088665,0.15789920091629028
,943,58,,0.0610431507229805,0.16011764109134674
944,,59,0.0014032109174877405,,0.06487414240837097
945,,59,0.0012217453913763165,,0.10024090856313705
946,,59,0.0012714497279375792,,0.1769496351480484
947,,59,0.0021851337514817715,,0.03668212890625
948,,59,0.005630641244351864,,0.09597092866897583
949,,59,0.0026096731889992952,,0.15685535967350006
950,,59,0.0008785818936303258,,0.12092559039592743
951,,59,0.0004651924245990813,,0.08274124562740326
952,,59,0.0005294313887134194,,0.05132807791233063
953,,59,0.0014358971966430545,,0.08934301137924194
954,,59,0.010770762339234352,,0.11309939622879028
955,,59,0.003413297003135085,,0.06762570887804031
956,,59,0.0006775682559236884,,0.07259944826364517
957,,59,0.009821224957704544,,0.25317633152008057
958,,59,0.0007463849615305662,,0.024162448942661285
959,,59,0.003940680995583534,,0.04469766467809677
,944,59,,0.04661143571138382,0.20029744505882263
,945,59,,0.054221466183662415,0.1812482476234436
,946,59,,0.030835408717393875,0.16315320134162903
,947,59,,0.05628669261932373,0.2082781195640564
,948,59,,0.054944127798080444,0.1571829617023468
,949,59,,0.04921660199761391,0.15256670117378235
,950,59,,0.04720453545451164,0.13722321391105652
,951,59,,0.0720423012971878,0.16579140722751617
,952,59,,0.03990153223276138,0.14921477437019348
,953,59,,0.06380163878202438,0.10066690295934677
,954,59,,0.04822569340467453,0.14741608500480652
,955,59,,0.05746813863515854,0.11941716074943542
,956,59,,0.04164666682481766,0.14078444242477417
,957,59,,0.05785122141242027,0.18483811616897583
,958,59,,0.050990134477615356,0.14895318448543549
,959,59,,0.0676921159029007,0.18474718928337097
960,,60,0.0010734547395259142,,0.14761164784431458
961,,60,0.0016373824328184128,,0.09256915748119354
962,,60,0.0017809746786952019,,0.04807204008102417
963,,60,0.0011648358777165413,,0.07388991117477417
964,,60,0.008882091380655766,,0.08178337663412094
965,,60,0.0023105405271053314,,0.08941525220870972
966,,60,0.0022509931586682796,,0.12051454186439514
967,,60,0.0027592512778937817,,0.12894611060619354
968,,60,0.0016449200920760632,,0.06840422004461288
969,,60,0.0012314009945839643,,0.14408406615257263
970,,60,0.0016241203993558884,,0.10439877212047577
971,,60,0.0003642538213171065,,0.097952701151371
972,,60,0.008232549764215946,,0.07329699397087097
973,,60,0.0024830172769725323,,0.1374162882566452
974,,60,0.0024652474094182253,,0.0315900556743145
975,,60,0.0008362013031728566,,0.09433169662952423
,960,60,,0.04948247969150543,0.1396135687828064
,961,60,,0.04574604332447052,0.0875680074095726
,962,60,,0.07874492555856705,0.12251001596450806
,963,60,,0.04249350726604462,0.1092965304851532
,964,60,,0.03787369653582573,0.1657802015542984
,965,60,,0.04161786288022995,0.12056809663772583
,966,60,,0.053020231425762177,0.15046286582946777
,967,60,,0.06445183604955673,0.15244215726852417
,968,60,,0.0368279330432415,0.12311787903308868
,969,60,,0.0565950945019722,0.16809207201004028
,970,60,,0.04772203415632248,0.1936109960079193
,971,60,,0.036476314067840576,0.14564856886863708
,972,60,,0.06037899851799011,0.19419145584106445
,973,60,,0.04516788572072983,0.10620491206645966
,974,60,,0.04240953177213669,0.15356071293354034
,975,60,,0.056893154978752136,0.18094557523727417
976,,61,0.0030700145289301872,,0.07057657092809677
977,,61,0.003907281905412674,,0.14638970792293549
978,,61,0.0005859765224158764,,0.13625289499759674
979,,61,0.0005879643722437322,,0.10827511548995972
980,,61,0.0006819170666858554,,0.08905153721570969
981,,61,0.0007757837884128094,,0.12006361782550812
982,,61,0.003827733686193824,,0.0291224904358387
983,,61,0.0005408012075349689,,0.18496392667293549
984,,61,0.002626476576551795,,0.1284017711877823
985,,61,0.00034327147295698524,,0.06897221505641937
986,,61,0.00023725027858745307,,0.0755440890789032
987,,61,0.006468740291893482,,0.09755410999059677
988,,61,0.0025901556946337223,,0.2207392454147339
989,,61,0.0018031946383416653,,0.0550624281167984
990,,61,0.003217749297618866,,0.13610465824604034
991,,61,0.005193652119487524,,0.07815863192081451
,976,61,,0.03694124519824982,0.11354780942201614
,977,61,,0.06763524562120438,0.19320616126060486
,978,61,,0.04740637540817261,0.13687944412231445
,979,61,,0.056814953684806824,0.14982759952545166
,980,61,,0.06412583589553833,0.14095260202884674
,981,61,,0.051551371812820435,0.13671875
,982,61,,0.04554944485425949,0.12528151273727417
,983,61,,0.05382547527551651,0.12902458012104034
,984,61,,0.05436636134982109,0.1326991468667984
,985,61,,0.05326100438833237,0.12962746620178223
,986,61,,0.0649724155664444,0.19981913268566132
,987,61,,0.053482040762901306,0.20418128371238708
,988,61,,0.05037952959537506,0.16732974350452423
,989,61,,0.035365030169487,0.12153968214988708
,990,61,,0.05776486545801163,0.15354576706886292
,991,61,,0.06529981642961502,0.12295844405889511
992,,62,0.0007992482860572636,,0.1575915366411209
993,,62,0.0018248839769512415,,0.14142842590808868
994,,62,0.0042754290625452995,,0.21935537457466125
995,,62,0.006124207749962807,,0.14224055409431458
996,,62,0.00042813830077648163,,0.14566351473331451
997,,62,0.0016225301660597324,,0.10497549176216125
998,,62,0.000906392524484545,,0.07442551851272583
999,,62,0.0008625503396615386,,0.015372141264379025
1000,,62,0.002240091096609831,,0.18536627292633057
1001,,62,0.0013657072558999062,,0.025546327233314514
1002,,62,0.0009509780793450773,,0.12703034281730652
1003,,62,0.002475338988006115,,0.07824956625699997
1004,,62,0.0013145457487553358,,0.0462297722697258
1005,,62,0.007918605580925941,,0.2618507742881775
1006,,62,0.001087760552763939,,0.11830606311559677
1007,,62,0.0020506971050053835,,0.14554890990257263
,992,62,,0.06349335610866547,0.1503034234046936
,993,62,,0.05282214283943176,0.09834881126880646
,994,62,,0.05176585167646408,0.14551404118537903
,995,62,,0.06040900945663452,0.16445611417293549
,996,62,,0.07806994020938873,0.11020457744598389
,997,62,,0.04673601686954498,0.138916015625
,998,62,,0.08422819525003433,0.2165166139602661
,999,62,,0.07224373519420624,0.20591393113136292
,1000,62,,0.038812022656202316,0.14042320847511292
,1001,62,,0.07699871063232422,0.1314348429441452
,1002,62,,0.04161328077316284,0.11024942249059677
,1003,62,,0.1004583090543747,0.1676723062992096
,1004,62,,0.07542216032743454,0.17881059646606445
,1005,62,,0.0428447499871254,0.14920355379581451
,1006,62,,0.05996714532375336,0.15756163001060486
,1007,62,,0.041213564574718475,0.15292170643806458
1008,,63,0.001241336460225284,,0.034529704600572586
1009,,63,0.0026320386677980423,,0.1992087960243225
1010,,63,0.005545552354305983,,0.02113809436559677
1011,,63,0.0031469413079321384,,0.011306450702250004
1012,,63,0.0022944787051528692,,0.049949176609516144
1013,,63,0.0022747665643692017,,0.20006078481674194
1014,,63,0.0010811034590005875,,0.08436428755521774
1015,,63,0.01301179826259613,,0.17291882634162903
1016,,63,0.0065223281271755695,,0.12223473191261292
1017,,63,0.0023572579957544804,,0.11223867535591125
1018,,63,0.006535276770591736,,0.0785348117351532
1019,,63,0.001293713110499084,,0.0691005140542984
1020,,63,0.0009606485837139189,,0.12775903940200806
1021,,63,0.0007244503358379006,,0.07903555035591125
1022,,63,0.0015697161434218287,,0.04747164994478226
1023,,63,0.0002907623420469463,,0.09160006791353226
,1008,63,,0.039754658937454224,0.20043694972991943
,1009,63,,0.04590367525815964,0.10846196860074997
,1010,63,,0.09521733224391937,0.14754191040992737
,1011,63,,0.07930697500705719,0.1340506374835968
,1012,63,,0.0724206492304802,0.10895024240016937
,1013,63,,0.07414446026086807,0.11084357649087906
,1014,63,,0.04374506324529648,0.18795464932918549
,1015,63,,0.064588762819767,0.13375169038772583
,1016,63,,0.05559568852186203,0.16281190514564514
,1017,63,,0.052543383091688156,0.15146684646606445
,1018,63,,0.038662027567625046,0.15643683075904846
,1019,63,,0.03485174477100372,0.1492234766483307
,1020,63,,0.05465887486934662,0.10719393193721771
,1021,63,,0.054069872945547104,0.1476004421710968
,1022,63,,0.04773591458797455,0.15103086829185486
,1023,63,,0.051417119801044464,0.12055564671754837
1024,,64,0.0008724218350835145,,0.044796064496040344
1025,,64,0.0019200332462787628,,0.12321378290653229
1026,,64,0.0007993870531208813,,0.07169637829065323
1027,,64,0.00136441714130342,,0.09929921478033066
1028,,64,0.0010619432432577014,,0.12742646038532257
1029,,64,0.0004345190536696464,,0.08862180262804031
1030,,64,0.0016882100608199835,,0.055717628449201584
1031,,64,0.002862011780962348,,0.0398733951151371
1032,,64,0.001976708648726344,,0.08229158818721771
1033,,64,0.0010290580103173852,,0.08972665667533875
1034,,64,0.00020763417705893517,,0.02875005081295967
1035,,64,0.003477414371445775,,0.11911072582006454
1036,,64,0.002192817395552993,,0.09746940433979034
1037,,64,0.0045997994020581245,,0.10804343968629837
1038,,64,0.00231374055147171,,0.11570770293474197
1039,,64,0.001874395995400846,,0.08185063302516937
,1024,64,,0.06981471180915833,0.21590128540992737
,1025,64,,0.04627141356468201,0.18624566495418549
,1026,64,,0.06375418603420258,0.13517418503761292
,1027,64,,0.04782716929912567,0.10096460580825806
,1028,64,,0.047158900648355484,0.13886868953704834
,1029,64,,0.050104640424251556,0.14037837088108063
,1030,64,,0.035372599959373474,0.1553245186805725
,1031,64,,0.04389159381389618,0.12807044386863708
,1032,64,,0.05299324542284012,0.1355677992105484
,1033,64,,0.046479612588882446,0.10809451341629028
,1034,64,,0.05925365537405014,0.14850974082946777
,1035,64,,0.041267164051532745,0.17743417620658875
,1036,64,,0.046907197684049606,0.12980683147907257
,1037,64,,0.041078709065914154,0.11890769749879837
,1038,64,,0.034167658537626266,0.07431092113256454
,1039,64,,0.037402957677841187,0.15683294832706451
1040,,65,0.00434666546061635,,0.17260119318962097
1041,,65,0.0027410495094954967,,0.18256238102912903
1042,,65,0.004290040582418442,,0.13615572452545166
1043,,65,0.003771855030208826,,0.08719183504581451
1044,,65,0.00014984211884438992,,0.049881912767887115
1045,,65,0.0010014607105404139,,0.08585279434919357
1046,,65,0.0021754917688667774,,0.23817040026187897
1047,,65,0.0013614598428830504,,0.09325050562620163
1048,,65,0.005568013526499271,,0.11231090873479843
1049,,65,0.0027231525164097548,,0.0422101728618145
1050,,65,0.0004637078382074833,,0.09990832209587097
1051,,65,0.0021956958808004856,,0.11448949575424194
1052,,65,0.0037931110709905624,,0.23285908997058868
1053,,65,0.0007543130195699632,,0.05669543147087097
1054,,65,0.001990229357033968,,0.09246577322483063
1055,,65,0.0027116178534924984,,0.035390425473451614
,1040,65,,0.0543864369392395,0.13849124312400818
,1041,65,,0.0642908364534378,0.15904641151428223
,1042,65,,0.07544732838869095,0.15488728880882263
,1043,65,,0.10222398489713669,0.14927330613136292
,1044,65,,0.06690213084220886,0.10503153502941132
,1045,65,,0.061605848371982574,0.13986268639564514
,1046,65,,0.08084014803171158,0.21656769514083862
,1047,65,,0.0528593435883522,0.1436157077550888
,1048,65,,0.09678183495998383,0.1558588743209839
,1049,65,,0.06968465447425842,0.16023845970630646
,1050,65,,0.0467618852853775,0.13234290480613708
,1051,65,,0.07385075092315674,0.16779561340808868
,1052,65,,0.05750229209661484,0.11513098329305649
,1053,65,,0.06773777306079865,0.2025669664144516
,1054,65,,0.09180838614702225,0.11144023388624191
,1055,65,,0.06544405966997147,0.17823386192321777
1056,,66,0.0008986856555566192,,0.08808120340108871
1057,,66,0.001649390789680183,,0.14817218482494354
1058,,66,0.0005835851188749075,,0.05364491790533066
1059,,66,0.003504046006128192,,0.09595099836587906
1060,,66,0.003282040823251009,,0.16364023089408875
1061,,66,0.0014372707810252905,,0.06926369667053223
1062,,66,0.0016103670932352543,,0.04617247357964516
1063,,66,0.0014747644308954477,,0.10234972834587097
1064,,66,0.005026211962103844,,0.09643804281949997
1065,,66,0.0010507109109312296,,0.11613994091749191
1066,,66,0.002772239502519369,,0.12775903940200806
1067,,66,0.004456907510757446,,0.19826087355613708
1068,,66,0.0014055408537387848,,0.10371741652488708
1069,,66,0.0014307268429547548,,0.0220772884786129
1070,,66,0.0013220575638115406,,0.08529102802276611
1071,,66,0.0010581787209957838,,0.14464086294174194
,1056,66,,0.07099735736846924,0.18731066584587097
,1057,66,,0.05173007398843765,0.20073840022087097
,1058,66,,0.06363026797771454,0.19763806462287903
,1059,66,,0.05634906888008118,0.11931002885103226
,1060,66,,0.04768862575292587,0.14856082201004028
,1061,66,,0.04103565216064453,0.12656325101852417
,1062,66,,0.03949718922376633,0.12967728078365326
,1063,66,,0.04194146394729614,0.1629800647497177
,1064,66,,0.04709961265325546,0.16576650738716125
,1065,66,,0.03845725953578949,0.13968706130981445
,1066,66,,0.05809768661856651,0.1574968695640564
,1067,66,,0.03495179861783981,0.14011803269386292
,1068,66,,0.035044342279434204,0.11601661890745163
,1069,66,,0.03507888317108154,0.19285738468170166
,1070,66,,0.03207055479288101,0.18887017667293549
,1071,66,,0.035389937460422516,0.11362379789352417
1072,,67,0.0006532683619298041,,0.08356086909770966
1073,,67,0.00048041908303275704,,0.19863703846931458
1074,,67,0.000663666520267725,,0.08357083052396774
1075,,67,0.0022152974270284176,,0.013734155334532261
1076,,67,0.0014106438029557467,,0.18448685109615326
1077,,67,0.008441664278507233,,0.0940987691283226
1078,,67,0.0010635957587510347,,0.1095145046710968
1079,,67,0.0021338972728699446,,0.03987837955355644
1080,,67,0.0034514041617512703,,0.10373236984014511
1081,,67,0.0017510196194052696,,0.12687714397907257
1082,,67,0.00029249663930386305,,0.02142956852912903
1083,,67,0.003589707426726818,,0.13190194964408875
1084,,67,0.005582211073487997,,0.15177948772907257
1085,,67,0.011575816199183464,,0.15558981895446777
1086,,67,0.005944521632045507,,0.13018175959587097
1087,,67,0.0009850523201748729,,0.10140181332826614
,1072,67,,0.07905031740665436,0.11520074307918549
,1073,67,,0.056180745363235474,0.16547003388404846
,1074,67,,0.030938630923628807,0.14901545643806458
,1075,67,,0.04936777055263519,0.1190098375082016
,1076,67,,0.060473278164863586,0.12017323821783066
,1077,67,,0.06130819395184517,0.15429438650608063
,1078,67,,0.051140930503606796,0.17869225144386292
,1079,67,,0.05199909955263138,0.1409202218055725
,1080,67,,0.04363815486431122,0.11478595435619354
,1081,67,,0.06024860590696335,0.1475468873977661
,1082,67,,0.059963829815387726,0.15536685287952423
,1083,67,,0.056099168956279755,0.16068938374519348
,1084,67,,0.05901374667882919,0.1849539577960968
,1085,67,,0.05830930918455124,0.19674745202064514
,1086,67,,0.028598863631486893,0.16829010844230652
,1087,67,,0.05737970396876335,0.16110292077064514
1088,,68,0.0006069359369575977,,0.011773556470870972
1089,,68,0.0015115018468350172,,0.1089826226234436
1090,,68,0.0005809750873595476,,0.07853232324123383
1091,,68,0.0009931097738444805,,0.16553357243537903
1092,,68,0.005405977368354797,,0.11414943635463715
1093,,68,0.0012230932479724288,,0.08665497601032257
1094,,68,0.001193472882732749,,0.12326610088348389
1095,,68,0.000703687546774745,,0.11633425951004028
1096,,68,0.003980191890150309,,0.06405328214168549
1097,,68,0.0019184083212167025,,0.01826072297990322
1098,,68,0.002209301572293043,,0.0971330925822258
1099,,68,0.0002960664569400251,,0.10487832874059677
1100,,68,0.010014187544584274,,0.0487322136759758
1101,,68,0.0014042874099686742,,0.09918336570262909
1102,,68,0.0014402240049093962,,0.0646623894572258
1103,,68,0.004852674435824156,,0.027048539370298386
,1088,68,,0.04099547117948532,0.16250547766685486
,1089,68,,0.043590884655714035,0.12945307791233063
,1090,68,,0.05164174735546112,0.120771124958992
,1091,68,,0.03172594681382179,0.12822988629341125
,1092,68,,0.059962574392557144,0.17204315960407257
,1093,68,,0.03159044682979584,0.1004377156496048
,1094,68,,0.03386837989091873,0.13222457468509674
,1095,68,,0.035138532519340515,0.1591622531414032
,1096,68,,0.057086773216724396,0.17973607778549194
,1097,68,,0.02631215564906597,0.09285067021846771
,1098,68,,0.04894091188907623,0.13163664937019348
,1099,68,,0.03618229925632477,0.0893118679523468
,1100,68,,0.07831580936908722,0.21590003371238708
,1101,68,,0.05741510167717934,0.17880311608314514
,1102,68,,0.04451168328523636,0.13664276897907257
,1103,68,,0.046563081443309784,0.14464959502220154
1104,,69,0.0041826944798231125,,0.15554872155189514
1105,,69,0.0007125796983018517,,0.08637969195842743
1106,,69,0.00034169096034020185,,0.030853895470499992
1107,,69,0.005909683182835579,,0.19171017408370972
1108,,69,0.0012476325500756502,,0.0883353129029274
1109,,69,0.0010897299507632852,,0.1039428636431694
1110,,69,0.013883682899177074,,0.17555579543113708
1111,,69,0.006349008530378342,,0.15828409790992737
1112,,69,0.009777435101568699,,0.2025233507156372
1113,,69,0.0007193321362137794,,0.14440792798995972
1114,,69,0.001614853274077177,,0.15425078570842743
1115,,69,0.005911043845117092,,0.11137794703245163
1116,,69,0.00038725155172869563,,0.08693026006221771
1117,,69,0.0025823593605309725,,0.025718221440911293
1118,,69,0.0028029002714902163,,0.16050875186920166
1119,,69,0.005235029384493828,,0.0728236585855484
,1104,69,,0.04831960052251816,0.12509341537952423
,1105,69,,0.04006762057542801,0.09197998046875
,1106,69,,0.048186831176280975,0.1292475461959839
,1107,69,,0.05346985161304474,0.14956976473331451
,1108,69,,0.05158045142889023,0.16154885292053223
,1109,69,,0.06282772123813629,0.23204071819782257
,1110,69,,0.052033718675374985,0.14402800798416138
,1111,69,,0.047948919236660004,0.17039147019386292
,1112,69,,0.04381626471877098,0.12310665845870972
,1113,69,,0.043797824531793594,0.14501953125
,1114,69,,0.03906219080090523,0.11599543690681458
,1115,69,,0.050825800746679306,0.1590489000082016
,1116,69,,0.03787843883037567,0.18931736052036285
,1117,69,,0.04889978468418121,0.11833595484495163
,1118,69,,0.041093312203884125,0.1533041149377823
,1119,69,,0.041154056787490845,0.09857551008462906
1120,,70,0.0006130426190793514,,0.0615495964884758
1121,,70,0.0006460702861659229,,0.11633674800395966
1122,,70,0.0010974676115438342,,0.15698865056037903
1123,,70,0.001942831790074706,,0.0276140496134758
1124,,70,0.002373770345002413,,0.09586256742477417
1125,,70,0.0006399971898645163,,0.10172443091869354
1126,,70,0.0010102269006893039,,0.03779570758342743
1127,,70,0.0004573616315610707,,0.025107869878411293
1128,,70,0.002560736844316125,,0.0601893812417984
1129,,70,0.002318401588127017,,0.15220050513744354
1130,,70,0.0018864284502342343,,0.14915746450424194
1131,,70,0.000622586696408689,,0.042760733515024185
1132,,70,0.0026581548154354095,,0.07312385737895966
1133,,70,0.0016786816995590925,,0.1423265039920807
1134,,70,0.0013875029981136322,,0.03898901119828224
1135,,70,0.0011639980366453528,,0.02190912887454033
,1120,70,,0.04116174206137657,0.12434355914592743
,1121,70,,0.041882820427417755,0.1058524027466774
,1122,70,,0.056454382836818695,0.16410860419273376
,1123,70,,0.05426158756017685,0.14754563570022583
,1124,70,,0.04828699678182602,0.17805325984954834
,1125,70,,0.05396035313606262,0.1678379476070404
,1126,70,,0.05131252110004425,0.12408945709466934
,1127,70,,0.04982546716928482,0.18347665667533875
,1128,70,,0.05774490162730217,0.11929135024547577
,1129,70,,0.05009303241968155,0.12160320580005646
,1130,70,,0.037001315504312515,0.17395269870758057
,1131,70,,0.046047061681747437,0.1632964313030243
,1132,70,,0.04279293864965439,0.12879164516925812
,1133,70,,0.040042415261268616,0.11358891427516937
,1134,70,,0.047439828515052795,0.12366719543933868
,1135,70,,0.048456620424985886,0.18421904742717743
1136,,71,0.0019171710591763258,,0.14385363459587097
1137,,71,0.002873110119253397,,0.09966044127941132
1138,,71,0.0010595626663416624,,0.05762839689850807
1139,,71,0.0020916226785629988,,0.00853744801133871
1140,,71,0.000712851295247674,,0.06685591489076614
1141,,71,0.0011493414640426636,,0.07536346465349197
1142,,71,0.0004518965433817357,,0.0719081312417984
1143,,71,0.0007721931906417012,,0.0125558041036129
1144,,71,0.0009347460581921041,,0.0836355984210968
1145,,71,0.003168739378452301,,0.13314133882522583
1146,,71,0.0031991880387067795,,0.13718461990356445
1147,,71,0.0006408219342119992,,0.06989645957946777
1148,,71,0.0018966433126479387,,0.08637844771146774
1149,,71,0.001271036802791059,,0.010481853038072586
1150,,71,0.0009955544956028461,,0.031925126910209656
1151,,71,0.0034705314319580793,,0.15702727437019348
,1136,71,,0.06130865216255188,0.13132399320602417
,1137,71,,0.0688944011926651,0.18607252836227417
,1138,71,,0.0838678777217865,0.20068857073783875
,1139,71,,0.0440935455262661,0.13120689988136292
,1140,71,,0.06010349094867706,0.16994927823543549
,1141,71,,0.05347990244626999,0.15704470872879028
,1142,71,,0.03762630373239517,0.1718064844608307
,1143,71,,0.061814017593860626,0.16974374651908875
,1144,71,,0.045289695262908936,0.13546067476272583
,1145,71,,0.04377177730202675,0.13418516516685486
,1146,71,,0.05281940475106239,0.12104392796754837
,1147,71,,0.03602452576160431,0.13336306810379028
,1148,71,,0.0476377010345459,0.13919129967689514
,1149,71,,0.04357749968767166,0.14158910512924194
,1150,71,,0.039301931858062744,0.1640101969242096
,1151,71,,0.04389417916536331,0.15950852632522583
1152,,72,0.003558896481990814,,0.10904242098331451
1153,,72,0.0002172155654989183,,0.08647311478853226
1154,,72,0.0038394832517951727,,0.1346086859703064
1155,,72,0.0006363285938277841,,0.19554543495178223
1156,,72,0.005888631567358971,,0.09836874157190323
1157,,72,0.0013424984645098448,,0.1366925984621048
1158,,72,0.002358415862545371,,0.08391711115837097
1159,,72,0.003575260518118739,,0.14232152700424194
1160,,72,0.0007309596403501928,,0.0816911980509758
1161,,72,0.002653133124113083,,0.10446104407310486
1162,,72,0.003675416810438037,,0.11864736676216125
1163,,72,0.004767078906297684,,0.16790397465229034
1164,,72,0.0008028190350160003,,0.08637844771146774
1165,,72,0.0005812467425130308,,0.049347542226314545
1166,,72,0.0016949907876551151,,0.06179996207356453
1167,,72,0.0023271944373846054,,0.07340037822723389
,1152,72,,0.06114416942000389,0.16197608411312103
,1153,72,,0.06495351344347,0.08071836829185486
,1154,72,,0.07580026984214783,0.18752740323543549
,1155,72,,0.0518832728266716,0.1424049735069275
,1156,72,,0.09239352494478226,0.1825735867023468
,1157,72,,0.06648536026477814,0.17953428626060486
,1158,72,,0.07144762575626373,0.22748923301696777
,1159,72,,0.056483976542949677,0.11493542790412903
,1160,72,,0.08862610161304474,0.11215147376060486
,1161,72,,0.05755501613020897,0.13857346773147583
,1162,72,,0.08170726895332336,0.16402512788772583
,1163,72,,0.07407841831445694,0.12394247204065323
,1164,72,,0.07969158887863159,0.0899919718503952
,1165,72,,0.086605004966259,0.23074278235435486
,1166,72,,0.06659868359565735,0.18812653422355652
,1167,72,,0.0706619918346405,0.17251275479793549
1168,,73,0.0006220854120329022,,0.0660138875246048
1169,,73,0.0005468978779390454,,0.0475551038980484
1170,,73,0.0008880271343514323,,0.089364193379879
1171,,73,0.000457214453490451,,0.031560156494379044
1172,,73,0.00047955953050404787,,0.11931625753641129
1173,,73,0.0008524932200089097,,0.08632612973451614
1174,,73,0.001325520919635892,,0.11482083797454834
1175,,73,0.0005230311071500182,,0.05847790837287903
1176,,73,0.0022034344729036093,,0.19037239253520966
1177,,73,0.006844374351203442,,0.13535231351852417
1178,,73,0.0007639920222572982,,0.07288220524787903
1179,,73,0.0009999789763242006,,0.1307622194290161
1180,,73,0.001367824850603938,,0.06086450815200806
1181,,73,0.001826448948122561,,0.17234210669994354
1182,,73,0.0006309053860604763,,0.02417615056037903
1183,,73,0.00030735781183466315,,0.03261270374059677
,1168,73,,0.06827795505523682,0.15464937686920166
,1169,73,,0.06977959722280502,0.1560581773519516
,1170,73,,0.053555380553007126,0.14169374108314514
,1171,73,,0.052064426243305206,0.11201570928096771
,1172,73,,0.036462970077991486,0.1711687445640564
,1173,73,,0.046357229351997375,0.1495112180709839
,1174,73,,0.0666188895702362,0.1631830930709839
,1175,73,,0.031881943345069885,0.13724690675735474
,1176,73,,0.06403160095214844,0.15512272715568542
,1177,73,,0.04910830035805702,0.11781778931617737
,1178,73,,0.04735174402594566,0.15188410878181458
,1179,73,,0.04848779737949371,0.14690913259983063
,1180,73,,0.057168252766132355,0.11377452313899994
,1181,73,,0.06861712783575058,0.0858502984046936
,1182,73,,0.05092674866318703,0.15197503566741943
,1183,73,,0.04633287340402603,0.11997394263744354
1184,,74,0.000524878385476768,,0.09444878250360489
1185,,74,0.0010576450731605291,,0.13389742374420166
1186,,74,0.0011140592396259308,,0.14188307523727417
1187,,74,0.0005942287389189005,,0.08259675651788712
1188,,74,0.0007755359401926398,,0.1179373562335968
1189,,74,0.0008971028728410602,,0.05487434193491936
1190,,74,0.0030845848377794027,,0.09068329632282257
1191,,74,0.0010372176766395569,,0.05479586869478226
1192,,74,0.0025282579008489847,,0.24438351392745972
1193,,74,0.0009633044828660786,,0.09565579891204834
1194,,74,0.0005596533883363008,,0.042908959090709686
1195,,74,0.003877679817378521,,0.01727294921875
1196,,74,0.0005926332669332623,,0.17595064640045166
1197,,74,0.002062566112726927,,0.14040949940681458
1198,,74,0.001843977952376008,,0.05490298941731453
1199,,74,0.0012024084571748972,,0.06885388493537903
,1184,74,,0.04549149423837662,0.14504818618297577
,1185,74,,0.030741659924387932,0.13388746976852417
,1186,74,,0.05945047363638878,0.12925252318382263
,1187,74,,0.045392997562885284,0.15844601392745972
,1188,74,,0.045578449964523315,0.12248758971691132
,1189,74,,0.052767448127269745,0.13281747698783875
,1190,74,,0.04783203825354576,0.14857079088687897
,1191,74,,0.04857213422656059,0.16904497146606445
,1192,74,,0.048583902418613434,0.13091790676116943
,1193,74,,0.03486209735274315,0.15515634417533875
,1194,74,,0.04569202661514282,0.10771334916353226
,1195,74,,0.031803905963897705,0.1075439453125
,1196,74,,0.049111150205135345,0.12760084867477417
,1197,74,,0.04653109982609749,0.16518977284431458
,1198,74,,0.06336575746536255,0.09035320580005646
,1199,74,,0.04982803016901016,0.12920893728733063
1200,,75,0.001612199004739523,,0.13656428456306458
1201,,75,0.0006370244082063437,,0.07688809931278229
1202,,75,0.0005545666790567338,,0.1037248894572258
1203,,75,0.0016419119201600552,,0.09045036137104034
1204,,75,0.0008709528483450413,,0.1624506711959839
1205,,75,0.0008756378665566444,,0.0192609503865242
1206,,75,0.001921090530231595,,0.15479761362075806
1207,,75,0.0066074286587536335,,0.16515490412712097
1208,,75,0.000788227072916925,,0.012965611182153225
1209,,75,0.0031648878939449787,,0.12207779288291931
1210,,75,0.005182600114494562,,0.18416175246238708
1211,,75,0.0016093570739030838,,0.07703135162591934
1212,,75,0.0008857025532051921,,0.06256352365016937
1213,,75,0.00536537729203701,,0.11141033470630646
1214,,75,0.004539488814771175,,0.09559351205825806
1215,,75,0.0003136489540338516,,0.048390910029411316
,1200,75,,0.05945612117648125,0.1355154812335968
,1201,75,,0.06335911899805069,0.1976405531167984
,1202,75,,0.08206243813037872,0.19135892391204834
,1203,75,,0.05886911600828171,0.10173439979553223
,1204,75,,0.05714423954486847,0.12895607948303223
,1205,75,,0.05343424528837204,0.10896395146846771
,1206,75,,0.04910961538553238,0.1547677218914032
,1207,75,,0.0686860978603363,0.13833804428577423
,1208,75,,0.0709940493106842,0.2091849148273468
,1209,75,,0.0572190135717392,0.1902216672897339
,1210,75,,0.07856996357440948,0.1341378390789032
,1211,75,,0.06968675553798676,0.1677594780921936
,1212,75,,0.056110430508852005,0.1565302610397339
,1213,75,,0.0662345141172409,0.14224055409431458
,1214,75,,0.08145064860582352,0.17326386272907257
,1215,75,,0.03875456750392914,0.13573968410491943
1216,,76,0.0018196151359006763,,0.03732486814260483
1217,,76,0.000691683148033917,,0.1383505016565323
1218,,76,0.0005756099708378315,,0.06921511143445969
1219,,76,0.0010820607421919703,,0.1190098375082016
1220,,76,0.0015928398352116346,,0.07137376815080643
1221,,76,0.00029864482348784804,,0.12378676980733871
1222,,76,0.0033152697142213583,,0.08640709519386292
1223,,76,0.0016306275501847267,,0.0678187757730484
1224,,76,0.0016476067248731852,,0.09403274953365326
1225,,76,0.0006043281173333526,,0.05326998978853226
1226,,76,0.001645078998990357,,0.15829779207706451
1227,,76,0.005536566488444805,,0.2550908327102661
1228,,76,0.0007238659891299903,,0.1447915881872177
1229,,76,0.005018950905650854,,0.0471627339720726
1230,,76,0.0009157803724519908,,0.06600267440080643
1231,,76,0.00024115672567859292,,0.11730209738016129
,1216,76,,0.048806145787239075,0.15553875267505646
,1217,76,,0.05004799738526344,0.15036819875240326
,1218,76,,0.04343274235725403,0.2020525187253952
,1219,76,,0.04810703545808792,0.17868104577064514
,1220,76,,0.03510512411594391,0.18533013761043549
,1221,76,,0.05093547701835632,0.12464997917413712
,1222,76,,0.03756304457783699,0.1312505006790161
,1223,76,,0.026585904881358147,0.15133978426456451
,1224,76,,0.036372341215610504,0.1047886461019516
,1225,76,,0.06957971304655075,0.16252291202545166
,1226,76,,0.04932431876659393,0.12483184039592743
,1227,76,,0.032306600362062454,0.123291015625
,1228,76,,0.042525313794612885,0.16913962364196777
,1229,76,,0.04623166471719742,0.14508056640625
,1230,76,,0.04234183579683304,0.2337198108434677
,1231,76,,0.03336522355675697,0.14197027683258057
1232,,77,0.0012704164255410433,,0.057999588549137115
1233,,77,0.0026410401333123446,,0.22886937856674194
1234,,77,0.0022679336834698915,,0.07615817338228226
1235,,77,0.0011841836385428905,,0.08108831942081451
1236,,77,0.002684549195691943,,0.1505998969078064
1237,,77,0.0012875045649707317,,0.06391626596450806
1238,,77,0.0013730827486142516,,0.07442551851272583
1239,,77,0.002558565465733409,,0.15755291283130646
1240,,77,0.0013779817381873727,,0.0699898898601532
1241,,77,0.0025435418356209993,,0.07720199972391129
1242,,77,0.0013657731469720602,,0.10979601740837097
1243,,77,0.0008479867829009891,,0.0635027140378952
1244,,77,0.0019145769765600562,,0.08056516200304031
1245,,77,0.0007984655676409602,,0.09715302288532257
1246,,77,0.0014678509905934334,,0.08034468442201614
1247,,77,0.001995377242565155,,0.12545590102672577
,1232,77,,0.03747536987066269,0.1699305921792984
,1233,77,,0.04083438217639923,0.12175393104553223
,1234,77,,0.043777864426374435,0.13555410504341125
,1235,77,,0.02907136082649231,0.15442641079425812
,1236,77,,0.057455047965049744,0.11290258169174194
,1237,77,,0.040571488440036774,0.09713558852672577
,1238,77,,0.04559148848056793,0.18205790221691132
,1239,77,,0.034179672598838806,0.1379743367433548
,1240,77,,0.03224338963627815,0.17753757536411285
,1241,77,,0.0382637195289135,0.13658422231674194
,1242,77,,0.0582406148314476,0.1299700140953064
,1243,77,,0.0319267138838768,0.12162064015865326
,1244,77,,0.042562469840049744,0.15759900212287903
,1245,77,,0.04085605591535568,0.1472080796957016
,1246,77,,0.04924951493740082,0.18354766070842743
,1247,77,,0.026322564110159874,0.15748190879821777
1248,,78,0.0011639504227787256,,0.025440450757741928
1249,,78,0.0004383623308967799,,0.05177026987075806
1250,,78,0.001062188413925469,,0.08125025779008865
1251,,78,0.0005877975490875542,,0.06975072622299194
1252,,78,0.0013360546436160803,,0.1322980672121048
1253,,78,0.002595770638436079,,0.18693198263645172
1254,,78,0.0012802935671061277,,0.13681964576244354
1255,,78,0.00018090021330863237,,0.024886149913072586
1256,,78,0.0008908970630727708,,0.12295719236135483
1257,,78,0.0008538473630324006,,0.11474982649087906
1258,,78,0.0016547695267945528,,0.0513480044901371
1259,,78,0.0010931814322248101,,0.06998863816261292
1260,,78,0.00017975771334022284,,0.10293267667293549
1261,,78,0.00039952105726115406,,0.12861227989196777
1262,,78,0.0006488569779321551,,0.09228266030550003
1263,,78,0.000899037579074502,,0.14136488735675812
,1248,78,,0.04334179311990738,0.16043278574943542
,1249,78,,0.0391542986035347,0.1976231187582016
,1250,78,,0.0467972531914711,0.15048527717590332
,1251,78,,0.05731247365474701,0.16185277700424194
,1252,78,,0.03729182109236717,0.13059529662132263
,1253,78,,0.03207407146692276,0.16811197996139526
,1254,78,,0.030476104468107224,0.11697573959827423
,1255,78,,0.04854939877986908,0.17938855290412903
,1256,78,,0.035038769245147705,0.07656174898147583
,1257,78,,0.046415261924266815,0.13054299354553223
,1258,78,,0.05433051288127899,0.17981331050395966
,1259,78,,0.03937799483537674,0.10273835808038712
,1260,78,,0.03547564893960953,0.10488829016685486
,1261,78,,0.057883359491825104,0.14461594820022583
,1262,78,,0.03374721482396126,0.1817116141319275
,1263,78,,0.045138467103242874,0.157470703125
1264,,79,0.003408670425415039,,0.10952447354793549
1265,,79,0.0034913604613393545,,0.09598089009523392
1266,,79,0.0002836859493982047,,0.06612847745418549
1267,,79,0.0013414594577625394,,0.21070830523967743
1268,,79,0.00754482951015234,,0.14010557532310486
1269,,79,0.0010352970566600561,,0.15919587016105652
1270,,79,0.000706721271853894,,0.10483348369598389
1271,,79,0.0002893582859542221,,0.006578095257282257
1272,,79,0.004157873336225748,,0.13841402530670166
1273,,79,0.0013413331471383572,,0.08138228952884674
1274,,79,0.000859583611600101,,0.1452898383140564
1275,,79,0.00024124131596181542,,0.12085458636283875
1276,,79,0.0005510878399945796,,0.16930031776428223
1277,,79,0.0017583686858415604,,0.15876364707946777
1278,,79,0.002007668139412999,,0.2530704438686371
1279,,79,0.0005227772635407746,,0.056668028235435486
,1264,79,,0.05040242522954941,0.19741635024547577
,1265,79,,0.05666439235210419,0.2105439007282257
,1266,79,,0.038228727877140045,0.14125652611255646
,1267,79,,0.04141973704099655,0.13011574745178223
,1268,79,,0.04634878784418106,0.16361531615257263
,1269,79,,0.04725617915391922,0.16164973378181458
,1270,79,,0.04431242495775223,0.10072295367717743
,1271,79,,0.04758831113576889,0.14795419573783875
,1272,79,,0.037419237196445465,0.13933205604553223
,1273,79,,0.04856354743242264,0.16682901978492737
,1274,79,,0.033697452396154404,0.1267189383506775
,1275,79,,0.03988465666770935,0.12738659977912903
,1276,79,,0.04266257584095001,0.1628853976726532
,1277,79,,0.04184848815202713,0.14913628995418549
,1278,79,,0.05731187388300896,0.19194436073303223
,1279,79,,0.05751645937561989,0.13288350403308868
1280,,80,0.0005299938493408263,,0.1489245444536209
1281,,80,0.0009555727010592818,,0.07206632941961288
1282,,80,0.0007809941307641566,,0.11975346505641937
1283,,80,0.0028665310237556696,,0.07267418503761292
1284,,80,0.005191600415855646,,0.1495361328125
1285,,80,0.0007340092561207712,,0.04646270349621773
1286,,80,0.0005472624907270074,,0.020027004182338715
1287,,80,0.0006489602383226156,,0.05238933861255646
1288,,80,0.0017307230737060308,,0.11277678608894348
1289,,80,0.001217597397044301,,0.05857257544994354
1290,,80,0.0024157960433512926,,0.1717790961265564
1291,,80,0.0002884106070268899,,0.0320521779358387
1292,,80,0.002235339256003499,,0.05951301380991936
1293,,80,0.0007077115005813539,,0.07485400885343552
1294,,80,0.002656833501532674,,0.010642537847161293
1295,,80,0.0006674356991425157,,0.0565185546875
,1280,80,,0.04736563563346863,0.13380026817321777
,1281,80,,0.041982635855674744,0.11779037863016129
,1282,80,,0.044877372682094574,0.10697469860315323
,1283,80,,0.02960822358727455,0.14725914597511292
,1284,80,,0.03516729176044464,0.16099581122398376
,1285,80,,0.05104824900627136,0.15153908729553223
,1286,80,,0.030104616656899452,0.1307535022497177
,1287,80,,0.04277391731739044,0.1354108452796936
,1288,80,,0.05271025747060776,0.1323329359292984
,1289,80,,0.05227482318878174,0.18698805570602417
,1290,80,,0.039090316742658615,0.1865495890378952
,1291,80,,0.04474087432026863,0.1914137303829193
,1292,80,,0.04659555107355118,0.14937296509742737
,1293,80,,0.04144520312547684,0.15825295448303223
,1294,80,,0.04058622568845749,0.17142035067081451
,1295,80,,0.038315750658512115,0.13562385737895966
1296,,81,0.00033682433422654867,,0.0309884212911129
1297,,81,0.0010008361423388124,,0.1582305133342743
1298,,81,0.0034389649517834187,,0.22816435992717743
1299,,81,0.0005760722560808063,,0.061993032693862915
1300,,81,0.0003525332431308925,,0.06990019977092743
1301,,81,0.0014527363236993551,,0.11844183504581451
1302,,81,0.0008230071980506182,,0.054671309888362885
1303,,81,0.0005511103081516922,,0.11012236773967743
1304,,81,0.00042285205563530326,,0.062143757939338684
1305,,81,0.0004764386685565114,,0.07481415569782257
1306,,81,0.0016606602584943175,,0.07985640317201614
1307,,81,0.0005632751854136586,,0.15221793949604034
1308,,81,0.0010012337006628513,,0.11152368783950806
1309,,81,0.0004339792358223349,,0.06018814072012901
1310,,81,0.002502040471881628,,0.08565474301576614
1311,,81,0.0007904375670477748,,0.0636509507894516
,1296,81,,0.028692146763205528,0.11224490404129028
,1297,81,,0.03270772844552994,0.14676214754581451
,1298,81,,0.06403365731239319,0.16854670643806458
,1299,81,,0.04642515629529953,0.16261011362075806
,1300,81,,0.04061461612582207,0.13971072435379028
,1301,81,,0.04976268857717514,0.1490814983844757
,1302,81,,0.04667942225933075,0.18851891160011292
,1303,81,,0.03067154809832573,0.12245272099971771
,1304,81,,0.06060771644115448,0.14884233474731445
,1305,81,,0.04243471845984459,0.1464059054851532
,1306,81,,0.04082009196281433,0.15519745647907257
,1307,81,,0.03451941907405853,0.12971216440200806
,1308,81,,0.06598373502492905,0.15904390811920166
,1309,81,,0.025385688990354538,0.09379982203245163
,1310,81,,0.0369553342461586,0.1096365749835968
,1311,81,,0.04733556509017944,0.16060218214988708
1312,,82,0.00028194047627039254,,0.0329677015542984
1313,,82,0.0016560032963752747,,0.06766432523727417
1314,,82,0.022439727559685707,,0.28176069259643555
1315,,82,0.00037196962512098253,,0.0440586619079113
1316,,82,0.00038256010157056153,,0.10008769482374191
1317,,82,0.0005900968099012971,,0.12812399864196777
1318,,82,0.0014268063241615891,,0.1811274290084839
1319,,82,0.0028694672510027885,,0.12163808196783066
1320,,82,0.0031124609522521496,,0.07717086374759674
1321,,82,0.0005630298401229084,,0.12048090994358063
1322,,82,0.0025044602807611227,,0.20721684396266937
1323,,82,0.0008122684666886926,,0.060467157512903214
1324,,82,0.0015040980651974678,,0.13647212088108063
1325,,82,0.001015189103782177,,0.038113340735435486
1326,,82,0.0020290922839194536,,0.17053472995758057
1327,,82,0.005497111938893795,,0.08326441049575806
,1312,82,,0.04398379474878311,0.15629485249519348
,1313,82,,0.04090408980846405,0.15549516677856445
,1314,82,,0.0762474536895752,0.14835403859615326
,1315,82,,0.036192089319229126,0.11645134538412094
,1316,82,,0.038216203451156616,0.1960013210773468
,1317,82,,0.04673529416322708,0.12799321115016937
,1318,82,,0.05954461544752121,0.12077860534191132
,1319,82,,0.03168255463242531,0.1769583523273468
,1320,82,,0.04284397512674332,0.14121666550636292
,1321,82,,0.04740168899297714,0.14762037992477417
,1322,82,,0.04758800193667412,0.15002939105033875
,1323,82,,0.048959001898765564,0.11777543276548386
,1324,82,,0.03966647386550903,0.10103311389684677
,1325,82,,0.056221265345811844,0.16943857073783875
,1326,82,,0.045478448271751404,0.15171970427036285
,1327,82,,0.036253899335861206,0.1434500515460968
1328,,83,0.0017312862910330296,,0.11743289232254028
1329,,83,0.0007103484822437167,,0.16152019798755646
1330,,83,0.002105419524013996,,0.2161790430545807
1331,,83,0.0007801710162311792,,0.13090422749519348
1332,,83,0.00047773681581020355,,0.03520233929157257
1333,,83,0.0008910653414204717,,0.04804961383342743
1334,,83,0.0013967059785500169,,0.11280417442321777
1335,,83,0.0002218490553786978,,0.0218244269490242
1336,,83,0.001019916613586247,,0.035639550536870956
1337,,83,0.0013253808720037341,,0.12446936964988708
1338,,83,0.0005078146932646632,,0.07815240323543549
1339,,83,0.002020367654040456,,0.08905029296875
1340,,83,0.0014788754051551223,,0.09566949307918549
1341,,83,0.0015617070021107793,,0.09475769847631454
1342,,83,0.0011376043548807502,,0.09290048480033875
1343,,83,0.002279953332617879,,0.207275390625
,1328,83,,0.0385533832013607,0.18560166656970978
,1329,83,,0.03991692513227463,0.15793906152248383
,1330,83,,0.04892915487289429,0.12787362933158875
,1331,83,,0.04706636071205139,0.16718898713588715
,1332,83,,0.03203324228525162,0.15189656615257263
,1333,83,,0.03605381399393082,0.1769147515296936
,1334,83,,0.028598185628652573,0.14665502309799194
,1335,83,,0.04171610623598099,0.12231071293354034
,1336,83,,0.03839612752199173,0.17829987406730652
,1337,83,,0.04475409537553787,0.1537313610315323
,1338,83,,0.052184250205755234,0.1647264063358307
,1339,83,,0.06299866735935211,0.16249799728393555
,1340,83,,0.04058820381760597,0.17704802751541138
,1341,83,,0.04049292951822281,0.15948984026908875
,1342,83,,0.02728351019322872,0.11634048074483871
,1343,83,,0.031160550191998482,0.14334791898727417
1344,,84,0.002897848840802908,,0.2022007554769516
1345,,84,0.0008105472661554813,,0.15043795108795166
1346,,84,0.004733903333544731,,0.10969512164592743
1347,,84,0.0004946552799083292,,0.03682786598801613
1348,,84,0.0010384202469140291,,0.12386275827884674
1349,,84,0.001128097646869719,,0.20082184672355652
1350,,84,0.0006376953097060323,,0.22571173310279846
1351,,84,0.005596662871539593,,0.1296212375164032
1352,,84,0.0014752699062228203,,0.05694330483675003
1353,,84,0.0013691876083612442,,0.08538445085287094
1354,,84,0.0015633199363946915,,0.15079544484615326
1355,,84,0.00042151863453909755,,0.18754982948303223
1356,,84,0.00232189754024148,,0.09352080523967743
1357,,84,0.0033217985183000565,,0.09707579016685486
1358,,84,0.0017908010631799698,,0.15883466601371765
1359,,84,0.0014912247424945235,,0.06906439363956451
,1344,84,,0.04969359561800957,0.16974374651908875
,1345,84,,0.04090746119618416,0.18673768639564514
,1346,84,,0.03390606865286827,0.1824702024459839
,1347,84,,0.037682145833969116,0.17082245647907257
,1348,84,,0.0373588502407074,0.14629629254341125
,1349,84,,0.04721631109714508,0.14286711812019348
,1350,84,,0.052033960819244385,0.11964510381221771
,1351,84,,0.03737526014447212,0.14044687151908875
,1352,84,,0.0390361025929451,0.1744833141565323
,1353,84,,0.031381554901599884,0.19525021314620972
,1354,84,,0.0488051101565361,0.15559230744838715
,1355,84,,0.03995034843683243,0.15459831058979034
,1356,84,,0.03507918119430542,0.1221575066447258
,1357,84,,0.07563649117946625,0.16622114181518555
,1358,84,,0.04237322509288788,0.1616896092891693
,1359,84,,0.05351220816373825,0.15098977088928223
1360,,85,0.00232505239546299,,0.03617018461227417
1361,,85,0.002946455730125308,,0.04273955523967743
1362,,85,0.0037117935717105865,,0.0852835550904274
1363,,85,0.000942462997045368,,0.11958904564380646
1364,,85,0.0011317383032292128,,0.04347696155309677
1365,,85,0.000679534743539989,,0.1554739773273468
1366,,85,0.0015440115239471197,,0.16393420100212097
1367,,85,0.00048092775978147984,,0.052968550473451614
1368,,85,0.0004921137588098645,,0.12575235962867737
1369,,85,0.0006811798084527254,,0.08297044783830643
1370,,85,0.0014869214501231909,,0.047684647142887115
1371,,85,0.004094944801181555,,0.1146327406167984
1372,,85,0.0013661700068041682,,0.047175195068120956
1373,,85,0.0003122747002635151,,0.041010644286870956
1374,,85,0.0017949468456208706,,0.10071423649787903
1375,,85,0.0025680996477603912,,0.07599997520446777
,1360,85,,0.062165018171072006,0.14217828214168549
,1361,85,,0.05129314213991165,0.13136383891105652
,1362,85,,0.04595588520169258,0.1927054226398468
,1363,85,,0.05561751499772072,0.13585054874420166
,1364,85,,0.05624343454837799,0.15752676129341125
,1365,85,,0.05072472244501114,0.15803498029708862
,1366,85,,0.05354057252407074,0.15277099609375
,1367,85,,0.049583934247493744,0.13949647545814514
,1368,85,,0.05212964490056038,0.14737623929977417
,1369,85,,0.04843323677778244,0.1595284640789032
,1370,85,,0.04963000863790512,0.11111761629581451
,1371,85,,0.0403410978615284,0.13362713158130646
,1372,85,,0.06180984526872635,0.12398108094930649
,1373,85,,0.05661628767848015,0.12430743128061295
,1374,85,,0.05711370334029198,0.15438032150268555
,1375,85,,0.03535476326942444,0.13417519629001617
1376,,86,0.006746836006641388,,0.13671128451824188
1377,,86,0.000362847262294963,,0.020192671567201614
1378,,86,0.002176950452849269,,0.09978126734495163
1379,,86,0.0014886196004226804,,0.011210539378225803
1380,,86,0.0009475415572524071,,0.0993216410279274
1381,,86,0.0012985410867258906,,0.041526325047016144
1382,,86,0.0006907038041390479,,0.0819876492023468
1383,,86,0.0022005701903253794,,0.02753308415412903
1384,,86,0.00016823806799948215,,0.0920497328042984
1385,,86,0.002417994663119316,,0.18393753468990326
1386,,86,0.0009954500710591674,,0.05500513315200806
1387,,86,0.00044206116581335664,,0.04270094260573387
1388,,86,0.002333739772439003,,0.1708025336265564
1389,,86,0.0009377436945214868,,0.14031359553337097
1390,,86,0.0005260913167148829,,0.09966792166233063
1391,,86,0.0005017527146264911,,0.07280996441841125
,1376,86,,0.04367521405220032,0.1332036256790161
,1377,86,,0.04577842354774475,0.19868063926696777
,1378,86,,0.05414062738418579,0.13954007625579834
,1379,86,,0.03697854280471802,0.18369340896606445
,1380,86,,0.0516897551715374,0.1643589437007904
,1381,86,,0.04585430771112442,0.17060819268226624
,1382,86,,0.06280285120010376,0.19812136888504028
,1383,86,,0.060396768152713776,0.20959098637104034
,1384,86,,0.05703260377049446,0.15543785691261292
,1385,86,,0.07009971141815186,0.16595833003520966
,1386,86,,0.06277188658714294,0.1552659571170807
,1387,86,,0.04336096718907356,0.19183972477912903
,1388,86,,0.07493077218532562,0.17500025033950806
,1389,86,,0.0563851036131382,0.1921909898519516
,1390,86,,0.042925119400024414,0.12775157392024994
,1391,86,,0.0423969104886055,0.15787801146507263
1392,,87,0.0014032863546162844,,0.09032580256462097
1393,,87,0.0007467089453712106,,0.0384870283305645
1394,,87,0.0009446541662327945,,0.12303566932678223
1395,,87,0.0026828234549611807,,0.07490259408950806
1396,,87,0.0006903548492118716,,0.17211788892745972
1397,,87,0.0008022356196306646,,0.056661803275346756
1398,,87,0.001337697496637702,,0.21996821463108063
1399,,87,0.009568820707499981,,0.14556385576725006
1400,,87,0.0008707913220860064,,0.046283330768346786
1401,,87,0.0008685092907398939,,0.11330118775367737
1402,,87,0.001870752777904272,,0.13253846764564514
1403,,87,0.0010136468335986137,,0.1687173694372177
1404,,87,0.0008214248809963465,,0.08672971278429031
1405,,87,0.0014130768831819296,,0.0196707583963871
1406,,87,0.0002331217983737588,,0.12478327006101608
1407,,87,0.00039119954453781247,,0.08788564801216125
,1392,87,,0.031544119119644165,0.1528307944536209
,1393,87,,0.03490939736366272,0.13647709786891937
,1394,87,,0.03583986312150955,0.14923469722270966
,1395,87,,0.05992792546749115,0.1512114703655243
,1396,87,,0.029027776792645454,0.12846031785011292
,1397,87,,0.040430039167404175,0.14881742000579834
,1398,87,,0.06667876988649368,0.16202467679977417
,1399,87,,0.04349564015865326,0.16774703562259674
,1400,87,,0.04921657219529152,0.20552654564380646
,1401,87,,0.059830788522958755,0.14561617374420166
,1402,87,,0.04439100995659828,0.15253682434558868
,1403,87,,0.03911822289228439,0.18800446391105652
,1404,87,,0.04820198565721512,0.19791583716869354
,1405,87,,0.038457926362752914,0.16006657481193542
,1406,87,,0.033594753593206406,0.08069221675395966
,1407,87,,0.05509418249130249,0.1258544921875
1408,,88,0.0011259638704359531,,0.09785181283950806
1409,,88,0.0010533756576478481,,0.049772296100854874
1410,,88,0.0008695385186001658,,0.09265883266925812
1411,,88,0.0007300866418518126,,0.10285669565200806
1412,,88,0.00031558016780763865,,0.09071817249059677
1413,,88,0.00051564269233495,,0.10281683504581451
1414,,88,0.0013669925974681973,,0.0954153910279274
1415,,88,0.001026808749884367,,0.09759272634983063
1416,,88,0.00398726062849164,,0.016256526112556458
1417,,88,0.002360667334869504,,0.27521997690200806
1418,,88,0.0007351763197220862,,0.10114148259162903
1419,,88,0.0009190718410536647,,0.1529889851808548
1420,,88,0.0029067741706967354,,0.19898706674575806
1421,,88,0.00013881675840821117,,0.04184769466519356
1422,,88,0.00014637094864156097,,0.1491774022579193
1423,,88,0.0030497596599161625,,0.1433964967727661
,1408,88,,0.042122628539800644,0.13063517212867737
,1409,88,,0.027984946966171265,0.14439299702644348
,1410,88,,0.04507564753293991,0.1591697335243225
,1411,88,,0.05053305998444557,0.12731684744358063
,1412,88,,0.059836454689502716,0.15138711035251617
,1413,88,,0.029061634093523026,0.10309834033250809
,1414,88,,0.05219269543886185,0.12267568707466125
,1415,88,,0.039811357855796814,0.19083450734615326
,1416,88,,0.060141630470752716,0.16016122698783875
,1417,88,,0.048613663762807846,0.16668950021266937
,1418,88,,0.041309699416160583,0.09661242365837097
,1419,88,,0.036679960787296295,0.12523043155670166
,1420,88,,0.051101021468639374,0.16703081130981445
,1421,88,,0.058534085750579834,0.1798357367515564
,1422,88,,0.03965698927640915,0.12747378647327423
,1423,88,,0.03701096028089523,0.16996796429157257
1424,,89,0.0011679704766720533,,0.13286107778549194
1425,,89,0.0031212489120662212,,0.03436279296875
1426,,89,0.0016230267938226461,,0.1328199803829193
1427,,89,0.000373743794625625,,0.05724848806858063
1428,,89,0.0010812112595885992,,0.0536760613322258
1429,,89,0.0008873683400452137,,0.04224131256341934
1430,,89,0.0009762605186551809,,0.07446787506341934
1431,,89,0.0033163349144160748,,0.08880864083766937
1432,,89,0.0010272734798491001,,0.06388138234615326
1433,,89,0.0014482125407084823,,0.06251245737075806
1434,,89,0.0005900478572584689,,0.0641653835773468
1435,,89,0.0018902004230767488,,0.07788210362195969
1436,,89,0.0005341025535017252,,0.10431158542633057
1437,,89,0.0008601919980719686,,0.08818832784891129
1438,,89,0.000291587901301682,,0.043359871953725815
1439,,89,0.004209871403872967,,0.22547383606433868
,1424,89,,0.05108622461557388,0.15041056275367737
,1425,89,,0.06443965435028076,0.13021039962768555
,1426,89,,0.04551658779382706,0.16297756135463715
,1427,89,,0.05028856545686722,0.17785519361495972
,1428,89,,0.040726762264966965,0.15714186429977417
,1429,89,,0.04496944323182106,0.1448712944984436
,1430,89,,0.04572208970785141,0.12979312241077423
,1431,89,,0.04021487757563591,0.13041841983795166
,1432,89,,0.05443422496318817,0.1453496217727661
,1433,89,,0.04787135124206543,0.20317357778549194
,1434,89,,0.04359084367752075,0.18242287635803223
,1435,89,,0.05610429868102074,0.17868976294994354
,1436,89,,0.04812736064195633,0.10308963060379028
,1437,89,,0.03779824823141098,0.1584223508834839
,1438,89,,0.03304456174373627,0.13699153065681458
,1439,89,,0.04416172206401825,0.10439752042293549
1440,,90,0.002731085056439042,,0.0882132351398468
1441,,90,0.000195205066120252,,0.05354153364896774
1442,,90,0.0005211597890593112,,0.150713250041008
1443,,90,0.00038508541183546185,,0.020746972411870956
1444,,90,0.000679619493894279,,0.10346205532550812
1445,,90,0.00034958330797962844,,0.11214026808738708
1446,,90,0.005550209432840347,,0.20142224431037903
1447,,90,0.0003202163497917354,,0.0734427347779274
1448,,90,0.001650545746088028,,0.03084268420934677
1449,,90,0.0006587606621906161,,0.08017902076244354
1450,,90,0.0042615667916834354,,0.08083919435739517
1451,,90,0.0006189880659803748,,0.0589948371052742
1452,,90,0.00013196429063100368,,0.08549406379461288
1453,,90,0.005152589175850153,,0.08527234196662903
1454,,90,0.0012155298609286547,,0.06566635519266129
1455,,90,0.001869497704319656,,0.1557530015707016
,1440,90,,0.034433167427778244,0.15317583084106445
,1441,90,,0.04300479590892792,0.12815265357494354
,1442,90,,0.03878562152385712,0.18221235275268555
,1443,90,,0.052895914763212204,0.1075265109539032
,1444,90,,0.05213736742734909,0.18571129441261292
,1445,90,,0.043219998478889465,0.20754694938659668
,1446,90,,0.03437504172325134,0.1433790624141693
,1447,90,,0.03467150405049324,0.13897953927516937
,1448,90,,0.026932572945952415,0.13902437686920166
,1449,90,,0.03669387102127075,0.13150335848331451
,1450,90,,0.051938269287347794,0.1545322835445404
,1451,90,,0.053782567381858826,0.19198794662952423
,1452,90,,0.04564531892538071,0.1429879367351532
,1453,90,,0.04883863776922226,0.14370790123939514
,1454,90,,0.041179101914167404,0.14109957218170166
,1455,90,,0.05161236971616745,0.14271888136863708
1456,,91,0.00100463698618114,,0.08362813293933868
1457,,91,6.24036620138213e-05,,0.0450439453125
1458,,91,0.00039364537224173546,,0.04465281963348389
1459,,91,0.000658166129142046,,0.0346330925822258
1460,,91,0.0003027143538929522,,0.035017985850572586
1461,,91,0.006383697967976332,,0.06224464997649193
1462,,91,0.0002367929700994864,,0.10307716578245163
1463,,91,0.0015257379272952676,,0.08770004659891129
1464,,91,0.0009447304764762521,,0.10379588603973389
1465,,91,0.002830690937116742,,0.1164201945066452
1466,,91,0.0006367381429299712,,0.04558703675866127
1467,,91,0.00023582337598782033,,0.09141073375940323
1468,,91,0.0006672596791759133,,0.11762595176696777
1469,,91,0.0001698799169389531,,0.07669253647327423
1470,,91,0.004046747926622629,,0.06468729674816132
1471,,91,0.0021691692527383566,,0.09229885786771774
,1456,91,,0.031606171280145645,0.20186319947242737
,1457,91,,0.028743958100676537,0.18354517221450806
,1458,91,,0.04090247303247452,0.18365478515625
,1459,91,,0.048821449279785156,0.1966465562582016
,1460,91,,0.030380424112081528,0.19156195223331451
,1461,91,,0.045384496450424194,0.17993038892745972
,1462,91,,0.03009982779622078,0.14816595613956451
,1463,91,,0.03877117484807968,0.15328043699264526
,1464,91,,0.045414090156555176,0.11751385033130646
,1465,91,,0.04554944857954979,0.18249636888504028
,1466,91,,0.03822457417845726,0.16898640990257263
,1467,91,,0.04573290795087814,0.17204813659191132
,1468,91,,0.030798278748989105,0.09935154020786285
,1469,91,,0.04866886883974075,0.1484711468219757
,1470,91,,0.032265473157167435,0.15408013761043549
,1471,91,,0.032486576586961746,0.15408512949943542
1472,,92,0.0003838957636617124,,0.10608657449483871
1473,,92,0.004271908663213253,,0.12938456237316132
1474,,92,0.0004353776457719505,,0.08171112835407257
1475,,92,0.000562066794373095,,0.05140156298875809
1476,,92,0.0015783347189426422,,0.04953812435269356
1477,,92,0.0020011113956570625,,0.16626599431037903
1478,,92,0.0009712481405586004,,0.10491818934679031
1479,,92,0.0013682089047506452,,0.048704810440540314
1480,,92,0.0018642876530066133,,0.05186618119478226
1481,,92,0.000873470853548497,,0.05488430708646774
1482,,92,0.0015711759915575385,,0.05171047896146774
1483,,92,0.00663371104747057,,0.1896437108516693
1484,,92,0.0018941783346235752,,0.18365727365016937
1485,,92,0.00034798227716237307,,0.07197415828704834
1486,,92,0.0005430627497844398,,0.09167106449604034
1487,,92,0.0011924785794690251,,0.07634376734495163
,1472,92,,0.040199123322963715,0.13936194777488708
,1473,92,,0.048655517399311066,0.19496497511863708
,1474,92,,0.04317605867981911,0.13238650560379028
,1475,92,,0.04151793569326401,0.19946910440921783
,1476,92,,0.05382825434207916,0.18311668932437897
,1477,92,,0.05880685895681381,0.18673643469810486
,1478,92,,0.03685387969017029,0.1405888795852661
,1479,92,,0.039808712899684906,0.15980374813079834
,1480,92,,0.03481278568506241,0.1697823703289032
,1481,92,,0.05675956606864929,0.12311787903308868
,1482,92,,0.04298916459083557,0.13187454640865326
,1483,92,,0.05012023448944092,0.19119074940681458
,1484,92,,0.03732315078377724,0.12784747779369354
,1485,92,,0.06837005913257599,0.1553955078125
,1486,92,,0.04905744642019272,0.17214156687259674
,1487,92,,0.04121539369225502,0.11051099747419357
1488,,93,0.004031618125736713,,0.08887715637683868
1489,,93,0.0023825422395020723,,0.15240104496479034
1490,,93,0.0002762330404948443,,0.05470867455005646
1491,,93,0.0007533737807534635,,0.11722610890865326
1492,,93,0.0015755691565573215,,0.08702865242958069
1493,,93,0.0007959484937600791,,0.057077839970588684
1494,,93,0.0013437801972031593,,0.008836395107209682
1495,,93,0.001084125367924571,,0.08528853952884674
1496,,93,0.00047820957843214273,,0.10230738669633865
1497,,93,0.0007485009264200926,,0.14891083538532257
1498,,93,0.000188616628292948,,0.047388192266225815
1499,,93,0.0025388088542968035,,0.050558287650346756
1500,,93,0.030494604259729385,,0.24758973717689514
1501,,93,0.001554214395582676,,0.10862389206886292
1502,,93,0.0010206089355051517,,0.06244394928216934
1503,,93,0.00991422962397337,,0.01860949397087097
,1488,93,,0.03737807273864746,0.1464930921792984
,1489,93,,0.050814658403396606,0.13252848386764526
,1490,93,,0.04628601670265198,0.16946722567081451
,1491,93,,0.04020131379365921,0.11348304152488708
,1492,93,,0.03484036773443222,0.12811404466629028
,1493,93,,0.06634768843650818,0.1633313149213791
,1494,93,,0.059468552470207214,0.17137426137924194
,1495,93,,0.03899248316884041,0.1357596218585968
,1496,93,,0.053175292909145355,0.1541498899459839
,1497,93,,0.040062278509140015,0.23026198148727417
,1498,93,,0.03589464724063873,0.16830256581306458
,1499,93,,0.059268806129693985,0.14171242713928223
,1500,93,,0.05289347469806671,0.19653570652008057
,1501,93,,0.042292896658182144,0.10652503371238708
,1502,93,,0.03840194270014763,0.14932188391685486
,1503,93,,0.04847376421093941,0.1660679429769516
1504,,94,0.0006611039279960096,,0.042475488036870956
1505,,94,0.0008434311603195965,,0.07411162555217743
1506,,94,0.00242804316803813,,0.1246163472533226
1507,,94,0.0013063782826066017,,0.13453145325183868
1508,,94,0.0014646966010332108,,0.042237572371959686
1509,,94,0.00264129345305264,,0.2295357882976532
1510,,94,0.0017152103828266263,,0.11482207477092743
1511,,94,0.00370984454639256,,0.010200344026088715
1512,,94,0.0013463834766298532,,0.07672242820262909
1513,,94,0.0009829672053456306,,0.10263248533010483
1514,,94,0.0012255295878276229,,0.1360722780227661
1515,,94,0.001660193782299757,,0.08499208092689514
1516,,94,0.0008195149130187929,,0.19146978855133057
1517,,94,0.001070709666237235,,0.0899919793009758
1518,,94,0.002172062173485756,,0.16052371263504028
1519,,94,0.0015729500446468592,,0.0799734964966774
,1504,94,,0.03645110875368118,0.14460846781730652
,1505,94,,0.029249267652630806,0.16642294824123383
,1506,94,,0.05944538116455078,0.13232421875
,1507,94,,0.049949225038290024,0.1366328001022339
,1508,94,,0.03626745566725731,0.1424211710691452
,1509,94,,0.028993932530283928,0.15597346425056458
,1510,94,,0.0436122864484787,0.0961129367351532
,1511,94,,0.029996633529663086,0.16278325021266937
,1512,94,,0.05588129907846451,0.21855071187019348
,1513,94,,0.03540125489234924,0.19158810377120972
,1514,94,,0.04431254416704178,0.22664470970630646
,1515,94,,0.04786423593759537,0.12702910602092743
,1516,94,,0.042002663016319275,0.1462153196334839
,1517,94,,0.054479751735925674,0.13548807799816132
,1518,94,,0.03371709585189819,0.11257997155189514
,1519,94,,0.05502814054489136,0.17895010113716125
1520,,95,0.000821234832983464,,0.08181451261043549
1521,,95,0.001403143396601081,,0.05975590646266937
1522,,95,0.0007036698516458273,,0.06385523080825806
1523,,95,0.0017343515064567327,,0.05597422271966934
1524,,95,0.000664306862745434,,0.08372154831886292
1525,,95,0.0072546182200312614,,0.19834183156490326
1526,,95,0.009239371865987778,,0.2726888954639435
1527,,95,0.00332889286801219,,0.0437273308634758
1528,,95,0.0006059776642359793,,0.047978613525629044
1529,,95,0.001927179517224431,,0.1144845113158226
1530,,95,0.0008028032025322318,,0.16945478320121765
1531,,95,0.0004994046175852418,,0.03551747649908066
1532,,95,0.004691071808338165,,0.15163873136043549
1533,,95,0.000596557860262692,,0.1235438734292984
1534,,95,0.0005098489345982671,,0.08404042571783066
1535,,95,0.0016129736322909594,,0.13979914784431458
,1520,95,,0.03593340143561363,0.14810118079185486
,1521,95,,0.04378800839185715,0.13533860445022583
,1522,95,,0.04084198176860809,0.1371547132730484
,1523,95,,0.04784425348043442,0.18415802717208862
,1524,95,,0.04862835258245468,0.15422463417053223
,1525,95,,0.03262759745121002,0.14729900658130646
,1526,95,,0.0571589469909668,0.20283600687980652
,1527,95,,0.021999822929501534,0.10906235873699188
,1528,95,,0.043223097920417786,0.17684750258922577
,1529,95,,0.03678468242287636,0.13389495015144348
,1530,95,,0.03180795907974243,0.122122623026371
,1531,95,,0.04549883306026459,0.17983323335647583
,1532,95,,0.03933669626712799,0.1129586398601532
,1533,95,,0.04779520258307457,0.18135538697242737
,1534,95,,0.03858160227537155,0.08751071244478226
,1535,95,,0.03933292627334595,0.17208924889564514
1536,,96,0.0025399751029908657,,0.039874639362096786
1537,,96,0.000716342416126281,,0.0847342312335968
1538,,96,0.0014578779228031635,,0.12391133606433868
1539,,96,0.0006377709796652198,,0.06671641021966934
1540,,96,0.001067864941433072,,0.18738415837287903
1541,,96,0.00039505879976786673,,0.16464918851852417
1542,,96,0.017796635627746582,,0.011850785464048386
1543,,96,0.0006972347619011998,,0.11991789191961288
1544,,96,0.00023665068147238344,,0.0517490915954113
1545,,96,0.0003770512412302196,,0.03527209162712097
1546,,96,0.004105069674551487,,0.17301473021507263
1547,,96,0.0001641005655983463,,0.0616193488240242
1548,,96,0.000587648362852633,,0.04035918414592743
1549,,96,0.0007403992349281907,,0.0749337300658226
1550,,96,0.004460419528186321,,0.07707494497299194
1551,,96,0.001602516626007855,,0.027133241295814514
,1536,96,,0.061665527522563934,0.11832724511623383
,1537,96,,0.047332763671875,0.14574697613716125
,1538,96,,0.053063467144966125,0.16846077144145966
,1539,96,,0.040739115327596664,0.14638596773147583
,1540,96,,0.06084427982568741,0.15593859553337097
,1541,96,,0.0438016876578331,0.1133074164390564
,1542,96,,0.03729572519659996,0.12251997739076614
,1543,96,,0.05469437688589096,0.1510370969772339
,1544,96,,0.04896560311317444,0.07876649498939514
,1545,96,,0.048840560019016266,0.14479531347751617
,1546,96,,0.0493340827524662,0.14732392132282257
,1547,96,,0.06359631568193436,0.18004873394966125
,1548,96,,0.06372125446796417,0.1426229625940323
,1549,96,,0.07188169658184052,0.1193498820066452
,1550,96,,0.057694364339113235,0.13626286387443542
,1551,96,,0.042590271681547165,0.13802041113376617
1552,,97,0.0019803966861218214,,0.10595703125
1553,,97,0.002145700855180621,,0.11426901817321777
1554,,97,0.000518958899192512,,0.13008959591388702
1555,,97,0.004224926233291626,,0.1729898303747177
1556,,97,0.00037326975143514574,,0.040095116943120956
1557,,97,0.0003214239259250462,,0.04934879392385483
1558,,97,0.0007829569512978196,,0.05959522724151611
1559,,97,0.001704965252429247,,0.08478530496358871
1560,,97,0.0005181148881092668,,0.020756937563419342
1561,,97,0.0008351646247319877,,0.13911032676696777
1562,,97,0.001141112414188683,,0.03912353515625
1563,,97,0.001044213306158781,,0.04964400455355644
1564,,97,0.0007198267849162221,,0.008802764117717743
1565,,97,0.0022908560931682587,,0.13826829195022583
1566,,97,0.0005161107401363552,,0.06545958667993546
1567,,97,0.001544352388009429,,0.17967504262924194
,1552,97,,0.044153936207294464,0.14779600501060486
,1553,97,,0.07739086449146271,0.19324851036071777
,1554,97,,0.0372963584959507,0.14451879262924194
,1555,97,,0.045449398458004,0.13554538786411285
,1556,97,,0.051963452249765396,0.19055922329425812
,1557,97,,0.04676637798547745,0.1645171344280243
,1558,97,,0.05010509490966797,0.1776658594608307
,1559,97,,0.027930304408073425,0.13213862478733063
,1560,97,,0.05684187635779381,0.13465102016925812
,1561,97,,0.046192511916160583,0.1630859375
,1562,97,,0.04750680923461914,0.16220404207706451
,1563,97,,0.04224011301994324,0.11720244586467743
,1564,97,,0.05681825429201126,0.143798828125
,1565,97,,0.04369479417800903,0.12149982154369354
,1566,97,,0.04322618246078491,0.13421382009983063
,1567,97,,0.05838049203157425,0.1400931179523468
1568,,98,0.0003947019577026367,,0.025657188147306442
1569,,98,0.003967124503105879,,0.0972551628947258
1570,,98,0.0007219405379146338,,0.04680275544524193
1571,,98,0.0009575301082804799,,0.10358662903308868
1572,,98,0.0008686463115736842,,0.07260816544294357
1573,,98,0.0019115163013339043,,0.10155128687620163
1574,,98,0.0011705714277923107,,0.03183668479323387
1575,,98,0.0008808870334178209,,0.12962745130062103
1576,,98,0.00037836949923075736,,0.05859873443841934
1577,,98,0.0005660891765728593,,0.040543537586927414
1578,,98,0.0009383672731928527,,0.08143584430217743
1579,,98,0.002386529464274645,,0.1074480339884758
1580,,98,7.915384776424617e-05,,0.0536150261759758
1581,,98,0.0008314431179314852,,0.14500334858894348
1582,,98,0.0002734886948019266,,0.08667366206645966
1583,,98,0.0015885451575741172,,0.06711375713348389
,1568,98,,0.03997163102030754,0.1399174928665161
,1569,98,,0.030601823702454567,0.13781240582466125
,1570,98,,0.03823147714138031,0.11574757099151611
,1571,98,,0.05853131785988808,0.1695045828819275
,1572,98,,0.05738837644457817,0.14239127933979034
,1573,98,,0.03103037178516388,0.13509199023246765
,1574,98,,0.03907042369246483,0.13064387440681458
,1575,98,,0.0437164232134819,0.11044623702764511
,1576,98,,0.052033621817827225,0.14286461472511292
,1577,98,,0.04136250913143158,0.16406375169754028
,1578,98,,0.05656423047184944,0.1346510350704193
,1579,98,,0.055149324238300323,0.11428272724151611
,1580,98,,0.03432128578424454,0.11946573108434677
,1581,98,,0.041479021310806274,0.13922369480133057
,1582,98,,0.03324580565094948,0.14259430766105652
,1583,98,,0.06313255429267883,0.16215920448303223
1584,,99,0.0010530889267101884,,0.14939165115356445
1585,,99,0.0011482536792755127,,0.11360635608434677
1586,,99,0.0009317658841609955,,0.08926079422235489
1587,,99,0.0007664721924811602,,0.0562395341694355
1588,,99,0.0005025069694966078,,0.07864068448543549
1589,,99,0.0006066076457500458,,0.05420171096920967
1590,,99,0.00033318219357170165,,0.07232291996479034
1591,,99,0.0020560570992529392,,0.17974604666233063
1592,,99,0.00027575663989409804,,0.08266028761863708
1593,,99,0.0034239015076309443,,0.09325674176216125
1594,,99,0.0006725298007950187,,0.11021080613136292
1595,,99,0.0007184769492596388,,0.0878819078207016
1596,,99,0.0007976390770636499,,0.12455781549215317
1597,,99,0.0017998720286414027,,0.04900002107024193
1598,,99,0.0005723235080949962,,0.06050078570842743
1599,,99,0.0012098865117877722,,0.09453722834587097
,1584,99,,0.04104802757501602,0.1306501030921936
,1585,99,,0.04451756551861763,0.11616983264684677
,1586,99,,0.05228148028254509,0.2042335867881775
,1587,99,,0.05483132600784302,0.1622850000858307
,1588,99,,0.05245509743690491,0.18098169565200806
,1589,99,,0.03912115469574928,0.13467718660831451
,1590,99,,0.054761506617069244,0.14564359188079834
,1591,99,,0.04715702310204506,0.1229248046875
,1592,99,,0.047077834606170654,0.17868228256702423
,1593,99,,0.07281291484832764,0.17105413973331451
,1594,99,,0.04666318744421005,0.20877385139465332
,1595,99,,0.055095188319683075,0.17776302993297577
,1596,99,,0.046017929911613464,0.11701434850692749
,1597,99,,0.03633595630526543,0.15879976749420166
,1598,99,,0.03890824317932129,0.13661536574363708
,1599,99,,0.04659060761332512,0.12423893064260483
1600,,100,0.0007628562161698937,,0.14356714487075806
1601,,100,0.0007388878730125725,,0.1508689522743225
1602,,100,0.0005210062372498214,,0.14560620486736298
1603,,100,0.0009057600982487202,,0.0702863410115242
1604,,100,0.0010504905367270112,,0.07407549768686295
1605,,100,0.000437019276432693,,0.044632893055677414
1606,,100,0.0021460410207509995,,0.10361403226852417
1607,,100,0.0016327212797477841,,0.08026745915412903
1608,,100,0.0005851807654835284,,0.03436279296875
1609,,100,0.0008357808692380786,,0.06318508833646774
1610,,100,0.0014372682198882103,,0.08260423690080643
1611,,100,0.0008282042108476162,,0.060554347932338715
1612,,100,0.00015950572560541332,,0.04023338109254837
1613,,100,0.0028154298197478056,,0.18629921972751617
1614,,100,0.0011031354079023004,,0.20021149516105652
1615,,100,0.0003186408430337906,,0.13593773543834686
,1600,100,,0.03944194316864014,0.14972296357154846
,1601,100,,0.04679547995328903,0.15408387780189514
,1602,100,,0.04029732197523117,0.11418431997299194
,1603,100,,0.0705081969499588,0.1857984960079193
,1604,100,,0.027715327218174934,0.10739945620298386
,1605,100,,0.036099910736083984,0.12326858937740326
,1606,100,,0.04995827376842499,0.14902916550636292
,1607,100,,0.05623087286949158,0.21490353345870972
,1608,100,,0.07467435300350189,0.20312125980854034
,1609,100,,0.051813382655382156,0.20659777522087097
,1610,100,,0.0447244830429554,0.15800507366657257
,1611,100,,0.04487995803356171,0.14956976473331451
,1612,100,,0.04562396928668022,0.12294846773147583
,1613,100,,0.02588476613163948,0.08799152076244354
,1614,100,,0.035532645881175995,0.11672911792993546
,1615,100,,0.04560885578393936,0.121956966817379
1616,,101,0.0015731872990727425,,0.0870274156332016
1617,,101,0.0018850065534934402,,0.14537951350212097
1618,,101,0.0013820006279274821,,0.08907520771026611
1619,,101,0.0006598078762181103,,0.060844577848911285
1620,,101,0.0006029303185641766,,0.06524409353733063
1621,,101,0.001987777417525649,,0.12994757294654846
1622,,101,0.0008813299355097115,,0.10098453611135483
1623,,101,0.0042266990058124065,,0.2760981321334839
1624,,101,0.00012727692956104875,,0.09876111149787903
1625,,101,0.0006510274251922965,,0.05471241474151611
1626,,101,0.0029173530638217926,,0.12663674354553223
1627,,101,0.0008226243080571294,,0.19662538170814514
1628,,101,0.00046447786735370755,,0.11711151897907257
1629,,101,0.0031137801706790924,,0.10665084421634674
1630,,101,0.0012078456347808242,,0.0742361918091774
1631,,101,0.00027716648764908314,,0.09825289249420166
,1616,101,,0.05095832794904709,0.1684918999671936
,1617,101,,0.046121276915073395,0.18559670448303223
,1618,101,,0.04428316652774811,0.18960757553577423
,1619,101,,0.051767125725746155,0.18071015179157257
,1620,101,,0.0419512614607811,0.21067342162132263
,1621,101,,0.029799077659845352,0.12884895503520966
,1622,101,,0.047333527356386185,0.17112389206886292
,1623,101,,0.03875206038355827,0.11026561260223389
,1624,101,,0.05845985934138298,0.14568594098091125
,1625,101,,0.06647245585918427,0.20170125365257263
,1626,101,,0.04270870238542557,0.11662323772907257
,1627,101,,0.046767108142375946,0.13763926923274994
,1628,101,,0.047635696828365326,0.15417355298995972
,1629,101,,0.039674386382102966,0.15595728158950806
,1630,101,,0.04693729430437088,0.1384352147579193
,1631,101,,0.03917662799358368,0.17310193181037903
1632,,102,0.0007919906638562679,,0.10213050246238708
1633,,102,0.0007331989472731948,,0.09164614975452423
1634,,102,0.0036322404630482197,,0.07009576261043549
1635,,102,0.001078963279724121,,0.13892972469329834
1636,,102,0.0006752107874490321,,0.08758171647787094
1637,,102,0.00017832669254858047,,0.10962287336587906
1638,,102,0.0012030823854729533,,0.13169020414352417
1639,,102,0.0009189679403789341,,0.05005878955125809
1640,,102,0.0011863119434565306,,0.19625791907310486
1641,,102,0.0009432167280465364,,0.1629638671875
1642,,102,0.002373499097302556,,0.11744534224271774
1643,,102,0.000692703586537391,,0.10421939939260483
1644,,102,0.0011826246045529842,,0.08987738192081451
1645,,102,0.0002816289197653532,,0.10376225411891937
1646,,102,0.002198121277615428,,0.10223886370658875
1647,,102,0.00058982043992728,,0.11619473993778229
,1632,102,,0.045384421944618225,0.14437554776668549
,1633,102,,0.05300512909889221,0.17137426137924194
,1634,102,,0.03165099769830704,0.11294369399547577
,1635,102,,0.03620675951242447,0.14300289750099182
,1636,102,,0.03349906951189041,0.13162043690681458
,1637,102,,0.04802977293729782,0.1757476031780243
,1638,102,,0.04483313858509064,0.13630270957946777
,1639,102,,0.06310262531042099,0.22785544395446777
,1640,102,,0.05488753318786621,0.19282500445842743
,1641,102,,0.038976944983005524,0.13872170448303223
,1642,102,,0.043273329734802246,0.1446446031332016
,1643,102,,0.0402691587805748,0.11602161079645157
,1644,102,,0.0432385578751564,0.1413038671016693
,1645,102,,0.0436272919178009,0.14058390259742737
,1646,102,,0.06581942737102509,0.18729323148727417
,1647,102,,0.040629997849464417,0.1396733522415161
1648,,103,0.0003503304615151137,,0.1279209703207016
1649,,103,0.002026042900979519,,0.09959691762924194
1650,,103,0.00036304417881183326,,0.09592235833406448
1651,,103,0.0011751002166420221,,0.11841069161891937
1652,,103,0.0012551347026601434,,0.09175202995538712
1653,,103,0.00017979003314394504,,0.06713119894266129
1654,,103,0.002108341082930565,,0.14993597567081451
1655,,103,0.000337254605256021,,0.025825345888733864
1656,,103,0.0004025373491458595,,0.03748804330825806
1657,,103,0.0011112086940556765,,0.06131044030189514
1658,,103,0.0004740671720355749,,0.09247946739196777
1659,,103,0.005207671318203211,,0.01684321090579033
1660,,103,0.0022873745765537024,,0.11282037198543549
1661,,103,0.0007347881910391152,,0.17659711837768555
1662,,103,0.0009034519316628575,,0.07400698959827423
1663,,103,0.0009167778771370649,,0.16991066932678223
,1648,103,,0.030818786472082138,0.1410609781742096
,1649,103,,0.0488022044301033,0.11356399953365326
,1650,103,,0.04201838746666908,0.1502511203289032
,1651,103,,0.056538909673690796,0.13482043147087097
,1652,103,,0.03734031692147255,0.12817756831645966
,1653,103,,0.04570905119180679,0.18194454908370972
,1654,103,,0.04392879456281662,0.22039048373699188
,1655,103,,0.03357328101992607,0.13665896654129028
,1656,103,,0.07143794745206833,0.17408721148967743
,1657,103,,0.04275554418563843,0.12986910343170166
,1658,103,,0.03736540302634239,0.09754414856433868
,1659,103,,0.05375398322939873,0.13078588247299194
,1660,103,,0.07221098989248276,0.14404919743537903
,1661,103,,0.042381927371025085,0.10449966043233871
,1662,103,,0.03807279095053673,0.1419590562582016
,1663,103,,0.048367470502853394,0.16591472923755646
1664,,104,0.001250803703442216,,0.15440025925636292
1665,,104,0.0008701629703864455,,0.1530674546957016
1666,,104,0.0007355765555985272,,0.12974953651428223
1667,,104,0.0006784008000977337,,0.026752080768346786
1668,,104,0.0006677854107692838,,0.08004201203584671
1669,,104,0.0004270192002877593,,0.07458994537591934
1670,,104,0.003753970144316554,,0.07371801137924194
1671,,104,0.001888195751234889,,0.11208297312259674
1672,,104,0.0004468706902116537,,0.04292017221450806
1673,,104,0.0002539491979405284,,0.09803616255521774
1674,,104,0.0007452903664670885,,0.15484245121479034
1675,,104,0.0022409972734749317,,0.07383634150028229
1676,,104,0.0003857433912344277,,0.09818314760923386
1677,,104,0.001526189735159278,,0.10103685408830643
1678,,104,0.0075010755099356174,,0.06100650876760483
1679,,104,0.0004856240120716393,,0.054450832307338715
,1664,104,,0.059743732213974,0.17187997698783875
,1665,104,,0.05452432110905647,0.10408985614776611
,1666,104,,0.04889801889657974,0.09214316308498383
,1667,104,,0.042618364095687866,0.11895005404949188
,1668,104,,0.0436207577586174,0.11779162287712097
,1669,104,,0.0671008750796318,0.19017557799816132
,1670,104,,0.04055110365152359,0.13845014572143555
,1671,104,,0.0720270499587059,0.16339610517024994
,1672,104,,0.0626915842294693,0.14620037376880646
,1673,104,,0.05103308707475662,0.15927061438560486
,1674,104,,0.05798180028796196,0.15365788340568542
,1675,104,,0.05817711353302002,0.10041652619838715
,1676,104,,0.05230657011270523,0.15426324307918549
,1677,104,,0.042685188353061676,0.1311197131872177
,1678,104,,0.06363879144191742,0.15737727284431458
,1679,104,,0.04427088797092438,0.16828638315200806
1680,,105,0.0006931365933269262,,0.1460048258304596
1681,,105,0.0007838292513042688,,0.19364836812019348
1682,,105,0.002186031546443701,,0.09024359285831451
1683,,105,0.00019938373588956892,,0.019150089472532272
1684,,105,0.0003249093424528837,,0.04274453967809677
1685,,105,0.0013127808924764395,,0.13344153761863708
1686,,105,0.00030286062974482775,,0.14371910691261292
1687,,105,0.003504173830151558,,0.08030980825424194
1688,,105,0.0007579394150525331,,0.0987287238240242
1689,,105,0.001157999038696289,,0.07639234513044357
1690,,105,0.0008896786603145301,,0.22434654831886292
1691,,105,0.0005310936830937862,,0.07329948246479034
1692,,105,0.000446823745733127,,0.0888497531414032
1693,,105,0.0005005509592592716,,0.09464310109615326
1694,,105,0.0002292158897034824,,0.07903429865837097
1695,,105,0.0007949813734740019,,0.10969637334346771
,1680,105,,0.03355981037020683,0.11467011272907257
,1681,105,,0.049261659383773804,0.2145983725786209
,1682,105,,0.04872237518429756,0.17149882018566132
,1683,105,,0.05269095301628113,0.1311994194984436
,1684,105,,0.04567144066095352,0.1363363415002823
,1685,105,,0.03979120030999184,0.17078882455825806
,1686,105,,0.04359619319438934,0.1443232297897339
,1687,105,,0.03177250176668167,0.1622389256954193
,1688,105,,0.04118730127811432,0.17717134952545166
,1689,105,,0.02530549466609955,0.14609698951244354
,1690,105,,0.034007467329502106,0.16519850492477417
,1691,105,,0.04026810824871063,0.14947010576725006
,1692,105,,0.029696187004446983,0.1627720445394516
,1693,105,,0.026495808735489845,0.1192190945148468
,1694,105,,0.04727870225906372,0.1653355211019516
,1695,105,,0.04831012338399887,0.1445212960243225
1696,,106,0.002590509131550789,,0.09997060149908066
1697,,106,0.002000866224989295,,0.1122523695230484
1698,,106,0.0006996953743509948,,0.0490809828042984
1699,,106,0.0005630364175885916,,0.05665308237075806
1700,,106,0.0007711858488619328,,0.06514070183038712
1701,,106,0.0023669274523854256,,0.08284339308738708
1702,,106,0.001155103906057775,,0.07923982292413712
1703,,106,0.0012249182909727097,,0.10284423828125
1704,,106,0.0022907673846930265,,0.15727390348911285
1705,,106,0.002734746318310499,,0.12484679371118546
1706,,106,0.00022781826555728912,,0.041801609098911285
1707,,106,0.00033370452001690865,,0.0538155660033226
1708,,106,0.003496625693514943,,0.06913788616657257
1709,,106,0.0011650046799331903,,0.1403459906578064
1710,,106,0.0008893199265003204,,0.08024628460407257
1711,,106,0.0012125179637223482,,0.10200967639684677
,1696,106,,0.03182399272918701,0.160566046833992
,1697,106,,0.03714289143681526,0.1484910547733307
,1698,106,,0.02710271254181862,0.08050661534070969
,1699,106,,0.027192171663045883,0.13952511548995972
,1700,106,,0.043948784470558167,0.12697306275367737
,1701,106,,0.039616409689188004,0.15923574566841125
,1702,106,,0.040577471256256104,0.23600800335407257
,1703,106,,0.026897380128502846,0.13106116652488708
,1704,106,,0.03868633136153221,0.10810571908950806
,1705,106,,0.03312654420733452,0.1744123250246048
,1706,106,,0.028707731515169144,0.12620575726032257
,1707,106,,0.04608212783932686,0.1327676624059677
,1708,106,,0.0366741381585598,0.1356649547815323
,1709,106,,0.021147489547729492,0.13056665658950806
,1710,106,,0.04109416529536247,0.17317914962768555
,1711,106,,0.029775744304060936,0.10418327152729034
1712,,107,0.0029009724967181683,,0.19970828294754028
1713,,107,0.0002852832549251616,,0.0846819207072258
1714,,107,0.0011511214543133974,,0.01342026051133871
1715,,107,0.0003095135325565934,,0.0733904168009758
1716,,107,0.0011200448498129845,,0.07512681186199188
1717,,107,0.0015532729448750615,,0.02403913252055645
1718,,107,0.002517318818718195,,0.014941155910491943
1719,,107,0.0012416215613484383,,0.11794109642505646
1720,,107,0.0045114909298717976,,0.014010682702064514
1721,,107,0.0005310777924023569,,0.06222347170114517
1722,,107,0.0011398637434467673,,0.10061582922935486
1723,,107,0.0010514473542571068,,0.09835129976272583
1724,,107,0.0002899268001783639,,0.01763293147087097
1725,,107,0.0004354008997324854,,0.08377635478973389
1726,,107,0.0009789044270291924,,0.03511888161301613
1727,,107,0.00019894303113687783,,0.06890495866537094
,1712,107,,0.022586248815059662,0.10501658916473389
,1713,107,,0.04647516459226608,0.20482775568962097
,1714,107,,0.0386415533721447,0.1138131245970726
,1715,107,,0.03574831783771515,0.18560416996479034
,1716,107,,0.04280271753668785,0.15037566423416138
,1717,107,,0.03426056727766991,0.18032525479793549
,1718,107,,0.023366069421172142,0.1690586656332016
,1719,107,,0.03356429934501648,0.17017722129821777
,1720,107,,0.03981404006481171,0.11646629124879837
,1721,107,,0.033791109919548035,0.1289772391319275
,1722,107,,0.028344759717583656,0.13243257999420166
,1723,107,,0.051801834255456924,0.1060529500246048
,1724,107,,0.032674022018909454,0.10981844365596771
,1725,107,,0.04834626615047455,0.1640188992023468
,1726,107,,0.04890099912881851,0.16768723726272583
,1727,107,,0.04636571928858757,0.13930465281009674
1728,,108,0.0014374896418303251,,0.0999668687582016
1729,,108,0.0013483926886692643,,0.09320192784070969
1730,,108,0.0028347941115498543,,0.1196550726890564
1731,,108,0.0006557345623150468,,0.02954350784420967
1732,,108,0.0018958479631692171,,0.04184022173285484
1733,,108,0.00038028237759135664,,0.07962845265865326
1734,,108,0.0022427081130445004,,0.14891457557678223
1735,,108,0.00038503622636199,,0.12945058941841125
1736,,108,0.003889856394380331,,0.08975904434919357
1737,,108,0.0005797607009299099,,0.09682293236255646
1738,,108,0.0007254177471622825,,0.06745007634162903
1739,,108,0.0002242590271634981,,0.029143664985895157
1740,,108,0.00014143766020424664,,0.05499641224741936
1741,,108,0.00021137477597221732,,0.0724836066365242
1742,,108,0.00032546339207328856,,0.07185457646846771
1743,,108,0.00022346182959154248,,0.048524193465709686
,1728,108,,0.0527118444442749,0.15036198496818542
,1729,108,,0.034361712634563446,0.1402587890625
,1730,108,,0.04495306313037872,0.15822181105613708
,1731,108,,0.05172786861658096,0.1429094672203064
,1732,108,,0.035423584282398224,0.09478012472391129
,1733,108,,0.03845909237861633,0.18880042433738708
,1734,108,,0.030164409428834915,0.12666413187980652
,1735,108,,0.037057287991046906,0.08597487211227417
,1736,108,,0.028902802616357803,0.12603759765625
,1737,108,,0.04204703867435455,0.14296676218509674
,1738,108,,0.03329447656869888,0.1730869859457016
,1739,108,,0.04556739330291748,0.19714978337287903
,1740,108,,0.03872750699520111,0.17315924167633057
,1741,108,,0.03942897170782089,0.12180374562740326
,1742,108,,0.03365318477153778,0.13877028226852417
,1743,108,,0.041073527187108994,0.17795982956886292
1744,,109,0.0013048604596406221,,0.11169807612895966
1745,,109,0.002274848986417055,,0.20171870291233063
1746,,109,0.0015881406143307686,,0.053895287215709686
1747,,109,0.0003158085164614022,,0.10728111863136292
1748,,109,0.0012137648882344365,,0.12700918316841125
1749,,109,0.00033045923919416964,,0.07989501953125
1750,,109,0.0003788233734667301,,0.10833740234375
1751,,109,0.00022756023099645972,,0.07603485882282257
1752,,109,0.0016466140514239669,,0.13339795172214508
1753,,109,0.0002481624251231551,,0.029052734375
1754,,109,0.0072590382769703865,,0.05223488062620163
1755,,109,0.001043948344886303,,0.10682772099971771
1756,,109,0.002017333870753646,,0.07913270592689514
1757,,109,0.00013343895261641592,,0.10651382058858871
1758,,109,0.0006337371887639165,,0.11161212623119354
1759,,109,0.0018658569315448403,,0.14529606699943542
,1744,109,,0.019633248448371887,0.24535883963108063
,1745,109,,0.04485498368740082,0.12842169404029846
,1746,109,,0.028192823752760887,0.15116415917873383
,1747,109,,0.05799762159585953,0.18715620040893555
,1748,109,,0.038778550922870636,0.17620599269866943
,1749,109,,0.04518023878335953,0.13416150212287903
,1750,109,,0.047389350831508636,0.12520304322242737
,1751,109,,0.034851863980293274,0.14209981262683868
,1752,109,,0.03964532911777496,0.11283034086227417
,1753,109,,0.028021693229675293,0.1608450710773468
,1754,109,,0.03327232599258423,0.1226719468832016
,1755,109,,0.02955806441605091,0.18243658542633057
,1756,109,,0.05081640183925629,0.1816505789756775
,1757,109,,0.05354618653655052,0.16539156436920166
,1758,109,,0.04255767911672592,0.14306268095970154
,1759,109,,0.0299801304936409,0.2276362180709839
1760,,110,0.0014697543811053038,,0.09565330296754837
1761,,110,0.0005148801719769835,,0.07815863192081451
1762,,110,0.0004234155348967761,,0.09968535602092743
1763,,110,0.0003904558252543211,,0.08608946204185486
1764,,110,0.01313585415482521,,0.22558096051216125
1765,,110,0.0005599654978141189,,0.12664920091629028
1766,,110,0.0016802868340164423,,0.09163494408130646
1767,,110,0.00074684654828161,,0.07583680748939514
1768,,110,0.0012435629032552242,,0.020276129245758057
1769,,110,0.001304738805629313,,0.0543387271463871
1770,,110,0.0012864309828728437,,0.09575419127941132
1771,,110,0.0013857592130079865,,0.05483199283480644
1772,,110,0.0011716705048456788,,0.025157693773508072
1773,,110,0.0007844162173569202,,0.04018106311559677
1774,,110,0.002087040338665247,,0.10572036355733871
1775,,110,0.0012151350965723395,,0.15623131394386292
,1760,110,,0.07230797410011292,0.17752012610435486
,1761,110,,0.09559034556150436,0.17696210741996765
,1762,110,,0.06462275981903076,0.15078921616077423
,1763,110,,0.031986892223358154,0.16105309128761292
,1764,110,,0.07549890875816345,0.17287150025367737
,1765,110,,0.0837959423661232,0.19446176290512085
,1766,110,,0.08043409883975983,0.1253400444984436
,1767,110,,0.07572796195745468,0.14430207014083862
,1768,110,,0.09772925823926926,0.15954963862895966
,1769,110,,0.0830729678273201,0.11183882504701614
,1770,110,,0.07668624818325043,0.12697680294513702
,1771,110,,0.13681641221046448,0.1859666407108307
,1772,110,,0.06497602164745331,0.1602347195148468
,1773,110,,0.11238357424736023,0.16853924095630646
,1774,110,,0.08990918099880219,0.11838828027248383
,1775,110,,0.08655381202697754,0.14691162109375
1776,,111,0.002879349049180746,,0.043278906494379044
1777,,111,0.0005865828134119511,,0.1459001898765564
1778,,111,0.0011645341292023659,,0.1326393485069275
1779,,111,0.0017295557772740722,,0.04278564453125
1780,,111,0.00047068652929738164,,0.06463498622179031
1781,,111,0.0002148486382793635,,0.09058988094329834
1782,,111,0.0005189584335312247,,0.060312699526548386
1783,,111,0.0005099086556583643,,0.01690424606204033
1784,,111,0.0007005852530710399,,0.08493851870298386
1785,,111,0.003782933112233877,,0.1358206570148468
1786,,111,0.00018865018500946462,,0.04831244423985481
1787,,111,0.0006128842942416668,,0.11549469828605652
1788,,111,0.0034153638407588005,,0.15708208084106445
1789,,111,0.002544020302593708,,0.08448012918233871
1790,,111,0.0009947309736162424,,0.09474525600671768
1791,,111,0.0005101164570078254,,0.1060616672039032
,1776,111,,0.03170672059059143,0.19229188561439514
,1777,111,,0.05374199524521828,0.10938247293233871
,1778,111,,0.024943087249994278,0.17354661226272583
,1779,111,,0.034325964748859406,0.1449236273765564
,1780,111,,0.04767191410064697,0.18125323951244354
,1781,111,,0.07111060619354248,0.1699928641319275
,1782,111,,0.03186338394880295,0.14227046072483063
,1783,111,,0.036789670586586,0.18930241465568542
,1784,111,,0.047064345329999924,0.18394502997398376
,1785,111,,0.053681109100580215,0.1957135796546936
,1786,111,,0.03409694880247116,0.17620849609375
,1787,111,,0.05228308588266373,0.09634586423635483
,1788,111,,0.0452767014503479,0.11789003014564514
,1789,111,,0.026713866740465164,0.11812545359134674
,1790,111,,0.04741417616605759,0.13743123412132263
,1791,111,,0.050512589514255524,0.1500680148601532
1792,,112,0.0004104943363927305,,0.04286162555217743
1793,,112,0.000655943586025387,,0.16273841261863708
1794,,112,0.0007465319358743727,,0.12553934752941132
1795,,112,0.0003980544279329479,,0.08741355687379837
1796,,112,0.0005198079161345959,,0.07004344463348389
1797,,112,0.0019138817442581058,,0.1065325066447258
1798,,112,0.0004035176243633032,,0.1211286336183548
1799,,112,0.000536617124453187,,0.018039003014564514
1800,,112,0.0004943804815411568,,0.10201839357614517
1801,,112,0.0008417795179411769,,0.030071647837758064
1802,,112,0.0010434223804622889,,0.12931978702545166
1803,,112,0.0012136426521465182,,0.17376834154129028
1804,,112,0.003261709585785866,,0.06533502042293549
1805,,112,0.0013889935798943043,,0.06412926316261292
1806,,112,0.000855531427077949,,0.0794852152466774
1807,,112,0.0018022588919848204,,0.20155052840709686
,1792,112,,0.05021659657359123,0.22444620728492737
,1793,112,,0.06091991066932678,0.1347295045852661
,1794,112,,0.05356404557824135,0.15866774320602417
,1795,112,,0.047415949404239655,0.11608389019966125
,1796,112,,0.04234796389937401,0.1504877805709839
,1797,112,,0.047527506947517395,0.1717890501022339
,1798,112,,0.03785906732082367,0.1376180797815323
,1799,112,,0.04011561721563339,0.18021813035011292
,1800,112,,0.06762079149484634,0.15845225751399994
,1801,112,,0.049202945083379745,0.1514357030391693
,1802,112,,0.05996362119913101,0.16089242696762085
,1803,112,,0.04143810272216797,0.1429518163204193
,1804,112,,0.04765700548887253,0.17785021662712097
,1805,112,,0.04242737591266632,0.12379050254821777
,1806,112,,0.04827502369880676,0.21478271484375
,1807,112,,0.06315585970878601,0.18342310190200806
1808,,113,0.0005944744916632771,,0.0620640367269516
1809,,113,0.0004013919678982347,,0.10513990372419357
1810,,113,0.0002450959291309118,,0.01588408835232258
1811,,113,0.0007866966188885272,,0.10543885082006454
1812,,113,0.002645248780027032,,0.15290552377700806
1813,,113,0.001472664880566299,,0.016315070912241936
1814,,113,0.0018213732400909066,,0.18499755859375
1815,,113,0.00031413990654982626,,0.026272520422935486
1816,,113,0.00015844078734517097,,0.09175203740596771
1817,,113,0.0005657288711518049,,0.09975136816501617
1818,,113,0.0005967800971120596,,0.09983981400728226
1819,,113,0.0010523460805416107,,0.08479277789592743
1820,,113,0.0008503777207806706,,0.07380769401788712
1821,,113,0.00047148781595751643,,0.05551956966519356
1822,,113,0.001086750882677734,,0.07730288803577423
1823,,113,0.0006308157462626696,,0.09773098677396774
,1808,113,,0.043656185269355774,0.12485924363136292
,1809,113,,0.041221119463443756,0.15586261451244354
,1810,113,,0.03455653041601181,0.13443927466869354
,1811,113,,0.035548172891139984,0.12100281566381454
,1812,113,,0.04280462488532066,0.20483151078224182
,1813,113,,0.03809285908937454,0.1789463609457016
,1814,113,,0.04119722545146942,0.1597726047039032
,1815,113,,0.05417006462812424,0.18122708797454834
,1816,113,,0.03668674826622009,0.1494389772415161
,1817,113,,0.042603783309459686,0.16644287109375
,1818,113,,0.043999336659908295,0.11464768648147583
,1819,113,,0.053044598549604416,0.1710043102502823
,1820,113,,0.03443503379821777,0.14678457379341125
,1821,113,,0.03429029881954193,0.1324114203453064
,1822,113,,0.03861049562692642,0.19305917620658875
,1823,113,,0.04609176144003868,0.12251873314380646
1824,,114,0.00035775810829363763,,0.030819017440080643
1825,,114,0.0010174296330660582,,0.16542521119117737
1826,,114,0.0018334175692871213,,0.11440230160951614
1827,,114,0.0025499744806438684,,0.16217041015625
1828,,114,0.002689086366444826,,0.12753108143806458
1829,,114,0.0009720048401504755,,0.07829813659191132
1830,,114,0.0010865096701309085,,0.08644072711467743
1831,,114,0.000284773763269186,,0.09205222874879837
1832,,114,0.00040984322549775243,,0.12610360980033875
1833,,114,0.00024695726460777223,,0.029265733435750008
1834,,114,0.0005646206554956734,,0.08107711374759674
1835,,114,0.000692668603733182,,0.06526277959346771
1836,,114,0.0010978452628478408,,0.07476682215929031
1837,,114,0.0006403347942978144,,0.07930086553096771
1838,,114,0.0006724981358274817,,0.0945696085691452
1839,,114,0.0021107227075845003,,0.1325845569372177
,1824,114,,0.04577301815152168,0.18780642747879028
,1825,114,,0.03966860473155975,0.14304772019386292
,1826,114,,0.046227335929870605,0.15271244943141937
,1827,114,,0.03130049630999565,0.11842190474271774
,1828,114,,0.04287765920162201,0.1574271023273468
,1829,114,,0.04762960225343704,0.18560293316841125
,1830,114,,0.035301223397254944,0.19956377148628235
,1831,114,,0.03929922729730606,0.17011618614196777
,1832,114,,0.03215216472744942,0.13081951439380646
,1833,114,,0.026595735922455788,0.10417331010103226
,1834,114,,0.052918605506420135,0.13123929500579834
,1835,114,,0.03740733116865158,0.1451054811477661
,1836,114,,0.05108220875263214,0.18230828642845154
,1837,114,,0.038001928478479385,0.15167361497879028
,1838,114,,0.03383027762174606,0.18169045448303223
,1839,114,,0.039694398641586304,0.1375993937253952
1840,,115,0.0009738928638398647,,0.027118293568491936
1841,,115,0.0008098873076960444,,0.07429847121238708
1842,,115,0.002031758427619934,,0.10395532846450806
1843,,115,0.005102158524096012,,0.06001998484134674
1844,,115,0.0009548267698846757,,0.07423120737075806
1845,,115,0.002901086350902915,,0.1757712960243225
1846,,115,0.0012114885030314326,,0.06749367713928223
1847,,115,0.0012804868165403605,,0.05239930748939514
1848,,115,0.0003810023481491953,,0.092398501932621
1849,,115,0.00019874215649906546,,0.06928984820842743
1850,,115,0.00029363625799305737,,0.10383574664592743
1851,,115,0.003629432525485754,,0.2045636773109436
1852,,115,0.0014131204225122929,,0.1269095242023468
1853,,115,0.0024565805215388536,,0.1664765179157257
1854,,115,0.0008724898798391223,,0.05798713490366936
1855,,115,0.0014531026827171445,,0.13446295261383057
,1840,115,,0.060426920652389526,0.15330785512924194
,1841,115,,0.06919309496879578,0.11041259765625
,1842,115,,0.048837341368198395,0.12691450119018555
,1843,115,,0.06702005863189697,0.2008131444454193
,1844,115,,0.059086013585329056,0.11804573237895966
,1845,115,,0.07383967936038971,0.1728689968585968
,1846,115,,0.06360431015491486,0.12699298560619354
,1847,115,,0.061460141092538834,0.13816741108894348
,1848,115,,0.04471196234226227,0.13061024248600006
,1849,115,,0.04914134368300438,0.17680513858795166
,1850,115,,0.05932162329554558,0.124799445271492
,1851,115,,0.08634355664253235,0.1538771092891693
,1852,115,,0.0735408142209053,0.14375150203704834
,1853,115,,0.07892917841672897,0.14833660423755646
,1854,115,,0.0829419195652008,0.18189971148967743
,1855,115,,0.052664466202259064,0.14280107617378235
1856,,116,0.0005772898439317942,,0.015724649652838707
1857,,116,0.0009306116844527423,,0.13893593847751617
1858,,116,0.0007175125065259635,,0.10734464228153229
1859,,116,0.0006963163614273071,,0.1173618882894516
1860,,116,0.00048402792890556157,,0.06973079591989517
1861,,116,0.00041094046900980175,,0.0811941921710968
1862,,116,0.0001690788776613772,,0.07995107024908066
1863,,116,0.005757372360676527,,0.08499705791473389
1864,,116,0.00012564807548187673,,0.026988748461008072
1865,,116,0.0003746467409655452,,0.07581064850091934
1866,,116,0.00040515419095754623,,0.09810841083526611
1867,,116,0.000644985877443105,,0.11504627764225006
1868,,116,0.00034904968924820423,,0.13801419734954834
1869,,116,0.00034022293402813375,,0.10026830434799194
1870,,116,0.002308035735040903,,0.15855439007282257
1871,,116,0.004276607651263475,,0.06629788130521774
,1856,116,,0.03728198632597923,0.1721278578042984
,1857,116,,0.0279826819896698,0.12444570660591125
,1858,116,,0.04448860138654709,0.19000118970870972
,1859,116,,0.055846258997917175,0.21584025025367737
,1860,116,,0.03661402314901352,0.10893654078245163
,1861,116,,0.03602093085646629,0.10756388306617737
,1862,116,,0.03413072228431702,0.19776636362075806
,1863,116,,0.03141337260603905,0.14292441308498383
,1864,116,,0.028869371861219406,0.11170181632041931
,1865,116,,0.030654197558760643,0.12082593888044357
,1866,116,,0.04061511158943176,0.1669934242963791
,1867,116,,0.03402045741677284,0.1553955078125
,1868,116,,0.0279339998960495,0.1117030531167984
,1869,116,,0.03756263479590416,0.12866708636283875
,1870,116,,0.044547684490680695,0.18356510996818542
,1871,116,,0.05580728501081467,0.18773916363716125
1872,,117,0.002687472850084305,,0.10643285512924194
1873,,117,0.0019284359877929091,,0.01904047653079033
1874,,117,0.008999881334602833,,0.073416568338871
1875,,117,0.001489891204982996,,0.15277099609375
1876,,117,0.0006484045879915357,,0.04112399369478226
1877,,117,0.000981768942438066,,0.13991500437259674
1878,,117,0.0005080461269244552,,0.12473094463348389
1879,,117,0.0004418377357069403,,0.03777453303337097
1880,,117,0.006781346630305052,,0.12332091480493546
1881,,117,0.0005128529737703502,,0.06547453254461288
1882,,117,0.0012492103269323707,,0.11654600501060486
1883,,117,0.0006124497158452868,,0.08879493921995163
1884,,117,0.0017504289280623198,,0.08463956415653229
1885,,117,0.001370309735648334,,0.1474098563194275
1886,,117,0.0031683645211160183,,0.08849972486495972
1887,,117,0.00040811969665810466,,0.06304308772087097
,1872,117,,0.03863713517785072,0.12423768639564514
,1873,117,,0.05399119853973389,0.13599005341529846
,1874,117,,0.020209822803735733,0.1377027928829193
,1875,117,,0.05739432945847511,0.1825212836265564
,1876,117,,0.04945513606071472,0.19872549176216125
,1877,117,,0.03057538904249668,0.12025171518325806
,1878,117,,0.03325965255498886,0.13732659816741943
,1879,117,,0.034759700298309326,0.1477063149213791
,1880,117,,0.04790855944156647,0.14996835589408875
,1881,117,,0.02578207477927208,0.14095383882522583
,1882,117,,0.03795494884252548,0.11396882683038712
,1883,117,,0.02768079936504364,0.14650431275367737
,1884,117,,0.03091692365705967,0.1310673952102661
,1885,117,,0.03374156355857849,0.12392005324363708
,1886,117,,0.0450538732111454,0.1362653374671936
,1887,117,,0.04345225915312767,0.10989317297935486
1888,,118,0.00031241599936038256,,0.10334746539592743
1889,,118,0.0017618469428271055,,0.028659118339419365
1890,,118,0.006081223022192717,,0.07473567873239517
1891,,118,0.0008060329710133374,,0.04598812013864517
1892,,118,0.0022304016165435314,,0.18065285682678223
1893,,118,0.0012540926691144705,,0.08748330920934677
1894,,118,0.000497236440423876,,0.03741455078125
1895,,118,0.00017686496721580625,,0.07985017448663712
1896,,118,0.00324876606464386,,0.10570043325424194
1897,,118,0.000977958319708705,,0.11134431511163712
1898,,118,0.0006631152355112135,,0.06452786177396774
1899,,118,0.0002550780773162842,,0.030461525544524193
1900,,118,0.00019202768453396857,,0.06118088960647583
1901,,118,0.00036376359639689326,,0.09570810943841934
1902,,118,0.0013358129654079676,,0.1501028835773468
1903,,118,0.0024132877588272095,,0.1902029812335968
,1888,118,,0.043194688856601715,0.08792798966169357
,1889,118,,0.04809572547674179,0.17782779037952423
,1890,118,,0.03648445010185242,0.16414719820022583
,1891,118,,0.03753755986690521,0.17590206861495972
,1892,118,,0.04643017798662186,0.14437678456306458
,1893,118,,0.03888031467795372,0.14250090718269348
,1894,118,,0.0367337204515934,0.17560064792633057
,1895,118,,0.03118651546537876,0.14717569947242737
,1896,118,,0.04757247120141983,0.1299799680709839
,1897,118,,0.04066787287592888,0.1566423624753952
,1898,118,,0.026882223784923553,0.11392772197723389
,1899,118,,0.02576276659965515,0.0954415425658226
,1900,118,,0.05165896192193031,0.16525205969810486
,1901,118,,0.04294108599424362,0.16792763769626617
,1902,118,,0.048979539424180984,0.16842713952064514
,1903,118,,0.04224516078829765,0.1899576038122177
1904,,119,0.00028154815663583577,,0.12378303706645966
1905,,119,0.0014618299901485443,,0.0899222195148468
1906,,119,0.0009308425942435861,,0.17158851027488708
1907,,119,0.0005042250268161297,,0.09365533292293549
1908,,119,0.00044911395525559783,,0.08193782716989517
1909,,119,0.0022447085939347744,,0.24985302984714508
1910,,119,0.00674480153247714,,0.051774002611637115
1911,,119,0.0028127653058618307,,0.02334408089518547
1912,,119,0.001194025157019496,,0.25078722834587097
1913,,119,0.001563777681440115,,0.03405388072133064
1914,,119,0.00015718190115876496,,0.15248450636863708
1915,,119,0.0006513312691822648,,0.023584483191370964
1916,,119,0.0003086996730417013,,0.0919363796710968
1917,,119,0.00020829710410907865,,0.04350436478853226
1918,,119,0.00019684561993926764,,0.049977827817201614
1919,,119,0.0007425864459946752,,0.2293526828289032
,1904,119,,0.03900593891739845,0.12188969552516937
,1905,119,,0.044030267745256424,0.09979123622179031
,1906,119,,0.026568252593278885,0.17825254797935486
,1907,119,,0.03331243246793747,0.16748544573783875
,1908,119,,0.0293999295681715,0.10595951974391937
,1909,119,,0.037405699491500854,0.12261838465929031
,1910,119,,0.0411515086889267,0.15792161226272583
,1911,119,,0.05967889726161957,0.12803681194782257
,1912,119,,0.043484076857566833,0.13703887164592743
,1913,119,,0.051540181040763855,0.1759718358516693
,1914,119,,0.038095228374004364,0.1606619656085968
,1915,119,,0.036012887954711914,0.12396365404129028
,1916,119,,0.04596152901649475,0.14012302458286285
,1917,119,,0.05013345554471016,0.17355656623840332
,1918,119,,0.03609464317560196,0.15880227088928223
,1919,119,,0.0420970618724823,0.1547154039144516
1920,,120,0.0007691606879234314,,0.03933529183268547
1921,,120,0.0004298553103581071,,0.11507245153188705
1922,,120,0.0008682308252900839,,0.158935546875
1923,,120,0.0005886766593903303,,0.01630510576069355
1924,,120,0.00020013601169921458,,0.09510023891925812
1925,,120,0.0013680439442396164,,0.15646550059318542
1926,,120,0.000702408142387867,,0.0517054982483387
1927,,120,0.00021475974062923342,,0.1894618421792984
1928,,120,0.00034185685217380524,,0.14495226740837097
1929,,120,0.0004878955369349569,,0.03496068716049194
1930,,120,0.002483741845935583,,0.09634585678577423
1931,,120,0.0014521268894895911,,0.2000470906496048
1932,,120,0.0016007076483219862,,0.04454570263624191
1933,,120,0.0005562312435358763,,0.02686418779194355
1934,,120,0.0020157245453447104,,0.18079733848571777
1935,,120,0.0011471349280327559,,0.08523871004581451
,1920,120,,0.02871953696012497,0.13990503549575806
,1921,120,,0.04325148090720177,0.19529257714748383
,1922,120,,0.04547811672091484,0.14286212623119354
,1923,120,,0.04625478386878967,0.15881097316741943
,1924,120,,0.021559257060289383,0.14571832120418549
,1925,120,,0.015315581113100052,0.07649698108434677
,1926,120,,0.03348277509212494,0.15193644165992737
,1927,120,,0.02424168586730957,0.11469876766204834
,1928,120,,0.02331007644534111,0.11658088862895966
,1929,120,,0.043058108538389206,0.14261923730373383
,1930,120,,0.06375729292631149,0.18514204025268555
,1931,120,,0.029006754979491234,0.1362479031085968
,1932,120,,0.0277128666639328,0.17129206657409668
,1933,120,,0.03296862170100212,0.1415044069290161
,1934,120,,0.044412411749362946,0.15425701439380646
,1935,120,,0.03452644497156143,0.153337761759758
1936,,121,0.0004783945914823562,,0.1659471094608307
1937,,121,0.0003756116493605077,,0.09950972348451614
1938,,121,0.0010172587353736162,,0.09835005551576614
1939,,121,0.0007537850760854781,,0.04695720970630646
1940,,121,0.001563251600600779,,0.18657450377941132
1941,,121,0.0011174253886565566,,0.18010103702545166
1942,,121,0.00091355643235147,,0.12421402335166931
1943,,121,0.0002123387239407748,,0.029308084398508072
1944,,121,0.0019986361730843782,,0.13116705417633057
1945,,121,0.008497313596308231,,0.1855032742023468
1946,,121,0.002557986881583929,,0.0475289486348629
1947,,121,0.000440780830103904,,0.10176055133342743
1948,,121,0.0005044884164817631,,0.10430534183979034
1949,,121,0.0006453713867813349,,0.08819704502820969
1950,,121,0.00178706890437752,,0.06663793325424194
1951,,121,0.0016401858301833272,,0.023903358727693558
,1936,121,,0.04170270264148712,0.1486642062664032
,1937,121,,0.029055718332529068,0.16989322006702423
,1938,121,,0.03218647092580795,0.1694062054157257
,1939,121,,0.03579433262348175,0.1517333984375
,1940,121,,0.04171576350927353,0.11635418236255646
,1941,121,,0.03015478327870369,0.1578194797039032
,1942,121,,0.02971414476633072,0.11921286582946777
,1943,121,,0.03613191097974777,0.12710633873939514
,1944,121,,0.025630466639995575,0.15463444590568542
,1945,121,,0.036035917699337006,0.10501658916473389
,1946,121,,0.04035474359989166,0.15932168066501617
,1947,121,,0.040420256555080414,0.15863285958766937
,1948,121,,0.026394054293632507,0.12524911761283875
,1949,121,,0.038055263459682465,0.12317267805337906
,1950,121,,0.03352336212992668,0.11971984058618546
,1951,121,,0.032690778374671936,0.11322768777608871
1952,,122,0.002092191018164158,,0.07599499821662903
1953,,122,0.0008937845123000443,,0.08351851254701614
1954,,122,0.0017731981351971626,,0.15853571891784668
1955,,122,0.0038643910083919764,,0.18253996968269348
1956,,122,0.0008014598861336708,,0.134765625
1957,,122,0.0012012810911983252,,0.2174520641565323
1958,,122,0.003622914431616664,,0.11927515268325806
1959,,122,0.0010138412471860647,,0.05384795367717743
1960,,122,0.00021463792654685676,,0.11481210589408875
1961,,122,0.0006056298734620214,,0.07096271216869354
1962,,122,0.0007789587252773345,,0.06514942646026611
1963,,122,0.0015426557511091232,,0.0909947007894516
1964,,122,0.0012684700777754188,,0.06476203352212906
1965,,122,0.0011789193376898766,,0.18686100840568542
1966,,122,0.0007947188569232821,,0.13004474341869354
1967,,122,0.0011434906627982855,,0.05602653697133064
,1952,122,,0.02619636431336403,0.1478022336959839
,1953,122,,0.026152867823839188,0.15518999099731445
,1954,122,,0.028067249804735184,0.11497777700424194
,1955,122,,0.032053299248218536,0.18657076358795166
,1956,122,,0.019218532368540764,0.1484885811805725
,1957,122,,0.022868670523166656,0.16472017765045166
,1958,122,,0.026055168360471725,0.1162545382976532
,1959,122,,0.03036317229270935,0.13994863629341125
,1960,122,,0.025839772075414658,0.16286545991897583
,1961,122,,0.0426514558494091,0.1624681055545807
,1962,122,,0.03932635113596916,0.10931022465229034
,1963,122,,0.02795075625181198,0.13589540123939514
,1964,122,,0.024339821189641953,0.15866899490356445
,1965,122,,0.028958722949028015,0.17109274864196777
,1966,122,,0.03275115042924881,0.14771629869937897
,1967,122,,0.02281108684837818,0.1280691921710968
1968,,123,0.00019825692288577557,,0.09371139109134674
1969,,123,0.0005182679742574692,,0.06875050067901611
1970,,123,0.000524163362570107,,0.013356734998524189
1971,,123,0.0005358806811273098,,0.039360202848911285
1972,,123,0.00045284623047336936,,0.08716069161891937
1973,,123,0.0004133129841648042,,0.10745924711227417
1974,,123,0.0004103379906155169,,0.04572653770446777
1975,,123,0.0006133784772828221,,0.06285624206066132
1976,,123,0.0018805431900545955,,0.1717778444290161
1977,,123,0.0007440445479005575,,0.0823538601398468
1978,,123,0.00042981497244909406,,0.0582188218832016
1979,,123,0.000496041844598949,,0.11714514344930649
1980,,123,0.0009395352681167424,,0.12177509814500809
1981,,123,0.0005817608907818794,,0.0595964640378952
1982,,123,0.00030841713305562735,,0.0926077738404274
1983,,123,0.0008039058302529156,,0.117431640625
,1968,123,,0.036257147789001465,0.15463942289352417
,1969,123,,0.030495278537273407,0.11790372431278229
,1970,123,,0.03708945959806442,0.19104254245758057
,1971,123,,0.02940603345632553,0.15197879076004028
,1972,123,,0.03550620377063751,0.12976199388504028
,1973,123,,0.031902000308036804,0.18634283542633057
,1974,123,,0.03113974630832672,0.17785894870758057
,1975,123,,0.031221315264701843,0.1583949625492096
,1976,123,,0.024121414870023727,0.16069062054157257
,1977,123,,0.04592903330922127,0.10641168057918549
,1978,123,,0.04056771472096443,0.1497902274131775
,1979,123,,0.04299137368798256,0.14106842875480652
,1980,123,,0.034020815044641495,0.14850102365016937
,1981,123,,0.035184815526008606,0.12519431114196777
,1982,123,,0.03361230343580246,0.1245814710855484
,1983,123,,0.031220855191349983,0.18057438731193542
1984,,124,0.0005118634435348213,,0.1351231187582016
1985,,124,0.0004464618396013975,,0.04607905447483063
1986,,124,0.0004940456128679216,,0.08379005640745163
1987,,124,0.0010393743868917227,,0.2185581773519516
1988,,124,0.001631308812648058,,0.1960698366165161
1989,,124,0.0008937687962315977,,0.03352324664592743
1990,,124,0.0006655479082837701,,0.14071343839168549
1991,,124,0.0011698874877765775,,0.06075240299105644
1992,,124,0.000776830711401999,,0.038714971393346786
1993,,124,0.0013467730022966862,,0.1714552342891693
1994,,124,0.0005014584166929126,,0.11715137213468552
1995,,124,0.00024449359625577927,,0.12084463238716125
1996,,124,0.0013515466125681996,,0.11243672668933868
1997,,124,0.0003621529904194176,,0.08365926891565323
1998,,124,0.0009193417499773204,,0.06862843036651611
1999,,124,0.0026542465202510357,,0.009585010819137096
,1984,124,,0.037071485072374344,0.10268853604793549
,1985,124,,0.04270973801612854,0.16310462355613708
,1986,124,,0.023065878078341484,0.1157924085855484
,1987,124,,0.032066717743873596,0.13598009943962097
,1988,124,,0.02894812822341919,0.17852532863616943
,1989,124,,0.0319373719394207,0.14816221594810486
,1990,124,,0.025954393669962883,0.15124762058258057
,1991,124,,0.028234604746103287,0.1796252280473709
,1992,124,,0.041871555149555206,0.12380670011043549
,1993,124,,0.03073001839220524,0.14727658033370972
,1994,124,,0.021175000816583633,0.12294472754001617
,1995,124,,0.030599519610404968,0.21001821756362915
,1996,124,,0.03539653122425079,0.1604776233434677
,1997,124,,0.036838214844465256,0.17746283113956451
,1998,124,,0.027970606461167336,0.11866853386163712
,1999,124,,0.029137294739484787,0.1361258327960968
2000,,125,0.0005415453924797475,,0.05506741255521774
2001,,125,0.001351265236735344,,0.11271698027849197
2002,,125,0.0005717382300645113,,0.08610565960407257
2003,,125,0.0007585445418953896,,0.110037662088871
2004,,125,0.0005838944343850017,,0.1386643946170807
2005,,125,0.00014082186680752784,,0.0668160617351532
2006,,125,0.001442616106942296,,0.12293477356433868
2007,,125,0.0009085325291380286,,0.13117577135562897
2008,,125,0.0004115325282327831,,0.07286103069782257
2009,,125,0.0008008015574887395,,0.16096964478492737
2010,,125,0.0011217158753424883,,0.04098573327064514
2011,,125,0.0002816354972310364,,0.035155005753040314
2012,,125,0.0005164308240637183,,0.1296473890542984
2013,,125,0.0007321076700463891,,0.0799734964966774
2014,,125,0.00045583496103063226,,0.08460718393325806
2015,,125,0.0010122087551280856,,0.052785441279411316
,2000,125,,0.034029312431812286,0.12462631613016129
,2001,125,,0.029270421713590622,0.11651860177516937
,2002,125,,0.035952840000391006,0.15525349974632263
,2003,125,,0.035818882286548615,0.1596580147743225
,2004,125,,0.03352029621601105,0.2004568874835968
,2005,125,,0.020872654393315315,0.1475929617881775
,2006,125,,0.03255072981119156,0.15432925522327423
,2007,125,,0.02257652021944523,0.11294618248939514
,2008,125,,0.04099588468670845,0.14451131224632263
,2009,125,,0.030149782076478004,0.09895294159650803
,2010,125,,0.02784084901213646,0.14374151825904846
,2011,125,,0.02215096727013588,0.10874845087528229
,2012,125,,0.025908103212714195,0.12849271297454834
,2013,125,,0.03147256746888161,0.14981389045715332
,2014,125,,0.048371199518442154,0.17968501150608063
,2015,125,,0.03837229311466217,0.11440853774547577
2016,,126,0.0035498044453561306,,0.051050301641225815
2017,,126,0.00034514430444687605,,0.07893838733434677
2018,,126,0.0008205064223147929,,0.06940070539712906
2019,,126,0.0006063977489247918,,0.20228047668933868
2020,,126,0.00018225245003122836,,0.1503046751022339
2021,,126,0.0019666505977511406,,0.08447514474391937
2022,,126,0.00015805325529072434,,0.03365030139684677
2023,,126,0.001346260542050004,,0.17605528235435486
2024,,126,0.0005827045533806086,,0.016140684485435486
2025,,126,0.0007222602725960314,,0.03477882966399193
2026,,126,0.0006580142071470618,,0.14809370040893555
2027,,126,0.00025413878029212356,,0.0601021908223629
2028,,126,0.00012411382340360433,,0.11779162287712097
2029,,126,0.00029634207021445036,,0.02712826058268547
2030,,126,0.0011198724387213588,,0.10850556194782257
2031,,126,0.0023639595601707697,,0.062483806163072586
,2016,126,,0.02999798394739628,0.16730108857154846
,2017,126,,0.050755321979522705,0.2031411975622177
,2018,126,,0.038516297936439514,0.14450260996818542
,2019,126,,0.03777361661195755,0.11669921875
,2020,126,,0.0418911911547184,0.14274628460407257
,2021,126,,0.03165057674050331,0.15499691665172577
,2022,126,,0.02731970325112343,0.17447087168693542
,2023,126,,0.03047967329621315,0.1270926296710968
,2024,126,,0.03779400885105133,0.15730005502700806
,2025,126,,0.03670124709606171,0.12827971577644348
,2026,126,,0.037630341947078705,0.17767459154129028
,2027,126,,0.04728615656495094,0.1681007742881775
,2028,126,,0.031902916729450226,0.16025963425636292
,2029,126,,0.03845582157373428,0.17037153244018555
,2030,126,,0.036831874400377274,0.14070099592208862
,2031,126,,0.04531736671924591,0.17699074745178223
2032,,127,0.0007685900200158358,,0.08769506961107254
2033,,127,0.0007286693435162306,,0.06876420229673386
2034,,127,0.0011264471104368567,,0.1187482550740242
2035,,127,0.0006718601798638701,,0.14044687151908875
2036,,127,0.0002919210528489202,,0.03943244740366936
2037,,127,0.000464436860056594,,0.06497379392385483
2038,,127,0.0018478650599718094,,0.17757992446422577
2039,,127,0.0007807841175235808,,0.03662109375
2040,,127,0.0003947900841012597,,0.09603321552276611
2041,,127,0.0003590999112930149,,0.07510562241077423
2042,,127,0.0008828073041513562,,0.21028605103492737
2043,,127,0.002449846128001809,,0.29229736328125
2044,,127,0.00037922238698229194,,0.2059077024459839
2045,,127,0.0006137615418992937,,0.05568399280309677
2046,,127,0.0012759396340698004,,0.1787196397781372
2047,,127,0.0007020176853984594,,0.1648198366165161
,2032,127,,0.02982868254184723,0.13979418575763702
,2033,127,,0.03709104284644127,0.1591884046792984
,2034,127,,0.03444270044565201,0.19633515179157257
,2035,127,,0.033731136471033096,0.15077054500579834
,2036,127,,0.03386106342077255,0.1549769788980484
,2037,127,,0.029407929629087448,0.12959258258342743
,2038,127,,0.03597075119614601,0.18133670091629028
,2039,127,,0.03905455023050308,0.11265221238136292
,2040,127,,0.03302445262670517,0.17773936688899994
,2041,127,,0.04412436485290527,0.11023323237895966
,2042,127,,0.026769468560814857,0.12035883963108063
,2043,127,,0.04133941978216171,0.1784144937992096
,2044,127,,0.04081417992711067,0.14500956237316132
,2045,127,,0.030321061611175537,0.17555704712867737
,2046,127,,0.03128424659371376,0.12055191397666931
,2047,127,,0.031198767945170403,0.16329893469810486
2048,,128,0.0005961380084045231,,0.014729402959346771
2049,,128,0.0004742702003568411,,0.04664331674575806
2050,,128,0.002470714272931218,,0.10004907846450806
2051,,128,0.0003658137866295874,,0.045051418244838715
2052,,128,0.0005346285761334002,,0.0892072394490242
2053,,128,0.0004956774064339697,,0.03854307904839516
2054,,128,0.0006575436564162374,,0.1809605062007904
2055,,128,0.002344647655263543,,0.18365353345870972
2056,,128,0.0013241618871688843,,0.07770273089408875
2057,,128,0.0005458479281514883,,0.05872080475091934
2058,,128,0.0003760570543818176,,0.15036945044994354
2059,,128,0.0006264905678108335,,0.09760518372058868
2060,,128,0.00047389435349032283,,0.10069306194782257
2061,,128,0.00019939587218686938,,0.07041589170694351
2062,,128,0.0003638402558863163,,0.02420230582356453
2063,,128,0.0006922129541635513,,0.08106464892625809
,2048,128,,0.026213640347123146,0.1371547132730484
,2049,128,,0.03554590046405792,0.13158556818962097
,2050,128,,0.03956061601638794,0.17289765179157257
,2051,128,,0.033228449523448944,0.17907091975212097
,2052,128,,0.03683990612626076,0.15248823165893555
,2053,128,,0.024255862459540367,0.12423145771026611
,2054,128,,0.02616831660270691,0.10635562986135483
,2055,128,,0.0292145274579525,0.1302565038204193
,2056,128,,0.02745521068572998,0.16688381135463715
,2057,128,,0.035814106464385986,0.17085857689380646
,2058,128,,0.028239767998456955,0.17234709858894348
,2059,128,,0.031252339482307434,0.20202013850212097
,2060,128,,0.03127644211053848,0.1741681694984436
,2061,128,,0.03071563132107258,0.14696767926216125
,2062,128,,0.03614777326583862,0.14697265625
,2063,128,,0.03290471434593201,0.1886858344078064
2064,,129,0.0007472040597349405,,0.13054174184799194
2065,,129,0.0005841552629135549,,0.09432672709226608
2066,,129,0.0008695063879713416,,0.0026220206636935472
2067,,129,0.0007641864358447492,,0.0609566867351532
2068,,129,0.0005284510552883148,,0.10555843263864517
2069,,129,0.000546859810128808,,0.0993303507566452
2070,,129,0.000658784294500947,,0.08292435854673386
2071,,129,0.0004925515968352556,,0.16444116830825806
2072,,129,0.00046642281813547015,,0.03742949664592743
2073,,129,0.0007450381526723504,,0.15447622537612915
2074,,129,0.0012623281218111515,,0.08136733621358871
2075,,129,0.00011305401858408004,,0.019850127398967743
2076,,129,9.314798808190972e-05,,0.09804363548755646
2077,,129,0.0005931368796154857,,0.07763297855854034
2078,,129,0.00047882983926683664,,0.07064259052276611
2079,,129,0.001358223264105618,,0.1440678834915161
,2064,129,,0.030591947957873344,0.13052679598331451
,2065,129,,0.04298387095332146,0.12501245737075806
,2066,129,,0.04462262988090515,0.1462041139602661
,2067,129,,0.03956170380115509,0.1772722601890564
,2068,129,,0.04256851598620415,0.15718919038772583
,2069,129,,0.03892628103494644,0.17403239011764526
,2070,129,,0.031763508915901184,0.08421232551336288
,2071,129,,0.04594013839960098,0.21734243631362915
,2072,129,,0.05940728634595871,0.22738835215568542
,2073,129,,0.0307616014033556,0.13899199664592743
,2074,129,,0.04633275419473648,0.16310462355613708
,2075,129,,0.047876834869384766,0.15287065505981445
,2076,129,,0.028547044843435287,0.1725899875164032
,2077,129,,0.046935565769672394,0.1475481390953064
,2078,129,,0.0394950695335865,0.09584138542413712
,2079,129,,0.03177614137530327,0.15369772911071777
2080,,130,0.0004573941696435213,,0.08195775747299194
2081,,130,0.00021803169511258602,,0.021836884319782257
2082,,130,0.002345166401937604,,0.28971022367477417
2083,,130,0.001992096658796072,,0.09482745826244354
2084,,130,0.00045763797243125737,,0.07352245599031448
2085,,130,0.0007082150550559163,,0.0626569464802742
2086,,130,0.000544965558219701,,0.07982402294874191
2087,,130,0.0006562314229086041,,0.049812160432338715
2088,,130,0.0013481596251949668,,0.10306595265865326
2089,,130,0.0007780179148539901,,0.07172627002000809
2090,,130,0.000496769673191011,,0.16331015527248383
2091,,130,0.001534192357212305,,0.033594246953725815
2092,,130,0.0015225824899971485,,0.03367646038532257
2093,,130,0.0005838320357725024,,0.02251574397087097
2094,,130,0.0006657406920567155,,0.06544588506221771
2095,,130,0.0006549375248141587,,0.11336220800876617
,2080,130,,0.032258786261081696,0.10616878420114517
,2081,130,,0.03793315961956978,0.1420450061559677
,2082,130,,0.0389886274933815,0.10074786841869354
,2083,130,,0.03615359216928482,0.1235002875328064
,2084,130,,0.0428643599152565,0.17499525845050812
,2085,130,,0.04573994129896164,0.10963034629821777
,2086,130,,0.03340659290552139,0.13770651817321777
,2087,130,,0.03928925096988678,0.11143773794174194
,2088,130,,0.04350759834051132,0.10913708806037903
,2089,130,,0.04141240566968918,0.18664923310279846
,2090,130,,0.04134802147746086,0.18419039249420166
,2091,130,,0.041525885462760925,0.14524124562740326
,2092,130,,0.030724136158823967,0.13428357243537903
,2093,130,,0.0419815294444561,0.22442875802516937
,2094,130,,0.030249353498220444,0.14034223556518555
,2095,130,,0.04246925935149193,0.15208466351032257
2096,,131,0.0006478134309872985,,0.12260094285011292
2097,,131,0.0011498783715069294,,0.06908930093050003
2098,,131,0.0005508186295628548,,0.14247100055217743
2099,,131,0.0007033867877908051,,0.04146529361605644
2100,,131,0.0014078893000259995,,0.15349967777729034
2101,,131,0.00027091041556559503,,0.12522420287132263
2102,,131,0.0003460231237113476,,0.12396863102912903
2103,,131,0.00010570147424004972,,0.02218814752995968
2104,,131,0.0003632709267549217,,0.07758689671754837
2105,,131,0.002492265310138464,,0.07684699445962906
2106,,131,0.000424419529736042,,0.12569132447242737
2107,,131,0.000614883319940418,,0.1067068949341774
2108,,131,0.0010184596758335829,,0.1416451632976532
2109,,131,0.0006594820297323167,,0.16308718919754028
2110,,131,0.0005619555013254285,,0.09391193091869354
2111,,131,0.0010425333166494966,,0.14938043057918549
,2096,131,,0.05602791905403137,0.17992043495178223
,2097,131,,0.04967428743839264,0.17586594820022583
,2098,131,,0.03543169051408768,0.16847199201583862
,2099,131,,0.024572361260652542,0.1607404351234436
,2100,131,,0.02539077028632164,0.14403674006462097
,2101,131,,0.05021502077579498,0.1630685031414032
,2102,131,,0.03808311000466347,0.18798330426216125
,2103,131,,0.03190363198518753,0.13269665837287903
,2104,131,,0.03173503279685974,0.15481504797935486
,2105,131,,0.030053719878196716,0.14375647902488708
,2106,131,,0.0377725325524807,0.19090676307678223
,2107,131,,0.037649933248758316,0.1561964452266693
,2108,131,,0.04179186373949051,0.07939303666353226
,2109,131,,0.021847475320100784,0.1166556179523468
,2110,131,,0.02550424635410309,0.1378348171710968
,2111,131,,0.0349857322871685,0.15270747244358063
2112,,132,0.0007478322368115187,,0.14272883534431458
2113,,132,0.00048470229376107454,,0.11601163446903229
2114,,132,0.0034149226266890764,,0.11509609967470169
2115,,132,0.0005837787757627666,,0.14672726392745972
2116,,132,0.0009397672256454825,,0.0810808390378952
2117,,132,0.0009318584343418479,,0.1525193750858307
2118,,132,0.000617338577285409,,0.1122523695230484
2119,,132,0.0005633422406390309,,0.02098986506462097
2120,,132,0.0009809678886085749,,0.11548474431037903
2121,,132,0.0004169213934801519,,0.0643310621380806
2122,,132,0.0006256239139474928,,0.07785718888044357
2123,,132,0.0004033754812553525,,0.09948481619358063
2124,,132,0.0005281292833387852,,0.08923713862895966
2125,,132,0.000337325589498505,,0.07141237705945969
2126,,132,0.0009574474534019828,,0.03836246207356453
2127,,132,0.0002357498451601714,,0.10102564096450806
,2112,132,,0.021150736138224602,0.13629400730133057
,2113,132,,0.046266309916973114,0.16287541389465332
,2114,132,,0.04229685664176941,0.18647237122058868
,2115,132,,0.04164165258407593,0.14869534969329834
,2116,132,,0.028957385569810867,0.17039644718170166
,2117,132,,0.035743772983551025,0.10203209519386292
,2118,132,,0.03200734406709671,0.1709233522415161
,2119,132,,0.028351377695798874,0.13997727632522583
,2120,132,,0.04052775353193283,0.1688493937253952
,2121,132,,0.028968965634703636,0.16690251231193542
,2122,132,,0.04495977610349655,0.11486566811800003
,2123,132,,0.050362952053546906,0.12280024588108063
,2124,132,,0.056993190199136734,0.1941353976726532
,2125,132,,0.047544315457344055,0.13604113459587097
,2126,132,,0.05003775656223297,0.20351365208625793
,2127,132,,0.04422280564904213,0.1479405164718628
2128,,133,0.0006006747134961188,,0.16501912474632263
2129,,133,0.0005688249366357923,,0.15724898874759674
2130,,133,0.00013710185885429382,,0.07292206585407257
2131,,133,0.0035623242147266865,,0.12878915667533875
2132,,133,0.0002644035848788917,,0.13085688650608063
2133,,133,0.001163183944299817,,0.1433005928993225
2134,,133,0.0007175950449891388,,0.07326460629701614
2135,,133,0.0008970160270109773,,0.13102005422115326
2136,,133,0.0005170434014871716,,0.1736898571252823
2137,,133,0.0002251174591947347,,0.07754703611135483
2138,,133,0.0006103473133407533,,0.08429329097270966
2139,,133,0.0025156952906399965,,0.08400928229093552
2140,,133,0.0009379396215081215,,0.09485360980033875
2141,,133,0.000750410370528698,,0.19411921501159668
2142,,133,0.0005242442712187767,,0.07000108808279037
2143,,133,0.0005488863680511713,,0.08871272951364517
,2128,133,,0.03159695863723755,0.14752694964408875
,2129,133,,0.031071029603481293,0.18823614716529846
,2130,133,,0.0374431237578392,0.16777443885803223
,2131,133,,0.056025780737400055,0.18342435359954834
,2132,133,,0.04312092810869217,0.12608617544174194
,2133,133,,0.034837763756513596,0.13944540917873383
,2134,133,,0.030997134745121002,0.14461469650268555
,2135,133,,0.03192700445652008,0.17443349957466125
,2136,133,,0.03844527527689934,0.15585139393806458
,2137,133,,0.046977631747722626,0.16131094098091125
,2138,133,,0.039820559322834015,0.12104392051696777
,2139,133,,0.03521844744682312,0.16360411047935486
,2140,133,,0.024806946516036987,0.14490492641925812
,2141,133,,0.051434651017189026,0.15696373581886292
,2142,133,,0.03332239016890526,0.18473970890045166
,2143,133,,0.03597823902964592,0.16518853604793549
2144,,134,0.0003638825146481395,,0.06186598166823387
2145,,134,0.0001517870550742373,,0.10639922320842743
2146,,134,6.222843512659892e-05,,0.08156788349151611
2147,,134,0.000870843417942524,,0.10684266686439514
2148,,134,0.004650687798857689,,0.16191132366657257
2149,,134,0.000581650179810822,,0.07280871272087097
2150,,134,0.00048530762433074415,,0.049969106912612915
2151,,134,0.0007918720366433263,,0.07719701528549194
2152,,134,0.00018386938609182835,,0.07519904524087906
2153,,134,0.0009002075530588627,,0.15886953473091125
2154,,134,0.0009055318078026175,,0.04832489788532257
2155,,134,0.0004643069696612656,,0.07245994359254837
2156,,134,0.0010453249560669065,,0.16568678617477417
2157,,134,0.0006179326446726918,,0.0026220204308629036
2158,,134,0.00015447541954927146,,0.10630455613136292
2159,,134,0.0001590713218320161,,0.08023880422115326
,2144,134,,0.03722784295678139,0.1706792116165161
,2145,134,,0.02351229265332222,0.08854332566261292
,2146,134,,0.04037545621395111,0.1591709703207016
,2147,134,,0.03262865170836449,0.13213737308979034
,2148,134,,0.022119753062725067,0.1319218873977661
,2149,134,,0.037953004240989685,0.1635829359292984
,2150,134,,0.03344794362783432,0.17828866839408875
,2151,134,,0.02770610712468624,0.19238904118537903
,2152,134,,0.04693172127008438,0.1469041407108307
,2153,134,,0.029017476364970207,0.12567138671875
,2154,134,,0.023812301456928253,0.1093226820230484
,2155,134,,0.026737207546830177,0.1460484117269516
,2156,134,,0.03437097743153572,0.1571044921875
,2157,134,,0.03088744357228279,0.11811672896146774
,2158,134,,0.03105677291750908,0.12069016695022583
,2159,134,,0.04233045130968094,0.1615426242351532
2160,,135,8.13553633634001e-05,,0.04479482024908066
2161,,135,0.00041368044912815094,,0.08459845930337906
2162,,135,0.0003316568036098033,,0.09715676307678223
2163,,135,0.0002849035954568535,,0.0763724222779274
2164,,135,0.001160807441920042,,0.1503557562828064
2165,,135,0.0004772379470523447,,0.10176678001880646
2166,,135,0.0006556354346685112,,0.048349812626838684
2167,,135,0.0005337109905667603,,0.128496453166008
2168,,135,0.0015361293917521834,,0.07744364440441132
2169,,135,0.0003629136481322348,,0.09186413884162903
2170,,135,0.0008816214394755661,,0.08549032360315323
2171,,135,0.0010355603881180286,,0.08201007544994354
2172,,135,0.0014180877478793263,,0.15003687143325806
2173,,135,0.0006093736737966537,,0.045975662767887115
2174,,135,0.0001284287718590349,,0.08462337404489517
2175,,135,0.0009874161332845688,,0.03734728693962097
,2160,135,,0.032366327941417694,0.16384202241897583
,2161,135,,0.04464280605316162,0.1434226632118225
,2162,135,,0.02891065925359726,0.15533073246479034
,2163,135,,0.03318259119987488,0.16672936081886292
,2164,135,,0.042998261749744415,0.14628133177757263
,2165,135,,0.04011153057217598,0.13755081593990326
,2166,135,,0.03176158666610718,0.15228520333766937
,2167,135,,0.03434158116579056,0.1756678968667984
,2168,135,,0.03399215266108513,0.1742728054523468
,2169,135,,0.03607763350009918,0.10243069380521774
,2170,135,,0.03945636749267578,0.15771484375
,2171,135,,0.03692980110645294,0.13912901282310486
,2172,135,,0.04171169549226761,0.16911721229553223
,2173,135,,0.02767736092209816,0.14317727088928223
,2174,135,,0.025238845497369766,0.1526227593421936
,2175,135,,0.028363853693008423,0.10566680133342743
2176,,136,0.000580084219109267,,0.1842564344406128
2177,,136,0.0011747321113944054,,0.16565190255641937
2178,,136,0.0013166761491447687,,0.11238191276788712
2179,,136,0.002185460180044174,,0.18936343491077423
2180,,136,0.0005058046663179994,,0.05072644352912903
2181,,136,0.003496418707072735,,0.07477305084466934
2182,,136,0.00011370800348231569,,0.14498838782310486
2183,,136,0.0006379125989042222,,0.05666428804397583
2184,,136,0.001217294717207551,,0.09359679371118546
2185,,136,0.0007743165479041636,,0.07094776630401611
2186,,136,5.3425181249622256e-05,,0.09880097210407257
2187,,136,0.0005216835997998714,,0.1384638547897339
2188,,136,0.00035315525019541383,,0.04960912838578224
2189,,136,0.00020479659724514931,,0.0519496351480484
2190,,136,0.0006780878757126629,,0.10858652740716934
2191,,136,0.0006779629038646817,,0.05546601116657257
,2176,136,,0.03193216770887375,0.11634671688079834
,2177,136,,0.0271836519241333,0.11120231449604034
,2178,136,,0.020711276680231094,0.1362740695476532
,2179,136,,0.02435791678726673,0.13789336383342743
,2180,136,,0.025333702564239502,0.16180419921875
,2181,136,,0.030487030744552612,0.11781404912471771
,2182,136,,0.037995606660842896,0.14820581674575806
,2183,136,,0.025038989260792732,0.14874018728733063
,2184,136,,0.04747108742594719,0.17636919021606445
,2185,136,,0.03002585470676422,0.1398053765296936
,2186,136,,0.024678992107510567,0.08438172191381454
,2187,136,,0.03190584480762482,0.16840970516204834
,2188,136,,0.025759048759937286,0.11138916015625
,2189,136,,0.04028129205107689,0.1864723563194275
,2190,136,,0.025635940954089165,0.14002087712287903
,2191,136,,0.03164977952837944,0.12546461820602417
2192,,137,0.0005146021139807999,,0.018742777407169342
2193,,137,0.000604272005148232,,0.07110221683979034
2194,,137,0.00023934923228807747,,0.14329060912132263
2195,,137,0.00035434513119980693,,0.03885946422815323
2196,,137,0.00016450314433313906,,0.11682502925395966
2197,,137,0.0006555126165039837,,0.11502261459827423
2198,,137,0.0004941488732583821,,0.10175307840108871
2199,,137,0.0013013080460950732,,0.04969756305217743
2200,,137,0.001220185775309801,,0.2215738147497177
2201,,137,0.0004277630941942334,,0.02195521630346775
2202,,137,0.0024609738029539585,,0.08795663714408875
2203,,137,0.0005528916954062879,,0.037907812744379044
2204,,137,0.0006641900981776416,,0.1282697468996048
2205,,137,0.0018687588162720203,,0.17523318529129028
2206,,137,0.000854470650665462,,0.08958964794874191
2207,,137,0.0008200780721381307,,0.16904619336128235
,2192,137,,0.029336491599678993,0.17667809128761292
,2193,137,,0.0318107083439827,0.14579927921295166
,2194,137,,0.025656957179307938,0.1630759835243225
,2195,137,,0.025828225538134575,0.14977778494358063
,2196,137,,0.02460087276995182,0.1352900266647339
,2197,137,,0.030724653974175453,0.15098229050636292
,2198,137,,0.018890416249632835,0.12961749732494354
,2199,137,,0.03451423719525337,0.12015081942081451
,2200,137,,0.01888030767440796,0.11394640803337097
,2201,137,,0.030566416680812836,0.1077706515789032
,2202,137,,0.03131043538451195,0.1460932493209839
,2203,137,,0.03384094312787056,0.16595458984375
,2204,137,,0.03539704531431198,0.18618088960647583
,2205,137,,0.029809128493070602,0.18577605485916138
,2206,137,,0.025489795953035355,0.1659035086631775
,2207,137,,0.031056147068738937,0.13275271654129028
2208,,138,0.0006110563408583403,,0.06889872997999191
2209,,138,0.00026533310301601887,,0.1379220187664032
2210,,138,0.00020845458493568003,,0.013561015948653221
2211,,138,0.00025566830299794674,,0.13234788179397583
2212,,138,0.0007196863880380988,,0.12263333797454834
2213,,138,0.00039535609539598227,,0.07667261362075806
2214,,138,0.0008203292964026332,,0.09893549978733063
2215,,138,0.0005388539866544306,,0.0493861623108387
2216,,138,0.00047018699115142226,,0.058514028787612915
2217,,138,0.00022600535885430872,,0.03490588068962097
2218,,138,0.0010528971906751394,,0.2497209906578064
2219,,138,0.0007660533301532269,,0.03155019134283066
2220,,138,0.00041518808575347066,,0.027156908065080643
2221,,138,0.00043210407602600753,,0.09789291024208069
2222,,138,0.000302071071928367,,0.03329654783010483
2223,,138,0.0002730207925196737,,0.14861686527729034
,2208,138,,0.035511989146471024,0.14720185101032257
,2209,138,,0.0402907058596611,0.1465989649295807
,2210,138,,0.037291020154953,0.12025545537471771
,2211,138,,0.04360351711511612,0.13907918334007263
,2212,138,,0.042332712560892105,0.19539594650268555
,2213,138,,0.0250011645257473,0.15233254432678223
,2214,138,,0.028986595571041107,0.14344879984855652
,2215,138,,0.04461274296045303,0.11526551842689514
,2216,138,,0.03427863121032715,0.11409089714288712
,2217,138,,0.02315015159547329,0.09890435636043549
,2218,138,,0.03391825780272484,0.1278599351644516
,2219,138,,0.049948737025260925,0.19251734018325806
,2220,138,,0.03373153135180473,0.17295745015144348
,2221,138,,0.036349400877952576,0.1606893688440323
,2222,138,,0.02748117409646511,0.13571354746818542
,2223,138,,0.038458652794361115,0.17030677199363708
2224,,139,0.00037055794382467866,,0.08343380689620972
2225,,139,0.0002197961584897712,,0.01119683776050806
2226,,139,0.0006079855957068503,,0.18085089325904846
2227,,139,0.0010481950594112277,,0.08173230290412903
2228,,139,0.0001216292948811315,,0.08209103345870972
2229,,139,0.0005400205263867974,,0.20622286200523376
2230,,139,0.0008194127585738897,,0.10680529475212097
2231,,139,0.0006812202045693994,,0.026091907173395157
2232,,139,0.0008645375492051244,,0.16604802012443542
2233,,139,0.00043314354843460023,,0.04183897748589516
2234,,139,0.000469114922452718,,0.1303274929523468
2235,,139,0.0008167132036760449,,0.10002167522907257
2236,,139,0.0006048831273801625,,0.07235780358314514
2237,,139,0.00015395687660202384,,0.08599853515625
2238,,139,0.00011656054994091392,,0.11869967728853226
2239,,139,0.0008479286916553974,,0.18175646662712097
,2224,139,,0.04524005204439163,0.19483418762683868
,2225,139,,0.02774633839726448,0.1387067437171936
,2226,139,,0.040544986724853516,0.14791683852672577
,2227,139,,0.03059341385960579,0.13651198148727417
,2228,139,,0.025273047387599945,0.16911596059799194
,2229,139,,0.027950908988714218,0.15805739164352417
,2230,139,,0.04262595623731613,0.17230722308158875
,2231,139,,0.03394393250346184,0.1327589452266693
,2232,139,,0.04050854593515396,0.1431785225868225
,2233,139,,0.02702699601650238,0.14908522367477417
,2234,139,,0.034150972962379456,0.11996272951364517
,2235,139,,0.028545688837766647,0.1462489515542984
,2236,139,,0.028178663924336433,0.11247409135103226
,2237,139,,0.032961539924144745,0.12835568189620972
,2238,139,,0.03314316272735596,0.12816385924816132
,2239,139,,0.03319902718067169,0.14402054250240326
2240,,140,0.001752382144331932,,0.0727103129029274
2241,,140,0.00016076416068244725,,0.07665642350912094
2242,,140,0.0008829041616991162,,0.05615607649087906
2243,,140,0.0009658934432081878,,0.17089718580245972
2244,,140,0.0004242048307787627,,0.1559286266565323
2245,,140,0.0005562446312978864,,0.1094709038734436
2246,,140,0.0008773336303420365,,0.0843157097697258
2247,,140,0.000742133823223412,,0.1430751085281372
2248,,140,0.00022141748922877014,,0.06871935725212097
2249,,140,0.00059767987113446,,0.10733593255281448
2250,,140,0.00046963762724772096,,0.03583511337637901
2251,,140,0.0003300289099570364,,0.041217416524887085
2252,,140,0.00016838396550156176,,0.06909304857254028
2253,,140,0.0019296847749501467,,0.19147351384162903
2254,,140,0.0009572113631293178,,0.17491057515144348
2255,,140,0.0018596909940242767,,0.2254289835691452
,2240,140,,0.03507661446928978,0.11332733929157257
,2241,140,,0.015949364751577377,0.08486253023147583
,2242,140,,0.022933881729841232,0.10530558228492737
,2243,140,,0.030051805078983307,0.14778977632522583
,2244,140,,0.020838402211666107,0.16604802012443542
,2245,140,,0.027819396927952766,0.16357919573783875
,2246,140,,0.03463960066437721,0.1645607352256775
,2247,140,,0.02584127150475979,0.08701993525028229
,2248,140,,0.03183821216225624,0.1278786063194275
,2249,140,,0.028787272050976753,0.12565146386623383
,2250,140,,0.029378972947597504,0.10943728685379028
,2251,140,,0.05063113570213318,0.14862807095050812
,2252,140,,0.03562048077583313,0.18658946454524994
,2253,140,,0.027867499738931656,0.09250064939260483
,2254,140,,0.03232337906956673,0.1530936062335968
,2255,140,,0.016486918553709984,0.2299119532108307
2256,,141,0.0012835663510486484,,0.08561115711927414
2257,,141,0.0029441197402775288,,0.13871920108795166
2258,,141,0.000965242856182158,,0.06115971505641937
2259,,141,0.00047033160808496177,,0.08862553536891937
2260,,141,0.0004167589941062033,,0.014110331423580647
2261,,141,0.0005218457663431764,,0.10694105923175812
2262,,141,0.000393626862205565,,0.08635852485895157
2263,,141,0.00011596563126659021,,0.12107257544994354
2264,,141,0.0003396520623937249,,0.06997867673635483
2265,,141,0.0006101205945014954,,0.06867077946662903
2266,,141,0.0002092652430292219,,0.12918278574943542
2267,,141,0.0003796457313001156,,0.09560596942901611
2268,,141,0.00032613161602057517,,0.10341224074363708
2269,,141,0.0005064752185717225,,0.0775844007730484
2270,,141,0.0006293022306635976,,0.1619437038898468
2271,,141,0.0004284933675080538,,0.1405801624059677
,2256,141,,0.03828095644712448,0.12542849779129028
,2257,141,,0.042235106229782104,0.15049026906490326
,2258,141,,0.02681872248649597,0.14921103417873383
,2259,141,,0.030750839039683342,0.1628255993127823
,2260,141,,0.03396067023277283,0.14879997074604034
,2261,141,,0.01969181001186371,0.12278030812740326
,2262,141,,0.03396051004528999,0.17428526282310486
,2263,141,,0.042700063437223434,0.1859205663204193
,2264,141,,0.03615943714976311,0.11310811340808868
,2265,141,,0.03605496883392334,0.24282152950763702
,2266,141,,0.027444563806056976,0.1495112180709839
,2267,141,,0.029256004840135574,0.16891418397426605
,2268,141,,0.041588328778743744,0.17242182791233063
,2269,141,,0.0442376546561718,0.18525539338588715
,2270,141,,0.028667693957686424,0.13778623938560486
,2271,141,,0.030653877183794975,0.13305413722991943
2272,,142,0.00033293268643319607,,0.20389977097511292
2273,,142,0.0007110251463018358,,0.2272438406944275
2274,,142,0.0004301757726352662,,0.06914535909891129
2275,,142,0.0012747186701744795,,0.08932308852672577
2276,,142,0.0002445655409246683,,0.12602514028549194
2277,,142,0.0015596457524225116,,0.10496926307678223
2278,,142,0.0003741714172065258,,0.1856602430343628
2279,,142,0.0006612500292249024,,0.1567021608352661
2280,,142,0.0006135683506727219,,0.0612269788980484
2281,,142,0.0003352201892994344,,0.2009812891483307
2282,,142,0.0009275360498577356,,0.0695975124835968
2283,,142,0.0009085050551220775,,0.12296715378761292
2284,,142,7.134060433600098e-05,,0.09100216627120972
2285,,142,0.0010866144439205527,,0.09746566414833069
2286,,142,0.0007640792755410075,,0.06550940871238708
2287,,142,0.0005295032169669867,,0.11195965111255646
,2272,142,,0.03181327134370804,0.1390630006790161
,2273,142,,0.033619776368141174,0.18970723450183868
,2274,142,,0.026858285069465637,0.1470075398683548
,2275,142,,0.03151380270719528,0.16094970703125
,2276,142,,0.02494296431541443,0.18780766427516937
,2277,142,,0.021359851583838463,0.13107985258102417
,2278,142,,0.030440036207437515,0.13108856976032257
,2279,142,,0.0254144798964262,0.15534943342208862
,2280,142,,0.03299890458583832,0.22095972299575806
,2281,142,,0.029172202572226524,0.12058304250240326
,2282,142,,0.03988911584019661,0.1281651109457016
,2283,142,,0.02174220234155655,0.12807168066501617
,2284,142,,0.01534241158515215,0.13545943796634674
,2285,142,,0.026148438453674316,0.14932064712047577
,2286,142,,0.025160646066069603,0.14813730120658875
,2287,142,,0.0231703482568264,0.20188187062740326
2288,,143,0.0003522380720824003,,0.0742449089884758
2289,,143,0.0005456660292111337,,0.19513189792633057
2290,,143,0.0010847882367670536,,0.10991310328245163
2291,,143,0.0002736544411163777,,0.03609295189380646
2292,,143,0.0011852940078824759,,0.0800083726644516
2293,,143,0.00034989818232133985,,0.0909772589802742
2294,,143,0.0003414931707084179,,0.1256265491247177
2295,,143,0.0005644943448714912,,0.16147038340568542
2296,,143,0.0001966016716323793,,0.009398168884217739
2297,,143,0.001042582094669342,,0.07208003103733063
2298,,143,0.000234016973990947,,0.06859728693962097
2299,,143,0.0011671691900119185,,0.09727883338928223
2300,,143,0.00044969533337280154,,0.08833780884742737
2301,,143,0.00011850838200189173,,0.07475435733795166
2302,,143,0.0001504808897152543,,0.0291224904358387
2303,,143,0.0016624401323497295,,0.07937560230493546
,2288,143,,0.02749471738934517,0.14446896314620972
,2289,143,,0.03045775182545185,0.1965855062007904
,2290,143,,0.0281972698867321,0.1518193483352661
,2291,143,,0.024139724671840668,0.13980413973331451
,2292,143,,0.0354355126619339,0.13944539427757263
,2293,143,,0.03237359970808029,0.12025295943021774
,2294,143,,0.03533467650413513,0.1445399820804596
,2295,143,,0.023800980299711227,0.19794821739196777
,2296,143,,0.023747790604829788,0.1441214382648468
,2297,143,,0.025810565799474716,0.18954405188560486
,2298,143,,0.03639768064022064,0.13696537911891937
,2299,143,,0.035527441650629044,0.20167633891105652
,2300,143,,0.03247152268886566,0.10786157846450806
,2301,143,,0.02857712097465992,0.12923508882522583
,2302,143,,0.03909860551357269,0.14431700110435486
,2303,143,,0.03286945819854736,0.13389743864536285
2304,,144,7.601121615152806e-05,,0.06347780674695969
2305,,144,0.00016545888502150774,,0.07232915610074997
2306,,144,0.0034296803642064333,,0.1332036256790161
2307,,144,0.00016250248881988227,,0.13861706852912903
2308,,144,0.0013282550498843193,,0.2059836983680725
2309,,144,0.000528976263012737,,0.18864348530769348
2310,,144,0.0004020335909444839,,0.09739093482494354
2311,,144,0.0009281494421884418,,0.11256501078605652
2312,,144,0.00039976683910936117,,0.12919896841049194
2313,,144,0.000413787376601249,,0.08698631078004837
2314,,144,0.00037189602153375745,,0.09302753955125809
2315,,144,0.0005892539629712701,,0.1635816991329193
2316,,144,0.00022073581931181252,,0.032085809856653214
2317,,144,0.0021971880923956633,,0.0549054816365242
2318,,144,0.0003119010361842811,,0.04430903121829033
2319,,144,0.0002741884673014283,,0.10922054946422577
,2304,144,,0.050539448857307434,0.1509237438440323
,2305,144,,0.054459333419799805,0.14162024855613708
,2306,144,,0.04473823308944702,0.1481771618127823
,2307,144,,0.04000195860862732,0.12632285058498383
,2308,144,,0.0402989499270916,0.11722985655069351
,2309,144,,0.05955301225185394,0.21452486515045166
,2310,144,,0.04153396934270859,0.12189467251300812
,2311,144,,0.04023408144712448,0.13308653235435486
,2312,144,,0.049597904086112976,0.1653093546628952
,2313,144,,0.02868787944316864,0.13138128817081451
,2314,144,,0.03985196352005005,0.11109768599271774
,2315,144,,0.04136005789041519,0.13742251694202423
,2316,144,,0.05021893233060837,0.17847925424575806
,2317,144,,0.03257051110267639,0.14938417077064514
,2318,144,,0.04302327334880829,0.16803975403308868
,2319,144,,0.05246667191386223,0.17576630413532257
2320,,145,0.0002496790257282555,,0.07693294435739517
2321,,145,0.000348856789059937,,0.06368208676576614
2322,,145,0.0004023434885311872,,0.10401511192321777
2323,,145,0.0004438694450072944,,0.04294507950544357
2324,,145,9.23815241549164e-05,,0.015611298382282257
2325,,145,0.0019883953500539064,,0.05761345103383064
2326,,145,0.00043461608584038913,,0.07538962364196777
2327,,145,0.0003582666686270386,,0.1359950453042984
2328,,145,6.740528624504805e-05,,0.02991594560444355
2329,,145,0.001118766493164003,,0.11440479010343552
2330,,145,0.001198877114802599,,0.10081762075424194
2331,,145,0.0036202603951096535,,0.20752203464508057
2332,,145,0.0015388288302347064,,0.12249881029129028
2333,,145,0.00185908074490726,,0.04167953506112099
2334,,145,0.0011774844024330378,,0.0798688605427742
2335,,145,0.0006826466415077448,,0.04584861174225807
,2320,145,,0.025966010987758636,0.17377707362174988
,2321,145,,0.025591842830181122,0.19735406339168549
,2322,145,,0.02613544836640358,0.16045770049095154
,2323,145,,0.03255127742886543,0.1684482991695404
,2324,145,,0.03446638211607933,0.12096420675516129
,2325,145,,0.02155604213476181,0.11806441843509674
,2326,145,,0.03245525062084198,0.2103358805179596
,2327,145,,0.03662003576755524,0.17921914160251617
,2328,145,,0.026992857456207275,0.11688606441020966
,2329,145,,0.029957372695207596,0.1569724678993225
,2330,145,,0.026975620537996292,0.1673683524131775
,2331,145,,0.03752400726079941,0.16096465289592743
,2332,145,,0.02970462664961815,0.1320265233516693
,2333,145,,0.019325219094753265,0.1530238538980484
,2334,145,,0.03252202272415161,0.15948860347270966
,2335,145,,0.052675023674964905,0.18412812054157257
2336,,146,0.00023534031060989946,,0.09522853791713715
2337,,146,0.0002544726012274623,,0.10312949120998383
2338,,146,0.0004456008900888264,,0.06940693408250809
2339,,146,0.00018554125563241541,,0.010015993379056454
2340,,146,0.0006116591393947601,,0.11286147683858871
2341,,146,0.00034352170769125223,,0.0852573961019516
2342,,146,0.00012655911268666387,,0.04751773923635483
2343,,146,0.00047809904208406806,,0.08004698902368546
2344,,146,0.0005643360200338066,,0.041903749108314514
2345,,146,0.00050809868844226,,0.07641725987195969
2346,,146,0.0007064170204102993,,0.053136710077524185
2347,,146,0.0012551341205835342,,0.13580696284770966
2348,,146,0.0008220977033488452,,0.1068900004029274
2349,,146,0.00030121434247121215,,0.04960912838578224
2350,,146,0.0007223079446703196,,0.11330990493297577
2351,,146,0.00046578896581195295,,0.09712312370538712
,2336,146,,0.027274448424577713,0.10197480022907257
,2337,146,,0.02808833308517933,0.11965008080005646
,2338,146,,0.03409352898597717,0.16491201519966125
,2339,146,,0.030770551413297653,0.1292898952960968
,2340,146,,0.033635884523391724,0.15395058691501617
,2341,146,,0.03645680844783783,0.13918256759643555
,2342,146,,0.03505294770002365,0.16189387440681458
,2343,146,,0.03410255163908005,0.14002585411071777
,2344,146,,0.022181790322065353,0.13260199129581451
,2345,146,,0.028449706733226776,0.18824735283851624
,2346,146,,0.03515031933784485,0.20633868873119354
,2347,146,,0.029320549219846725,0.12504109740257263
,2348,146,,0.04036008566617966,0.16985958814620972
,2349,146,,0.04060003161430359,0.11309814453125
,2350,146,,0.029270213097333908,0.16203837096691132
,2351,146,,0.03632473573088646,0.1633039265871048
2352,,147,0.0004765589255839586,,0.14613434672355652
2353,,147,0.0007789890514686704,,0.07465845346450806
2354,,147,0.0008527029422111809,,0.0829554945230484
2355,,147,0.0009844184387475252,,0.12150231748819351
2356,,147,0.0020304631907492876,,0.14906653761863708
2357,,147,0.0005643356707878411,,0.09817193448543549
2358,,147,0.00024228746769949794,,0.13237029314041138
2359,,147,0.00011114083463326097,,0.0107421875
2360,,147,0.000844151945784688,,0.13242760300636292
2361,,147,0.0016896610613912344,,0.09901396930217743
2362,,147,0.0001589736493770033,,0.06846151500940323
2363,,147,0.0007399901514872909,,0.12419657409191132
2364,,147,0.0003115675935987383,,0.09367027878761292
2365,,147,0.00019859550229739398,,0.11844433099031448
2366,,147,0.0002896898949984461,,0.09209083765745163
2367,,147,0.001928897574543953,,0.24377566576004028
,2352,147,,0.03136223927140236,0.15230512619018555
,2353,147,,0.015436097048223019,0.07900315523147583
,2354,147,,0.022623185068368912,0.11845926940441132
,2355,147,,0.026190664619207382,0.13403818011283875
,2356,147,,0.030615800991654396,0.12945058941841125
,2357,147,,0.020668942481279373,0.07288843393325806
,2358,147,,0.028696119785308838,0.15554997324943542
,2359,147,,0.02533222734928131,0.1453683078289032
,2360,147,,0.02662787213921547,0.1910238415002823
,2361,147,,0.02318727970123291,0.13169392943382263
,2362,147,,0.03776984289288521,0.18052330613136292
,2363,147,,0.03398582339286804,0.1591535210609436
,2364,147,,0.03449416160583496,0.13747483491897583
,2365,147,,0.039917923510074615,0.1315830647945404
,2366,147,,0.033586326986551285,0.15941137075424194
,2367,147,,0.023703495040535927,0.11516836285591125
2368,,148,0.00013478670734912157,,0.026301171630620956
2369,,148,0.00030113267712295055,,0.11596056818962097
2370,,148,0.0019495871383696795,,0.15759152173995972
2371,,148,0.0021693329326808453,,0.16987952589988708
2372,,148,0.0007681293063797057,,0.0295671746134758
2373,,148,0.0005469090538099408,,0.03395921364426613
2374,,148,2.7192143534193747e-05,,0.09517747163772583
2375,,148,0.0005083139985799789,,0.1565190553665161
2376,,148,0.00019087997497990727,,0.06749990582466125
2377,,148,0.001327223377302289,,0.057330694049596786
2378,,148,0.00014164744061417878,,0.047181423753499985
2379,,148,0.0009357709204778075,,0.06340556591749191
2380,,148,0.0008485427824780345,,0.18072012066841125
2381,,148,0.0002370504371356219,,0.04401257634162903
2382,,148,6.100130485720001e-05,,0.12495266646146774
2383,,148,0.000453399756224826,,0.18622076511383057
,2368,148,,0.03498104587197304,0.1430564522743225
,2369,148,,0.02338050864636898,0.11978211998939514
,2370,148,,0.028425192460417747,0.15531952679157257
,2371,148,,0.029114117845892906,0.1533913016319275
,2372,148,,0.03227030113339424,0.18107137084007263
,2373,148,,0.030080672353506088,0.14443159103393555
,2374,148,,0.026682525873184204,0.12554931640625
,2375,148,,0.02386775054037571,0.13951018452644348
,2376,148,,0.023710962384939194,0.13097895681858063
,2377,148,,0.02638603188097477,0.12908561527729034
,2378,148,,0.03301470726728439,0.1300497204065323
,2379,148,,0.019957154989242554,0.1781441867351532
,2380,148,,0.04248519986867905,0.18716244399547577
,2381,148,,0.041899777948856354,0.14289575815200806
,2382,148,,0.029622361063957214,0.17003023624420166
,2383,148,,0.02843671478331089,0.1326393485069275
2384,,149,0.0005033910856582224,,0.11804324388504028
2385,,149,0.0004866794915869832,,0.09698610007762909
2386,,149,0.0010756533592939377,,0.07817980647087097
2387,,149,0.00035728298826143146,,0.10780801624059677
2388,,149,0.0002803377283271402,,0.03498684614896774
2389,,149,0.0002861887332983315,,0.05995146930217743
2390,,149,0.0007527015404775739,,0.1315556764602661
2391,,149,0.0003120830515399575,,0.05837327241897583
2392,,149,0.00037283048732206225,,0.11169184744358063
2393,,149,0.0002534389204811305,,0.04135069623589516
2394,,149,0.0006267835269682109,,0.0716465562582016
2395,,149,0.0005316549213603139,,0.16902129352092743
2396,,149,0.00027854833751916885,,0.05055828392505646
2397,,149,0.0008501028059981763,,0.1614467054605484
2398,,149,0.0007116979686543345,,0.18461516499519348
2399,,149,0.0008484242716804147,,0.12798449397087097
,2384,149,,0.031361404806375504,0.19403450191020966
,2385,149,,0.041403498500585556,0.16881701350212097
,2386,149,,0.019608719274401665,0.15756911039352417
,2387,149,,0.04270283505320549,0.1973179429769516
,2388,149,,0.04064090549945831,0.14442911744117737
,2389,149,,0.019721435382962227,0.1665487438440323
,2390,149,,0.0339493602514267,0.16868248581886292
,2391,149,,0.028908705338835716,0.122384212911129
,2392,149,,0.04085783287882805,0.15944749116897583
,2393,149,,0.034757308661937714,0.1611764132976532
,2394,149,,0.027931416407227516,0.1267102211713791
,2395,149,,0.043531157076358795,0.1433877795934677
,2396,149,,0.02394157648086548,0.15434420108795166
,2397,149,,0.04191415384411812,0.1217389702796936
,2398,149,,0.028807668015360832,0.13681216537952423
,2399,149,,0.020071011036634445,0.13513556122779846
2400,,150,0.0009162401547655463,,0.20571711659431458
2401,,150,0.0006355629302561283,,0.06490777432918549
2402,,150,0.0005369912832975388,,0.03804732486605644
2403,,150,0.0013534966856241226,,0.13897830247879028
2404,,150,0.0006503040203824639,,0.10520343482494354
2405,,150,0.00023089472961146384,,0.197509765625
2406,,150,0.0006471171509474516,,0.14738869667053223
2407,,150,0.000974697875790298,,0.1376504749059677
2408,,150,0.0009451182559132576,,0.07810632139444351
2409,,150,0.0013824892230331898,,0.12224220484495163
2410,,150,0.00015270989388227463,,0.04858149215579033
2411,,150,0.0009415198001079261,,0.1693987101316452
2412,,150,0.000272162607870996,,0.05014225095510483
2413,,150,0.0006325780414044857,,0.05680006369948387
2414,,150,0.0010754778049886227,,0.13045330345630646
2415,,150,0.0015510241501033306,,0.06571493297815323
,2400,150,,0.038132376968860626,0.16906115412712097
,2401,150,,0.03244342654943466,0.1794794797897339
,2402,150,,0.025195380672812462,0.14930570125579834
,2403,150,,0.025577928870916367,0.14273008704185486
,2404,150,,0.0415375679731369,0.1587175726890564
,2405,150,,0.03177891671657562,0.18015584349632263
,2406,150,,0.024425705894827843,0.12489411979913712
,2407,150,,0.030195390805602074,0.09781195223331451
,2408,150,,0.030745070427656174,0.1623622328042984
,2409,150,,0.03133201226592064,0.14635109901428223
,2410,150,,0.04124033451080322,0.12836316227912903
,2411,150,,0.03334503620862961,0.10991684347391129
,2412,150,,0.025850847363471985,0.12404211610555649
,2413,150,,0.02616739459335804,0.1396235227584839
,2414,150,,0.04766872525215149,0.19991379976272583
,2415,150,,0.03524371609091759,0.13318493962287903
2416,,151,0.0009990232065320015,,0.09023985266685486
2417,,151,0.002180033130571246,,0.13207882642745972
2418,,151,0.0006480513256974518,,0.0320172980427742
2419,,151,0.0005128182820044458,,0.09416977316141129
2420,,151,0.0008734675357118249,,0.08313985168933868
2421,,151,0.0008069196483120322,,0.15329788625240326
2422,,151,0.00017557389219291508,,0.03372254967689514
2423,,151,0.0006474670954048634,,0.061092451214790344
2424,,151,0.0007643610006198287,,0.08410395681858063
2425,,151,0.0005277566378936172,,0.074951171875
2426,,151,0.000771421822719276,,0.061018966138362885
2427,,151,0.0016590694431215525,,0.07937061786651611
2428,,151,0.0018452146323397756,,0.16506895422935486
2429,,151,0.0004134849295951426,,0.1470411717891693
2430,,151,0.000693664769642055,,0.09117282927036285
2431,,151,0.0008093584328889847,,0.16421571373939514
,2416,151,,0.03360490873456001,0.17667560279369354
,2417,151,,0.02791862189769745,0.12178755551576614
,2418,151,,0.017529552802443504,0.16944105923175812
,2419,151,,0.031067680567502975,0.14633366465568542
,2420,151,,0.027577705681324005,0.11598797142505646
,2421,151,,0.0373445525765419,0.19890859723091125
,2422,151,,0.026574552059173584,0.1762433648109436
,2423,151,,0.03143429383635521,0.14506188035011292
,2424,151,,0.02887081727385521,0.13853362202644348
,2425,151,,0.027810782194137573,0.11420175433158875
,2426,151,,0.02544078603386879,0.1347743570804596
,2427,151,,0.029903341084718704,0.1172659695148468
,2428,151,,0.03126363828778267,0.12578225135803223
,2429,151,,0.029278112575411797,0.1133946031332016
,2430,151,,0.025596007704734802,0.12184859812259674
,2431,151,,0.03305754065513611,0.1804635226726532
2432,,152,0.000853678910061717,,0.09244708716869354
2433,,152,0.000580019666813314,,0.06884890794754028
2434,,152,0.0006665237597189844,,0.11864611506462097
2435,,152,0.000816298124846071,,0.03209327906370163
2436,,152,0.000519154011271894,,0.021884217858314514
2437,,152,0.0003195492026861757,,0.09040926396846771
2438,,152,0.0004648587782867253,,0.14698511362075806
2439,,152,0.00038518322980962694,,0.18625812232494354
2440,,152,0.0003830980567727238,,0.09110431373119354
2441,,152,0.0003685972187668085,,0.1236746609210968
2442,,152,0.0001684506714809686,,0.0883614718914032
2443,,152,0.001027585007250309,,0.20877884328365326
2444,,152,0.000695672002620995,,0.13390739262104034
2445,,152,0.00011235204146942124,,0.07820098847150803
2446,,152,0.0003309486201032996,,0.06241903454065323
2447,,152,0.0005694917635992169,,0.033640336245298386
,2432,152,,0.03453713655471802,0.13855603337287903
,2433,152,,0.036212258040905,0.11289510875940323
,2434,152,,0.04417990520596504,0.13274647295475006
,2435,152,,0.042064398527145386,0.1389234960079193
,2436,152,,0.043358683586120605,0.09400162100791931
,2437,152,,0.03807026892900467,0.17449204623699188
,2438,152,,0.025844251736998558,0.12890374660491943
,2439,152,,0.041008125990629196,0.19091174006462097
,2440,152,,0.03244630992412567,0.10816550999879837
,2441,152,,0.03720630332827568,0.16188141703605652
,2442,152,,0.04354549199342728,0.13844019174575806
,2443,152,,0.04543646425008774,0.1438336968421936
,2444,152,,0.04949396848678589,0.13411664962768555
,2445,152,,0.033332765102386475,0.1464146226644516
,2446,152,,0.04098077118396759,0.14553147554397583
,2447,152,,0.030211087316274643,0.11188740283250809
2448,,153,0.0009379832772538066,,0.07793691009283066
2449,,153,0.0005642197793349624,,0.07854851335287094
2450,,153,0.002425729762762785,,0.04992052912712097
2451,,153,0.0010265868622809649,,0.19637125730514526
2452,,153,0.00048337632324546576,,0.12066525965929031
2453,,153,0.0009451569640077651,,0.08130256831645966
2454,,153,0.0004165394348092377,,0.0911516398191452
2455,,153,0.0009917347924783826,,0.16350944340229034
2456,,153,8.74957549967803e-05,,0.1195853129029274
2457,,153,0.000972754554823041,,0.06884516030550003
2458,,153,0.0009485384216532111,,0.10347077995538712
2459,,153,0.00026642222655937076,,0.1013706773519516
2460,,153,0.001223317813128233,,0.13127416372299194
2461,,153,0.0013311553047969937,,0.06732800602912903
2462,,153,0.0016310380306094885,,0.09553994983434677
2463,,153,0.00043722870759665966,,0.24773795902729034
,2448,153,,0.029447341337800026,0.2007695436477661
,2449,153,,0.03410220146179199,0.146466925740242
,2450,153,,0.03237896040081978,0.1257760226726532
,2451,153,,0.021389499306678772,0.12451171875
,2452,153,,0.038404904305934906,0.21245838701725006
,2453,153,,0.019009310752153397,0.19793826341629028
,2454,153,,0.02776065096259117,0.15070949494838715
,2455,153,,0.04072730615735054,0.1512451171875
,2456,153,,0.02913644164800644,0.15400663018226624
,2457,153,,0.03388276696205139,0.1680733859539032
,2458,153,,0.03805798292160034,0.1771925389766693
,2459,153,,0.02953888103365898,0.13739264011383057
,2460,153,,0.030490482226014137,0.2066575586795807
,2461,153,,0.02900264598429203,0.15962687134742737
,2462,153,,0.03553386777639389,0.16123121976852417
,2463,153,,0.036650341004133224,0.20031487941741943
2464,,154,0.0004248521872796118,,0.08481769263744354
2465,,154,0.0012195390881970525,,0.1000017449259758
2466,,154,5.519295154954307e-05,,0.0389317125082016
2467,,154,0.0003492112737149,,0.0504324734210968
2468,,154,0.00015029536734800786,,0.12149982154369354
2469,,154,0.0002613179385662079,,0.07650445401668549
2470,,154,0.00013872055569663644,,0.10083132982254028
2471,,154,0.0006483476026915014,,0.07494992762804031
2472,,154,0.0004501510120462626,,0.09315335750579834
2473,,154,0.00017836838378570974,,0.1111101359128952
2474,,154,0.00017962587298825383,,0.11073395609855652
2475,,154,0.00037704218993894756,,0.13364332914352417
2476,,154,0.0005521361017599702,,0.1055559515953064
2477,,154,0.00031095463782548904,,0.1462041139602661
2478,,154,0.00047667004400864244,,0.09649533033370972
2479,,154,0.0009820455452427268,,0.2245321422815323
,2464,154,,0.04066967964172363,0.12202796339988708
,2465,154,,0.030256493017077446,0.12173274904489517
,2466,154,,0.04005991294980049,0.11666683107614517
,2467,154,,0.026811718940734863,0.14290572702884674
,2468,154,,0.026810314506292343,0.13558150827884674
,2469,154,,0.029770925641059875,0.17045998573303223
,2470,154,,0.02961927279829979,0.12629419565200806
,2471,154,,0.030701253563165665,0.1597028374671936
,2472,154,,0.027649525552988052,0.21179448068141937
,2473,154,,0.030559267848730087,0.14184072613716125
,2474,154,,0.02209312468767166,0.16093601286411285
,2475,154,,0.032905783504247665,0.1259404420852661
,2476,154,,0.02779865637421608,0.2187749147415161
,2477,154,,0.028681419789791107,0.14927081763744354
,2478,154,,0.032673873007297516,0.17215651273727417
,2479,154,,0.03605406731367111,0.14555639028549194
2480,,155,0.0004507686826400459,,0.07568982243537903
2481,,155,0.00040718846139498055,,0.052877623587846756
2482,,155,0.000544732145499438,,0.16648772358894348
2483,,155,0.004644061904400587,,0.25296828150749207
2484,,155,0.0004736400442197919,,0.007625657599419355
2485,,155,0.0008307595271617174,,0.1243286207318306
2486,,155,0.00012964283814653754,,0.11490553617477417
2487,,155,0.0007898903568275273,,0.11323391646146774
2488,,155,0.00029611866921186447,,0.06240657716989517
2489,,155,0.00035669433418661356,,0.05061309039592743
2490,,155,0.00069778086617589,,0.07971066981554031
2491,,155,0.0002837164793163538,,0.10968391597270966
2492,,155,0.0013835615245625377,,0.12515944242477417
2493,,155,0.0003288150765001774,,0.08423350006341934
2494,,155,0.0005438732332549989,,0.035724248737096786
2495,,155,0.0007930911378934979,,0.03188028186559677
,2480,155,,0.029650870710611343,0.11576127260923386
,2481,155,,0.027522310614585876,0.16686514019966125
,2482,155,,0.025001084432005882,0.19474326074123383
,2483,155,,0.034171197563409805,0.177490234375
,2484,155,,0.03774196654558182,0.20118308067321777
,2485,155,,0.026544002816081047,0.14012177288532257
,2486,155,,0.03541061282157898,0.14551778137683868
,2487,155,,0.03693227842450142,0.1282448172569275
,2488,155,,0.020357143133878708,0.13825085759162903
,2489,155,,0.02446853742003441,0.1942574679851532
,2490,155,,0.028925960883498192,0.11422792077064514
,2491,155,,0.02623523399233818,0.17089346051216125
,2492,155,,0.020767923444509506,0.15376996994018555
,2493,155,,0.022629177197813988,0.14433693885803223
,2494,155,,0.024497125297784805,0.15919962525367737
,2495,155,,0.04441024735569954,0.1704462766647339
2496,,156,0.008275676518678665,,0.016083385795354843
2497,,156,0.0002738737384788692,,0.09366904199123383
2498,,156,0.0001556520874146372,,0.06503981351852417
2499,,156,0.00011305291263852268,,0.019549934193491936
2500,,156,0.00020516221411526203,,0.2242182493209839
2501,,156,0.00033968384377658367,,0.15218056738376617
2502,,156,0.00036048569018021226,,0.04285788908600807
2503,,156,0.0003588284889701754,,0.10895897448062897
2504,,156,0.00058414984960109,,0.06974075734615326
2505,,156,0.0012212448054924607,,0.13883879780769348
2506,,156,0.0021250112913548946,,0.11109021306037903
2507,,156,0.0002637237193994224,,0.057720575481653214
2508,,156,0.0013838678132742643,,0.0925031378865242
2509,,156,0.0001806036161724478,,0.10497049987316132
2510,,156,0.00047158298548310995,,0.09184670448303223
2511,,156,0.002944772597402334,,0.11915557831525803
,2496,156,,0.02377878874540329,0.13076844811439514
,2497,156,,0.03212901949882507,0.17100556194782257
,2498,156,,0.03280985355377197,0.1882498562335968
,2499,156,,0.03464798256754875,0.16385075449943542
,2500,156,,0.031254470348358154,0.14915746450424194
,2501,156,,0.023336201906204224,0.13854731619358063
,2502,156,,0.024130385369062424,0.13802041113376617
,2503,156,,0.026731114834547043,0.14068105816841125
,2504,156,,0.026593416929244995,0.15892060101032257
,2505,156,,0.03775179758667946,0.10434520244598389
,2506,156,,0.03951827064156532,0.11484324932098389
,2507,156,,0.03202003985643387,0.1629987359046936
,2508,156,,0.028067125007510185,0.15260034799575806
,2509,156,,0.022128235548734665,0.14049670100212097
,2510,156,,0.02844579890370369,0.15497198700904846
,2511,156,,0.03298090770840645,0.2037702351808548
2512,,157,0.0005294735892675817,,0.0600847527384758
2513,,157,0.00022735123638994992,,0.04068179801106453
2514,,157,0.0004938230849802494,,0.14784333109855652
2515,,157,0.000273182027740404,,0.043702416121959686
2516,,157,0.0003093444975093007,,0.11528170108795166
2517,,157,0.0016255349619314075,,0.03430798649787903
2518,,157,0.00035926661803387105,,0.11153988540172577
2519,,157,0.0002559226704761386,,0.09215311706066132
2520,,157,0.00025019963504746556,,0.0661969929933548
2521,,157,0.00023408743436448276,,0.10640420764684677
2522,,157,0.0006657937774434686,,0.0642787367105484
2523,,157,0.002587258815765381,,0.1216692253947258
2524,,157,0.00023484551638830453,,0.019125178456306458
2525,,157,0.0006703624385409057,,0.07972561568021774
2526,,157,0.00025919388281181455,,0.072265625
2527,,157,0.000980645534582436,,0.14491863548755646
,2512,157,,0.03856144845485687,0.1766008585691452
,2513,157,,0.04913143441081047,0.13248489797115326
,2514,157,,0.03371365740895271,0.12109749019145966
,2515,157,,0.032024599611759186,0.15980498492717743
,2516,157,,0.04828689247369766,0.13617315888404846
,2517,157,,0.02692294679582119,0.11361134052276611
,2518,157,,0.03013714961707592,0.11223617941141129
,2519,157,,0.03140353411436081,0.15006676316261292
,2520,157,,0.02996155433356762,0.11517085134983063
,2521,157,,0.032254524528980255,0.10653623938560486
,2522,157,,0.03607664629817009,0.16323542594909668
,2523,157,,0.04556233063340187,0.15383723378181458
,2524,157,,0.04139997065067291,0.12370830029249191
,2525,157,,0.03309764340519905,0.12864592671394348
,2526,157,,0.03735681250691414,0.11096689105033875
,2527,157,,0.03449859842658043,0.1254783272743225
2528,,158,0.00034598042839206755,,0.11185252666473389
2529,,158,0.0005659560556523502,,0.15271493792533875
2530,,158,0.00021344968990888447,,0.027682557702064514
2531,,158,0.0029231421649456024,,0.11765460669994354
2532,,158,0.0002473638451192528,,0.09413738548755646
2533,,158,0.0006417248514480889,,0.09105698764324188
2534,,158,0.0005231470568105578,,0.12218490242958069
2535,,158,0.0002633487747516483,,0.06234055757522583
2536,,158,6.902407039888203e-05,,0.0762154757976532
2537,,158,0.00013580582162830979,,0.05222491919994354
2538,,158,0.0003913669497705996,,0.09287682175636292
2539,,158,0.0007405844517052174,,0.08577930927276611
2540,,158,0.0002895686193369329,,0.06816007941961288
2541,,158,0.0002511115453671664,,0.0831211656332016
2542,,158,0.0007712325896136463,,0.09969282895326614
2543,,158,0.0006995801813900471,,0.12575608491897583
,2528,158,,0.022355590015649796,0.18202178180217743
,2529,158,,0.0327971950173378,0.13977175951004028
,2530,158,,0.030237186700105667,0.18639762699604034
,2531,158,,0.03237438201904297,0.19454023241996765
,2532,158,,0.03499773144721985,0.11925522238016129
,2533,158,,0.034100718796253204,0.1467546671628952
,2534,158,,0.03490185737609863,0.15310606360435486
,2535,158,,0.030829180032014847,0.15406891703605652
,2536,158,,0.029569299891591072,0.15491220355033875
,2537,158,,0.03193306550383568,0.15616530179977417
,2538,158,,0.028226332738995552,0.14569714665412903
,2539,158,,0.04590187966823578,0.10029321908950806
,2540,158,,0.027456624433398247,0.12339814007282257
,2541,158,,0.03181920200586319,0.14671605825424194
,2542,158,,0.016791997477412224,0.14579305052757263
,2543,158,,0.02569473348557949,0.13120689988136292
2544,,159,0.00019817933207377791,,0.06889498978853226
2545,,159,0.0002294854202773422,,0.050294212996959686
2546,,159,0.0015095144044607878,,0.10718271881341934
2547,,159,0.0004219424445182085,,0.1005423441529274
2548,,159,0.0002844460541382432,,0.1689615100622177
2549,,159,0.00027138087898492813,,0.08087656646966934
2550,,159,0.0014774451265111566,,0.11687733978033066
2551,,159,0.00021042035950813442,,0.11029426753520966
2552,,159,0.0006487868959084153,,0.1948590874671936
2553,,159,0.00040559202898293734,,0.07686443626880646
2554,,159,0.0005006456049159169,,0.09877854585647583
2555,,159,0.000506410957314074,,0.03926926851272583
2556,,159,0.0009562012273818254,,0.16469651460647583
2557,,159,0.0003464860492385924,,0.0628313347697258
2558,,159,0.0003251361194998026,,0.13205766677856445
2559,,159,0.0003688967553898692,,0.15832269191741943
,2544,159,,0.02594929188489914,0.13053177297115326
,2545,159,,0.026809394359588623,0.17831483483314514
,2546,159,,0.030856456607580185,0.16222772002220154
,2547,159,,0.03732959181070328,0.1360909640789032
,2548,159,,0.028406383469700813,0.1409737765789032
,2549,159,,0.028847213834524155,0.08396942913532257
,2550,159,,0.03432002663612366,0.10033059120178223
,2551,159,,0.026891058310866356,0.1322644203901291
,2552,159,,0.02789665013551712,0.14065738022327423
,2553,159,,0.0336335152387619,0.16522839665412903
,2554,159,,0.025510484352707863,0.13021165132522583
,2555,159,,0.02770705707371235,0.1292637437582016
,2556,159,,0.018856897950172424,0.11872458457946777
,2557,159,,0.028110049664974213,0.16500169038772583
,2558,159,,0.03442914038896561,0.16841591894626617
,2559,159,,0.030550681054592133,0.12386150658130646
2560,,160,0.0007715635001659393,,0.1493006944656372
2561,,160,0.003833344206213951,,0.1378871500492096
2562,,160,0.0011819450883194804,,0.0056526027619838715
2563,,160,0.00029586913296952844,,0.08134990185499191
2564,,160,0.0008701262413524091,,0.16447728872299194
2565,,160,0.00010020878835348412,,0.16157874464988708
2566,,160,0.0002709947875700891,,0.032689932733774185
2567,,160,0.0007377330330200493,,0.1453782618045807
2568,,160,8.578551933169365e-05,,0.08178959786891937
2569,,160,0.0011985632590949535,,0.0421404168009758
2570,,160,0.0006849612109363079,,0.1557355672121048
2571,,160,0.00020932363986503333,,0.10775195807218552
2572,,160,4.368719601188786e-05,,0.07436324656009674
2573,,160,0.0011811573058366776,,0.15041303634643555
2574,,160,0.0003047552308999002,,0.03281698375940323
2575,,160,0.0007712965016253293,,0.07549550384283066
,2560,160,,0.022331159561872482,0.1708909571170807
,2561,160,,0.025225874036550522,0.11556445807218552
,2562,160,,0.02658950164914131,0.12563152611255646
,2563,160,,0.026019912213087082,0.12253866344690323
,2564,160,,0.02718042954802513,0.12491530179977417
,2565,160,,0.023475322872400284,0.11206178367137909
,2566,160,,0.022351771593093872,0.11481086164712906
,2567,160,,0.023660799488425255,0.18186607956886292
,2568,160,,0.02602190338075161,0.1232474222779274
,2569,160,,0.0327901728451252,0.1725986897945404
,2570,160,,0.024229176342487335,0.16039416193962097
,2571,160,,0.01725759357213974,0.14514034986495972
,2572,160,,0.028327276930212975,0.14908771216869354
,2573,160,,0.02679196000099182,0.1222882941365242
,2574,160,,0.02728601172566414,0.15118905901908875
,2575,160,,0.03159778192639351,0.11091956496238708
2576,,161,0.0005752723081968725,,0.15241973102092743
2577,,161,0.00033953989623114467,,0.11412827670574188
2578,,161,0.0003343784192111343,,0.14420738816261292
2579,,161,0.0009876717813313007,,0.1148855984210968
2580,,161,0.0009670995641499758,,0.08307507634162903
2581,,161,0.00031590493745170534,,0.08187180757522583
2582,,161,0.00048605314805172384,,0.16154760122299194
2583,,161,0.00034664408303797245,,0.11827617138624191
2584,,161,0.00042961142025887966,,0.11515838652849197
2585,,161,0.0003181787033099681,,0.05153609439730644
2586,,161,0.0009952445980161428,,0.11020083725452423
2587,,161,0.00036868438473902643,,0.0489676333963871
2588,,161,0.0011527027236297727,,0.13647836446762085
2589,,161,9.593394497642294e-05,,0.03272730112075806
2590,,161,0.0003266087151132524,,0.1911085546016693
2591,,161,0.0006249682046473026,,0.0953107550740242
,2576,161,,0.030096031725406647,0.1354731321334839
,2577,161,,0.023689288645982742,0.14621782302856445
,2578,161,,0.03055819869041443,0.19318747520446777
,2579,161,,0.03168280050158501,0.1252005398273468
,2580,161,,0.026777856051921844,0.14543557167053223
,2581,161,,0.020005125552415848,0.17703184485435486
,2582,161,,0.02726467326283455,0.13245251774787903
,2583,161,,0.025698451325297356,0.16283182799816132
,2584,161,,0.027624744921922684,0.13750721514225006
,2585,161,,0.029764004051685333,0.13969452679157257
,2586,161,,0.0205291286110878,0.22556477785110474
,2587,161,,0.02025746926665306,0.13557901978492737
,2588,161,,0.028956089168787003,0.16580012440681458
,2589,161,,0.036701127886772156,0.14264415204524994
,2590,161,,0.03065669536590576,0.13143983483314514
,2591,161,,0.018698010593652725,0.0836355984210968
2592,,162,0.0006886523915454745,,0.12639883160591125
2593,,162,0.0013061619829386473,,0.13474319875240326
2594,,162,0.0009745981660671532,,0.0791189968585968
2595,,162,0.0003481488674879074,,0.14499586820602417
2596,,162,0.0001521095255156979,,0.07921367138624191
2597,,162,0.00020319291797932237,,0.11417187005281448
2598,,162,0.00039057875983417034,,0.1613520383834839
2599,,162,0.0012695955811068416,,0.0833565890789032
2600,,162,0.00039459537947550416,,0.07601741701364517
2601,,162,0.000529240001924336,,0.0344935841858387
2602,,162,0.0007973164902068675,,0.18714377284049988
2603,,162,0.00040583041845820844,,0.21287816762924194
2604,,162,0.00030741188675165176,,0.18029162287712097
2605,,162,0.0002104301383951679,,0.11538758873939514
2606,,162,0.00037741585401818156,,0.07090666145086288
2607,,162,0.0007724108872935176,,0.0682285875082016
,2592,162,,0.030408060178160667,0.1803489327430725
,2593,162,,0.027234861627221107,0.15998810529708862
,2594,162,,0.03640647232532501,0.1467546820640564
,2595,162,,0.03304194658994675,0.12479447573423386
,2596,162,,0.030070628970861435,0.15230637788772583
,2597,162,,0.02980812080204487,0.14230534434318542
,2598,162,,0.027209196239709854,0.12653958797454834
,2599,162,,0.02357516437768936,0.12246143817901611
,2600,162,,0.024321332573890686,0.1454542577266693
,2601,162,,0.037183888256549835,0.17107656598091125
,2602,162,,0.04116307199001312,0.12734922766685486
,2603,162,,0.03184768557548523,0.13765668869018555
,2604,162,,0.03052673302590847,0.14921227097511292
,2605,162,,0.033242564648389816,0.20460978150367737
,2606,162,,0.03606215491890907,0.1873081773519516
,2607,162,,0.04128337651491165,0.08194530010223389
2608,,163,0.0005736108287237585,,0.024235939607024193
2609,,163,0.0005427172873169184,,0.16903001070022583
2610,,163,0.00044025207171216607,,0.1933506578207016
2611,,163,0.0005234283162280917,,0.21028605103492737
2612,,163,0.00021517804998438805,,0.08277488499879837
2613,,163,0.00015760753012727946,,0.017791124060750008
2614,,163,0.0006774651701562107,,0.12637640535831451
2615,,163,0.00020515821233857423,,0.04409603029489517
2616,,163,0.00013842897897120565,,0.08158158510923386
2617,,163,0.0005843377439305186,,0.20270398259162903
2618,,163,7.886500679887831e-05,,0.07677724957466125
2619,,163,0.0011189235374331474,,0.18783879280090332
2620,,163,0.0007616109796799719,,0.0810285285115242
2621,,163,0.000488624325953424,,0.0882394015789032
2622,,163,0.00018467653717380017,,0.08886469900608063
2623,,163,0.0010023277718573809,,0.10149024426937103
,2608,163,,0.039805538952350616,0.1275535225868225
,2609,163,,0.02505446970462799,0.12767434120178223
,2610,163,,0.027069423347711563,0.11695082485675812
,2611,163,,0.04104769229888916,0.16631582379341125
,2612,163,,0.04045053571462631,0.14457111060619354
,2613,163,,0.023065146058797836,0.13118697702884674
,2614,163,,0.03407275304198265,0.18247270584106445
,2615,163,,0.0437128022313118,0.1809767186641693
,2616,163,,0.0221342034637928,0.1478196680545807
,2617,163,,0.03447556495666504,0.12395741790533066
,2618,163,,0.04484971985220909,0.15132607519626617
,2619,163,,0.043042704463005066,0.16650265455245972
,2620,163,,0.037029366940259933,0.20828932523727417
,2621,163,,0.035653822124004364,0.14628133177757263
,2622,163,,0.033356066793203354,0.15424706041812897
,2623,163,,0.03416888415813446,0.20230787992477417
2624,,164,0.0003077634028159082,,0.08885348588228226
2625,,164,0.00036708672996610403,,0.08280353248119354
2626,,164,0.0006875090184621513,,0.05047108978033066
2627,,164,0.00048668886302039027,,0.06353884190320969
2628,,164,0.0013135586632415652,,0.23011748492717743
2629,,164,0.00046583169023506343,,0.09678806364536285
2630,,164,0.00017355085583403707,,0.11080247163772583
2631,,164,0.00023012050951365381,,0.15174460411071777
2632,,164,0.000515954801812768,,0.20560875535011292
2633,,164,0.0012792130000889301,,0.15017887949943542
2634,,164,0.0010493687586858869,,0.18988659977912903
2635,,164,0.0001933425955940038,,0.03604935482144356
2636,,164,0.000418979674577713,,0.06753477454185486
2637,,164,0.00036203209310770035,,0.16082140803337097
2638,,164,0.0007374866981990635,,0.07584179192781448
2639,,164,0.0005796501645818353,,0.14075079560279846
,2624,164,,0.02658148854970932,0.14364686608314514
,2625,164,,0.03673917055130005,0.14857451617717743
,2626,164,,0.029481109231710434,0.15741589665412903
,2627,164,,0.03148987889289856,0.1144147589802742
,2628,164,,0.02547326311469078,0.16001051664352417
,2629,164,,0.029399782419204712,0.13336181640625
,2630,164,,0.03118441067636013,0.1595894992351532
,2631,164,,0.023963261395692825,0.13958865404129028
,2632,164,,0.032647691667079926,0.1658761203289032
,2633,164,,0.027589313685894012,0.0811854749917984
,2634,164,,0.021762512624263763,0.15561100840568542
,2635,164,,0.016516584903001785,0.18006491661071777
,2636,164,,0.013785511255264282,0.1427960991859436
,2637,164,,0.01930912211537361,0.14802271127700806
,2638,164,,0.03604879230260849,0.14346002042293549
,2639,164,,0.03219578415155411,0.1557791531085968
2640,,165,0.0007647222955711186,,0.17991545796394348
2641,,165,0.00030460619018413126,,0.0561261847615242
2642,,165,0.0005555914249271154,,0.19780123233795166
2643,,165,0.00029896636260673404,,0.13806526362895966
2644,,165,0.0007555333431810141,,0.08396320044994354
2645,,165,0.00037065515061840415,,0.09711440652608871
2646,,165,0.000497508211992681,,0.08144830912351608
2647,,165,0.0003727425937540829,,0.1367698311805725
2648,,165,0.00037595463800244033,,0.05667051672935486
2649,,165,0.0011183733586221933,,0.14206120371818542
2650,,165,0.00041035242611542344,,0.14306268095970154
2651,,165,0.000707402650732547,,0.06250374019145966
2652,,165,0.000287168484646827,,0.05434495583176613
2653,,165,0.00031846988713368773,,0.049053583294153214
2654,,165,0.0008718473836779594,,0.10246308147907257
2655,,165,0.0004041283973492682,,0.06910176575183868
,2640,165,,0.02145020104944706,0.1748918890953064
,2641,165,,0.023927897214889526,0.13775634765625
,2642,165,,0.034727972000837326,0.14073212444782257
,2643,165,,0.021051758900284767,0.11060069501399994
,2644,165,,0.028593100607395172,0.14588773250579834
,2645,165,,0.025964878499507904,0.0998099148273468
,2646,165,,0.03708164021372795,0.1575329750776291
,2647,165,,0.01911776140332222,0.14963579177856445
,2648,165,,0.028608227148652077,0.1808720827102661
,2649,165,,0.033619560301303864,0.16497179865837097
,2650,165,,0.03182467073202133,0.14753568172454834
,2651,165,,0.025354627519845963,0.20115318894386292
,2652,165,,0.02972453460097313,0.14434814453125
,2653,165,,0.029905367642641068,0.11002272367477417
,2654,165,,0.026497475802898407,0.13497987389564514
,2655,165,,0.03226623684167862,0.1480364203453064
2656,,166,0.0030756848864257336,,0.019711865112185478
2657,,166,0.00040147677646018565,,0.04690613970160484
2658,,166,0.00048126906040124595,,0.16257646679878235
2659,,166,0.0005677933222614229,,0.07139743864536285
2660,,166,0.0005120662972331047,,0.10798364877700806
2661,,166,0.0005451818578876555,,0.1303025782108307
2662,,166,0.00016876617155503482,,0.036384426057338715
2663,,166,0.00020811997819691896,,0.09260901808738708
2664,,166,0.001394036691635847,,0.07600869983434677
2665,,166,0.0012100925669074059,,0.17287522554397583
2666,,166,0.0012602632632479072,,0.11278550326824188
2667,,166,0.0005119108245708048,,0.09367277473211288
2668,,166,0.000411315995734185,,0.0581316277384758
2669,,166,0.0012307802680879831,,0.045173488557338715
2670,,166,0.0006116708973422647,,0.14741361141204834
2671,,166,0.0011920228134840727,,0.09393683820962906
,2656,166,,0.03817093372344971,0.13340167701244354
,2657,166,,0.035722509026527405,0.11528419703245163
,2658,166,,0.0398826003074646,0.2004905343055725
,2659,166,,0.04444320499897003,0.21384352445602417
,2660,166,,0.032743651419878006,0.14793425798416138
,2661,166,,0.02869022637605667,0.08541932702064514
,2662,166,,0.04364539682865143,0.16353684663772583
,2663,166,,0.03964763134717941,0.18339818716049194
,2664,166,,0.03739452362060547,0.15557986497879028
,2665,166,,0.031491003930568695,0.14803391695022583
,2666,166,,0.02992209792137146,0.1478719860315323
,2667,166,,0.03528096526861191,0.13214111328125
,2668,166,,0.03330303728580475,0.1460820436477661
,2669,166,,0.03825746476650238,0.12448057532310486
,2670,166,,0.03736872971057892,0.11440479755401611
,2671,166,,0.023153334856033325,0.08575189858675003
2672,,167,0.0005801843944936991,,0.08672098815441132
2673,,167,0.000967630126979202,,0.2016240358352661
2674,,167,0.00025787498452700675,,0.047780562192201614
2675,,167,0.00017417916387785226,,0.04371612146496773
2676,,167,0.000398599891923368,,0.10643409937620163
2677,,167,0.0010867707896977663,,0.1328125
2678,,167,0.0017552447970956564,,0.18902462720870972
2679,,167,0.0002685669460333884,,0.030632175505161285
2680,,167,0.0004139976517762989,,0.057779114693403244
2681,,167,0.000661865808069706,,0.04569166526198387
2682,,167,0.00010428372479509562,,0.07003472745418549
2683,,167,0.00028354491223581135,,0.15312474966049194
2684,,167,0.0024250841233879328,,0.1100725382566452
2685,,167,0.0011652978137135506,,0.17281045019626617
2686,,167,0.0003337186644785106,,0.11690349876880646
2687,,167,0.0002909129543695599,,0.028580646961927414
,2672,167,,0.04531355947256088,0.1535557359457016
,2673,167,,0.04882541671395302,0.18201056122779846
,2674,167,,0.03834684193134308,0.13939806818962097
,2675,167,,0.04851026087999344,0.18836694955825806
,2676,167,,0.032397620379924774,0.14206618070602417
,2677,167,,0.04373888671398163,0.11884665489196777
,2678,167,,0.0342274084687233,0.1115809828042984
,2679,167,,0.029671505093574524,0.1680385172367096
,2680,167,,0.02875874564051628,0.15535813570022583
,2681,167,,0.03616780415177345,0.17404112219810486
,2682,167,,0.032481059432029724,0.13140869140625
,2683,167,,0.03206891193985939,0.09246950596570969
,2684,167,,0.05053340643644333,0.1342599093914032
,2685,167,,0.05072391778230667,0.16019859910011292
,2686,167,,0.04901595413684845,0.12476332485675812
,2687,167,,0.029828239232301712,0.16948965191841125
2688,,168,0.0001846255036070943,,0.04188381880521774
2689,,168,0.0004371746035758406,,0.07440807670354843
2690,,168,0.0003262879035901278,,0.02485625632107258
2691,,168,0.0006010624347254634,,0.12170036137104034
2692,,168,0.000201037444639951,,0.09746317565441132
2693,,168,0.0019114690367132425,,0.13086187839508057
2694,,168,0.0010561575181782246,,0.08153175562620163
2695,,168,0.00023957667872309685,,0.11768575012683868
2696,,168,0.00035571696935221553,,0.13264434039592743
2697,,168,0.0009111021645367146,,0.20769891142845154
2698,,168,0.00039365439442917705,,0.07996228337287903
2699,,168,6.730273889843374e-05,,0.11551089584827423
2700,,168,0.00016724382294341922,,0.11625952273607254
2701,,168,0.00037700345274060965,,0.0762939453125
2702,,168,0.0007132501341402531,,0.18437600135803223
2703,,168,0.0002952583599835634,,0.07854477316141129
,2688,168,,0.034240782260894775,0.1470511257648468
,2689,168,,0.03261835500597954,0.17214031517505646
,2690,168,,0.03454360365867615,0.14989735186100006
,2691,168,,0.01749393343925476,0.12007109820842743
,2692,168,,0.012840241193771362,0.12031897902488708
,2693,168,,0.026666443794965744,0.2008916139602661
,2694,168,,0.031277939677238464,0.09870880097150803
,2695,168,,0.024934811517596245,0.15954965353012085
,2696,168,,0.029877370223402977,0.16401517391204834
,2697,168,,0.02763444185256958,0.1648484766483307
,2698,168,,0.029189765453338623,0.18835574388504028
,2699,168,,0.037542086094617844,0.17994160950183868
,2700,168,,0.02758011966943741,0.1745082288980484
,2701,168,,0.03561382368206978,0.19977055490016937
,2702,168,,0.029592284932732582,0.16572913527488708
,2703,168,,0.029021043330430984,0.13291215896606445
2704,,169,0.0003794411022681743,,0.12687215209007263
2705,,169,9.403575677424669e-05,,0.03775211423635483
2706,,169,0.0005418144864961505,,0.036541372537612915
2707,,169,0.000363625877071172,,0.07158676534891129
2708,,169,0.00022847937361802906,,0.06316142529249191
2709,,169,0.0004185499856248498,,0.09578534215688705
2710,,169,0.000512592785526067,,0.08266153186559677
2711,,169,0.0005025420687161386,,0.09456338733434677
2712,,169,0.000721614109352231,,0.09846092760562897
2713,,169,0.023209845647215843,,0.33087158203125
2714,,169,0.0004767617501784116,,0.11086724698543549
2715,,169,5.43820860912092e-05,,0.0489850714802742
2716,,169,0.0001871738932095468,,0.0443202406167984
2717,,169,0.0004009763360954821,,0.0546090267598629
2718,,169,0.003930120263248682,,0.16948091983795166
2719,,169,0.0021619689650833607,,0.030137665569782257
,2704,169,,0.037985965609550476,0.1832549273967743
,2705,169,,0.0406997911632061,0.1319841742515564
,2706,169,,0.02426058053970337,0.1318110227584839
,2707,169,,0.024380162358283997,0.13659420609474182
,2708,169,,0.026071134954690933,0.11577747017145157
,2709,169,,0.02465173788368702,0.1486978381872177
,2710,169,,0.029653597623109818,0.1661626100540161
,2711,169,,0.02591755986213684,0.15560227632522583
,2712,169,,0.024844229221343994,0.14932188391685486
,2713,169,,0.028022099286317825,0.15367157757282257
,2714,169,,0.021698199212551117,0.1469975709915161
,2715,169,,0.030536364763975143,0.1435982882976532
,2716,169,,0.022408802062273026,0.10048504173755646
,2717,169,,0.03744451701641083,0.11882050335407257
,2718,169,,0.028126398101449013,0.1726771891117096
,2719,169,,0.024036282673478127,0.13864447176456451
2720,,170,0.0007166737923398614,,0.09223532676696777
2721,,170,0.005601884331554174,,0.04742680862545967
2722,,170,0.0103065874427557,,0.038082197308540344
2723,,170,0.0012232454027980566,,0.1312505006790161
2724,,170,0.0008975783130154014,,0.09252804517745972
2725,,170,0.002091240370646119,,0.08925457298755646
2726,,170,0.00036605348577722907,,0.06963986158370972
2727,,170,0.0013559848302975297,,0.19997982680797577
2728,,170,0.0002592802920844406,,0.022000059485435486
2729,,170,0.002133750356733799,,0.05218257009983063
2730,,170,0.004734465386718512,,0.1088082492351532
2731,,170,0.00025560992071405053,,0.06538110971450806
2732,,170,0.0002003172558033839,,0.03083770163357258
2733,,170,0.0005151620134711266,,0.08185562491416931
2734,,170,0.00034374595270492136,,0.03739337623119354
2735,,170,0.000870961113832891,,0.074951171875
,2720,170,,0.047073040157556534,0.1593366414308548
,2721,170,,0.048287175595760345,0.17658093571662903
,2722,170,,0.05136427283287048,0.13021913170814514
,2723,170,,0.05090507119894028,0.12225839495658875
,2724,170,,0.0454573854804039,0.14498963952064514
,2725,170,,0.04673266038298607,0.14769510924816132
,2726,170,,0.04615071788430214,0.18816018104553223
,2727,170,,0.05568210408091545,0.18085837364196777
,2728,170,,0.0472555086016655,0.17278555035591125
,2729,170,,0.05741707980632782,0.1577397584915161
,2730,170,,0.0518030971288681,0.1361345648765564
,2731,170,,0.05160137265920639,0.17539262771606445
,2732,170,,0.06290342658758163,0.14664381742477417
,2733,170,,0.06458388268947601,0.18130430579185486
,2734,170,,0.06793224811553955,0.17081373929977417
,2735,170,,0.05514606833457947,0.10851053893566132
2736,,171,0.002988500287756324,,0.1274775266647339
2737,,171,0.0032016236800700426,,0.09111801534891129
2738,,171,0.0018584165954962373,,0.040988218039274216
2739,,171,0.006870214827358723,,0.20165392756462097
2740,,171,0.0024882243014872074,,0.08073331415653229
2741,,171,0.004939967766404152,,0.16990318894386292
2742,,171,0.0017855206970125437,,0.14988864958286285
2743,,171,0.0003599225892685354,,0.05257618427276611
2744,,171,0.00043063846533186734,,0.10026954859495163
2745,,171,0.002970169298350811,,0.21394938230514526
2746,,171,0.001182514475658536,,0.03158382326364517
2747,,171,0.0002927259774878621,,0.0853707417845726
2748,,171,0.0004984878469258547,,0.0611746683716774
2749,,171,0.001149229472503066,,0.06903076171875
2750,,171,0.0015092892572283745,,0.07533730566501617
2751,,171,0.0018332736799493432,,0.0539289191365242
,2736,171,,0.023021604865789413,0.14169248938560486
,2737,171,,0.024297401309013367,0.16920441389083862
,2738,171,,0.029066352173686028,0.19970828294754028
,2739,171,,0.027957353740930557,0.17545989155769348
,2740,171,,0.03398257866501808,0.11537513136863708
,2741,171,,0.022220104932785034,0.1577659249305725
,2742,171,,0.029840674251317978,0.17266348004341125
,2743,171,,0.032566919922828674,0.19341042637825012
,2744,171,,0.031563710421323776,0.1448276937007904
,2745,171,,0.025894086807966232,0.13733284175395966
,2746,171,,0.04302239045500755,0.1477486789226532
,2747,171,,0.028842095285654068,0.16394540667533875
,2748,171,,0.03030049242079258,0.16095343232154846
,2749,171,,0.029208820313215256,0.16507145762443542
,2750,171,,0.034957267343997955,0.18569260835647583
,2751,171,,0.028062352910637856,0.10334870219230652
2752,,172,0.00024691203725524247,,0.13129036128520966
2753,,172,0.0014374556485563517,,0.005633918568491936
2754,,172,0.0015747190918773413,,0.14197275042533875
2755,,172,0.0008204517653211951,,0.13449905812740326
2756,,172,0.001237372518517077,,0.0555594302713871
2757,,172,0.002212468534708023,,0.20037342607975006
2758,,172,0.0007378639420494437,,0.11447953432798386
2759,,172,0.00140027841553092,,0.19495002925395966
2760,,172,0.0003676196211017668,,0.13707998394966125
2761,,172,0.0005337341572158039,,0.2263706922531128
2762,,172,0.0003182445652782917,,0.03877227380871773
2763,,172,0.0004542298265732825,,0.18589314818382263
2764,,172,0.001780676655471325,,0.12375935912132263
2765,,172,0.0004119441728107631,,0.10210683196783066
2766,,172,0.00034548109397292137,,0.13948650658130646
2767,,172,0.00041939495713450015,,0.11073396354913712
,2752,172,,0.025710180401802063,0.0999494269490242
,2753,172,,0.029576824977993965,0.14395827054977417
,2754,172,,0.03131818771362305,0.1806727647781372
,2755,172,,0.03340226784348488,0.1094447523355484
,2756,172,,0.03696363419294357,0.17745037376880646
,2757,172,,0.030999479815363884,0.14900177717208862
,2758,172,,0.03214171528816223,0.1477212756872177
,2759,172,,0.0501897856593132,0.1801483929157257
,2760,172,,0.03207702189683914,0.13975805044174194
,2761,172,,0.02717272937297821,0.15368403494358063
,2762,172,,0.028058011084794998,0.20685437321662903
,2763,172,,0.0391865000128746,0.19093912839889526
,2764,172,,0.019896194338798523,0.0801566019654274
,2765,172,,0.039081934839487076,0.12661556899547577
,2766,172,,0.02964238077402115,0.09909866750240326
,2767,172,,0.02398783713579178,0.13178984820842743
2768,,173,0.0001353652769466862,,0.014829051680862904
2769,,173,0.0006090329261496663,,0.21892687678337097
2770,,173,0.000875019992236048,,0.13201779127120972
2771,,173,0.0006612181314267218,,0.15215067565441132
2772,,173,0.0007999854278750718,,0.01717080920934677
2773,,173,0.0012067895149812102,,0.0689871609210968
2774,,173,0.0009624984813854098,,0.15540920197963715
2775,,173,0.00022803322644904256,,0.08384735137224197
2776,,173,0.0011600857833400369,,0.0842721164226532
2777,,173,0.0005168290808796883,,0.0546003058552742
2778,,173,0.0004955226904712617,,0.044673994183540344
2779,,173,0.00014020568050909787,,0.05321643128991127
2780,,173,0.000457426649518311,,0.055537011474370956
2781,,173,0.0008160644210875034,,0.07537467777729034
2782,,173,0.0003934699925594032,,0.08878124505281448
2783,,173,0.000613914686255157,,0.038154445588588715
,2768,173,,0.036698464304208755,0.12151725590229034
,2769,173,,0.04833950102329254,0.14996835589408875
,2770,173,,0.028675878420472145,0.14544802904129028
,2771,173,,0.027241457253694534,0.15050272643566132
,2772,173,,0.03574207425117493,0.1450282484292984
,2773,173,,0.027256928384304047,0.15939268469810486
,2774,173,,0.020972812548279762,0.14436931908130646
,2775,173,,0.02759195864200592,0.08223428577184677
,2776,173,,0.026956740766763687,0.13256213068962097
,2777,173,,0.04121892899274826,0.15311354398727417
,2778,173,,0.036547716706991196,0.17975351214408875
,2779,173,,0.02934414893388748,0.1647787243127823
,2780,173,,0.03886876627802849,0.12995630502700806
,2781,173,,0.03142375499010086,0.18105769157409668
,2782,173,,0.0396171472966671,0.17701813578605652
,2783,173,,0.026759129017591476,0.14156419038772583
2784,,174,0.001202768529765308,,0.16609659790992737
2785,,174,0.00047030640416778624,,0.06399723142385483
2786,,174,0.0007300591096282005,,0.16033437848091125
2787,,174,0.00025762213044799864,,0.027058502659201622
2788,,174,0.0008485998259857297,,0.050097402185201645
2789,,174,0.0013197738444432616,,0.0838099867105484
2790,,174,0.0014489301247522235,,0.11794982105493546
2791,,174,0.0010195497889071703,,0.13796687126159668
2792,,174,0.0010293726809322834,,0.15874993801116943
2793,,174,0.00030320434598252177,,0.03741704300045967
2794,,174,0.0007629074389114976,,0.13036486506462097
2795,,174,0.0002582534507382661,,0.14912882447242737
2796,,174,0.0009233205346390605,,0.11093699932098389
2797,,174,0.00017103401478379965,,0.015514140017330647
2798,,174,0.000636499491520226,,0.1053292378783226
2799,,174,0.0010313339298591018,,0.11118239164352417
,2784,174,,0.0327315591275692,0.19002361595630646
,2785,174,,0.0306986216455698,0.20487384498119354
,2786,174,,0.02322993054986,0.13604736328125
,2787,174,,0.030703749507665634,0.10990563035011292
,2788,174,,0.027701757848262787,0.1649070382118225
,2789,174,,0.02086450904607773,0.12760084867477417
,2790,174,,0.020695943385362625,0.12609365582466125
,2791,174,,0.02075524628162384,0.1730869859457016
,2792,174,,0.03245328366756439,0.17260493338108063
,2793,174,,0.027737397700548172,0.19227319955825806
,2794,174,,0.027248047292232513,0.14957599341869354
,2795,174,,0.02471311204135418,0.1676996946334839
,2796,174,,0.02508082427084446,0.16490328311920166
,2797,174,,0.017362000420689583,0.16057229042053223
,2798,174,,0.026603225618600845,0.13358354568481445
,2799,174,,0.026904355734586716,0.15927311778068542
2800,,175,0.00010065409151138738,,0.1246861070394516
2801,,175,0.0006198914488777518,,0.035547371953725815
2802,,175,0.0003564906946849078,,0.04389050602912903
2803,,175,0.0010986021952703595,,0.0526559054851532
2804,,175,0.0011989935301244259,,0.06626550108194351
2805,,175,0.00014466186985373497,,0.06576600670814514
2806,,175,6.358129030559212e-05,,0.0637643039226532
2807,,175,9.749534365255386e-05,,0.022944236174225807
2808,,175,0.00011686396464938298,,0.08369912952184677
2809,,175,0.0017430339939892292,,0.14639344811439514
2810,,175,0.000730642001144588,,0.19153454899787903
2811,,175,0.00017600446881260723,,0.037938956171274185
2812,,175,0.00017338489124085754,,0.040665607899427414
2813,,175,0.00028199300868436694,,0.059571556746959686
2814,,175,0.0031749061308801174,,0.19631770253181458
2815,,175,0.00023366183449979872,,0.02851836383342743
,2800,175,,0.04095270112156868,0.18540363013744354
,2801,175,,0.03419118747115135,0.20429712533950806
,2802,175,,0.02625717595219612,0.1295166015625
,2803,175,,0.04154485464096069,0.1479143500328064
,2804,175,,0.051499851047992706,0.12385527789592743
,2805,175,,0.02772417850792408,0.13597512245178223
,2806,175,,0.03915231674909592,0.10447847843170166
,2807,175,,0.04579812288284302,0.14180585741996765
,2808,175,,0.03189583495259285,0.14510920643806458
,2809,175,,0.0261964313685894,0.1300397664308548
,2810,175,,0.03570351377129555,0.10249173641204834
,2811,175,,0.03443371132016182,0.16812819242477417
,2812,175,,0.043226081877946854,0.16937130689620972
,2813,175,,0.036237701773643494,0.17431640625
,2814,175,,0.027409682050347328,0.1671491265296936
,2815,175,,0.04900938272476196,0.15994574129581451
2816,,176,0.001687104580923915,,0.0605294369161129
2817,,176,0.00027342146495357156,,0.0385219007730484
2818,,176,0.0008697017910890281,,0.19938939809799194
2819,,176,0.0004928397829644382,,0.11732825636863708
2820,,176,0.0008986338507384062,,0.10302734375
2821,,176,0.0007006677915342152,,0.18744146823883057
2822,,176,0.00020705045608337969,,0.057644590735435486
2823,,176,0.0005477281520143151,,0.1499733328819275
2824,,176,0.0007154899067245424,,0.08373400568962097
2825,,176,0.0008577191620133817,,0.10668447613716125
2826,,176,0.0011453310726210475,,0.10839096456766129
2827,,176,0.0004437033785507083,,0.22194500267505646
2828,,176,0.00018585094949230552,,0.023560814559459686
2829,,176,0.0005512365605682135,,0.09662986546754837
2830,,176,0.00016648485325276852,,0.0522199347615242
2831,,176,0.0003600364434532821,,0.13699029386043549
,2816,176,,0.03341754525899887,0.14948132634162903
,2817,176,,0.02722802758216858,0.19482296705245972
,2818,176,,0.02008030377328396,0.09317701309919357
,2819,176,,0.026738647371530533,0.13063141703605652
,2820,176,,0.03078695386648178,0.15031838417053223
,2821,176,,0.02875097095966339,0.16967523097991943
,2822,176,,0.030969232320785522,0.22965535521507263
,2823,176,,0.035497892647981644,0.1910749226808548
,2824,176,,0.03419657051563263,0.17094701528549194
,2825,176,,0.030681945383548737,0.16749043762683868
,2826,176,,0.025653988122940063,0.19173510372638702
,2827,176,,0.024670951068401337,0.10575399547815323
,2828,176,,0.026933249086141586,0.18636025488376617
,2829,176,,0.03220658749341965,0.13157808780670166
,2830,176,,0.034993596374988556,0.15432925522327423
,2831,176,,0.02857106551527977,0.12961500883102417
2832,,177,0.0002396241034148261,,0.027077186852693558
2833,,177,0.00023378522018902004,,0.07828319072723389
2834,,177,0.0005512733478099108,,0.12912049889564514
2835,,177,0.007821009494364262,,0.13133271038532257
2836,,177,0.00027948382194153965,,0.04676787555217743
2837,,177,0.00011121320858364925,,0.1109793558716774
2838,,177,0.0002853967307601124,,0.005344935692846775
2839,,177,0.0019840144086629152,,0.24716372787952423
2840,,177,0.0038135782815515995,,0.043638892471790314
2841,,177,0.002007437404245138,,0.07777996361255646
2842,,177,0.0031610734295099974,,0.08633734285831451
2843,,177,0.00017226117779500782,,0.11597800254821777
2844,,177,0.00039475952507928014,,0.10483722388744354
2845,,177,0.0001069427453330718,,0.0972464457154274
2846,,177,0.001576657872647047,,0.13512685894966125
2847,,177,0.008601776324212551,,0.043063417077064514
,2832,177,,0.044425614178180695,0.19321861863136292
,2833,177,,0.03769790008664131,0.1039341539144516
,2834,177,,0.034828752279281616,0.14063620567321777
,2835,177,,0.041216976940631866,0.14910390973091125
,2836,177,,0.04425927251577377,0.1071602925658226
,2837,177,,0.03807196766138077,0.13899573683738708
,2838,177,,0.029219916090369225,0.10888298600912094
,2839,177,,0.030232151970267296,0.12451046705245972
,2840,177,,0.03370272368192673,0.08296919614076614
,2841,177,,0.02124524489045143,0.12917405366897583
,2842,177,,0.03725549578666687,0.14422607421875
,2843,177,,0.0329662561416626,0.12588438391685486
,2844,177,,0.035599689930677414,0.12640132009983063
,2845,177,,0.030016906559467316,0.1755807101726532
,2846,177,,0.032874420285224915,0.1621018946170807
,2847,177,,0.04964885115623474,0.20936304330825806
2848,,178,0.0009318272350355983,,0.048850543797016144
2849,,178,8.963691652752459e-05,,0.01779859885573387
2850,,178,0.0004932580050081015,,0.12980183959007263
2851,,178,0.0002924980944953859,,0.12940573692321777
2852,,178,0.00027240769122727215,,0.10733342915773392
2853,,178,0.0034648519940674305,,0.19337308406829834
2854,,178,0.0003417108382564038,,0.06363973766565323
2855,,178,0.0004596420330926776,,0.11562301218509674
2856,,178,0.0007102192612364888,,0.08378258347511292
2857,,178,0.0011964478762820363,,0.1337529420852661
2858,,178,0.002709539607167244,,0.012205785140395164
2859,,178,0.0010779098374769092,,0.09278091788291931
2860,,178,0.0010206034639850259,,0.23567667603492737
2861,,178,0.00012057939602527767,,0.023163463920354843
2862,,178,0.0015577817102894187,,0.046594735234975815
2863,,178,0.0005054336506873369,,0.10836481302976608
,2848,178,,0.03635874763131142,0.14661765098571777
,2849,178,,0.040831271559000015,0.16529689729213715
,2850,178,,0.04541371017694473,0.16341851651668549
,2851,178,,0.0511445552110672,0.17059700191020966
,2852,178,,0.0555218867957592,0.17045748233795166
,2853,178,,0.06123165041208267,0.0971156507730484
,2854,178,,0.04826286807656288,0.11550094187259674
,2855,178,,0.04920029267668724,0.12239915132522583
,2856,178,,0.05614941939711571,0.10550736635923386
,2857,178,,0.07070228457450867,0.14212347567081451
,2858,178,,0.05893169716000557,0.09698610752820969
,2859,178,,0.07348456978797913,0.10323037952184677
,2860,178,,0.055667612701654434,0.13961480557918549
,2861,178,,0.035959966480731964,0.15160883963108063
,2862,178,,0.048329878598451614,0.12105513364076614
,2863,178,,0.03275042027235031,0.15262775123119354
2864,,179,0.0008186389459297061,,0.0713326632976532
2865,,179,0.0005345492390915751,,0.0709141343832016
2866,,179,0.0010310251964256167,,0.20344263315200806
2867,,179,0.0007715517422184348,,0.15021124482154846
2868,,179,0.0036635284777730703,,0.14163893461227417
2869,,179,0.0006058757426217198,,0.08791054785251617
2870,,179,0.0006695634801872075,,0.18455910682678223
2871,,179,0.0008000138914212584,,0.10156872123479843
2872,,179,0.0004680049023590982,,0.10147406160831451
2873,,179,0.0005506400484591722,,0.011338837444782257
2874,,179,0.0016105748945847154,,0.11505001783370972
2875,,179,0.0002905339060816914,,0.027871891856193542
2876,,179,0.0002950480848085135,,0.010643783956766129
2877,,179,0.0007267416804097593,,0.038697533309459686
2878,,179,0.0005402780952863395,,0.1079624742269516
2879,,179,0.0002369790308875963,,0.02248958684504032
,2864,179,,0.03640611469745636,0.14203378558158875
,2865,179,,0.03749707341194153,0.16272221505641937
,2866,179,,0.05096296966075897,0.13026148080825806
,2867,179,,0.04383119195699692,0.1268833726644516
,2868,179,,0.05109940096735954,0.21489107608795166
,2869,179,,0.03281288966536522,0.1498674601316452
,2870,179,,0.031232701614499092,0.14739367365837097
,2871,179,,0.03663123399019241,0.14293062686920166
,2872,179,,0.0426001138985157,0.18298465013504028
,2873,179,,0.033025264739990234,0.1519438922405243
,2874,179,,0.030656756833195686,0.13061025738716125
,2875,179,,0.042619869112968445,0.15590372681617737
,2876,179,,0.038477085530757904,0.1536080539226532
,2877,179,,0.03965938463807106,0.11926892399787903
,2878,179,,0.0329262912273407,0.12767308950424194
,2879,179,,0.03628987818956375,0.2062465101480484
2880,,180,0.0006910538068041205,,0.15458211302757263
2881,,180,0.0008243659976869822,,0.12780389189720154
2882,,180,0.000995352165773511,,0.19953638315200806
2883,,180,0.0004988727159798145,,0.0903494730591774
2884,,180,0.0003363262803759426,,0.09841981530189514
2885,,180,0.000746571458876133,,0.2129940241575241
2886,,180,0.0016676527447998524,,0.1145281121134758
2887,,180,0.0008161313598975539,,0.12478450685739517
2888,,180,0.00020247240900062025,,0.1516636461019516
2889,,180,0.0009334817295894027,,0.07674983143806458
2890,,180,0.00010529418068472296,,0.11536765843629837
2891,,180,0.0009903081227093935,,0.14915871620178223
2892,,180,0.0003947324585169554,,0.0381731316447258
2893,,180,0.0008221640600822866,,0.1574009507894516
2894,,180,5.7726865634322166e-05,,0.05998510494828224
2895,,180,0.0001848351676017046,,0.0501621812582016
,2880,180,,0.04893800616264343,0.14698012173175812
,2881,180,,0.05887619033455849,0.1721876561641693
,2882,180,,0.031322866678237915,0.1036725714802742
,2883,180,,0.03450032323598862,0.11520199477672577
,2884,180,,0.06135912239551544,0.1695481836795807
,2885,180,,0.05590895935893059,0.19556286931037903
,2886,180,,0.04711201414465904,0.14934305846691132
,2887,180,,0.041717082262039185,0.11449074000120163
,2888,180,,0.04935832694172859,0.15804243087768555
,2889,180,,0.039778899401426315,0.12585698068141937
,2890,180,,0.05178358405828476,0.13180853426456451
,2891,180,,0.06902393698692322,0.15168482065200806
,2892,180,,0.051961228251457214,0.12545588612556458
,2893,180,,0.06846199184656143,0.17539635300636292
,2894,180,,0.03958158940076828,0.15570068359375
,2895,180,,0.03771506994962692,0.12811154127120972
2896,,181,0.0006575143779627979,,0.12070013582706451
2897,,181,0.0009695058688521385,,0.22512507438659668
2898,,181,0.0006349089089781046,,0.1627546101808548
2899,,181,0.0004188957973383367,,0.03807472810149193
2900,,181,0.00014830814325250685,,0.041738077998161316
2901,,181,0.0004488576087169349,,0.08929692208766937
2902,,181,0.0001901697542052716,,0.09339624643325806
2903,,181,0.0003855138784274459,,0.09319943934679031
2904,,181,0.0009023837628774345,,0.12158825993537903
2905,,181,0.0002349135756958276,,0.10159862041473389
2906,,181,0.000661427853628993,,0.06940071284770966
2907,,181,0.0002378343342570588,,0.053413234651088715
2908,,181,0.00034851563395932317,,0.06656569242477417
2909,,181,0.0012595184380188584,,0.1505114585161209
2910,,181,9.713659528642893e-05,,0.03549381345510483
2911,,181,0.0011082927230745554,,0.11217887699604034
,2896,181,,0.033577341586351395,0.17185133695602417
,2897,181,,0.025146126747131348,0.14478036761283875
,2898,181,,0.0287152249366045,0.15631601214408875
,2899,181,,0.034167468547821045,0.1449946165084839
,2900,181,,0.036631498485803604,0.16659608483314514
,2901,181,,0.028206823393702507,0.1274513602256775
,2902,181,,0.033601317554712296,0.15880227088928223
,2903,181,,0.028064310550689697,0.11095443367958069
,2904,181,,0.02321043610572815,0.20119553804397583
,2905,181,,0.04514165595173836,0.1344517320394516
,2906,181,,0.026880647987127304,0.13339170813560486
,2907,181,,0.036948345601558685,0.14493481814861298
,2908,181,,0.040999636054039,0.13392981886863708
,2909,181,,0.03457091003656387,0.123160220682621
,2910,181,,0.027501534670591354,0.1606632024049759
,2911,181,,0.03309590741991997,0.11805320531129837
2912,,182,0.0009557380108162761,,0.15087392926216125
2913,,182,0.0004324750043451786,,0.04210055619478226
2914,,182,0.0005352000589482486,,0.06466114521026611
2915,,182,0.00021319098595995456,,0.08654660731554031
2916,,182,0.0005357926711440086,,0.08688417077064514
2917,,182,0.0011362702352926135,,0.18396618962287903
2918,,182,0.0012298146029934287,,0.1394391655921936
2919,,182,0.0011337633477523923,,0.09428436309099197
2920,,182,0.0001656130189076066,,0.09952093660831451
2921,,182,0.0004814742715097964,,0.1257573366165161
2922,,182,0.00044336961582303047,,0.08036212623119354
2923,,182,0.00021703573293052614,,0.08948376774787903
2924,,182,0.0011119291884824634,,0.036892637610435486
2925,,182,0.004368111025542021,,0.059449486434459686
2926,,182,0.0005751050775870681,,0.09129738807678223
2927,,182,0.0007442685309797525,,0.12763822078704834
,2912,182,,0.03920358419418335,0.17916184663772583
,2913,182,,0.05398944765329361,0.1957235485315323
,2914,182,,0.02528875134885311,0.11981575191020966
,2915,182,,0.035800933837890625,0.1193150132894516
,2916,182,,0.046419523656368256,0.14240998029708862
,2917,182,,0.04006976634263992,0.15578289330005646
,2918,182,,0.036045610904693604,0.13467469811439514
,2919,182,,0.03999854251742363,0.17621846497058868
,2920,182,,0.03206336870789528,0.14161401987075806
,2921,182,,0.0520961657166481,0.17154988646507263
,2922,182,,0.04708148539066315,0.15529337525367737
,2923,182,,0.0475175678730011,0.17736567556858063
,2924,182,,0.03558558225631714,0.12249007821083069
,2925,182,,0.03671485185623169,0.11100426316261292
,2926,182,,0.04646751284599304,0.17458918690681458
,2927,182,,0.046442680060863495,0.10929402709007263
2928,,183,0.0010641049593687057,,0.16705819964408875
2929,,183,0.002095690229907632,,0.05201689898967743
2930,,183,0.007618274539709091,,0.22431665658950806
2931,,183,0.0019135148031637073,,0.1354270577430725
2932,,183,0.0007035888847894967,,0.029309332370758057
2933,,183,0.0004608848539646715,,0.08763526380062103
2934,,183,0.0006479170406237245,,0.03527458757162094
2935,,183,0.0004447100218385458,,0.12501618266105652
2936,,183,0.0003084541531279683,,0.1616460084915161
2937,,183,0.0005819695070385933,,0.10786904394626617
2938,,183,0.0006610051495954394,,0.09542909264564514
2939,,183,0.000658208504319191,,0.05890266224741936
2940,,183,0.0002366752887610346,,0.017093580216169357
2941,,183,0.006414429750293493,,0.04650380462408066
2942,,183,0.002929318929091096,,0.14624395966529846
2943,,183,0.0008734146831557155,,0.22301997244358063
,2928,183,,0.02633819729089737,0.14601975679397583
,2929,183,,0.03114643320441246,0.15408013761043549
,2930,183,,0.031494058668613434,0.19718465209007263
,2931,183,,0.029875649139285088,0.14498715102672577
,2932,183,,0.04065953195095062,0.17153619229793549
,2933,183,,0.04911693185567856,0.1777692437171936
,2934,183,,0.04025642201304436,0.19095036387443542
,2935,183,,0.04257306456565857,0.19830571115016937
,2936,183,,0.02790207602083683,0.1188528835773468
,2937,183,,0.035739652812480927,0.19056794047355652
,2938,183,,0.02942497655749321,0.12406828254461288
,2939,183,,0.028343746438622475,0.16173942387104034
,2940,183,,0.0316130593419075,0.1296137571334839
,2941,183,,0.04193471372127533,0.2006661593914032
,2942,183,,0.02906292863190174,0.18549580872058868
,2943,183,,0.0281984806060791,0.1588657945394516
2944,,184,0.0002212149411207065,,0.04603420943021774
2945,,184,0.0015653443988412619,,0.050544582307338715
2946,,184,0.0005894018104299903,,0.13916514813899994
2947,,184,0.0009400474955327809,,0.06456024944782257
2948,,184,0.0003020603326149285,,0.07629145681858063
2949,,184,0.0007071656873449683,,0.044234298169612885
2950,,184,0.0002797994529828429,,0.03234489634633064
2951,,184,0.00024139118613675237,,0.0534929521381855
2952,,184,0.0005903394194319844,,0.0784563273191452
2953,,184,0.0005005078855901957,,0.05272191762924194
2954,,184,0.0006222316296771169,,0.024242166429758072
2955,,184,0.0013374851550906897,,0.12398232519626617
2956,,184,0.0010536154732108116,,0.06523288041353226
2957,,184,0.005417438689619303,,0.022611655294895172
2958,,184,0.00035785001819022,,0.04198595881462097
2959,,184,0.0011706057703122497,,0.1167166605591774
,2944,184,,0.020806988701224327,0.10180912911891937
,2945,184,,0.05166274309158325,0.18283018469810486
,2946,184,,0.039523009210824966,0.11543242633342743
,2947,184,,0.0358879528939724,0.1869606375694275
,2948,184,,0.03711133450269699,0.16829633712768555
,2949,184,,0.02779417857527733,0.11354781687259674
,2950,184,,0.04915217310190201,0.13197295367717743
,2951,184,,0.02588951215147972,0.12774160504341125
,2952,184,,0.022389627993106842,0.12574239075183868
,2953,184,,0.024804048240184784,0.14814727008342743
,2954,184,,0.03297153860330582,0.17700693011283875
,2955,184,,0.037438422441482544,0.18680992722511292
,2956,184,,0.038857173174619675,0.11355777829885483
,2957,184,,0.028655674308538437,0.1485683023929596
,2958,184,,0.0329776406288147,0.11692218482494354
,2959,184,,0.02727428823709488,0.176513671875
2960,,185,0.00290596392005682,,0.08747084438800812
2961,,185,0.012805664911866188,,0.20853720605373383
2962,,185,0.0011930009350180626,,0.0986240953207016
2963,,185,0.0002627042413223535,,0.05041254684329033
2964,,185,0.0018857296090573072,,0.13296696543693542
2965,,185,0.000947696971707046,,0.10716776549816132
2966,,185,0.0008753190049901605,,0.08782460540533066
2967,,185,0.028749333694577217,,0.2543185353279114
2968,,185,0.001008403254672885,,0.06676747649908066
2969,,185,0.0005343466182239354,,0.14660021662712097
2970,,185,0.0005959398113191128,,0.08104098588228226
2971,,185,0.0012981368927285075,,0.2445080578327179
2972,,185,0.0172302033752203,,0.008598484098911285
2973,,185,0.002759035211056471,,0.14983133971691132
2974,,185,0.005414934828877449,,0.019968461245298386
2975,,185,0.007825280539691448,,0.05101293325424194
,2960,185,,0.1776731312274933,0.1395612359046936
,2961,185,,0.17330050468444824,0.16079026460647583
,2962,185,,0.12722671031951904,0.179600328207016
,2963,185,,0.1642150580883026,0.13912029564380646
,2964,185,,0.14196820557117462,0.1400931179523468
,2965,185,,0.1187686175107956,0.1695294976234436
,2966,185,,0.10873706638813019,0.16870366036891937
,2967,185,,0.14763745665550232,0.16555848717689514
,2968,185,,0.10560356080532074,0.16310212016105652
,2969,185,,0.07527463138103485,0.15568450093269348
,2970,185,,0.2448708713054657,0.1353398561477661
,2971,185,,0.07426314800977707,0.11579864472150803
,2972,185,,0.13989175856113434,0.1653616726398468
,2973,185,,0.12581661343574524,0.1626076102256775
,2974,185,,0.12438349425792694,0.17388169467449188
,2975,185,,0.09056428074836731,0.1412789523601532
2976,,186,0.0024778363294899464,,0.16145792603492737
2977,,186,0.002838307758793235,,0.07389114797115326
2978,,186,0.0008904633577913046,,0.07880385965108871
2979,,186,0.003289629239588976,,0.12869948148727417
2980,,186,0.00020312104607000947,,0.0996355339884758
2981,,186,0.004231862723827362,,0.05824746936559677
2982,,186,0.003410319099202752,,0.032846879214048386
2983,,186,0.005225611384958029,,0.12142881751060486
2984,,186,0.0003561460180208087,,0.0282418392598629
2985,,186,0.0018778836820274591,,0.05248649790883064
2986,,186,0.0014664579648524523,,0.06101522594690323
2987,,186,0.003932134248316288,,0.048948951065540314
2988,,186,0.01582210324704647,,0.16616635024547577
2989,,186,0.004389065783470869,,0.09950722754001617
2990,,186,0.00185119709931314,,0.02038324996829033
2991,,186,0.0002671085821930319,,0.08110077679157257
,2976,186,,0.06912390887737274,0.19068503379821777
,2977,186,,0.09842123091220856,0.20265913009643555
,2978,186,,0.056148871779441833,0.10597074031829834
,2979,186,,0.09269832074642181,0.12282514572143555
,2980,186,,0.08189605176448822,0.1258283406496048
,2981,186,,0.06767994165420532,0.11621218919754028
,2982,186,,0.04722823202610016,0.11315295100212097
,2983,186,,0.0694819763302803,0.1659035086631775
,2984,186,,0.07850009202957153,0.19972199201583862
,2985,186,,0.043216772377491,0.1031058207154274
,2986,186,,0.07278173416852951,0.15169104933738708
,2987,186,,0.05349917337298393,0.16319555044174194
,2988,186,,0.06181376799941063,0.15201988816261292
,2989,186,,0.04628290981054306,0.13940678536891937
,2990,186,,0.09445387125015259,0.13739138841629028
,2991,186,,0.09049177169799805,0.11899987608194351
2992,,187,0.0034721074625849724,,0.11230717599391937
2993,,187,0.00308618089184165,,0.11568030714988708
2994,,187,0.0030623660422861576,,0.04106171429157257
2995,,187,0.0044275010004639626,,0.06094546988606453
2996,,187,0.0029626167379319668,,0.024578485637903214
2997,,187,0.0021772170439362526,,0.04253029078245163
2998,,187,0.003414632985368371,,0.05300218239426613
2999,,187,0.0020265448838472366,,0.07633629441261292
3000,,187,0.0028718882240355015,,0.10592463612556458
3001,,187,0.0050200242549180984,,0.08562859147787094
3002,,187,0.003389722900465131,,0.061283037066459656
3003,,187,0.010629460215568542,,0.26690673828125
3004,,187,0.001977902837097645,,0.19572977721691132
3005,,187,0.0021945699118077755,,0.20230413973331451
3006,,187,0.002023582812398672,,0.26711225509643555
3007,,187,0.0010263833682984114,,0.15215441584587097
,2992,187,,0.04507545381784439,0.16899389028549194
,2993,187,,0.06685881316661835,0.14713458716869354
,2994,187,,0.03120090812444687,0.10854542255401611
,2995,187,,0.03368062525987625,0.1306675523519516
,2996,187,,0.05429452285170555,0.14401556551456451
,2997,187,,0.05064041167497635,0.13812504708766937
,2998,187,,0.057338736951351166,0.11521568894386292
,2999,187,,0.037554532289505005,0.15541045367717743
,3000,187,,0.06019310653209686,0.18440215289592743
,3001,187,,0.06477546691894531,0.12559166550636292
,3002,187,,0.04317527264356613,0.1438673436641693
,3003,187,,0.045085273683071136,0.15223288536071777
,3004,187,,0.0353827178478241,0.14782963693141937
,3005,187,,0.041382089257240295,0.10244813561439514
,3006,187,,0.04342515766620636,0.10902249068021774
,3007,187,,0.05373978614807129,0.13630768656730652
3008,,188,0.0003714305639732629,,0.16696353256702423
3009,,188,0.00028835388366132975,,0.14376643300056458
3010,,188,0.002470005303621292,,0.044039979577064514
3011,,188,0.0008870300953276455,,0.04705810546875
3012,,188,0.001610670704394579,,0.052488986402750015
3013,,188,0.003932003863155842,,0.0555332750082016
3014,,188,0.0002547306357882917,,0.09155148267745972
3015,,188,0.0011319650802761316,,0.1455152928829193
3016,,188,0.0028073126450181007,,0.2005179226398468
3017,,188,0.001275855815038085,,0.10199347883462906
3018,,188,0.0008963235304690897,,0.1356101632118225
3019,,188,0.0011949001345783472,,0.04696468263864517
3020,,188,0.000868388160597533,,0.06277652829885483
3021,,188,0.0017958045937120914,,0.06384775787591934
3022,,188,0.0017684802878648043,,0.14512914419174194
3023,,188,0.0017275112913921475,,0.1673833131790161
,3008,188,,0.060136690735816956,0.1595197468996048
,3009,188,,0.02903043106198311,0.12427505105733871
,3010,188,,0.08504755795001984,0.2535911202430725
,3011,188,,0.04863385856151581,0.11817403137683868
,3012,188,,0.04949264973402023,0.13101881742477417
,3013,188,,0.03714071959257126,0.14279860258102417
,3014,188,,0.03239138051867485,0.10531802475452423
,3015,188,,0.053910717368125916,0.13449159264564514
,3016,188,,0.04793446138501167,0.10896768420934677
,3017,188,,0.03347606956958771,0.14291444420814514
,3018,188,,0.059857986867427826,0.1358816921710968
,3019,188,,0.024332789704203606,0.11774927377700806
,3020,188,,0.03946947306394577,0.1316428780555725
,3021,188,,0.03810533508658409,0.11708660423755646
,3022,188,,0.044414911419153214,0.13998350501060486
,3023,188,,0.03921858221292496,0.13216353952884674
3024,,189,0.0003719828964676708,,0.18137530982494354
3025,,189,0.0012476688716560602,,0.09279461205005646
3026,,189,0.0015170881524682045,,0.08731639385223389
3027,,189,0.0013886073138564825,,0.12302321195602417
3028,,189,0.0010475886519998312,,0.038932956755161285
3029,,189,0.0013087468687444925,,0.06484922766685486
3030,,189,0.0026849873829632998,,0.03775584697723389
3031,,189,0.0013693415094166994,,0.057676978409290314
3032,,189,0.0007123966352082789,,0.12876175343990326
3033,,189,0.002636966295540333,,0.04337482154369354
3034,,189,0.001575567526742816,,0.059623874723911285
3035,,189,0.0016260528936982155,,0.08313611149787903
3036,,189,0.00054601562442258,,0.1421957165002823
3037,,189,0.000461113901110366,,0.11925272643566132
3038,,189,0.00041171227348968387,,0.08527358621358871
3039,,189,0.001141992281191051,,0.08716567605733871
,3024,189,,0.06748570501804352,0.21012410521507263
,3025,189,,0.050236545503139496,0.12254862487316132
,3026,189,,0.06439560651779175,0.17718131840229034
,3027,189,,0.05689306557178497,0.13293829560279846
,3028,189,,0.04919458553195,0.14533592760562897
,3029,189,,0.05272369831800461,0.12840551137924194
,3030,189,,0.055222734808921814,0.1017194464802742
,3031,189,,0.060441210865974426,0.19214114546775818
,3032,189,,0.048987917602062225,0.10561448335647583
,3033,189,,0.05629107728600502,0.20703125
,3034,189,,0.05033952742815018,0.14275002479553223
,3035,189,,0.05713286250829697,0.16243323683738708
,3036,189,,0.06590458750724792,0.1571044921875
,3037,189,,0.03621823340654373,0.14485260844230652
,3038,189,,0.06103543937206268,0.13940304517745972
,3039,189,,0.06894590705633163,0.13529253005981445
3040,,190,0.0008955898229032755,,0.1637921929359436
3041,,190,0.0014178191777318716,,0.06980304419994354
3042,,190,0.0005381546216085553,,0.04958546161651611
3043,,190,0.0014488098677247763,,0.05532151460647583
3044,,190,0.0004088460700586438,,0.0671125128865242
3045,,190,0.0007329504005610943,,0.10813064128160477
3046,,190,0.000770002428907901,,0.09157764166593552
3047,,190,0.0004526587144937366,,0.14186564087867737
3048,,190,0.0008379089995287359,,0.01688680797815323
3049,,190,0.0009895290713757277,,0.1528668999671936
3050,,190,0.0003792091738432646,,0.03479502350091934
3051,,190,0.0007108214776962996,,0.07068119943141937
3052,,190,0.0009076250717043877,,0.09327168762683868
3053,,190,0.000701863958965987,,0.09899528324604034
3054,,190,0.002043858403339982,,0.2732979953289032
3055,,190,0.0018949329387396574,,0.12955769896507263
,3040,190,,0.03998015820980072,0.13432717323303223
,3041,190,,0.0439898855984211,0.16784045100212097
,3042,190,,0.05665222182869911,0.15910744667053223
,3043,190,,0.050265178084373474,0.1893223226070404
,3044,190,,0.050671808421611786,0.13392484188079834
,3045,190,,0.04268800467252731,0.11028803884983063
,3046,190,,0.04423721879720688,0.15516631305217743
,3047,190,,0.0375836007297039,0.14474299550056458
,3048,190,,0.03509001433849335,0.14967939257621765
,3049,190,,0.048136524856090546,0.1509573757648468
,3050,190,,0.05141294747591019,0.15608558058738708
,3051,190,,0.05545961856842041,0.17922163009643555
,3052,190,,0.05912722274661064,0.1828688085079193
,3053,190,,0.05933229252696037,0.119873046875
,3054,190,,0.03925304859876633,0.16724878549575806
,3055,190,,0.059157513082027435,0.22699472308158875
3056,,191,0.0007873409194871783,,0.1262742578983307
3057,,191,0.006160259246826172,,0.20911765098571777
3058,,191,0.00023676466662436724,,0.1162196546792984
3059,,191,0.001074810978025198,,0.19636255502700806
3060,,191,0.003881300101056695,,0.10448721051216125
3061,,191,0.000557158375158906,,0.04100316762924194
3062,,191,0.00960925966501236,,0.05946194380521774
3063,,191,0.0006311858305707574,,0.011302714236080647
3064,,191,0.0036802273243665695,,0.11199203878641129
3065,,191,0.002677067881450057,,0.16018864512443542
3066,,191,0.00019508770492393523,,0.17985939979553223
3067,,191,0.0016226647421717644,,0.10033556818962097
3068,,191,0.0125940702855587,,0.0374407097697258
3069,,191,0.0010116060730069876,,0.07730288803577423
3070,,191,0.0013883060310035944,,0.06162184104323387
3071,,191,0.005468820221722126,,0.14588399231433868
,3056,191,,0.04246952384710312,0.16770842671394348
,3057,191,,0.04881840944290161,0.1480638086795807
,3058,191,,0.053417183458805084,0.17180773615837097
,3059,191,,0.03788313269615173,0.15355199575424194
,3060,191,,0.06343749165534973,0.17534403502941132
,3061,191,,0.03656839579343796,0.16092976927757263
,3062,191,,0.04094245284795761,0.13988137245178223
,3063,191,,0.0410253144800663,0.15193767845630646
,3064,191,,0.03270750492811203,0.12097665667533875
,3065,191,,0.06874272227287292,0.18007737398147583
,3066,191,,0.033085212111473083,0.11033661663532257
,3067,191,,0.05375513434410095,0.1783086061477661
,3068,191,,0.03273977339267731,0.14729028940200806
,3069,191,,0.04884994775056839,0.14029242098331451
,3070,191,,0.04382368549704552,0.16511878371238708
,3071,191,,0.05682273954153061,0.18374821543693542
3072,,192,0.00042461222619749606,,0.04833984375
3073,,192,0.0014419405488297343,,0.1562674343585968
3074,,192,0.000826284580398351,,0.019530005753040314
3075,,192,0.002060449682176113,,0.10488829016685486
3076,,192,0.0005585452890954912,,0.13288350403308868
3077,,192,0.0013791810488328338,,0.14063246548175812
3078,,192,0.0010538124479353428,,0.04130709916353226
3079,,192,0.00035214138915762305,,0.0412684865295887
3080,,192,0.00018317198555450886,,0.06392747163772583
3081,,192,0.0013485134113579988,,0.13021539151668549
3082,,192,0.00022190890740603209,,0.027728645130991936
3083,,192,0.0008049315074458718,,0.04556336998939514
3084,,192,0.0017566096503287554,,0.16810950636863708
3085,,192,0.0006718018557876348,,0.0940726175904274
3086,,192,0.01144702360033989,,0.11112135648727417
3087,,192,0.0003784890868701041,,0.03994563966989517
,3072,192,,0.04632752016186714,0.13854606449604034
,3073,192,,0.039764292538166046,0.18948675692081451
,3074,192,,0.035006582736968994,0.15122394263744354
,3075,192,,0.05487509071826935,0.18249261379241943
,3076,192,,0.0634133368730545,0.2116176038980484
,3077,192,,0.04542967304587364,0.11454430222511292
,3078,192,,0.03818848356604576,0.1488821804523468
,3079,192,,0.07002878189086914,0.08078314363956451
,3080,192,,0.05826961249113083,0.14886474609375
,3081,192,,0.05202580243349075,0.15695501863956451
,3082,192,,0.02835814282298088,0.12681984901428223
,3083,192,,0.05498605594038963,0.12001006305217743
,3084,192,,0.059301428496837616,0.1775599867105484
,3085,192,,0.04986115172505379,0.1182861402630806
,3086,192,,0.04871344566345215,0.1455775648355484
,3087,192,,0.04800950735807419,0.1498761773109436
3088,,193,0.003355627181008458,,0.1621268093585968
3089,,193,0.0012361183762550354,,0.032643843442201614
3090,,193,0.00033904489828273654,,0.01803775690495968
3091,,193,0.0017848177812993526,,0.24441714584827423
3092,,193,0.0014323987998068333,,0.1927241086959839
3093,,193,0.0008376338519155979,,0.16466912627220154
3094,,193,0.00016131126903928816,,0.029304349794983864
3095,,193,0.0009253150201402605,,0.09580900520086288
3096,,193,0.0004972816677764058,,0.08343131840229034
3097,,193,0.0001495162578066811,,0.17507871985435486
3098,,193,0.0011640905868262053,,0.1511753648519516
3099,,193,0.0009942225879058242,,0.1465902477502823
3100,,193,0.000640731886960566,,0.06961371004581451
3101,,193,0.0005076600355096161,,0.1227678582072258
3102,,193,0.000555295730009675,,0.18027044832706451
3103,,193,0.0003398567496333271,,0.038535602390766144
,3088,193,,0.0472324937582016,0.14398442208766937
,3089,193,,0.04998059943318367,0.11819644272327423
,3090,193,,0.054429054260253906,0.15954963862895966
,3091,193,,0.03326929360628128,0.14192168414592743
,3092,193,,0.05012019723653793,0.19058290123939514
,3093,193,,0.034168291836977005,0.18474096059799194
,3094,193,,0.05652008578181267,0.2246018946170807
,3095,193,,0.045715976506471634,0.13694047927856445
,3096,193,,0.02832064777612686,0.1107613742351532
,3097,193,,0.026069307699799538,0.08318468928337097
,3098,193,,0.04311598464846611,0.1498948633670807
,3099,193,,0.015004965476691723,0.14574198424816132
,3100,193,,0.034769512712955475,0.10885806381702423
,3101,193,,0.03973362222313881,0.15034827589988708
,3102,193,,0.052635498344898224,0.12723712623119354
,3103,193,,0.04147285968065262,0.1739676296710968
3104,,194,0.0016205408610403538,,0.12027788162231445
3105,,194,0.0007411662954837084,,0.08471430838108063
3106,,194,0.00016751709335949272,,0.072091244161129
3107,,194,0.00011017132783308625,,0.08423101156949997
3108,,194,0.0004580381792038679,,0.061493538320064545
3109,,194,0.0036880099214613438,,0.1004987433552742
3110,,194,0.0016220089746639132,,0.08770751953125
3111,,194,0.0018160869367420673,,0.26072847843170166
3112,,194,0.0004036154132336378,,0.14015913009643555
3113,,194,0.0004326676425989717,,0.13630270957946777
3114,,194,0.00013990976731292903,,0.12471102178096771
3115,,194,0.0017780882772058249,,0.1454380452632904
3116,,194,0.0017358970362693071,,0.17777672410011292
3117,,194,0.0007701015565544367,,0.17097318172454834
3118,,194,0.000621999497525394,,0.0532313771545887
3119,,194,0.002334078075364232,,0.1767665445804596
,3104,194,,0.038208961486816406,0.11604029685258865
,3105,194,,0.037286799401044846,0.13802415132522583
,3106,194,,0.04594384878873825,0.1273629367351532
,3107,194,,0.040420323610305786,0.11904720216989517
,3108,194,,0.04977862536907196,0.1641920506954193
,3109,194,,0.04416222125291824,0.16900137066841125
,3110,194,,0.03735308349132538,0.17809435725212097
,3111,194,,0.03266607224941254,0.13116829097270966
,3112,194,,0.02694958820939064,0.11903473734855652
,3113,194,,0.03656837344169617,0.14700379967689514
,3114,194,,0.03243887424468994,0.12776029109954834
,3115,194,,0.05237183719873428,0.17651866376399994
,3116,194,,0.03795149549841881,0.12350401282310486
,3117,194,,0.03322700411081314,0.08900295943021774
,3118,194,,0.06421707570552826,0.10418950021266937
,3119,194,,0.04386623576283455,0.15637829899787903
3120,,195,0.0060806055553257465,,0.046630859375
3121,,195,0.00015698227798566222,,0.08832409232854843
3122,,195,0.00043551152339205146,,0.11480338126420975
3123,,195,0.0011656362330541015,,0.08806625753641129
3124,,195,0.0007096444605849683,,0.036282286047935486
3125,,195,0.001665201154537499,,0.07566241919994354
3126,,195,0.0003507608489599079,,0.09336011856794357
3127,,195,0.0009752552723512053,,0.08380126953125
3128,,195,0.00040676764911040664,,0.07272028177976608
3129,,195,0.0017193863168358803,,0.09792406111955643
3130,,195,0.004310493357479572,,0.07798299938440323
3131,,195,0.0006799690891057253,,0.1625104546546936
3132,,195,0.0003238244098611176,,0.030678262934088707
3133,,195,0.0009797295788303018,,0.07769028097391129
3134,,195,0.00048469193279743195,,0.01751459762454033
3135,,195,0.0004509738937485963,,0.09248694777488708
,3120,195,,0.04024645686149597,0.14693528413772583
,3121,195,,0.043965280055999756,0.1701585352420807
,3122,195,,0.0442027822136879,0.17562180757522583
,3123,195,,0.04526348412036896,0.13168521225452423
,3124,195,,0.03974295035004616,0.1524396538734436
,3125,195,,0.04588937759399414,0.1445474475622177
,3126,195,,0.04267040267586708,0.13494375348091125
,3127,195,,0.034175287932157516,0.16771340370178223
,3128,195,,0.03457669913768768,0.15628239512443542
,3129,195,,0.033416613936424255,0.15025484561920166
,3130,195,,0.056793488562107086,0.14742855727672577
,3131,195,,0.04513595253229141,0.16947594285011292
,3132,195,,0.037656769156455994,0.07840028405189514
,3133,195,,0.04107961058616638,0.16025091707706451
,3134,195,,0.045574434101581573,0.18832583725452423
,3135,195,,0.06523489952087402,0.1399884819984436
3136,,196,0.0007923744851723313,,0.1350271999835968
3137,,196,0.0007473446312360466,,0.08887714892625809
3138,,196,0.0016461042687296867,,0.1392834633588791
3139,,196,0.0009455795516259968,,0.1152605339884758
3140,,196,0.0004421063931658864,,0.07211490720510483
3141,,196,0.00017154203669633716,,0.019309531897306442
3142,,196,0.0005290514091029763,,0.06621317565441132
3143,,196,0.000593931064940989,,0.1075177863240242
3144,,196,0.000640020938590169,,0.04978226497769356
3145,,196,0.001267172279767692,,0.1779336780309677
3146,,196,0.00039800902595743537,,0.07255212217569351
3147,,196,0.00040947255911305547,,0.055723853409290314
3148,,196,0.0011150345671921968,,0.058780595660209656
3149,,196,0.00012970773968845606,,0.1551874876022339
3150,,196,0.0006504834163933992,,0.09062225371599197
3151,,196,0.00031741324346512556,,0.048332370817661285
,3136,196,,0.04073162376880646,0.11958904564380646
,3137,196,,0.04763033241033554,0.18851891160011292
,3138,196,,0.03862876445055008,0.14883360266685486
,3139,196,,0.05249837785959244,0.19606360793113708
,3140,196,,0.042760252952575684,0.1525966078042984
,3141,196,,0.04661639779806137,0.12970344722270966
,3142,196,,0.05150355398654938,0.10242695361375809
,3143,196,,0.04732657968997955,0.17709039151668549
,3144,196,,0.054770708084106445,0.09283198416233063
,3145,196,,0.04604011029005051,0.1572626829147339
,3146,196,,0.033381883054971695,0.16842463612556458
,3147,196,,0.04721713066101074,0.2166922390460968
,3148,196,,0.04115790128707886,0.17859137058258057
,3149,196,,0.05557100847363472,0.09439149498939514
,3150,196,,0.04217332601547241,0.15730752050876617
,3151,196,,0.05120952054858208,0.1004289910197258
3152,,197,3.2815612939884886e-05,,0.02984619140625
3153,,197,0.000735374866053462,,0.10787403583526611
3154,,197,0.0007389520760625601,,0.11304333806037903
3155,,197,0.0010123916435986757,,0.12148238718509674
3156,,197,0.0007970063015818596,,0.06362230330705643
3157,,197,0.0006569984834641218,,0.0792672336101532
3158,,197,0.0010710923234000802,,0.040613289922475815
3159,,197,0.0005211426177993417,,0.0483834408223629
3160,,197,0.0009351072367280722,,0.07767781615257263
3161,,197,9.708045399747789e-05,,0.01715710759162903
3162,,197,0.0008885886636562645,,0.1060267835855484
3163,,197,0.0004925549728795886,,0.10240079462528229
3164,,197,9.8120239272248e-05,,0.014846489764750004
3165,,197,0.0012125500943511724,,0.1161935031414032
3166,,197,0.0002910042239818722,,0.10886803269386292
3167,,197,0.0004311222583055496,,0.04654989391565323
,3152,197,,0.0408509261906147,0.12050457298755646
,3153,197,,0.03314412012696266,0.16379718482494354
,3154,197,,0.027778737246990204,0.09194760024547577
,3155,197,,0.030604669824242592,0.15838250517845154
,3156,197,,0.03608676791191101,0.1834803968667984
,3157,197,,0.03273067623376846,0.11274564266204834
,3158,197,,0.0316997654736042,0.08495969325304031
,3159,197,,0.04791930690407753,0.12241410464048386
,3160,197,,0.05925079435110092,0.18687967956066132
,3161,197,,0.026215987280011177,0.12336201220750809
,3162,197,,0.031792525202035904,0.16194868087768555
,3163,197,,0.057909123599529266,0.19023162126541138
,3164,197,,0.034011002629995346,0.10375603288412094
,3165,197,,0.03966659680008888,0.1725825071334839
,3166,197,,0.039411261677742004,0.19052186608314514
,3167,197,,0.036540672183036804,0.12140016257762909
3168,,198,0.0006129209068603814,,0.053273722529411316
3169,,198,0.0013493967708200216,,0.03638193756341934
3170,,198,0.006910322234034538,,0.10262127220630646
3171,,198,0.00037252064794301987,,0.0569806769490242
3172,,198,0.0005837210919708014,,0.09666847437620163
3173,,198,0.0017930197063833475,,0.08636599779129028
3174,,198,0.00019102857913821936,,0.11440105736255646
3175,,198,0.00184290437027812,,0.06669522821903229
3176,,198,0.00026805076049640775,,0.12008105963468552
3177,,198,0.0024860233534127474,,0.19073985517024994
3178,,198,0.000519757391884923,,0.017061196267604828
3179,,198,0.0012628675904124975,,0.07188571244478226
3180,,198,5.053568020230159e-05,,0.03383714333176613
3181,,198,5.077589594293386e-05,,0.0955374613404274
3182,,198,0.00042476915405131876,,0.10643534362316132
3183,,198,0.002722946461290121,,0.11183260381221771
,3168,198,,0.036176636815071106,0.16657865047454834
,3169,198,,0.03107653744518757,0.1498238742351532
,3170,198,,0.033064424991607666,0.1230904757976532
,3171,198,,0.03911065682768822,0.1579490303993225
,3172,198,,0.03376443684101105,0.14453499019145966
,3173,198,,0.04750785231590271,0.19994743168354034
,3174,198,,0.029150985181331635,0.16990569233894348
,3175,198,,0.033655885607004166,0.10494061559438705
,3176,198,,0.028759146109223366,0.13511689007282257
,3177,198,,0.045684002339839935,0.18377311527729034
,3178,198,,0.045030783861875534,0.17762848734855652
,3179,198,,0.03593932092189789,0.11345439404249191
,3180,198,,0.0332663357257843,0.17187997698783875
,3181,198,,0.031349651515483856,0.1584385633468628
,3182,198,,0.034260280430316925,0.12689457833766937
,3183,198,,0.04831318557262421,0.1350022852420807
3184,,199,0.00221646623685956,,0.10102813690900803
3185,,199,0.002682080026715994,,0.07942293584346771
3186,,199,0.0020799862686544657,,0.07980533689260483
3187,,199,0.0028489967808127403,,0.1926531195640564
3188,,199,0.00043894528062082827,,0.1838740110397339
3189,,199,0.0003607677936088294,,0.0652204230427742
3190,,199,0.0006437924457713962,,0.1555263102054596
3191,,199,0.0004024110094178468,,0.09301881492137909
3192,,199,0.0007181084947660565,,0.10464414954185486
3193,,199,0.00021106172061990947,,0.15171968936920166
3194,,199,0.0016128462739288807,,0.0305001400411129
3195,,199,0.0009732882026582956,,0.11845553666353226
3196,,199,0.001971920020878315,,0.07623415440320969
3197,,199,0.0003227790293749422,,0.07763546705245972
3198,,199,0.00018156578880734742,,0.03966164216399193
3199,,199,0.0006283156108111143,,0.08422229439020157
,3184,199,,0.041784241795539856,0.18793347477912903
,3185,199,,0.04763399437069893,0.16288042068481445
,3186,199,,0.042829688638448715,0.17376583814620972
,3187,199,,0.019126590341329575,0.11122473329305649
,3188,199,,0.029874062165617943,0.11832723766565323
,3189,199,,0.0472886860370636,0.12471351027488708
,3190,199,,0.05180917680263519,0.16389434039592743
,3191,199,,0.024727359414100647,0.07836416363716125
,3192,199,,0.027457639575004578,0.15384969115257263
,3193,199,,0.04026187211275101,0.15481381118297577
,3194,199,,0.03627932444214821,0.16747674345970154
,3195,199,,0.040789633989334106,0.14782342314720154
,3196,199,,0.03627985715866089,0.13408800959587097
,3197,199,,0.03875832259654999,0.12330347299575806
,3198,199,,0.051289044320583344,0.16694486141204834
,3199,199,,0.03706197440624237,0.15505793690681458
3200,,200,0.00283916131593287,,0.15366534888744354
3201,,200,0.0006678892532363534,,0.050980549305677414
3202,,200,0.000569308060221374,,0.07520278543233871
3203,,200,0.0004891542484983802,,0.09260901808738708
3204,,200,0.00033861323026940227,,0.20712965726852417
3205,,200,0.00015920272562652826,,0.031094299629330635
3206,,200,0.001289407373405993,,0.06730807572603226
3207,,200,0.001415814971551299,,0.07776127755641937
3208,,200,0.00038315652636811137,,0.03268370404839516
3209,,200,0.002169230952858925,,0.17302346229553223
3210,,200,0.0012009466299787164,,0.04012002795934677
3211,,200,0.00016098219202831388,,0.1745866984128952
3212,,200,0.0006258977227844298,,0.11015848815441132
3213,,200,0.0007343294564634562,,0.12584452331066132
3214,,200,0.0005652043619193137,,0.06101522967219353
3215,,200,0.0007822157931514084,,0.07282491028308868
,3200,200,,0.025797106325626373,0.14137983322143555
,3201,200,,0.02913575805723667,0.11939472705125809
,3202,200,,0.035580459982156754,0.15647545456886292
,3203,200,,0.026474226266145706,0.15908750891685486
,3204,200,,0.041441481560468674,0.17751017212867737
,3205,200,,0.04549013450741768,0.24598164856433868
,3206,200,,0.04177161306142807,0.12674759328365326
,3207,200,,0.022904155775904655,0.15699487924575806
,3208,200,,0.03156454116106033,0.12760956585407257
,3209,200,,0.047077640891075134,0.19563013315200806
,3210,200,,0.03285381942987442,0.15446005761623383
,3211,200,,0.04591459035873413,0.19179488718509674
,3212,200,,0.02882879227399826,0.18153101205825806
,3213,200,,0.030077705159783363,0.15924446284770966
,3214,200,,0.02597980573773384,0.12321379035711288
,3215,200,,0.022509759292006493,0.13422253727912903
3216,,201,0.00048492581117898226,,0.07159174978733063
3217,,201,0.00043485735659487545,,0.021096987649798393
3218,,201,0.0019136827904731035,,0.10992182791233063
3219,,201,0.00020404421957209706,,0.1396310031414032
3220,,201,0.00016612501349300146,,0.10386314988136292
3221,,201,0.0008822480449452996,,0.09464061260223389
3222,,201,0.0024189073592424393,,0.18516197800636292
3223,,201,0.0015875105746090412,,0.13904181122779846
3224,,201,0.0005668807425536215,,0.06849141418933868
3225,,201,0.001158965053036809,,0.14819461107254028
3226,,201,0.00030448538018390536,,0.1133161261677742
3227,,201,0.000477533380035311,,0.09611541032791138
3228,,201,0.00024391175247728825,,0.08604586869478226
3229,,201,0.00018033673404715955,,0.09963303804397583
3230,,201,0.0005111739155836403,,0.15756537020206451
3231,,201,0.00037587503902614117,,0.04697714000940323
,3216,201,,0.0655454695224762,0.15278470516204834
,3217,201,,0.05535140633583069,0.14476293325424194
,3218,201,,0.042664676904678345,0.1482020765542984
,3219,201,,0.061133548617362976,0.1479243040084839
,3220,201,,0.04281820356845856,0.13440564274787903
,3221,201,,0.051214925944805145,0.20827187597751617
,3222,201,,0.03983984887599945,0.1300484836101532
,3223,201,,0.03393617272377014,0.1194981187582016
,3224,201,,0.04110078513622284,0.15545654296875
,3225,201,,0.04269193112850189,0.1336669921875
,3226,201,,0.04488728567957878,0.18118098378181458
,3227,201,,0.040266864001750946,0.10130466520786285
,3228,201,,0.03792881220579147,0.17061194777488708
,3229,201,,0.0594719760119915,0.21191158890724182
,3230,201,,0.03916870057582855,0.14957848191261292
,3231,201,,0.06848911941051483,0.1984776109457016
3232,,202,0.0005433785845525563,,0.09800377488136292
3233,,202,0.00026803711079992354,,0.09522232413291931
3234,,202,0.0005186119233258069,,0.08956099301576614
3235,,202,0.00232105515897274,,0.0756051242351532
3236,,202,0.000852843513712287,,0.07204265892505646
3237,,202,0.0013076605973765254,,0.08269142359495163
3238,,202,0.0005320546915754676,,0.10315439850091934
3239,,202,0.00016517480253241956,,0.060307715088129044
3240,,202,0.0005654587876051664,,0.07994858175516129
3241,,202,0.00056554184993729,,0.037005990743637085
3242,,202,0.00102277344558388,,0.05617601051926613
3243,,202,0.00014674972044304013,,0.0412684828042984
3244,,202,0.0004618399834726006,,0.13595643639564514
3245,,202,0.0003101140318904072,,0.03879593685269356
3246,,202,0.0018464232562109828,,0.015094367787241936
3247,,202,0.0007554201874881983,,0.1621691733598709
,3232,202,,0.03123992495238781,0.14420613646507263
,3233,202,,0.03667750209569931,0.18155965209007263
,3234,202,,0.041375160217285156,0.18565648794174194
,3235,202,,0.022457685321569443,0.1343134641647339
,3236,202,,0.03255140408873558,0.17339839041233063
,3237,202,,0.029223447665572166,0.16569799184799194
,3238,202,,0.037367090582847595,0.16230742633342743
,3239,202,,0.023724108934402466,0.13399085402488708
,3240,202,,0.03288126736879349,0.16185154020786285
,3241,202,,0.028862742707133293,0.19165536761283875
,3242,202,,0.02339010313153267,0.10914207249879837
,3243,202,,0.0386282354593277,0.17776179313659668
,3244,202,,0.03159993141889572,0.1612548828125
,3245,202,,0.031080856919288635,0.15262775123119354
,3246,202,,0.031899627298116684,0.1996995508670807
,3247,202,,0.03458964079618454,0.17718505859375
3248,,203,0.0004692297661677003,,0.0491245836019516
3249,,203,0.0005243559135124087,,0.08395447582006454
3250,,203,0.0004155421338509768,,0.048713527619838715
3251,,203,0.00024755531921982765,,0.09874118119478226
3252,,203,0.00043567383545450866,,0.08547163754701614
3253,,203,0.00030731159495189786,,0.030562421306967735
3254,,203,0.000320187711622566,,0.10247927159070969
3255,,203,0.0002651585091371089,,0.08611437678337097
3256,,203,0.00076409982284531,,0.14458730816841125
3257,,203,0.00042218875023536384,,0.04375099390745163
3258,,203,0.0008121996652334929,,0.14138731360435486
3259,,203,0.0003412349906284362,,0.15281584858894348
3260,,203,0.0006576298619620502,,0.12238296866416931
3261,,203,0.0007885234081186354,,0.15546150505542755
3262,,203,0.0003956774598918855,,0.07081697881221771
3263,,203,0.000357770302798599,,0.04171690717339516
,3248,203,,0.03619407117366791,0.20408910512924194
,3249,203,,0.03676941618323326,0.11369479447603226
,3250,203,,0.0432664230465889,0.17072904109954834
,3251,203,,0.04106141999363899,0.16161984205245972
,3252,203,,0.0388643741607666,0.19357611238956451
,3253,203,,0.041936568915843964,0.19870680570602417
,3254,203,,0.0495498888194561,0.15430310368537903
,3255,203,,0.0382804274559021,0.16212931275367737
,3256,203,,0.03623737767338753,0.14734011888504028
,3257,203,,0.03652891516685486,0.1991128772497177
,3258,203,,0.046241991221904755,0.19213494658470154
,3259,203,,0.03994772583246231,0.11739303171634674
,3260,203,,0.030024882405996323,0.11571268737316132
,3261,203,,0.0409524068236351,0.13788215816020966
,3262,203,,0.04546201229095459,0.17321902513504028
,3263,203,,0.03895954042673111,0.15101218223571777
3264,,204,0.00035116742947138846,,0.04860391467809677
3265,,204,0.00010631619079504162,,0.08095503598451614
3266,,204,0.000356060394551605,,0.08789312094449997
3267,,204,0.0006943602347746491,,0.09839490056037903
3268,,204,0.00030511472141370177,,0.02606450393795967
3269,,204,0.0002835351915564388,,0.0964791476726532
3270,,204,0.0006926277419552207,,0.08783083409070969
3271,,204,0.00020842760568484664,,0.12381292879581451
3272,,204,0.00019270103075541556,,0.12427754700183868
3273,,204,0.0004594008787535131,,0.06366091221570969
3274,,204,0.000924031191971153,,0.039512164890766144
3275,,204,0.000918483070563525,,0.19492636620998383
3276,,204,0.0003390943165868521,,0.10659104585647583
3277,,204,0.0027662445791065693,,0.12463255226612091
3278,,204,0.0004549266304820776,,0.09601951390504837
3279,,204,0.0001233963412232697,,0.06462377309799194
,3264,204,,0.025004729628562927,0.1734619140625
,3265,204,,0.03618117421865463,0.15166862308979034
,3266,204,,0.03377322852611542,0.15367034077644348
,3267,204,,0.026355130597949028,0.17398881912231445
,3268,204,,0.037347204983234406,0.12827721238136292
,3269,204,,0.028103649616241455,0.11835090816020966
,3270,204,,0.027681436389684677,0.14101985096931458
,3271,204,,0.03409653902053833,0.1777518093585968
,3272,204,,0.0326402485370636,0.14446398615837097
,3273,204,,0.024548163637518883,0.11450569331645966
,3274,204,,0.023072725161910057,0.14209233224391937
,3275,204,,0.03079381212592125,0.1439370959997177
,3276,204,,0.02483731135725975,0.1332235485315323
,3277,204,,0.03331054002046585,0.15368901193141937
,3278,204,,0.026015043258666992,0.15396180748939514
,3279,204,,0.023826410993933678,0.18641754984855652
3280,,205,0.00024174113059416413,,0.06685467064380646
3281,,205,0.00047484738752245903,,0.12916907668113708
3282,,205,0.00026022217934951186,,0.08147819340229034
3283,,205,0.000872009783051908,,0.09418098628520966
3284,,205,0.0012870884966105223,,0.13272280991077423
3285,,205,0.0009785783477127552,,0.1130283921957016
3286,,205,0.0003856753755826503,,0.17131945490837097
3287,,205,0.002282366156578064,,0.13672372698783875
3288,,205,0.000606524758040905,,0.0766775980591774
3289,,205,0.00118763349018991,,0.07293826341629028
3290,,205,0.0004562108078971505,,0.12210021167993546
3291,,205,0.00040589101263321936,,0.028312839567661285
3292,,205,0.00038608204340562224,,0.08766765892505646
3293,,205,0.0005406084237620234,,0.11432880908250809
3294,,205,0.00016336454427801073,,0.19191570580005646
3295,,205,0.0005170642398297787,,0.09599709510803223
,3280,205,,0.023794179782271385,0.18371456861495972
,3281,205,,0.024511821568012238,0.1817265748977661
,3282,205,,0.031199637800455093,0.1498238742351532
,3283,205,,0.04202285408973694,0.1639055460691452
,3284,205,,0.03987948223948479,0.11908581852912903
,3285,205,,0.05568777397274971,0.16898392140865326
,3286,205,,0.04755111038684845,0.18212515115737915
,3287,205,,0.029677502810955048,0.16626350581645966
,3288,205,,0.030549291521310806,0.13439567387104034
,3289,205,,0.029828952625393867,0.16717529296875
,3290,205,,0.030512642115354538,0.11416688561439514
,3291,205,,0.04108042269945145,0.16089116036891937
,3292,205,,0.034273914992809296,0.16239088773727417
,3293,205,,0.04061242938041687,0.15706463158130646
,3294,205,,0.035454340279102325,0.18630670011043549
,3295,205,,0.05672978609800339,0.16356799006462097
3296,,206,0.00035844367812387645,,0.1034371480345726
3297,,206,0.00028497862513177097,,0.13919004797935486
3298,,206,0.0003546529042068869,,0.10442990064620972
3299,,206,0.0006283760885708034,,0.14235267043113708
3300,,206,0.0001942923991009593,,0.06888876110315323
3301,,206,0.00017391893197782338,,0.06808284670114517
3302,,206,0.0004936413606628776,,0.09828031063079834
3303,,206,0.00015651018475182354,,0.09158138930797577
3304,,206,0.0006085291388444602,,0.16123494505882263
3305,,206,0.0003869716892950237,,0.0516270212829113
3306,,206,0.00044799616443924606,,0.11747398972511292
3307,,206,0.0002185030753025785,,0.08354093134403229
3308,,206,0.00037930181133560836,,0.08028116077184677
3309,,206,0.00044165842700749636,,0.15262152254581451
3310,,206,0.00028136553009971976,,0.1692604422569275
3311,,206,0.001140887150540948,,0.10050497204065323
,3296,206,,0.035885289311409,0.12627676129341125
,3297,206,,0.032468803226947784,0.13549432158470154
,3298,206,,0.02719849720597267,0.16547876596450806
,3299,206,,0.018891705200076103,0.09631472080945969
,3300,206,,0.030648719519376755,0.1680123507976532
,3301,206,,0.01771201565861702,0.1357073187828064
,3302,206,,0.0300852432847023,0.13206014037132263
,3303,206,,0.021132878959178925,0.1773320436477661
,3304,206,,0.021365467458963394,0.18150857090950012
,3305,206,,0.028317537158727646,0.17621846497058868
,3306,206,,0.02853965386748314,0.1650315821170807
,3307,206,,0.038886211812496185,0.16486966609954834
,3308,206,,0.018388375639915466,0.17222252488136292
,3309,206,,0.024966228753328323,0.09405268728733063
,3310,206,,0.03423323482275009,0.1743861585855484
,3311,206,,0.026998665183782578,0.1583849936723709
3312,,207,0.0010437140008434653,,0.09618766605854034
3313,,207,0.0002690372057259083,,0.09737224131822586
3314,,207,0.0007322310702875257,,0.14436309039592743
3315,,207,0.00030509542557410896,,0.11588707566261292
3316,,207,0.0006544214556924999,,0.10387063026428223
3317,,207,0.00029261389863677323,,0.04785779118537903
3318,,207,0.0019503665389493108,,0.07096146792173386
3319,,207,0.00033070455538108945,,0.0511125847697258
3320,,207,0.00019787048222497106,,0.07981529831886292
3321,,207,0.0004034899757243693,,0.08925831317901611
3322,,207,0.0001473188167437911,,0.05788125842809677
3323,,207,0.00036698568146675825,,0.029998157173395157
3324,,207,0.0006954103009775281,,0.10135945677757263
3325,,207,0.00023356534074991941,,0.07779616117477417
3326,,207,0.0005834542098455131,,0.025310907512903214
3327,,207,0.00041838950710371137,,0.11721490323543549
,3312,207,,0.025081893429160118,0.14849230647087097
,3313,207,,0.030090894550085068,0.11385921388864517
,3314,207,,0.02955828420817852,0.12372323870658875
,3315,207,,0.040380917489528656,0.20070227980613708
,3316,207,,0.032143380492925644,0.11759980022907257
,3317,207,,0.04216893017292023,0.14164018630981445
,3318,207,,0.03364875912666321,0.1250784695148468
,3319,207,,0.028792744502425194,0.1479840874671936
,3320,207,,0.0335538312792778,0.1500767320394516
,3321,207,,0.039386145770549774,0.16851432621479034
,3322,207,,0.030015353113412857,0.12221604585647583
,3323,207,,0.026991039514541626,0.15448123216629028
,3324,207,,0.04172958433628082,0.18602393567562103
,3325,207,,0.04703906923532486,0.16276830434799194
,3326,207,,0.019872186705470085,0.13603241741657257
,3327,207,,0.03171054273843765,0.16936133801937103
3328,,208,0.00028377113630995154,,0.14124780893325806
3329,,208,0.0005211448296904564,,0.027301399037241936
3330,,208,0.00016656923980917782,,0.0583060085773468
3331,,208,0.00020955581567250192,,0.05678636208176613
3332,,208,0.00027856131782755256,,0.05710523948073387
3333,,208,0.00016583185060881078,,0.0439801923930645
3334,,208,0.00036765396362170577,,0.12246641516685486
3335,,208,0.0014320873888209462,,0.05003637447953224
3336,,208,0.0001885385427158326,,0.10473258793354034
3337,,208,0.00013447202218230814,,0.09060730785131454
3338,,208,0.0002141937438864261,,0.037520427256822586
3339,,208,0.00033090062788687646,,0.07025270909070969
3340,,208,0.00026164212613366544,,0.06783247739076614
3341,,208,0.0006518217269331217,,0.1264486461877823
3342,,208,0.0006593568832613528,,0.10128098726272583
3343,,208,0.0003835438983514905,,0.04780298471450806
,3328,208,,0.03373953327536583,0.1515166461467743
,3329,208,,0.02925984561443329,0.18163686990737915
,3330,208,,0.025687748566269875,0.1734357476234436
,3331,208,,0.025134669616818428,0.162353515625
,3332,208,,0.03519989177584648,0.12882903218269348
,3333,208,,0.028268998488783836,0.18289995193481445
,3334,208,,0.030773166567087173,0.13081204891204834
,3335,208,,0.03565915673971176,0.18627804517745972
,3336,208,,0.028116732835769653,0.19178615510463715
,3337,208,,0.0312090665102005,0.14583665132522583
,3338,208,,0.03119598887860775,0.1667231321334839
,3339,208,,0.04330350086092949,0.14938417077064514
,3340,208,,0.021783508360385895,0.14725540578365326
,3341,208,,0.02754446677863598,0.15186169743537903
,3342,208,,0.03615330904722214,0.1651075780391693
,3343,208,,0.036655791103839874,0.15847590565681458
3344,,209,0.0005624715704470873,,0.07438068091869354
3345,,209,0.001750576077029109,,0.2207467257976532
3346,,209,0.00037546848761849105,,0.05562295392155647
3347,,209,0.00032773392740637064,,0.11904221773147583
3348,,209,0.0002075356023851782,,0.1609845906496048
3349,,209,0.0016635422362014651,,0.18963995575904846
3350,,209,0.0005915103829465806,,0.04866494983434677
3351,,209,0.00021679620840586722,,0.0802263468503952
3352,,209,0.00074573396705091,,0.012055065482854843
3353,,209,7.722536247456446e-05,,0.05115742236375809
3354,,209,0.00011080386320827529,,0.09862533211708069
3355,,209,0.00013194952043704689,,0.09579779207706451
3356,,209,0.00038622593274340034,,0.03959811478853226
3357,,209,0.0004570834571495652,,0.07707743346691132
3358,,209,0.0026157917454838753,,0.0821794718503952
3359,,209,0.00013646144361700863,,0.16069933772087097
,3344,209,,0.04134353995323181,0.1273367702960968
,3345,209,,0.043634817004203796,0.13984400033950806
,3346,209,,0.026318678632378578,0.08305887877941132
,3347,209,,0.03241698443889618,0.14371412992477417
,3348,209,,0.033448416739702225,0.13876654207706451
,3349,209,,0.043046530336141586,0.19616948068141937
,3350,209,,0.050614818930625916,0.13238400220870972
,3351,209,,0.04849080741405487,0.1646902859210968
,3352,209,,0.04194216430187225,0.17535027861595154
,3353,209,,0.04141067713499069,0.17820397019386292
,3354,209,,0.04542580991983414,0.1567046344280243
,3355,209,,0.04417429864406586,0.12338569015264511
,3356,209,,0.02908943220973015,0.12196692824363708
,3357,209,,0.04064958542585373,0.21466313302516937
,3358,209,,0.04786660149693489,0.15799136459827423
,3359,209,,0.03719868138432503,0.11897744238376617
3360,,210,0.00023542955750599504,,0.05506866052746773
3361,,210,4.3951884435955435e-05,,0.10439503192901611
3362,,210,0.000850629061460495,,0.007076341193169355
3363,,210,0.0016245236620306969,,0.2585175037384033
3364,,210,0.000848584168124944,,0.11315669119358063
3365,,210,0.0007678126567043364,,0.1651698499917984
3366,,210,0.0012481363955885172,,0.1991328001022339
3367,,210,0.00019168695143889636,,0.0487758107483387
3368,,210,0.0006684732506982982,,0.11148008704185486
3369,,210,0.0005815335316583514,,0.10806211829185486
3370,,210,0.0005629571387544274,,0.12161067873239517
3371,,210,0.0004920687642879784,,0.10174187272787094
3372,,210,9.692853200249374e-05,,0.01745854690670967
3373,,210,7.883104990469292e-05,,0.0631539523601532
3374,,210,0.00035999176907353103,,0.08049789816141129
3375,,210,0.0049095144495368,,0.08267149329185486
,3360,210,,0.032377056777477264,0.12067273259162903
,3361,210,,0.05037984997034073,0.18310174345970154
,3362,210,,0.03766566142439842,0.15270747244358063
,3363,210,,0.024806441739201546,0.11374835669994354
,3364,210,,0.027895983308553696,0.1273280531167984
,3365,210,,0.0406024232506752,0.14817839860916138
,3366,210,,0.02804529294371605,0.1395263671875
,3367,210,,0.04121813923120499,0.15611298382282257
,3368,210,,0.0446108914911747,0.13904058933258057
,3369,210,,0.030268657952547073,0.15103960037231445
,3370,210,,0.04247336834669113,0.2006312757730484
,3371,210,,0.03403276577591896,0.19961237907409668
,3372,210,,0.03397180512547493,0.13597261905670166
,3373,210,,0.02348610758781433,0.10320796072483063
,3374,210,,0.02645421400666237,0.1850050389766693
,3375,210,,0.032017432153224945,0.1383492648601532
3376,,211,0.0002608280337881297,,0.17477354407310486
3377,,211,0.00022833634284324944,,0.051279500126838684
3378,,211,0.0017890691524371505,,0.2008741796016693
3379,,211,0.000521619978826493,,0.09942004084587097
3380,,211,0.0006698112701997161,,0.0362287238240242
3381,,211,0.0013724247692152858,,0.1115286648273468
3382,,211,0.00018991887918673456,,0.014055524952709675
3383,,211,0.0014354767045006156,,0.1286446750164032
3384,,211,0.0019974021706730127,,0.17866110801696777
3385,,211,0.0002575241669546813,,0.10930025577545166
3386,,211,0.0034887720830738544,,0.12733303010463715
3387,,211,0.0005382069502957165,,0.08813352137804031
3388,,211,0.000573321187403053,,0.22279202938079834
3389,,211,0.0006962577463127673,,0.04846440255641937
3390,,211,0.000641620485112071,,0.1090872660279274
3391,,211,0.0013308882480487227,,0.16817553341388702
,3376,211,,0.028894633054733276,0.14732766151428223
,3377,211,,0.031257081776857376,0.16735216975212097
,3378,211,,0.024279139935970306,0.11590451747179031
,3379,211,,0.03692036494612694,0.13000115752220154
,3380,211,,0.027056124061346054,0.18994015455245972
,3381,211,,0.030584635213017464,0.11929258704185486
,3382,211,,0.041374847292900085,0.16154885292053223
,3383,211,,0.022070109844207764,0.1518654227256775
,3384,211,,0.03220765292644501,0.12148113548755646
,3385,211,,0.02979348972439766,0.17309445142745972
,3386,211,,0.023740015923976898,0.14048674702644348
,3387,211,,0.028125924989581108,0.15936902165412903
,3388,211,,0.03505539894104004,0.1270066797733307
,3389,211,,0.04891321808099747,0.22476758062839508
,3390,211,,0.026587527245283127,0.15945371985435486
,3391,211,,0.0297076478600502,0.1778215616941452
3392,,212,0.0005986073520034552,,0.19864951074123383
3393,,212,0.0004746291961055249,,0.05211032181978226
3394,,212,0.0002044923312496394,,0.11143650114536285
3395,,212,0.0004088001442141831,,0.09316082298755646
3396,,212,0.00014904052659403533,,0.03401028737425804
3397,,212,0.0006307188887149096,,0.0861293226480484
3398,,212,0.0003033404645975679,,0.058754436671733856
3399,,212,0.00047463728697039187,,0.07284608483314514
3400,,212,0.0008360198116861284,,0.11454927921295166
3401,,212,0.00014272748376242816,,0.048608895391225815
3402,,212,0.0012683121021836996,,0.10188636183738708
3403,,212,0.000347257504472509,,0.10050123929977417
3404,,212,0.0003181948559358716,,0.07974305748939514
3405,,212,0.000685758248437196,,0.1765211522579193
3406,,212,0.00039648657548241317,,0.10294264554977417
3407,,212,0.0003503213811200112,,0.19839166104793549
,3392,212,,0.02339746057987213,0.1873854100704193
,3393,212,,0.034004323184490204,0.18439717590808868
,3394,212,,0.029690325260162354,0.13401702046394348
,3395,212,,0.037681229412555695,0.136962890625
,3396,212,,0.028739433735609055,0.18766939640045166
,3397,212,,0.03819353133440018,0.15484619140625
,3398,212,,0.02751391939818859,0.18358628451824188
,3399,212,,0.0189083032310009,0.1281651109457016
,3400,212,,0.04161303862929344,0.1693015694618225
,3401,212,,0.025575801730155945,0.11336345970630646
,3402,212,,0.024514541029930115,0.15932916104793549
,3403,212,,0.027265220880508423,0.11219881474971771
,3404,212,,0.02704744227230549,0.1299351155757904
,3405,212,,0.03514892980456352,0.17931756377220154
,3406,212,,0.03347761556506157,0.14993348717689514
,3407,212,,0.04258018732070923,0.1637486070394516
3408,,213,0.0010238942923024297,,0.16767728328704834
3409,,213,0.0004305515030864626,,0.02911376953125
3410,,213,0.00033379317028447986,,0.0941946804523468
3411,,213,0.0005054281791672111,,0.06820616126060486
3412,,213,0.0004860599001403898,,0.1253400444984436
3413,,213,0.00021467542683240026,,0.06913290917873383
3414,,213,0.00021816235675942153,,0.045411404222249985
3415,,213,0.0004660699050873518,,0.04705437272787094
3416,,213,0.000581799482461065,,0.07009700685739517
3417,,213,0.002302126493304968,,0.10068309307098389
3418,,213,0.0003429105563554913,,0.09155771881341934
3419,,213,0.0009947861544787884,,0.15289680659770966
3420,,213,0.0002417466603219509,,0.05530408024787903
3421,,213,0.000528666190803051,,0.07014559209346771
3422,,213,3.4966902603628114e-05,,0.03290168568491936
3423,,213,0.002785644493997097,,0.20228049159049988
,3408,213,,0.01622440665960312,0.13855352997779846
,3409,213,,0.03426528349518776,0.17530542612075806
,3410,213,,0.04359300434589386,0.23609644174575806
,3411,213,,0.021890519186854362,0.15084527432918549
,3412,213,,0.025141937658190727,0.1767503321170807
,3413,213,,0.02975313924252987,0.19713732600212097
,3414,213,,0.02521682158112526,0.1738991141319275
,3415,213,,0.024319611489772797,0.1318621039390564
,3416,213,,0.033346988260746,0.14994344115257263
,3417,213,,0.04546596109867096,0.19481299817562103
,3418,213,,0.02469892054796219,0.15444883704185486
,3419,213,,0.03939694166183472,0.17138172686100006
,3420,213,,0.05065863952040672,0.16981974244117737
,3421,213,,0.023911556228995323,0.13451151549816132
,3422,213,,0.021590011194348335,0.17725855112075806
,3423,213,,0.03019752912223339,0.15356194972991943
3424,,214,9.259828220820054e-05,,0.0451485775411129
3425,,214,0.0004457476607058197,,0.0833827406167984
3426,,214,0.0001524722611065954,,0.10500039905309677
3427,,214,0.00040557904867455363,,0.18755978345870972
3428,,214,0.00026742383488453925,,0.07481290400028229
3429,,214,7.751329394523054e-05,,0.11651237308979034
3430,,214,0.000660157180391252,,0.07653435319662094
3431,,214,0.0002543459995649755,,0.05457539111375809
3432,,214,0.0003477383579593152,,0.08497713506221771
3433,,214,0.0006010746583342552,,0.05144142732024193
3434,,214,0.0006267880089581013,,0.05702178552746773
3435,,214,0.0005714375292882323,,0.04474624618887901
3436,,214,0.002256604842841625,,0.15071198344230652
3437,,214,0.0005329649429768324,,0.0959646999835968
3438,,214,0.00038625774323008955,,0.04808324947953224
3439,,214,0.0001542827521916479,,0.034695371985435486
,3424,214,,0.02175108529627323,0.13414406776428223
,3425,214,,0.02186676859855652,0.13035987317562103
,3426,214,,0.0344807431101799,0.14488375186920166
,3427,214,,0.029328977689146996,0.19059038162231445
,3428,214,,0.032624948769807816,0.13453269004821777
,3429,214,,0.03575405478477478,0.20771260559558868
,3430,214,,0.020498450845479965,0.1522752344608307
,3431,214,,0.03271074593067169,0.16906613111495972
,3432,214,,0.024448171257972717,0.16851183772087097
,3433,214,,0.026199370622634888,0.18717488646507263
,3434,214,,0.02490393817424774,0.14638473093509674
,3435,214,,0.02718479186296463,0.13800546526908875
,3436,214,,0.03570651262998581,0.13836669921875
,3437,214,,0.03254106640815735,0.13160425424575806
,3438,214,,0.03140643984079361,0.1260625123977661
,3439,214,,0.025097908452153206,0.12049335986375809
3440,,215,0.0001543217949802056,,0.10725869983434677
3441,,215,0.0005162701709195971,,0.07455256581306458
3442,,215,0.0015590630937367678,,0.10235098004341125
3443,,215,0.00041128386510536075,,0.11798593401908875
3444,,215,0.0007252596551552415,,0.11940345168113708
3445,,215,0.0005433820770122111,,0.13555409014225006
3446,,215,0.00031916453735902905,,0.09764005988836288
3447,,215,0.00040367833571508527,,0.13722571730613708
3448,,215,0.0006304299458861351,,0.029513612389564514
3449,,215,0.0009285848936997354,,0.1292550265789032
3450,,215,0.0005762065993621945,,0.09941007941961288
3451,,215,0.0011858395300805569,,0.14257189631462097
3452,,215,0.00029415643075481057,,0.14915123581886292
3453,,215,0.0006021900335326791,,0.07857217639684677
3454,,215,0.0005578454583883286,,0.17051231861114502
3455,,215,0.000251693680183962,,0.036765582859516144
,3440,215,,0.02432233840227127,0.12414426356554031
,3441,215,,0.027546074241399765,0.12787987291812897
,3442,215,,0.04511410742998123,0.17643645405769348
,3443,215,,0.034465156495571136,0.12054069340229034
,3444,215,,0.024919461458921432,0.17204317450523376
,3445,215,,0.018264157697558403,0.16411730647087097
,3446,215,,0.03831803426146507,0.1837942898273468
,3447,215,,0.019117265939712524,0.1166294664144516
,3448,215,,0.034306351095438004,0.15029098093509674
,3449,215,,0.026298699900507927,0.13657674193382263
,3450,215,,0.030787764117121696,0.1335548758506775
,3451,215,,0.021561993286013603,0.12524661421775818
,3452,215,,0.03619174659252167,0.15203857421875
,3453,215,,0.028089117258787155,0.1843436062335968
,3454,215,,0.04418080672621727,0.20477046072483063
,3455,215,,0.02475670352578163,0.14877507090568542
3456,,216,0.00010857064626179636,,0.04568543657660484
3457,,216,0.0002621347375679761,,0.02694888971745968
3458,,216,0.00016730165225453675,,0.07417888939380646
3459,,216,0.0002873720368370414,,0.17581987380981445
3460,,216,0.00046288379235193133,,0.0328892283141613
3461,,216,0.0005845116684213281,,0.1128191277384758
3462,,216,0.0006574251456186175,,0.07648826390504837
3463,,216,0.0002830868761520833,,0.11396758258342743
3464,,216,9.337850497104228e-05,,0.0446951724588871
3465,,216,0.000312500778818503,,0.08540064096450806
3466,,216,0.00015312749019358307,,0.0409458689391613
3467,,216,0.00012649738346226513,,0.05565160512924194
3468,,216,8.468108717352152e-05,,0.05606266111135483
3469,,216,0.0009852437069639564,,0.1899326890707016
3470,,216,0.0009753031772561371,,0.20748713612556458
3471,,216,0.001346701174043119,,0.055087342858314514
,3456,216,,0.029580362141132355,0.2077287882566452
,3457,216,,0.0284186489880085,0.17867231369018555
,3458,216,,0.03847534954547882,0.16735714673995972
,3459,216,,0.027028867974877357,0.13102254271507263
,3460,216,,0.02824351377785206,0.11308693140745163
,3461,216,,0.030746769160032272,0.16368383169174194
,3462,216,,0.04399026557803154,0.21612423658370972
,3463,216,,0.023367490619421005,0.11588707566261292
,3464,216,,0.032869841903448105,0.13836917281150818
,3465,216,,0.021291719749569893,0.15866151452064514
,3466,216,,0.028668098151683807,0.1021554097533226
,3467,216,,0.02327325940132141,0.09985849261283875
,3468,216,,0.016931071877479553,0.08816465735435486
,3469,216,,0.02472483180463314,0.13071738183498383
,3470,216,,0.0360492505133152,0.15654520690441132
,3471,216,,0.023781903088092804,0.15807980298995972
3472,,217,0.0001001515265670605,,0.10341722518205643
3473,,217,0.00031817302806302905,,0.04230982065200806
3474,,217,0.0002207127254223451,,0.08648058772087097
3475,,217,0.00040314465877600014,,0.05693085491657257
3476,,217,0.00022241391707211733,,0.09837871044874191
3477,,217,0.0024544792249798775,,0.03339993208646774
3478,,217,0.0010948666604235768,,0.1789638102054596
3479,,217,0.00026748221716843545,,0.1008039116859436
3480,,217,0.00032939904485829175,,0.0791800394654274
3481,,217,0.0005237721488811076,,0.07510313391685486
3482,,217,0.001166585017926991,,0.1943097710609436
3483,,217,0.0013281742576509714,,0.22572046518325806
3484,,217,0.0001653791405260563,,0.09232127666473389
3485,,217,0.00017898187797982246,,0.12842917442321777
3486,,217,0.0002484104479663074,,0.06500368565320969
3487,,217,0.0010965766850858927,,0.04569540172815323
,3472,217,,0.044705942273139954,0.1651536524295807
,3473,217,,0.02886071428656578,0.11267588287591934
,3474,217,,0.039724383503198624,0.12641003727912903
,3475,217,,0.039889827370643616,0.14476418495178223
,3476,217,,0.041782788932323456,0.15354327857494354
,3477,217,,0.04245980083942413,0.1326131969690323
,3478,217,,0.04447769373655319,0.15721161663532257
,3479,217,,0.036903150379657745,0.15696123242378235
,3480,217,,0.04094569757580757,0.1521357297897339
,3481,217,,0.051411475986242294,0.16648772358894348
,3482,217,,0.04033002257347107,0.14775490760803223
,3483,217,,0.031808316707611084,0.1735067516565323
,3484,217,,0.04570494592189789,0.13235285878181458
,3485,217,,0.05134062469005585,0.15580156445503235
,3486,217,,0.04980521276593208,0.10320547223091125
,3487,217,,0.03398733213543892,0.1033761203289032
3488,,218,0.0002505731245037168,,0.0445207878947258
3489,,218,0.0004142215184401721,,0.0961390882730484
3490,,218,0.0003123008937109262,,0.05532774701714516
3491,,218,0.00020606585894711316,,0.0700945183634758
3492,,218,0.00031609219149686396,,0.04749780893325806
3493,,218,0.0012398657854646444,,0.17893639206886292
3494,,218,0.00042653409764170647,,0.022444743663072586
3495,,218,0.0009225491667166352,,0.11754873394966125
3496,,218,0.0001735394907882437,,0.07748474925756454
3497,,218,0.0002208465593867004,,0.05948062986135483
3498,,218,0.0005788633716292679,,0.11036402732133865
3499,,218,0.00023770843108650297,,0.06675004214048386
3500,,218,0.00034911290276795626,,0.023268096148967743
3501,,218,0.0009151261765509844,,0.061007753014564514
3502,,218,0.0007397934678010643,,0.0601283498108387
3503,,218,0.00020098465029150248,,0.10381706804037094
,3488,218,,0.024252649396657944,0.11290756613016129
,3489,218,,0.03500949591398239,0.16416338086128235
,3490,218,,0.0311180017888546,0.11953423917293549
,3491,218,,0.03987356275320053,0.16082763671875
,3492,218,,0.024640455842018127,0.16684147715568542
,3493,218,,0.028888706117868423,0.14769136905670166
,3494,218,,0.03404773026704788,0.1752668023109436
,3495,218,,0.029096096754074097,0.11837208271026611
,3496,218,,0.02886493131518364,0.1482020616531372
,3497,218,,0.03438422456383705,0.15302759408950806
,3498,218,,0.036677829921245575,0.19661790132522583
,3499,218,,0.022465266287326813,0.12225092947483063
,3500,218,,0.027550382539629936,0.15361925959587097
,3501,218,,0.029349930584430695,0.1392897069454193
,3502,218,,0.022992437705397606,0.1370762288570404
,3503,218,,0.037453606724739075,0.16615638136863708
3504,,219,0.0009816886158660054,,0.12618333101272583
3505,,219,0.0005629274528473616,,0.20182955265045166
3506,,219,0.00047946214908733964,,0.13119320571422577
3507,,219,0.0011269315145909786,,0.2038300335407257
3508,,219,0.00031314173247665167,,0.08024130016565323
3509,,219,0.00029159346013329923,,0.06460508704185486
3510,,219,0.0007085070246830583,,0.1840733140707016
3511,,219,0.00027895576204173267,,0.0751517117023468
3512,,219,0.0005571030196733773,,0.08006442338228226
3513,,219,0.0006799396360293031,,0.13846884667873383
3514,,219,0.0005998541601002216,,0.12170659005641937
3515,,219,0.00019149974104948342,,0.1322195827960968
3516,,219,0.0010099329520016909,,0.17000284790992737
3517,,219,0.0014825206017121673,,0.11179274320602417
3518,,219,0.0007137026404961944,,0.12663425505161285
3519,,219,0.0003568243409972638,,0.050320371985435486
,3504,219,,0.027961548417806625,0.18296471238136292
,3505,219,,0.026053136214613914,0.12048090994358063
,3506,219,,0.026519952341914177,0.1380540430545807
,3507,219,,0.026568042114377022,0.1379145383834839
,3508,219,,0.03337562084197998,0.1316353976726532
,3509,219,,0.026120174676179886,0.17388418316841125
,3510,219,,0.03138875588774681,0.20637106895446777
,3511,219,,0.03794761747121811,0.2109823375940323
,3512,219,,0.036300092935562134,0.19690938293933868
,3513,219,,0.027930501848459244,0.14253202080726624
,3514,219,,0.017254237085580826,0.0893990620970726
,3515,219,,0.03249863535165787,0.16385073959827423
,3516,219,,0.025250136852264404,0.15880849957466125
,3517,219,,0.030122200027108192,0.14776486158370972
,3518,219,,0.024049829691648483,0.09517249464988708
,3519,219,,0.046594709157943726,0.18102404475212097
3520,,220,0.0003965988289564848,,0.1626150906085968
3521,,220,0.00039123400347307324,,0.045672979205846786
3522,,220,0.0005485705914907157,,0.1226457878947258
3523,,220,8.355536556337029e-05,,0.08773492276668549
3524,,220,0.00035451859002932906,,0.0216761976480484
3525,,220,0.0008095175726339221,,0.08294552564620972
3526,,220,0.0001391958212479949,,0.05235695466399193
3527,,220,0.001054797088727355,,0.16420450806617737
3528,,220,0.0009049069485627115,,0.09646917879581451
3529,,220,0.0002046681911451742,,0.010570293292403221
3530,,220,0.0001262965815840289,,0.07183837890625
3531,,220,0.0005318812909536064,,0.0769566148519516
3532,,220,0.0002633290132507682,,0.1239885613322258
3533,,220,0.0005551727372221649,,0.15346604585647583
3534,,220,0.0006550822872668505,,0.12682856619358063
3535,,220,7.471079152310267e-05,,0.1340768039226532
,3520,220,,0.034039728343486786,0.18352025747299194
,3521,220,,0.043900828808546066,0.12790974974632263
,3522,220,,0.022102274000644684,0.10295385122299194
,3523,220,,0.02417895570397377,0.18897481262683868
,3524,220,,0.01926293782889843,0.1257847398519516
,3525,220,,0.03779790550470352,0.12736916542053223
,3526,220,,0.030557524412870407,0.2118169069290161
,3527,220,,0.023452123627066612,0.09614531695842743
,3528,220,,0.025277230888605118,0.1626836061477661
,3529,220,,0.028288312256336212,0.1596779227256775
,3530,220,,0.029474351555109024,0.13272282481193542
,3531,220,,0.02009618654847145,0.093758724629879
,3532,220,,0.017259404063224792,0.10552854090929031
,3533,220,,0.024364884942770004,0.17697080969810486
,3534,220,,0.032656215131282806,0.16985958814620972
,3535,220,,0.026838460937142372,0.13567617535591125
3536,,221,0.00010803354962263256,,0.1598348766565323
3537,,221,7.380662282230332e-05,,0.05248027294874191
3538,,221,0.0009683188982307911,,0.12811154127120972
3539,,221,0.000268383213551715,,0.05398622155189514
3540,,221,0.0005280369659885764,,0.0580357164144516
3541,,221,0.0006835917010903358,,0.09716423600912094
3542,,221,0.00011589784116949886,,0.030091580003499985
3543,,221,0.0006941475439816713,,0.040005430579185486
3544,,221,0.00041266417247243226,,0.1777592897415161
3545,,221,0.00031710026087239385,,0.00365089881233871
3546,,221,0.00010819188901223242,,0.05357392132282257
3547,,221,0.002065171953290701,,0.08848229795694351
3548,,221,0.0016879286849871278,,0.24357137084007263
3549,,221,0.00044361420441418886,,0.19970205426216125
3550,,221,5.6602970289532095e-05,,0.02497459016740322
3551,,221,0.0005556012038141489,,0.05547472834587097
,3536,221,,0.026857636868953705,0.16279321908950806
,3537,221,,0.018907606601715088,0.14328314363956451
,3538,221,,0.022270895540714264,0.1634770631790161
,3539,221,,0.029708560556173325,0.14178839325904846
,3540,221,,0.03064851462841034,0.15886205434799194
,3541,221,,0.022133843973279,0.18213140964508057
,3542,221,,0.03592335805296898,0.20094892382621765
,3543,221,,0.02747635915875435,0.14511793851852417
,3544,221,,0.024131666868925095,0.14698386192321777
,3545,221,,0.031985968351364136,0.15671461820602417
,3546,221,,0.03343851864337921,0.13303421437740326
,3547,221,,0.027166688814759254,0.11443094909191132
,3548,221,,0.030823267996311188,0.16891790926456451
,3549,221,,0.026892539113759995,0.14863555133342743
,3550,221,,0.02947397157549858,0.13739013671875
,3551,221,,0.02641928754746914,0.16068938374519348
3552,,222,0.000920296588446945,,0.015314841642975807
3553,,222,0.000698647229000926,,0.04856903478503227
3554,,222,0.0001524363469798118,,0.07080576568841934
3555,,222,0.00029738486045971513,,0.08551274240016937
3556,,222,0.000242764173890464,,0.10197480022907257
3557,,222,0.0001363659685011953,,0.05628562346100807
3558,,222,0.0005189788062125444,,0.11469627171754837
3559,,222,9.517947910353541e-05,,0.046588510274887085
3560,,222,0.000151682150317356,,0.05257992073893547
3561,,222,0.0002745390811469406,,0.10385194420814514
3562,,222,0.0004962054663337767,,0.0465436652302742
3563,,222,0.00027414615033194423,,0.045243240892887115
3564,,222,7.895009184721857e-05,,0.035172440111637115
3565,,222,0.0008438118384219706,,0.07040591537952423
3566,,222,0.0005620157462544739,,0.0867047980427742
3567,,222,0.000533589452970773,,0.15542790293693542
,3552,222,,0.03734537959098816,0.16158248484134674
,3553,222,,0.03239545226097107,0.11300347745418549
,3554,222,,0.039364732801914215,0.1846761852502823
,3555,222,,0.025341033935546875,0.14550906419754028
,3556,222,,0.03497786819934845,0.14186811447143555
,3557,222,,0.019015513360500336,0.12712253630161285
,3558,222,,0.02662329003214836,0.12090690433979034
,3559,222,,0.028034597635269165,0.10526944696903229
,3560,222,,0.025822661817073822,0.10576395690441132
,3561,222,,0.022689996287226677,0.13349011540412903
,3562,222,,0.03347893804311752,0.15924072265625
,3563,222,,0.02374195121228695,0.15366411209106445
,3564,222,,0.03132767230272293,0.19295206665992737
,3565,222,,0.03063778206706047,0.16419702768325806
,3566,222,,0.0281166210770607,0.09823919832706451
,3567,222,,0.02469658851623535,0.12284383177757263
3568,,223,0.00014560508134309202,,0.039918240159749985
3569,,223,0.0003418635460548103,,0.15355947613716125
3570,,223,0.0009316116338595748,,0.09275849163532257
3571,,223,0.0005644349148496985,,0.038749851286411285
3572,,223,8.165538019966334e-05,,0.02046670764684677
3573,,223,0.00047520259977318347,,0.030943579971790314
3574,,223,0.001337083405815065,,0.17957165837287903
3575,,223,7.170417666202411e-05,,0.028310347348451614
3576,,223,6.863829912617803e-05,,0.0398908331990242
3577,,223,0.0006893717218190432,,0.20920859277248383
3578,,223,0.0003065917990170419,,0.06910674273967743
3579,,223,0.0005389187135733664,,0.04862384498119354
3580,,223,0.000281083513982594,,0.036428023129701614
3581,,223,0.00012486566265579313,,0.0059191640466451645
3582,,223,0.0002520080597605556,,0.07291832566261292
3583,,223,0.00023508528829552233,,0.1513148695230484
,3568,223,,0.042305849492549896,0.15674202144145966
,3569,223,,0.04739350453019142,0.17701317369937897
,3570,223,,0.026153050363063812,0.12516193091869354
,3571,223,,0.0254670400172472,0.17757992446422577
,3572,223,,0.03567931801080704,0.13386628031730652
,3573,223,,0.02749103680253029,0.18298588693141937
,3574,223,,0.023499958217144012,0.15651531517505646
,3575,223,,0.01804623007774353,0.13534608483314514
,3576,223,,0.027983663603663445,0.10934385657310486
,3577,223,,0.02500462904572487,0.09232127666473389
,3578,223,,0.0258695837110281,0.13753463327884674
,3579,223,,0.031130746006965637,0.12688834965229034
,3580,223,,0.02353428304195404,0.17432387173175812
,3581,223,,0.0413547083735466,0.19281005859375
,3582,223,,0.042563050985336304,0.16498176753520966
,3583,223,,0.03367013484239578,0.14020273089408875
3584,,224,0.00048707250971347094,,0.04537776857614517
3585,,224,0.00012946163769811392,,0.04218775033950806
3586,,224,0.000179537310032174,,0.04812559857964516
3587,,224,0.00038677648990415037,,0.06438835710287094
3588,,224,0.00041603518184274435,,0.07537592947483063
3589,,224,0.00021129220840521157,,0.09658003598451614
3590,,224,0.001093254890292883,,0.07437445223331451
3591,,224,0.00016305633471347392,,0.08233392983675003
3592,,224,0.0007046536775305867,,0.18536625802516937
3593,,224,0.0002681757032405585,,0.023998025804758072
3594,,224,0.0002670808753464371,,0.08409273624420166
3595,,224,0.00017359695630148053,,0.13650824129581451
3596,,224,0.000593985547311604,,0.0935320109128952
3597,,224,0.0010718752164393663,,0.1569911241531372
3598,,224,0.0008420723606832325,,0.18693822622299194
3599,,224,0.00015221333887893707,,0.13901691138744354
,3584,224,,0.033881209790706635,0.16117142140865326
,3585,224,,0.047721680253744125,0.15927061438560486
,3586,224,,0.03728291764855385,0.15646299719810486
,3587,224,,0.02504831552505493,0.12381292879581451
,3588,224,,0.025622282177209854,0.1174403578042984
,3589,224,,0.025769785046577454,0.13007588684558868
,3590,224,,0.02750396355986595,0.14348992705345154
,3591,224,,0.021501338109374046,0.15533572435379028
,3592,224,,0.025264006108045578,0.09884954988956451
,3593,224,,0.03295942395925522,0.12780387699604034
,3594,224,,0.026296013966202736,0.18715247511863708
,3595,224,,0.024487297981977463,0.11688855290412903
,3596,224,,0.021769434213638306,0.13206139206886292
,3597,224,,0.033709507435560226,0.12562903761863708
,3598,224,,0.028478119522333145,0.12463752180337906
,3599,224,,0.028420137241482735,0.16057103872299194
3600,,225,0.0003971296246163547,,0.11472616344690323
3601,,225,0.0008376874029636383,,0.15282580256462097
3602,,225,0.0004177375230938196,,0.08046426624059677
3603,,225,0.0007031764253042638,,0.17132568359375
3604,,225,0.0008381350198760629,,0.14081931114196777
3605,,225,0.00010548968566581607,,0.1233956515789032
3606,,225,0.0001934729516506195,,0.087960384786129
3607,,225,0.00018097434076480567,,0.09078419208526611
3608,,225,0.0002098636032314971,,0.048027195036411285
3609,,225,0.000382027355954051,,0.18500253558158875
3610,,225,0.0005313518922775984,,0.19592410326004028
3611,,225,0.0004370291717350483,,0.14897561073303223
3612,,225,0.000449546700110659,,0.1129150390625
3613,,225,0.00048461073311045766,,0.0690918043255806
3614,,225,0.0016543437959626317,,0.03319191560149193
3615,,225,5.2457886340562254e-05,,0.08391711115837097
,3600,225,,0.029694916680455208,0.14907027781009674
,3601,225,,0.021165970712900162,0.13856101036071777
,3602,225,,0.02711706981062889,0.11044124513864517
,3603,225,,0.04221257567405701,0.17055588960647583
,3604,225,,0.023375999182462692,0.09374003112316132
,3605,225,,0.029604576528072357,0.10183404386043549
,3606,225,,0.039366915822029114,0.10417705774307251
,3607,225,,0.040180571377277374,0.1634010672569275
,3608,225,,0.0266778115183115,0.09427066892385483
,3609,225,,0.021150458604097366,0.13738016784191132
,3610,225,,0.031219230964779854,0.13495869934558868
,3611,225,,0.04709893837571144,0.13857346773147583
,3612,225,,0.0287309680134058,0.20357093214988708
,3613,225,,0.030711522325873375,0.1537649929523468
,3614,225,,0.05458984524011612,0.14396324753761292
,3615,225,,0.028584297746419907,0.2142159640789032
3616,,226,0.0002179621806135401,,0.05068907514214516
3617,,226,0.00021077619749121368,,0.04373854026198387
3618,,226,0.0005186464404687285,,0.12242905050516129
3619,,226,0.0002654767595231533,,0.10038913786411285
3620,,226,0.00028222764376550913,,0.09053506702184677
3621,,226,0.00027955195400863886,,0.14666873216629028
3622,,226,0.0004155157948844135,,0.1130632609128952
3623,,226,0.00026640298892743886,,0.08405163884162903
3624,,226,0.001177668571472168,,0.07731285691261292
3625,,226,0.0002841953537426889,,0.10512122511863708
3626,,226,0.00016922547365538776,,0.04604417085647583
3627,,226,0.00035092426696792245,,0.04641038551926613
3628,,226,0.0024617318995296955,,0.21703729033470154
3629,,226,0.0003304806596133858,,0.12890499830245972
3630,,226,0.0002762336516752839,,0.15414117276668549
3631,,226,0.0007800171733833849,,0.13212990760803223
,3616,226,,0.027948196977376938,0.13843770325183868
,3617,226,,0.024325765669345856,0.07416269183158875
,3618,226,,0.031610120087862015,0.10898761451244354
,3619,226,,0.03736329451203346,0.13795065879821777
,3620,226,,0.05467496067285538,0.1631731390953064
,3621,226,,0.05034824088215828,0.1770704686641693
,3622,226,,0.02826765552163124,0.148681640625
,3623,226,,0.026335515081882477,0.1804186850786209
,3624,226,,0.020633097738027573,0.13144108653068542
,3625,226,,0.026897959411144257,0.1339111328125
,3626,226,,0.02742718905210495,0.1270652413368225
,3627,226,,0.032440055161714554,0.1632154881954193
,3628,226,,0.038123562932014465,0.17226113379001617
,3629,226,,0.029003987088799477,0.11835339665412903
,3630,226,,0.03056398406624794,0.1301194727420807
,3631,226,,0.022877026349306107,0.13861706852912903
3632,,227,5.445958231575787e-05,,0.04431650787591934
3633,,227,0.00031030253740027547,,0.044033750891685486
3634,,227,0.000424607889726758,,0.025211255997419357
3635,,227,0.0002930770569946617,,0.038124553859233856
3636,,227,0.00033586329664103687,,0.1194981187582016
3637,,227,0.00045191776007413864,,0.07516416907310486
3638,,227,0.001309898099862039,,0.12498879432678223
3639,,227,0.00030642724595963955,,0.09376370161771774
3640,,227,0.0005640403833240271,,0.09871751070022583
3641,,227,0.00026693177642300725,,0.06559784710407257
3642,,227,0.000445622019469738,,0.06742142140865326
3643,,227,0.0003435281978454441,,0.1796962171792984
3644,,227,0.0001456426689401269,,0.011677645146846771
3645,,227,0.0002615956764202565,,0.12380670011043549
3646,,227,0.0002847962605301291,,0.17006760835647583
3647,,227,0.000856767117511481,,0.15877610445022583
,3632,227,,0.04342600330710411,0.1683698296546936
,3633,227,,0.03781552612781525,0.17980334162712097
,3634,227,,0.04762069135904312,0.17447210848331451
,3635,227,,0.033024296164512634,0.19485783576965332
,3636,227,,0.028991825878620148,0.15107695758342743
,3637,227,,0.05220167338848114,0.1867501437664032
,3638,227,,0.03662700206041336,0.11547726392745972
,3639,227,,0.05076370760798454,0.18914546072483063
,3640,227,,0.03457657992839813,0.17252397537231445
,3641,227,,0.03583104535937309,0.13737019896507263
,3642,227,,0.03453304246068001,0.16447106003761292
,3643,227,,0.025189530104398727,0.10925541818141937
,3644,227,,0.043175019323825836,0.16334253549575806
,3645,227,,0.021140331402420998,0.12789979577064514
,3646,227,,0.03963641822338104,0.1798631250858307
,3647,227,,0.058072514832019806,0.17838957905769348
3648,,228,7.365972123807296e-05,,0.03844093531370163
3649,,228,0.0002074558287858963,,0.0700334832072258
3650,,228,7.71105260355398e-05,,0.15001444518566132
3651,,228,0.0004156538634561002,,0.050747621804475784
3652,,228,0.0003905152843799442,,0.08742102235555649
3653,,228,0.000262801768258214,,0.08800023794174194
3654,,228,0.00041405638330616057,,0.13818857073783875
3655,,228,0.0005447298171930015,,0.06353261321783066
3656,,228,0.0002569514326751232,,0.10350067913532257
3657,,228,0.0001777886791387573,,0.04290148615837097
3658,,228,0.0015130818355828524,,0.12365099787712097
3659,,228,0.0006404261803254485,,0.10713662952184677
3660,,228,9.584402141626924e-05,,0.048294998705387115
3661,,228,0.00044441616046242416,,0.0437709242105484
3662,,228,0.0008241112809628248,,0.16666707396507263
3663,,228,0.000367159052984789,,0.07355109602212906
,3648,228,,0.03497723117470741,0.17577378451824188
,3649,228,,0.02724495716392994,0.12914416193962097
,3650,228,,0.019013740122318268,0.20339280366897583
,3651,228,,0.042794130742549896,0.15855437517166138
,3652,228,,0.032012857496738434,0.1220703125
,3653,228,,0.03383449465036392,0.21579913794994354
,3654,228,,0.030927103012800217,0.13266177475452423
,3655,228,,0.03216707706451416,0.11070656031370163
,3656,228,,0.035659223794937134,0.15034951269626617
,3657,228,,0.03287690132856369,0.19911661744117737
,3658,228,,0.027801264077425003,0.14860814809799194
,3659,228,,0.031592726707458496,0.1270390748977661
,3660,228,,0.033590368926525116,0.17278678715229034
,3661,228,,0.02256527543067932,0.17931506037712097
,3662,228,,0.020731348544359207,0.12347162514925003
,3663,228,,0.020200181752443314,0.08944390714168549
3664,,229,0.000764633878134191,,0.12200179696083069
3665,,229,0.0003180352505296469,,0.12644118070602417
3666,,229,0.0003256979107391089,,0.1539132297039032
3667,,229,0.00018720459775067866,,0.08522376418113708
3668,,229,0.0006812327774241567,,0.09775589406490326
3669,,229,0.00046168448170647025,,0.10997538268566132
3670,,229,0.0017571640200912952,,0.09956827014684677
3671,,229,0.0007056859321892262,,0.037136778235435486
3672,,229,0.00028466733056120574,,0.12940199673175812
3673,,229,0.0006574016297236085,,0.09248694777488708
3674,,229,0.0013392376713454723,,0.13553042709827423
3675,,229,0.0004462788056116551,,0.11027558147907257
3676,,229,0.00015627621905878186,,0.07770398259162903
3677,,229,0.0003773827920667827,,0.09354820847511292
3678,,229,0.0005577196716330945,,0.17918550968170166
3679,,229,0.00022765446919947863,,0.06928984820842743
,3664,229,,0.033600397408008575,0.1357857882976532
,3665,229,,0.043341513723134995,0.17275315523147583
,3666,229,,0.020835602656006813,0.12148736417293549
,3667,229,,0.02982855960726738,0.1385672390460968
,3668,229,,0.02395220845937729,0.2078085094690323
,3669,229,,0.017079221084713936,0.17192482948303223
,3670,229,,0.02553519234061241,0.18708893656730652
,3671,229,,0.02000749111175537,0.16768474876880646
,3672,229,,0.026806272566318512,0.19006222486495972
,3673,229,,0.0258841160684824,0.13721200823783875
,3674,229,,0.023614924401044846,0.14446522295475006
,3675,229,,0.03371170163154602,0.20117436349391937
,3676,229,,0.024996645748615265,0.14635981619358063
,3677,229,,0.025388473644852638,0.13276267051696777
,3678,229,,0.03341235965490341,0.24927131831645966
,3679,229,,0.024094626307487488,0.16978111863136292
3680,,230,0.00020998058607801795,,0.04262371361255646
3681,,230,0.00027120677987113595,,0.08634357154369354
3682,,230,0.00042771585867740214,,0.06342549622058868
3683,,230,0.0002704406506381929,,0.07560387253761292
3684,,230,0.0008693364798091352,,0.13628652691841125
3685,,230,0.0013854182325303555,,0.15283077955245972
3686,,230,0.00045724501251243055,,0.06806914508342743
3687,,230,0.0011455805506557226,,0.08716817200183868
3688,,230,0.002133728703483939,,0.21807487308979034
3689,,230,0.0008444199920631945,,0.1107003390789032
3690,,230,0.0003115583094768226,,0.1329507678747177
3691,,230,0.00024180275795515627,,0.046658262610435486
3692,,230,0.0003292941546533257,,0.18626683950424194
3693,,230,0.0002692960842978209,,0.09223907440900803
3694,,230,0.001685312483459711,,0.1548636257648468
3695,,230,0.000220596935832873,,0.08070218563079834
,3680,230,,0.028744017705321312,0.13772645592689514
,3681,230,,0.027341607958078384,0.13553914427757263
,3682,230,,0.029613975435495377,0.08812355995178223
,3683,230,,0.03331255540251732,0.14939039945602417
,3684,230,,0.05072600394487381,0.14857825636863708
,3685,230,,0.029331296682357788,0.14354097843170166
,3686,230,,0.01743369549512863,0.10346829891204834
,3687,230,,0.02513524517416954,0.17949692904949188
,3688,230,,0.03685213625431061,0.14227169752120972
,3689,230,,0.031569648534059525,0.11125587671995163
,3690,230,,0.025023605674505234,0.11185003817081451
,3691,230,,0.024570560082793236,0.1276755928993225
,3692,230,,0.023066606372594833,0.12908686697483063
,3693,230,,0.028755590319633484,0.14774742722511292
,3694,230,,0.021370798349380493,0.1402052342891693
,3695,230,,0.026633981615304947,0.1444428265094757
3696,,231,0.00037217611679807305,,0.26818346977233887
3697,,231,0.000623121450189501,,0.029842454940080643
3698,,231,0.0003234964970033616,,0.12080227583646774
3699,,231,0.0005160477012395859,,0.11227105557918549
3700,,231,0.00029645898030139506,,0.12492650747299194
3701,,231,8.162387530319393e-05,,0.023685377091169357
3702,,231,0.0003386462340131402,,0.11301593482494354
3703,,231,0.0006357589736580849,,0.12389887869358063
3704,,231,0.00017471500905230641,,0.1568242311477661
3705,,231,0.0030855382792651653,,0.03036062978208065
3706,,231,0.000734999543055892,,0.10041030496358871
3707,,231,0.00040483090560883284,,0.04690613970160484
3708,,231,0.0005691334954462945,,0.15764011442661285
3709,,231,0.00031148051493801177,,0.06562026590108871
3710,,231,0.00023918275837786496,,0.047002051025629044
3711,,231,0.0004804220225196332,,0.059321191161870956
,3696,231,,0.023482177406549454,0.1812831461429596
,3697,231,,0.025399208068847656,0.12911675870418549
,3698,231,,0.018389863893389702,0.12849271297454834
,3699,231,,0.02599266543984413,0.16168087720870972
,3700,231,,0.02107330784201622,0.17386549711227417
,3701,231,,0.030040863901376724,0.18243408203125
,3702,231,,0.03792550414800644,0.14762410521507263
,3703,231,,0.03036370500922203,0.10371367633342743
,3704,231,,0.034419722855091095,0.1819545179605484
,3705,231,,0.023080378770828247,0.08918482065200806
,3706,231,,0.028765730559825897,0.15233877301216125
,3707,231,,0.02264208346605301,0.17714768648147583
,3708,231,,0.025845134630799294,0.11231091618537903
,3709,231,,0.020192531868815422,0.15669965744018555
,3710,231,,0.02474852278828621,0.2120186984539032
,3711,231,,0.023231618106365204,0.18965865671634674
3712,,232,0.0003562334459275007,,0.20178845524787903
3713,,232,0.0007880235207267106,,0.16882199048995972
3714,,232,0.0005822983803227544,,0.07940424233675003
3715,,232,0.0002881017862819135,,0.09712312370538712
3716,,232,0.00015297344361897558,,0.08413136005401611
3717,,232,0.0003436141414567828,,0.03330526500940323
3718,,232,0.00034537329338490963,,0.056327976286411285
3719,,232,7.52687337808311e-05,,0.04944346100091934
3720,,232,0.00017621142615098506,,0.14983384311199188
3721,,232,0.0004183700366411358,,0.05701929330825806
3722,,232,0.0010966729605570436,,0.15732869505882263
3723,,232,0.0007353422697633505,,0.12467862665653229
3724,,232,0.00013666920131072402,,0.09019003063440323
3725,,232,0.00027375074569135904,,0.0252423956990242
3726,,232,0.0004533171886578202,,0.11094073951244354
3727,,232,0.00020368024706840515,,0.06595782935619354
,3712,232,,0.028739793226122856,0.135393425822258
,3713,232,,0.030313318595290184,0.1680036187171936
,3714,232,,0.032894670963287354,0.1353934109210968
,3715,232,,0.03087073564529419,0.14571955800056458
,3716,232,,0.032686538994312286,0.17299357056617737
,3717,232,,0.02843596041202545,0.13367819786071777
,3718,232,,0.026456281542778015,0.10790268331766129
,3719,232,,0.03302859514951706,0.1452288031578064
,3720,232,,0.030433684587478638,0.18506979942321777
,3721,232,,0.03211996704339981,0.14647939801216125
,3722,232,,0.03055659309029579,0.15934410691261292
,3723,232,,0.04485607519745827,0.16249176859855652
,3724,232,,0.03387098386883736,0.14202630519866943
,3725,232,,0.031858935952186584,0.1456560343503952
,3726,232,,0.036772649735212326,0.12046097964048386
,3727,232,,0.03127755969762802,0.19053058326244354
3728,,233,0.00012817245442420244,,0.12331343442201614
3729,,233,0.0002732052525971085,,0.07690679281949997
3730,,233,0.0001821763871703297,,0.09567324072122574
3731,,233,0.001174322096630931,,0.1406686007976532
3732,,233,0.00045691090053878725,,0.04900001734495163
3733,,233,0.000287947419565171,,0.09374500811100006
3734,,233,0.0004307170456741005,,0.07018545269966125
3735,,233,0.00018838755204342306,,0.11351045221090317
3736,,233,0.00020619496353901923,,0.09104078263044357
3737,,233,0.00017910171300172806,,0.0325491763651371
3738,,233,0.0002390579757047817,,0.10260508209466934
3739,,233,0.00014191647642292082,,0.016077158972620964
3740,,233,0.00024194060824811459,,0.03936518356204033
3741,,233,0.0009317348012700677,,0.2809273898601532
3742,,233,0.0018599673639982939,,0.15505295991897583
3743,,233,0.000632016803137958,,0.12279151380062103
,3728,233,,0.052188217639923096,0.17901736497879028
,3729,233,,0.04057491943240166,0.17251774668693542
,3730,233,,0.02614620327949524,0.14088907837867737
,3731,233,,0.04080948978662491,0.1824876368045807
,3732,233,,0.032693758606910706,0.11979208141565323
,3733,233,,0.025999322533607483,0.12640006840229034
,3734,233,,0.032613709568977356,0.12884023785591125
,3735,233,,0.024951541796326637,0.12921765446662903
,3736,233,,0.026874978095293045,0.17781658470630646
,3737,233,,0.022860394790768623,0.1479417383670807
,3738,233,,0.027164682745933533,0.13585180044174194
,3739,233,,0.028955157846212387,0.10431531071662903
,3740,233,,0.025964083150029182,0.17164704203605652
,3741,233,,0.019037282094359398,0.18404465913772583
,3742,233,,0.026991035789251328,0.10547497868537903
,3743,233,,0.03681271895766258,0.1651686131954193
3744,,234,0.0002130274660885334,,0.060406122356653214
3745,,234,0.0002950694179162383,,0.04615379124879837
3746,,234,0.0003852246154565364,,0.11942462623119354
3747,,234,0.0002955967211164534,,0.04973991587758064
3748,,234,0.0022189714945852757,,0.15463319420814514
3749,,234,0.00033493127557449043,,0.12224593758583069
3750,,234,0.0003445188340265304,,0.13362091779708862
3751,,234,0.0003837733529508114,,0.015262526459991932
3752,,234,0.0005391367594711483,,0.056484922766685486
3753,,234,0.00011889132292708382,,0.0758492648601532
3754,,234,0.0005388390272855759,,0.08708471059799194
3755,,234,0.000490822596475482,,0.12405706942081451
3756,,234,0.00041368347592651844,,0.08669732511043549
3757,,234,0.0009179043699987233,,0.09953463822603226
3758,,234,0.0005104868905618787,,0.09636703878641129
3759,,234,0.0003302359255030751,,0.030056700110435486
,3744,234,,0.029959632083773613,0.10769466310739517
,3745,234,,0.028500951826572418,0.117667056620121
,3746,234,,0.028217289596796036,0.18002507090568542
,3747,234,,0.03525020182132721,0.18320634961128235
,3748,234,,0.03716128319501877,0.2106061577796936
,3749,234,,0.03228655830025673,0.19124308228492737
,3750,234,,0.0325198732316494,0.13371306657791138
,3751,234,,0.018161926418542862,0.11643265187740326
,3752,234,,0.029608896002173424,0.12580840289592743
,3753,234,,0.02656010165810585,0.20180340111255646
,3754,234,,0.033113036304712296,0.13293954730033875
,3755,234,,0.023701127618551254,0.13432592153549194
,3756,234,,0.03075292520225048,0.1744309961795807
,3757,234,,0.03819139674305916,0.16925173997879028
,3758,234,,0.01600220426917076,0.125776007771492
,3759,234,,0.02787778712809086,0.16318558156490326
3760,,235,0.0005804542452096939,,0.17489686608314514
3761,,235,0.0010066807735711336,,0.08517269045114517
3762,,235,0.00013191369362175465,,0.07959607243537903
3763,,235,0.00024412444327026606,,0.10775196552276611
3764,,235,6.774812209187075e-05,,0.08414381742477417
3765,,235,0.0003328438615426421,,0.10987822711467743
3766,,235,0.001200340804643929,,0.03754783049225807
3767,,235,0.0010410614777356386,,0.12609988451004028
3768,,235,0.0006348356837406754,,0.09514011442661285
3769,,235,0.0003662965027615428,,0.20549292862415314
3770,,235,0.0006610667915083468,,0.124319888651371
3771,,235,0.0004166829166933894,,0.14497344195842743
3772,,235,0.00018308816652279347,,0.11147262156009674
3773,,235,0.0008117204997688532,,0.15769988298416138
3774,,235,0.0004175943322479725,,0.030728086829185486
3775,,235,0.00012582578347064555,,0.11459288001060486
,3760,235,,0.04229678958654404,0.1256539523601532
,3761,235,,0.04559651389718056,0.12148736417293549
,3762,235,,0.046603985130786896,0.15582026541233063
,3763,235,,0.035051241517066956,0.14162522554397583
,3764,235,,0.04965775087475777,0.2178083062171936
,3765,235,,0.03779240697622299,0.11015599966049194
,3766,235,,0.03396026790142059,0.11422418057918549
,3767,235,,0.04408515989780426,0.17362384498119354
,3768,235,,0.05274757742881775,0.1367723047733307
,3769,235,,0.048932936042547226,0.1482718288898468
,3770,235,,0.04841293394565582,0.1485956907272339
,3771,235,,0.03576324135065079,0.136553093791008
,3772,235,,0.049271948635578156,0.14557133615016937
,3773,235,,0.031122218817472458,0.13606107234954834
,3774,235,,0.05129646882414818,0.17779541015625
,3775,235,,0.03493313118815422,0.13769406080245972
3776,,236,0.0010283068986609578,,0.16209068894386292
3777,,236,0.0007356575224548578,,0.07961849123239517
3778,,236,0.0004092668532393873,,0.043726082891225815
3779,,236,0.0003921237075701356,,0.16439881920814514
3780,,236,0.000419795629568398,,0.019454021006822586
3781,,236,0.0008772446308284998,,0.06897719949483871
3782,,236,0.0004457244649529457,,0.12871816754341125
3783,,236,0.0002553813101258129,,0.09774717688560486
3784,,236,0.0010777184506878257,,0.13431969285011292
3785,,236,0.00025584682589396834,,0.01049057301133871
3786,,236,0.0008623189060017467,,0.10990563035011292
3787,,236,0.000376158335711807,,0.1538185477256775
3788,,236,0.0004016953753307462,,0.04836849123239517
3789,,236,0.0008032244513742626,,0.10280188918113708
3790,,236,0.000794014660641551,,0.19225700199604034
3791,,236,0.0002477245288901031,,0.046348102390766144
,3776,236,,0.025943420827388763,0.1391439586877823
,3777,236,,0.029691282659769058,0.15424829721450806
,3778,236,,0.025410491973161697,0.16099080443382263
,3779,236,,0.026371262967586517,0.21245963871479034
,3780,236,,0.015524793416261673,0.16703081130981445
,3781,236,,0.02237560972571373,0.14218449592590332
,3782,236,,0.03206861391663551,0.17021459341049194
,3783,236,,0.03041853755712509,0.18274174630641937
,3784,236,,0.015981679782271385,0.12199059128761292
,3785,236,,0.024671146646142006,0.1435447335243225
,3786,236,,0.02639005519449711,0.17475610971450806
,3787,236,,0.027153778821229935,0.14574821293354034
,3788,236,,0.030966568738222122,0.20247727632522583
,3789,236,,0.020438741892576218,0.14055773615837097
,3790,236,,0.029503582045435905,0.13705506920814514
,3791,236,,0.02491777017712593,0.15136593580245972
3792,,237,0.00014693301636725664,,0.030974719673395157
3793,,237,0.00027080660220235586,,0.06896723806858063
3794,,237,0.00019574140605982393,,0.03455835580825806
3795,,237,6.063121691113338e-05,,0.058723293244838715
3796,,237,7.462670328095555e-05,,0.033649053424596786
3797,,237,0.0009975790744647384,,0.018300581723451614
3798,,237,0.00011607578198891133,,0.14265036582946777
3799,,237,0.0014355238527059555,,0.14347994327545166
3800,,237,0.0002357891935389489,,0.058542683720588684
3801,,237,0.0005603176541626453,,0.07079330086708069
3802,,237,0.00022731129138264805,,0.10050995647907257
3803,,237,0.00040083774365484715,,0.14729154109954834
3804,,237,0.0011712207924574614,,0.15432552993297577
3805,,237,0.0002683058846741915,,0.10980723053216934
3806,,237,0.0002086472522933036,,0.05916673317551613
3807,,237,0.0010981723899021745,,0.04222262650728226
,3792,237,,0.021398086100816727,0.16016247868537903
,3793,237,,0.027874760329723358,0.1202828586101532
,3794,237,,0.026381686329841614,0.14050790667533875
,3795,237,,0.013642407022416592,0.15384845435619354
,3796,237,,0.024967510253190994,0.09270866960287094
,3797,237,,0.027187762781977654,0.12549948692321777
,3798,237,,0.02447177655994892,0.18890006840229034
,3799,237,,0.028404299169778824,0.10104431957006454
,3800,237,,0.02455427497625351,0.11830730736255646
,3801,237,,0.027677392587065697,0.13445547223091125
,3802,237,,0.02414446510374546,0.2068394124507904
,3803,237,,0.029164649546146393,0.15055379271507263
,3804,237,,0.02531755343079567,0.13291962444782257
,3805,237,,0.020785322412848473,0.13245999813079834
,3806,237,,0.03286585956811905,0.14454619586467743
,3807,237,,0.025369446724653244,0.09911486506462097
3808,,238,0.00043247564462944865,,0.07875403761863708
3809,,238,0.00038633152144029737,,0.10482103377580643
3810,,238,0.00041482935193926096,,0.11542496085166931
3811,,238,0.0003578215546440333,,0.09814701974391937
3812,,238,0.00023772750864736736,,0.12364975363016129
3813,,238,0.00029054778860881925,,0.039205748587846756
3814,,238,0.0001312753593083471,,0.015865404158830643
3815,,238,0.0010332436067983508,,0.07466468214988708
3816,,238,0.0007175109931267798,,0.11799092590808868
3817,,238,0.00028846535133197904,,0.05097806081175804
3818,,238,4.439684926182963e-05,,0.05552206188440323
3819,,238,0.00022590596927329898,,0.10921929031610489
3820,,238,0.00020274982671253383,,0.11553581058979034
3821,,238,0.00033765321131795645,,0.15524603426456451
3822,,238,0.0003195019089616835,,0.1563969850540161
3823,,238,0.0004373745759949088,,0.17344820499420166
,3808,238,,0.02205672487616539,0.1263938546180725
,3809,238,,0.016991056501865387,0.13458126783370972
,3810,238,,0.02094828523695469,0.11215770989656448
,3811,238,,0.025140006095170975,0.1533115804195404
,3812,238,,0.03202042356133461,0.13925357162952423
,3813,238,,0.02039114013314247,0.1285749077796936
,3814,238,,0.030804887413978577,0.18409323692321777
,3815,238,,0.01980849727988243,0.15931421518325806
,3816,238,,0.02078935317695141,0.11611129343509674
,3817,238,,0.027956422418355942,0.1367013156414032
,3818,238,,0.019419070333242416,0.09827158600091934
,3819,238,,0.025900714099407196,0.17935243248939514
,3820,238,,0.028303999453783035,0.13793571293354034
,3821,238,,0.016007207334041595,0.1639665812253952
,3822,238,,0.015829890966415405,0.1317661851644516
,3823,238,,0.014881586655974388,0.07245621085166931
3824,,239,0.00048768293345347047,,0.14580178260803223
3825,,239,0.0003637478221207857,,0.10733592510223389
3826,,239,0.000679230026435107,,0.11423788219690323
3827,,239,0.0005053704953752458,,0.1158447191119194
3828,,239,0.00010129487054655328,,0.045687928795814514
3829,,239,0.0003415134269744158,,0.0513741634786129
3830,,239,0.00027452193899080157,,0.11791867762804031
3831,,239,0.00024176263832487166,,0.14961585402488708
3832,,239,0.00016094632155727595,,0.04212546721100807
3833,,239,0.00040990012348629534,,0.20778484642505646
3834,,239,0.0005990567151457071,,0.20414765179157257
3835,,239,0.0008562431903555989,,0.1639566272497177
3836,,239,0.0009036136325448751,,0.05299221724271774
3837,,239,0.0002696003648452461,,0.10858900845050812
3838,,239,0.00016819918528199196,,0.07940175384283066
3839,,239,0.0006457422859966755,,0.09567074477672577
,3824,239,,0.02338326722383499,0.13792948424816132
,3825,239,,0.0313093364238739,0.13381023705005646
,3826,239,,0.026886701583862305,0.1309453248977661
,3827,239,,0.018787913024425507,0.16200099885463715
,3828,239,,0.02233065292239189,0.14340272545814514
,3829,239,,0.04044250398874283,0.18981561064720154
,3830,239,,0.028541553765535355,0.11896748840808868
,3831,239,,0.0256541445851326,0.21907386183738708
,3832,239,,0.027431318536400795,0.1292213797569275
,3833,239,,0.0237816721200943,0.17908088862895966
,3834,239,,0.018356233835220337,0.16356799006462097
,3835,239,,0.03137455880641937,0.14870281517505646
,3836,239,,0.019179727882146835,0.12363231182098389
,3837,239,,0.026898685842752457,0.2167196422815323
,3838,239,,0.027577973902225494,0.17390286922454834
,3839,239,,0.03243093565106392,0.16402886807918549
3840,,240,0.0005147175397723913,,0.1253749281167984
3841,,240,0.00030133462860248983,,0.022840850055217743
3842,,240,7.509012357331812e-05,,0.11537263542413712
3843,,240,0.00026379700284451246,,0.11947444081306458
3844,,240,0.00023928622249513865,,0.07355234771966934
3845,,240,0.00014845943951513618,,0.07330073416233063
3846,,240,0.0005394991021603346,,0.15728509426116943
3847,,240,0.0003824752930086106,,0.035407863557338715
3848,,240,0.0007246859604492784,,0.1297445446252823
3849,,240,0.0005553668015636504,,0.12083341926336288
3850,,240,0.0004111147136427462,,0.09128616750240326
3851,,240,0.0004756575799547136,,0.2653721570968628
3852,,240,0.0004391123657114804,,0.19522282481193542
3853,,240,8.927583985496312e-05,,0.1517695188522339
3854,,240,0.00020891378517262638,,0.16284802556037903
3855,,240,0.00036689185071736574,,0.10319425910711288
,3840,240,,0.021196521818637848,0.20300915837287903
,3841,240,,0.020149603486061096,0.13318617641925812
,3842,240,,0.023578166961669922,0.15412746369838715
,3843,240,,0.020092342048883438,0.13666269183158875
,3844,240,,0.022634850814938545,0.16000428795814514
,3845,240,,0.02860254794359207,0.1586739718914032
,3846,240,,0.02598186582326889,0.1524483859539032
,3847,240,,0.02852175012230873,0.08570456504821777
,3848,240,,0.031133990734815598,0.1599830985069275
,3849,240,,0.03384265676140785,0.12751364707946777
,3850,240,,0.028998391702771187,0.24457286298274994
,3851,240,,0.025279998779296875,0.15340128540992737
,3852,240,,0.03133533149957657,0.10752774775028229
,3853,240,,0.021657459437847137,0.19130785763263702
,3854,240,,0.020959217101335526,0.13225695490837097
,3855,240,,0.026691634207963943,0.20562869310379028
3856,,241,0.0005473637138493359,,0.1197073832154274
3857,,241,0.00047465250827372074,,0.08175472170114517
3858,,241,0.00032808881951496005,,0.0887189581990242
3859,,241,0.00016617897199466825,,0.08893818408250809
3860,,241,0.0006244084215722978,,0.15134724974632263
3861,,241,0.00020381603098940104,,0.07408173382282257
3862,,241,0.0006941960309632123,,0.10519346594810486
3863,,241,0.00027976493583992124,,0.09481997787952423
3864,,241,0.00043646382982842624,,0.06692567467689514
3865,,241,0.0006478404975496233,,0.1266305148601532
3866,,241,0.00019400889868848026,,0.07229427248239517
3867,,241,0.00026485940907150507,,0.014896314591169357
3868,,241,0.0002598611172288656,,0.08147072792053223
3869,,241,0.0005330592975951731,,0.09157764911651611
3870,,241,0.0007690336205996573,,0.05693085491657257
3871,,241,0.0003347328747622669,,0.12462756037712097
,3856,241,,0.021454274654388428,0.11834716796875
,3857,241,,0.03619202598929405,0.14996835589408875
,3858,241,,0.022455506026744843,0.14429707825183868
,3859,241,,0.018983222544193268,0.12649722397327423
,3860,241,,0.02626369521021843,0.13552045822143555
,3861,241,,0.01955983228981495,0.12820124626159668
,3862,241,,0.021023351699113846,0.13696786761283875
,3863,241,,0.028359495103359222,0.15600834786891937
,3864,241,,0.02276447042822838,0.15383848547935486
,3865,241,,0.02273770049214363,0.14634114503860474
,3866,241,,0.02990393340587616,0.17410963773727417
,3867,241,,0.024956488981842995,0.14313864707946777
,3868,241,,0.03288701921701431,0.16435149312019348
,3869,241,,0.038159433752298355,0.16262629628181458
,3870,241,,0.037678226828575134,0.17249904572963715
,3871,241,,0.020754169672727585,0.1380528062582016
3872,,242,0.0004309779906179756,,0.07882753014564514
3873,,242,0.00011874586198246107,,0.06955143064260483
3874,,242,7.103162351995707e-05,,0.0501273013651371
3875,,242,0.00023120925470720977,,0.1656145304441452
3876,,242,0.0003065976488869637,,0.04942726343870163
3877,,242,0.0008044640999287367,,0.12672269344329834
3878,,242,0.0008617742569185793,,0.09212323278188705
3879,,242,0.0003466455964371562,,0.1000976487994194
3880,,242,0.00033791401074267924,,0.09691137075424194
3881,,242,0.0002616131096147001,,0.15707585215568542
3882,,242,0.0005752985598519444,,0.09996438026428223
3883,,242,0.00033863881253637373,,0.11827492713928223
3884,,242,0.0002708608517423272,,0.09367526322603226
3885,,242,0.0008399428334087133,,0.1532592624425888
3886,,242,0.000493464816827327,,0.17174547910690308
3887,,242,0.0018458976410329342,,0.07874779403209686
,3872,242,,0.028611797839403152,0.16753652691841125
,3873,242,,0.028678134083747864,0.20744231343269348
,3874,242,,0.02246839925646782,0.1268136203289032
,3875,242,,0.0317525714635849,0.1398402750492096
,3876,242,,0.027560118585824966,0.15753298997879028
,3877,242,,0.028699614107608795,0.15014274418354034
,3878,242,,0.03292076289653778,0.14394207298755646
,3879,242,,0.02719007432460785,0.13202401995658875
,3880,242,,0.02521577849984169,0.17432263493537903
,3881,242,,0.013690872117877007,0.16339360177516937
,3882,242,,0.02091842330992222,0.17137177288532257
,3883,242,,0.024470651522278786,0.16072922945022583
,3884,242,,0.019597765058279037,0.20236143469810486
,3885,242,,0.02291792258620262,0.19000244140625
,3886,242,,0.026371708139777184,0.19027647376060486
,3887,242,,0.014806123450398445,0.14075081050395966
3888,,243,0.00033602016628719866,,0.12281644344329834
3889,,243,0.00016687162860762328,,0.10826016962528229
3890,,243,0.0001671953359618783,,0.12871816754341125
3891,,243,0.00022437379811890423,,0.0420009046792984
3892,,243,0.0003912324900738895,,0.06805171072483063
3893,,243,0.00020441075321286917,,0.07411286979913712
3894,,243,0.00023190431238617748,,0.013668137602508068
3895,,243,9.445086470805109e-05,,0.12373943626880646
3896,,243,9.799615509109572e-05,,0.042502887547016144
3897,,243,0.0007600239478051662,,0.022551868110895157
3898,,243,0.00038447140832431614,,0.06119833141565323
3899,,243,0.00011422840907471254,,0.0538417287170887
3900,,243,9.207749099005014e-05,,0.0355922169983387
3901,,243,0.00031783507438376546,,0.13904057443141937
3902,,243,0.00019611258176155388,,0.08003328740596771
3903,,243,0.00016485885134898126,,0.048390913754701614
,3888,243,,0.024446267634630203,0.1967088282108307
,3889,243,,0.020185913890600204,0.1180768758058548
,3890,243,,0.037760261446237564,0.1905517429113388
,3891,243,,0.024444054812192917,0.15382851660251617
,3892,243,,0.02054048888385296,0.13580571115016937
,3893,243,,0.046223968267440796,0.1719011664390564
,3894,243,,0.03383776545524597,0.14687924087047577
,3895,243,,0.025868400931358337,0.13383889198303223
,3896,243,,0.022361107170581818,0.1455613672733307
,3897,243,,0.02412409335374832,0.19426992535591125
,3898,243,,0.02155276946723461,0.14661267399787903
,3899,243,,0.030336137861013412,0.16218037903308868
,3900,243,,0.01958157867193222,0.1531384438276291
,3901,243,,0.015250153839588165,0.14299416542053223
,3902,243,,0.0229876060038805,0.14223185181617737
,3903,243,,0.025216272100806236,0.17867232859134674
3904,,244,0.0010910138953477144,,0.06503233313560486
3905,,244,0.00021259808272588998,,0.05737927556037903
3906,,244,0.00037516202428378165,,0.09255296736955643
3907,,244,0.0001265304017579183,,0.10410977900028229
3908,,244,0.0005474593490362167,,0.14373904466629028
3909,,244,0.00013547122944146395,,0.04355045408010483
3910,,244,0.000306168629322201,,0.07250229269266129
3911,,244,0.00023999548284336925,,0.12270183861255646
3912,,244,2.803971801768057e-05,,0.02170484885573387
3913,,244,0.0003949635138269514,,0.1430738866329193
3914,,244,0.00020169359049759805,,0.09310352802276611
3915,,244,0.00012280531518626958,,0.11023697257041931
3916,,244,0.00014173683302942663,,0.0500575490295887
3917,,244,0.0002906843146774918,,0.05939093977212906
3918,,244,0.00014027199358679354,,0.16050003468990326
3919,,244,0.00017157458933070302,,0.04267478361725807
,3904,244,,0.025808725506067276,0.17644143104553223
,3905,244,,0.030628709122538567,0.16442497074604034
,3906,244,,0.028623901307582855,0.14783212542533875
,3907,244,,0.025913380086421967,0.12670275568962097
,3908,244,,0.02212817408144474,0.17564797401428223
,3909,244,,0.02660498395562172,0.15568199753761292
,3910,244,,0.02961137145757675,0.1931663155555725
,3911,244,,0.03044900670647621,0.12431242316961288
,3912,244,,0.026356179267168045,0.1436854898929596
,3913,244,,0.03292215242981911,0.16314074397087097
,3914,244,,0.030416587367653847,0.1511492133140564
,3915,244,,0.025050140917301178,0.1619773507118225
,3916,244,,0.02041468396782875,0.08348488807678223
,3917,244,,0.02495315670967102,0.1573498696088791
,3918,244,,0.022273246198892593,0.15214446187019348
,3919,244,,0.0238752793520689,0.12474091351032257
3920,,245,0.00044780876487493515,,0.10326649993658066
3921,,245,0.0002140387805411592,,0.018061425536870956
3922,,245,0.0009121887851506472,,0.19189202785491943
3923,,245,0.00019825107301585376,,0.06138143688440323
3924,,245,0.00034684722777456045,,0.09794523566961288
3925,,245,0.00020078822853974998,,0.18594670295715332
3926,,245,0.000610178685747087,,0.12714245915412903
3927,,245,0.0005987506010569632,,0.16657865047454834
3928,,245,0.00023852002050261945,,0.09103581309318542
3929,,245,0.00041195726953446865,,0.12209397554397583
3930,,245,0.00046289985766634345,,0.16310960054397583
3931,,245,0.00013173856132198125,,0.0758318156003952
3932,,245,0.0002379403740633279,,0.14047802984714508
3933,,245,0.0002092713548336178,,0.07516666501760483
3934,,245,0.0005766790127381682,,0.08290068805217743
3935,,245,0.000706134014762938,,0.1553257554769516
,3920,245,,0.022960025817155838,0.16096964478492737
,3921,245,,0.018461618572473526,0.1490304172039032
,3922,245,,0.019194306805729866,0.09925312548875809
,3923,245,,0.03626745939254761,0.18269690871238708
,3924,245,,0.028185252100229263,0.18773791193962097
,3925,245,,0.02790854126214981,0.18974709510803223
,3926,245,,0.02128245308995247,0.15545031428337097
,3927,245,,0.03179726004600525,0.18401601910591125
,3928,245,,0.02660422772169113,0.14683066308498383
,3929,245,,0.01965002901852131,0.1336669921875
,3930,245,,0.02615724503993988,0.1289498507976532
,3931,245,,0.02176111564040184,0.1991502344608307
,3932,245,,0.02701946161687374,0.1658150851726532
,3933,245,,0.020180467516183853,0.1497541218996048
,3934,245,,0.01874987967312336,0.1430402398109436
,3935,245,,0.03277038782835007,0.16514119505882263
3936,,246,0.00034392226370982826,,0.03296147286891937
3937,,246,0.0004004937072750181,,0.11607392132282257
3938,,246,0.0004475104797165841,,0.10702576488256454
3939,,246,9.568101086188108e-05,,0.08133619278669357
3940,,246,0.0006341308471746743,,0.08197769522666931
3941,,246,0.0003666745324153453,,0.12458646297454834
3942,,246,6.0903315898030996e-05,,0.03577781468629837
3943,,246,0.0007370274979621172,,0.14441415667533875
3944,,246,0.0011127080069854856,,0.17132693529129028
3945,,246,0.0009328441228717566,,0.09649035334587097
3946,,246,8.217385038733482e-05,,0.1081368550658226
3947,,246,5.285617589834146e-05,,0.028763752430677414
3948,,246,0.00057334138546139,,0.04079515114426613
3949,,246,0.00017660862067714334,,0.08403420448303223
3950,,246,0.00014949185424484313,,0.06936708092689514
3951,,246,0.00019172507745679468,,0.18365353345870972
,3936,246,,0.01909933052957058,0.11588458716869354
,3937,246,,0.03155585750937462,0.18570631742477417
,3938,246,,0.022928789258003235,0.09275101125240326
,3939,246,,0.01945212110877037,0.13426116108894348
,3940,246,,0.03392563760280609,0.1590650975704193
,3941,246,,0.023159228265285492,0.12219735980033875
,3942,246,,0.02997526153922081,0.15519246459007263
,3943,246,,0.0227471012622118,0.15411627292633057
,3944,246,,0.02164405956864357,0.15876862406730652
,3945,246,,0.033725760877132416,0.16370002925395966
,3946,246,,0.021894972771406174,0.13848254084587097
,3947,246,,0.02084687165915966,0.1146676167845726
,3948,246,,0.01646445319056511,0.16619250178337097
,3949,246,,0.023819375783205032,0.12537992000579834
,3950,246,,0.027431635186076164,0.21566087007522583
,3951,246,,0.032683003693819046,0.15119779109954834
3952,,247,0.00019986533152405173,,0.08220439404249191
3953,,247,0.00028440379537642,,0.08971047401428223
3954,,247,0.0005242748884484172,,0.07564124464988708
3955,,247,0.00031407459755428135,,0.023567045107483864
3956,,247,0.0004060393839608878,,0.14341144263744354
3957,,247,9.229568968294188e-05,,0.022654008120298386
3958,,247,0.00035771611146628857,,0.08932557702064514
3959,,247,0.0003681860980577767,,0.09007418155670166
3960,,247,0.00017301979823969305,,0.03138701617717743
3961,,247,0.00014922430273145437,,0.08239994943141937
3962,,247,0.00021521118469536304,,0.09271863847970963
3963,,247,0.00035607157042250037,,0.10546127706766129
3964,,247,0.0001417282473994419,,0.08524369448423386
3965,,247,6.357864185702056e-05,,0.13222581148147583
3966,,247,0.00016101798973977566,,0.11157102137804031
3967,,247,0.0008862842223607004,,0.033916864544153214
,3952,247,,0.03637494891881943,0.15715306997299194
,3953,247,,0.023635651916265488,0.1289510875940323
,3954,247,,0.036860328167676926,0.17978590726852417
,3955,247,,0.030311256647109985,0.1170828714966774
,3956,247,,0.032995183020830154,0.14510422945022583
,3957,247,,0.022571422159671783,0.13135138154029846
,3958,247,,0.021534455940127373,0.16332010924816132
,3959,247,,0.04240953177213669,0.15859299898147583
,3960,247,,0.0313086062669754,0.15925690531730652
,3961,247,,0.0265614353120327,0.13296696543693542
,3962,247,,0.02503272145986557,0.14864179491996765
,3963,247,,0.02708939090371132,0.12027912586927414
,3964,247,,0.031691260635852814,0.15979501605033875
,3965,247,,0.027012990787625313,0.15446379780769348
,3966,247,,0.042792562395334244,0.1659894585609436
,3967,247,,0.026935812085866928,0.1789725124835968
3968,,248,0.00010755636321846396,,0.12578971683979034
3969,,248,0.0004732112865895033,,0.050837304443120956
3970,,248,0.00041983299888670444,,0.12869574129581451
3971,,248,0.0003048895741812885,,0.06738778948783875
3972,,248,0.0020524216815829277,,0.2747615873813629
3973,,248,0.00025915156584233046,,0.11517459154129028
3974,,248,0.00019624480046331882,,0.017873335629701614
3975,,248,0.00014971767086535692,,0.11643888801336288
3976,,248,0.0007553970208391547,,0.1933332234621048
3977,,248,0.00014509641914628446,,0.024584710597991943
3978,,248,0.0002996165712829679,,0.1295340359210968
3979,,248,7.231814379338175e-05,,0.07453139871358871
3980,,248,0.0002983991871587932,,0.09497693181037903
3981,,248,0.00012207326653879136,,0.08293431997299194
3982,,248,0.000122118231956847,,0.017812300473451614
3983,,248,0.0004675734380725771,,0.06754349172115326
,3968,248,,0.035367175936698914,0.17026939988136292
,3969,248,,0.03353218734264374,0.1817091405391693
,3970,248,,0.026350272819399834,0.11714889109134674
,3971,248,,0.02368875965476036,0.1175798699259758
,3972,248,,0.02267640456557274,0.14175352454185486
,3973,248,,0.02476244792342186,0.12899468839168549
,3974,248,,0.02289726957678795,0.11207424849271774
,3975,248,,0.026103828102350235,0.16288664937019348
,3976,248,,0.02442266419529915,0.09940758347511292
,3977,248,,0.028245950117707253,0.15888822078704834
,3978,248,,0.03567595034837723,0.14236262440681458
,3979,248,,0.01485980860888958,0.15547771751880646
,3980,248,,0.020296134054660797,0.12624810636043549
,3981,248,,0.020730197429656982,0.19432847201824188
,3982,248,,0.018682612106204033,0.17948570847511292
,3983,248,,0.027696119621396065,0.1314958930015564
3984,,249,0.00038758342270739377,,0.15675696730613708
3985,,249,0.00028224237030372024,,0.03837990388274193
3986,,249,0.0005803023232147098,,0.066397525370121
3987,,249,0.0005919639370404184,,0.13495121896266937
3988,,249,0.0002405375416856259,,0.11330864578485489
3989,,249,0.0005740445340052247,,0.07277757674455643
3990,,249,0.00020355742890387774,,0.04795370250940323
3991,,249,0.00017013386241160333,,0.06662173569202423
3992,,249,0.0005993091035634279,,0.194091796875
3993,,249,0.0031119082123041153,,0.15716178715229034
3994,,249,0.0003265665436629206,,0.077811099588871
3995,,249,0.0004854472354054451,,0.15660250186920166
3996,,249,0.00024838169338181615,,0.05966746807098389
3997,,249,0.001246216124854982,,0.07707618921995163
3998,,249,0.0005698483437299728,,0.29919683933258057
3999,,249,0.0004233460931573063,,0.1907099485397339
,3984,249,,0.025710195302963257,0.12926997244358063
,3985,249,,0.024217382073402405,0.15737603604793549
,3986,249,,0.013620436191558838,0.1476876437664032
,3987,249,,0.029307469725608826,0.10638303309679031
,3988,249,,0.021535485982894897,0.21388337016105652
,3989,249,,0.022557847201824188,0.1282522976398468
,3990,249,,0.018282320350408554,0.0765206441283226
,3991,249,,0.029970597475767136,0.14445526897907257
,3992,249,,0.02037881687283516,0.1045357882976532
,3993,249,,0.02214929088950157,0.12765440344810486
,3994,249,,0.023562006652355194,0.13842898607254028
,3995,249,,0.022900454699993134,0.1350795328617096
,3996,249,,0.027109023183584213,0.12977319955825806
,3997,249,,0.02432423084974289,0.09918835759162903
,3998,249,,0.026151547208428383,0.16114899516105652
,3999,249,,0.020835144445300102,0.09514135122299194
4000,,250,0.0003160079359076917,,0.06267936527729034
4001,,250,0.0002582677989266813,,0.056478697806596756
4002,,250,5.6397071602987126e-05,,0.045071348547935486
4003,,250,7.756039121886715e-05,,0.04232725873589516
4004,,250,0.00013726491306442767,,0.05955536663532257
4005,,250,0.00019464838260319084,,0.04501404985785484
4006,,250,3.23827080137562e-05,,0.08311493694782257
4007,,250,0.0005491964402608573,,0.06970340013504028
4008,,250,0.0008270158432424068,,0.09843849390745163
4009,,250,0.0026788373943418264,,0.11250149458646774
4010,,250,0.00011355232709320262,,0.06933842599391937
4011,,250,0.000548359879758209,,0.1971174031496048
4012,,250,0.0003561208723112941,,0.050968095660209656
4013,,250,0.00024607148952782154,,0.02490234375
4014,,250,0.00023159125703386962,,0.05453553795814514
4015,,250,7.907316467026249e-05,,0.0430908203125
,4000,250,,0.016098737716674805,0.09574049711227417
,4001,250,,0.020333390682935715,0.20041081309318542
,4002,250,,0.03848165646195412,0.19250114262104034
,4003,250,,0.02506125159561634,0.1848406195640564
,4004,250,,0.020546527579426765,0.14409777522087097
,4005,250,,0.027269188314676285,0.1260102093219757
,4006,250,,0.018161073327064514,0.12966732680797577
,4007,250,,0.028594614937901497,0.17902608215808868
,4008,250,,0.029606491327285767,0.1553705930709839
,4009,250,,0.024878548458218575,0.12110744416713715
,4010,250,,0.03237547352910042,0.15047408640384674
,4011,250,,0.02299264259636402,0.12723837792873383
,4012,250,,0.026473980396986008,0.1741856038570404
,4013,250,,0.024086203426122665,0.12720972299575806
,4014,250,,0.02169143222272396,0.1022077202796936
,4015,250,,0.03476607799530029,0.18810537457466125
4016,,251,0.00033367291325703263,,0.1407296359539032
4017,,251,0.00013475008017849177,,0.0483136847615242
4018,,251,0.00016851809050422162,,0.07601244002580643
4019,,251,0.0002912298950832337,,0.07993114739656448
4020,,251,0.0005896114744246006,,0.20035973191261292
4021,,251,0.00013107710401527584,,0.03407131880521774
4022,,251,7.734294922556728e-05,,0.06596904247999191
4023,,251,0.00020412998856045306,,0.18666419386863708
4024,,251,0.00018810000619851053,,0.09974514693021774
4025,,251,0.0004267713811714202,,0.11186747252941132
4026,,251,0.0005499973194673657,,0.14722301065921783
4027,,251,7.68569007050246e-05,,0.06378173828125
4028,,251,0.0003212355659343302,,0.09552499651908875
4029,,251,0.0007247723406180739,,0.07662278413772583
4030,,251,0.00015588817768730223,,0.05573132634162903
4031,,251,8.577261178288609e-05,,0.02074572443962097
,4016,251,,0.034025151282548904,0.15234375
,4017,251,,0.030267341062426567,0.15662243962287903
,4018,251,,0.02722935378551483,0.16765983402729034
,4019,251,,0.03814484179019928,0.17809933423995972
,4020,251,,0.02577344886958599,0.13499481976032257
,4021,251,,0.025871071964502335,0.16090983152389526
,4022,251,,0.02213454619050026,0.18441709876060486
,4023,251,,0.03216873109340668,0.14463713765144348
,4024,251,,0.041607558727264404,0.1334153711795807
,4025,251,,0.040474019944667816,0.1682564914226532
,4026,251,,0.021279441192746162,0.16393420100212097
,4027,251,,0.04368612542748451,0.21437790989875793
,4028,251,,0.023703068494796753,0.10975117981433868
,4029,251,,0.016709964722394943,0.1271001100540161
,4030,251,,0.026630423963069916,0.15523108839988708
,4031,251,,0.031370796263217926,0.19084447622299194
4032,,252,0.0008691650000400841,,0.2030465304851532
4033,,252,0.0010388456284999847,,0.1923753321170807
4034,,252,0.00016375067934859544,,0.033186931163072586
4035,,252,0.0003474341065157205,,0.0962873175740242
4036,,252,0.0005985555471852422,,0.17130576074123383
4037,,252,0.0002090548223350197,,0.02550646662712097
4038,,252,0.00023267071810550988,,0.07317866384983063
4039,,252,0.001204594736918807,,0.026475556194782257
4040,,252,0.0005435095517896116,,0.1126273050904274
4041,,252,0.0003968999662902206,,0.1504765748977661
4042,,252,0.0004535928019322455,,0.06977564096450806
4043,,252,0.00036153901601210237,,0.10140929371118546
4044,,252,0.00024058236158452928,,0.19361472129821777
4045,,252,0.0002369602007092908,,0.02956094592809677
4046,,252,2.921420309576206e-05,,0.04876086115837097
4047,,252,0.00045897962991148233,,0.04111527279019356
,4032,252,,0.02401743456721306,0.14054527878761292
,4033,252,,0.036875855177640915,0.166486456990242
,4034,252,,0.031159600242972374,0.14388103783130646
,4035,252,,0.023747505620121956,0.16042903065681458
,4036,252,,0.019602619111537933,0.16979357600212097
,4037,252,,0.013609251007437706,0.09756407141685486
,4038,252,,0.028806213289499283,0.13016432523727417
,4039,252,,0.03442010283470154,0.13600626587867737
,4040,252,,0.02353825606405735,0.13363336026668549
,4041,252,,0.021173059940338135,0.20544931292533875
,4042,252,,0.02455846406519413,0.1371983140707016
,4043,252,,0.028812836855649948,0.13391610980033875
,4044,252,,0.020442035049200058,0.1393507421016693
,4045,252,,0.02506927028298378,0.1539306640625
,4046,252,,0.027570683509111404,0.1693551242351532
,4047,252,,0.025061946362257004,0.1609235405921936
4048,,253,0.0010464339284226298,,0.1386357545852661
4049,,253,0.0003125294460915029,,0.05589574575424194
4050,,253,0.000349238544004038,,0.1388300657272339
4051,,253,0.0004576637875288725,,0.09721779078245163
4052,,253,0.00040134505252353847,,0.12117098271846771
4053,,253,0.00013459085312206298,,0.026039591059088707
4054,,253,0.000706990365870297,,0.18528404831886292
4055,,253,0.00020686716015916318,,0.0527082197368145
4056,,253,0.0003062280302401632,,0.07688935101032257
4057,,253,0.00019024391076527536,,0.15002939105033875
4058,,253,5.5348667956423014e-05,,0.06689453125
4059,,253,0.00017390510765835643,,0.07076216489076614
4060,,253,0.0002938661491498351,,0.1725563406944275
4061,,253,0.00012826018792111427,,0.036506496369838715
4062,,253,0.0005311842542141676,,0.10969014465808868
4063,,253,0.00012062076712027192,,0.025011956691741943
,4048,253,,0.015984024852514267,0.17805325984954834
,4049,253,,0.019693924114108086,0.10785160958766937
,4050,253,,0.024870971217751503,0.1340593695640564
,4051,253,,0.023097416386008263,0.18648108839988708
,4052,253,,0.029775725677609444,0.15139459073543549
,4053,253,,0.013805868104100227,0.12978938221931458
,4054,253,,0.019814983010292053,0.16522590816020966
,4055,253,,0.019672978669404984,0.1267002522945404
,4056,253,,0.016733068972826004,0.10751031339168549
,4057,253,,0.023076798766851425,0.11893011629581451
,4058,253,,0.03683067113161087,0.17126339673995972
,4059,253,,0.02360275201499462,0.22011269629001617
,4060,253,,0.030588246881961823,0.15113550424575806
,4061,253,,0.02309657447040081,0.1518729031085968
,4062,253,,0.016617264598608017,0.1421421617269516
,4063,253,,0.019017532467842102,0.15359185636043549
4064,,254,0.00038447213592007756,,0.15016765892505646
4065,,254,0.00021889015624765307,,0.14953115582466125
4066,,254,0.00026679711299948394,,0.09303253144025803
4067,,254,0.0002959267876576632,,0.12185607105493546
4068,,254,0.0002735398302320391,,0.04159358888864517
4069,,254,0.00015801798144821078,,0.0797991007566452
4070,,254,0.00010138149809790775,,0.08052156865596771
4071,,254,7.556848868262023e-05,,0.09551627933979034
4072,,254,0.00018662172078620642,,0.07040342688560486
4073,,254,0.00016535726899746805,,0.2032395899295807
4074,,254,0.00010216810915153474,,0.08267522603273392
4075,,254,0.0009070473024621606,,0.12825480103492737
4076,,254,0.00012111019168514758,,0.13008832931518555
4077,,254,0.00010731729707913473,,0.06476078927516937
4078,,254,7.497218030039221e-05,,0.012874681502580643
4079,,254,0.0001612024352652952,,0.09156519174575806
,4064,254,,0.01852414384484291,0.1643938422203064
,4065,254,,0.01559506170451641,0.13395971059799194
,4066,254,,0.02060178853571415,0.14639593660831451
,4067,254,,0.022670939564704895,0.12910804152488708
,4068,254,,0.02065044268965721,0.13649578392505646
,4069,254,,0.027316424995660782,0.1506783664226532
,4070,254,,0.013286886736750603,0.116228386759758
,4071,254,,0.02448994852602482,0.18694570660591125
,4072,254,,0.018944736570119858,0.18675635755062103
,4073,254,,0.020921487361192703,0.1497453898191452
,4074,254,,0.025483449921011925,0.13382145762443542
,4075,254,,0.024271151050925255,0.0992170050740242
,4076,254,,0.027021974325180054,0.15483498573303223
,4077,254,,0.019923128187656403,0.13883504271507263
,4078,254,,0.01912967674434185,0.13074104487895966
,4079,254,,0.021542370319366455,0.13218718767166138
4080,,255,0.0007104485994204879,,0.11386295408010483
4081,,255,6.869735807413235e-05,,0.07637864351272583
4082,,255,0.000405493366997689,,0.047358300536870956
4083,,255,0.00013491504068952054,,0.1161498948931694
4084,,255,0.00042175999260507524,,0.22118020057678223
4085,,255,6.370589835569263e-05,,0.08826679736375809
4086,,255,0.0001768753572832793,,0.1049019917845726
4087,,255,0.00029023646493442357,,0.08277737349271774
4088,,255,0.00019726554455701262,,0.14915497601032257
4089,,255,0.000363166444003582,,0.10578015446662903
4090,,255,0.00021895872487220913,,0.10677539557218552
4091,,255,0.00015213283768389374,,0.022935517132282257
4092,,255,0.00021123135229572654,,0.12671270966529846
4093,,255,0.0004585261922329664,,0.14076824486255646
4094,,255,0.00013727493933402002,,0.0327410027384758
4095,,255,0.0005510771879926324,,0.05429139360785484
,4080,255,,0.02854761853814125,0.1317649483680725
,4081,255,,0.023506008088588715,0.16540899872779846
,4082,255,,0.018519241362810135,0.1238141730427742
,4083,255,,0.01910659298300743,0.15460455417633057
,4084,255,,0.02432628720998764,0.12336450815200806
,4085,255,,0.022466901689767838,0.1225760281085968
,4086,255,,0.021769346669316292,0.11189861595630646
,4087,255,,0.024157799780368805,0.07724061608314514
,4088,255,,0.022351687774062157,0.15719667077064514
,4089,255,,0.02447209134697914,0.13502347469329834
,4090,255,,0.02415449172258377,0.15490348637104034
,4091,255,,0.015514548867940903,0.0914568230509758
,4092,255,,0.020741168409585953,0.14310003817081451
,4093,255,,0.025674741715192795,0.17177286744117737
,4094,255,,0.02383306436240673,0.12843914330005646
,4095,255,,0.02615378051996231,0.12873311340808868
4096,,256,0.000403588725021109,,0.12939204275608063
4097,,256,0.0004352922842372209,,0.06879409402608871
4098,,256,0.0001265195751329884,,0.0119803287088871
4099,,256,0.00020084870629943907,,0.059972647577524185
4100,,256,0.0002877605729736388,,0.057990867644548416
4101,,256,8.713729039300233e-05,,0.029284419491887093
4102,,256,0.0006991586415097117,,0.18374820053577423
4103,,256,0.00016778150165919214,,0.12623316049575806
4104,,256,0.00022164767142385244,,0.0401436947286129
4105,,256,0.0006776619120500982,,0.1853886842727661
4106,,256,0.00018461157742422074,,0.1620309054851532
4107,,256,0.00012051787052769214,,0.11809928715229034
4108,,256,0.0007914783200249076,,0.15962935984134674
4109,,256,0.00020810565911233425,,0.11888652294874191
4110,,256,0.00013781960296910256,,0.17581488192081451
4111,,256,0.0003033632237929851,,0.0804268941283226
,4096,256,,0.02295849844813347,0.10208690911531448
,4097,256,,0.026053879410028458,0.19775390625
,4098,256,,0.024946948513388634,0.16229122877120972
,4099,256,,0.024034541100263596,0.14171241223812103
,4100,256,,0.020753446966409683,0.13317745923995972
,4101,256,,0.019456736743450165,0.2017573118209839
,4102,256,,0.02679106593132019,0.1610543429851532
,4103,256,,0.026886694133281708,0.14885976910591125
,4104,256,,0.03176239877939224,0.1065324991941452
,4105,256,,0.018726222217082977,0.14130884408950806
,4106,256,,0.025153618305921555,0.11622214317321777
,4107,256,,0.02296346053481102,0.11129574477672577
,4108,256,,0.018428418785333633,0.16279321908950806
,4109,256,,0.020436642691493034,0.19958122074604034
,4110,256,,0.01705019921064377,0.11672786623239517
,4111,256,,0.021712664514780045,0.1338849663734436
4112,,257,0.0003053781110793352,,0.08630495518445969
4113,,257,0.00022736817481927574,,0.031172771006822586
4114,,257,0.00013923989899922162,,0.16537413001060486
4115,,257,0.00022614013869315386,,0.08684056997299194
4116,,257,5.8131521655013785e-05,,0.1699318289756775
4117,,257,0.00047637184616178274,,0.22411735355854034
4118,,257,0.00034235609928146005,,0.042368363589048386
4119,,257,0.0005522737046703696,,0.13313013315200806
4120,,257,0.00033946792245842516,,0.14470314979553223
4121,,257,0.00044002127833664417,,0.11240184307098389
4122,,257,0.00016184599371626973,,0.09757279604673386
4123,,257,0.00033475446980446577,,0.1391427218914032
4124,,257,0.0004886252572759986,,0.19325599074363708
4125,,257,0.0005341236246749759,,0.14308883249759674
4126,,257,0.0002555146929807961,,0.22921565175056458
4127,,257,0.0007118110079318285,,0.057123925536870956
,4112,257,,0.03165917843580246,0.18475341796875
,4113,257,,0.019783450290560722,0.15785185992717743
,4114,257,,0.029125049710273743,0.18524169921875
,4115,257,,0.018118059262633324,0.14585161209106445
,4116,257,,0.021592382341623306,0.16499173641204834
,4117,257,,0.02306012064218521,0.15218305587768555
,4118,257,,0.02663961425423622,0.13187703490257263
,4119,257,,0.01824832521378994,0.1393793821334839
,4120,257,,0.021637307479977608,0.2284471094608307
,4121,257,,0.023979000747203827,0.14082179963588715
,4122,257,,0.02043125405907631,0.15072943270206451
,4123,257,,0.030385568737983704,0.14959716796875
,4124,257,,0.017296703532338142,0.1355952024459839
,4125,257,,0.016146130859851837,0.16214923560619354
,4126,257,,0.017134159803390503,0.11953797936439514
,4127,257,,0.017517589032649994,0.12114482372999191
4128,,258,5.354196400730871e-05,,0.0882132351398468
4129,,258,0.00017863759421743453,,0.15712317824363708
4130,,258,0.00017902077524922788,,0.0484183207154274
4131,,258,2.6835952667170204e-05,,0.017424914985895157
4132,,258,0.0014201152371242642,,0.16273468732833862
4133,,258,0.00015913830429781228,,0.06476452946662903
4134,,258,0.0002425256825517863,,0.06398477405309677
4135,,258,0.00019133156456518918,,0.07960603386163712
4136,,258,0.000537574989721179,,0.07133515179157257
4137,,258,0.00014637892309110612,,0.04246925562620163
4138,,258,0.00022113810700830072,,0.23081129789352417
4139,,258,0.00011867609282489866,,0.18780145049095154
4140,,258,0.00023076051729731262,,0.07478799670934677
4141,,258,0.00016360057634301484,,0.044818487018346786
4142,,258,0.00024541193852201104,,0.014507682994008064
4143,,258,0.00012648622214328498,,0.08120914548635483
,4128,258,,0.022807680070400238,0.1428758203983307
,4129,258,,0.020197689533233643,0.12764693796634674
,4130,258,,0.018383391201496124,0.15001195669174194
,4131,258,,0.02537636086344719,0.24637028574943542
,4132,258,,0.021280433982610703,0.09887196868658066
,4133,258,,0.0204545259475708,0.09908870607614517
,4134,258,,0.01970088481903076,0.15458959341049194
,4135,258,,0.025781068950891495,0.09888941049575806
,4136,258,,0.021487675607204437,0.1857810616493225
,4137,258,,0.02454533614218235,0.1516985297203064
,4138,258,,0.018213119357824326,0.14956478774547577
,4139,258,,0.020570458844304085,0.1591261327266693
,4140,258,,0.02094852551817894,0.10824522376060486
,4141,258,,0.02141512744128704,0.20236268639564514
,4142,258,,0.017971636727452278,0.1415044069290161
,4143,258,,0.024576794356107712,0.1298479288816452
4144,,259,0.0002963700098916888,,0.11657839268445969
4145,,259,0.00030577476718463004,,0.08628253638744354
4146,,259,0.0002521230489946902,,0.013285733759403229
4147,,259,8.019043161766604e-05,,0.04652996361255646
4148,,259,0.00015804618305992335,,0.11103540658950806
4149,,259,0.00011040345270885155,,0.1052769273519516
4150,,259,0.0003891821252182126,,0.0667724609375
4151,,259,0.0003566548984963447,,0.0810808464884758
4152,,259,8.961167623056099e-06,,0.02335653454065323
4153,,259,0.0001603099808562547,,0.08277115225791931
4154,,259,0.00014873777399770916,,0.07819973677396774
4155,,259,0.00021243828814476728,,0.08824563026428223
4156,,259,7.419800385832787e-05,,0.08803761005401611
4157,,259,0.00019370095105841756,,0.12078359723091125
4158,,259,0.00015193631406873465,,0.14562737941741943
4159,,259,0.0004950276343151927,,0.15981744229793549
,4144,259,,0.02418476715683937,0.20107097923755646
,4145,259,,0.02751174382865429,0.16860276460647583
,4146,259,,0.02441953681409359,0.14217206835746765
,4147,259,,0.01854037120938301,0.1695033460855484
,4148,259,,0.019129281863570213,0.13013941049575806
,4149,259,,0.027139998972415924,0.11722736060619354
,4150,259,,0.02357311360538006,0.16130346059799194
,4151,259,,0.02715510129928589,0.19390246272087097
,4152,259,,0.023021681234240532,0.14238256216049194
,4153,259,,0.02032656967639923,0.10399642586708069
,4154,259,,0.029438544064760208,0.13742253184318542
,4155,259,,0.022357502952218056,0.13204021751880646
,4156,259,,0.017924105748534203,0.1527012288570404
,4157,259,,0.018311750143766403,0.1257411390542984
,4158,259,,0.020101727917790413,0.16198357939720154
,4159,259,,0.01784258522093296,0.14020147919654846
4160,,260,9.911320375977084e-05,,0.08511041849851608
4161,,260,0.00044003789662383497,,0.15171845257282257
4162,,260,0.0001564403501106426,,0.09174953401088715
4163,,260,0.0003599822230171412,,0.09612539410591125
4164,,260,9.480588778387755e-05,,0.025069255381822586
4165,,260,0.00010273717634845525,,0.08402673155069351
4166,,260,9.296326607000083e-05,,0.06410185992717743
4167,,260,0.00029986805748194456,,0.10640047490596771
4168,,260,3.333012864459306e-05,,0.0390886552631855
4169,,260,0.00035745359491556883,,0.07345643639564514
4170,,260,6.128377572167665e-05,,0.1114414781332016
4171,,260,0.00016003119526430964,,0.18020567297935486
4172,,260,0.00018433071090839803,,0.10108667612075806
4173,,260,0.0007049328414723277,,0.13496491312980652
4174,,260,0.00043604252277873456,,0.1282186657190323
4175,,260,0.00038863232475705445,,0.12067896127700806
,4160,260,,0.02866525575518608,0.1563197672367096
,4161,260,,0.04122809320688248,0.19086690247058868
,4162,260,,0.020118795335292816,0.11859007179737091
,4163,260,,0.02239863947033882,0.2005179226398468
,4164,260,,0.016124166548252106,0.10381083190441132
,4165,260,,0.02646450512111187,0.12270931899547577
,4166,260,,0.03613586723804474,0.16064453125
,4167,260,,0.026652447879314423,0.16282686591148376
,4168,260,,0.03331436961889267,0.16351568698883057
,4169,260,,0.025682412087917328,0.1599046289920807
,4170,260,,0.04179402440786362,0.19370315968990326
,4171,260,,0.03180774301290512,0.16123121976852417
,4172,260,,0.027388770133256912,0.1441650390625
,4173,260,,0.019718168303370476,0.13105617463588715
,4174,260,,0.029812078922986984,0.12828469276428223
,4175,260,,0.017912661656737328,0.10365638136863708
4176,,261,9.436553955310956e-05,,0.08245476335287094
4177,,261,0.00028250610921531916,,0.09939886629581451
4178,,261,0.00019883032655343413,,0.0720040500164032
4179,,261,0.0005978302797302604,,0.08956722170114517
4180,,261,0.0002059211110463366,,0.027870645746588707
4181,,261,0.00037420305307023227,,0.1419690102338791
4182,,261,0.00023412927112076432,,0.19545574486255646
4183,,261,0.000233873026445508,,0.10374357551336288
4184,,261,0.00023425303515978158,,0.04613884165883064
4185,,261,0.005336901172995567,,0.18129682540893555
4186,,261,0.0001775417767930776,,0.0450962632894516
4187,,261,0.00018920988077297807,,0.09672826528549194
4188,,261,0.0005233121919445693,,0.07933449745178223
4189,,261,0.0018490470247343183,,0.008892448619008064
4190,,261,0.0002556403633207083,,0.06673634052276611
4191,,261,0.00026795652229338884,,0.10040906071662903
,4176,261,,0.03503842279314995,0.13669508695602417
,4177,261,,0.01854957640171051,0.14752943813800812
,4178,261,,0.025609325617551804,0.19582070410251617
,4179,261,,0.035160258412361145,0.20017288625240326
,4180,261,,0.03559611365199089,0.19724693894386292
,4181,261,,0.023631498217582703,0.12146121263504028
,4182,261,,0.01765245944261551,0.08382992446422577
,4183,261,,0.0370594821870327,0.15831398963928223
,4184,261,,0.022411294281482697,0.14702746272087097
,4185,261,,0.025665557011961937,0.1821376383304596
,4186,261,,0.025733061134815216,0.18532639741897583
,4187,261,,0.0341954380273819,0.13914769887924194
,4188,261,,0.03556082025170326,0.14929449558258057
,4189,261,,0.03717440366744995,0.11419677734375
,4190,261,,0.02286316454410553,0.12770797312259674
,4191,261,,0.024562858045101166,0.10536785423755646
4192,,262,0.0001900011266116053,,0.08829544484615326
4193,,262,0.00033510677167214453,,0.08857198059558868
4194,,262,8.337343024322763e-05,,0.059970155358314514
4195,,262,0.00025437091244384646,,0.02745959162712097
4196,,262,0.0005625833291560411,,0.15447001159191132
4197,,262,0.00042879176908172667,,0.08453369140625
4198,,262,0.00019000633619725704,,0.16439008712768555
4199,,262,0.0005973545485176146,,0.101797915995121
4200,,262,0.0004583671980071813,,0.07211863994598389
4201,,262,0.0002764290547929704,,0.040415238589048386
4202,,262,0.0018470748327672482,,0.16894157230854034
4203,,262,0.001097777858376503,,0.16423563659191132
4204,,262,0.00018560694297775626,,0.06180868297815323
4205,,262,4.798080772161484e-05,,0.029169823974370956
4206,,262,0.0005089856567792594,,0.03899648040533066
4207,,262,0.00012616369349416345,,0.02973034791648388
,4192,262,,0.021670157089829445,0.12396738678216934
,4193,262,,0.021884096786379814,0.1432046741247177
,4194,262,,0.023737585172057152,0.20707111060619354
,4195,262,,0.026826055720448494,0.16420823335647583
,4196,262,,0.02015768550336361,0.18733060359954834
,4197,262,,0.0279154721647501,0.14701998233795166
,4198,262,,0.015604411251842976,0.12256606668233871
,4199,262,,0.028544189408421516,0.19175627827644348
,4200,262,,0.027470629662275314,0.14014917612075806
,4201,262,,0.02997644618153572,0.19689568877220154
,4202,262,,0.026455244049429893,0.1903150975704193
,4203,262,,0.02782220020890236,0.13346895575523376
,4204,262,,0.02739788591861725,0.19558778405189514
,4205,262,,0.03632170706987381,0.13952139019966125
,4206,262,,0.01740724965929985,0.11599919199943542
,4207,262,,0.029105084016919136,0.15682795643806458
4208,,263,7.512469892390072e-05,,0.07535973191261292
4209,,263,0.0001299598952755332,,0.0160784050822258
4210,,263,0.0023811236023902893,,0.09163494408130646
4211,,263,0.0007452174904756248,,0.15153658390045166
4212,,263,0.0006764759891666472,,0.07673489302396774
4213,,263,0.0003808834298979491,,0.19434715807437897
4214,,263,0.0003563396749086678,,0.07318239659070969
4215,,263,0.0003150641277898103,,0.05624327063560486
4216,,263,0.0002782637602649629,,0.05605020374059677
4217,,263,0.0004701349826063961,,0.08053276687860489
4218,,263,0.00032537017250433564,,0.09364411979913712
4219,,263,0.00014336450840346515,,0.12166424095630646
4220,,263,0.00037974774022586644,,0.11089839041233063
4221,,263,5.798483834951185e-05,,0.06804049760103226
4222,,263,0.0007396197761408985,,0.11953423917293549
4223,,263,0.000481761759147048,,0.1073957160115242
,4208,263,,0.030256159603595734,0.1837868094444275
,4209,263,,0.021690092980861664,0.13779371976852417
,4210,263,,0.016309011727571487,0.13528379797935486
,4211,263,,0.02800188958644867,0.19126175343990326
,4212,263,,0.024396080523729324,0.17085608839988708
,4213,263,,0.027831997722387314,0.11951181292533875
,4214,263,,0.018150201067328453,0.12676379084587097
,4215,263,,0.02884114719927311,0.13298065960407257
,4216,263,,0.027130834758281708,0.18522177636623383
,4217,263,,0.012719865888357162,0.1335100531578064
,4218,263,,0.030791128054261208,0.1579951047897339
,4219,263,,0.02097945287823677,0.1601836383342743
,4220,263,,0.024077918380498886,0.1836909055709839
,4221,263,,0.019092608243227005,0.13711485266685486
,4222,263,,0.018090900033712387,0.14148321747779846
,4223,263,,0.031258873641490936,0.1624407023191452
4224,,264,4.5801065425621346e-05,,0.039593134075403214
4225,,264,0.0006504157208837569,,0.14312246441841125
4226,,264,0.00031454459531232715,,0.19538849592208862
4227,,264,0.0009533913107588887,,0.14900176227092743
4228,,264,0.00024865008890628815,,0.14350861310958862
4229,,264,0.0002677585871424526,,0.1707402467727661
4230,,264,0.00043499338789843023,,0.12952905893325806
4231,,264,0.0005575973191298544,,0.0016853176057338715
4232,,264,0.00016798947763163596,,0.044890739023685455
4233,,264,0.00031965249218046665,,0.09163245558738708
4234,,264,0.00015002564759925008,,0.2492414265871048
4235,,264,0.0005172789678908885,,0.16156379878520966
4236,,264,0.0002648564986884594,,0.1473475843667984
4237,,264,0.0002035701327258721,,0.08197519183158875
4238,,264,0.0005918149254284799,,0.13716593384742737
4239,,264,0.0001332619140157476,,0.0990949347615242
,4224,264,,0.03368983417749405,0.12710759043693542
,4225,264,,0.035624004900455475,0.1664964258670807
,4226,264,,0.014842837117612362,0.14697888493537903
,4227,264,,0.026898985728621483,0.16520223021507263
,4228,264,,0.024751348420977592,0.11669547855854034
,4229,264,,0.03203476592898369,0.14263916015625
,4230,264,,0.026096899062395096,0.14683564007282257
,4231,264,,0.023702111095190048,0.14358583092689514
,4232,264,,0.020640209317207336,0.1399100124835968
,4233,264,,0.02934318035840988,0.14320093393325806
,4234,264,,0.030406320467591286,0.1864536851644516
,4235,264,,0.017977412790060043,0.10228122025728226
,4236,264,,0.021900635212659836,0.12860605120658875
,4237,264,,0.03163442015647888,0.1419416069984436
,4238,264,,0.022107262164354324,0.14147576689720154
,4239,264,,0.019081540405750275,0.15649041533470154
4240,,265,0.0001478109770687297,,0.030774176120758057
4241,,265,0.00037218796205706894,,0.07032495737075806
4242,,265,0.0007038211333565414,,0.10983587801456451
4243,,265,0.00041866759420372546,,0.08337153494358063
4244,,265,0.0005271102418191731,,0.17392155528068542
4245,,265,9.093913831748068e-05,,0.13413411378860474
4246,,265,0.0013443143106997013,,0.1534785032272339
4247,,265,0.0006669164285995066,,0.09944993257522583
4248,,265,0.00046725154970772564,,0.17637042701244354
4249,,265,0.0011374031892046332,,0.08522127568721771
4250,,265,0.0010248245671391487,,0.18658696115016937
4251,,265,0.00035744477645494044,,0.09289053082466125
4252,,265,0.0003275388735346496,,0.044249244034290314
4253,,265,0.0001591306645423174,,0.14840012788772583
4254,,265,0.0002197689318563789,,0.13751345872879028
4255,,265,0.00029096053913235664,,0.11257748305797577
,4240,265,,0.019816620275378227,0.17659088969230652
,4241,265,,0.021470900624990463,0.13488271832466125
,4242,265,,0.01736803725361824,0.13662034273147583
,4243,265,,0.032259948551654816,0.1741071492433548
,4244,265,,0.031244587153196335,0.14957723021507263
,4245,265,,0.026148267090320587,0.15493836998939514
,4246,265,,0.026743458583950996,0.17405855655670166
,4247,265,,0.029389798641204834,0.1724330335855484
,4248,265,,0.021255582571029663,0.09518244862556458
,4249,265,,0.03851841017603874,0.2064657360315323
,4250,265,,0.025575391948223114,0.2067621946334839
,4251,265,,0.022752420976758003,0.16553232073783875
,4252,265,,0.027181824669241905,0.17912572622299194
,4253,265,,0.029256371781229973,0.16414470970630646
,4254,265,,0.029491789638996124,0.14557257294654846
,4255,265,,0.03250332921743393,0.20129519701004028
4256,,266,0.0004096840275451541,,0.10976114124059677
4257,,266,0.0001277636765735224,,0.10957430303096771
4258,,266,0.00013627629959955812,,0.09780945628881454
4259,,266,0.0003391142818145454,,0.015570192597806454
4260,,266,4.06974577344954e-05,,0.023671675473451614
4261,,266,0.0004913406446576118,,0.053714677691459656
4262,,266,0.0002208585647167638,,0.07671371847391129
4263,,266,0.0004174285277258605,,0.0224522203207016
4264,,266,0.00021745270350947976,,0.10081762075424194
4265,,266,0.00035497857606969774,,0.2178705930709839
4266,,266,0.0005743575748056173,,0.1315382421016693
4267,,266,0.00016355726984329522,,0.04678905010223389
4268,,266,0.000403195881517604,,0.2358572781085968
4269,,266,0.00045244517968967557,,0.11900235712528229
4270,,266,0.00020880266674794257,,0.028568189591169357
4271,,266,0.0002637568977661431,,0.08814971148967743
,4256,266,,0.02281355857849121,0.1687784045934677
,4257,266,,0.022532058879733086,0.11956039816141129
,4258,266,,0.021589428186416626,0.16706693172454834
,4259,266,,0.02927589602768421,0.1668439507484436
,4260,266,,0.013794807717204094,0.06616709381341934
,4261,266,,0.0359339714050293,0.1431523561477661
,4262,266,,0.021069569513201714,0.11456423997879028
,4263,266,,0.017280463129281998,0.11959900707006454
,4264,266,,0.03021349385380745,0.19499114155769348
,4265,266,,0.01720532402396202,0.12821492552757263
,4266,266,,0.027971606701612473,0.14413639903068542
,4267,266,,0.023376425728201866,0.10557587444782257
,4268,266,,0.017152611166238785,0.1237967312335968
,4269,266,,0.026482755318284035,0.15527218580245972
,4270,266,,0.017611771821975708,0.14289700984954834
,4271,266,,0.02065269835293293,0.17331244051456451
4272,,267,0.0006590256816707551,,0.07551294565200806
4273,,267,0.00038748624501749873,,0.12326735258102417
4274,,267,0.00016310709179379046,,0.09629853069782257
4275,,267,0.00013101597141940147,,0.08092264831066132
4276,,267,2.043021231656894e-05,,0.02803008444607258
4277,,267,0.00012564117787405849,,0.07994235306978226
4278,,267,0.0004789739614352584,,0.1436144858598709
4279,,267,0.00012345067807473242,,0.05048977583646774
4280,,267,0.000483910262119025,,0.1091919019818306
4281,,267,0.0003064235206693411,,0.1676996946334839
4282,,267,0.0002814089530147612,,0.07185706496238708
4283,,267,0.00019241843256168067,,0.02152547985315323
4284,,267,0.00019597935897763819,,0.04230857267975807
4285,,267,0.00010081871732836589,,0.05934859439730644
4286,,267,0.00023206553305499256,,0.05060063675045967
4287,,267,0.00022820413869339973,,0.17650869488716125
,4272,267,,0.03418556600809097,0.15499566495418549
,4273,267,,0.027053402736783028,0.14490866661071777
,4274,267,,0.02106771618127823,0.16617880761623383
,4275,267,,0.02035392075777054,0.10864631831645966
,4276,267,,0.0238955095410347,0.18669036030769348
,4277,267,,0.02061464823782444,0.1501116156578064
,4278,267,,0.035523273050785065,0.16738581657409668
,4279,267,,0.01788637787103653,0.10045639425516129
,4280,267,,0.03202706202864647,0.14251959323883057
,4281,267,,0.022141020745038986,0.15963433682918549
,4282,267,,0.023030636832118034,0.13203275203704834
,4283,267,,0.02331656962633133,0.15619394183158875
,4284,267,,0.03507467359304428,0.19044587016105652
,4285,267,,0.02159816212952137,0.14451132714748383
,4286,267,,0.019635673612356186,0.09891307353973389
,4287,267,,0.018810216337442398,0.09923319518566132
4288,,268,0.00015767534205224365,,0.04048997536301613
4289,,268,0.0006403811858035624,,0.10768096148967743
4290,,268,0.00022404770425055176,,0.06936956942081451
4291,,268,6.464587931986898e-05,,0.07839779555797577
4292,,268,0.0002861472312361002,,0.1337193101644516
4293,,268,0.0004392690025269985,,0.1483241617679596
4294,,268,0.0006324637797661126,,0.11073272675275803
4295,,268,0.0002490895567461848,,0.06706767529249191
4296,,268,6.839123670943081e-05,,0.12282142043113708
4297,,268,0.00023156040697358549,,0.10037417709827423
4298,,268,0.0006662309169769287,,0.2494419515132904
4299,,268,0.00025090351118706167,,0.15956707298755646
4300,,268,0.00020547330495901406,,0.06909304112195969
4301,,268,0.0005458696978166699,,0.20655791461467743
4302,,268,0.00031660444801673293,,0.05800332874059677
4303,,268,0.0001392135745845735,,0.02311737649142742
,4288,268,,0.026545807719230652,0.17862622439861298
,4289,268,,0.028511013835668564,0.16944605112075806
,4290,268,,0.03201263025403023,0.15080417692661285
,4291,268,,0.02775934338569641,0.1559273898601532
,4292,268,,0.019507315009832382,0.08939158916473389
,4293,268,,0.0308944471180439,0.1506185680627823
,4294,268,,0.021602030843496323,0.11898616701364517
,4295,268,,0.03355278819799423,0.16479864716529846
,4296,268,,0.029143834486603737,0.21592868864536285
,4297,268,,0.02940772846341133,0.11071528494358063
,4298,268,,0.035448215901851654,0.18248265981674194
,4299,268,,0.03326607868075371,0.18432989716529846
,4300,268,,0.019932135939598083,0.11426901817321777
,4301,268,,0.02760372683405876,0.1512451171875
,4302,268,,0.012362224981188774,0.12362857162952423
,4303,268,,0.018301010131835938,0.11815036088228226
4304,,269,0.0005607827333733439,,0.22032570838928223
4305,,269,0.00016684462025295943,,0.07328453660011292
4306,,269,0.00033089579665102065,,0.0335954949259758
4307,,269,0.0009467076743021607,,0.14450883865356445
4308,,269,0.0004492979496717453,,0.1019548699259758
4309,,269,0.00033181937760673463,,0.11384053528308868
4310,,269,0.0003126667579635978,,0.052654653787612915
4311,,269,0.000551955949049443,,0.10950455069541931
4312,,269,0.00044328486546874046,,0.11015599966049194
4313,,269,0.0007972695748321712,,0.11676149815320969
4314,,269,6.711279274895787e-05,,0.06166793033480644
4315,,269,0.0003395593957975507,,0.07510687410831451
4316,,269,0.00025812964304350317,,0.11804946511983871
4317,,269,0.000480565067846328,,0.08085040748119354
4318,,269,0.00014414476754609495,,0.05442218482494354
4319,,269,0.00010171782923862338,,0.023828623816370964
,4304,269,,0.02667049877345562,0.14010432362556458
,4305,269,,0.025036513805389404,0.14344879984855652
,4306,269,,0.01449616253376007,0.1801408976316452
,4307,269,,0.019331932067871094,0.13017304241657257
,4308,269,,0.023073717951774597,0.12689083814620972
,4309,269,,0.013003804720938206,0.16711676120758057
,4310,269,,0.02270503342151642,0.11661950498819351
,4311,269,,0.02594844438135624,0.12335827946662903
,4312,269,,0.018462713807821274,0.12964364886283875
,4313,269,,0.021745461970567703,0.1251469850540161
,4314,269,,0.024192089214920998,0.11344069242477417
,4315,269,,0.013537663966417313,0.13143609464168549
,4316,269,,0.02363721653819084,0.1418369859457016
,4317,269,,0.030014343559741974,0.1595458984375
,4318,269,,0.013188899494707584,0.08926329016685486
,4319,269,,0.019869364798069,0.10581254214048386
4320,,270,9.504836634732783e-05,,0.1169869601726532
4321,,270,6.443793245125562e-05,,0.0574863962829113
4322,,270,0.00029232146334834397,,0.10400017350912094
4323,,270,8.743569196667522e-05,,0.09537553042173386
4324,,270,7.52574997022748e-05,,0.07532361149787903
4325,,270,0.0006201076321303844,,0.0567888543009758
4326,,270,0.0001300066796829924,,0.19965098798274994
4327,,270,0.0006379574770107865,,0.11543118208646774
4328,,270,0.00018653104780241847,,0.11109644174575806
4329,,270,0.0004754866531584412,,0.1156354695558548
4330,,270,0.00021551060490310192,,0.12833450734615326
4331,,270,0.0002587098570074886,,0.07240761816501617
4332,,270,0.0003282106772530824,,0.17583605647087097
4333,,270,0.0011159557616338134,,0.01760428212583065
4334,,270,0.0017765017691999674,,0.1692417711019516
4335,,270,0.0005222454783506691,,0.12143131345510483
,4320,270,,0.02112620882689953,0.1713505983352661
,4321,270,,0.02674020640552044,0.11251145601272583
,4322,270,,0.028597919270396233,0.16296635568141937
,4323,270,,0.021185625344514847,0.16186897456645966
,4324,270,,0.022239860147237778,0.1744546741247177
,4325,270,,0.018223261460661888,0.1378422975540161
,4326,270,,0.020236166194081306,0.1237531304359436
,4327,270,,0.02560986392199993,0.15828284621238708
,4328,270,,0.02623315155506134,0.1685703694820404
,4329,270,,0.029866987839341164,0.1396920382976532
,4330,270,,0.019886871799826622,0.15348099172115326
,4331,270,,0.022980399429798126,0.1297345906496048
,4332,270,,0.029594052582979202,0.13703015446662903
,4333,270,,0.026225566864013672,0.14844122529029846
,4334,270,,0.026298804208636284,0.14322710037231445
,4335,270,,0.027773022651672363,0.15406766533851624
4336,,271,0.00012942770263180137,,0.06326231360435486
4337,,271,0.00031852329266257584,,0.11329993605613708
4338,,271,0.00023679267906118184,,0.0524466373026371
4339,,271,0.0006611705757677555,,0.1339360475540161
4340,,271,0.0001339149457635358,,0.21490603685379028
4341,,271,0.00013663587742485106,,0.02755550481379032
4342,,271,0.0004795608692802489,,0.09526839852333069
4343,,271,8.49670177558437e-05,,0.08313485980033875
4344,,271,0.0002260099572595209,,0.05467255041003227
4345,,271,0.00021660971106030047,,0.11904346942901611
4346,,271,0.0003222998057026416,,0.04277443513274193
4347,,271,0.00022568604617845267,,0.10784787684679031
4348,,271,3.1571918952977285e-05,,0.038069743663072586
4349,,271,0.0002502196584828198,,0.1217041015625
4350,,271,0.0003497712896205485,,0.06048832833766937
4351,,271,0.00030023427098058164,,0.1460658460855484
,4336,271,,0.018253851681947708,0.13424994051456451
,4337,271,,0.02075447328388691,0.14475172758102417
,4338,271,,0.018802087754011154,0.17089968919754028
,4339,271,,0.02356993779540062,0.15463443100452423
,4340,271,,0.01031256839632988,0.09152033925056458
,4341,271,,0.022586600854992867,0.13441559672355652
,4342,271,,0.021174583584070206,0.1297084242105484
,4343,271,,0.021968819200992584,0.14120794832706451
,4344,271,,0.0207669734954834,0.12517812848091125
,4345,271,,0.021673239767551422,0.12250378727912903
,4346,271,,0.020969435572624207,0.14047053456306458
,4347,271,,0.029724353924393654,0.1603119671344757
,4348,271,,0.01704765111207962,0.15429437160491943
,4349,271,,0.03464089706540108,0.2270520180463791
,4350,271,,0.024520713835954666,0.11280417442321777
,4351,271,,0.02102777734398842,0.16007652878761292
4352,,272,0.00017239303269889206,,0.046893682330846786
4353,,272,0.00015325845743063837,,0.14659398794174194
4354,,272,0.000186608376679942,,0.10256397724151611
4355,,272,0.0007017538300715387,,0.1729474663734436
4356,,272,0.0003857737174257636,,0.14388850331306458
4357,,272,8.922877168515697e-05,,0.06686588376760483
4358,,272,0.00014727949746884406,,0.06463871896266937
4359,,272,0.0007380128372460604,,0.12005490064620972
4360,,272,0.00018808688037097454,,0.06874177604913712
4361,,272,0.00022351794177666306,,0.12530145049095154
4362,,272,0.00036020739935338497,,0.1621255725622177
4363,,272,0.00041131474426947534,,0.1324201375246048
4364,,272,0.000246756972046569,,0.05439602583646774
4365,,272,0.00046517152804881334,,0.0739571675658226
4366,,272,8.431210881099105e-05,,0.02738485485315323
4367,,272,0.00023796322057023644,,0.1436680406332016
,4352,272,,0.029647689312696457,0.18752366304397583
,4353,272,,0.027821777388453484,0.14588896930217743
,4354,272,,0.03793372958898544,0.13975556194782257
,4355,272,,0.024575702846050262,0.12776651978492737
,4356,272,,0.030010933056473732,0.13509944081306458
,4357,272,,0.030160222202539444,0.15242470800876617
,4358,272,,0.029763199388980865,0.16811075806617737
,4359,272,,0.02805795706808567,0.12072505056858063
,4360,272,,0.01781882904469967,0.12009476125240326
,4361,272,,0.0231834314763546,0.1408604085445404
,4362,272,,0.031571775674819946,0.1375831961631775
,4363,272,,0.028147123754024506,0.15364417433738708
,4364,272,,0.0304064080119133,0.1419677734375
,4365,272,,0.02723858878016472,0.13105244934558868
,4366,272,,0.024599291384220123,0.15357691049575806
,4367,272,,0.03191152960062027,0.18811285495758057
4368,,273,0.00015889503993093967,,0.12832453846931458
4369,,273,0.00022767347400076687,,0.019021794199943542
4370,,273,0.0006509000668302178,,0.11211784183979034
4371,,273,0.0006511207320727408,,0.14115937054157257
4372,,273,5.7642519095679745e-05,,0.03613032028079033
4373,,273,1.1671217180264648e-05,,0.08078065514564514
4374,,273,0.00013134826440364122,,0.12083341181278229
4375,,273,0.00022428113152273,,0.07169140130281448
4376,,273,5.1040853577433154e-05,,0.0877511203289032
4377,,273,9.246902482118458e-05,,0.05370968580245972
4378,,273,4.030741183669306e-05,,0.14925339818000793
4379,,273,0.00016125821275636554,,0.07832056283950806
4380,,273,0.00013681930431630462,,0.09947111457586288
4381,,273,3.3393818739568815e-05,,0.05850904807448387
4382,,273,0.00013646743900608271,,0.10344462841749191
4383,,273,7.407581870211288e-05,,0.029513612389564514
,4368,273,,0.027201125398278236,0.17013487219810486
,4369,273,,0.015212204307317734,0.10544383525848389
,4370,273,,0.022876637056469917,0.15938147902488708
,4371,273,,0.032883718609809875,0.20033854246139526
,4372,273,,0.02675691619515419,0.13569360971450806
,4373,273,,0.018341146409511566,0.13266925513744354
,4374,273,,0.019412275403738022,0.1272146999835968
,4375,273,,0.022515300661325455,0.13961106538772583
,4376,273,,0.017836902290582657,0.1251669079065323
,4377,273,,0.013408576138317585,0.08221186697483063
,4378,273,,0.025567028671503067,0.14241743087768555
,4379,273,,0.014444924890995026,0.12199558317661285
,4380,273,,0.026585083454847336,0.15937525033950806
,4381,273,,0.025301717221736908,0.10879579186439514
,4382,273,,0.024106573313474655,0.16615638136863708
,4383,273,,0.019379284232854843,0.10717399418354034
4384,,274,0.0004271355865057558,,0.1489344984292984
4385,,274,0.00012709639850072563,,0.10367132723331451
4386,,274,0.0008416264317929745,,0.08271883428096771
4387,,274,0.00010230222687823698,,0.01645333506166935
4388,,274,0.00010759387805592269,,0.07082195580005646
4389,,274,0.00021462836593855172,,0.08967559039592743
4390,,274,0.00025700972764752805,,0.11343570053577423
4391,,274,0.0013843283522874117,,0.1483590304851532
4392,,274,0.0004922624211758375,,0.07614322751760483
4393,,274,5.431430327007547e-05,,0.07463852316141129
4394,,274,0.00013810762902721763,,0.09916967153549194
4395,,274,0.0003449115320108831,,0.08718311786651611
4396,,274,0.00014313726569525898,,0.08420360088348389
4397,,274,0.00013574818149209023,,0.10191251337528229
4398,,274,0.0004170535539742559,,0.07274144887924194
4399,,274,0.0006753472844138741,,0.1761636584997177
,4384,274,,0.026842918246984482,0.1374349743127823
,4385,274,,0.015566064044833183,0.13576585054397583
,4386,274,,0.01840059459209442,0.13719457387924194
,4387,274,,0.03050914593040943,0.1645943820476532
,4388,274,,0.026949521154165268,0.14513537287712097
,4389,274,,0.03072529286146164,0.16119384765625
,4390,274,,0.025305885821580887,0.17745660245418549
,4391,274,,0.020584478974342346,0.15007424354553223
,4392,274,,0.01979873888194561,0.15744206309318542
,4393,274,,0.01642497628927231,0.11546356976032257
,4394,274,,0.0171203576028347,0.13788090646266937
,4395,274,,0.027689676731824875,0.18765321373939514
,4396,274,,0.027744874358177185,0.16327153146266937
,4397,274,,0.023375554010272026,0.17644640803337097
,4398,274,,0.031400471925735474,0.14264290034770966
,4399,274,,0.02579566463828087,0.13628029823303223
4400,,275,0.00024511670926585793,,0.09922447800636292
4401,,275,0.00019694905495271087,,0.1046578586101532
4402,,275,0.0008024774142540991,,0.08740608394145966
4403,,275,0.0006487352657131851,,0.16295389831066132
4404,,275,0.00017095994553528726,,0.07787711918354034
4405,,275,0.00031426764326170087,,0.031739525496959686
4406,,275,0.0003910122031811625,,0.05303705856204033
4407,,275,0.00020540070545393974,,0.03235236927866936
4408,,275,0.0001819821773096919,,0.15812216699123383
4409,,275,0.0004855056176893413,,0.19498366117477417
4410,,275,0.00017965365259442478,,0.10674799978733063
4411,,275,0.00028088429826311767,,0.06529141962528229
4412,,275,8.197771239792928e-05,,0.06122946739196777
4413,,275,0.00027686363318935037,,0.19068503379821777
4414,,275,0.0002416913048364222,,0.11470748484134674
4415,,275,0.0007248936453834176,,0.16807587444782257
,4400,275,,0.019390495494008064,0.15040308237075806
,4401,275,,0.016941865906119347,0.13356609642505646
,4402,275,,0.020344454795122147,0.19082579016685486
,4403,275,,0.029464876279234886,0.17047616839408875
,4404,275,,0.03813531994819641,0.18482068181037903
,4405,275,,0.0224667489528656,0.12515321373939514
,4406,275,,0.02892674319446087,0.12119090557098389
,4407,275,,0.026205360889434814,0.14935053884983063
,4408,275,,0.03088468499481678,0.19360226392745972
,4409,275,,0.02034338191151619,0.14557133615016937
,4410,275,,0.026336900889873505,0.17820148169994354
,4411,275,,0.01720512844622135,0.12386275827884674
,4412,275,,0.02445559948682785,0.1909952014684677
,4413,275,,0.025628548115491867,0.15254056453704834
,4414,275,,0.02101748064160347,0.16042780876159668
,4415,275,,0.02850279211997986,0.21846476197242737
4416,,276,8.389336289837956e-05,,0.08125149458646774
4417,,276,0.00018644204828888178,,0.10095588117837906
4418,,276,0.0002460087707731873,,0.0819440484046936
4419,,276,0.00040616074693389237,,0.14173859357833862
4420,,276,0.00014798151096329093,,0.11042630672454834
4421,,276,0.00018279974756296724,,0.020297301933169365
4422,,276,0.0002116478281095624,,0.0605904720723629
4423,,276,4.89014018967282e-05,,0.004586356226354837
4424,,276,0.0002812246384564787,,0.1384202539920807
4425,,276,5.331735155778006e-05,,0.09237110614776611
4426,,276,0.0001063569143298082,,0.12547582387924194
4427,,276,0.00025977008044719696,,0.15423333644866943
4428,,276,0.0002353593590669334,,0.027128256857395172
4429,,276,0.0005548654007725418,,0.07523517310619354
4430,,276,0.0001361498434562236,,0.06256353110074997
4431,,276,0.00024667303659953177,,0.06883146613836288
,4416,276,,0.022464163601398468,0.17441105842590332
,4417,276,,0.018033452332019806,0.12723588943481445
,4418,276,,0.031122688204050064,0.18869206309318542
,4419,276,,0.0321730338037014,0.19031384587287903
,4420,276,,0.021661803126335144,0.15014897286891937
,4421,276,,0.02307332120835781,0.14663510024547577
,4422,276,,0.0335979163646698,0.16507020592689514
,4423,276,,0.02972366288304329,0.17234833538532257
,4424,276,,0.023318614810705185,0.10157620161771774
,4425,276,,0.027379726991057396,0.17239691317081451
,4426,276,,0.01769295148551464,0.13506083190441132
,4427,276,,0.022235389798879623,0.12714868783950806
,4428,276,,0.021160785108804703,0.15611296892166138
,4429,276,,0.030834773555397987,0.17415571212768555
,4430,276,,0.03332313522696495,0.14574198424816132
,4431,276,,0.03222670406103134,0.15415486693382263
4432,,277,0.00030489795608446,,0.08239621669054031
4433,,277,0.0001076934058801271,,0.13881511986255646
4434,,277,8.111672650557011e-05,,0.07319236546754837
4435,,277,0.00021484130411408842,,0.21820567548274994
4436,,277,0.00012459125719033182,,0.05597919970750809
4437,,277,6.052097160136327e-05,,0.045062627643346786
4438,,277,0.0008601399604231119,,0.21844357252120972
4439,,277,0.00032674428075551987,,0.08205118030309677
4440,,277,4.2766405385918915e-05,,0.022569306194782257
4441,,277,0.00017537971143610775,,0.07697280496358871
4442,,277,0.00017952376219909638,,0.19784358143806458
4443,,277,0.00019010636606253684,,0.0695887953042984
4444,,277,0.00019078009063377976,,0.16880455613136292
4445,,277,0.0006076893769204617,,0.1261521875858307
4446,,277,0.00010553711763350293,,0.044987890869379044
4447,,277,8.576026448281482e-05,,0.05211032181978226
,4432,277,,0.02516847662627697,0.14302530884742737
,4433,277,,0.026456478983163834,0.17928890883922577
,4434,277,,0.02586088888347149,0.1418021023273468
,4435,277,,0.02951308898627758,0.20325827598571777
,4436,277,,0.0272776298224926,0.1641584038734436
,4437,277,,0.030138414353132248,0.1788691282272339
,4438,277,,0.023564651608467102,0.1392037570476532
,4439,277,,0.029157321900129318,0.14948630332946777
,4440,277,,0.025686105713248253,0.23056341707706451
,4441,277,,0.02346598356962204,0.1316702663898468
,4442,277,,0.020030587911605835,0.12474838644266129
,4443,277,,0.03081759437918663,0.2269386649131775
,4444,277,,0.020629702135920525,0.1442185938358307
,4445,277,,0.020092464983463287,0.14830422401428223
,4446,277,,0.013925764709711075,0.07380769401788712
,4447,277,,0.018658287823200226,0.13887366652488708
4448,,278,0.0006298949592746794,,0.09233497083187103
4449,,278,0.0001935070613399148,,0.04989810660481453
4450,,278,0.0011251948308199644,,0.16368632018566132
4451,,278,0.0001029107952490449,,0.10564687103033066
4452,,278,0.00015213785809464753,,0.09332649409770966
4453,,278,2.4196531740017235e-05,,0.043534256517887115
4454,,278,0.001376894535496831,,0.29029691219329834
4455,,278,0.0005207010544836521,,0.13812255859375
4456,,278,0.00010984016989823431,,0.023197095841169357
4457,,278,0.00013382811448536813,,0.03965167701244354
4458,,278,1.93887190107489e-05,,0.02253692038357258
4459,,278,0.0003850455104839057,,0.10136693716049194
4460,,278,0.0006829802878201008,,0.15782694518566132
4461,,278,0.000517002772539854,,0.12230324000120163
4462,,278,6.330210453597829e-05,,0.05439478158950806
4463,,278,0.0004514844622462988,,0.11991415172815323
,4448,278,,0.019594773650169373,0.13641980290412903
,4449,278,,0.01860770583152771,0.17419558763504028
,4450,278,,0.01796610653400421,0.0944737046957016
,4451,278,,0.022787410765886307,0.13931211829185486
,4452,278,,0.029309092089533806,0.17551717162132263
,4453,278,,0.019908875226974487,0.10849186033010483
,4454,278,,0.020954066887497902,0.15659752488136292
,4455,278,,0.023596452549099922,0.17264726758003235
,4456,278,,0.01540999673306942,0.1966191530227661
,4457,278,,0.014844033867120743,0.10590596497058868
,4458,278,,0.022464171051979065,0.20847241580486298
,4459,278,,0.019343595951795578,0.10492192208766937
,4460,278,,0.017482001334428787,0.1507655382156372
,4461,278,,0.020651988685131073,0.1375645250082016
,4462,278,,0.02374441921710968,0.13677231967449188
,4463,278,,0.016446217894554138,0.11696578562259674
4464,,279,6.918915460119024e-05,,0.08892323821783066
4465,,279,0.0001387691736454144,,0.06788603961467743
4466,,279,0.00010027742973761633,,0.2168927937746048
4467,,279,0.00046588951954618096,,0.18383415043354034
4468,,279,0.0011945560108870268,,0.196306511759758
4469,,279,0.00035742251202464104,,0.08617043495178223
4470,,279,5.4709656978957355e-05,,0.022153271362185478
4471,,279,0.00019049487309530377,,0.12256233394145966
4472,,279,0.000344022992067039,,0.15696373581886292
4473,,279,0.0001448896509828046,,0.11447703838348389
4474,,279,0.0001708458730718121,,0.07658043503761292
4475,,279,0.0003264670667704195,,0.11002396792173386
4476,,279,8.651177631691098e-05,,0.0816999152302742
4477,,279,0.0005697794840671122,,0.21693016588687897
4478,,279,0.000271456316113472,,0.09501678496599197
4479,,279,0.00037685997085645795,,0.15011659264564514
,4464,279,,0.017718587070703506,0.12211515754461288
,4465,279,,0.02176053076982498,0.1085641086101532
,4466,279,,0.021171122789382935,0.13615074753761292
,4467,279,,0.020411014556884766,0.21910002827644348
,4468,279,,0.020477289333939552,0.14610819518566132
,4469,279,,0.023330578580498695,0.14822199940681458
,4470,279,,0.01775779202580452,0.15229766070842743
,4471,279,,0.029646925628185272,0.1779697984457016
,4472,279,,0.014070406556129456,0.14476044476032257
,4473,279,,0.02347894385457039,0.1634683459997177
,4474,279,,0.020272597670555115,0.1984788477420807
,4475,279,,0.011354658752679825,0.16335250437259674
,4476,279,,0.0239348616451025,0.18076246976852417
,4477,279,,0.02135378308594227,0.15846595168113708
,4478,279,,0.030011530965566635,0.17534154653549194
,4479,279,,0.02252371981739998,0.10327771306037903
4480,,280,0.0003062162722926587,,0.25644731521606445
4481,,280,0.0001484863751102239,,0.0576259084045887
4482,,280,1.605299439688679e-05,,0.05762964487075806
4483,,280,0.00011550641647772864,,0.046108946204185486
4484,,280,0.00029620795976370573,,0.030358141288161278
4485,,280,0.00011843279207823798,,0.02950613759458065
4486,,280,7.374738925136626e-05,,0.08428457379341125
4487,,280,0.0007724075112491846,,0.15839993953704834
4488,,280,0.00010095414472743869,,0.027287699282169342
4489,,280,0.0007890609558671713,,0.14588646590709686
4490,,280,0.00028825851040892303,,0.07941172271966934
4491,,280,0.0002977092226501554,,0.11674904823303223
4492,,280,0.00023493112530559301,,0.1039690226316452
4493,,280,0.0002654014970175922,,0.09686030447483063
4494,,280,8.02679278422147e-05,,0.12851886451244354
4495,,280,0.0006475230329670012,,0.032628897577524185
,4480,280,,0.02517864853143692,0.1362641155719757
,4481,280,,0.04182158783078194,0.11634297668933868
,4482,280,,0.029585085809230804,0.17965388298034668
,4483,280,,0.031448885798454285,0.14476045966148376
,4484,280,,0.03380868583917618,0.18822991847991943
,4485,280,,0.021377144381403923,0.13982903957366943
,4486,280,,0.05148930102586746,0.14628258347511292
,4487,280,,0.03129551187157631,0.16154760122299194
,4488,280,,0.03239520266652107,0.14341019093990326
,4489,280,,0.04250027984380722,0.18708395957946777
,4490,280,,0.03163440525531769,0.10424929857254028
,4491,280,,0.0247475765645504,0.11557318270206451
,4492,280,,0.03553047031164169,0.1736699342727661
,4493,280,,0.030132289975881577,0.13770028948783875
,4494,280,,0.041567590087652206,0.15941885113716125
,4495,280,,0.0242280475795269,0.11947569251060486
4496,,281,0.000277901126537472,,0.037212759256362915
4497,,281,0.0003288039588369429,,0.04293013736605644
4498,,281,0.0009685612167231739,,0.1790846288204193
4499,,281,7.621875556651503e-05,,0.08033472299575806
4500,,281,0.00017717815353535116,,0.0550885871052742
4501,,281,0.0002696792653296143,,0.14327940344810486
4502,,281,0.00023742734629195184,,0.08954853564500809
4503,,281,0.0002649958187248558,,0.0461251363158226
4504,,281,8.959211845649406e-05,,0.022561831399798393
4505,,281,0.00046683335676789284,,0.07117446511983871
4506,,281,0.00016022383351810277,,0.1153041273355484
4507,,281,6.56175980111584e-05,,0.06663544476032257
4508,,281,0.00016427681839559227,,0.08652667701244354
4509,,281,0.0006779481773264706,,0.11510233581066132
4510,,281,0.00013667164603248239,,0.17000284790992737
4511,,281,0.0003621608775574714,,0.07534478604793549
,4496,281,,0.02338584139943123,0.16262756288051605
,4497,281,,0.019644860178232193,0.1966204047203064
,4498,281,,0.017466183751821518,0.1690237820148468
,4499,281,,0.03098156489431858,0.15867644548416138
,4500,281,,0.018274037167429924,0.11522441357374191
,4501,281,,0.028828948736190796,0.15460330247879028
,4502,281,,0.024340825155377388,0.13309401273727417
,4503,281,,0.021632498130202293,0.1172659769654274
,4504,281,,0.021720504388213158,0.1496332883834839
,4505,281,,0.02003992721438408,0.1366938352584839
,4506,281,,0.025079838931560516,0.1341913938522339
,4507,281,,0.01856454834342003,0.14786949753761292
,4508,281,,0.02515295334160328,0.2040928453207016
,4509,281,,0.018964216113090515,0.0944475531578064
,4510,281,,0.01660887338221073,0.13666768372058868
,4511,281,,0.0246855691075325,0.12841174006462097
4512,,282,0.00011049671593355015,,0.0356706902384758
4513,,282,0.00022560529760085046,,0.06297457963228226
4514,,282,8.128114131977782e-05,,0.0834873765707016
4515,,282,0.0003097217995673418,,0.07688810676336288
4516,,282,0.00019293786317575723,,0.07036232203245163
4517,,282,4.910673669655807e-05,,0.0296630859375
4518,,282,0.00021567119983956218,,0.0799473375082016
4519,,282,0.00021182979980949312,,0.12038997560739517
4520,,282,0.00028086063684895635,,0.07544692605733871
4521,,282,0.00022872806584928185,,0.08048045635223389
4522,,282,0.0008626296184957027,,0.07895084470510483
4523,,282,0.0008014098275452852,,0.08381248265504837
4524,,282,0.0003199419879820198,,0.1097673699259758
4525,,282,0.0001344923657597974,,0.0697457492351532
4526,,282,0.00010927893890766427,,0.11431760340929031
4527,,282,0.0005278481403365731,,0.0608782097697258
,4512,282,,0.021710408851504326,0.12830710411071777
,4513,282,,0.024003490805625916,0.15171471238136292
,4514,282,,0.022876087576150894,0.14263916015625
,4515,282,,0.020206913352012634,0.1895664781332016
,4516,282,,0.023147771134972572,0.0983450785279274
,4517,282,,0.032818760722875595,0.08807249367237091
,4518,282,,0.028399014845490456,0.14911261200904846
,4519,282,,0.015292100608348846,0.18051458895206451
,4520,282,,0.01367274671792984,0.11978211253881454
,4521,282,,0.019786229357123375,0.13844890892505646
,4522,282,,0.01787465065717697,0.10852424055337906
,4523,282,,0.02330310270190239,0.14868663251399994
,4524,282,,0.02079636976122856,0.1027570441365242
,4525,282,,0.015513554215431213,0.11053591966629028
,4526,282,,0.025437183678150177,0.14896813035011292
,4527,282,,0.019964514300227165,0.1786586195230484
4528,,283,0.00043181696673855186,,0.09423703700304031
4529,,283,0.00034223723923787475,,0.04480478912591934
4530,,283,0.0005203348700888455,,0.11781404167413712
4531,,283,0.00029419746715575457,,0.11091706901788712
4532,,283,0.0005764517700299621,,0.06387640535831451
4533,,283,0.00021173738059587777,,0.17848548293113708
4534,,283,0.00028258078964427114,,0.150390625
4535,,283,0.000567127950489521,,0.08340516686439514
4536,,283,0.00032656738767400384,,0.07088423520326614
4537,,283,0.00030143477488309145,,0.11770567297935486
4538,,283,0.0007148252916522324,,0.06999237835407257
4539,,283,0.00012628035619854927,,0.1753465235233307
4540,,283,0.00037372010410763323,,0.07145597040653229
4541,,283,0.0002658551966305822,,0.048236459493637085
4542,,283,0.00024700138601474464,,0.06931351125240326
4543,,283,0.0009069821098819375,,0.16958680748939514
,4528,283,,0.03484217822551727,0.14771005511283875
,4529,283,,0.03528689593076706,0.1618577539920807
,4530,283,,0.02254142053425312,0.1583687961101532
,4531,283,,0.03905435651540756,0.13693299889564514
,4532,283,,0.029727507382631302,0.1500779688358307
,4533,283,,0.025879478082060814,0.14666873216629028
,4534,283,,0.02814679965376854,0.14364312589168549
,4535,283,,0.026417238637804985,0.14544303715229034
,4536,283,,0.024563927203416824,0.1495622992515564
,4537,283,,0.02743854932487011,0.11651860177516937
,4538,283,,0.03823927789926529,0.15627865493297577
,4539,283,,0.034524548798799515,0.17805823683738708
,4540,283,,0.03207283467054367,0.18515947461128235
,4541,283,,0.033011544495821,0.16217413544654846
,4542,283,,0.02414879761636257,0.13838787376880646
,4543,283,,0.031397316604852676,0.12380670011043549
4544,,284,0.000467213976662606,,0.1092354953289032
4545,,284,0.0003415989922359586,,0.11010243743658066
4546,,284,0.0006534456624649465,,0.12028036266565323
4547,,284,0.0002806893899105489,,0.09203852713108063
4548,,284,0.0001855369919212535,,0.07697778940200806
4549,,284,0.00014786949031986296,,0.18646489083766937
4550,,284,0.0004196533700451255,,0.05004384368658066
4551,,284,0.0002831770689226687,,0.12147615104913712
4552,,284,0.0002129287604475394,,0.06695431470870972
4553,,284,0.0001503045205026865,,0.09296152740716934
4554,,284,0.00010851923434529454,,0.08182945847511292
4555,,284,0.00013058070908300579,,0.05361253395676613
4556,,284,0.0001515295443823561,,0.033855825662612915
4557,,284,0.0003956784203182906,,0.05109016224741936
4558,,284,4.9270038289250806e-05,,0.0284423828125
4559,,284,0.000662200793158263,,0.2835880219936371
,4544,284,,0.028764497488737106,0.16391676664352417
,4545,284,,0.029478374868631363,0.15164870023727417
,4546,284,,0.022815292701125145,0.13669881224632263
,4547,284,,0.02278190478682518,0.14222188293933868
,4548,284,,0.017185408622026443,0.16204708814620972
,4549,284,,0.022126808762550354,0.13273528218269348
,4550,284,,0.028968464583158493,0.1557978391647339
,4551,284,,0.02708108350634575,0.12873809039592743
,4552,284,,0.02356024459004402,0.1436854898929596
,4553,284,,0.03258201479911804,0.20839270949363708
,4554,284,,0.02237270027399063,0.1689889132976532
,4555,284,,0.02455100789666176,0.09084522724151611
,4556,284,,0.023491613566875458,0.1476689577102661
,4557,284,,0.02203330397605896,0.1530163735151291
,4558,284,,0.023905716836452484,0.15276102721691132
,4559,284,,0.021269168704748154,0.1992274671792984
4560,,285,0.0003656881453935057,,0.07186827808618546
4561,,285,0.00011192267993465066,,0.03811707720160484
4562,,285,0.00032475710031576455,,0.05887027829885483
4563,,285,9.193924779538065e-05,,0.10888548195362091
4564,,285,0.00013976823538541794,,0.12773412466049194
4565,,285,0.0013270329218357801,,0.11648871004581451
4566,,285,0.00013910826237406582,,0.06935586780309677
4567,,285,0.0005324495141394436,,0.07306655496358871
4568,,285,0.0006684683030471206,,0.14244359731674194
4569,,285,0.00017449086590204388,,0.09566077589988708
4570,,285,0.00020947518351022154,,0.09945741295814514
4571,,285,0.0003787390305660665,,0.10961540043354034
4572,,285,0.000335362070472911,,0.07349380105733871
4573,,285,0.0008111842907965183,,0.10379838198423386
4574,,285,8.616026752861217e-05,,0.08025749772787094
4575,,285,0.00016113498713821173,,0.050677862018346786
,4560,285,,0.027571825310587883,0.14647814631462097
,4561,285,,0.02975553646683693,0.16280442476272583
,4562,285,,0.022717036306858063,0.11808682978153229
,4563,285,,0.0223580002784729,0.1860426366329193
,4564,285,,0.027637988328933716,0.17099684476852417
,4565,285,,0.040714431554079056,0.2156720757484436
,4566,285,,0.04198702424764633,0.13055294752120972
,4567,285,,0.034269779920578,0.13869927823543549
,4568,285,,0.03255608677864075,0.13127291202545166
,4569,285,,0.035175446420907974,0.1073521226644516
,4570,285,,0.027554120868444443,0.15962934494018555
,4571,285,,0.030451059341430664,0.2170048952102661
,4572,285,,0.048669569194316864,0.15704345703125
,4573,285,,0.03550957143306732,0.14472432434558868
,4574,285,,0.03478056937456131,0.14332300424575806
,4575,285,,0.05083780363202095,0.18100038170814514
4576,,286,0.0006301539251580834,,0.12374690175056458
4577,,286,0.0002459303359501064,,0.042781904339790344
4578,,286,0.00032725598430261016,,0.07114332169294357
4579,,286,0.00010884670336963609,,0.053053248673677444
4580,,286,0.002378415083512664,,0.23956672847270966
4581,,286,0.00012504980259109288,,0.12101652473211288
4582,,286,0.0006435347604565322,,0.10202213376760483
4583,,286,0.00025014037964865565,,0.09943623840808868
4584,,286,0.00016572688764426857,,0.10003413259983063
4585,,286,0.000309353054035455,,0.13847631216049194
4586,,286,8.784695819485933e-05,,0.17123599350452423
4587,,286,0.0005343916709534824,,0.1828264594078064
4588,,286,0.00018236413598060608,,0.07603360712528229
4589,,286,0.00027476210379973054,,0.1344268023967743
4590,,286,0.0006622248329222202,,0.043784625828266144
4591,,286,0.00021383784769568592,,0.08747458457946777
,4576,286,,0.023391030728816986,0.18396244943141937
,4577,286,,0.027400637045502663,0.13421630859375
,4578,286,,0.023869574069976807,0.13653689622879028
,4579,286,,0.012483113445341587,0.1421433985233307
,4580,286,,0.029489651322364807,0.14893075823783875
,4581,286,,0.039866529405117035,0.1483328640460968
,4582,286,,0.03322406858205795,0.13662782311439514
,4583,286,,0.035506173968315125,0.14236387610435486
,4584,286,,0.019304998219013214,0.1423265039920807
,4585,286,,0.025441955775022507,0.14900924265384674
,4586,286,,0.02930993214249611,0.1264909952878952
,4587,286,,0.01371008437126875,0.13665148615837097
,4588,286,,0.026609119027853012,0.14204126596450806
,4589,286,,0.019530747085809708,0.15867769718170166
,4590,286,,0.026152877137064934,0.1296909749507904
,4591,286,,0.028916461393237114,0.1390891671180725
4592,,287,0.0004347400681581348,,0.07097766548395157
4593,,287,0.00021834447397850454,,0.044513311237096786
4594,,287,8.70975200086832e-05,,0.03766990080475807
4595,,287,7.346421625697985e-05,,0.11912567913532257
4596,,287,0.00047250970965251327,,0.08157660067081451
4597,,287,0.00040314855868928134,,0.07878518104553223
4598,,287,0.00037272582994773984,,0.16580013930797577
4599,,287,0.000993698020465672,,0.1350010484457016
4600,,287,0.0002791023289319128,,0.07265549898147583
4601,,287,0.00038701918674632907,,0.19466975331306458
4602,,287,0.00015395040099974722,,0.12002750486135483
4603,,287,0.00026407826226204634,,0.07169139385223389
4604,,287,0.00011825014371424913,,0.20792311429977417
4605,,287,0.00044911226723343134,,0.1109183207154274
4606,,287,0.000366095919162035,,0.14130635559558868
4607,,287,0.0003349215548951179,,0.09783188253641129
,4592,287,,0.02813406102359295,0.15298648178577423
,4593,287,,0.03203454986214638,0.18785500526428223
,4594,287,,0.030521107837557793,0.13079585134983063
,4595,287,,0.022652462124824524,0.1310786008834839
,4596,287,,0.035699233412742615,0.15797020494937897
,4597,287,,0.022486364468932152,0.14517523348331451
,4598,287,,0.018766505643725395,0.10486836731433868
,4599,287,,0.02234930917620659,0.0837925523519516
,4600,287,,0.026408527046442032,0.10796371847391129
,4601,287,,0.021099098026752472,0.14398816227912903
,4602,287,,0.022335626184940338,0.19823721051216125
,4603,287,,0.024892088025808334,0.11986682564020157
,4604,287,,0.021573135629296303,0.11972855776548386
,4605,287,,0.03300732374191284,0.1397443413734436
,4606,287,,0.028667740523815155,0.16192252933979034
,4607,287,,0.026638206094503403,0.18112370371818542
4608,,288,5.807513298350386e-05,,0.01732526533305645
4609,,288,0.0002831725578289479,,0.14739616215229034
4610,,288,0.00017220800509676337,,0.049457162618637085
4611,,288,0.0005577302654273808,,0.1371895968914032
4612,,288,8.48909403430298e-05,,0.08791553229093552
4613,,288,0.00013236061204224825,,0.11633923649787903
4614,,288,0.0012683148961514235,,0.13580819964408875
4615,,288,0.0002186373167205602,,0.06586066633462906
4616,,288,0.0003164747904520482,,0.12977942824363708
4617,,288,0.00021760705567430705,,0.009416853077709675
4618,,288,0.00016976316692307591,,0.15192896127700806
4619,,288,0.0003072672407142818,,0.18801569938659668
4620,,288,0.00019030895782634616,,0.11333231627941132
4621,,288,0.00043442187597975135,,0.09720906615257263
4622,,288,0.0010156496427953243,,0.023717764765024185
4623,,288,0.00024813422351144254,,0.11357396841049194
,4608,288,,0.023818479850888252,0.13840655982494354
,4609,288,,0.015677113085985184,0.11340705305337906
,4610,288,,0.027353083714842796,0.14214590191841125
,4611,288,,0.01725764386355877,0.11815658211708069
,4612,288,,0.030227363109588623,0.14785704016685486
,4613,288,,0.028362609446048737,0.1500156968832016
,4614,288,,0.03034515306353569,0.1774815171957016
,4615,288,,0.030987011268734932,0.11611627042293549
,4616,288,,0.029453512281179428,0.15418726205825806
,4617,288,,0.028871528804302216,0.18332718312740326
,4618,288,,0.017876002937555313,0.10507015883922577
,4619,288,,0.026543091982603073,0.15683045983314514
,4620,288,,0.022729605436325073,0.12677001953125
,4621,288,,0.02841828763484955,0.15952223539352417
,4622,288,,0.025489985942840576,0.10250044614076614
,4623,288,,0.03662341088056564,0.16105309128761292
4624,,289,0.0002178957947762683,,0.09924191981554031
4625,,289,0.00010122365347342566,,0.08590511232614517
4626,,289,0.00022133212769404054,,0.12097666412591934
4627,,289,0.00033831631299108267,,0.06013955920934677
4628,,289,7.981783710420132e-05,,0.023624343797564507
4629,,289,0.0003640177892521024,,0.06738654524087906
4630,,289,0.0002523980801925063,,0.011736189015209675
4631,,289,0.00026866054395213723,,0.09843724966049194
4632,,289,0.0001305862097069621,,0.09039057791233063
4633,,289,0.00033980474108830094,,0.12787985801696777
4634,,289,0.00042327557457610965,,0.18860360980033875
4635,,289,0.00020848799613304436,,0.11667181551456451
4636,,289,0.0005560456775128841,,0.06129050999879837
4637,,289,0.000548128504306078,,0.2394234836101532
4638,,289,0.0003857673436868936,,0.06581208854913712
4639,,289,0.0013066526735201478,,0.2237810343503952
,4624,289,,0.02903154492378235,0.13015061616897583
,4625,289,,0.023723891004920006,0.17549102008342743
,4626,289,,0.021895434707403183,0.15056875348091125
,4627,289,,0.02818840742111206,0.14291195571422577
,4628,289,,0.02452118694782257,0.15819565951824188
,4629,289,,0.020866673439741135,0.15518374741077423
,4630,289,,0.042710158973932266,0.1898455023765564
,4631,289,,0.020183727145195007,0.10570790618658066
,4632,289,,0.022679073736071587,0.1617593616247177
,4633,289,,0.020819926634430885,0.10563939809799194
,4634,289,,0.018768396228551865,0.15622882544994354
,4635,289,,0.02117733471095562,0.12125319242477417
,4636,289,,0.03953404724597931,0.21960198879241943
,4637,289,,0.01939498446881771,0.16410858929157257
,4638,289,,0.029520699754357338,0.16548871994018555
,4639,289,,0.017717596143484116,0.14130136370658875
4640,,290,0.00012057700951118022,,0.05441969260573387
4641,,290,0.00016840218449942768,,0.14532098174095154
4642,,290,0.0005947240861132741,,0.13124677538871765
4643,,290,7.476958853658289e-05,,0.13409796357154846
4644,,290,6.453297100961208e-05,,0.007077586837112904
4645,,290,3.5297325666761026e-05,,0.1102556511759758
4646,,290,0.0002643964544404298,,0.1023733988404274
4647,,290,1.1765692761400715e-05,,0.0728062242269516
4648,,290,0.00052556989248842,,0.14252831041812897
4649,,290,2.9134887881809846e-05,,0.05079370737075806
4650,,290,0.00012291703023947775,,0.12834322452545166
4651,,290,0.0002723725629039109,,0.07358099520206451
4652,,290,0.00014420525985769928,,0.11599045991897583
4653,,290,0.00015830458141863346,,0.09293287992477417
4654,,290,0.0004009204567410052,,0.08888088166713715
4655,,290,0.00040363078005611897,,0.02690529264509678
,4640,290,,0.02637491561472416,0.1554403454065323
,4641,290,,0.017028789967298508,0.17492052912712097
,4642,290,,0.017688266932964325,0.1361445188522339
,4643,290,,0.027117878198623657,0.17865613102912903
,4644,290,,0.027820762246847153,0.20116940140724182
,4645,290,,0.012321937829256058,0.10060836374759674
,4646,290,,0.02271447330713272,0.12849269807338715
,4647,290,,0.0304674431681633,0.1302315890789032
,4648,290,,0.03043588250875473,0.14119300246238708
,4649,290,,0.023274149745702744,0.11840446293354034
,4650,290,,0.017111660912632942,0.1910761594772339
,4651,290,,0.01871352083981037,0.07234783470630646
,4652,290,,0.015580320730805397,0.14669737219810486
,4653,290,,0.03082815185189247,0.17482711374759674
,4654,290,,0.01627006009221077,0.19781494140625
,4655,290,,0.023771755397319794,0.15269625186920166
4656,,291,0.00020367043907754123,,0.03919827193021774
4657,,291,0.000992455636151135,,0.0697195827960968
4658,,291,0.0002901499974541366,,0.16301992535591125
4659,,291,9.530276292935014e-05,,0.07573466002941132
4660,,291,9.488992509432137e-05,,0.08940653502941132
4661,,291,0.0003002614248543978,,0.13050062954425812
4662,,291,0.00014200832811184227,,0.043212890625
4663,,291,0.00015179466572590172,,0.07287722080945969
4664,,291,0.0007442674832418561,,0.08548160642385483
4665,,291,0.0008390716975554824,,0.11828364431858063
4666,,291,0.00017232044774573296,,0.03529202193021774
4667,,291,0.0001491779403295368,,0.04083874821662903
4668,,291,7.052855653455481e-05,,0.0454886294901371
4669,,291,0.0002351052826270461,,0.12212137877941132
4670,,291,0.0010088268900290132,,0.11153987795114517
4671,,291,0.00012636288010980934,,0.09484115242958069
,4656,291,,0.04092979431152344,0.16077905893325806
,4657,291,,0.019347619265317917,0.1645756959915161
,4658,291,,0.01681506633758545,0.13856598734855652
,4659,291,,0.025794219225645065,0.15617650747299194
,4660,291,,0.024890050292015076,0.12521673738956451
,4661,291,,0.022308338433504105,0.16371247172355652
,4662,291,,0.022262251004576683,0.1750749796628952
,4663,291,,0.02846873551607132,0.1693102866411209
,4664,291,,0.019116487354040146,0.15877363085746765
,4665,291,,0.03031757101416588,0.17924407124519348
,4666,291,,0.033243052661418915,0.21412378549575806
,4667,291,,0.025920232757925987,0.1749952733516693
,4668,291,,0.02134520933032036,0.16755270957946777
,4669,291,,0.017455846071243286,0.09859544783830643
,4670,291,,0.02307943068444729,0.17415449023246765
,4671,291,,0.022337287664413452,0.17379449307918549
4672,,292,0.00013065795064903796,,0.12811154127120972
4673,,292,0.00026601768331602216,,0.11513970792293549
4674,,292,0.000192036313819699,,0.18853262066841125
4675,,292,0.00021969899535179138,,0.16041284799575806
4676,,292,0.0002828621072694659,,0.07726053893566132
4677,,292,0.00010629752796376124,,0.035451460629701614
4678,,292,0.0004167320439592004,,0.08909015357494354
4679,,292,0.00026006021653302014,,0.08010802417993546
4680,,292,0.00019904230430256575,,0.10153011232614517
4681,,292,0.0004169861786067486,,0.15590372681617737
4682,,292,0.00020335291628725827,,0.1312691867351532
4683,,292,0.00030542409513145685,,0.12794463336467743
4684,,292,0.0004010778502561152,,0.08004573732614517
4685,,292,0.00027457682881504297,,0.2464674413204193
4686,,292,0.0001052367952070199,,0.07983522862195969
4687,,292,7.076795736793429e-05,,0.027619030326604843
,4672,292,,0.01975679025053978,0.1891392320394516
,4673,292,,0.02015981823205948,0.12097541987895966
,4674,292,,0.03843865543603897,0.1338675320148468
,4675,292,,0.02650347910821438,0.1368769407272339
,4676,292,,0.023018362000584602,0.19376295804977417
,4677,292,,0.0184251070022583,0.15146683156490326
,4678,292,,0.02589058317244053,0.18363359570503235
,4679,292,,0.018676090985536575,0.09254424273967743
,4680,292,,0.029716286808252335,0.16267114877700806
,4681,292,,0.02861400693655014,0.1506086140871048
,4682,292,,0.019294796511530876,0.17390534281730652
,4683,292,,0.023088600486516953,0.1252528578042984
,4684,292,,0.020249640569090843,0.15668970346450806
,4685,292,,0.01837923377752304,0.17638787627220154
,4686,292,,0.026844989508390427,0.1440068483352661
,4687,292,,0.022695548832416534,0.14995092153549194
4688,,293,0.0001806228538043797,,0.031399473547935486
4689,,293,0.0006067455396987498,,0.07846879214048386
4690,,293,0.0013185020070523024,,0.2348894476890564
4691,,293,0.0002646772481966764,,0.15934285521507263
4692,,293,0.00019689073087647557,,0.09731868654489517
4693,,293,0.00026334013091400266,,0.1025739461183548
4694,,293,0.000466381199657917,,0.09959068894386292
4695,,293,4.6192122681532055e-05,,0.07017672806978226
4696,,293,0.00015017189434729517,,0.11843934655189514
4697,,293,0.0001606330624781549,,0.0846034437417984
4698,,293,8.04647061158903e-05,,0.037227705121040344
4699,,293,9.225364192388952e-05,,0.058476660400629044
4700,,293,9.905904880724847e-05,,0.10190379619598389
4701,,293,0.0004070516733918339,,0.07642971724271774
4702,,293,0.0001607821905054152,,0.08779346942901611
4703,,293,0.00016869329556357116,,0.14482147991657257
,4688,293,,0.03083779290318489,0.17113758623600006
,4689,293,,0.02817840874195099,0.1213727667927742
,4690,293,,0.024677235633134842,0.12038624286651611
,4691,293,,0.02043481543660164,0.1505986452102661
,4692,293,,0.017128126695752144,0.1446632742881775
,4693,293,,0.014967229217290878,0.11951181292533875
,4694,293,,0.01862323097884655,0.12365348637104034
,4695,293,,0.015007170848548412,0.11945202946662903
,4696,293,,0.02359605021774769,0.15005680918693542
,4697,293,,0.024861084297299385,0.16041035950183868
,4698,293,,0.016557157039642334,0.15314218401908875
,4699,293,,0.02675902098417282,0.14893698692321777
,4700,293,,0.029983602464199066,0.12108877301216125
,4701,293,,0.022206146270036697,0.12254364788532257
,4702,293,,0.02840961515903473,0.11018963903188705
,4703,293,,0.027912268415093422,0.11454804241657257
4704,,294,0.00011181447189301252,,0.09416977316141129
4705,,294,0.00022024603094905615,,0.023488570004701614
4706,,294,0.0018098142463713884,,0.18668287992477417
4707,,294,0.001228077569976449,,0.34813952445983887
4708,,294,0.0005783140659332275,,0.06182612106204033
4709,,294,0.00018757805810309947,,0.07816486060619354
4710,,294,0.0005167020717635751,,0.10710424929857254
4711,,294,0.0005626528291031718,,0.0727974995970726
4712,,294,0.00013831155956722796,,0.14245231449604034
4713,,294,0.00020960236724931747,,0.05972227454185486
4714,,294,0.00015084065671544522,,0.007106236182153225
4715,,294,0.0002686277439352125,,0.06011340767145157
4716,,294,1.1534953955560923e-05,,0.03662358596920967
4717,,294,8.444187551504001e-05,,0.12843415141105652
4718,,294,0.00011801843356806785,,0.1133335679769516
4719,,294,0.000566859554965049,,0.11160215735435486
,4704,294,,0.022678859531879425,0.14570960402488708
,4705,294,,0.034666068851947784,0.16484224796295166
,4706,294,,0.0322456881403923,0.14526990056037903
,4707,294,,0.016091618686914444,0.12548330426216125
,4708,294,,0.027138415724039078,0.16896525025367737
,4709,294,,0.021170204505324364,0.10673803836107254
,4710,294,,0.022277288138866425,0.10569420456886292
,4711,294,,0.02094852738082409,0.13717463612556458
,4712,294,,0.028118375688791275,0.16775575280189514
,4713,294,,0.024747340008616447,0.2206670045852661
,4714,294,,0.024707235395908356,0.19166284799575806
,4715,294,,0.027000952512025833,0.13432717323303223
,4716,294,,0.03341826796531677,0.13299809396266937
,4717,294,,0.025392476469278336,0.19187584519386292
,4718,294,,0.030504349619150162,0.14613434672355652
,4719,294,,0.024974390864372253,0.14219696819782257
4720,,295,0.0006237440975382924,,0.12975949048995972
4721,,295,0.00021052527881693095,,0.05439477786421776
4722,,295,0.0002220880560344085,,0.17984819412231445
4723,,295,0.00018968725635204464,,0.041679538786411285
4724,,295,0.00035237346310168505,,0.11945576220750809
4725,,295,0.00035891184234060347,,0.08227787911891937
4726,,295,0.00019430613610893488,,0.05170923098921776
4727,,295,0.0001920456561492756,,0.026282483711838722
4728,,295,0.00030827728915028274,,0.10448721051216125
4729,,295,8.99106526048854e-05,,0.05972477048635483
4730,,295,0.00018616994202602655,,0.07415771484375
4731,,295,0.000351501366822049,,0.061245664954185486
4732,,295,0.0003210639697499573,,0.11628567427396774
4733,,295,7.426633237628266e-05,,0.08120790123939514
4734,,295,0.00021879412815906107,,0.1149030476808548
4735,,295,0.0006906447233632207,,0.16584499180316925
,4720,295,,0.027670718729496002,0.1666944921016693
,4721,295,,0.01909700408577919,0.1279819905757904
,4722,295,,0.032425906509160995,0.19540467858314514
,4723,295,,0.027449145913124084,0.14122414588928223
,4724,295,,0.02984870970249176,0.1384788155555725
,4725,295,,0.026579957455396652,0.13098019361495972
,4726,295,,0.02690538763999939,0.12077238410711288
,4727,295,,0.01856556162238121,0.08326564729213715
,4728,295,,0.019749853760004044,0.12161193042993546
,4729,295,,0.031390175223350525,0.16302987933158875
,4730,295,,0.021901439875364304,0.12511707842350006
,4731,295,,0.027201388031244278,0.11743661761283875
,4732,295,,0.025799406692385674,0.17691227793693542
,4733,295,,0.027142100036144257,0.14460724592208862
,4734,295,,0.028400760143995285,0.14850102365016937
,4735,295,,0.022043634206056595,0.1159929558634758
4736,,296,7.43404816603288e-05,,0.08508674800395966
4737,,296,0.0008708369568921626,,0.045899681746959686
4738,,296,0.00017025743727572262,,0.10554348677396774
4739,,296,0.0007624366553500295,,0.1650751829147339
4740,,296,0.0009003314189612865,,0.1296299546957016
4741,,296,0.0005667162477038801,,0.06774777919054031
4742,,296,2.3026610506349243e-05,,0.06145741790533066
4743,,296,0.0005411644233390689,,0.17154616117477417
4744,,296,0.0005082935676909983,,0.14533965289592743
4745,,296,0.00027014684746973217,,0.048323653638362885
4746,,296,7.717328116996214e-05,,0.10514738410711288
4747,,296,0.00017231324454769492,,0.13654561340808868
4748,,296,9.302790567744523e-05,,0.03639937564730644
4749,,296,0.00047572198673151433,,0.13685078918933868
4750,,296,0.00038387515814974904,,0.06369828432798386
4751,,296,3.496096178423613e-05,,0.03228510543704033
,4736,296,,0.018911289051175117,0.18633784353733063
,4737,296,,0.020516349002718925,0.1261771023273468
,4738,296,,0.01950031891465187,0.14565978944301605
,4739,296,,0.021334076300263405,0.13998350501060486
,4740,296,,0.021843109279870987,0.10731974244117737
,4741,296,,0.02217193692922592,0.1669996678829193
,4742,296,,0.017989175394177437,0.1287393420934677
,4743,296,,0.015627091750502586,0.2155599743127823
,4744,296,,0.021016232669353485,0.1988886594772339
,4745,296,,0.028138652443885803,0.15046662092208862
,4746,296,,0.032909080386161804,0.17966631054878235
,4747,296,,0.01980706863105297,0.15253308415412903
,4748,296,,0.02020430564880371,0.17819027602672577
,4749,296,,0.02717043273150921,0.1561017632484436
,4750,296,,0.021090764552354813,0.10787029564380646
,4751,296,,0.018216382712125778,0.19061902165412903
4752,,297,0.0006555267609655857,,0.07336924225091934
4753,,297,0.0001202528364956379,,0.04406239837408066
4754,,297,0.0005856590578332543,,0.0855364128947258
4755,,297,0.0003913796681445092,,0.08720553666353226
4756,,297,0.00018299752264283597,,0.1508253514766693
4757,,297,0.0003268204745836556,,0.014701999723911285
4758,,297,0.00020051313913427293,,0.01553905289620161
4759,,297,9.856845281319693e-05,,0.02606824040412903
4760,,297,0.00024060613941401243,,0.04233846813440323
4761,,297,0.00019914550648536533,,0.12380794435739517
4762,,297,0.0002587581693660468,,0.10128970444202423
4763,,297,0.00026085396530106664,,0.11080995202064514
4764,,297,0.00029141895356588066,,0.06662547588348389
4765,,297,0.0006831030477769673,,0.10443364083766937
4766,,297,0.00020093335479032248,,0.09411869943141937
4767,,297,0.001331895706243813,,0.08125025033950806
,4752,297,,0.02288832888007164,0.13561388850212097
,4753,297,,0.023052150383591652,0.1263352930545807
,4754,297,,0.02213706448674202,0.09295280277729034
,4755,297,,0.011110532097518444,0.10715033113956451
,4756,297,,0.028554879128932953,0.18459771573543549
,4757,297,,0.020459666848182678,0.1695207804441452
,4758,297,,0.02202727273106575,0.19361722469329834
,4759,297,,0.024657251313328743,0.1804722398519516
,4760,297,,0.029790207743644714,0.2065080851316452
,4761,297,,0.028437040746212006,0.20019656419754028
,4762,297,,0.02463100105524063,0.15473408997058868
,4763,297,,0.02921443246304989,0.15074563026428223
,4764,297,,0.01826857402920723,0.11584846675395966
,4765,297,,0.017258085310459137,0.12122578918933868
,4766,297,,0.020881133154034615,0.10506641864776611
,4767,297,,0.023382192477583885,0.17866858839988708
4768,,298,0.000573036028072238,,0.1560930609703064
4769,,298,0.00018644660303834826,,0.12855000793933868
4770,,298,0.0005091028870083392,,0.10157869756221771
4771,,298,0.0003398712142370641,,0.03736846148967743
4772,,298,0.00025083095533773303,,0.17149384319782257
4773,,298,0.00035114341881126165,,0.12623067200183868
4774,,298,6.396047683665529e-05,,0.07970444113016129
4775,,298,0.00014580567949451506,,0.038871921598911285
4776,,298,7.378494046861306e-05,,0.11136051267385483
4777,,298,0.00017155258683487773,,0.16005036234855652
4778,,298,0.0003957084845751524,,0.09562091529369354
4779,,298,8.003559923963621e-05,,0.03258654475212097
4780,,298,0.00032587675377726555,,0.03032824397087097
4781,,298,0.0002223071496700868,,0.12061169743537903
4782,,298,0.00023852121375966817,,0.03282445669174194
4783,,298,0.0004797611618414521,,0.011842066422104836
,4768,298,,0.022027164697647095,0.1264660805463791
,4769,298,,0.028056710958480835,0.13337178528308868
,4770,298,,0.02562580071389675,0.1865483522415161
,4771,298,,0.025112643837928772,0.1879808008670807
,4772,298,,0.01210106909275055,0.11711151897907257
,4773,298,,0.021355541422963142,0.17448580265045166
,4774,298,,0.019599726423621178,0.15300393104553223
,4775,298,,0.031201966106891632,0.13433837890625
,4776,298,,0.018732359632849693,0.13468341529369354
,4777,298,,0.026092950254678726,0.14736752212047577
,4778,298,,0.025997038930654526,0.16439631581306458
,4779,298,,0.020148148760199547,0.13041967153549194
,4780,298,,0.022479016333818436,0.19583192467689514
,4781,298,,0.022798504680395126,0.15304875373840332
,4782,298,,0.024244768545031548,0.11947694420814514
,4783,298,,0.021921174600720406,0.1798544079065323
4784,,299,7.550745795015246e-05,,0.045716576278209686
4785,,299,0.00011349904525559396,,0.0605643168091774
4786,,299,0.0003525378415361047,,0.11841566860675812
4787,,299,0.0004308701609261334,,0.1919468343257904
4788,,299,7.217346865218133e-05,,0.03609295189380646
4789,,299,5.5450451327487826e-05,,0.0647321417927742
4790,,299,0.0002578466956038028,,0.06542844325304031
4791,,299,0.00023396780306939036,,0.12559041380882263
4792,,299,0.000328903435729444,,0.07176239788532257
4793,,299,0.00031746469903737307,,0.09037313610315323
4794,,299,0.0007327740313485265,,0.1188267320394516
4795,,299,0.0005259683239273727,,0.17323148250579834
4796,,299,0.00012264683027751744,,0.016221649944782257
4797,,299,0.000547860050573945,,0.051320601254701614
4798,,299,0.00017163447046186775,,0.09322310984134674
4799,,299,8.702946070116013e-05,,0.05128198862075806
,4784,299,,0.021445082500576973,0.15766875445842743
,4785,299,,0.017955567687749863,0.09241843223571777
,4786,299,,0.02894350327551365,0.1163417249917984
,4787,299,,0.023889172822237015,0.14656409621238708
,4788,299,,0.019526729360222816,0.14659026265144348
,4789,299,,0.024690020829439163,0.16845454275608063
,4790,299,,0.03330017253756523,0.15594109892845154
,4791,299,,0.029234984889626503,0.15022246539592743
,4792,299,,0.017587125301361084,0.12832953035831451
,4793,299,,0.02970375120639801,0.15968291461467743
,4794,299,,0.027135949581861496,0.14403176307678223
,4795,299,,0.019751356914639473,0.16356799006462097
,4796,299,,0.02590085007250309,0.12831707298755646
,4797,299,,0.0211181640625,0.1115373894572258
,4798,299,,0.017419913783669472,0.14116311073303223
,4799,299,,0.020743295550346375,0.14946389198303223
4800,,300,0.00020871477317996323,,0.08738989382982254
4801,,300,0.0002282269997522235,,0.1840297281742096
4802,,300,0.0002701684134081006,,0.15410879254341125
4803,,300,0.0003327298036310822,,0.013623295351862907
4804,,300,0.00012249482097104192,,0.0956944078207016
4805,,300,9.40697209443897e-05,,0.02193528786301613
4806,,300,9.888494969345629e-05,,0.149457648396492
4807,,300,7.63172865845263e-05,,0.08009307086467743
4808,,300,0.00021720604854635894,,0.08256810903549194
4809,,300,0.00020122986461501569,,0.11342824250459671
4810,,300,0.0003989789984188974,,0.0554548017680645
4811,,300,6.634253077208996e-05,,0.026161661371588707
4812,,300,3.688890137709677e-05,,0.017738809809088707
4813,,300,0.00010709446360124275,,0.15576794743537903
4814,,300,0.0004256257088854909,,0.11216144263744354
4815,,300,0.0002776792098302394,,0.1949288547039032
,4800,300,,0.019042620435357094,0.1351393163204193
,4801,300,,0.020487412810325623,0.144914910197258
,4802,300,,0.02074948139488697,0.1397966742515564
,4803,300,,0.01203371025621891,0.12422024458646774
,4804,300,,0.02103273943066597,0.08267024904489517
,4805,300,,0.01638733595609665,0.12782755494117737
,4806,300,,0.027395328506827354,0.15217310190200806
,4807,300,,0.01985500380396843,0.14960962533950806
,4808,300,,0.01864505745470524,0.14112822711467743
,4809,300,,0.028658082708716393,0.1564679890871048
,4810,300,,0.03257966786623001,0.18827226758003235
,4811,300,,0.023817982524633408,0.09955331683158875
,4812,300,,0.026369724422693253,0.16935014724731445
,4813,300,,0.027599936351180077,0.10921182483434677
,4814,300,,0.03734903410077095,0.20368054509162903
,4815,300,,0.04090147465467453,0.16818299889564514
4816,,301,0.0001367318327538669,,0.01648572087287903
4817,,301,0.00036646914668381214,,0.1822422444820404
4818,,301,0.00024611930712126195,,0.16534298658370972
4819,,301,6.526806100737303e-05,,0.03521354869008064
4820,,301,0.0004401870828587562,,0.14820580184459686
4821,,301,2.607997157610953e-05,,0.13610467314720154
4822,,301,6.561864574905485e-05,,0.0565011166036129
4823,,301,0.0003530915710143745,,0.1026524156332016
4824,,301,5.9432357375044376e-05,,0.04423055797815323
4825,,301,0.0006517527508549392,,0.11946697533130646
4826,,301,0.0002460087416693568,,0.12286376953125
4827,,301,0.0003381193964742124,,0.15097980201244354
4828,,301,0.00010695550008676946,,0.013375419192016125
4829,,301,0.00025562223163433373,,0.12198934704065323
4830,,301,0.0002995583927258849,,0.16540652513504028
4831,,301,7.845333311706781e-05,,0.0546439066529274
,4816,301,,0.027451321482658386,0.21097737550735474
,4817,301,,0.022570114582777023,0.1456560492515564
,4818,301,,0.04746063053607941,0.11337218433618546
,4819,301,,0.04403819516301155,0.22174444794654846
,4820,301,,0.03870449215173721,0.15861043334007263
,4821,301,,0.025549231097102165,0.17571648955345154
,4822,301,,0.020055614411830902,0.11627322435379028
,4823,301,,0.02533692866563797,0.12918153405189514
,4824,301,,0.03933000937104225,0.1873878836631775
,4825,301,,0.02068200334906578,0.12409941852092743
,4826,301,,0.01883380487561226,0.15638327598571777
,4827,301,,0.02326788567006588,0.2021920382976532
,4828,301,,0.03380562737584114,0.21787558495998383
,4829,301,,0.020939968526363373,0.12140265852212906
,4830,301,,0.016103649511933327,0.11414694786071777
,4831,301,,0.06424174457788467,0.1741769015789032
4832,,302,0.00010178867523791268,,0.04212546721100807
4833,,302,0.0001583557459525764,,0.08333790302276611
4834,,302,0.0006091870600357652,,0.15840616822242737
4835,,302,0.00030586443608626723,,0.16284802556037903
4836,,302,0.0003370314952917397,,0.04313815385103226
4837,,302,0.00017313056741841137,,0.0546700581908226
4838,,302,0.00011540727427927777,,0.06147485598921776
4839,,302,0.0002118382981279865,,0.10567428171634674
4840,,302,0.0002860680688172579,,0.073006771504879
4841,,302,0.00023693052935414016,,0.09448739886283875
4842,,302,0.00022532268485520035,,0.059859294444322586
4843,,302,0.00029743253253400326,,0.08013418316841125
4844,,302,0.00013491680147126317,,0.08264783024787903
4845,,302,0.00024869845947250724,,0.11896997690200806
4846,,302,0.00021892524091526866,,0.07235780358314514
4847,,302,0.00010723690502345562,,0.10298125445842743
,4832,302,,0.02556779235601425,0.1502000391483307
,4833,302,,0.026592060923576355,0.2060895562171936
,4834,302,,0.02140342816710472,0.13392607867717743
,4835,302,,0.018728801980614662,0.1515428125858307
,4836,302,,0.025240890681743622,0.1858782172203064
,4837,302,,0.014722444117069244,0.2126713991165161
,4838,302,,0.021621547639369965,0.1497889906167984
,4839,302,,0.02507859840989113,0.1705683469772339
,4840,302,,0.01612776145339012,0.14536705613136292
,4841,302,,0.022305315360426903,0.13688690960407257
,4842,302,,0.02221534214913845,0.11293496936559677
,4843,302,,0.021623115986585617,0.1149640753865242
,4844,302,,0.024592705070972443,0.16814562678337097
,4845,302,,0.019624995067715645,0.1800449937582016
,4846,302,,0.02208886295557022,0.16752904653549194
,4847,302,,0.02180367335677147,0.22191885113716125
4848,,303,0.000103986487374641,,0.02218191884458065
4849,,303,0.0013253034558147192,,0.27269262075424194
4850,,303,0.000571578333619982,,0.22047391533851624
4851,,303,0.0001831604167819023,,0.11529789865016937
4852,,303,4.854771395912394e-05,,0.0415300652384758
4853,,303,0.00011863000690937042,,0.23279429972171783
4854,,303,0.0001225018932018429,,0.04851796478033066
4855,,303,0.0007758067222312093,,0.09127994626760483
4856,,303,0.00018551212269812822,,0.1460733264684677
4857,,303,0.00017073261551558971,,0.08169369399547577
4858,,303,0.0002657200675457716,,0.19591912627220154
4859,,303,0.0002470281324349344,,0.06390256434679031
4860,,303,7.65957884141244e-05,,0.10197854042053223
4861,,303,0.0005134771345183253,,0.18763825297355652
4862,,303,2.864940688596107e-05,,0.020643586292862892
4863,,303,0.0002383371174801141,,0.09800128638744354
,4848,303,,0.01872050203382969,0.14788320660591125
,4849,303,,0.016159245744347572,0.08348363637924194
,4850,303,,0.01949077844619751,0.20572957396507263
,4851,303,,0.025083698332309723,0.08859813213348389
,4852,303,,0.019819797948002815,0.11715885251760483
,4853,303,,0.01365176122635603,0.17650744318962097
,4854,303,,0.02158023789525032,0.1637660413980484
,4855,303,,0.027759622782468796,0.1433964967727661
,4856,303,,0.022814078256487846,0.14144587516784668
,4857,303,,0.015643171966075897,0.07182468473911285
,4858,303,,0.018951361998915672,0.10931895673274994
,4859,303,,0.02156340889632702,0.13811010122299194
,4860,303,,0.021798454225063324,0.15759649872779846
,4861,303,,0.022250328212976456,0.13568240404129028
,4862,303,,0.015992779284715652,0.11443842947483063
,4863,303,,0.019366677850484848,0.10964031517505646
4864,,304,9.984107600757852e-05,,0.16070929169654846
4865,,304,0.00010084699897561222,,0.06465491652488708
4866,,304,5.410002631833777e-05,,0.051308147609233856
4867,,304,0.0002836321073118597,,0.03114287741482258
4868,,304,0.00037093780701979995,,0.089111328125
4869,,304,0.0002481415867805481,,0.11519451439380646
4870,,304,0.00018049099890049547,,0.1718924343585968
4871,,304,0.00010782078607007861,,0.06561154872179031
4872,,304,0.00030947959749028087,,0.07101252675056458
4873,,304,0.0002463707933202386,,0.16319304704666138
4874,,304,3.229060166631825e-05,,0.0504847913980484
4875,,304,0.0005575375398620963,,0.2332763671875
4876,,304,7.580673263873905e-05,,0.06242401897907257
4877,,304,3.9593207475263625e-05,,0.013864945620298386
4878,,304,0.0002023480919888243,,0.0718296617269516
4879,,304,3.4347929613431916e-05,,0.03897157311439514
,4864,304,,0.016132958233356476,0.1351393163204193
,4865,304,,0.016101310029625893,0.11397506296634674
,4866,304,,0.012141869403421879,0.08579301089048386
,4867,304,,0.017170067876577377,0.11239063739776611
,4868,304,,0.024504227563738823,0.14657904207706451
,4869,304,,0.021539531648159027,0.1665823757648468
,4870,304,,0.022624190896749496,0.13406060636043549
,4871,304,,0.021790675818920135,0.16165098547935486
,4872,304,,0.0311344675719738,0.18522052466869354
,4873,304,,0.01544494554400444,0.1505376100540161
,4874,304,,0.02540750615298748,0.11136175692081451
,4875,304,,0.018012341111898422,0.1416713148355484
,4876,304,,0.021809585392475128,0.1683872640132904
,4877,304,,0.02110927179455757,0.21320700645446777
,4878,304,,0.02101137489080429,0.1325783133506775
,4879,304,,0.025202378630638123,0.13907048106193542
4880,,305,0.00023713349946774542,,0.028533311560750008
4881,,305,6.556841253768653e-05,,0.044249244034290314
4882,,305,0.00041087542194873095,,0.1757276952266693
4883,,305,0.0002796129265334457,,0.11905592679977417
4884,,305,0.00011026074207620695,,0.09929050505161285
4885,,305,0.0002941879502031952,,0.013607103377580643
4886,,305,0.00013821363972965628,,0.10604174435138702
4887,,305,0.00021799850219395012,,0.10418451577425003
4888,,305,0.00019806083582807332,,0.10211306810379028
4889,,305,0.0002586454793345183,,0.08852339535951614
4890,,305,8.42065637698397e-05,,0.06921262294054031
4891,,305,0.0004122406826354563,,0.17032545804977417
4892,,305,7.8310098615475e-05,,0.09274479001760483
4893,,305,1.5638213881175034e-05,,0.03857421875
4894,,305,5.134444290888496e-05,,0.054709918797016144
4895,,305,0.00024440474226139486,,0.18454167246818542
,4880,305,,0.023859914392232895,0.16300249099731445
,4881,305,,0.016562610864639282,0.09967165440320969
,4882,305,,0.020904114469885826,0.16299624741077423
,4883,305,,0.02188228629529476,0.14859318733215332
,4884,305,,0.02403619885444641,0.17034289240837097
,4885,305,,0.016703372821211815,0.12847402691841125
,4886,305,,0.023755544796586037,0.1819283664226532
,4887,305,,0.02555401436984539,0.1600703001022339
,4888,305,,0.02414560690522194,0.11465765535831451
,4889,305,,0.017341744154691696,0.10146285593509674
,4890,305,,0.02278762497007847,0.13087183237075806
,4891,305,,0.02146650105714798,0.12554931640625
,4892,305,,0.023859582841396332,0.12287621945142746
,4893,305,,0.01630105823278427,0.15080666542053223
,4894,305,,0.02024029567837715,0.13590288162231445
,4895,305,,0.01743954047560692,0.1365867257118225
4896,,306,0.000336584635078907,,0.12967853248119354
4897,,306,0.00018997909501194954,,0.11930254846811295
4898,,306,3.958410525228828e-05,,0.07449403405189514
4899,,306,0.00011190851364517584,,0.03273850679397583
4900,,306,0.0009433520026504993,,0.2755401134490967
4901,,306,0.00010387989459559321,,0.18634283542633057
4902,,306,0.00014718077727593482,,0.043170541524887085
4903,,306,8.818558853818104e-05,,0.05774299427866936
4904,,306,8.424473344348371e-05,,0.1697300523519516
4905,,306,0.00023897063510958105,,0.1245291531085968
4906,,306,0.0002884735004045069,,0.05891137942671776
4907,,306,0.00020785012748092413,,0.07426732778549194
4908,,306,0.00016282105934806168,,0.04963279515504837
4909,,306,0.00017872285388875753,,0.10941610485315323
4910,,306,0.0004301886074244976,,0.1838478446006775
4911,,306,0.00010217664384981617,,0.07925103604793549
,4896,306,,0.016502423211932182,0.1216779425740242
,4897,306,,0.029920803382992744,0.18919652700424194
,4898,306,,0.020022574812173843,0.11513970792293549
,4899,306,,0.018641073256731033,0.144452765583992
,4900,306,,0.020413661375641823,0.15366286039352417
,4901,306,,0.019067132845520973,0.10804468393325806
,4902,306,,0.016381803900003433,0.16803725063800812
,4903,306,,0.020014500245451927,0.14858697354793549
,4904,306,,0.01816091313958168,0.1423701047897339
,4905,306,,0.01101556234061718,0.09958446025848389
,4906,306,,0.017212575301527977,0.15857431292533875
,4907,306,,0.04012305662035942,0.16903623938560486
,4908,306,,0.024579308927059174,0.16059845685958862
,4909,306,,0.019998367875814438,0.15169353783130646
,4910,306,,0.019764626398682594,0.11052096635103226
,4911,306,,0.022524360567331314,0.1224626824259758
4912,,307,0.0001982629910344258,,0.06330466270446777
4913,,307,1.6659081666148268e-05,,0.030394259840250015
4914,,307,0.00032554270001128316,,0.2613986134529114
4915,,307,9.906596096698195e-05,,0.09720658510923386
4916,,307,8.417328353971243e-05,,0.05217260494828224
4917,,307,0.00022034900030121207,,0.04465655982494354
4918,,307,0.00021424108126666397,,0.0523594468832016
4919,,307,0.0003178839397151023,,0.2014322131872177
4920,,307,0.00016176787903532386,,0.17678895592689514
4921,,307,0.00014325970550999045,,0.020744480192661285
4922,,307,0.0003916105779353529,,0.10755017399787903
4923,,307,0.0002996117400471121,,0.08555135875940323
4924,,307,0.00033785554114729166,,0.1038295179605484
4925,,307,0.0002578170388005674,,0.044484663754701614
4926,,307,0.00023935722128953785,,0.0449829064309597
4927,,307,0.00035987523733638227,,0.1291852593421936
,4912,307,,0.019229643046855927,0.16552485525608063
,4913,307,,0.01733647659420967,0.14657281339168549
,4914,307,,0.024125181138515472,0.1852068305015564
,4915,307,,0.015896426513791084,0.11006879806518555
,4916,307,,0.01441003568470478,0.15337511897087097
,4917,307,,0.021142035722732544,0.20235520601272583
,4918,307,,0.02028483711183071,0.18504613637924194
,4919,307,,0.01863214746117592,0.10449468344449997
,4920,307,,0.024509141221642494,0.13716468214988708
,4921,307,,0.017018072307109833,0.11717379093170166
,4922,307,,0.024663392454385757,0.13143610954284668
,4923,307,,0.022051751613616943,0.16094970703125
,4924,307,,0.025046322494745255,0.16636066138744354
,4925,307,,0.023078490048646927,0.15518251061439514
,4926,307,,0.01940537802875042,0.13077093660831451
,4927,307,,0.025052640587091446,0.22349455952644348
4928,,308,0.00015570367395412177,,0.15020751953125
4929,,308,0.0003521786129567772,,0.13358354568481445
4930,,308,0.00016325194155797362,,0.10158367455005646
4931,,308,0.0001470262504881248,,0.07353366166353226
4932,,308,5.997237531119026e-05,,0.10698341578245163
4933,,308,0.0007657319074496627,,0.24458780884742737
4934,,308,0.00013637784286402166,,0.05599166452884674
4935,,308,0.00015562272164970636,,0.08546914160251617
4936,,308,0.00012683500244747847,,0.11007502675056458
4937,,308,9.732938633533195e-05,,0.08666369318962097
4938,,308,0.0003658924251794815,,0.06988151371479034
4939,,308,0.00027970600058324635,,0.15257792174816132
4940,,308,0.0002725724771153182,,0.09080909937620163
4941,,308,0.00018072067177854478,,0.06817751377820969
4942,,308,0.00012173062714282423,,0.09107192605733871
4943,,308,8.703270577825606e-05,,0.12771295011043549
,4928,308,,0.022283613681793213,0.13815245032310486
,4929,308,,0.020206615328788757,0.14328938722610474
,4930,308,,0.018223436549305916,0.16244444251060486
,4931,308,,0.016677234321832657,0.1417759507894516
,4932,308,,0.021998349577188492,0.1509648561477661
,4933,308,,0.024894900619983673,0.1860862374305725
,4934,308,,0.03163411095738411,0.1650216281414032
,4935,308,,0.025686606764793396,0.1552734375
,4936,308,,0.022619694471359253,0.15772855281829834
,4937,308,,0.019547438248991966,0.22734349966049194
,4938,308,,0.02567119151353836,0.13438446819782257
,4939,308,,0.018861074000597,0.15360431373119354
,4940,308,,0.02001236006617546,0.1533277928829193
,4941,308,,0.018130753189325333,0.1369977593421936
,4942,308,,0.02990817464888096,0.14338527619838715
,4943,308,,0.021656397730112076,0.16935263574123383
4944,,309,0.0002168524224543944,,0.040179818868637085
4945,,309,9.177027095574886e-05,,0.036901358515024185
4946,,309,0.0007509667775593698,,0.10788524150848389
4947,,309,0.00047231826465576887,,0.08990229666233063
4948,,309,0.0007882399950176477,,0.11902229487895966
4949,,309,0.00011166465992573649,,0.024524923413991928
4950,,309,0.0004192174528725445,,0.07257577776908875
4951,,309,0.0002594737452454865,,0.2023826241493225
4952,,309,0.000294906843919307,,0.10286416858434677
4953,,309,0.00034294603392481804,,0.036698322743177414
4954,,309,0.000622428604401648,,0.1125313937664032
4955,,309,0.00022735555830877274,,0.0601283498108387
4956,,309,0.00013172265607863665,,0.13840530812740326
4957,,309,0.0009601967176422477,,0.23292137682437897
4958,,309,0.00011214197729714215,,0.03964170813560486
4959,,309,0.0011956518283113837,,0.2576804757118225
,4944,309,,0.01805119775235653,0.1294281780719757
,4945,309,,0.02478080615401268,0.2135869264602661
,4946,309,,0.019496744498610497,0.18849524855613708
,4947,309,,0.015993868932127953,0.14000841975212097
,4948,309,,0.027791347354650497,0.1637822389602661
,4949,309,,0.01931188814342022,0.1866019070148468
,4950,309,,0.018386729061603546,0.15639199316501617
,4951,309,,0.012893782928586006,0.12853629887104034
,4952,309,,0.019380703568458557,0.12644243240356445
,4953,309,,0.014247629791498184,0.14917489886283875
,4954,309,,0.012575767934322357,0.12786242365837097
,4955,309,,0.023389846086502075,0.1431959569454193
,4956,309,,0.01307128556072712,0.11335847526788712
,4957,309,,0.021027054637670517,0.2254115492105484
,4958,309,,0.024671949446201324,0.12083466351032257
,4959,309,,0.025060132145881653,0.16143175959587097
4960,,310,0.00041743123438209295,,0.1938825249671936
4961,,310,0.00013734291133005172,,0.07123051583766937
4962,,310,0.00039450600161217153,,0.047152772545814514
4963,,310,7.107953570084646e-05,,0.06458017975091934
4964,,310,0.00011318011820549145,,0.06865956634283066
4965,,310,0.00040539534529671073,,0.16815434396266937
4966,,310,0.00010522759112063795,,0.04625094681978226
4967,,310,0.00017148676852229983,,0.09242591261863708
4968,,310,4.896073369309306e-05,,0.058025751262903214
4969,,310,0.00038461730582639575,,0.09462317824363708
4970,,310,0.0003538013552315533,,0.05217384546995163
4971,,310,0.00038108424632810056,,0.12646609544754028
4972,,310,5.132122169015929e-05,,0.027407275512814522
4973,,310,0.00035817979369312525,,0.062569759786129
4974,,310,0.0005302871577441692,,0.11346186697483063
4975,,310,0.00031856884015724063,,0.12953528761863708
,4960,310,,0.0354524590075016,0.12848272919654846
,4961,310,,0.03693019598722458,0.2247314453125
,4962,310,,0.01616274192929268,0.09865149855613708
,4963,310,,0.03161630406975746,0.20157670974731445
,4964,310,,0.023663882166147232,0.14954733848571777
,4965,310,,0.02838004194200039,0.16868248581886292
,4966,310,,0.02293664962053299,0.14920230209827423
,4967,310,,0.021905357018113136,0.15689396858215332
,4968,310,,0.031341202557086945,0.1503831446170807
,4969,310,,0.02445773035287857,0.18483562767505646
,4970,310,,0.02547137439250946,0.16034309566020966
,4971,310,,0.028194177895784378,0.1428932547569275
,4972,310,,0.025556540116667747,0.1571306586265564
,4973,310,,0.014554664492607117,0.10156624019145966
,4974,310,,0.025132477283477783,0.15049900114536285
,4975,310,,0.030364487320184708,0.1617693156003952
4976,,311,0.00016165687702596188,,0.12741774320602417
4977,,311,0.00013381382450461388,,0.06370077282190323
4978,,311,0.00025428400840610266,,0.06890495121479034
4979,,311,0.00038552418118342757,,0.10877585411071777
4980,,311,0.0005562189035117626,,0.17263606190681458
4981,,311,0.00012889409845229238,,0.07690055668354034
4982,,311,4.6233864850364625e-05,,0.03018375299870968
4983,,311,9.239847713615745e-05,,0.1466238796710968
4984,,311,0.0001059580099536106,,0.03591732308268547
4985,,311,0.00012892446829937398,,0.18543103337287903
4986,,311,0.00024327472783625126,,0.0898611843585968
4987,,311,4.564959090203047e-05,,0.012449925765395164
4988,,311,0.00021584505157079548,,0.06458515673875809
4989,,311,0.0001065057804225944,,0.04820406809449196
4990,,311,0.00018484129395801574,,0.10174809396266937
4991,,311,0.00033085086033679545,,0.04245182126760483
,4976,311,,0.021808136254549026,0.18700174987316132
,4977,311,,0.01776922680437565,0.16402389109134674
,4978,311,,0.01895153895020485,0.1187831312417984
,4979,311,,0.0302748903632164,0.16167092323303223
,4980,311,,0.01655886135995388,0.1300733983516693
,4981,311,,0.02019212767481804,0.10870984196662903
,4982,311,,0.02298009768128395,0.17539510130882263
,4983,311,,0.022571111097931862,0.11863739788532257
,4984,311,,0.026325445622205734,0.1607666015625
,4985,311,,0.022817758843302727,0.12671895325183868
,4986,311,,0.019569719210267067,0.16105058789253235
,4987,311,,0.021675847470760345,0.1439296305179596
,4988,311,,0.02246147207915783,0.1449049413204193
,4989,311,,0.018283255398273468,0.12742644548416138
,4990,311,,0.04150903597474098,0.17347562313079834
,4991,311,,0.017848137766122818,0.14257189631462097
4992,,312,8.700313628651202e-05,,0.0388009175658226
4993,,312,0.00029805238591507077,,0.13519535958766937
4994,,312,4.053785596624948e-05,,0.07495615631341934
4995,,312,6.755640060873702e-05,,0.105721615254879
4996,,312,7.558779907412827e-05,,0.05514713004231453
4997,,312,8.085819717962295e-05,,0.021610181778669357
4998,,312,0.00018069945508614182,,0.10405248403549194
4999,,312,0.00013915989256929606,,0.05701804161071777
5000,,312,7.788863877067342e-05,,0.07627151906490326
5001,,312,0.00019500583584886044,,0.1295863538980484
5002,,312,0.0001109510994865559,,0.09771852940320969
5003,,312,0.00015852059004828334,,0.02403290569782257
5004,,312,0.000220115456613712,,0.1296822726726532
5005,,312,0.00010811514221131802,,0.08446268737316132
5006,,312,0.0002886176516767591,,0.13774636387825012
5007,,312,8.30852659419179e-05,,0.09765499830245972
,4992,312,,0.0232996828854084,0.13700897991657257
,4993,312,,0.023834653198719025,0.17880435287952423
,4994,312,,0.02494494616985321,0.15608185529708862
,4995,312,,0.026610564440488815,0.17088846862316132
,4996,312,,0.023727303370833397,0.1623709499835968
,4997,312,,0.023073475807905197,0.14671358466148376
,4998,312,,0.02257392928004265,0.10488331317901611
,4999,312,,0.018806403502821922,0.15032958984375
,5000,312,,0.021222511306405067,0.13097770512104034
,5001,312,,0.013644738122820854,0.14893200993537903
,5002,312,,0.021925609558820724,0.21621641516685486
,5003,312,,0.02098092809319496,0.12826228141784668
,5004,312,,0.02017047628760338,0.11829236149787903
,5005,312,,0.014500755816698074,0.1764775514602661
,5006,312,,0.026797711849212646,0.12406329810619354
,5007,312,,0.02017754688858986,0.14113444089889526
5008,,313,4.62458556285128e-05,,0.036822885274887085
5009,,313,0.00010702799772843719,,0.04402129724621773
5010,,313,7.260447455337271e-05,,0.038878150284290314
5011,,313,0.00011546401947271079,,0.11362255364656448
5012,,313,7.074192399159074e-05,,0.05985431373119354
5013,,313,0.00022461797925643623,,0.0542864128947258
5014,,313,0.00021831310004927218,,0.15465188026428223
5015,,313,0.00012783167767338455,,0.10418576747179031
5016,,313,5.8540041209198534e-05,,0.11098060011863708
5017,,313,0.0002856845094356686,,0.08561737835407257
5018,,313,0.0001325666526099667,,0.1256178319454193
5019,,313,0.00016578444046899676,,0.14131134748458862
5020,,313,0.00011717442248482257,,0.09794024378061295
5021,,313,0.0003234432952012867,,0.0516531765460968
5022,,313,0.000999948475509882,,0.08464206010103226
5023,,313,0.00015298087964765728,,0.07482162863016129
,5008,313,,0.019229553639888763,0.17017972469329834
,5009,313,,0.02498454973101616,0.13467594981193542
,5010,313,,0.015262437984347343,0.17620599269866943
,5011,313,,0.01606946438550949,0.11339958012104034
,5012,313,,0.016113286837935448,0.1885737180709839
,5013,313,,0.020626360550522804,0.14322710037231445
,5014,313,,0.014510829001665115,0.19032132625579834
,5015,313,,0.016639869660139084,0.19024533033370972
,5016,313,,0.016417818143963814,0.17436249554157257
,5017,313,,0.020977657288312912,0.16341477632522583
,5018,313,,0.016447823494672775,0.14755061268806458
,5019,313,,0.02124670334160328,0.1973104625940323
,5020,313,,0.024715393781661987,0.124616339802742
,5021,313,,0.023099079728126526,0.14346499741077423
,5022,313,,0.026774799451231956,0.20683568716049194
,5023,313,,0.02770589292049408,0.1359514594078064
5024,,314,9.253094322048128e-05,,0.08336281776428223
5025,,314,0.00031988348928280175,,0.0365775004029274
5026,,314,0.0007016970776021481,,0.1625615358352661
5027,,314,0.00025114131858572364,,0.17150256037712097
5028,,314,9.283242252422497e-05,,0.11064427345991135
5029,,314,0.00043642017408274114,,0.13285735249519348
5030,,314,1.8254351743962616e-05,,0.0649849995970726
5031,,314,0.00017026213754434139,,0.11762096732854843
5032,,314,0.0001363579067401588,,0.13318991661071777
5033,,314,0.00016778780263848603,,0.16907984018325806
5034,,314,0.0002517593966331333,,0.03151656314730644
5035,,314,0.00022041017655283213,,0.22773586213588715
5036,,314,2.8558595658978447e-05,,0.0560738667845726
5037,,314,6.167568062664941e-05,,0.06969591975212097
5038,,314,0.0001428491377737373,,0.12128806114196777
5039,,314,7.021317287581041e-05,,0.05226851627230644
,5024,314,,0.023639626801013947,0.15033209323883057
,5025,314,,0.018193505704402924,0.13766790926456451
,5026,314,,0.036798831075429916,0.15223288536071777
,5027,314,,0.022692345082759857,0.16479991376399994
,5028,314,,0.03732796758413315,0.1694248765707016
,5029,314,,0.022359374910593033,0.19874167442321777
,5030,314,,0.023668747395277023,0.16249053180217743
,5031,314,,0.02241148240864277,0.12472347170114517
,5032,314,,0.016372710466384888,0.15041926503181458
,5033,314,,0.02549535036087036,0.14723050594329834
,5034,314,,0.01916312612593174,0.10494309663772583
,5035,314,,0.025840818881988525,0.16567683219909668
,5036,314,,0.019318442791700363,0.16197733581066132
,5037,314,,0.024903498589992523,0.23922917246818542
,5038,314,,0.03383825719356537,0.18081353604793549
,5039,314,,0.027736011892557144,0.15797019004821777
5040,,315,0.0002684701466932893,,0.0356183759868145
5041,,315,0.0002981362631544471,,0.054450832307338715
5042,,315,0.00014450684830080718,,0.06576351076364517
5043,,315,0.00018768309382721782,,0.1139700710773468
5044,,315,0.00024383650452364236,,0.08702243864536285
5045,,315,0.00018198064935859293,,0.08868657052516937
5046,,315,0.00018393521895632148,,0.12717360258102417
5047,,315,2.0278799638617784e-05,,0.08318468928337097
5048,,315,6.632745498791337e-05,,0.06283382326364517
5049,,315,5.755457823397592e-05,,0.04256143420934677
5050,,315,9.687877900432795e-05,,0.06244270130991936
5051,,315,5.685963697033003e-05,,0.13652069866657257
5052,,315,2.6501005777390674e-05,,0.03450728580355644
5053,,315,0.0001924321986734867,,0.13243135809898376
5054,,315,0.0003442371962592006,,0.1319318413734436
5055,,315,0.00038748153019696474,,0.0849260613322258
,5040,315,,0.030693400651216507,0.17841696739196777
,5041,315,,0.027815289795398712,0.13009457290172577
,5042,315,,0.027064677327871323,0.17062687873840332
,5043,315,,0.023669317364692688,0.15061110258102417
,5044,315,,0.02111499384045601,0.1105869859457016
,5045,315,,0.026336386799812317,0.15163126587867737
,5046,315,,0.022426240146160126,0.14487379789352417
,5047,315,,0.016821205615997314,0.10078772902488708
,5048,315,,0.030835743993520737,0.11942461878061295
,5049,315,,0.021211642771959305,0.15350216627120972
,5050,315,,0.016610365360975266,0.10002416372299194
,5051,315,,0.025285504758358,0.15126505494117737
,5052,315,,0.0253974087536335,0.11162707954645157
,5053,315,,0.023780986666679382,0.13880017399787903
,5054,315,,0.02286567911505699,0.1110142320394516
,5055,315,,0.023279890418052673,0.16186897456645966
5056,,316,0.0002491088816896081,,0.113412044942379
5057,,316,0.00027823360869660974,,0.08394575864076614
5058,,316,7.844351785024628e-05,,0.11120232194662094
5059,,316,3.9475711673730984e-05,,0.07007209956645966
5060,,316,6.856192339910194e-05,,0.14549411833286285
5061,,316,0.00011356907634763047,,0.11223867535591125
5062,,316,0.00019223835261072963,,0.07365573197603226
5063,,316,0.00015900054131634533,,0.1887904703617096
5064,,316,0.001160468440502882,,0.16275086998939514
5065,,316,0.00020104285795241594,,0.07832679152488708
5066,,316,0.00015071607776917517,,0.08067850768566132
5067,,316,0.00023188485647551715,,0.10632449388504028
5068,,316,0.00030146879726089537,,0.08157909661531448
5069,,316,0.0005286859232001007,,0.13515052199363708
5070,,316,0.000529605196788907,,0.17844437062740326
5071,,316,3.44360523740761e-05,,0.10340601205825806
,5056,316,,0.018681203946471214,0.17613251507282257
,5057,316,,0.02496293932199478,0.2191236913204193
,5058,316,,0.01899881660938263,0.10237837582826614
,5059,316,,0.01898493617773056,0.11622712761163712
,5060,316,,0.012794156558811665,0.1565726101398468
,5061,316,,0.01957671344280243,0.13652069866657257
,5062,316,,0.0207353662699461,0.1342325061559677
,5063,316,,0.029360530897974968,0.17635422945022583
,5064,316,,0.0447055920958519,0.16568927466869354
,5065,316,,0.0201601330190897,0.12391257286071777
,5066,316,,0.017096001654863358,0.11512476205825806
,5067,316,,0.015193361788988113,0.09604068100452423
,5068,316,,0.023312710225582123,0.14228540658950806
,5069,316,,0.015178987756371498,0.1305380016565323
,5070,316,,0.021124843508005142,0.09607556462287903
,5071,316,,0.053626649081707,0.15249945223331451
5072,,317,0.00012415138189680874,,0.07816237211227417
5073,,317,0.00013357697753235698,,0.09760891646146774
5074,,317,6.507666694233194e-05,,0.06535495072603226
5075,,317,0.00018090421508532017,,0.08231649547815323
5076,,317,0.00014569798076990992,,0.05953792482614517
5077,,317,5.193170363781974e-05,,0.08962202817201614
5078,,317,7.761770393699408e-05,,0.13170763850212097
5079,,317,0.00013799397856928408,,0.0946916788816452
5080,,317,0.00019568215066101402,,0.09499437361955643
5081,,317,0.0010270182974636555,,0.14919358491897583
5082,,317,3.277315408922732e-05,,0.0225830078125
5083,,317,0.0004348321817815304,,0.10463668406009674
5084,,317,0.0002283574576722458,,0.10147903859615326
5085,,317,0.00030234703444875777,,0.20245110988616943
5086,,317,0.00023082445841282606,,0.0836617648601532
5087,,317,0.00041603471618145704,,0.15691018104553223
,5072,317,,0.02912900224328041,0.12406578660011292
,5073,317,,0.024951079860329628,0.12228704988956451
,5074,317,,0.014615314081311226,0.15654022991657257
,5075,317,,0.02112528681755066,0.12016576528549194
,5076,317,,0.014647478237748146,0.1422991007566452
,5077,317,,0.026229947805404663,0.22975127398967743
,5078,317,,0.04124381020665169,0.17002028226852417
,5079,317,,0.02029303088784218,0.14150938391685486
,5080,317,,0.03028421849012375,0.18405836820602417
,5081,317,,0.027185458689928055,0.20192423462867737
,5082,317,,0.021805673837661743,0.13418516516685486
,5083,317,,0.016178499907255173,0.09423454105854034
,5084,317,,0.015552597120404243,0.2044939249753952
,5085,317,,0.021991517394781113,0.13895711302757263
,5086,317,,0.019504442811012268,0.18558922410011292
,5087,317,,0.0206385999917984,0.1336420774459839
5088,,318,0.0004790509701706469,,0.11644013226032257
5089,,318,0.0003289200540166348,,0.09041672945022583
5090,,318,0.0002977569820359349,,0.02716064453125
5091,,318,0.0004716371186077595,,0.06910176575183868
5092,,318,0.00015439702838193625,,0.05955038219690323
5093,,318,0.0006076102727092803,,0.1358717381954193
5094,,318,5.7563625887269154e-05,,0.08594746887683868
5095,,318,8.054521458689123e-05,,0.04841458052396774
5096,,318,7.137168722692877e-05,,0.0444161556661129
5097,,318,0.0001369040401186794,,0.1270216405391693
5098,,318,0.0006656968034803867,,0.1478184312582016
5099,,318,0.00023432851594407111,,0.17169189453125
5100,,318,0.0003287193540018052,,0.109261654317379
5101,,318,0.00024881245917640626,,0.12756597995758057
5102,,318,0.00017966594896279275,,0.07514548301696777
5103,,318,0.0003981812624260783,,0.05995645374059677
,5088,318,,0.018587976694107056,0.1888950765132904
,5089,318,,0.01467865239828825,0.12098538130521774
,5090,318,,0.022585246711969376,0.16655497252941132
,5091,318,,0.01512163132429123,0.15284448862075806
,5092,318,,0.022364512085914612,0.1617506444454193
,5093,318,,0.021142471581697464,0.1516474485397339
,5094,318,,0.017313886433839798,0.19517922401428223
,5095,318,,0.017364446073770523,0.13399583101272583
,5096,318,,0.010414447635412216,0.1438000649213791
,5097,318,,0.017463691532611847,0.13081079721450806
,5098,318,,0.013077575713396072,0.149387925863266
,5099,318,,0.021489109843969345,0.16058599948883057
,5100,318,,0.01567121222615242,0.13927848637104034
,5101,318,,0.01961197704076767,0.18545469641685486
,5102,318,,0.018054578453302383,0.21981126070022583
,5103,318,,0.01860613375902176,0.12754230201244354
5104,,319,0.000216014712350443,,0.0716203898191452
5105,,319,3.07538102788385e-05,,0.022005043923854828
5106,,319,8.538937254343182e-05,,0.13196298480033875
5107,,319,0.00011057245137635618,,0.13108234107494354
5108,,319,8.891987090464681e-05,,0.08207858353853226
5109,,319,0.00031030236277729273,,0.07320979982614517
5110,,319,0.00010611371544655412,,0.0583670437335968
5111,,319,0.00010161229147342965,,0.0591517873108387
5112,,319,0.0006165561499074101,,0.08947630226612091
5113,,319,4.813907798961736e-05,,0.0898960679769516
5114,,319,0.0003446863265708089,,0.10341598093509674
5115,,319,0.00021877471590414643,,0.0433088019490242
5116,,319,9.372856584377587e-05,,0.04587477073073387
5117,,319,0.0002279470209032297,,0.07071109861135483
5118,,319,0.0002577317354734987,,0.11454928666353226
5119,,319,0.00021416395611595362,,0.12766188383102417
,5104,319,,0.011813403107225895,0.15422463417053223
,5105,319,,0.019918598234653473,0.15459582209587097
,5106,319,,0.016848940402269363,0.14312246441841125
,5107,319,,0.023866094648838043,0.14817717671394348
,5108,319,,0.014095799997448921,0.1254098117351532
,5109,319,,0.025037609040737152,0.14107465744018555
,5110,319,,0.027904268354177475,0.2186366319656372
,5111,319,,0.014984486624598503,0.1473563015460968
,5112,319,,0.022525403648614883,0.14093640446662903
,5113,319,,0.019845232367515564,0.14908647537231445
,5114,319,,0.024720963090658188,0.11369229853153229
,5115,319,,0.018450811505317688,0.18704037368297577
,5116,319,,0.022104814648628235,0.16563944518566132
,5117,319,,0.016345757991075516,0.17234709858894348
,5118,319,,0.024331066757440567,0.14819584786891937
,5119,319,,0.019865481182932854,0.11974972486495972
5120,,320,0.00016305656754411757,,0.06707888096570969
5121,,320,0.00037713212077505887,,0.15758156776428223
5122,,320,0.0006528508965857327,,0.17767956852912903
5123,,320,2.9472077585523948e-05,,0.10777437686920166
5124,,320,0.00011018344957847148,,0.056950781494379044
5125,,320,0.00013923288497608155,,0.07210494577884674
5126,,320,0.00024495564866811037,,0.20769640803337097
5127,,320,0.0002732450084295124,,0.11287392675876617
5128,,320,0.0004486227117013186,,0.16059844195842743
5129,,320,0.00017397606279700994,,0.062239669263362885
5130,,320,0.00010622073023114353,,0.07988256216049194
5131,,320,9.21031241887249e-05,,0.055168308317661285
5132,,320,0.00018065355834551156,,0.09341243654489517
5133,,320,0.00022679686662741005,,0.042568907141685486
5134,,320,0.00018320733215659857,,0.0638514906167984
5135,,320,0.00015361575060524046,,0.08267274498939514
,5120,320,,0.02432882785797119,0.1538534313440323
,5121,320,,0.01666060835123062,0.12213384360074997
,5122,320,,0.01569099724292755,0.1715349555015564
,5123,320,,0.02587847411632538,0.18880042433738708
,5124,320,,0.022887172177433968,0.11677271127700806
,5125,320,,0.0214315764605999,0.1309465765953064
,5126,320,,0.02071547508239746,0.12090815603733063
,5127,320,,0.03106014057993889,0.17789630591869354
,5128,320,,0.02592300996184349,0.16147412359714508
,5129,320,,0.021938109770417213,0.09683912247419357
,5130,320,,0.020619668066501617,0.18226343393325806
,5131,320,,0.022697051987051964,0.12347785383462906
,5132,320,,0.018039962276816368,0.11967997997999191
,5133,320,,0.03062930330634117,0.16246812045574188
,5134,320,,0.023905664682388306,0.15646548569202423
,5135,320,,0.040015265345573425,0.19327093660831451
5136,,321,0.00019951036665588617,,0.0855538472533226
5137,,321,0.00010123543324880302,,0.11061687767505646
5138,,321,0.0001365759817417711,,0.051085181534290314
5139,,321,8.617217099526897e-05,,0.20637109875679016
5140,,321,0.0003739480162039399,,0.09225525707006454
5141,,321,0.00016376109851989895,,0.05743532255291939
5142,,321,0.0003241858212277293,,0.2734798491001129
5143,,321,0.00017025343549903482,,0.13886120915412903
5144,,321,0.00024305569240823388,,0.16262879967689514
5145,,321,9.914275869959965e-05,,0.11939099431037903
5146,,321,8.239020826295018e-05,,0.12931357324123383
5147,,321,0.00012011368380626664,,0.015887824818491936
5148,,321,0.00015875798999331892,,0.1354469656944275
5149,,321,6.67814165353775e-05,,0.05226976051926613
5150,,321,0.00018139643361791968,,0.028559468686580658
5151,,321,0.0001276476396014914,,0.1005597859621048
,5136,321,,0.02427804097533226,0.11319778859615326
,5137,321,,0.018491119146347046,0.20207121968269348
,5138,321,,0.016262918710708618,0.1154349222779274
,5139,321,,0.019404880702495575,0.13995611667633057
,5140,321,,0.023863255977630615,0.10165592283010483
,5141,321,,0.028154194355010986,0.15130490064620972
,5142,321,,0.012548974715173244,0.14638596773147583
,5143,321,,0.027202323079109192,0.1580461859703064
,5144,321,,0.016357166692614555,0.14406165480613708
,5145,321,,0.023262329399585724,0.10694356262683868
,5146,321,,0.01619935967028141,0.10329390317201614
,5147,321,,0.0183408185839653,0.15158890187740326
,5148,321,,0.03174711391329765,0.15971779823303223
,5149,321,,0.019144726917147636,0.0966360941529274
,5150,321,,0.049084264785051346,0.18570008873939514
,5151,321,,0.020450409501791,0.15538305044174194
5152,,322,6.0204791225260124e-05,,0.031198929995298386
5153,,322,8.589107164880261e-05,,0.1439296305179596
5154,,322,0.0001223604049300775,,0.11957782506942749
5155,,322,0.00013607772416435182,,0.04652871936559677
5156,,322,0.00011405549594201148,,0.06395986676216125
5157,,322,0.0002358845667913556,,0.1209978461265564
5158,,322,5.855901326867752e-05,,0.06267189234495163
5159,,322,0.00011334576993249357,,0.07558144629001617
5160,,322,0.00011415419430704787,,0.11723358184099197
5161,,322,0.00014333173749037087,,0.09466552734375
5162,,322,0.00014399400970432907,,0.036465391516685486
5163,,322,0.0001825275394367054,,0.04554592818021774
5164,,322,0.00011443360563134775,,0.06740772724151611
5165,,322,0.00010012699203798547,,0.10149024426937103
5166,,322,0.0003142351924907416,,0.09877605736255646
5167,,322,0.0008643013425171375,,0.17957788705825806
,5152,322,,0.02680431306362152,0.16217041015625
,5153,322,,0.021232154220342636,0.13351252675056458
,5154,322,,0.024218086153268814,0.1409388929605484
,5155,322,,0.02177439071238041,0.19157689809799194
,5156,322,,0.02209038846194744,0.14238381385803223
,5157,322,,0.01680263690650463,0.10205825418233871
,5158,322,,0.020662281662225723,0.17885667085647583
,5159,322,,0.027461299672722816,0.17469382286071777
,5160,322,,0.01935534179210663,0.16818548738956451
,5161,322,,0.028483351692557335,0.1969965696334839
,5162,322,,0.030140547081828117,0.1461281180381775
,5163,322,,0.019301244989037514,0.1390218883752823
,5164,322,,0.013805713504552841,0.1990530788898468
,5165,322,,0.03756677359342575,0.19667395949363708
,5166,322,,0.029670817777514458,0.12617337703704834
,5167,322,,0.015967920422554016,0.16160240769386292
5168,,323,0.0001752422540448606,,0.12816385924816132
5169,,323,0.0005811227019876242,,0.2092970311641693
5170,,323,0.00010399421444162726,,0.028489716351032257
5171,,323,0.00015096922288648784,,0.14172986149787903
5172,,323,0.00033337861532345414,,0.06464868783950806
5173,,323,1.7576890968484804e-05,,0.08107960224151611
5174,,323,0.0001491695293225348,,0.047786787152290344
5175,,323,8.563468873035163e-05,,0.07875403761863708
5176,,323,0.0002237279841210693,,0.046492595225572586
5177,,323,0.00040487604564987123,,0.11428147554397583
5178,,323,0.00013248471077531576,,0.12493523210287094
5179,,323,0.00022357460693456233,,0.0379900261759758
5180,,323,0.0005603343015536666,,0.1759469211101532
5181,,323,7.782021566526964e-05,,0.035331882536411285
5182,,323,9.732921898830682e-05,,0.03500179201364517
5183,,323,0.00027713202871382236,,0.08754309266805649
,5168,323,,0.021150929853320122,0.17106908559799194
,5169,323,,0.01542748138308525,0.11092579364776611
,5170,323,,0.009708129800856113,0.11223368346691132
,5171,323,,0.016131477430462837,0.12034762650728226
,5172,323,,0.014340982772409916,0.09780198335647583
,5173,323,,0.022586725652217865,0.1375047266483307
,5174,323,,0.014543594792485237,0.15998311340808868
,5175,323,,0.027643688023090363,0.20013302564620972
,5176,323,,0.020237576216459274,0.16249924898147583
,5177,323,,0.015322658233344555,0.13634008169174194
,5178,323,,0.02336014062166214,0.16696976125240326
,5179,323,,0.01910151168704033,0.1564231514930725
,5180,323,,0.016732560470700264,0.13909414410591125
,5181,323,,0.01801331713795662,0.14593380689620972
,5182,323,,0.017773257568478584,0.15637457370758057
,5183,323,,0.022125020623207092,0.15324681997299194
5184,,324,0.0002668890811037272,,0.17802833020687103
5185,,324,0.00017574889352545142,,0.14618168771266937
5186,,324,0.0005791247822344303,,0.08194904029369354
5187,,324,0.0008253880660049617,,0.13885247707366943
5188,,324,0.0003567447711247951,,0.12088324129581451
5189,,324,0.0007626059232279658,,0.29108163714408875
5190,,324,0.00012943688489031047,,0.06613096594810486
5191,,324,0.00010172675683861598,,0.09896664321422577
5192,,324,0.00023232540115714073,,0.10909348726272583
5193,,324,0.00011203700705664232,,0.04411720484495163
5194,,324,4.244977026246488e-05,,0.01901058293879032
5195,,324,5.967235847492702e-05,,0.044005103409290314
5196,,324,0.0006117786979302764,,0.08552394807338715
5197,,324,8.487079321639612e-05,,0.17219513654708862
5198,,324,0.0001754988043103367,,0.04874715954065323
5199,,324,0.00019142763630952686,,0.052072953432798386
,5184,324,,0.02096427045762539,0.18393130600452423
,5185,324,,0.01993940770626068,0.14509177207946777
,5186,324,,0.015350399538874626,0.13269540667533875
,5187,324,,0.01877870410680771,0.17888906598091125
,5188,324,,0.024332262575626373,0.17316794395446777
,5189,324,,0.01853688806295395,0.13088677823543549
,5190,324,,0.015593616291880608,0.1509324610233307
,5191,324,,0.012126419693231583,0.16474011540412903
,5192,324,,0.028880205005407333,0.19389621913433075
,5193,324,,0.022929619997739792,0.1510084569454193
,5194,324,,0.022650405764579773,0.17287646234035492
,5195,324,,0.021892838180065155,0.14960962533950806
,5196,324,,0.01637016423046589,0.14682939648628235
,5197,324,,0.024252422153949738,0.16876345872879028
,5198,324,,0.020484304055571556,0.16759756207466125
,5199,324,,0.02261217124760151,0.13947279751300812
5200,,325,0.0004944849642924964,,0.022930532693862915
5201,,325,0.0002039394894381985,,0.14709098637104034
5202,,325,8.887403237167746e-05,,0.030589822679758072
5203,,325,0.0007676320383325219,,0.11568901687860489
5204,,325,0.00012951450480613858,,0.08008061349391937
5205,,325,0.00016470157424919307,,0.25988149642944336
5206,,325,0.0002259653265355155,,0.09241469204425812
5207,,325,5.532586874323897e-05,,0.09058364480733871
5208,,325,0.0001098834618460387,,0.14144212007522583
5209,,325,0.00024081009905785322,,0.11500642448663712
5210,,325,4.2479936382733285e-05,,0.015769490972161293
5211,,325,9.368330938741565e-05,,0.04779426380991936
5212,,325,0.00025047705275937915,,0.09090875089168549
5213,,325,0.0003633915330283344,,0.0780813992023468
5214,,325,3.217522316845134e-05,,0.0576171875
5215,,325,0.0003391044738236815,,0.030858876183629036
,5200,325,,0.023148441687226295,0.2070574164390564
,5201,325,,0.021304067224264145,0.12370830029249191
,5202,325,,0.015835771337151527,0.1208932027220726
,5203,325,,0.0249144546687603,0.18638268113136292
,5204,325,,0.010013086721301079,0.12191709876060486
,5205,325,,0.021535126492381096,0.15553003549575806
,5206,325,,0.017286179587244987,0.12562903761863708
,5207,325,,0.015642806887626648,0.16775822639465332
,5208,325,,0.02411832846701145,0.16025838255882263
,5209,325,,0.03430426865816116,0.21325309574604034
,5210,325,,0.016411250457167625,0.1468941867351532
,5211,325,,0.015175482258200645,0.14230658113956451
,5212,325,,0.01621069386601448,0.20099999010562897
,5213,325,,0.02162282168865204,0.1287131905555725
,5214,325,,0.015018858015537262,0.11124591529369354
,5215,325,,0.019851088523864746,0.16741445660591125
5216,,326,0.00011658250878099352,,0.11656717956066132
5217,,326,0.00012832683569286019,,0.10190379619598389
5218,,326,0.00026230522780679166,,0.10065942257642746
5219,,326,7.774114783387631e-05,,0.09153903275728226
5220,,326,4.471845750231296e-05,,0.0417131707072258
5221,,326,0.00014350152923725545,,0.1071254163980484
5222,,326,0.00014124064182396978,,0.04274952411651611
5223,,326,9.737355867400765e-05,,0.041583627462387085
5224,,326,0.0009331803303211927,,0.09925935417413712
5225,,326,0.00010927807306870818,,0.02628248743712902
5226,,326,5.022010736865923e-05,,0.005374831147491932
5227,,326,0.00017110341286752373,,0.1483926624059677
5228,,326,0.000691945489961654,,0.1776023507118225
5229,,326,0.0003194184973835945,,0.17255884408950806
5230,,326,0.00016656082880217582,,0.10800233483314514
5231,,326,7.72020939621143e-05,,0.19612589478492737
,5216,326,,0.023988399654626846,0.17586222290992737
,5217,326,,0.022492963820695877,0.1592843234539032
,5218,326,,0.029017988592386246,0.18015211820602417
,5219,326,,0.024323265999555588,0.20781099796295166
,5220,326,,0.02405254915356636,0.14700254797935486
,5221,326,,0.018644846975803375,0.11433130502700806
,5222,326,,0.020811686292290688,0.13863077759742737
,5223,326,,0.01711668260395527,0.12354761362075806
,5224,326,,0.025535985827445984,0.1603730022907257
,5225,326,,0.028076384216547012,0.19178742170333862
,5226,326,,0.020448017865419388,0.13774016499519348
,5227,326,,0.030209161341190338,0.1297781765460968
,5228,326,,0.019203560426831245,0.1364496946334839
,5229,326,,0.031174659729003906,0.14140725135803223
,5230,326,,0.01963033340871334,0.1037684828042984
,5231,326,,0.016457347199320793,0.17557822167873383
5232,,327,0.00015877463738434017,,0.03555235639214516
5233,,327,6.149359251139686e-05,,0.023459920659661293
5234,,327,0.00017565974849276245,,0.10602055490016937
5235,,327,0.00024039804702624679,,0.16478246450424194
5236,,327,0.0009407851612195373,,0.2252558469772339
5237,,327,0.0005311309359967709,,0.1596331000328064
5238,,327,9.406258322997019e-05,,0.04177918657660484
5239,,327,5.485056317411363e-05,,0.06648970395326614
5240,,327,0.00010961309453705326,,0.05677514895796776
5241,,327,0.0005468185991048813,,0.09438028931617737
5242,,327,0.00027578778099268675,,0.18226592242717743
5243,,327,4.927227200823836e-05,,0.06748495250940323
5244,,327,0.00011203104804735631,,0.02557373046875
5245,,327,0.00016223052807617933,,0.08197270333766937
5246,,327,0.00016779084398876876,,0.15207841992378235
5247,,327,6.512338586617261e-05,,0.18148989975452423
,5232,327,,0.024459611624479294,0.16191256046295166
,5233,327,,0.02593715861439705,0.15880101919174194
,5234,327,,0.02275511994957924,0.12849894165992737
,5235,327,,0.02237621508538723,0.1442970633506775
,5236,327,,0.018225129693746567,0.13148467242717743
,5237,327,,0.028795151039958,0.18650102615356445
,5238,327,,0.022872913628816605,0.14950375258922577
,5239,327,,0.020025592297315598,0.1250448375940323
,5240,327,,0.02621053159236908,0.0976300984621048
,5241,327,,0.02899767830967903,0.1503818929195404
,5242,327,,0.02191539853811264,0.08796785771846771
,5243,327,,0.02057482860982418,0.12265201658010483
,5244,327,,0.020442593842744827,0.13343530893325806
,5245,327,,0.016936233267188072,0.10411351919174194
,5246,327,,0.022335276007652283,0.13210374116897583
,5247,327,,0.02864299714565277,0.12265700101852417
5248,,328,0.0005286338273435831,,0.10957678407430649
5249,,328,0.00023781301570124924,,0.13613705337047577
5250,,328,0.00028613689937628806,,0.07743492722511292
5251,,328,0.0003045938501600176,,0.08842997252941132
5252,,328,0.00014643358008470386,,0.07836789637804031
5253,,328,0.00013890147965867072,,0.06601761281490326
5254,,328,0.00018933293176814914,,0.07556650042533875
5255,,328,2.7601703550317325e-05,,0.04162846505641937
5256,,328,0.0002630341041367501,,0.06813392043113708
5257,,328,0.0004280230205040425,,0.04735954850912094
5258,,328,0.000448212813353166,,0.03995560482144356
5259,,328,0.00012895642430521548,,0.058228783309459686
5260,,328,0.00013895638403482735,,0.11343196779489517
5261,,328,8.08246259111911e-05,,0.034300513565540314
5262,,328,0.00026325698127038777,,0.05877934396266937
5263,,328,0.000244550290517509,,0.15246331691741943
,5248,328,,0.021458646282553673,0.12799072265625
,5249,328,,0.02614356391131878,0.19929596781730652
,5250,328,,0.023760579526424408,0.15544408559799194
,5251,328,,0.020353399217128754,0.15158143639564514
,5252,328,,0.025146566331386566,0.18517693877220154
,5253,328,,0.015739955008029938,0.09641063213348389
,5254,328,,0.026869352906942368,0.15939642488956451
,5255,328,,0.027996178716421127,0.11298729479312897
,5256,328,,0.03230617940425873,0.13774514198303223
,5257,328,,0.015318099409341812,0.15889568626880646
,5258,328,,0.022455573081970215,0.11629065871238708
,5259,328,,0.02445407398045063,0.16298753023147583
,5260,328,,0.028375953435897827,0.13411292433738708
,5261,328,,0.021337077021598816,0.14558753371238708
,5262,328,,0.028058674186468124,0.13001734018325806
,5263,328,,0.016291333362460136,0.11436369270086288
5264,,329,0.00014359416672959924,,0.14467574656009674
5265,,329,0.00033549530780874193,,0.08467694371938705
5266,,329,0.00012414634693413973,,0.08275371044874191
5267,,329,0.0005179131403565407,,0.08743348717689514
5268,,329,0.00012111607065889984,,0.09579654783010483
5269,,329,7.054839079501107e-05,,0.09254798293113708
5270,,329,0.00011630402150331065,,0.15052640438079834
5271,,329,0.00010029493569163606,,0.09508903324604034
5272,,329,0.0003931043320335448,,0.07629643380641937
5273,,329,0.0002239836030639708,,0.034053876996040344
5274,,329,6.31080984021537e-05,,0.022067323327064514
5275,,329,8.151672955136746e-05,,0.02658517099916935
5276,,329,0.00034346175380051136,,0.09909867495298386
5277,,329,9.691990999272093e-05,,0.1549607813358307
5278,,329,0.0006556614534929395,,0.07695412635803223
5279,,329,0.0005122635047882795,,0.12214380502700806
,5264,329,,0.02020321786403656,0.12799321115016937
,5265,329,,0.022742580622434616,0.1737309694290161
,5266,329,,0.03035528026521206,0.20169129967689514
,5267,329,,0.023541783913969994,0.1715797781944275
,5268,329,,0.01287984661757946,0.12069763988256454
,5269,329,,0.019196853041648865,0.14958345890045166
,5270,329,,0.02399367094039917,0.15244713425636292
,5271,329,,0.022092053666710854,0.11965382099151611
,5272,329,,0.011284886859357357,0.1741407811641693
,5273,329,,0.02044498920440674,0.14593878388404846
,5274,329,,0.018038032576441765,0.14239875972270966
,5275,329,,0.0166286900639534,0.13465476036071777
,5276,329,,0.015462587587535381,0.13116206228733063
,5277,329,,0.023559395223855972,0.14461471140384674
,5278,329,,0.010323832742869854,0.15076306462287903
,5279,329,,0.01955525204539299,0.15713687241077423
5280,,330,0.00019557808991521597,,0.1388537436723709
5281,,330,0.0006422431906685233,,0.12156085669994354
5282,,330,0.0003948374360334128,,0.18734803795814514
5283,,330,0.0004557681968435645,,0.1087908148765564
5284,,330,0.00030064466409385204,,0.1640276312828064
5285,,330,0.0002709049731492996,,0.015742087736725807
5286,,330,0.00010516778274904937,,0.11213155090808868
5287,,330,6.42654558760114e-05,,0.01731031760573387
5288,,330,0.00022386392811313272,,0.08068100363016129
5289,,330,0.0005461276741698384,,0.22773462533950806
5290,,330,0.00024886979372240603,,0.09075554460287094
5291,,330,0.00022972904844209552,,0.11988800019025803
5292,,330,0.0006594565929844975,,0.15135349333286285
5293,,330,0.00016893853899091482,,0.12941819429397583
5294,,330,0.00010454584116814658,,0.059937771409749985
5295,,330,0.00013194515486247838,,0.039924465119838715
,5280,330,,0.017207499593496323,0.1241367906332016
,5281,330,,0.02474845200777054,0.18231824040412903
,5282,330,,0.030892640352249146,0.21192900836467743
,5283,330,,0.02917696163058281,0.17538639903068542
,5284,330,,0.01994285173714161,0.1439557820558548
,5285,330,,0.025955062359571457,0.117745541036129
,5286,330,,0.030268095433712006,0.18209651112556458
,5287,330,,0.027943942695856094,0.1895228773355484
,5288,330,,0.020362086594104767,0.16169458627700806
,5289,330,,0.025039352476596832,0.16742566227912903
,5290,330,,0.022275105118751526,0.12773412466049194
,5291,330,,0.01357282418757677,0.11532904207706451
,5292,330,,0.025900844484567642,0.17316919565200806
,5293,330,,0.024530813097953796,0.13880889117717743
,5294,330,,0.022489577531814575,0.15099474787712097
,5295,330,,0.026734042912721634,0.13438072800636292
5296,,331,0.0001761834428180009,,0.019599758088588715
5297,,331,0.00010204000864177942,,0.11703179776668549
5298,,331,0.00011253378761466593,,0.12165677547454834
5299,,331,7.516334881074727e-05,,0.06138890981674194
5300,,331,0.00029459354118444026,,0.09675442427396774
5301,,331,4.2405346903251484e-05,,0.03646913170814514
5302,,331,0.00015647406689822674,,0.1236572265625
5303,,331,4.272575461072847e-05,,0.00800432451069355
5304,,331,0.0004578707739710808,,0.09661989659070969
5305,,331,0.00014735839795321226,,0.1516374945640564
5306,,331,7.234251097543165e-05,,0.07787463068962097
5307,,331,8.692496339790523e-05,,0.03349708765745163
5308,,331,0.0001585256977705285,,0.06905940920114517
5309,,331,0.0002974277886096388,,0.06347531825304031
5310,,331,0.0005082149291411042,,0.0442766472697258
5311,,331,0.0003579030744731426,,0.22185781598091125
,5296,331,,0.02328282967209816,0.1154436394572258
,5297,331,,0.02049756981432438,0.12059798836708069
,5298,331,,0.026022497564554214,0.15606814622879028
,5299,331,,0.02167060412466526,0.19013074040412903
,5300,331,,0.018840812146663666,0.15409259498119354
,5301,331,,0.022885987535119057,0.18034270405769348
,5302,331,,0.017891783267259598,0.18364232778549194
,5303,331,,0.020708097144961357,0.12597781419754028
,5304,331,,0.017366304993629456,0.13089674711227417
,5305,331,,0.026003336533904076,0.14108088612556458
,5306,331,,0.020231563597917557,0.1740373820066452
,5307,331,,0.019815731793642044,0.12427754700183868
,5308,331,,0.019398588687181473,0.13907794654369354
,5309,331,,0.015413206070661545,0.1520472913980484
,5310,331,,0.02050359919667244,0.11446832120418549
,5311,331,,0.019407059997320175,0.16834867000579834
5312,,332,0.0001715825783321634,,0.07504832744598389
5313,,332,0.00021718254720326513,,0.0966709703207016
5314,,332,2.743427103268914e-05,,0.06910550594329834
5315,,332,0.00020215338736306876,,0.08259177207946777
5316,,332,0.00037895850255154073,,0.15227150917053223
5317,,332,9.74015420069918e-05,,0.04667196422815323
5318,,332,0.00022049600374884903,,0.08186434209346771
5319,,332,0.00018442398868501186,,0.06422891467809677
5320,,332,0.0008340839995071292,,0.13153699040412903
5321,,332,0.0004030626732856035,,0.06237294524908066
5322,,332,0.00015013494703453034,,0.13363461196422577
5323,,332,0.00021554685372393578,,0.15091253817081451
5324,,332,9.344384307041764e-05,,0.030835209414362907
5325,,332,0.0001303671597270295,,0.046906135976314545
5326,,332,9.194815356750041e-05,,0.04994170367717743
5327,,332,4.200688999844715e-05,,0.11866728961467743
,5312,332,,0.02148091420531273,0.13956499099731445
,5313,332,,0.022289888933300972,0.17345070838928223
,5314,332,,0.023885149508714676,0.15469172596931458
,5315,332,,0.02186499908566475,0.1439744532108307
,5316,332,,0.02297283336520195,0.14364437758922577
,5317,332,,0.02116461843252182,0.11967001855373383
,5318,332,,0.018946511670947075,0.12276661396026611
,5319,332,,0.016307407990098,0.12274792790412903
,5320,332,,0.022585779428482056,0.15584392845630646
,5321,332,,0.016194462776184082,0.16974002122879028
,5322,332,,0.014731088653206825,0.14912009239196777
,5323,332,,0.01617211475968361,0.20317980647087097
,5324,332,,0.014401771128177643,0.1428297460079193
,5325,332,,0.017855364829301834,0.16228999197483063
,5326,332,,0.016371717676520348,0.1526314914226532
,5327,332,,0.024217132478952408,0.135986328125
5328,,333,0.0006584618240594864,,0.09029465913772583
5329,,333,0.0001602212287252769,,0.07003721594810486
5330,,333,0.00032458454370498657,,0.09893674403429031
5331,,333,0.0004199258401058614,,0.067068912088871
5332,,333,0.00024924828903749585,,0.09789416193962097
5333,,333,0.0003503244952298701,,0.08689538389444351
5334,,333,0.00011500565597089007,,0.058237507939338684
5335,,333,0.00013863597996532917,,0.11423040926456451
5336,,333,5.4454234486911446e-05,,0.08802515268325806
5337,,333,0.00019928489928133786,,0.09598588198423386
5338,,333,0.0002963189617730677,,0.0887364000082016
5339,,333,0.00031325474265031517,,0.1948752999305725
5340,,333,6.630221469094977e-05,,0.0208304263651371
5341,,333,0.00030205369694158435,,0.15781822800636292
5342,,333,0.00012525990314316005,,0.10882817208766937
5343,,333,8.73316457727924e-05,,0.052471548318862915
,5328,333,,0.023341508582234383,0.16097213327884674
,5329,333,,0.015569294802844524,0.1615525782108307
,5330,333,,0.018224501982331276,0.14903664588928223
,5331,333,,0.019390275701880455,0.1635493040084839
,5332,333,,0.020638421177864075,0.16763493418693542
,5333,333,,0.024013271555304527,0.16916579008102417
,5334,333,,0.020727010443806648,0.11132064461708069
,5335,333,,0.02633127197623253,0.16319306194782257
,5336,333,,0.016879461705684662,0.13106614351272583
,5337,333,,0.020398098975419998,0.15101966261863708
,5338,333,,0.017950333654880524,0.14721429347991943
,5339,333,,0.021636735647916794,0.11674156785011292
,5340,333,,0.016590237617492676,0.1935860812664032
,5341,333,,0.02600431628525257,0.11973851919174194
,5342,333,,0.019396863877773285,0.1219656839966774
,5343,333,,0.024479759857058525,0.1781603842973709
5344,,334,0.00020556498202495277,,0.09716796875
5345,,334,4.6097396989353e-05,,0.05874073877930641
5346,,334,0.0003518611192703247,,0.11007627844810486
5347,,334,0.0001470657007303089,,0.14906778931617737
5348,,334,0.00022490572882816195,,0.17022456228733063
5349,,334,6.0923430282855406e-05,,0.07020662724971771
5350,,334,0.00015396770322695374,,0.04832988232374191
5351,,334,8.111368515528738e-05,,0.10547871887683868
5352,,334,0.0002641545725055039,,0.1267799735069275
5353,,334,7.866144005674869e-05,,0.09087637066841125
5354,,334,0.0001364603522233665,,0.0159476138651371
5355,,334,0.00017330911941826344,,0.050899580121040344
5356,,334,0.0001143503759521991,,0.09647789597511292
5357,,334,0.00045348593266680837,,0.14638099074363708
5358,,334,6.0785856476286426e-05,,0.11204186081886292
5359,,334,0.00016580833471380174,,0.08466323465108871
,5344,334,,0.017673026770353317,0.16766980290412903
,5345,334,,0.019045859575271606,0.14126649498939514
,5346,334,,0.02123742550611496,0.1493281126022339
,5347,334,,0.01783912628889084,0.1425706446170807
,5348,334,,0.014389931224286556,0.09099718928337097
,5349,334,,0.018043242394924164,0.12515196204185486
,5350,334,,0.01914728805422783,0.2169886976480484
,5351,334,,0.02189343422651291,0.18305440247058868
,5352,334,,0.023599743843078613,0.13045455515384674
,5353,334,,0.020176038146018982,0.16760502755641937
,5354,334,,0.019525349140167236,0.1394827663898468
,5355,334,,0.017668742686510086,0.13169518113136292
,5356,334,,0.01863311417400837,0.14837397634983063
,5357,334,,0.013812955468893051,0.13419513404369354
,5358,334,,0.01653669774532318,0.15754543244838715
,5359,334,,0.01924636960029602,0.15940389037132263
5360,,335,6.794504588469863e-05,,0.08523248136043549
5361,,335,0.00026559625985100865,,0.10868991166353226
5362,,335,0.00012680001964326948,,0.07296939194202423
5363,,335,0.0002569888602010906,,0.029234593734145164
5364,,335,7.096304034348577e-05,,0.099862240254879
5365,,335,6.329243478830904e-05,,0.10364392399787903
5366,,335,0.00011845797416754067,,0.14171616733074188
5367,,335,0.00016089661221485585,,0.08066855370998383
5368,,335,0.00012111001706216484,,0.1031581312417984
5369,,335,0.00018183491192758083,,0.09535311162471771
5370,,335,0.0003152835415676236,,0.08842375129461288
5371,,335,0.00011269102833466604,,0.041354432702064514
5372,,335,0.00026462686946615577,,0.2259446680545807
5373,,335,0.0001271434739464894,,0.09853066504001617
5374,,335,0.00036928823101334274,,0.24889764189720154
5375,,335,0.00019132040324620903,,0.09312096238136292
,5360,335,,0.023768819868564606,0.2031511515378952
,5361,335,,0.014165511354804039,0.16900385916233063
,5362,335,,0.013971577398478985,0.12209023535251617
,5363,335,,0.018743369728326797,0.17861750721931458
,5364,335,,0.025241300463676453,0.17351797223091125
,5365,335,,0.01986987702548504,0.183349609375
,5366,335,,0.024616960436105728,0.16254907846450806
,5367,335,,0.02112950198352337,0.1771153062582016
,5368,335,,0.026108939200639725,0.12404212355613708
,5369,335,,0.020144211128354073,0.17134685814380646
,5370,335,,0.011875199154019356,0.11339709162712097
,5371,335,,0.025250177830457687,0.15596100687980652
,5372,335,,0.019657205790281296,0.17400376498699188
,5373,335,,0.024245668202638626,0.16310462355613708
,5374,335,,0.015834633260965347,0.12447435408830643
,5375,335,,0.022668171674013138,0.1749628782272339
5376,,336,5.8151559642283246e-05,,0.0426199808716774
5377,,336,0.0001988148142118007,,0.08156663179397583
5378,,336,4.275808169040829e-05,,0.10888671875
5379,,336,7.019357872195542e-05,,0.1622999608516693
5380,,336,8.871222962625325e-05,,0.045489873737096786
5381,,336,0.00016745040193200111,,0.12876799702644348
5382,,336,0.00035514438059180975,,0.1067156195640564
5383,,336,0.00023421960941050202,,0.11221998929977417
5384,,336,0.00025214816560037434,,0.08261793106794357
5385,,336,0.00031907993252389133,,0.1482631117105484
5386,,336,0.0005864492850378156,,0.20801404118537903
5387,,336,8.464421262033284e-05,,0.0549229234457016
5388,,336,0.00046097810263745487,,0.09925810992717743
5389,,336,0.00012797286035493016,,0.162109375
5390,,336,2.9520131647586823e-05,,0.03867262229323387
5391,,336,0.00020234532712493092,,0.10069555789232254
,5376,336,,0.01206610444933176,0.1091134250164032
,5377,336,,0.016244957223534584,0.11538633704185486
,5378,336,,0.01857374794781208,0.13381895422935486
,5379,336,,0.023670494556427002,0.16937628388404846
,5380,336,,0.027647269889712334,0.21025490760803223
,5381,336,,0.020211592316627502,0.11985810101032257
,5382,336,,0.016995808109641075,0.1454828977584839
,5383,336,,0.022124432027339935,0.13603490591049194
,5384,336,,0.022808842360973358,0.1842738538980484
,5385,336,,0.017365479841828346,0.12077362835407257
,5386,336,,0.026514185592532158,0.18143758177757263
,5387,336,,0.021798253059387207,0.17646384239196777
,5388,336,,0.02208349108695984,0.13574093580245972
,5389,336,,0.0375676155090332,0.20914755761623383
,5390,336,,0.027112655341625214,0.17893889546394348
,5391,336,,0.015428682789206505,0.13017678260803223
5392,,337,0.00012213404988870025,,0.11456173658370972
5393,,337,9.983732888940722e-05,,0.054130710661411285
5394,,337,0.0005290593253448606,,0.15293292701244354
5395,,337,0.000478735426440835,,0.1087820902466774
5396,,337,0.00022307656763587147,,0.14736253023147583
5397,,337,0.0004973148461431265,,0.2128831446170807
5398,,337,0.0009099376038648188,,0.10637181997299194
5399,,337,0.0006363147986121476,,0.1310511976480484
5400,,337,0.0008018918451853096,,0.1755109429359436
5401,,337,8.07165852165781e-05,,0.11309564858675003
5402,,337,0.0001267807965632528,,0.09536432474851608
5403,,337,0.00023086380679160357,,0.0827287957072258
5404,,337,5.8354693464934826e-05,,0.07899194955825806
5405,,337,0.0002984761376865208,,0.09297646582126617
5406,,337,0.00012127024820074439,,0.04495301470160484
5407,,337,0.0005656113498844206,,0.03921571001410484
,5392,337,,0.01291519682854414,0.12982550263404846
,5393,337,,0.018716935068368912,0.13896459341049194
,5394,337,,0.019746731966733932,0.15143819153308868
,5395,337,,0.019480882212519646,0.13054423034191132
,5396,337,,0.013815456070005894,0.15227274596691132
,5397,337,,0.01688407175242901,0.1857823133468628
,5398,337,,0.01937110908329487,0.12597905099391937
,5399,337,,0.01324762124568224,0.12135034799575806
,5400,337,,0.011300170794129372,0.14851349592208862
,5401,337,,0.01274074986577034,0.10798364877700806
,5402,337,,0.019650781527161598,0.14926335215568542
,5403,337,,0.01872396096587181,0.17365622520446777
,5404,337,,0.024503294378519058,0.24334342777729034
,5405,337,,0.01967122219502926,0.15646050870418549
,5406,337,,0.01789083145558834,0.0769566148519516
,5407,337,,0.018216699361801147,0.10288534313440323
5408,,338,7.87045864854008e-05,,0.12426508963108063
5409,,338,8.668468944961205e-05,,0.042316049337387085
5410,,338,9.614606824470684e-05,,0.11359390616416931
5411,,338,4.533036917564459e-05,,0.039985500276088715
5412,,338,0.00015187851386144757,,0.10838349163532257
5413,,338,0.00015563970373477787,,0.14874392747879028
5414,,338,0.0002516103268135339,,0.019445303827524185
5415,,338,2.4887614927138202e-05,,0.037151727825403214
5416,,338,5.4096002713777125e-05,,0.04235590994358063
5417,,338,0.00026299298042431474,,0.05177275836467743
5418,,338,6.128397217253223e-05,,0.04854661598801613
5419,,338,0.00014658129657618701,,0.09309481084346771
5420,,338,4.617477679857984e-05,,0.08862802386283875
5421,,338,5.282828351482749e-05,,0.10849684476852417
5422,,338,0.00021337837097235024,,0.13091543316841125
5423,,338,0.00019282364519312978,,0.06442821025848389
,5408,338,,0.017107876017689705,0.1153913289308548
,5409,338,,0.020432230085134506,0.1587449610233307
,5410,338,,0.016064774245023727,0.10206074267625809
,5411,338,,0.01509307324886322,0.18488794565200806
,5412,338,,0.021832242608070374,0.20204254984855652
,5413,338,,0.017811929807066917,0.14480528235435486
,5414,338,,0.026493748649954796,0.14687176048755646
,5415,338,,0.02223171293735504,0.1863851696252823
,5416,338,,0.022768303751945496,0.15942133963108063
,5417,338,,0.018710726872086525,0.16844332218170166
,5418,338,,0.01642519421875477,0.12483184039592743
,5419,338,,0.018699221312999725,0.20840765535831451
,5420,338,,0.016825804486870766,0.11701560020446777
,5421,338,,0.01729077473282814,0.18202178180217743
,5422,338,,0.02683960646390915,0.15226776897907257
,5423,338,,0.04156937450170517,0.1886247992515564
5424,,339,0.00017033368931151927,,0.07495490461587906
5425,,339,0.00025298085529357195,,0.13670629262924194
5426,,339,0.00011431440361775458,,0.12031026184558868
5427,,339,0.00012432406947482377,,0.09338004887104034
5428,,339,0.00023747998056933284,,0.15430933237075806
5429,,339,4.471666397876106e-05,,0.03128612041473389
5430,,339,0.00022640453244093806,,0.05758604407310486
5431,,339,0.00045119348214939237,,0.19942177832126617
5432,,339,0.00017339644546154886,,0.11284030973911285
5433,,339,0.0003229814756195992,,0.11031170189380646
5434,,339,0.00010205493890680373,,0.13923116028308868
5435,,339,6.559430039487779e-05,,0.030370594933629036
5436,,339,9.678193600848317e-05,,0.05612369626760483
5437,,339,0.00014903130067978054,,0.17431268095970154
5438,,339,0.0006632935255765915,,0.08163140714168549
5439,,339,0.0013020843034610152,,0.04361024126410484
,5424,339,,0.017165381461381912,0.11539256572723389
,5425,339,,0.021862678229808807,0.10785659402608871
,5426,339,,0.03342833369970322,0.16046142578125
,5427,339,,0.01846543326973915,0.12370456755161285
,5428,339,,0.02986053377389908,0.17150628566741943
,5429,339,,0.016176708042621613,0.15469174087047577
,5430,339,,0.020058874040842056,0.1770106852054596
,5431,339,,0.018712367862462997,0.20414140820503235
,5432,339,,0.024244587868452072,0.17031550407409668
,5433,339,,0.027945583686232567,0.1646379679441452
,5434,339,,0.018311524763703346,0.15685537457466125
,5435,339,,0.01880514621734619,0.18946808576583862
,5436,339,,0.03328656405210495,0.2202397584915161
,5437,339,,0.013845149427652359,0.10668446868658066
,5438,339,,0.019169066101312637,0.14507433772087097
,5439,339,,0.020714540034532547,0.16294269263744354
5440,,340,9.97047100099735e-05,,0.04025828838348389
5441,,340,0.00016570620937272906,,0.09462691843509674
5442,,340,0.00019472067651804537,,0.14207863807678223
5443,,340,6.715668860124424e-05,,0.08568838238716125
5444,,340,5.3583622502628714e-05,,0.09374377876520157
5445,,340,3.1135918106883764e-05,,0.03987713158130646
5446,,340,0.0001239892008015886,,0.07601866126060486
5447,,340,0.00022487198293674737,,0.08637221157550812
5448,,340,0.00014561042189598083,,0.037005987018346786
5449,,340,0.00014798204938415438,,0.0616978257894516
5450,,340,0.00010423267667647451,,0.11840571463108063
5451,,340,0.0005051891785115004,,0.13559769093990326
5452,,340,0.00026922530378215015,,0.08538319915533066
5453,,340,0.00021878811821807176,,0.14431451261043549
5454,,340,0.0001942183735081926,,0.11573636531829834
5455,,340,0.0003177843173034489,,0.058801762759685516
,5440,340,,0.01700180396437645,0.13656678795814514
,5441,340,,0.018851835280656815,0.13904058933258057
,5442,340,,0.013809772208333015,0.1267525851726532
,5443,340,,0.012696394696831703,0.12669652700424194
,5444,340,,0.017034290358424187,0.14151810109615326
,5445,340,,0.02022993564605713,0.19835305213928223
,5446,340,,0.021001577377319336,0.10581627488136292
,5447,340,,0.018931763246655464,0.10050247609615326
,5448,340,,0.015164708718657494,0.16992312669754028
,5449,340,,0.01824808120727539,0.10986576974391937
,5450,340,,0.023608751595020294,0.16965033113956451
,5451,340,,0.025155307725071907,0.17546363174915314
,5452,340,,0.020354490727186203,0.14975909888744354
,5453,340,,0.014604607596993446,0.13207384943962097
,5454,340,,0.023190326988697052,0.1323678195476532
,5455,340,,0.02042394131422043,0.17090092599391937
5456,,341,0.0005315474118106067,,0.05854766070842743
5457,,341,5.398136272560805e-05,,0.04363640025258064
5458,,341,9.694637265056372e-05,,0.17563925683498383
5459,,341,0.0002427132858429104,,0.14423230290412903
5460,,341,0.00016122714441735297,,0.10434894263744354
5461,,341,0.00013768360076937824,,0.22300130128860474
5462,,341,6.343498534988612e-05,,0.1765049397945404
5463,,341,0.0005947301397100091,,0.06089191138744354
5464,,341,0.00030811000033281744,,0.07115204632282257
5465,,341,9.92512796074152e-05,,0.07475685328245163
5466,,341,0.0003246918204240501,,0.0841238871216774
5467,,341,0.000414122361689806,,0.07296192646026611
5468,,341,0.0003110283287242055,,0.18957394361495972
5469,,341,3.646407276391983e-05,,0.09788420051336288
5470,,341,0.000292299228021875,,0.12141013890504837
5471,,341,0.00010301459406036884,,0.07063636183738708
,5456,341,,0.02341388911008835,0.16958805918693542
,5457,341,,0.03233199566602707,0.1403546929359436
,5458,341,,0.02278008684515953,0.13187703490257263
,5459,341,,0.024456273764371872,0.13348513841629028
,5460,341,,0.028247904032468796,0.13959985971450806
,5461,341,,0.03042585775256157,0.2355434000492096
,5462,341,,0.02304893732070923,0.15740966796875
,5463,341,,0.017085717990994453,0.14486756920814514
,5464,341,,0.021209491416811943,0.11773432791233063
,5465,341,,0.02079571969807148,0.12271928042173386
,5466,341,,0.031406134366989136,0.1854609251022339
,5467,341,,0.02158651128411293,0.1662759631872177
,5468,341,,0.015725214034318924,0.15789794921875
,5469,341,,0.016995077952742577,0.17128705978393555
,5470,341,,0.02293294295668602,0.1681356579065323
,5471,341,,0.026565995067358017,0.1599033921957016
5472,,342,0.00021954692783765495,,0.15118034183979034
5473,,342,0.0001837462477851659,,0.03948974609375
5474,,342,0.00010251162166241556,,0.09234743565320969
5475,,342,0.00023732957197353244,,0.10963781923055649
5476,,342,6.110352114774287e-05,,0.037834323942661285
5477,,342,0.00015820356202311814,,0.13375666737556458
5478,,342,0.0001374017883790657,,0.09644302725791931
5479,,342,4.310930671636015e-05,,0.023482343181967735
5480,,342,4.410969268064946e-05,,0.07446537911891937
5481,,342,0.00015184440417215228,,0.11740797758102417
5482,,342,0.0001394288265146315,,0.1500767469406128
5483,,342,8.650321251479909e-05,,0.00396728515625
5484,,342,0.00021990135428495705,,0.12719851732254028
5485,,342,8.882599649950862e-05,,0.05873575061559677
5486,,342,0.0001174838762381114,,0.16549620032310486
5487,,342,0.00014092416677158326,,0.11024319380521774
,5472,342,,0.016232848167419434,0.1343994140625
,5473,342,,0.017396943643689156,0.12637019157409668
,5474,342,,0.02426885813474655,0.12045225501060486
,5475,342,,0.026028810068964958,0.16754399240016937
,5476,342,,0.023421380668878555,0.1941603124141693
,5477,342,,0.01514772791415453,0.10736706852912903
,5478,342,,0.019948335364460945,0.19948406517505646
,5479,342,,0.02150111272931099,0.16778066754341125
,5480,342,,0.0236579068005085,0.1912393420934677
,5481,342,,0.018265539780259132,0.1578020304441452
,5482,342,,0.011662114411592484,0.15630854666233063
,5483,342,,0.030143000185489655,0.18245026469230652
,5484,342,,0.01856270059943199,0.1382359117269516
,5485,342,,0.020158492028713226,0.16629713773727417
,5486,342,,0.019067969173192978,0.11980703473091125
,5487,342,,0.020253043621778488,0.15172840654850006
5488,,343,0.00012196267198305577,,0.13402946293354034
5489,,343,6.477317219832912e-05,,0.10203458368778229
5490,,343,0.0002036338992184028,,0.032617684453725815
5491,,343,0.0001412669662386179,,0.0808977410197258
5492,,343,5.344874443835579e-05,,0.12250503897666931
5493,,343,7.246711174957454e-05,,0.048219021409749985
5494,,343,0.0002028883754974231,,0.04985202103853226
5495,,343,0.00012099334708182141,,0.14928701519966125
5496,,343,7.000302139203995e-05,,0.08357581496238708
5497,,343,0.00046704342821612954,,0.11694708466529846
5498,,343,0.0002030413452303037,,0.10111905634403229
5499,,343,0.0003062814357690513,,0.13993866741657257
5500,,343,0.00032262326567433774,,0.03209203481674194
5501,,343,6.905326881678775e-05,,0.10375603288412094
5502,,343,9.557198609400075e-06,,0.11775922775268555
5503,,343,0.00019888482347596437,,0.0510602667927742
,5488,343,,0.02394646778702736,0.2146170437335968
,5489,343,,0.024076905101537704,0.17792494595050812
,5490,343,,0.014819365926086903,0.1181030347943306
,5491,343,,0.011624874547123909,0.09031085669994354
,5492,343,,0.023045361042022705,0.16835613548755646
,5493,343,,0.018174361437559128,0.16858160495758057
,5494,343,,0.01652468927204609,0.14074334502220154
,5495,343,,0.01921778917312622,0.14870157837867737
,5496,343,,0.019550027325749397,0.1262655407190323
,5497,343,,0.017283927649259567,0.15398797392845154
,5498,343,,0.019442934542894363,0.17107780277729034
,5499,343,,0.02005073055624962,0.1809791922569275
,5500,343,,0.01011788658797741,0.07307153940200806
,5501,343,,0.018696974962949753,0.18644995987415314
,5502,343,,0.02718273550271988,0.16652631759643555
,5503,343,,0.01124626211822033,0.1363164186477661
5504,,344,0.00014047266449779272,,0.14943274855613708
5505,,344,0.0005074749933555722,,0.1302851438522339
5506,,344,0.00010327634663553908,,0.18648606538772583
5507,,344,0.00021420684061013162,,0.06667156517505646
5508,,344,6.328614108497277e-05,,0.1232474148273468
5509,,344,4.300516957300715e-05,,0.025718223303556442
5510,,344,0.00025722914142534137,,0.024796467274427414
5511,,344,0.00018257788906339556,,0.14583292603492737
5512,,344,0.00017954307259060442,,0.11397755146026611
5513,,344,8.437324140686542e-05,,0.08643326163291931
5514,,344,8.216247078962624e-05,,0.17274817824363708
5515,,344,0.00031797398696653545,,0.2414102405309677
5516,,344,0.0005078258109278977,,0.1936745047569275
5517,,344,6.463329191319644e-05,,0.0933140367269516
5518,,344,2.80812346318271e-05,,0.030522558838129044
5519,,344,0.00024290094734169543,,0.10190379619598389
,5504,344,,0.020899377763271332,0.14402925968170166
,5505,344,,0.02890375256538391,0.17614372074604034
,5506,344,,0.02430954948067665,0.16973501443862915
,5507,344,,0.02401905693113804,0.14019152522087097
,5508,344,,0.03445412218570709,0.13514553010463715
,5509,344,,0.019315972924232483,0.16628217697143555
,5510,344,,0.024141281843185425,0.13668137788772583
,5511,344,,0.018023747950792313,0.19911162555217743
,5512,344,,0.017867984250187874,0.15498320758342743
,5513,344,,0.022718138992786407,0.1406162679195404
,5514,344,,0.013389731757342815,0.14125901460647583
,5515,344,,0.02302268147468567,0.1768288016319275
,5516,344,,0.028679557144641876,0.13618811964988708
,5517,344,,0.017425956204533577,0.1884678453207016
,5518,344,,0.02378065511584282,0.1970463991165161
,5519,344,,0.013353614136576653,0.08427086472511292
5520,,345,0.0008571740472689271,,0.18617591261863708
5521,,345,6.0205453337403014e-05,,0.12390758842229843
5522,,345,0.0004372310941107571,,0.09602200239896774
5523,,345,0.00016524016973562539,,0.14439547061920166
5524,,345,9.976061846828088e-05,,0.08918482065200806
5525,,345,0.00020827562548220158,,0.06143126264214516
5526,,345,7.782437023706734e-05,,0.1202392578125
5527,,345,0.00024117255816236138,,0.06477823108434677
5528,,345,0.00012861672439612448,,0.06544837355613708
5529,,345,0.00030375580536201596,,0.0337786003947258
5530,,345,0.00043432481470517814,,0.09246328473091125
5531,,345,9.692300227470696e-05,,0.08871273696422577
5532,,345,4.597396036842838e-05,,0.05729208514094353
5533,,345,0.00024732272140681744,,0.040389083325862885
5534,,345,0.00017966245650313795,,0.14910513162612915
5535,,345,0.0010812792461365461,,0.18319764733314514
,5520,345,,0.02027786150574684,0.18583087623119354
,5521,345,,0.027514778077602386,0.150634765625
,5522,345,,0.021021276712417603,0.1428484320640564
,5523,345,,0.016645677387714386,0.18243533372879028
,5524,345,,0.0221724696457386,0.15272241830825806
,5525,345,,0.020358994603157043,0.11306700110435486
,5526,345,,0.027316279709339142,0.1976144015789032
,5527,345,,0.020491421222686768,0.16777442395687103
,5528,345,,0.02299320511519909,0.1378086656332016
,5529,345,,0.022737277671694756,0.13842524588108063
,5530,345,,0.02211766690015793,0.14686676859855652
,5531,345,,0.019858799874782562,0.1535993367433548
,5532,345,,0.013471940532326698,0.12737788259983063
,5533,345,,0.020538464188575745,0.11141407489776611
,5534,345,,0.01762380264699459,0.21686290204524994
,5535,345,,0.01518221851438284,0.15297278761863708
5536,,346,4.296560291550122e-05,,0.08643326163291931
5537,,346,0.00022585978149436414,,0.06959253549575806
5538,,346,0.00011182465823367238,,0.01972058415412903
5539,,346,0.00026320171309635043,,0.08951117098331451
5540,,346,0.00032638717675581574,,0.1114501953125
5541,,346,8.03485163487494e-05,,0.13596639037132263
5542,,346,0.00020640631555579603,,0.21373015642166138
5543,,346,0.0007536692428402603,,0.15147554874420166
5544,,346,8.71705706231296e-05,,0.06506970524787903
5545,,346,0.00024136382853612304,,0.04645149037241936
5546,,346,0.00019979455100838095,,0.04141172766685486
5547,,346,0.0001906032266560942,,0.051111336797475815
5548,,346,9.226609108736739e-05,,0.12240538746118546
5549,,346,0.00024865736486390233,,0.14967688918113708
5550,,346,4.911953510600142e-05,,0.01748470403254032
5551,,346,0.00016115192556753755,,0.10887426882982254
,5536,346,,0.03274358808994293,0.15723653137683868
,5537,346,,0.020546535030007362,0.12968599796295166
,5538,346,,0.031207874417304993,0.16088992357254028
,5539,346,,0.0401429682970047,0.17064309120178223
,5540,346,,0.029892316088080406,0.1158883273601532
,5541,346,,0.025849973782896996,0.13558025658130646
,5542,346,,0.01945893093943596,0.09926682710647583
,5543,346,,0.024492355063557625,0.12515570223331451
,5544,346,,0.032770492136478424,0.17469879984855652
,5545,346,,0.028835250064730644,0.13918133080005646
,5546,346,,0.021121561527252197,0.1598062366247177
,5547,346,,0.03460952639579773,0.1839686781167984
,5548,346,,0.018436111509799957,0.1499372273683548
,5549,346,,0.02305663749575615,0.13566994667053223
,5550,346,,0.019369717687368393,0.10294513404369354
,5551,346,,0.022355657070875168,0.16028204560279846
5552,,347,5.7325691159348935e-05,,0.0699637234210968
5553,,347,9.135524305747822e-05,,0.04262371361255646
5554,,347,5.9786187193822116e-05,,0.03954579681158066
5555,,347,0.0002226235665148124,,0.18563033640384674
5556,,347,0.0001599666866241023,,0.1893995702266693
5557,,347,0.0001313501561526209,,0.09152159839868546
5558,,347,4.502496085478924e-05,,0.009344606660306454
5559,,347,7.489572453778237e-05,,0.1466413289308548
5560,,347,5.8627552789403126e-05,,0.06901456415653229
5561,,347,0.00022557891497854143,,0.04082753509283066
5562,,347,0.00014578996342606843,,0.10131338238716125
5563,,347,0.00018031030776910484,,0.047305986285209656
5564,,347,2.911260526161641e-05,,0.06847147643566132
5565,,347,0.0009689679718576372,,0.09918337315320969
5566,,347,8.961912681115791e-05,,0.09092369675636292
5567,,347,0.0002739570918492973,,0.1586403250694275
,5552,347,,0.018307430669665337,0.22324542701244354
,5553,347,,0.021054193377494812,0.21006059646606445
,5554,347,,0.017223570495843887,0.15517254173755646
,5555,347,,0.018815798684954643,0.15233252942562103
,5556,347,,0.01455765776336193,0.1186087504029274
,5557,347,,0.020036133006215096,0.16447106003761292
,5558,347,,0.018331751227378845,0.12454410642385483
,5559,347,,0.019608192145824432,0.11035530269145966
,5560,347,,0.024902062490582466,0.16445860266685486
,5561,347,,0.015770945698022842,0.09951844066381454
,5562,347,,0.015502490103244781,0.17495042085647583
,5563,347,,0.014588475227355957,0.10148527473211288
,5564,347,,0.01611490175127983,0.10635562241077423
,5565,347,,0.022686667740345,0.13763177394866943
,5566,347,,0.02611520327627659,0.18199563026428223
,5567,347,,0.02422550693154335,0.19124183058738708
5568,,348,0.00034941628109663725,,0.04653868451714516
5569,,348,0.00015719226212240756,,0.0842982679605484
5570,,348,0.0002762576041277498,,0.0413469597697258
5571,,348,5.249218884273432e-05,,0.05574876815080643
5572,,348,0.00016484438674524426,,0.05258864164352417
5573,,348,0.0001926227705553174,,0.0836530402302742
5574,,348,0.00022431241814047098,,0.0704258531332016
5575,,348,0.00025273620849475265,,0.10996542125940323
5576,,348,9.586815576767549e-05,,0.10243567824363708
5577,,348,0.00022560256184078753,,0.06493144482374191
5578,,348,8.028923184610903e-05,,0.0625174343585968
5579,,348,0.00025867694057524204,,0.13957369327545166
5580,,348,0.00023895472986623645,,0.04263118654489517
5581,,348,0.00024737295461818576,,0.09926309436559677
5582,,348,0.00035368071985431015,,0.037919025868177414
5583,,348,9.514905832475051e-05,,0.026516661047935486
,5568,348,,0.031278904527425766,0.1727818101644516
,5569,348,,0.0313417911529541,0.1979295313358307
,5570,348,,0.032612428069114685,0.18243657052516937
,5571,348,,0.015165254473686218,0.11990667879581451
,5572,348,,0.01780431531369686,0.12726078927516937
,5573,348,,0.02479911968111992,0.12427007406949997
,5574,348,,0.020418040454387665,0.10202212631702423
,5575,348,,0.016954295337200165,0.13538718223571777
,5576,348,,0.02143969014286995,0.14531847834587097
,5577,348,,0.019239675253629684,0.13347142934799194
,5578,348,,0.022283364087343216,0.15348224341869354
,5579,348,,0.018732016906142235,0.19774644076824188
,5580,348,,0.02292957901954651,0.19373804330825806
,5581,348,,0.033943407237529755,0.1723981499671936
,5582,348,,0.02170320600271225,0.15242347121238708
,5583,348,,0.01999550871551037,0.16363400220870972
5584,,349,0.000875769997946918,,0.3164224624633789
5585,,349,0.00012094051635358483,,0.07838408648967743
5586,,349,0.00023018843785393983,,0.08706976473331451
5587,,349,0.00015301913663279265,,0.12217120826244354
5588,,349,0.0003833934897556901,,0.13679099082946777
5589,,349,0.00012597377644851804,,0.15484245121479034
5590,,349,0.00020345571101643145,,0.1289149671792984
5591,,349,0.0001164336281362921,,0.052657146006822586
5592,,349,0.00012271766900084913,,0.1674455851316452
5593,,349,0.00013787249918095767,,0.1294991672039032
5594,,349,0.00012481090379878879,,0.04654989764094353
5595,,349,8.393957250518724e-05,,0.011338837444782257
5596,,349,4.2429688619449735e-05,,0.06386768817901611
5597,,349,5.9080768551211804e-05,,0.14999327063560486
5598,,349,0.00025891882251016796,,0.12573367357254028
5599,,349,9.873883391264826e-05,,0.061123594641685486
,5584,349,,0.021860318258404732,0.12983174622058868
,5585,349,,0.025372005999088287,0.1074916273355484
,5586,349,,0.02509447932243347,0.15077552199363708
,5587,349,,0.022080637514591217,0.1354457288980484
,5588,349,,0.021976429969072342,0.08078314363956451
,5589,349,,0.02394169382750988,0.20859450101852417
,5590,349,,0.021328473463654518,0.14667993783950806
,5591,349,,0.02074200101196766,0.11692218482494354
,5592,349,,0.01952851191163063,0.18201057612895966
,5593,349,,0.022070489823818207,0.15067586302757263
,5594,349,,0.017449522390961647,0.12393001466989517
,5595,349,,0.015506042167544365,0.1011788547039032
,5596,349,,0.024834044277668,0.21000826358795166
,5597,349,,0.02416660450398922,0.1776210367679596
,5598,349,,0.02263171598315239,0.14021769165992737
,5599,349,,0.018678033724427223,0.17610636353492737
5600,,350,0.0001553983602207154,,0.07854851335287094
5601,,350,0.00010227742313873023,,0.046318210661411285
5602,,350,4.571080353343859e-05,,0.10130714625120163
5603,,350,9.035370021592826e-05,,0.09523601830005646
5604,,350,0.000269927317276597,,0.06283008307218552
5605,,350,1.7238293366972357e-05,,0.014531349763274193
5606,,350,0.0004320752923376858,,0.09267005324363708
5607,,350,4.765402263728902e-05,,0.09847088158130646
5608,,350,1.9739181880140677e-05,,0.033759914338588715
5609,,350,0.00016725825844332576,,0.02286202646791935
5610,,350,6.688971188850701e-05,,0.04943225160241127
5611,,350,0.0001508326968178153,,0.1348092257976532
5612,,350,0.00015925022307783365,,0.051026634871959686
5613,,350,0.0008384640095755458,,0.08921845257282257
5614,,350,0.00012748298468068242,,0.12766560912132263
5615,,350,0.00013617135118693113,,0.0971418023109436
,5600,350,,0.01466543972492218,0.11780282855033875
,5601,350,,0.011004243046045303,0.14430205523967743
,5602,350,,0.011027930304408073,0.12297462671995163
,5603,350,,0.017320433631539345,0.14015166461467743
,5604,350,,0.014948282390832901,0.14780846238136292
,5605,350,,0.02082274854183197,0.1701136976480484
,5606,350,,0.02006104588508606,0.18429753184318542
,5607,350,,0.014462301507592201,0.1585705727338791
,5608,350,,0.014232449233531952,0.15045663714408875
,5609,350,,0.015843568369746208,0.12462382763624191
,5610,350,,0.015628915280103683,0.16273093223571777
,5611,350,,0.017352841794490814,0.12888631224632263
,5612,350,,0.019492626190185547,0.19483044743537903
,5613,350,,0.014671185985207558,0.12193454056978226
,5614,350,,0.021230142563581467,0.14090277254581451
,5615,350,,0.0166005976498127,0.1582193225622177
5616,,351,0.00023093643540050834,,0.12336699664592743
5617,,351,0.00012014071398880333,,0.08884725719690323
5618,,351,0.0007546008564531803,,0.2784075140953064
5619,,351,7.708980410825461e-05,,0.0181884765625
5620,,351,0.00037565449019894004,,0.11377575993537903
5621,,351,9.318478987552226e-05,,0.04094088822603226
5622,,351,0.00016912425053305924,,0.0858328640460968
5623,,351,0.00019519015040714294,,0.06970588862895966
5624,,351,0.0001840735785663128,,0.13872668147087097
5625,,351,0.00018154650751966983,,0.1401541531085968
5626,,351,4.178213930572383e-05,,0.054531797766685486
5627,,351,0.0001181164916488342,,0.08079560101032257
5628,,351,0.0005429242737591267,,0.11718998849391937
5629,,351,3.082305920543149e-05,,0.03767364099621773
5630,,351,0.0003932498802896589,,0.10085125267505646
5631,,351,3.857548290397972e-05,,0.05428392067551613
,5616,351,,0.01677975058555603,0.1292039453983307
,5617,351,,0.020759224891662598,0.18769432604312897
,5618,351,,0.028740545734763145,0.20938047766685486
,5619,351,,0.014307274483144283,0.10932642221450806
,5620,351,,0.026974059641361237,0.1744123101234436
,5621,351,,0.01741761714220047,0.13943544030189514
,5622,351,,0.01826593093574047,0.18713629245758057
,5623,351,,0.025213535875082016,0.19198794662952423
,5624,351,,0.016631418839097023,0.13174375891685486
,5625,351,,0.02403216063976288,0.13669508695602417
,5626,351,,0.015605566091835499,0.19445177912712097
,5627,351,,0.008856151252985,0.14602972567081451
,5628,351,,0.016454070806503296,0.14443781971931458
,5629,351,,0.013718643225729465,0.10588479042053223
,5630,351,,0.02143058553338051,0.1601811647415161
,5631,351,,0.01780092343688011,0.11240682750940323
5632,,352,9.946761565515772e-05,,0.06446682661771774
5633,,352,0.00010149615991394967,,0.07478924095630646
5634,,352,1.4599338101106696e-05,,0.03079659678041935
5635,,352,0.0003020064905285835,,0.15329290926456451
5636,,352,0.0001754875702317804,,0.09625368565320969
5637,,352,0.00028392754029482603,,0.13529999554157257
5638,,352,0.00017504204879514873,,0.04566800221800804
5639,,352,4.9237041821470484e-05,,0.07318862527608871
5640,,352,0.0002743151562754065,,0.07547806203365326
5641,,352,0.0005445972201414406,,0.12550947070121765
5642,,352,8.291014819405973e-05,,0.10029944032430649
5643,,352,8.567262557335198e-05,,0.041269730776548386
5644,,352,6.898123683640733e-05,,0.15203359723091125
5645,,352,0.000154934823513031,,0.02473044954240322
5646,,352,0.00011464587441878393,,0.06034882366657257
5647,,352,6.473567191278562e-05,,0.059996310621500015
,5632,352,,0.013905685395002365,0.10024712979793549
,5633,352,,0.02327651157975197,0.1486118882894516
,5634,352,,0.01749362424015999,0.13351751863956451
,5635,352,,0.018926024436950684,0.12294846773147583
,5636,352,,0.018011342734098434,0.1503731906414032
,5637,352,,0.02287410758435726,0.12602762877941132
,5638,352,,0.017374783754348755,0.1544288992881775
,5639,352,,0.019177518784999847,0.16796502470970154
,5640,352,,0.012382129207253456,0.15011782944202423
,5641,352,,0.021212806925177574,0.11697948724031448
,5642,352,,0.01756170392036438,0.1788678765296936
,5643,352,,0.01147477701306343,0.10415711998939514
,5644,352,,0.0173820611089468,0.1260463297367096
,5645,352,,0.016779474914073944,0.12122204899787903
,5646,352,,0.012369561940431595,0.12984918057918549
,5647,352,,0.01770554855465889,0.14431950449943542
5648,,353,0.0005908284801989794,,0.20250466465950012
5649,,353,0.00010997241042787209,,0.10992556810379028
5650,,353,0.00011686034849844873,,0.08020767569541931
5651,,353,0.0001785863860277459,,0.13164037466049194
5652,,353,0.00010750167712103575,,0.08377386629581451
5653,,353,8.122271538013592e-05,,0.011069783940911293
5654,,353,0.0002764514647424221,,0.17719128727912903
5655,,353,0.00024684210075065494,,0.1591796875
5656,,353,0.00016197549120988697,,0.08149438351392746
5657,,353,0.0001758369617164135,,0.1316615492105484
5658,,353,6.894734542584047e-05,,0.032942790538072586
5659,,353,4.703045851783827e-05,,0.03140819072723389
5660,,353,0.00022912870917934924,,0.1451665163040161
5661,,353,0.00013682310236617923,,0.12756222486495972
5662,,353,4.427750900504179e-05,,0.07793068885803223
5663,,353,5.793410673504695e-05,,0.12476956099271774
,5648,353,,0.02038242295384407,0.1300584375858307
,5649,353,,0.019150035455822945,0.1589866280555725
,5650,353,,0.01592794805765152,0.13300681114196777
,5651,353,,0.023886308073997498,0.18318144977092743
,5652,353,,0.010374939069151878,0.14157915115356445
,5653,353,,0.021129552274942398,0.19275027513504028
,5654,353,,0.027034658938646317,0.17580990493297577
,5655,353,,0.016147438436746597,0.11690474301576614
,5656,353,,0.02034880965948105,0.17455805838108063
,5657,353,,0.02200765162706375,0.12910430133342743
,5658,353,,0.024745415896177292,0.15666353702545166
,5659,353,,0.026757262647151947,0.12906569242477417
,5660,353,,0.024500325322151184,0.1771065890789032
,5661,353,,0.01737743243575096,0.14856454730033875
,5662,353,,0.015149703249335289,0.10544010251760483
,5663,353,,0.017287341877818108,0.12845781445503235
5664,,354,0.0002849286247510463,,0.06737284362316132
5665,,354,9.254980250261724e-05,,0.09483741968870163
5666,,354,0.00017467085854150355,,0.1504778116941452
5667,,354,0.00022636112407781184,,0.13664276897907257
5668,,354,0.00035296735586598516,,0.1710117906332016
5669,,354,0.001862876582890749,,0.21930930018424988
5670,,354,8.539356349501759e-05,,0.07743243873119354
5671,,354,4.319836443755776e-05,,0.03562460094690323
5672,,354,9.218706691171974e-05,,0.12487916648387909
5673,,354,9.912213135976344e-05,,0.03851941227912903
5674,,354,0.00010876485612243414,,0.03605683147907257
5675,,354,0.0002760037896223366,,0.01627894677221775
5676,,354,0.00015585959772579372,,0.06226208806037903
5677,,354,0.00015380331024061888,,0.10583620518445969
5678,,354,5.126529504195787e-05,,0.04132702946662903
5679,,354,8.29757991596125e-05,,0.03994190692901611
,5664,354,,0.015255572274327278,0.1885799616575241
,5665,354,,0.0235840305685997,0.14181208610534668
,5666,354,,0.013724593445658684,0.12531886994838715
,5667,354,,0.01998717337846756,0.12331593036651611
,5668,354,,0.02447814680635929,0.12662926316261292
,5669,354,,0.021021585911512375,0.12672144174575806
,5670,354,,0.013367385603487492,0.20817971229553223
,5671,354,,0.02710195817053318,0.18458899855613708
,5672,354,,0.018297724425792694,0.13522401452064514
,5673,354,,0.02228901907801628,0.12855374813079834
,5674,354,,0.024071387946605682,0.10841213911771774
,5675,354,,0.0164681114256382,0.1264486461877823
,5676,354,,0.016766037791967392,0.1517583131790161
,5677,354,,0.018471190705895424,0.1423427015542984
,5678,354,,0.023733356967568398,0.1760515570640564
,5679,354,,0.02983771078288555,0.15298773348331451
5680,,355,0.00010951174044748768,,0.0503104068338871
5681,,355,0.00019893248099833727,,0.1006295382976532
5682,,355,0.00014097683015279472,,0.11243921518325806
5683,,355,6.929017399670556e-05,,0.057123925536870956
5684,,355,0.00011702206393238157,,0.14169499278068542
5685,,355,0.00017028847651090473,,0.08809241652488708
5686,,355,0.00011317402822896838,,0.04822026193141937
5687,,355,0.0003599670890253037,,0.1540776491165161
5688,,355,0.00010912165453191847,,0.12181247025728226
5689,,355,0.00017846046830527484,,0.027687540277838707
5690,,355,0.0002425610728096217,,0.08571826666593552
5691,,355,7.473932055290788e-05,,0.12977445125579834
5692,,355,0.00020068312005605549,,0.0944039523601532
5693,,355,2.84207308141049e-05,,0.05257369205355644
5694,,355,0.00015369243919849396,,0.08349484950304031
5695,,355,0.00019279748084954917,,0.061234451830387115
,5680,355,,0.01902695745229721,0.12007981538772583
,5681,355,,0.016578510403633118,0.08681690692901611
,5682,355,,0.019706543534994125,0.14227792620658875
,5683,355,,0.026843227446079254,0.1859130859375
,5684,355,,0.020729627460241318,0.1418805718421936
,5685,355,,0.017471499741077423,0.13741132616996765
,5686,355,,0.031046893447637558,0.16848069429397583
,5687,355,,0.019122479483485222,0.16345712542533875
,5688,355,,0.02316712588071823,0.1592755913734436
,5689,355,,0.0184556283056736,0.16253164410591125
,5690,355,,0.015993304550647736,0.11093825101852417
,5691,355,,0.02379070781171322,0.15805116295814514
,5692,355,,0.02327623963356018,0.13763800263404846
,5693,355,,0.021094460040330887,0.16455203294754028
,5694,355,,0.021609947085380554,0.15443265438079834
,5695,355,,0.018529793247580528,0.13902439177036285
5696,,356,0.00023012618476059288,,0.07091537863016129
5697,,356,8.679142047185451e-05,,0.10396154969930649
5698,,356,5.2676106861326844e-05,,0.026510432362556458
5699,,356,0.0002774779568426311,,0.0756748765707016
5700,,356,0.00014246004866436124,,0.1235177218914032
5701,,356,0.00048189901281148195,,0.0462820865213871
5702,,356,8.169206557795405e-05,,0.13024653494358063
5703,,356,5.272394264466129e-05,,0.0975777804851532
5704,,356,3.1169489375315607e-05,,0.05146509408950806
5705,,356,0.000257992185652256,,0.09642558544874191
5706,,356,0.000449660379672423,,0.14804887771606445
5707,,356,7.518292841268703e-05,,0.08168745785951614
5708,,356,5.999011773383245e-05,,0.013597138226032257
5709,,356,1.2843494914704934e-05,,0.026267537847161293
5710,,356,1.383687776979059e-05,,0.08938910067081451
5711,,356,4.7126071876846254e-05,,0.012184609659016132
,5696,356,,0.017131824046373367,0.12042111158370972
,5697,356,,0.017301330342888832,0.13783980906009674
,5698,356,,0.023043692111968994,0.15818943083286285
,5699,356,,0.016852736473083496,0.1368308663368225
,5700,356,,0.02162875607609749,0.15945248305797577
,5701,356,,0.02260740101337433,0.1559099555015564
,5702,356,,0.017794860526919365,0.15081287920475006
,5703,356,,0.016631165519356728,0.18559294939041138
,5704,356,,0.018854256719350815,0.14151935279369354
,5705,356,,0.01603928953409195,0.12025172263383865
,5706,356,,0.023179620504379272,0.15503302216529846
,5707,356,,0.020992474630475044,0.14330057799816132
,5708,356,,0.024474937468767166,0.14078567922115326
,5709,356,,0.028933685272932053,0.18629923462867737
,5710,356,,0.03635383024811745,0.16961047053337097
,5711,356,,0.017524901777505875,0.06910175830125809
5712,,357,5.7486693549435586e-05,,0.09760766476392746
5713,,357,0.00018735695630311966,,0.12247388064861298
5714,,357,0.0001621990231797099,,0.13020792603492737
5715,,357,0.00022435963910538703,,0.13137006759643555
5716,,357,0.00036436133086681366,,0.06717853248119354
5717,,357,4.2961146391462535e-05,,0.07980159670114517
5718,,357,7.431476842612028e-05,,0.02059500478208065
5719,,357,0.00019575597252696753,,0.18329232931137085
5720,,357,9.428826160728931e-05,,0.07598378509283066
5721,,357,8.069931209320202e-05,,0.09159508347511292
5722,,357,0.0001016706955851987,,0.06835688650608063
5723,,357,4.97092078148853e-05,,0.05528539419174194
5724,,357,0.0004989848821423948,,0.06315519660711288
5725,,357,0.0003654543252196163,,0.13427485525608063
5726,,357,0.00024345883866772056,,0.07213608175516129
5727,,357,9.2158472398296e-05,,0.1324213743209839
,5712,357,,0.0261723343282938,0.1713605523109436
,5713,357,,0.03617522865533829,0.23934000730514526
,5714,357,,0.028260769322514534,0.1664353907108307
,5715,357,,0.024342287331819534,0.1570795774459839
,5716,357,,0.030209505930542946,0.14864426851272583
,5717,357,,0.021894045174121857,0.14680449664592743
,5718,357,,0.016100401058793068,0.11522939056158066
,5719,357,,0.028507832437753677,0.1849813610315323
,5720,357,,0.021449197083711624,0.11809305846691132
,5721,357,,0.021076999604701996,0.14696268737316132
,5722,357,,0.026842540130019188,0.2109300196170807
,5723,357,,0.027570977807044983,0.13879892230033875
,5724,357,,0.024597879499197006,0.1347569078207016
,5725,357,,0.025501664727926254,0.10612519085407257
,5726,357,,0.018060119822621346,0.1717080920934677
,5727,357,,0.02247224748134613,0.14359953999519348
5728,,358,3.1609393772669137e-05,,0.1106567308306694
5729,,358,0.00012662733206525445,,0.1323840171098709
5730,,358,2.648598274390679e-05,,0.05054831504821777
5731,,358,8.108864130917937e-05,,0.059100717306137085
5732,,358,3.382355862413533e-05,,0.0337698794901371
5733,,358,0.00015769869787618518,,0.14628258347511292
5734,,358,0.00013992219464853406,,0.08747459203004837
5735,,358,0.00014886530698277056,,0.08873265981674194
5736,,358,0.00048451422480866313,,0.10015370696783066
5737,,358,0.00024063108139671385,,0.1134556382894516
5738,,358,0.0002627957728691399,,0.1619424670934677
5739,,358,0.0005303274374455214,,0.11162208765745163
5740,,358,0.00012171745038358495,,0.10137192159891129
5741,,358,0.0002593153913039714,,0.14405666291713715
5742,,358,9.144332580035552e-05,,0.017178282141685486
5743,,358,6.163120997371152e-05,,0.08546541631221771
,5728,358,,0.012609547935426235,0.14914874732494354
,5729,358,,0.01861153170466423,0.1245117112994194
,5730,358,,0.020671026781201363,0.17071782052516937
,5731,358,,0.014191396534442902,0.13665771484375
,5732,358,,0.012033632025122643,0.15743082761764526
,5733,358,,0.018086781725287437,0.14999452233314514
,5734,358,,0.026078028604388237,0.15295535326004028
,5735,358,,0.013169843703508377,0.12419408559799194
,5736,358,,0.012656745500862598,0.13022908568382263
,5737,358,,0.01660965010523796,0.15855813026428223
,5738,358,,0.022988462820649147,0.2360316663980484
,5739,358,,0.016950299963355064,0.15754792094230652
,5740,358,,0.01564054936170578,0.12503737211227417
,5741,358,,0.017817851155996323,0.21094870567321777
,5742,358,,0.017740599811077118,0.07805649936199188
,5743,358,,0.020448440685868263,0.16447854042053223
5744,,359,9.981101175071672e-05,,0.023063814267516136
5745,,359,5.3472555009648204e-05,,0.0866350457072258
5746,,359,0.0001284981262870133,,0.036733198910951614
5747,,359,0.0002536869142204523,,0.0921107679605484
5748,,359,0.0002002041001105681,,0.020689671859145164
5749,,359,0.000613521144259721,,0.12079604715108871
5750,,359,0.0001643928262637928,,0.07684824615716934
5751,,359,0.0003980808542110026,,0.12050831317901611
5752,,359,0.00014748323883395642,,0.06436467915773392
5753,,359,0.00019999277719762176,,0.06350396573543549
5754,,359,0.0002760905190370977,,0.11534399539232254
5755,,359,0.00023971550399437547,,0.0514177605509758
5756,,359,0.0004169087915215641,,0.05677390471100807
5757,,359,0.00014202840975485742,,0.14465083181858063
5758,,359,0.00029484572587534785,,0.16208571195602417
5759,,359,0.00015058726421557367,,0.09991828352212906
,5744,359,,0.026969298720359802,0.13496491312980652
,5745,359,,0.02978324145078659,0.16222521662712097
,5746,359,,0.04034998640418053,0.1640188992023468
,5747,359,,0.020606866106390953,0.1631394922733307
,5748,359,,0.03717222064733505,0.17779666185379028
,5749,359,,0.026392795145511627,0.1882847398519516
,5750,359,,0.013465683907270432,0.08038578927516937
,5751,359,,0.023006703704595566,0.15761145949363708
,5752,359,,0.02788514643907547,0.16172821819782257
,5753,359,,0.035903528332710266,0.1984327733516693
,5754,359,,0.02617204748094082,0.13303670287132263
,5755,359,,0.028407711535692215,0.14026378095149994
,5756,359,,0.02783789113163948,0.12511086463928223
,5757,359,,0.028813034296035767,0.14679203927516937
,5758,359,,0.03524802625179291,0.1110055074095726
,5759,359,,0.02695276588201523,0.15671710669994354
5760,,360,0.00043770953197963536,,0.016612771898508072
5761,,360,0.0002896492660511285,,0.023458674550056458
5762,,360,0.00025814727996475995,,0.0915091335773468
5763,,360,0.0002915396180469543,,0.058827921748161316
5764,,360,2.476178269716911e-05,,0.04661092907190323
5765,,360,0.00018922887102235109,,0.08201629668474197
5766,,360,0.00011641494347713888,,0.02244972623884678
5767,,360,0.00042314548045396805,,0.09212572127580643
5768,,360,0.00014391340664587915,,0.16537413001060486
5769,,360,0.0001494459284003824,,0.03609295189380646
5770,,360,0.00024714512983337045,,0.14566351473331451
5771,,360,0.0001273411326110363,,0.026833048090338707
5772,,360,0.000312141259200871,,0.09851696342229843
5773,,360,0.00030137936118990183,,0.0756661593914032
5774,,360,0.00036135988193564117,,0.11842938512563705
5775,,360,0.0002167329948861152,,0.1214686781167984
,5760,360,,0.021302279084920883,0.14783337712287903
,5761,360,,0.016689423471689224,0.12816137075424194
,5762,360,,0.015978284180164337,0.17186753451824188
,5763,360,,0.02587294578552246,0.21207475662231445
,5764,360,,0.023945089429616928,0.16504280269145966
,5765,360,,0.01631416752934456,0.11411955207586288
,5766,360,,0.026691429316997528,0.18692202866077423
,5767,360,,0.026839526370167732,0.13384760916233063
,5768,360,,0.018382668495178223,0.12001629173755646
,5769,360,,0.018905889242887497,0.15268132090568542
,5770,360,,0.023765243589878082,0.15891437232494354
,5771,360,,0.027237119153141975,0.1848580539226532
,5772,360,,0.02575749158859253,0.14897561073303223
,5773,360,,0.03019595518708229,0.16517484188079834
,5774,360,,0.02779409848153591,0.18772919476032257
,5775,360,,0.026344280689954758,0.17615991830825806
5776,,361,0.00014725077198818326,,0.10480856895446777
5777,,361,9.259638318326324e-05,,0.06637884676456451
5778,,361,4.821152106160298e-05,,0.10263621807098389
5779,,361,0.0002074774820357561,,0.08123654127120972
5780,,361,7.023991202004254e-05,,0.056098781526088715
5781,,361,0.00013931871217209846,,0.12906818091869354
5782,,361,0.00020511483307927847,,0.17332863807678223
5783,,361,0.0002801287337206304,,0.15621761977672577
5784,,361,8.652455289848149e-05,,0.08996458351612091
5785,,361,5.0475420721340925e-05,,0.030723106116056442
5786,,361,0.00010653544450178742,,0.06091059371829033
5787,,361,0.0001864190708147362,,0.05440225452184677
5788,,361,0.00021531854872591794,,0.08636723458766937
5789,,361,0.000447717058705166,,0.19380904734134674
5790,,361,6.833749648649246e-05,,0.030780401080846786
5791,,361,0.00023577877436764538,,0.09883460402488708
,5776,361,,0.021969839930534363,0.17132942378520966
,5777,361,,0.017569946125149727,0.1214773952960968
,5778,361,,0.030558720231056213,0.14149942994117737
,5779,361,,0.02043837495148182,0.1363886594772339
,5780,361,,0.02066590078175068,0.1750924289226532
,5781,361,,0.02122531831264496,0.09716299176216125
,5782,361,,0.011756103485822678,0.10955187678337097
,5783,361,,0.02837572805583477,0.15104082226753235
,5784,361,,0.013228394091129303,0.12060172855854034
,5785,361,,0.019904207438230515,0.1689378321170807
,5786,361,,0.022241096943616867,0.14896813035011292
,5787,361,,0.02597985789179802,0.13049814105033875
,5788,361,,0.020748773589730263,0.15182183682918549
,5789,361,,0.01985662803053856,0.1314709633588791
,5790,361,,0.019796110689640045,0.1554129421710968
,5791,361,,0.023166198283433914,0.18318891525268555
5792,,362,0.00053577427752316,,0.1588309109210968
5793,,362,0.00012763844279106706,,0.04795245826244354
5794,,362,5.1310820708749816e-05,,0.0360194630920887
5795,,362,9.973874693969265e-05,,0.08045180886983871
5796,,362,0.00017854294856078923,,0.12176887691020966
5797,,362,0.00018319598166272044,,0.031018314883112907
5798,,362,0.0005945874727331102,,0.16687260568141937
5799,,362,0.00014183548046275973,,0.06989272683858871
5800,,362,0.0001648643083171919,,0.14504693448543549
5801,,362,0.00014150229981169105,,0.1937953382730484
5802,,362,0.0001303425815422088,,0.09404771029949188
5803,,362,0.00024701913935132325,,0.1352451890707016
5804,,362,0.0001517004129709676,,0.04788270220160484
5805,,362,4.863140929955989e-05,,0.06583700329065323
5806,,362,0.00015033101954031736,,0.05855388939380646
5807,,362,4.5687971578445286e-05,,0.07775256037712097
,5792,362,,0.024031193926930428,0.1861036717891693
,5793,362,,0.010311434045433998,0.12400849163532257
,5794,362,,0.022073417901992798,0.17273446917533875
,5795,362,,0.019871331751346588,0.1562063992023468
,5796,362,,0.012686065398156643,0.1465204954147339
,5797,362,,0.0290987528860569,0.14996089041233063
,5798,362,,0.024322953075170517,0.1588495969772339
,5799,362,,0.017992015928030014,0.10561448335647583
,5800,362,,0.015908993780612946,0.1632341742515564
,5801,362,,0.017822835594415665,0.13315877318382263
,5802,362,,0.02359810844063759,0.1824864000082016
,5803,362,,0.02420080080628395,0.16912716627120972
,5804,362,,0.024609707295894623,0.1782139390707016
,5805,362,,0.020618077367544174,0.20776864886283875
,5806,362,,0.021694259718060493,0.12257479131221771
,5807,362,,0.015142308548092842,0.15226154029369354
5808,,363,0.00047408556565642357,,0.13135886192321777
5809,,363,0.0002501322887837887,,0.13285236060619354
5810,,363,0.00020591000793501735,,0.0625087171792984
5811,,363,9.041898010764271e-05,,0.06129424273967743
5812,,363,0.00020570321066770703,,0.07111717015504837
5813,,363,0.00017589807976037264,,0.06126435101032257
5814,,363,0.00035836923052556813,,0.08487997204065323
5815,,363,0.00041211495408788323,,0.03019745461642742
5816,,363,0.00026293672272004187,,0.05996641516685486
5817,,363,4.747406273963861e-05,,0.09898033738136292
5818,,363,0.000509724544826895,,0.1003505140542984
5819,,363,6.14375458098948e-05,,0.014791682362556458
5820,,363,0.00010790268424898386,,0.06863963603973389
5821,,363,8.673367119627073e-05,,0.03742825239896774
5822,,363,0.0002505929151084274,,0.07228803634643555
5823,,363,6.826033495599404e-05,,0.08826430886983871
,5808,363,,0.026703331619501114,0.18102529644966125
,5809,363,,0.01630016788840294,0.1548810601234436
,5810,363,,0.020416762679815292,0.13539715111255646
,5811,363,,0.026028098538517952,0.15140706300735474
,5812,363,,0.01832376793026924,0.13352997601032257
,5813,363,,0.02092164009809494,0.1771315038204193
,5814,363,,0.010712841525673866,0.15127375721931458
,5815,363,,0.017010821029543877,0.13561388850212097
,5816,363,,0.023512687534093857,0.13714101910591125
,5817,363,,0.015141460113227367,0.14006322622299194
,5818,363,,0.013985485769808292,0.12950913608074188
,5819,363,,0.01632888801395893,0.13624541461467743
,5820,363,,0.01665661484003067,0.17976471781730652
,5821,363,,0.021366048604249954,0.16415093839168549
,5822,363,,0.020220652222633362,0.11207549273967743
,5823,363,,0.025059577077627182,0.13779620826244354
5824,,364,0.0004682001599576324,,0.1523786187171936
5825,,364,0.0005618013092316687,,0.14899927377700806
5826,,364,0.00029621899011544883,,0.1123831644654274
5827,,364,0.00011458427616162226,,0.1506609320640564
5828,,364,0.0002592821838334203,,0.12121332436800003
5829,,364,0.00021527201170101762,,0.07424365729093552
5830,,364,0.0003574365982785821,,0.12372946739196777
5831,,364,0.0003392810467630625,,0.12990649044513702
5832,,364,6.600201595574617e-05,,0.0052378131076693535
5833,,364,0.0002832768950611353,,0.15477769076824188
5834,,364,0.0005042121047154069,,0.16737957298755646
5835,,364,0.0003522704355418682,,0.17774932086467743
5836,,364,0.00012529555533546954,,0.06620944291353226
5837,,364,1.9214059648220427e-05,,0.01809505559504032
5838,,364,0.00015866509056650102,,0.08102105557918549
5839,,364,0.00015920004807412624,,0.010772082023322582
,5824,364,,0.015003608539700508,0.12315025925636292
,5825,364,,0.01723420061171055,0.11258120834827423
,5826,364,,0.024142783135175705,0.14410151541233063
,5827,364,,0.01195094920694828,0.08036461472511292
,5828,364,,0.023313280194997787,0.13267548382282257
,5829,364,,0.01630684733390808,0.16621118783950806
,5830,364,,0.025619886815547943,0.14037835597991943
,5831,364,,0.009750906378030777,0.12597905099391937
,5832,364,,0.015039830468595028,0.19198545813560486
,5833,364,,0.014663956128060818,0.09513387084007263
,5834,364,,0.025671567767858505,0.19012948870658875
,5835,364,,0.02005183696746826,0.1464320570230484
,5836,364,,0.022214820608496666,0.13586798310279846
,5837,364,,0.018077313899993896,0.11636539548635483
,5838,364,,0.026365313678979874,0.13429228961467743
,5839,364,,0.015161839313805103,0.1532057225704193
5840,,365,0.000265791779384017,,0.07474938035011292
5841,,365,0.00015912159869913012,,0.07178481668233871
5842,,365,5.536293247132562e-05,,0.025839047506451607
5843,,365,0.00013340721488930285,,0.08211594820022583
5844,,365,0.00010841427138075233,,0.04021718353033066
5845,,365,0.00015585198707412928,,0.035294514149427414
5846,,365,3.9026635931804776e-05,,0.01323590986430645
5847,,365,0.00025375501718372107,,0.11272072046995163
5848,,365,0.00026463234098628163,,0.08217325061559677
5849,,365,0.0004087893757969141,,0.12809784710407257
5850,,365,0.00019241389236412942,,0.08634606003761292
5851,,365,0.0003441886219661683,,0.14340893924236298
5852,,365,0.0002490724145900458,,0.13907794654369354
5853,,365,5.053654240327887e-05,,0.06354507803916931
5854,,365,7.679159170947969e-05,,0.06533502042293549
5855,,365,0.00019341480219736695,,0.01717703603208065
,5840,365,,0.017105301842093468,0.15995445847511292
,5841,365,,0.02689485438168049,0.15477269887924194
,5842,365,,0.019523488357663155,0.1970376819372177
,5843,365,,0.01684991642832756,0.13802790641784668
,5844,365,,0.018774867057800293,0.11377700418233871
,5845,365,,0.026979800313711166,0.13463234901428223
,5846,365,,0.016573704779148102,0.1068899929523468
,5847,365,,0.033420294523239136,0.16250672936439514
,5848,365,,0.022929109632968903,0.13004599511623383
,5849,365,,0.01640581339597702,0.12323121726512909
,5850,365,,0.015873173251748085,0.11842314898967743
,5851,365,,0.014864536933600903,0.18798828125
,5852,365,,0.0249100960791111,0.15351462364196777
,5853,365,,0.017484858632087708,0.17974728345870972
,5854,365,,0.01823481172323227,0.12769551575183868
,5855,365,,0.018954772502183914,0.15563714504241943
5856,,366,0.00017738644964993,,0.03943493962287903
5857,,366,8.38150444906205e-05,,0.039613060653209686
5858,,366,4.72106366942171e-05,,0.027188047766685486
5859,,366,0.00010613517952151597,,0.07196293771266937
5860,,366,0.0002731831918936223,,0.1895066797733307
5861,,366,6.281031528487802e-05,,0.14973916113376617
5862,,366,9.322514233645052e-05,,0.13573098182678223
5863,,366,8.041041292017326e-05,,0.04320790618658066
5864,,366,1.1004229236277752e-05,,0.04896389693021774
5865,,366,0.00048038456588983536,,0.13878896832466125
5866,,366,0.00015019213606137782,,0.12105264514684677
5867,,366,0.00022802024614065886,,0.07990872859954834
5868,,366,0.00018996678409166634,,0.1270502805709839
5869,,366,0.00035879117785952985,,0.07887236773967743
5870,,366,0.00030396354850381613,,0.17752884328365326
5871,,366,0.0006071492680348456,,0.12532386183738708
,5856,366,,0.014524346217513084,0.14650055766105652
,5857,366,,0.015413719229400158,0.14116185903549194
,5858,366,,0.011458699591457844,0.11665312945842743
,5859,366,,0.020757470279932022,0.16361656785011292
,5860,366,,0.018300220370292664,0.13343656063079834
,5861,366,,0.01784772425889969,0.15760523080825806
,5862,366,,0.014676494523882866,0.122314453125
,5863,366,,0.01717938855290413,0.1924949288368225
,5864,366,,0.026051662862300873,0.16270726919174194
,5865,366,,0.015319169498980045,0.13972815871238708
,5866,366,,0.016714608296751976,0.1626337766647339
,5867,366,,0.011605294421315193,0.0863211527466774
,5868,366,,0.02383541688323021,0.17471624910831451
,5869,366,,0.011905939318239689,0.13125422596931458
,5870,366,,0.02165091037750244,0.1590650975704193
,5871,366,,0.01877262443304062,0.1556309312582016
5872,,367,0.00010715675307437778,,0.07687439769506454
5873,,367,0.0001750349474605173,,0.15994325280189514
5874,,367,4.458031617105007e-05,,0.07438815385103226
5875,,367,0.00029891706071794033,,0.0781598761677742
5876,,367,0.00015288084978237748,,0.05730951577425003
5877,,367,9.456790576223284e-05,,0.039534591138362885
5878,,367,0.0003979639441240579,,0.0971766859292984
5879,,367,0.00027078151470050216,,0.03001435101032257
5880,,367,0.00030565549968741834,,0.09224529564380646
5881,,367,0.00022078376787249,,0.10670316219329834
5882,,367,0.00024459476117044687,,0.0530831441283226
5883,,367,3.160889900755137e-05,,0.032565370202064514
5884,,367,0.0002770776627585292,,0.07379275560379028
5885,,367,4.18632262153551e-05,,0.12835693359375
5886,,367,0.00011738977627828717,,0.09188157320022583
5887,,367,0.00030171775142662227,,0.1040911003947258
,5872,367,,0.019102871417999268,0.15518997609615326
,5873,367,,0.012087704613804817,0.13557277619838715
,5874,367,,0.01845955103635788,0.1650216281414032
,5875,367,,0.019157610833644867,0.09927181899547577
,5876,367,,0.02866385318338871,0.1429269015789032
,5877,367,,0.02095070108771324,0.11346435546875
,5878,367,,0.015197417698800564,0.11955168098211288
,5879,367,,0.021996328607201576,0.15703722834587097
,5880,367,,0.02464677020907402,0.16381214559078217
,5881,367,,0.02034403756260872,0.12743517756462097
,5882,367,,0.018535777926445007,0.15933912992477417
,5883,367,,0.019480980932712555,0.1439906507730484
,5884,367,,0.017657382413744926,0.1695108264684677
,5885,367,,0.022060666233301163,0.17289888858795166
,5886,367,,0.020157748833298683,0.12814143300056458
,5887,367,,0.019762439653277397,0.19266432523727417
5888,,368,0.0001714413083391264,,0.05022570490837097
5889,,368,7.024905062280595e-05,,0.03304119408130646
5890,,368,0.0001083754759747535,,0.07935940474271774
5891,,368,0.0001008480612654239,,0.0385567806661129
5892,,368,0.00028997991466894746,,0.12729567289352417
5893,,368,0.00017790106358006597,,0.09030711650848389
5894,,368,0.00018822091806214303,,0.05861368030309677
5895,,368,9.251860319636762e-05,,0.07329699397087097
5896,,368,0.00021762659889645875,,0.10519471764564514
5897,,368,9.916390263242647e-05,,0.1221923828125
5898,,368,0.00016782223246991634,,0.1167776882648468
5899,,368,0.0002391519956290722,,0.09491589665412903
5900,,368,0.00023691268870607018,,0.10971630364656448
5901,,368,0.00013171968748793006,,0.04743552953004837
5902,,368,0.00024470058269798756,,0.10432153940200806
5903,,368,0.00015646083920728415,,0.030736807733774185
,5888,368,,0.02042572945356369,0.1682029366493225
,5889,368,,0.01701013743877411,0.17133688926696777
,5890,368,,0.013657335191965103,0.14173360168933868
,5891,368,,0.018760066479444504,0.15633344650268555
,5892,368,,0.015171116217970848,0.1519526243209839
,5893,368,,0.01477394811809063,0.1369554102420807
,5894,368,,0.018885664641857147,0.14768515527248383
,5895,368,,0.014086231589317322,0.12882155179977417
,5896,368,,0.017262045294046402,0.10306470841169357
,5897,368,,0.017241012305021286,0.15786555409431458
,5898,368,,0.014786201529204845,0.12397611141204834
,5899,368,,0.01904040202498436,0.1914236843585968
,5900,368,,0.012778891250491142,0.08642827719449997
,5901,368,,0.013845033943653107,0.11076261848211288
,5902,368,,0.016488682478666306,0.1689203977584839
,5903,368,,0.016547473147511482,0.09525096416473389
5904,,369,9.678162314230576e-05,,0.0194091796875
5905,,369,0.00017407169798389077,,0.17552465200424194
5906,,369,0.000648536894004792,,0.15435168147087097
5907,,369,0.0002401251986157149,,0.10445481538772583
5908,,369,0.0002767226251307875,,0.0823974609375
5909,,369,0.0001203917563543655,,0.1405377984046936
5910,,369,0.0002563455782365054,,0.13056416809558868
5911,,369,0.00011782028013840318,,0.03560716286301613
5912,,369,0.00023492908803746104,,0.19146977365016937
5913,,369,6.395262607838959e-05,,0.07812624424695969
5914,,369,0.0002433590852888301,,0.02041439339518547
5915,,369,8.816257468424737e-05,,0.03940379619598389
5916,,369,8.745785453356802e-05,,0.09896788001060486
5917,,369,0.0003090405953116715,,0.07221580296754837
5918,,369,0.000159542600158602,,0.08792799711227417
5919,,369,0.0001380899630021304,,0.03693249821662903
,5904,369,,0.014056021347641945,0.15861791372299194
,5905,369,,0.01633436791598797,0.13203024864196777
,5906,369,,0.026593253016471863,0.16230741143226624
,5907,369,,0.018469922244548798,0.12917281687259674
,5908,369,,0.02646513283252716,0.12968973815441132
,5909,369,,0.019314158707857132,0.1460222601890564
,5910,369,,0.014799566008150578,0.1276755928993225
,5911,369,,0.02213721163570881,0.1658150851726532
,5912,369,,0.024393629282712936,0.17050856351852417
,5913,369,,0.020070133730769157,0.11480961740016937
,5914,369,,0.03430837392807007,0.20918244123458862
,5915,369,,0.02773320861160755,0.13107237219810486
,5916,369,,0.02133476361632347,0.17335852980613708
,5917,369,,0.020727122202515602,0.1612910032272339
,5918,369,,0.019881214946508408,0.1576363742351532
,5919,369,,0.02062857896089554,0.11640150845050812
5920,,370,0.00019866385264322162,,0.13377535343170166
5921,,370,0.00010981905506923795,,0.04277193918824196
5922,,370,0.00032399260089732707,,0.13260821998119354
5923,,370,0.00010165902494918555,,0.09325672686100006
5924,,370,0.0004212893545627594,,0.10237588733434677
5925,,370,4.0211729356087744e-05,,0.03787169232964516
5926,,370,0.00016097641491796821,,0.12188471108675003
5927,,370,9.985857468564063e-05,,0.12358871847391129
5928,,370,9.5204813987948e-05,,0.06622065603733063
5929,,370,9.265388507628813e-05,,0.12459268420934677
5930,,370,0.00037579581839963794,,0.07564747333526611
5931,,370,0.00015394939691759646,,0.07627774775028229
5932,,370,0.00010136522178072482,,0.03962551802396774
5933,,370,0.0009507774957455695,,0.29279187321662903
5934,,370,4.1248524212278426e-05,,0.041267238557338715
5935,,370,0.0003395337553229183,,0.12635646760463715
,5920,370,,0.020692724734544754,0.18315155804157257
,5921,370,,0.023439567536115646,0.1467384696006775
,5922,370,,0.020083166658878326,0.1729910671710968
,5923,370,,0.023661555722355843,0.1404057741165161
,5924,370,,0.023561082780361176,0.1849900782108307
,5925,370,,0.016832543537020683,0.15268754959106445
,5926,370,,0.022190511226654053,0.14024882018566132
,5927,370,,0.012702259235084057,0.10288908332586288
,5928,370,,0.024322528392076492,0.1760764718055725
,5929,370,,0.02122025564312935,0.14243362843990326
,5930,370,,0.014210449531674385,0.12379051744937897
,5931,370,,0.030613230541348457,0.21730133891105652
,5932,370,,0.02038491517305374,0.14353474974632263
,5933,370,,0.025315895676612854,0.1760067194700241
,5934,370,,0.019639987498521805,0.1304769665002823
,5935,370,,0.020462650805711746,0.14041325449943542
5936,,371,5.81703643547371e-05,,0.009411870501935482
5937,,371,0.0002628449583426118,,0.08420360088348389
5938,,371,0.0002757529146037996,,0.14092767238616943
5939,,371,9.084242628887296e-05,,0.1962803304195404
5940,,371,0.0001675640232861042,,0.1280268430709839
5941,,371,0.00012170303671155125,,0.09742829948663712
5942,,371,0.0005205904599279165,,0.12044353783130646
5943,,371,0.00011198905122000724,,0.16422443091869354
5944,,371,0.00010750708315754309,,0.08143086731433868
5945,,371,0.00025674840435385704,,0.06411805748939514
5946,,371,0.00016720808343961835,,0.08758046478033066
5947,,371,0.0001230196066899225,,0.02549774758517742
5948,,371,0.00016828499792609364,,0.06925871223211288
5949,,371,0.0001982685353141278,,0.06501615047454834
5950,,371,0.00025549475685693324,,0.07595264166593552
5951,,371,0.0002612743992358446,,0.13311892747879028
,5936,371,,0.025157159194350243,0.16145917773246765
,5937,371,,0.021959029138088226,0.1131330206990242
,5938,371,,0.01801436021924019,0.16877466440200806
,5939,371,,0.019177164882421494,0.20205751061439514
,5940,371,,0.021634168922901154,0.1148943156003952
,5941,371,,0.01900625228881836,0.13720828294754028
,5942,371,,0.021287571638822556,0.11856140941381454
,5943,371,,0.031278450042009354,0.15193893015384674
,5944,371,,0.020482566207647324,0.1335100382566452
,5945,371,,0.023379385471343994,0.1624232828617096
,5946,371,,0.017398590222001076,0.1365717649459839
,5947,371,,0.025430111214518547,0.14695896208286285
,5948,371,,0.024337906390428543,0.13318991661071777
,5949,371,,0.015082062222063541,0.13182097673416138
,5950,371,,0.029801106080412865,0.13315504789352417
,5951,371,,0.018757326528429985,0.08938785642385483
5952,,372,5.9788901126012206e-05,,0.16448476910591125
5953,,372,0.00012263160897418857,,0.08366549760103226
5954,,372,7.262243889272213e-05,,0.10385443270206451
5955,,372,0.00015298131620511413,,0.036783020943403244
5956,,372,9.098529699258506e-05,,0.042136676609516144
5957,,372,0.00011369055573595688,,0.057644590735435486
5958,,372,0.00018604312208481133,,0.05872952193021774
5959,,372,0.00018429697956889868,,0.11814039945602417
5960,,372,0.00021805203869007528,,0.04985949397087097
5961,,372,0.00016224547289311886,,0.08154172450304031
5962,,372,0.0001845092629082501,,0.2012939453125
5963,,372,0.00018254268798045814,,0.1020682156085968
5964,,372,0.0013937801122665405,,0.009364536963403225
5965,,372,0.0003471341042313725,,0.1259753257036209
5966,,372,7.087744597811252e-05,,0.08660141378641129
5967,,372,0.00023929571034386754,,0.13304294645786285
,5952,372,,0.021929223090410233,0.16239461302757263
,5953,372,,0.026142198592424393,0.16808708012104034
,5954,372,,0.023234201595187187,0.11739054322242737
,5955,372,,0.023554544895887375,0.15267010033130646
,5956,372,,0.021409742534160614,0.13878023624420166
,5957,372,,0.024523908272385597,0.1468069851398468
,5958,372,,0.025785572826862335,0.13611212372779846
,5959,372,,0.028636695817112923,0.18002381920814514
,5960,372,,0.02416030317544937,0.18235811591148376
,5961,372,,0.0220194049179554,0.12545713782310486
,5962,372,,0.020774738863110542,0.11100176721811295
,5963,372,,0.028307655826210976,0.13340167701244354
,5964,372,,0.030052535235881805,0.1496133655309677
,5965,372,,0.02537713199853897,0.17626455426216125
,5966,372,,0.0254355538636446,0.1524396538734436
,5967,372,,0.025623051449656487,0.1775774359703064
5968,,373,0.00018231093417853117,,0.1654413938522339
5969,,373,7.083848322508857e-05,,0.07432960718870163
5970,,373,7.591594476252794e-05,,0.048341087996959686
5971,,373,0.0004328155773691833,,0.12504234910011292
5972,,373,0.00010020352783612907,,0.09190524369478226
5973,,373,5.5235985200852156e-05,,0.0494559146463871
5974,,373,6.399497942766175e-05,,0.01772635243833065
5975,,373,0.00024360956740565598,,0.0613752081990242
5976,,373,0.0002591025549918413,,0.0690743550658226
5977,,373,0.00010604221461107954,,0.052848972380161285
5978,,373,0.00012968300143256783,,0.19210627675056458
5979,,373,0.00047609765897504985,,0.053302373737096786
5980,,373,0.00018593756249174476,,0.05558060482144356
5981,,373,0.00014824864047113806,,0.11514344811439514
5982,,373,0.008007136173546314,,0.2563638389110565
5983,,373,0.00024649332044646144,,0.13468465209007263
,5968,373,,0.021545618772506714,0.21522367000579834
,5969,373,,0.020739279687404633,0.1254633665084839
,5970,373,,0.01774676889181137,0.12900091707706451
,5971,373,,0.03337715566158295,0.1616298109292984
,5972,373,,0.0165562741458416,0.15645676851272583
,5973,373,,0.02437586523592472,0.16197609901428223
,5974,373,,0.028002288192510605,0.16331511735916138
,5975,373,,0.020181264728307724,0.17398382723331451
,5976,373,,0.02236511930823326,0.13898451626300812
,5977,373,,0.020135415717959404,0.16031195223331451
,5978,373,,0.0194610133767128,0.13779869675636292
,5979,373,,0.023724108934402466,0.17644143104553223
,5980,373,,0.024114064872264862,0.1590214967727661
,5981,373,,0.020347625017166138,0.1658499538898468
,5982,373,,0.02996191754937172,0.13027642667293549
,5983,373,,0.023607145994901657,0.20111706852912903
5984,,374,8.634769619675353e-05,,0.15551632642745972
5985,,374,0.0014160771388560534,,0.0908726304769516
5986,,374,0.003815069794654846,,0.07906793057918549
5987,,374,0.00019731337670236826,,0.0988072007894516
5988,,374,0.004291128367185593,,0.0437709279358387
5989,,374,0.0011831203009933233,,0.16281065344810486
5990,,374,0.0005759018240496516,,0.11387541145086288
5991,,374,0.00011818675557151437,,0.02147316373884678
5992,,374,0.0003198067133780569,,0.07141362130641937
5993,,374,0.00030526809860020876,,0.09667594730854034
5994,,374,0.00017585488967597485,,0.18125946819782257
5995,,374,0.0001725841430015862,,0.07972561568021774
5996,,374,6.0280668549239635e-05,,0.03373749554157257
5997,,374,8.758192416280508e-05,,0.08150186389684677
5998,,374,0.0012570229591801763,,0.06035006791353226
5999,,374,0.0007119771908037364,,0.06705770641565323
,5984,374,,0.01949300616979599,0.114022396504879
,5985,374,,0.028740987181663513,0.15355448424816132
,5986,374,,0.024674873799085617,0.18512709438800812
,5987,374,,0.028993714600801468,0.14874890446662903
,5988,374,,0.03370506316423416,0.11284029483795166
,5989,374,,0.017751269042491913,0.15492841601371765
,5990,374,,0.03046390786767006,0.13617566227912903
,5991,374,,0.027814365923404694,0.1507207155227661
,5992,374,,0.027733488008379936,0.1445561647415161
,5993,374,,0.03201768919825554,0.16143301129341125
,5994,374,,0.0204462967813015,0.13766667246818542
,5995,374,,0.0240706168115139,0.19340670108795166
,5996,374,,0.02945709601044655,0.12634649872779846
,5997,374,,0.022335242480039597,0.11002147197723389
,5998,374,,0.022080855444073677,0.11860376596450806
,5999,374,,0.030650248751044273,0.10349320620298386
6000,,375,9.831186616793275e-05,,0.08933180570602417
6001,,375,0.00016450256225652993,,0.14536580443382263
6002,,375,0.00034925801446661353,,0.10543012619018555
6003,,375,0.0003368848701938987,,0.13904307782649994
6004,,375,0.0008060243562795222,,0.10744181275367737
6005,,375,0.0001507952983956784,,0.05312051624059677
6006,,375,0.00023754207359161228,,0.07388991117477417
6007,,375,0.0006542007904499769,,0.0669555738568306
6008,,375,0.0004549579753074795,,0.05077004060149193
6009,,375,0.000808866461738944,,0.06482929736375809
6010,,375,0.0008483598940074444,,0.0901925265789032
6011,,375,6.581449997611344e-05,,0.09319694340229034
6012,,375,0.0011317013995721936,,0.12112116068601608
6013,,375,0.0009182865032926202,,0.013878647238016129
6014,,375,0.00021315139019861817,,0.1360037624835968
6015,,375,0.00035261668381281197,,0.0561087504029274
,6000,375,,0.02297314628958702,0.13066381216049194
,6001,375,,0.017885837703943253,0.1607566475868225
,6002,375,,0.020463628694415092,0.15547272562980652
,6003,375,,0.01955334283411503,0.13677605986595154
,6004,375,,0.019259270280599594,0.14498838782310486
,6005,375,,0.027030203491449356,0.19099768996238708
,6006,375,,0.023186901584267616,0.10606540739536285
,6007,375,,0.026603765785694122,0.16142302751541138
,6008,375,,0.022448532283306122,0.1365431249141693
,6009,375,,0.017731711268424988,0.16021603345870972
,6010,375,,0.01927793212234974,0.21476028859615326
,6011,375,,0.018259216099977493,0.08858442306518555
,6012,375,,0.02873345836997032,0.12514075636863708
,6013,375,,0.02566409669816494,0.13961854577064514
,6014,375,,0.024710651487112045,0.15448246896266937
,6015,375,,0.01853088289499283,0.12436473369598389
6016,,376,0.0023405360989272594,,0.16400396823883057
6017,,376,0.00046814969391562045,,0.13204270601272583
6018,,376,0.0002602000895421952,,0.06337566673755646
6019,,376,0.0007349946536123753,,0.0412859246134758
6020,,376,0.00018518691649660468,,0.04777807369828224
6021,,376,0.005017152521759272,,0.02052276022732258
6022,,376,0.0001450367271900177,,0.1488734632730484
6023,,376,0.0006900239968672395,,0.13679596781730652
6024,,376,0.0010718915145844221,,0.09906504303216934
6025,,376,0.0021563004702329636,,0.14341019093990326
6026,,376,0.00020056212088093162,,0.02165876142680645
6027,,376,0.00014756321616005152,,0.03748181462287903
6028,,376,0.0008711181581020355,,0.01531982421875
6029,,376,0.000519659195560962,,0.03304368630051613
6030,,376,8.552798681193963e-05,,0.14664754271507263
6031,,376,0.0016746781766414642,,0.20775991678237915
,6016,376,,0.033041536808013916,0.1650390625
,6017,376,,0.05624166876077652,0.19564133882522583
,6018,376,,0.024935463443398476,0.16226008534431458
,6019,376,,0.025104127824306488,0.1943894922733307
,6020,376,,0.033304937183856964,0.1747797727584839
,6021,376,,0.036071453243494034,0.1445848047733307
,6022,376,,0.032617807388305664,0.14633241295814514
,6023,376,,0.020344257354736328,0.17214031517505646
,6024,376,,0.018979419022798538,0.20177225768566132
,6025,376,,0.025683462619781494,0.1599980592727661
,6026,376,,0.028269119560718536,0.13741379976272583
,6027,376,,0.011908207088708878,0.11986558139324188
,6028,376,,0.022541865706443787,0.12643370032310486
,6029,376,,0.02537451684474945,0.1309104561805725
,6030,376,,0.030751017853617668,0.1615251898765564
,6031,376,,0.02874981239438057,0.16454580426216125
6032,,377,0.0004884010413661599,,0.13001857697963715
6033,,377,0.0002596466219983995,,0.1650303453207016
6034,,377,0.000877629965543747,,0.048001039773225784
6035,,377,0.0006453646346926689,,0.11000902205705643
6036,,377,0.00017896873760037124,,0.08865293860435486
6037,,377,0.0037374456878751516,,0.08734878152608871
6038,,377,0.0003420076100155711,,0.14669488370418549
6039,,377,0.0008114570518955588,,0.0632149875164032
6040,,377,0.0011621901066973805,,0.12458645552396774
6041,,377,0.001182250096462667,,0.21261534094810486
6042,,377,0.001052598818205297,,0.048661213368177414
6043,,377,0.000592138385400176,,0.06914784759283066
6044,,377,5.6073302403092384e-05,,0.03566819429397583
6045,,377,0.0015509570948779583,,0.1336420774459839
6046,,377,0.003385113552212715,,0.06086201220750809
6047,,377,0.0002244525239802897,,0.06407694518566132
,6032,377,,0.04355785995721817,0.11926892399787903
,6033,377,,0.028231419622898102,0.1076747328042984
,6034,377,,0.04720074683427811,0.16032689809799194
,6035,377,,0.0724298357963562,0.18339446187019348
,6036,377,,0.0627172440290451,0.17588713765144348
,6037,377,,0.04719848185777664,0.1439034640789032
,6038,377,,0.026396332308650017,0.09751300513744354
,6039,377,,0.04639587178826332,0.16727618873119354
,6040,377,,0.05305517837405205,0.17394894361495972
,6041,377,,0.059012457728385925,0.15270747244358063
,6042,377,,0.04154505953192711,0.15968789160251617
,6043,377,,0.046709295362234116,0.1602347195148468
,6044,377,,0.04572874307632446,0.1515590101480484
,6045,377,,0.03857285529375076,0.14462591707706451
,6046,377,,0.0696628987789154,0.1533290296792984
,6047,377,,0.028215058147907257,0.13334935903549194
6048,,378,0.0024828119203448296,,0.09780324250459671
6049,,378,0.0009888753993436694,,0.12016452103853226
6050,,378,0.00019144105317536741,,0.06810402125120163
6051,,378,0.00037114048609510064,,0.0371180921792984
6052,,378,0.0012241279473528266,,0.18042615056037903
6053,,378,0.0008868619916029274,,0.09533566981554031
6054,,378,0.000274557969532907,,0.08598358929157257
6055,,378,0.0006456652190536261,,0.050187092274427414
6056,,378,0.0010018445318564773,,0.08922966569662094
6057,,378,0.0022552020382136106,,0.13133519887924194
6058,,378,0.00026845047250390053,,0.15227897465229034
6059,,378,0.00027016072999686003,,0.08233019709587097
6060,,378,0.0002359044156037271,,0.07960354536771774
6061,,378,0.0008937848033383489,,0.1306052803993225
6062,,378,0.0005632454995065928,,0.03907495737075806
6063,,378,0.00012076296115992591,,0.0694231316447258
,6048,378,,0.031250398606061935,0.16775700449943542
,6049,378,,0.028862591832876205,0.20968317985534668
,6050,378,,0.023424837738275528,0.09956079721450806
,6051,378,,0.021794473752379417,0.11651985347270966
,6052,378,,0.03939761966466904,0.16320675611495972
,6053,378,,0.026347480714321136,0.1700962483882904
,6054,378,,0.02215047925710678,0.13036984205245972
,6055,378,,0.03624102100729942,0.17915311455726624
,6056,378,,0.0360306054353714,0.1755470633506775
,6057,378,,0.03190087527036667,0.18976327776908875
,6058,378,,0.023654624819755554,0.16965904831886292
,6059,378,,0.02800002694129944,0.16494439542293549
,6060,378,,0.019794005900621414,0.14880619943141937
,6061,378,,0.01785900443792343,0.10144167393445969
,6062,378,,0.030371753498911858,0.13690435886383057
,6063,378,,0.018193768337368965,0.12260717153549194
6064,,379,0.00010283214214723557,,0.008934799581766129
6065,,379,0.0006889131618663669,,0.17641401290893555
6066,,379,0.0001961145462701097,,0.12478076666593552
6067,,379,0.00023853228776715696,,0.04157989099621773
6068,,379,0.0006291642785072327,,0.12774907052516937
6069,,379,0.00010857940651476383,,0.054377347230911255
6070,,379,0.0001926262630149722,,0.14928701519966125
6071,,379,0.0017279703170061111,,0.20016168057918549
6072,,379,0.00017181369184982032,,0.03482615947723389
6073,,379,0.0006394385709427297,,0.10879454016685486
6074,,379,0.0007175253122113645,,0.11610505729913712
6075,,379,0.0005548732588067651,,0.06544089317321777
6076,,379,0.0002249753597425297,,0.12916907668113708
6077,,379,0.0004643176798708737,,0.12552689015865326
6078,,379,0.0005557044642046094,,0.08349733799695969
6079,,379,0.00024834199575707316,,0.06876669079065323
,6064,379,,0.021349240094423294,0.14619290828704834
,6065,379,,0.03274671360850334,0.16816680133342743
,6066,379,,0.035348404198884964,0.15613415837287903
,6067,379,,0.034777991473674774,0.12935218214988708
,6068,379,,0.027270574122667313,0.11739800870418549
,6069,379,,0.025832008570432663,0.16251669824123383
,6070,379,,0.01874459534883499,0.11861123889684677
,6071,379,,0.024985944852232933,0.10453453660011292
,6072,379,,0.03205350041389465,0.17252272367477417
,6073,379,,0.03093944676220417,0.16282311081886292
,6074,379,,0.0416015163064003,0.16598448157310486
,6075,379,,0.027325231581926346,0.14380879700183868
,6076,379,,0.02220289409160614,0.14202506840229034
,6077,379,,0.042626768350601196,0.1809617578983307
,6078,379,,0.025508133694529533,0.16684645414352417
,6079,379,,0.02269149012863636,0.1293172985315323
6080,,380,0.00013266736641526222,,0.039613060653209686
6081,,380,0.00030505534959957004,,0.11547228693962097
6082,,380,0.00044136150972917676,,0.10851676762104034
6083,,380,0.00043770644697360694,,0.07929712533950806
6084,,380,0.000437936803791672,,0.12615592777729034
6085,,380,0.0002004753623623401,,0.0297764353454113
6086,,380,0.00043919452582485974,,0.14159409701824188
6087,,380,0.0007703776354901493,,0.02047044411301613
6088,,380,0.000549507443793118,,0.13472576439380646
6089,,380,0.00048300737398676574,,0.13406060636043549
6090,,380,7.692539657000452e-05,,0.028096100315451622
6091,,380,0.0002694537106435746,,0.05726717412471771
6092,,380,8.37054758449085e-05,,0.10910969227552414
6093,,380,0.0005318658659234643,,0.09182925522327423
6094,,380,0.00023307008086703718,,0.06153713911771774
6095,,380,0.00018768213340081275,,0.122366763651371
,6080,380,,0.029062816873192787,0.1708025336265564
,6081,380,,0.022208448499441147,0.11778289824724197
,6082,380,,0.03211512789130211,0.21171601116657257
,6083,380,,0.024113580584526062,0.15759152173995972
,6084,380,,0.02655920758843422,0.17680639028549194
,6085,380,,0.01882551610469818,0.17310193181037903
,6086,380,,0.02366999350488186,0.15538927912712097
,6087,380,,0.021622713655233383,0.11349549144506454
,6088,380,,0.024112824350595474,0.12664546072483063
,6089,380,,0.0422135554254055,0.15871259570121765
,6090,380,,0.01986571028828621,0.12677624821662903
,6091,380,,0.017842955887317657,0.14877009391784668
,6092,380,,0.03617708384990692,0.16760504245758057
,6093,380,,0.03934594243764877,0.1488909125328064
,6094,380,,0.02484467625617981,0.13200035691261292
,6095,380,,0.018557410687208176,0.13855354487895966
6096,,381,0.0004193252243567258,,0.10908851027488708
6097,,381,0.0008092479547485709,,0.12090815603733063
6098,,381,0.00038023266824893653,,0.1875709891319275
6099,,381,7.43985001463443e-05,,0.03102578967809677
6100,,381,0.0010362353641539812,,0.08268146216869354
6101,,381,0.00035244482569396496,,0.14691410958766937
6102,,381,0.0010665892623364925,,0.14348119497299194
6103,,381,0.00041982746915891767,,0.11341826617717743
6104,,381,0.0004579745000228286,,0.055017586797475815
6105,,381,0.0009662992670200765,,0.07463602721691132
6106,,381,0.00011456864740466699,,0.02746332809329033
6107,,381,0.0005098779802210629,,0.09782814979553223
6108,,381,0.0012306194985285401,,0.17318788170814514
6109,,381,0.00026544113643467426,,0.10890665650367737
6110,,381,0.002528610872104764,,0.19432348012924194
6111,,381,0.0003314931527711451,,0.12858612835407257
,6096,381,,0.04228212684392929,0.1475755274295807
,6097,381,,0.03496795520186424,0.0992693156003952
,6098,381,,0.034856054931879044,0.14578309655189514
,6099,381,,0.039735227823257446,0.2020948827266693
,6100,381,,0.0300802830606699,0.11376828700304031
,6101,381,,0.04621360823512077,0.18545843660831451
,6102,381,,0.03375232219696045,0.18120217323303223
,6103,381,,0.034149713814258575,0.12932726740837097
,6104,381,,0.05079929903149605,0.13372677564620972
,6105,381,,0.049542516469955444,0.1978498101234436
,6106,381,,0.03631427511572838,0.11122722923755646
,6107,381,,0.04221620783209801,0.14914751052856445
,6108,381,,0.04838905483484268,0.18274176120758057
,6109,381,,0.04061572253704071,0.1210065633058548
,6110,381,,0.03740168362855911,0.2045201063156128
,6111,381,,0.045634690672159195,0.1828874945640564
6112,,382,0.00037759231054224074,,0.0415387824177742
6113,,382,6.048797513358295e-05,,0.03469786420464516
6114,,382,0.00010838628804776818,,0.08464579284191132
6115,,382,0.0019317842088639736,,0.08117052912712097
6116,,382,0.0002437749208183959,,0.14150315523147583
6117,,382,0.00020564514852594584,,0.06644735485315323
6118,,382,0.0002738277253229171,,0.09707579016685486
6119,,382,0.0009599510813131928,,0.10873350501060486
6120,,382,0.00110105040948838,,0.1902540624141693
6121,,382,0.00013420695904642344,,0.08998574316501617
6122,,382,0.00020587055769283324,,0.08476786315441132
6123,,382,0.00027180006145499647,,0.13249486684799194
6124,,382,0.00036546343471854925,,0.09511145949363708
6125,,382,0.0005452489131130278,,0.1702195703983307
6126,,382,0.0001140128297265619,,0.1147024855017662
6127,,382,0.0007505870307795703,,0.05005132034420967
,6112,382,,0.03442540764808655,0.13221833109855652
,6113,382,,0.020423173904418945,0.11867601424455643
,6114,382,,0.03535452485084534,0.13036611676216125
,6115,382,,0.028710350394248962,0.20732396841049194
,6116,382,,0.026266034692525864,0.1979905664920807
,6117,382,,0.0324421226978302,0.14635856449604034
,6118,382,,0.030492069199681282,0.1233869269490242
,6119,382,,0.03229295834898949,0.16004538536071777
,6120,382,,0.04009959101676941,0.16697224974632263
,6121,382,,0.02018294297158718,0.17762476205825806
,6122,382,,0.03513089567422867,0.14319594204425812
,6123,382,,0.025059297680854797,0.1217215433716774
,6124,382,,0.01948969066143036,0.11206428706645966
,6125,382,,0.02288585901260376,0.12349405139684677
,6126,382,,0.0342937707901001,0.12826849520206451
,6127,382,,0.032831497490406036,0.16286420822143555
6128,,383,0.0004309072392061353,,0.09339126944541931
6129,,383,0.0004591577162500471,,0.07175865769386292
6130,,383,0.0007430448895320296,,0.22954700887203217
6131,,383,0.001699121668934822,,0.19780123233795166
6132,,383,0.00012684646935667843,,0.030087841674685478
6133,,383,0.0005614696419797838,,0.09282699972391129
6134,,383,0.00021174983703531325,,0.01730533502995968
6135,,383,0.0010707237524911761,,0.14386358857154846
6136,,383,0.00021042233856860548,,0.044321488589048386
6137,,383,0.0008168432395905256,,0.08536700904369354
6138,,383,0.000163450458785519,,0.11498276889324188
6139,,383,0.0009167598909698427,,0.16690249741077423
6140,,383,0.0005978912231512368,,0.06179622560739517
6141,,383,0.00014754731091670692,,0.0252336785197258
6142,,383,0.0003003303427249193,,0.23106540739536285
6143,,383,0.001530496752820909,,0.1574881374835968
,6128,383,,0.03097338229417801,0.18830715119838715
,6129,383,,0.029223311692476273,0.15424954891204834
,6130,383,,0.029957028105854988,0.21875622868537903
,6131,383,,0.0349569171667099,0.15064847469329834
,6132,383,,0.02418852597475052,0.12773412466049194
,6133,383,,0.03692135214805603,0.14153680205345154
,6134,383,,0.028924018144607544,0.10998037457466125
,6135,383,,0.030778277665376663,0.1855555921792984
,6136,383,,0.01844818890094757,0.18670654296875
,6137,383,,0.03012678772211075,0.1340070515871048
,6138,383,,0.030089790001511574,0.1590650975704193
,6139,383,,0.026738066226243973,0.15741340816020966
,6140,383,,0.023241229355335236,0.17918676137924194
,6141,383,,0.023736778646707535,0.15206597745418549
,6142,383,,0.020626462996006012,0.12256357818841934
,6143,383,,0.030108509585261345,0.15614661574363708
6144,,384,0.0002985850442200899,,0.11487189680337906
6145,,384,0.0003040494048036635,,0.0971854031085968
6146,,384,0.0004283118760213256,,0.12309794127941132
6147,,384,0.0005212627584114671,,0.1079886257648468
6148,,384,0.00049269461305812,,0.06837557256221771
6149,,384,0.0003913196560461074,,0.14661765098571777
6150,,384,0.001177486963570118,,0.21014031767845154
6151,,384,0.0007978423964232206,,0.12750244140625
6152,,384,0.00018607554375194013,,0.07199656963348389
6153,,384,0.00029074292979203165,,0.13114212453365326
6154,,384,0.00042082194704562426,,0.17120236158370972
6155,,384,0.00016700298874638975,,0.13987264037132263
6156,,384,0.0005244140047580004,,0.09322933852672577
6157,,384,3.336984082125127e-05,,0.04224878549575806
6158,,384,7.005971565376967e-05,,0.06452412903308868
6159,,384,0.0006384910084307194,,0.11143400520086288
,6144,384,,0.03690367937088013,0.15208715200424194
,6145,384,,0.045959070324897766,0.1547154039144516
,6146,384,,0.031369902193546295,0.1316603124141693
,6147,384,,0.03012290969491005,0.16554602980613708
,6148,384,,0.03301987797021866,0.12093929946422577
,6149,384,,0.028355825692415237,0.09743702411651611
,6150,384,,0.03601866960525513,0.17930757999420166
,6151,384,,0.02988617867231369,0.17171929776668549
,6152,384,,0.03113086149096489,0.1517857164144516
,6153,384,,0.03816841542720795,0.12723463773727417
,6154,384,,0.03742869198322296,0.17216148972511292
,6155,384,,0.04035406932234764,0.1974238157272339
,6156,384,,0.025297384709119797,0.07609962671995163
,6157,384,,0.032736413180828094,0.15066839754581451
,6158,384,,0.030748020857572556,0.16226133704185486
,6159,384,,0.03601566702127457,0.1324550062417984
6160,,385,0.00032338706660084426,,0.03081652522087097
6161,,385,0.00016886390221770853,,0.11531659215688705
6162,,385,0.0001713261444820091,,0.09657007455825806
6163,,385,0.0009366844897158444,,0.11523935198783875
6164,,385,0.0001694735256023705,,0.03698107600212097
6165,,385,0.0011407138081267476,,0.09301632642745972
6166,,385,0.0003802505671046674,,0.1432146430015564
6167,,385,0.000320856343023479,,0.19423753023147583
6168,,385,0.0016380595043301582,,0.2500772476196289
6169,,385,0.00030397798400372267,,0.12651965022087097
6170,,385,0.0003650888684205711,,0.14932438731193542
6171,,385,0.00037520192563533783,,0.06679737567901611
6172,,385,7.67667661421001e-05,,0.1077706515789032
6173,,385,9.364074503537267e-05,,0.012179628014564514
6174,,385,0.0006782822893001139,,0.055255502462387085
6175,,385,0.002067295368760824,,0.07634376734495163
,6160,385,,0.029220979660749435,0.17214031517505646
,6161,385,,0.02582189068198204,0.13680221140384674
,6162,385,,0.021387025713920593,0.16325286030769348
,6163,385,,0.01724376156926155,0.1947880983352661
,6164,385,,0.02723715640604496,0.1393171101808548
,6165,385,,0.022648146376013756,0.19491514563560486
,6166,385,,0.017782039940357208,0.10910719633102417
,6167,385,,0.025968272238969803,0.19030512869358063
,6168,385,,0.032293107360601425,0.15062853693962097
,6169,385,,0.02057972550392151,0.1147809699177742
,6170,385,,0.025354929268360138,0.21531957387924194
,6171,385,,0.01610282063484192,0.11033786833286285
,6172,385,,0.02312275394797325,0.12636394798755646
,6173,385,,0.026405543088912964,0.16801857948303223
,6174,385,,0.036013126373291016,0.1764264702796936
,6175,385,,0.03028946742415428,0.16899637877941132
6176,,386,0.0006064301123842597,,0.09612041711807251
6177,,386,0.000489799480419606,,0.039578184485435486
6178,,386,0.00012702352250926197,,0.0779767781496048
6179,,386,0.0005601289449259639,,0.11749392002820969
6180,,386,0.0006288358708843589,,0.049843303859233856
6181,,386,0.00027752446476370096,,0.04327641427516937
6182,,386,0.0004212744242977351,,0.13664153218269348
6183,,386,0.004040553234517574,,0.17601169645786285
6184,,386,9.43492996157147e-05,,0.08545295894145966
6185,,386,0.0004035151796415448,,0.1157488077878952
6186,,386,0.000249751697992906,,0.09670460224151611
6187,,386,0.0008457913645543158,,0.21026362478733063
6188,,386,0.00024726815172471106,,0.037398356944322586
6189,,386,0.0003600578638724983,,0.06337317824363708
6190,,386,0.0008474978385493159,,0.023193359375
6191,,386,0.0005458432715386152,,0.07038848102092743
,6176,386,,0.03408060222864151,0.16168710589408875
,6177,386,,0.017981864511966705,0.21405775845050812
,6178,386,,0.020768124610185623,0.13404440879821777
,6179,386,,0.01816369593143463,0.08967061340808868
,6180,386,,0.02489730343222618,0.1523337960243225
,6181,386,,0.037823475897312164,0.15647919476032257
,6182,386,,0.03065558336675167,0.12490906566381454
,6183,386,,0.021922048181295395,0.1626325398683548
,6184,386,,0.024729639291763306,0.14687301218509674
,6185,386,,0.02477186918258667,0.18477708101272583
,6186,386,,0.023272603750228882,0.12021434307098389
,6187,386,,0.02919899672269821,0.13206762075424194
,6188,386,,0.02210272289812565,0.15963558852672577
,6189,386,,0.024934960529208183,0.1483328640460968
,6190,386,,0.022924251854419708,0.11393769085407257
,6191,386,,0.02478831261396408,0.17640654742717743
6192,,387,0.00031039409805089235,,0.08946757018566132
6193,,387,5.307263199938461e-05,,0.05161581188440323
6194,,387,0.00026283267652615905,,0.0763985812664032
6195,,387,0.0002347849222132936,,0.10799610614776611
6196,,387,0.0011179971043020487,,0.028449859470129013
6197,,387,0.0011407126439735293,,0.11943832039833069
6198,,387,0.00048193626571446657,,0.05199074000120163
6199,,387,0.0005632393294945359,,0.03526337444782257
6200,,387,0.0004036016180180013,,0.15320198237895966
6201,,387,0.0006626239628531039,,0.1276768147945404
6202,,387,0.0007009444525465369,,0.14871031045913696
6203,,387,0.00042558106360957026,,0.062257103621959686
6204,,387,7.397792069241405e-05,,0.0812116339802742
6205,,387,0.0036793528124690056,,0.1347394734621048
6206,,387,0.00014971854398027062,,0.08611811697483063
6207,,387,0.0002923239953815937,,0.00233054650016129
,6192,387,,0.02031479962170124,0.1553519070148468
,6193,387,,0.033834703266620636,0.23396146297454834
,6194,387,,0.02046145126223564,0.15371890366077423
,6195,387,,0.020485877990722656,0.17433011531829834
,6196,387,,0.034952446818351746,0.1847982555627823
,6197,387,,0.024661988019943237,0.15277348458766937
,6198,387,,0.019182667136192322,0.14102359116077423
,6199,387,,0.023695826530456543,0.16284677386283875
,6200,387,,0.017633069306612015,0.08398313075304031
,6201,387,,0.02932101860642433,0.12163060903549194
,6202,387,,0.021832631900906563,0.07933947443962097
,6203,387,,0.0207280945032835,0.15226402878761292
,6204,387,,0.0304097943007946,0.14757055044174194
,6205,387,,0.03175545483827591,0.16658736765384674
,6206,387,,0.03113901987671852,0.1605062633752823
,6207,387,,0.016964562237262726,0.16240334510803223
6208,,388,0.0006585703231394291,,0.06125936657190323
6209,,388,0.0007115750340744853,,0.08879493921995163
6210,,388,0.00015103595796972513,,0.05702801048755646
6211,,388,0.001063662231899798,,0.06934092193841934
6212,,388,0.0007089471910148859,,0.16247060894966125
6213,,388,0.0008558264817111194,,0.10468898713588715
6214,,388,0.0002826287236530334,,0.20757433772087097
6215,,388,0.0006333375931717455,,0.13785599172115326
6216,,388,0.0016409995732828975,,0.01675601862370968
6217,,388,0.00047767270007170737,,0.10404251515865326
6218,,388,0.0005302322097122669,,0.06150849163532257
6219,,388,0.000245360512053594,,0.08092887699604034
6220,,388,0.00012768336455337703,,0.051108844578266144
6221,,388,0.0004768246435560286,,0.056124940514564514
6222,,388,0.00025744218146428466,,0.07286227494478226
6223,,388,0.00015717075439170003,,0.01689179055392742
,6208,388,,0.03437059372663498,0.16534797847270966
,6209,388,,0.029227884486317635,0.13427485525608063
,6210,388,,0.030203908681869507,0.115836001932621
,6211,388,,0.029164232313632965,0.1553095579147339
,6212,388,,0.02864069491624832,0.13956497609615326
,6213,388,,0.027183091267943382,0.1490129828453064
,6214,388,,0.030202452093362808,0.17067670822143555
,6215,388,,0.03210809826850891,0.12645861506462097
,6216,388,,0.02606358751654625,0.11028304696083069
,6217,388,,0.020671499893069267,0.15825295448303223
,6218,388,,0.0252094566822052,0.17952680587768555
,6219,388,,0.032416932284832,0.16280317306518555
,6220,388,,0.0255543552339077,0.11000154912471771
,6221,388,,0.02341451123356819,0.1481398046016693
,6222,388,,0.030487937852740288,0.15049275755882263
,6223,388,,0.022370299324393272,0.1517072319984436
6224,,389,0.00018078202265314758,,0.12113609164953232
6225,,389,0.00016827337094582617,,0.07086430490016937
6226,,389,0.0005090022459626198,,0.09019127488136292
6227,,389,0.00011328134860377759,,0.03742949664592743
6228,,389,0.0004630335606634617,,0.05944450944662094
6229,,389,0.00019488457473926246,,0.06750363111495972
6230,,389,0.00014413005555979908,,0.12753483653068542
6231,,389,0.000796286971308291,,0.15198750793933868
6232,,389,0.0006209993152879179,,0.06739027798175812
6233,,389,0.0001231363567057997,,0.08788439631462097
6234,,389,0.00039701038622297347,,0.15966922044754028
6235,,389,0.0001843510544858873,,0.14646942913532257
6236,,389,0.00017094745999202132,,0.0722569078207016
6237,,389,0.00020098857930861413,,0.15380360186100006
6238,,389,0.0001225012820214033,,0.0569893941283226
6239,,389,0.00014560340787284076,,0.1114763543009758
,6224,389,,0.026268312707543373,0.15304876863956451
,6225,389,,0.03291266784071922,0.12245769798755646
,6226,389,,0.023221934214234352,0.13443179428577423
,6227,389,,0.03148829936981201,0.17195969820022583
,6228,389,,0.020927581936120987,0.12292729318141937
,6229,389,,0.02351224422454834,0.12846654653549194
,6230,389,,0.028874853625893593,0.16994181275367737
,6231,389,,0.022352134808897972,0.08220812678337097
,6232,389,,0.026114357635378838,0.15008419752120972
,6233,389,,0.04798178747296333,0.12149608135223389
,6234,389,,0.02368025667965412,0.13300681114196777
,6235,389,,0.0188563484698534,0.13043461740016937
,6236,389,,0.03376038372516632,0.13698406517505646
,6237,389,,0.03029760718345642,0.14449387788772583
,6238,389,,0.02593161165714264,0.1366651952266693
,6239,389,,0.02686946466565132,0.16574408113956451
6240,,390,0.000615528435446322,,0.03948351740837097
6241,,390,0.00037379004061222076,,0.20192298293113708
6242,,390,2.50040629907744e-05,,0.009977378882467747
6243,,390,0.00011660146992653608,,0.12747129797935486
6244,,390,0.00029470730805769563,,0.09108812361955643
6245,,390,0.0013687642058357596,,0.10691241919994354
6246,,390,0.0001840904587879777,,0.04933758080005646
6247,,390,0.0002626324421726167,,0.16536417603492737
6248,,390,0.0006691908929497004,,0.19992253184318542
6249,,390,0.00028794846730306745,,0.07604233175516129
6250,,390,0.0002969671622850001,,0.12860356271266937
6251,,390,0.00012834514200221747,,0.06024543568491936
6252,,390,0.00023789028637111187,,0.03460693359375
6253,,390,0.0008341138018295169,,0.0982404425740242
6254,,390,0.0002481763658579439,,0.09966542571783066
6255,,390,0.00045648490777239203,,0.09054005146026611
,6240,390,,0.02785913273692131,0.18298090994358063
,6241,390,,0.027416545897722244,0.12814019620418549
,6242,390,,0.019825000315904617,0.13552670180797577
,6243,390,,0.01808592490851879,0.16482481360435486
,6244,390,,0.019354868680238724,0.1824689507484436
,6245,390,,0.025784116238355637,0.11363749951124191
,6246,390,,0.02608317695558071,0.15302136540412903
,6247,390,,0.026043253019452095,0.1733759641647339
,6248,390,,0.02433500997722149,0.1636888086795807
,6249,390,,0.02179757133126259,0.12397858500480652
,6250,390,,0.0260509941726923,0.17350177466869354
,6251,390,,0.02543848380446434,0.14620161056518555
,6252,390,,0.02726207859814167,0.16261634230613708
,6253,390,,0.02494131401181221,0.1504242718219757
,6254,390,,0.02382352575659752,0.16775824129581451
,6255,390,,0.030809329822659492,0.1208321675658226
6256,,391,0.0001071696897270158,,0.03315454721450806
6257,,391,0.00029150827322155237,,0.11724853515625
6258,,391,0.0006224352982826531,,0.11505749821662903
6259,,391,6.869251228636131e-05,,0.12390510737895966
6260,,391,0.00032903545070439577,,0.038706254214048386
6261,,391,0.00017271313117817044,,0.01972058229148388
6262,,391,0.0002497308887541294,,0.16555100679397583
6263,,391,0.00012158322351751849,,0.05683493986725807
6264,,391,0.0011223998153582215,,0.14433318376541138
6265,,391,0.00032964171259664,,0.06996746361255646
6266,,391,0.0003435955732129514,,0.1396310031414032
6267,,391,0.00025143069797195494,,0.1196637824177742
6268,,391,0.0003195696626789868,,0.025203781202435493
6269,,391,0.00011356558388797566,,0.11519451439380646
6270,,391,0.00024340240634046495,,0.035270847380161285
6271,,391,0.00029348451062105596,,0.1848854422569275
,6256,391,,0.022486478090286255,0.1183384507894516
,6257,391,,0.029038455337285995,0.14656534790992737
,6258,391,,0.020159343257546425,0.12959009408950806
,6259,391,,0.022765634581446648,0.13616818189620972
,6260,391,,0.02739209122955799,0.15177202224731445
,6261,391,,0.029292158782482147,0.19212372601032257
,6262,391,,0.018077267333865166,0.1772710084915161
,6263,391,,0.02487860806286335,0.13386131823062897
,6264,391,,0.032310135662555695,0.12354636192321777
,6265,391,,0.01640525460243225,0.12035883963108063
,6266,391,,0.025002364069223404,0.1705322265625
,6267,391,,0.015194207429885864,0.21124392747879028
,6268,391,,0.015474546700716019,0.11430265754461288
,6269,391,,0.024509761482477188,0.1948591023683548
,6270,391,,0.024130016565322876,0.19093665480613708
,6271,391,,0.02373642474412918,0.21156030893325806
6272,,392,0.00010552172898314893,,0.1676287055015564
6273,,392,0.0004009664407931268,,0.14664506912231445
6274,,392,0.0003448726492933929,,0.09631098806858063
6275,,392,0.0002153411478502676,,0.0465959832072258
6276,,392,0.0004455987364053726,,0.1349138468503952
6277,,392,0.00038596626836806536,,0.07246492803096771
6278,,392,0.0002863122499547899,,0.08683931827545166
6279,,392,0.00043526061926968396,,0.07751090824604034
6280,,392,0.0006307661533355713,,0.07737389206886292
6281,,392,6.199787458172068e-05,,0.104021355509758
6282,,392,0.00039825146086513996,,0.14214590191841125
6283,,392,0.0005647917278110981,,0.0921892449259758
6284,,392,0.0003302785917185247,,0.09313590824604034
6285,,392,9.945742931449786e-05,,0.06042978912591934
6286,,392,0.0003953662235289812,,0.2575222849845886
6287,,392,0.0006942462641745806,,0.03541534021496773
,6272,392,,0.0290578193962574,0.12407077103853226
,6273,392,,0.017831722274422646,0.15404650568962097
,6274,392,,0.023191332817077637,0.16344840824604034
,6275,392,,0.025604572147130966,0.12067896127700806
,6276,392,,0.020357925444841385,0.16594088077545166
,6277,392,,0.024741757661104202,0.1465703248977661
,6278,392,,0.02188619039952755,0.16236846148967743
,6279,392,,0.035446830093860626,0.1734693944454193
,6280,392,,0.028077509254217148,0.17722491919994354
,6281,392,,0.01978132873773575,0.11079375445842743
,6282,392,,0.031941670924425125,0.1505052149295807
,6283,392,,0.018662799149751663,0.12888756394386292
,6284,392,,0.02483796328306198,0.10723379254341125
,6285,392,,0.04244473576545715,0.18952661752700806
,6286,392,,0.0210314579308033,0.15727762877941132
,6287,392,,0.025411367416381836,0.13574343919754028
6288,,393,0.0004387951048556715,,0.16195866465568542
6289,,393,0.0006100716418586671,,0.1730608344078064
6290,,393,0.0009237431804649532,,0.188066765666008
6291,,393,7.568921864731237e-05,,0.024060308933258057
6292,,393,0.000499305606354028,,0.0502057746052742
6293,,393,0.00021291067241691053,,0.11074516922235489
6294,,393,0.00016754280659370124,,0.14845244586467743
6295,,393,0.00015397924289572984,,0.1222795769572258
6296,,393,0.0011490089818835258,,0.18721100687980652
6297,,393,0.0001872108841780573,,0.16189886629581451
6298,,393,0.00028199184453114867,,0.14893200993537903
6299,,393,0.0005410142475739121,,0.07020911574363708
6300,,393,0.0002991151704918593,,0.12945930659770966
6301,,393,0.0005920631228946149,,0.16144047677516937
6302,,393,0.00028034605202265084,,0.1712820827960968
6303,,393,0.0005410351441241801,,0.16239836812019348
,6288,393,,0.021166641265153885,0.17980210483074188
,6289,393,,0.029166875407099724,0.17701566219329834
,6290,393,,0.027952037751674652,0.15343615412712097
,6291,393,,0.02531687170267105,0.14081060886383057
,6292,393,,0.024127183482050896,0.17309445142745972
,6293,393,,0.02138538844883442,0.15733368694782257
,6294,393,,0.03170635551214218,0.1799839437007904
,6295,393,,0.029293999075889587,0.12080227583646774
,6296,393,,0.016861166805028915,0.13156315684318542
,6297,393,,0.0162447951734066,0.09990334510803223
,6298,393,,0.023082412779331207,0.12593919038772583
,6299,393,,0.01526228990405798,0.1129499226808548
,6300,393,,0.016110394150018692,0.13630396127700806
,6301,393,,0.02238278090953827,0.16625353693962097
,6302,393,,0.01950029656291008,0.13774389028549194
,6303,393,,0.01859455555677414,0.16874974966049194
6304,,394,0.0006273199105635285,,0.2082868367433548
6305,,394,0.0005289604305289686,,0.053910233080387115
6306,,394,0.0005514327203854918,,0.1356562376022339
6307,,394,0.00021336418285500258,,0.06160564720630646
6308,,394,0.0003777422243729234,,0.15171968936920166
6309,,394,0.0001956234045792371,,0.12419408559799194
6310,,394,0.0006693453178741038,,0.11012984067201614
6311,,394,0.00019015109864994884,,0.2230050265789032
6312,,394,0.00023208788479678333,,0.12236925959587097
6313,,394,0.00036728871054947376,,0.12192955613136292
6314,,394,0.000396593997720629,,0.10783417522907257
6315,,394,0.00017493644554633647,,0.10366758704185486
6316,,394,0.00013735757966060191,,0.0657784566283226
6317,,394,0.0001194417491205968,,0.12666788697242737
6318,,394,0.00018909174832515419,,0.06582579761743546
6319,,394,0.00011108050966868177,,0.12465620785951614
,6304,394,,0.015406317077577114,0.11151123046875
,6305,394,,0.020140767097473145,0.12252496182918549
,6306,394,,0.02278713695704937,0.17758987843990326
,6307,394,,0.020901773124933243,0.16873480379581451
,6308,394,,0.02725621685385704,0.15114547312259674
,6309,394,,0.015395352616906166,0.10941360890865326
,6310,394,,0.025791291147470474,0.1358567774295807
,6311,394,,0.029006656259298325,0.15584518015384674
,6312,394,,0.02262810990214348,0.16092978417873383
,6313,394,,0.022380873560905457,0.12581463158130646
,6314,394,,0.022246696054935455,0.10919314622879028
,6315,394,,0.027240194380283356,0.1288888156414032
,6316,394,,0.03057531639933586,0.1833844780921936
,6317,394,,0.02797805890440941,0.1700538992881775
,6318,394,,0.020824017003178596,0.1748121678829193
,6319,394,,0.03098858892917633,0.1255231499671936
6320,,395,0.00012143814819864929,,0.02896304987370968
6321,,395,0.00011310729314573109,,0.07710234820842743
6322,,395,0.000146402875543572,,0.05829479917883873
6323,,395,0.0011120333801954985,,0.1371198296546936
6324,,395,0.00017890220624394715,,0.11533527076244354
6325,,395,0.00017520396795589477,,0.07686692476272583
6326,,395,0.0005694445571862161,,0.16907112300395966
6327,,395,0.0005592152010649443,,0.08603465557098389
6328,,395,0.0008715317817404866,,0.11626075208187103
6329,,395,0.0002767141268122941,,0.06078852340579033
6330,,395,0.00027471137582324445,,0.12831208109855652
6331,,395,0.00025513675063848495,,0.0999232679605484
6332,,395,0.0008272784762084484,,0.05100172385573387
6333,,395,0.0001558496296638623,,0.014881366863846779
6334,,395,0.00030736386543139815,,0.08039078116416931
6335,,395,0.00029816245660185814,,0.16888678073883057
,6320,395,,0.01584988459944725,0.15633469820022583
,6321,395,,0.018468353897333145,0.11005385965108871
,6322,395,,0.017086617648601532,0.1517246812582016
,6323,395,,0.019763855263590813,0.12179503589868546
,6324,395,,0.01644805818796158,0.14443035423755646
,6325,395,,0.019821180030703545,0.16916704177856445
,6326,395,,0.022650541737675667,0.1749790608882904
,6327,395,,0.01954244263470173,0.16442248225212097
,6328,395,,0.021521953865885735,0.18240293860435486
,6329,395,,0.014529099687933922,0.11551214754581451
,6330,395,,0.014270160347223282,0.17666688561439514
,6331,395,,0.017318015918135643,0.12470105290412903
,6332,395,,0.022647574543952942,0.19405193626880646
,6333,395,,0.01867607980966568,0.16819295287132263
,6334,395,,0.01857036165893078,0.15341995656490326
,6335,395,,0.01803382858633995,0.1318720579147339
6336,,396,0.00018633205036167055,,0.048698581755161285
6337,,396,0.0005735615268349648,,0.1069771870970726
6338,,396,0.0005259144818410277,,0.16348452866077423
6339,,396,9.0148372692056e-05,,0.09661367535591125
6340,,396,0.0001565457641845569,,0.14805011451244354
6341,,396,0.00029955696663819253,,0.12376683950424194
6342,,396,0.0006190624553710222,,0.08404541015625
6343,,396,0.001171440933831036,,0.1801508665084839
6344,,396,0.00030728295678272843,,0.05040008947253227
6345,,396,0.0002753812586888671,,0.11213403940200806
6346,,396,0.000739001901820302,,0.09172836691141129
6347,,396,0.0005323924124240875,,0.10372239351272583
6348,,396,0.00018093468679580837,,0.0416608527302742
6349,,396,0.000906660221517086,,0.16093102097511292
6350,,396,0.00010553922038525343,,0.047390684485435486
6351,,396,0.0009217732003889978,,0.08471928536891937
,6336,396,,0.037700917571783066,0.1151820570230484
,6337,396,,0.039466552436351776,0.14274877309799194
,6338,396,,0.04716083034873009,0.17816412448883057
,6339,396,,0.028803333640098572,0.12347163259983063
,6340,396,,0.033197831362485886,0.14214465022087097
,6341,396,,0.04233299940824509,0.1705222725868225
,6342,396,,0.04493362084031105,0.13880017399787903
,6343,396,,0.040671054273843765,0.16255158185958862
,6344,396,,0.043934404850006104,0.1863154172897339
,6345,396,,0.04276043176651001,0.17542999982833862
,6346,396,,0.025407060980796814,0.12807293236255646
,6347,396,,0.04023372381925583,0.12732556462287903
,6348,396,,0.03821291774511337,0.13018673658370972
,6349,396,,0.035250961780548096,0.14153555035591125
,6350,396,,0.044060029089450836,0.16645781695842743
,6351,396,,0.031850531697273254,0.12420405447483063
6352,,397,7.391630060737953e-05,,0.05346430465579033
6353,,397,0.0003443839377723634,,0.13388247787952423
6354,,397,8.024978887988254e-05,,0.0746198371052742
6355,,397,6.185015081427991e-05,,0.07912398874759674
6356,,397,0.0005129395867697895,,0.07657669484615326
6357,,397,0.0004149966989643872,,0.07514424622058868
6358,,397,0.00023906044953037053,,0.03244080767035484
6359,,397,0.0004733297973871231,,0.06691072881221771
6360,,397,6.882751767989248e-05,,0.04834607243537903
6361,,397,0.000423920777393505,,0.07273770868778229
6362,,397,0.0012729315785691142,,0.14642833173274994
6363,,397,0.00021624263899866492,,0.09071069955825806
6364,,397,0.00010357864812249318,,0.07046570628881454
6365,,397,0.0001132165634771809,,0.07636743783950806
6366,,397,0.00040923841879703104,,0.1158970445394516
6367,,397,0.00040452435496263206,,0.07396090775728226
,6352,397,,0.042673930525779724,0.1532343626022339
,6353,397,,0.03791528940200806,0.14276123046875
,6354,397,,0.03545878082513809,0.111136294901371
,6355,397,,0.035201191902160645,0.10369997471570969
,6356,397,,0.04276670515537262,0.13800546526908875
,6357,397,,0.04105820134282112,0.18600650131702423
,6358,397,,0.03946686536073685,0.12074124813079834
,6359,397,,0.04330503195524216,0.130859375
,6360,397,,0.0456828698515892,0.19128915667533875
,6361,397,,0.040270403027534485,0.1957571804523468
,6362,397,,0.04715057834982872,0.14904287457466125
,6363,397,,0.04293200373649597,0.14576315879821777
,6364,397,,0.044088490307331085,0.11356774717569351
,6365,397,,0.03261947259306908,0.16738954186439514
,6366,397,,0.036877021193504333,0.1364671289920807
,6367,397,,0.0352247878909111,0.21279844641685486
6368,,398,0.0011142301373183727,,0.10095090419054031
6369,,398,0.00013015844160690904,,0.1228289008140564
6370,,398,0.00015302271640393883,,0.06323616206645966
6371,,398,0.0011091146152466536,,0.20181336998939514
6372,,398,0.00031605202821083367,,0.09115288406610489
6373,,398,0.0002936898672487587,,0.1022687703371048
6374,,398,0.0003596314927563071,,0.16915829479694366
6375,,398,0.0004196192021481693,,0.2044142186641693
6376,,398,0.0002102050930261612,,0.035111404955387115
6377,,398,0.00028455175925046206,,0.058830417692661285
6378,,398,0.00023995745868887752,,0.07769401371479034
6379,,398,0.00012761002290062606,,0.05830103158950806
6380,,398,0.00029348512180149555,,0.028565697371959686
6381,,398,0.0011960990959778428,,0.054718635976314545
6382,,398,0.0006397869437932968,,0.18746262788772583
6383,,398,0.0003521735779941082,,0.08175721019506454
,6368,398,,0.02203507348895073,0.16560208797454834
,6369,398,,0.015555565245449543,0.10941610485315323
,6370,398,,0.03061666153371334,0.14799031615257263
,6371,398,,0.023952580988407135,0.10949458181858063
,6372,398,,0.0241708904504776,0.12533879280090332
,6373,398,,0.03264999762177467,0.1396745890378952
,6374,398,,0.025384850800037384,0.12341682612895966
,6375,398,,0.0248267725110054,0.11836959421634674
,6376,398,,0.028414875268936157,0.14137859642505646
,6377,398,,0.02577349916100502,0.16639554500579834
,6378,398,,0.021711304783821106,0.1180855929851532
,6379,398,,0.03570035099983215,0.19998356699943542
,6380,398,,0.03947828710079193,0.16045519709587097
,6381,398,,0.016564320772886276,0.14998704195022583
,6382,398,,0.02047266811132431,0.1800885796546936
,6383,398,,0.02958051487803459,0.1489780843257904
6384,,399,0.0002997978590428829,,0.10948461294174194
6385,,399,0.0004383326740935445,,0.18435359001159668
6386,,399,0.00013618095545098186,,0.04238206520676613
6387,,399,0.0002383993414696306,,0.13952761888504028
6388,,399,0.0004470717394724488,,0.07080078125
6389,,399,0.00014078180538490415,,0.07741998136043549
6390,,399,7.09907035343349e-05,,0.09064965695142746
6391,,399,0.00028400696464814246,,0.1046142578125
6392,,399,0.00041908424464054406,,0.034800004214048386
6393,,399,0.00026751027326099575,,0.061533406376838684
6394,,399,0.00021320019732229412,,0.031754475086927414
6395,,399,0.0001804885541787371,,0.1345663219690323
6396,,399,0.00018617641762830317,,0.08844242990016937
6397,,399,0.00025039666797965765,,0.09100341796875
6398,,399,6.945512723177671e-05,,0.06766930222511292
6399,,399,0.0004375204152893275,,0.03553491830825806
,6384,399,,0.016584452241659164,0.11980952322483063
,6385,399,,0.018120847642421722,0.14148572087287903
,6386,399,,0.02402554452419281,0.11328250169754028
,6387,399,,0.021314922720193863,0.17531539499759674
,6388,399,,0.02624409645795822,0.14367550611495972
,6389,399,,0.016112850978970528,0.15868890285491943
,6390,399,,0.027380123734474182,0.15343241393566132
,6391,399,,0.03362078592181206,0.1709519922733307
,6392,399,,0.029423819854855537,0.14046058058738708
,6393,399,,0.020139195024967194,0.14155547320842743
,6394,399,,0.030458949506282806,0.21307621896266937
,6395,399,,0.02002454549074173,0.15167361497879028
,6396,399,,0.0332796573638916,0.12832330167293549
,6397,399,,0.021204954013228416,0.13984400033950806
,6398,399,,0.024479154497385025,0.13589166104793549
,6399,399,,0.024629205465316772,0.14729776978492737
6400,,400,0.0005251719267107546,,0.06910176575183868
6401,,400,3.560702680260874e-05,,0.09047652035951614
6402,,400,0.00014233402907848358,,0.13068126142024994
6403,,400,0.0005485803703777492,,0.1871512234210968
6404,,400,0.0009119387832470238,,0.09373879432678223
6405,,400,0.00032170728081837296,,0.08140718936920166
6406,,400,3.344351353007369e-05,,0.008884974755346775
6407,,400,0.0005652110558003187,,0.14602349698543549
6408,,400,0.0003860706929117441,,0.23006393015384674
6409,,400,0.0011715422151610255,,0.05612244829535484
6410,,400,0.00013812749239150435,,0.04991430044174194
6411,,400,0.00021707524138037115,,0.10424181818962097
6412,,400,0.0002609833318274468,,0.23693224787712097
6413,,400,0.00026005436666309834,,0.10908477008342743
6414,,400,6.619749910896644e-05,,0.0191650390625
6415,,400,0.00036453548818826675,,0.1770966351032257
,6400,400,,0.022660404443740845,0.17754878103733063
,6401,400,,0.02237008325755596,0.07959482818841934
,6402,400,,0.01900552585721016,0.16110539436340332
,6403,400,,0.026964418590068817,0.1568092703819275
,6404,400,,0.0264752097427845,0.14262545108795166
,6405,400,,0.026927754282951355,0.15856310725212097
,6406,400,,0.025997109711170197,0.17536894977092743
,6407,400,,0.021083034574985504,0.14175602793693542
,6408,400,,0.025737736374139786,0.13205890357494354
,6409,400,,0.025585424154996872,0.16749417781829834
,6410,400,,0.026356138288974762,0.12193703651428223
,6411,400,,0.027911987155675888,0.14971923828125
,6412,400,,0.02036842703819275,0.13393354415893555
,6413,400,,0.030952615663409233,0.18205541372299194
,6414,400,,0.02689957804977894,0.1747610867023468
,6415,400,,0.016872670501470566,0.14025381207466125
6416,,401,0.00015230034478008747,,0.03097970224916935
6417,,401,0.0022221324034035206,,0.19419269263744354
6418,,401,8.280483598355204e-05,,0.07413404434919357
6419,,401,0.002237806562334299,,0.16570670902729034
6420,,401,0.0008253592532128096,,0.047902628779411316
6421,,401,0.0005291690467856824,,0.2526581287384033
6422,,401,0.0008320725173689425,,0.08939782530069351
6423,,401,0.0006238477071747184,,0.09571433812379837
6424,,401,0.0011837813071906567,,0.10709178447723389
6425,,401,0.0009092115797102451,,0.1543230414390564
6426,,401,0.0005886462167836726,,0.0480608232319355
6427,,401,0.00044903490925207734,,0.1663569211959839
6428,,401,0.00021210995328146964,,0.13608597218990326
6429,,401,0.0005099261179566383,,0.0261753611266613
6430,,401,0.00012026217154925689,,0.07523267716169357
6431,,401,0.00030328016146086156,,0.11226233839988708
,6416,401,,0.03492366895079613,0.16458317637443542
,6417,401,,0.03069089911878109,0.20706364512443542
,6418,401,,0.02076921984553337,0.13831064105033875
,6419,401,,0.03142145276069641,0.13905800879001617
,6420,401,,0.025792669504880905,0.17496661841869354
,6421,401,,0.02728571742773056,0.19334068894386292
,6422,401,,0.021288909018039703,0.1639840304851532
,6423,401,,0.022066036239266396,0.1582479625940323
,6424,401,,0.023660434409976006,0.17933249473571777
,6425,401,,0.023154836148023605,0.15329167246818542
,6426,401,,0.025361040607094765,0.13343781232833862
,6427,401,,0.02927727811038494,0.1351492702960968
,6428,401,,0.02807575836777687,0.146240234375
,6429,401,,0.03148416802287102,0.18082350492477417
,6430,401,,0.020026732236146927,0.15411251783370972
,6431,401,,0.019970955327153206,0.12048713862895966
6432,,402,9.754591883393005e-05,,0.07590281963348389
6433,,402,0.0006009563221596181,,0.08333167433738708
6434,,402,0.00015117862494662404,,0.1003156378865242
6435,,402,0.0002768959675449878,,0.054738570004701614
6436,,402,0.00021506725170183927,,0.1486131250858307
6437,,402,0.0006764733698219061,,0.033239249140024185
6438,,402,0.00019368949870113283,,0.11538510024547577
6439,,402,0.0006228169659152627,,0.09325797855854034
6440,,402,0.00031673372723162174,,0.07472571730613708
6441,,402,0.00018471761723048985,,0.0182320736348629
6442,,402,0.0005749878473579884,,0.09612414985895157
6443,,402,0.000594420125707984,,0.039613060653209686
6444,,402,0.00020009223953820765,,0.061954423785209656
6445,,402,0.00039131296216510236,,0.04170195758342743
6446,,402,0.0002478738024365157,,0.07701266556978226
6447,,402,0.0003153125289827585,,0.1316167116165161
,6432,402,,0.022369761019945145,0.16438385844230652
,6433,402,,0.021665753796696663,0.15802250802516937
,6434,402,,0.021052442491054535,0.1406773179769516
,6435,402,,0.03878321498632431,0.21335649490356445
,6436,402,,0.02351834997534752,0.16870740056037903
,6437,402,,0.026304995641112328,0.11945202946662903
,6438,402,,0.02128230780363083,0.12450051307678223
,6439,402,,0.01760922744870186,0.08326815068721771
,6440,402,,0.02720782160758972,0.18336954712867737
,6441,402,,0.022086339071393013,0.11426902562379837
,6442,402,,0.025194812566041946,0.15869390964508057
,6443,402,,0.01943058706820011,0.19920006394386292
,6444,402,,0.021746505051851273,0.12905697524547577
,6445,402,,0.023765189573168755,0.14501827955245972
,6446,402,,0.017292454838752747,0.14202506840229034
,6447,402,,0.017940476536750793,0.20992106199264526
6448,,403,7.143369293771684e-05,,0.02372523583471775
6449,,403,0.00012390231131576002,,0.07454510033130646
6450,,403,0.0012518918374553323,,0.21229273080825806
6451,,403,0.0002122868609149009,,0.059316202998161316
6452,,403,7.906597602413967e-05,,0.08773118257522583
6453,,403,0.00024829560425132513,,0.07883749157190323
6454,,403,0.00023402206716127694,,0.03196747601032257
6455,,403,0.0004855042207054794,,0.22328653931617737
6456,,403,0.0002465776342432946,,0.09299267083406448
6457,,403,0.0001561304525239393,,0.07231918722391129
6458,,403,0.0003798582765739411,,0.14726786315441132
6459,,403,0.0005189237999729812,,0.13610714673995972
6460,,403,0.0006478250143118203,,0.20001843571662903
6461,,403,4.723468009615317e-05,,0.046027980744838715
6462,,403,0.0002848928270395845,,0.09589868783950806
6463,,403,0.0004221686685923487,,0.16901631653308868
,6448,403,,0.013488419353961945,0.15764135122299194
,6449,403,,0.01703786291182041,0.21317711472511292
,6450,403,,0.013208398595452309,0.18352897465229034
,6451,403,,0.019398555159568787,0.16875597834587097
,6452,403,,0.014698290266096592,0.08849848806858063
,6453,403,,0.024571124464273453,0.15027104318141937
,6454,403,,0.02171504870057106,0.12930983304977417
,6455,403,,0.0219401977956295,0.18148615956306458
,6456,403,,0.017831599339842796,0.1759045571088791
,6457,403,,0.020351137965917587,0.15597222745418549
,6458,403,,0.016363974660634995,0.10670315474271774
,6459,403,,0.019196487963199615,0.14143964648246765
,6460,403,,0.01877741701900959,0.1599818766117096
,6461,403,,0.018253348767757416,0.15633220970630646
,6462,403,,0.016515608876943588,0.13532614707946777
,6463,403,,0.018897447735071182,0.17992915213108063
6464,,404,8.219487790483981e-05,,0.1459524929523468
6465,,404,0.00014593705418519676,,0.09552998840808868
6466,,404,0.0001914233434945345,,0.018039003014564514
6467,,404,0.0005164755275472999,,0.0906284898519516
6468,,404,0.0005770386196672916,,0.09161999821662903
6469,,404,0.0007855613366700709,,0.22323919832706451
6470,,404,8.97155623533763e-05,,0.08769381791353226
6471,,404,0.00018843293946702033,,0.13154445588588715
6472,,404,0.0004902012296952307,,0.11734694242477417
6473,,404,0.0015276024350896478,,0.1003156378865242
6474,,404,8.960474224295467e-05,,0.023017728701233864
6475,,404,2.2824671759735793e-05,,0.02018270641565323
6476,,404,0.0002881629625335336,,0.1811884641647339
6477,,404,0.0002877861261367798,,0.08005445450544357
6478,,404,0.001681988942436874,,0.05869464576244354
6479,,404,0.00037430739030241966,,0.11307696998119354
,6464,404,,0.023568615317344666,0.14254698157310486
,6465,404,,0.02124175801873207,0.16481858491897583
,6466,404,,0.027029138058423996,0.12433360517024994
,6467,404,,0.030689531937241554,0.13746488094329834
,6468,404,,0.02350373938679695,0.18192461133003235
,6469,404,,0.01741727441549301,0.10287661850452423
,6470,404,,0.023920457810163498,0.14263543486595154
,6471,404,,0.021272625774145126,0.1846923977136612
,6472,404,,0.022167928516864777,0.15366286039352417
,6473,404,,0.028388574719429016,0.13992372155189514
,6474,404,,0.029167797416448593,0.15802624821662903
,6475,404,,0.023207731544971466,0.1415330469608307
,6476,404,,0.028005147352814674,0.18509098887443542
,6477,404,,0.01823217235505581,0.13117949664592743
,6478,404,,0.02883596159517765,0.16214051842689514
,6479,404,,0.026238303631544113,0.16490702331066132
6480,,405,0.0012719116639345884,,0.1697836071252823
6481,,405,9.729583689477295e-05,,0.0836443156003952
6482,,405,0.0001697075495030731,,0.07964838296175003
6483,,405,0.0002192523970734328,,0.08016407489776611
6484,,405,0.0007365248166024685,,0.17062440514564514
6485,,405,0.0012671062722802162,,0.18093809485435486
6486,,405,0.00014848503633402288,,0.04311075061559677
6487,,405,0.0002444417914375663,,0.1208583265542984
6488,,405,0.0004703468002844602,,0.03677555173635483
6489,,405,0.0008620115113444626,,0.18333092331886292
6490,,405,0.00019936916942242533,,0.058211345225572586
6491,,405,0.0002465813886374235,,0.1000976487994194
6492,,405,0.00015324013656936586,,0.037980061024427414
6493,,405,0.00031349813798442483,,0.08508176356554031
6494,,405,0.00023690475791227072,,0.10654371231794357
6495,,405,0.00019805412739515305,,0.08045928925275803
,6480,405,,0.020633360370993614,0.12240538001060486
,6481,405,,0.026100344955921173,0.17332613468170166
,6482,405,,0.02207808755338192,0.18819379806518555
,6483,405,,0.021806692704558372,0.14933310449123383
,6484,405,,0.01936715468764305,0.15019381046295166
,6485,405,,0.01731819659471512,0.11993408203125
,6486,405,,0.02008569985628128,0.15441520512104034
,6487,405,,0.013370645232498646,0.1663818359375
,6488,405,,0.022009707987308502,0.18502995371818542
,6489,405,,0.02329772710800171,0.14237883687019348
,6490,405,,0.020269878208637238,0.18643125891685486
,6491,405,,0.01920471340417862,0.1439470499753952
,6492,405,,0.019920844584703445,0.16600440442562103
,6493,405,,0.030626799911260605,0.1735914647579193
,6494,405,,0.027078647166490555,0.14822077751159668
,6495,405,,0.020982123911380768,0.14522381126880646
6496,,406,0.00022126632393337786,,0.0540509931743145
6497,,406,0.00030892741051502526,,0.09764005988836288
6498,,406,0.0002198380825575441,,0.08138975501060486
6499,,406,0.0006977397715672851,,0.20276999473571777
6500,,406,7.720443682046607e-05,,0.06898467242717743
6501,,406,0.0005197260761633515,,0.08798404783010483
6502,,406,0.00012716477795038372,,0.11710403859615326
6503,,406,0.0003481278254184872,,0.0946916863322258
6504,,406,0.00030718781636096537,,0.07717708498239517
6505,,406,0.00027400185354053974,,0.03804607689380646
6506,,406,0.00017041673709172755,,0.13750846683979034
6507,,406,0.00017946967273019254,,0.060031190514564514
6508,,406,0.0001363918709103018,,0.07660534977912903
6509,,406,0.0004036331665702164,,0.11833720654249191
6510,,406,0.00020253838738426566,,0.12151601910591125
6511,,406,0.00033715739846229553,,0.0584891214966774
,6496,406,,0.019171545282006264,0.11440728604793549
,6497,406,,0.01880713924765587,0.1514369398355484
,6498,406,,0.027319777756929398,0.15738973021507263
,6499,406,,0.025066647678613663,0.17223872244358063
,6500,406,,0.024346116930246353,0.12311413884162903
,6501,406,,0.016351226717233658,0.10980847477912903
,6502,406,,0.022365134209394455,0.18126070499420166
,6503,406,,0.021742060780525208,0.10530557483434677
,6504,406,,0.020511439070105553,0.15011534094810486
,6505,406,,0.01945960707962513,0.15449367463588715
,6506,406,,0.021208614110946655,0.13994863629341125
,6507,406,,0.010176628828048706,0.12106260657310486
,6508,406,,0.02102702483534813,0.1673484444618225
,6509,406,,0.013715500012040138,0.12199433147907257
,6510,406,,0.025963008403778076,0.15160757303237915
,6511,406,,0.025397347286343575,0.1493181586265564
6512,,407,0.00010211281914962456,,0.03093859553337097
6513,,407,0.0002655417483765632,,0.07884496450424194
6514,,407,0.0006832939689047635,,0.0923985093832016
6515,,407,9.298539953306317e-05,,0.08933927863836288
6516,,407,0.00022598079522140324,,0.09208834916353226
6517,,407,0.000638037221506238,,0.10962163656949997
6518,,407,0.000324435590300709,,0.09315459430217743
6519,,407,0.0001437958562746644,,0.05058568716049194
6520,,407,0.0003246093401685357,,0.055996641516685486
6521,,407,0.0002813863684423268,,0.17929263412952423
6522,,407,0.0005028840387240052,,0.01916254684329033
6523,,407,0.00033673233701847494,,0.06500369310379028
6524,,407,0.00020692430553026497,,0.06865707039833069
6525,,407,0.00027019475237466395,,0.11551588773727417
6526,,407,0.000160589610459283,,0.07245371490716934
6527,,407,0.00028149731224402785,,0.14494231343269348
,6512,407,,0.026316065341234207,0.14819210767745972
,6513,407,,0.0272163487970829,0.19335438311100006
,6514,407,,0.021786846220493317,0.18084093928337097
,6515,407,,0.026947427541017532,0.12811528146266937
,6516,407,,0.03002277761697769,0.16177305579185486
,6517,407,,0.02581065520644188,0.12554433941841125
,6518,407,,0.023115862160921097,0.1857050657272339
,6519,407,,0.027203388512134552,0.17225490510463715
,6520,407,,0.026991741731762886,0.14418372511863708
,6521,407,,0.023341525346040726,0.10111905634403229
,6522,407,,0.013118907809257507,0.12493896484375
,6523,407,,0.02225574478507042,0.10052614659070969
,6524,407,,0.033321816474199295,0.1546369194984436
,6525,407,,0.024633482098579407,0.19664157927036285
,6526,407,,0.021551543846726418,0.1447915881872177
,6527,407,,0.024446561932563782,0.16407370567321777
6528,,408,0.0003753391792997718,,0.06991888582706451
6529,,408,0.00019735106616280973,,0.034640561789274216
6530,,408,0.000240721128648147,,0.15498320758342743
6531,,408,0.0003026703489013016,,0.05230712890625
6532,,408,0.00021239290072117,,0.043063417077064514
6533,,408,0.00012526284263003618,,0.05797841399908066
6534,,408,8.537907706340775e-05,,0.06618951261043549
6535,,408,0.00012139907630626112,,0.07398706674575806
6536,,408,4.085074397153221e-05,,0.05250393599271774
6537,,408,0.00011657171125989407,,0.07850491255521774
6538,,408,0.00011420033115427941,,0.04470015689730644
6539,,408,0.00035224424209445715,,0.1254359632730484
6540,,408,0.0002915555378422141,,0.0964268296957016
6541,,408,0.0009028444765135646,,0.12443698942661285
6542,,408,0.0003563539939932525,,0.10413593798875809
6543,,408,5.621178570436314e-05,,0.1017281636595726
,6528,408,,0.01869434118270874,0.1499534249305725
,6529,408,,0.02137160487473011,0.17856770753860474
,6530,408,,0.01966257020831108,0.1635493040084839
,6531,408,,0.022046543657779694,0.11767453700304031
,6532,408,,0.02691446989774704,0.15088139474391937
,6533,408,,0.014329588040709496,0.14707854390144348
,6534,408,,0.026556894183158875,0.1267949342727661
,6535,408,,0.024378802627325058,0.16088493168354034
,6536,408,,0.02129685878753662,0.1289149671792984
,6537,408,,0.01984862983226776,0.12082470208406448
,6538,408,,0.020046643912792206,0.14194037020206451
,6539,408,,0.025070685893297195,0.15213075280189514
,6540,408,,0.021719645708799362,0.118294857442379
,6541,408,,0.019680336117744446,0.18496018648147583
,6542,408,,0.024254649877548218,0.15076306462287903
,6543,408,,0.021749133244156837,0.14022889733314514
6544,,409,0.00018809165339916945,,0.026952626183629036
6545,,409,0.00015201111091300845,,0.07623539865016937
6546,,409,0.00010634296631906182,,0.032655052840709686
6547,,409,0.0003995041479356587,,0.1552472710609436
6548,,409,0.00016573687025811523,,0.07703135162591934
6549,,409,0.0002821359666995704,,0.06624805927276611
6550,,409,0.00020159823179710656,,0.1326381117105484
6551,,409,0.0002775630564428866,,0.03361044079065323
6552,,409,0.00032002711668610573,,0.06002620607614517
6553,,409,0.000508357654325664,,0.09637824445962906
6554,,409,0.00032602163264527917,,0.17180898785591125
6555,,409,0.00046021747402846813,,0.2750082314014435
6556,,409,0.00017232449317816645,,0.12092559039592743
6557,,409,7.316269329749048e-05,,0.08178959786891937
6558,,409,0.00020175162353552878,,0.23166455328464508
6559,,409,0.0006159440381452441,,0.11344940960407257
,6544,409,,0.015730272978544235,0.10902997106313705
,6545,409,,0.030014626681804657,0.17362508177757263
,6546,409,,0.020447850227355957,0.15584143996238708
,6547,409,,0.014333313331007957,0.1269792914390564
,6548,409,,0.019752314314246178,0.15002067387104034
,6549,409,,0.028839977458119392,0.1419777274131775
,6550,409,,0.01924765110015869,0.11803950369358063
,6551,409,,0.019465520977973938,0.12588314712047577
,6552,409,,0.025623656809329987,0.19249491393566132
,6553,409,,0.020304664969444275,0.15652279555797577
,6554,409,,0.02399822510778904,0.17748026549816132
,6555,409,,0.01683870516717434,0.11381936073303223
,6556,409,,0.026292763650417328,0.1577846109867096
,6557,409,,0.02866123616695404,0.15286940336227417
,6558,409,,0.020011844113469124,0.11245541274547577
,6559,409,,0.015352664515376091,0.11447454988956451
6560,,410,0.00011764814553316683,,0.0505632683634758
6561,,410,3.774764627451077e-05,,0.02096370793879032
6562,,410,5.608201536233537e-05,,0.07844263315200806
6563,,410,0.0004345592751633376,,0.048777054995298386
6564,,410,0.00016229198081418872,,0.08635353296995163
6565,,410,9.566267544869334e-05,,0.08020767569541931
6566,,410,0.00013425135693978518,,0.05781275033950806
6567,,410,0.00018347206059843302,,0.07928217947483063
6568,,410,0.0004117954522371292,,0.08078812062740326
6569,,410,0.00012840848648920655,,0.1751459836959839
6570,,410,0.00020343440701253712,,0.07958236336708069
6571,,410,0.00031841383315622807,,0.05610501021146774
6572,,410,5.8022778830491006e-05,,0.04098448157310486
6573,,410,0.0002768219565041363,,0.23124228417873383
6574,,410,0.00021612734417431056,,0.12554682791233063
6575,,410,0.00029560859547927976,,0.16154511272907257
,6560,410,,0.017904704436659813,0.14233896136283875
,6561,410,,0.019763194024562836,0.09168975055217743
,6562,410,,0.02337348833680153,0.14191794395446777
,6563,410,,0.02194705232977867,0.19370317459106445
,6564,410,,0.023352347314357758,0.1472255289554596
,6565,410,,0.013661396689713001,0.11564542353153229
,6566,410,,0.016595136374235153,0.13010703027248383
,6567,410,,0.024813584983348846,0.1463448703289032
,6568,410,,0.015268417075276375,0.13560640811920166
,6569,410,,0.026799220591783524,0.16146913170814514
,6570,410,,0.025990361347794533,0.13014563918113708
,6571,410,,0.01720915362238884,0.1568167507648468
,6572,410,,0.022684765979647636,0.18623694777488708
,6573,410,,0.015773974359035492,0.12936089932918549
,6574,410,,0.024003660306334496,0.18869204819202423
,6575,410,,0.01873617060482502,0.12357751280069351
6576,,411,2.958581899292767e-05,,0.07867930084466934
6577,,411,0.00010148495493922383,,0.10688750445842743
6578,,411,0.00014506911975331604,,0.10609778761863708
6579,,411,0.0005177762359380722,,0.0702340230345726
6580,,411,0.0004317626589909196,,0.1354108452796936
6581,,411,0.0003133077407255769,,0.09670211374759674
6582,,411,0.000193068859516643,,0.08076445758342743
6583,,411,0.0005002652178518474,,0.11337467283010483
6584,,411,0.00022994317987468094,,0.12317018955945969
6585,,411,5.994338062009774e-05,,0.07901685684919357
6586,,411,0.00013293394295033067,,0.11866354942321777
6587,,411,8.463777339784428e-05,,0.10060213506221771
6588,,411,8.626163617009297e-05,,0.03896907716989517
6589,,411,0.00021324526460375637,,0.1412104368209839
6590,,411,0.00017051897884812206,,0.09110431373119354
6591,,411,0.0005659823073074222,,0.0685250461101532
,6576,411,,0.02560654655098915,0.11680135130882263
,6577,411,,0.019412361085414886,0.18070267140865326
,6578,411,,0.03387976065278053,0.1650751829147339
,6579,411,,0.026785599067807198,0.14347247779369354
,6580,411,,0.026496421545743942,0.10216289013624191
,6581,411,,0.02009974792599678,0.11279422044754028
,6582,411,,0.025664351880550385,0.1276344656944275
,6583,411,,0.025977838784456253,0.12613101303577423
,6584,411,,0.018708374351263046,0.13569486141204834
,6585,411,,0.03310147672891617,0.12186852097511292
,6586,411,,0.02452024444937706,0.13498733937740326
,6587,411,,0.027251750230789185,0.1741694211959839
,6588,411,,0.024936867877840996,0.17277683317661285
,6589,411,,0.015584191307425499,0.14107218384742737
,6590,411,,0.018510079011321068,0.10669443011283875
,6591,411,,0.02585921622812748,0.2183925211429596
6592,,412,0.00018926605116575956,,0.1176583468914032
6593,,412,0.00014863169053569436,,0.09371761232614517
6594,,412,0.00028831561212427914,,0.10454076528549194
6595,,412,0.00026878557400777936,,0.1664951890707016
6596,,412,0.0002661639009602368,,0.03402522951364517
6597,,412,3.563726204447448e-05,,0.01963339000940323
6598,,412,0.0005936853704042733,,0.1547490358352661
6599,,412,0.00016886633238755167,,0.09961934387683868
6600,,412,0.00017193781968671829,,0.1658860743045807
6601,,412,0.00021517954883165658,,0.15313221514225006
6602,,412,0.00013497045438271016,,0.1360311657190323
6603,,412,4.478924529394135e-05,,0.058812979608774185
6604,,412,0.00018967884534504265,,0.14487877488136292
6605,,412,0.00027170011890120804,,0.18206289410591125
6606,,412,0.00032141944393515587,,0.07138870656490326
6607,,412,6.75562332617119e-05,,0.09918586909770966
,6592,412,,0.03462641313672066,0.22958685457706451
,6593,412,,0.02693178877234459,0.18015460669994354
,6594,412,,0.028859388083219528,0.13870924711227417
,6595,412,,0.020410578697919846,0.22057731449604034
,6596,412,,0.022657379508018494,0.16915208101272583
,6597,412,,0.016523826867341995,0.1539667844772339
,6598,412,,0.021646054461598396,0.1823904812335968
,6599,412,,0.02610822767019272,0.17910578846931458
,6600,412,,0.031138043850660324,0.2025146335363388
,6601,412,,0.032855384051799774,0.18141517043113708
,6602,412,,0.025208834558725357,0.11154112964868546
,6603,412,,0.028467925265431404,0.15090256929397583
,6604,412,,0.018222559243440628,0.11122722923755646
,6605,412,,0.017447002232074738,0.13527008891105652
,6606,412,,0.029486361891031265,0.11810302734375
,6607,412,,0.02833377569913864,0.17943090200424194
6608,,413,0.0010152662871405482,,0.25418025255203247
6609,,413,0.000371731526684016,,0.1881452202796936
6610,,413,0.00022550365247298032,,0.09363041818141937
6611,,413,5.9326870541553944e-05,,0.03456956520676613
6612,,413,4.700516728917137e-05,,0.020940041169524193
6613,,413,0.0001342618779744953,,0.15650910139083862
6614,,413,0.0007069666753523052,,0.16337865591049194
6615,,413,0.00016843830235302448,,0.08151805400848389
6616,,413,0.00012086313654435799,,0.12718729674816132
6617,,413,5.209057417232543e-05,,0.032541703432798386
6618,,413,3.448409552220255e-05,,0.10239458084106445
6619,,413,4.772337342728861e-05,,0.07161790132522583
6620,,413,0.00021148769883438945,,0.19139255583286285
6621,,413,0.0009379397961311042,,0.2620687782764435
6622,,413,0.0001063878444256261,,0.11155980825424194
6623,,413,1.777611396391876e-05,,0.07700768858194351
,6608,413,,0.030642159283161163,0.16021229326725006
,6609,413,,0.016902940347790718,0.07605977356433868
,6610,413,,0.033937133848667145,0.14443781971931458
,6611,413,,0.02190701849758625,0.12760210037231445
,6612,413,,0.01875435933470726,0.18162193894386292
,6613,413,,0.025967419147491455,0.1498500257730484
,6614,413,,0.023209793493151665,0.07795559614896774
,6615,413,,0.02428947016596794,0.17876824736595154
,6616,413,,0.020209789276123047,0.1274065226316452
,6617,413,,0.03226218372583389,0.20871533453464508
,6618,413,,0.031215570867061615,0.2008218616247177
,6619,413,,0.030747268348932266,0.13998225331306458
,6620,413,,0.030214663594961166,0.17050980031490326
,6621,413,,0.02445409819483757,0.19490893185138702
,6622,413,,0.01880783587694168,0.16332758963108063
,6623,413,,0.032617099583148956,0.14220942556858063
6624,,414,7.509419810958207e-05,,0.042481716722249985
6625,,414,0.001376439817249775,,0.04988689720630646
6626,,414,0.0001142677356256172,,0.17095696926116943
6627,,414,0.00027030965429730713,,0.1922258734703064
6628,,414,0.00035021972144022584,,0.12437345832586288
6629,,414,0.0006596500752493739,,0.17228107154369354
6630,,414,7.538137288065627e-05,,0.1428559124469757
6631,,414,0.00038176565431058407,,0.07692546397447586
6632,,414,3.188963819411583e-05,,0.048222754150629044
6633,,414,0.00036746080149896443,,0.15839619934558868
6634,,414,5.7086632295977324e-05,,0.012003995478153229
6635,,414,0.00027303892420604825,,0.06994380056858063
6636,,414,0.0005261210026219487,,0.10527318716049194
6637,,414,0.003891555592417717,,0.2634102702140808
6638,,414,9.761554247234017e-05,,0.05234076455235481
6639,,414,0.0008159400313161314,,0.14912134408950806
,6624,414,,0.02216406911611557,0.13135263323783875
,6625,414,,0.027548886835575104,0.14224055409431458
,6626,414,,0.024118412286043167,0.16250921785831451
,6627,414,,0.028861461207270622,0.1621193289756775
,6628,414,,0.023996908217668533,0.13867312669754028
,6629,414,,0.026743892580270767,0.1485857218503952
,6630,414,,0.01940881460905075,0.11453060805797577
,6631,414,,0.0185394324362278,0.15329664945602417
,6632,414,,0.032125670462846756,0.16821163892745972
,6633,414,,0.027454674243927002,0.1543504297733307
,6634,414,,0.040632445365190506,0.14640340209007263
,6635,414,,0.017864083871245384,0.1665138602256775
,6636,414,,0.0340280719101429,0.12065280228853226
,6637,414,,0.029683873057365417,0.12789231538772583
,6638,414,,0.023063698783516884,0.18146124482154846
,6639,414,,0.03198311850428581,0.12010971456766129
6640,,415,0.0003252317546866834,,0.10094840824604034
6641,,415,0.00035592817584984004,,0.11472491919994354
6642,,415,0.00018446192552801222,,0.08469437807798386
6643,,415,0.0005289182299748063,,0.10107173025608063
6644,,415,0.00022325836471281946,,0.015629982575774193
6645,,415,0.0008785250247456133,,0.047054365277290344
6646,,415,0.00021409716282505542,,0.2243814468383789
6647,,415,0.0005265821819193661,,0.08988235890865326
6648,,415,0.0009459997527301311,,0.10937251150608063
6649,,415,0.0003302692493889481,,0.1034981906414032
6650,,415,5.5256299674510956e-05,,0.06710004806518555
6651,,415,8.815208275336772e-05,,0.15671087801456451
6652,,415,0.00020659064466599375,,0.09868761897087097
6653,,415,0.0001308794307988137,,0.08774613589048386
6654,,415,0.00022086192620918155,,0.02673090621829033
6655,,415,0.00013785847113467753,,0.10738575458526611
,6640,415,,0.027022939175367355,0.13904929161071777
,6641,415,,0.03321797400712967,0.19459378719329834
,6642,415,,0.023898640647530556,0.15708206593990326
,6643,415,,0.02397499978542328,0.14612813293933868
,6644,415,,0.02700270153582096,0.14219322800636292
,6645,415,,0.03691450506448746,0.17768828570842743
,6646,415,,0.046033211052417755,0.16363027691841125
,6647,415,,0.020041780546307564,0.14610445499420166
,6648,415,,0.018224094063043594,0.13209626078605652
,6649,415,,0.02357150986790657,0.1516374945640564
,6650,415,,0.022290019318461418,0.16515490412712097
,6651,415,,0.017971526831388474,0.13775883615016937
,6652,415,,0.02568918839097023,0.1345376819372177
,6653,415,,0.017347294837236404,0.17787761986255646
,6654,415,,0.022217102348804474,0.18461763858795166
,6655,415,,0.026448501273989677,0.14198023080825806
6656,,416,7.529224967584014e-05,,0.05023691803216934
6657,,416,0.0006075084093026817,,0.06731430441141129
6658,,416,0.00038324479828588665,,0.11726845800876617
6659,,416,0.00026238345890305936,,0.014624770730733871
6660,,416,0.0002020173124037683,,0.03950469568371773
6661,,416,0.0010708580957725644,,0.0792497843503952
6662,,416,0.00010466869571246207,,0.030268453061580658
6663,,416,0.00036871698102913797,,0.11189737170934677
6664,,416,0.00011095418449258432,,0.08312739431858063
6665,,416,0.00024871030473150313,,0.03322554752230644
6666,,416,0.0005486292066052556,,0.13434958457946777
6667,,416,0.00040862598689273,,0.09623873233795166
6668,,416,0.0003821287245955318,,0.1263950914144516
6669,,416,0.00024086161283776164,,0.09148173034191132
6670,,416,0.0006862705922685564,,0.15436039865016937
6671,,416,0.0006080014863982797,,0.1362665891647339
,6656,416,,0.01759331300854683,0.12210644036531448
,6657,416,,0.016452105715870857,0.10696722567081451
,6658,416,,0.020284458994865417,0.12933474779129028
,6659,416,,0.020107541233301163,0.1380864381790161
,6660,416,,0.027097022160887718,0.18867835402488708
,6661,416,,0.022317245602607727,0.11974349617958069
,6662,416,,0.02019978128373623,0.12335454672574997
,6663,416,,0.01784902811050415,0.14400061964988708
,6664,416,,0.023543305695056915,0.16322046518325806
,6665,416,,0.02999628707766533,0.14751698076725006
,6666,416,,0.026013795286417007,0.1202043816447258
,6667,416,,0.028928570449352264,0.14606335759162903
,6668,416,,0.023162033408880234,0.16028952598571777
,6669,416,,0.021940693259239197,0.14873021841049194
,6670,416,,0.018916603177785873,0.20467206835746765
,6671,416,,0.015465996228158474,0.09277094900608063
6672,,417,0.000113646499812603,,0.03851567581295967
6673,,417,0.0001884925295598805,,0.1407981514930725
6674,,417,8.715362491784617e-05,,0.09912607818841934
6675,,417,5.6673172366572544e-05,,0.11060193181037903
6676,,417,0.0004906035028398037,,0.12286625802516937
6677,,417,9.105591016123071e-05,,0.022124622017145157
6678,,417,0.00014195790572557598,,0.09282450377941132
6679,,417,0.00016510006389580667,,0.15664860606193542
6680,,417,0.0002014793863054365,,0.07001729309558868
6681,,417,7.955941691761836e-05,,0.013840032741427422
6682,,417,0.0004457552859093994,,0.07740877568721771
6683,,417,0.0012632544385269284,,0.13449159264564514
6684,,417,0.0005644952179864049,,0.12738659977912903
6685,,417,0.0010358154540881515,,0.15577292442321777
6686,,417,0.0007110567530617118,,0.04611393064260483
6687,,417,0.00016584762488491833,,0.06613470613956451
,6672,417,,0.025375517085194588,0.16829511523246765
,6673,417,,0.012521319091320038,0.17358523607254028
,6674,417,,0.009525634348392487,0.08294926583766937
,6675,417,,0.0270175002515316,0.16397905349731445
,6676,417,,0.022922806441783905,0.12609738111495972
,6677,417,,0.02234680950641632,0.14093266427516937
,6678,417,,0.02314024418592453,0.11945078521966934
,6679,417,,0.02731379121541977,0.13815245032310486
,6680,417,,0.023026589304208755,0.14130012691020966
,6681,417,,0.01914927177131176,0.21598723530769348
,6682,417,,0.01638908125460148,0.17341084778308868
,6683,417,,0.014766084030270576,0.12305435538291931
,6684,417,,0.016546089202165604,0.18332967162132263
,6685,417,,0.030108409002423286,0.13076096773147583
,6686,417,,0.019625069573521614,0.09938392043113708
,6687,417,,0.01973608136177063,0.12192831188440323
6688,,418,0.00048101472202688456,,0.08393330872058868
6689,,418,6.423897866625339e-05,,0.05462397634983063
6690,,418,0.00010284773452440277,,0.05143146216869354
6691,,418,9.784942812984809e-05,,0.12929114699363708
6692,,418,0.0001510176807641983,,0.06790721416473389
6693,,418,0.00016805148334242404,,0.11444465070962906
6694,,418,0.0003022238379344344,,0.11019711196422577
6695,,418,0.0016667088493704796,,0.1302415430545807
6696,,418,0.0002697530435398221,,0.10451709479093552
6697,,418,0.0004918580525554717,,0.0844290629029274
6698,,418,5.7894623751053587e-05,,0.01368059404194355
6699,,418,0.0002555119281169027,,0.02517264150083065
6700,,418,0.00039184835623018444,,0.10143420100212097
6701,,418,0.000292927521513775,,0.15979626774787903
6702,,418,0.0003993114223703742,,0.1364397406578064
6703,,418,0.00020946543372701854,,0.06832574307918549
,6688,418,,0.018543792888522148,0.12471351027488708
,6689,418,,0.029702531173825264,0.17972737550735474
,6690,418,,0.023185424506664276,0.1920415163040161
,6691,418,,0.021156225353479385,0.13952511548995972
,6692,418,,0.02056414633989334,0.21819445490837097
,6693,418,,0.020449945703148842,0.14261549711227417
,6694,418,,0.025348065420985222,0.14828801155090332
,6695,418,,0.020247826352715492,0.18783383071422577
,6696,418,,0.018817327916622162,0.11216891556978226
,6697,418,,0.019914746284484863,0.20975665748119354
,6698,418,,0.02243642322719097,0.162859246134758
,6699,418,,0.02019970864057541,0.1292811781167984
,6700,418,,0.028844967484474182,0.19285115599632263
,6701,418,,0.02397797256708145,0.18538494408130646
,6702,418,,0.024840915575623512,0.13079461455345154
,6703,418,,0.01708896830677986,0.12875303626060486
6704,,419,0.0003389256598893553,,0.10495181381702423
6705,,419,0.0007291093934327364,,0.11148008704185486
6706,,419,0.0001722267916193232,,0.16841593384742737
6707,,419,0.00015198293840512633,,0.12849394977092743
6708,,419,5.117001273902133e-05,,0.16345837712287903
6709,,419,0.00027927791234105825,,0.14489871263504028
6710,,419,0.00027643225621432066,,0.10016615688800812
6711,,419,0.0002178887079935521,,0.08166255056858063
6712,,419,0.00014152326912153512,,0.06715361773967743
6713,,419,0.0006029920768924057,,0.028778698295354843
6714,,419,0.0004308128554839641,,0.10280562192201614
6715,,419,4.996489587938413e-05,,0.12253741919994354
6716,,419,0.000538269872777164,,0.08461839705705643
6717,,419,0.0003563090576790273,,0.13608971238136292
6718,,419,0.00019884383073076606,,0.07221829146146774
6719,,419,8.387711568502709e-05,,0.06867950409650803
,6704,419,,0.01344927679747343,0.1638868749141693
,6705,419,,0.02304168790578842,0.1988438069820404
,6706,419,,0.02146746776998043,0.14845243096351624
,6707,419,,0.015509244054555893,0.13212493062019348
,6708,419,,0.013818715699017048,0.1053292378783226
,6709,419,,0.018566180020570755,0.13702143728733063
,6710,419,,0.01868399605154991,0.1753191351890564
,6711,419,,0.03408598154783249,0.14502325654029846
,6712,419,,0.023935416713356972,0.13381272554397583
,6713,419,,0.022227469831705093,0.15264518558979034
,6714,419,,0.011232957243919373,0.1302390694618225
,6715,419,,0.017101552337408066,0.12344920635223389
,6716,419,,0.01983000710606575,0.16318434476852417
,6717,419,,0.017025958746671677,0.1340419352054596
,6718,419,,0.03399216756224632,0.18535006046295166
,6719,419,,0.037056419998407364,0.13540586829185486
6720,,420,0.00010277949331793934,,0.10926538705825806
6721,,420,0.0002628648071549833,,0.06254234910011292
6722,,420,0.00022443413035944104,,0.04137560725212097
6723,,420,0.0007380848983302712,,0.18998998403549194
6724,,420,0.00020483971456997097,,0.03680419921875
6725,,420,0.00041878956835716963,,0.06472715735435486
6726,,420,4.1234627133235335e-05,,0.090933658182621
6727,,420,0.00012167436943855137,,0.03940753638744354
6728,,420,0.00010938155901385471,,0.08566221594810486
6729,,420,0.00015331975009758025,,0.12811776995658875
6730,,420,0.00022894161520525813,,0.056339189410209656
6731,,420,0.0009844189044088125,,0.06154336780309677
6732,,420,0.00010659982217475772,,0.1109531968832016
6733,,420,0.00017577112885192037,,0.04613012075424194
6734,,420,5.015523129259236e-05,,0.023453693836927414
6735,,420,0.00012377588427625597,,0.0729195773601532
,6720,420,,0.020347807556390762,0.19607606530189514
,6721,420,,0.024001870304346085,0.06508340686559677
,6722,420,,0.015601692721247673,0.14535211026668549
,6723,420,,0.03319355472922325,0.16222521662712097
,6724,420,,0.023770947009325027,0.18819381296634674
,6725,420,,0.01578732207417488,0.13628901541233063
,6726,420,,0.027138957753777504,0.14815101027488708
,6727,420,,0.01989910379052162,0.16807836294174194
,6728,420,,0.018993455916643143,0.1526053249835968
,6729,420,,0.017762992531061172,0.14394953846931458
,6730,420,,0.02419288270175457,0.16355179250240326
,6731,420,,0.02507951110601425,0.1618814319372177
,6732,420,,0.012748561799526215,0.12149732559919357
,6733,420,,0.016546020284295082,0.19291093945503235
,6734,420,,0.018780680373311043,0.18231698870658875
,6735,420,,0.022381599992513657,0.14294059574604034
6736,,421,0.00013087929983157665,,0.10883066058158875
6737,,421,0.0005736344028264284,,0.07667884230613708
6738,,421,0.0003161181230098009,,0.15587881207466125
6739,,421,6.567941454704851e-05,,0.10725371539592743
6740,,421,9.201395732816309e-05,,0.11183259636163712
6741,,421,0.00037820666329935193,,0.09217803180217743
6742,,421,6.433720409404486e-05,,0.06758211553096771
6743,,421,0.00039496738463640213,,0.16921685636043549
6744,,421,0.0006538829766213894,,0.09329037368297577
6745,,421,2.928403773694299e-05,,0.0528738796710968
6746,,421,0.000150331761687994,,0.058252450078725815
6747,,421,0.0005247450899332762,,0.09672453254461288
6748,,421,0.00012423362932167947,,0.033306509256362915
6749,,421,0.00018416409147903323,,0.08920973539352417
6750,,421,0.000707193510606885,,0.15845099091529846
6751,,421,0.00013786338968202472,,0.13661786913871765
,6736,421,,0.03475860506296158,0.24600158631801605
,6737,421,,0.02048557996749878,0.13469338417053223
,6738,421,,0.01487090066075325,0.15921083092689514
,6739,421,,0.02613731101155281,0.14677584171295166
,6740,421,,0.014647899195551872,0.16369131207466125
,6741,421,,0.027436014264822006,0.1927851438522339
,6742,421,,0.025906702503561974,0.15375253558158875
,6743,421,,0.027033839374780655,0.13398462533950806
,6744,421,,0.03139932081103325,0.13909538090229034
,6745,421,,0.02928367629647255,0.20215840637683868
,6746,421,,0.02252217009663582,0.16627347469329834
,6747,421,,0.01723150908946991,0.1507481187582016
,6748,421,,0.018183574080467224,0.19315633177757263
,6749,421,,0.017133638262748718,0.07956866919994354
,6750,421,,0.028502143919467926,0.15808603167533875
,6751,421,,0.018183739855885506,0.15573805570602417
6752,,422,0.00011080218246206641,,0.09242715686559677
6753,,422,0.00019758084090426564,,0.0537458136677742
6754,,422,0.00018209572590421885,,0.17444221675395966
6755,,422,0.00013049539120402187,,0.10557711869478226
6756,,422,0.00011375045869499445,,0.1666957288980484
6757,,422,0.0006316840299405158,,0.10018609464168549
6758,,422,0.0002572376688476652,,0.12059798836708069
6759,,422,6.746426515746862e-05,,0.016739824786782265
6760,,422,7.597373041789979e-05,,0.1000714898109436
6761,,422,0.001186976907774806,,0.25887998938560486
6762,,422,0.00010612452024361119,,0.16624855995178223
6763,,422,0.00012848959886468947,,0.09966418147087097
6764,,422,0.0002839302469510585,,0.09183299541473389
6765,,422,5.8141173212789e-05,,0.03162243962287903
6766,,422,0.00016227696323767304,,0.12443822622299194
6767,,422,0.00010800616291817278,,0.10479238629341125
,6752,422,,0.031681984663009644,0.11547478288412094
,6753,422,,0.016959095373749733,0.10843704640865326
,6754,422,,0.023844167590141296,0.14339151978492737
,6755,422,,0.019416414201259613,0.21096739172935486
,6756,422,,0.018888594582676888,0.17045126855373383
,6757,422,,0.025573253631591797,0.15193146467208862
,6758,422,,0.022737625986337662,0.13669757544994354
,6759,422,,0.014593355357646942,0.16522839665412903
,6760,422,,0.03182603046298027,0.11869344860315323
,6761,422,,0.01801779307425022,0.1704263538122177
,6762,422,,0.020926812663674355,0.17030426859855652
,6763,422,,0.020544499158859253,0.1516462117433548
,6764,422,,0.02062220871448517,0.1521506905555725
,6765,422,,0.023539960384368896,0.141357421875
,6766,422,,0.0241329837590456,0.15976263582706451
,6767,422,,0.01811886951327324,0.16863639652729034
6768,,423,0.00018617005844134837,,0.07891970127820969
6769,,423,0.0005950273480266333,,0.11365244537591934
6770,,423,0.0001919209025800228,,0.07420629262924194
6771,,423,0.00010370089876232669,,0.11227229982614517
6772,,423,0.001146558322943747,,0.23711535334587097
6773,,423,0.00029239041032269597,,0.13548558950424194
6774,,423,0.00019792627426795661,,0.18922269344329834
6775,,423,0.0002050946350209415,,0.05685487017035484
6776,,423,0.00043886323692277074,,0.17826250195503235
6777,,423,0.00012937060091644526,,0.05210782587528229
6778,,423,0.0004549710429273546,,0.09251435101032257
6779,,423,0.0003672484017442912,,0.05886778607964516
6780,,423,0.0007287451880984008,,0.11802828311920166
6781,,423,0.0004172420594841242,,0.08577805757522583
6782,,423,6.526058859890327e-05,,0.056351639330387115
6783,,423,0.00038122996920719743,,0.12902209162712097
,6768,423,,0.01320655457675457,0.11834093928337097
,6769,423,,0.020542845129966736,0.17934370040893555
,6770,423,,0.012795714661478996,0.12010597437620163
,6771,423,,0.019293110817670822,0.16094347834587097
,6772,423,,0.017295734956860542,0.14820830523967743
,6773,423,,0.014466328546404839,0.1198992058634758
,6774,423,,0.014336086809635162,0.1096016988158226
,6775,423,,0.022227328270673752,0.17365498840808868
,6776,423,,0.014097567647695541,0.21998441219329834
,6777,423,,0.024104036390781403,0.1885288804769516
,6778,423,,0.012069259770214558,0.10664460808038712
,6779,423,,0.014235946349799633,0.20527243614196777
,6780,423,,0.0159441065043211,0.1478782296180725
,6781,423,,0.017678432166576385,0.10957429558038712
,6782,423,,0.013538244180381298,0.13476188480854034
,6783,423,,0.011707490310072899,0.14675717055797577
6784,,424,0.00042010683682747185,,0.18530023097991943
6785,,424,0.00019969497225247324,,0.14844247698783875
6786,,424,7.431175617966801e-05,,0.07889852672815323
6787,,424,0.0007337363786064088,,0.16082763671875
6788,,424,8.020013046916574e-05,,0.10282804071903229
6789,,424,0.0005591882509179413,,0.13058409094810486
6790,,424,0.00020256161224097013,,0.21004939079284668
6791,,424,0.00033576387795619667,,0.09580153226852417
6792,,424,0.00020558956020977348,,0.02927943505346775
6793,,424,0.00010847154771909118,,0.07581936568021774
6794,,424,0.00020738050807267427,,0.07013686746358871
6795,,424,0.00010819201997946948,,0.06455153226852417
6796,,424,0.00011849941074615344,,0.17491430044174194
6797,,424,0.00027343747206032276,,0.10247055441141129
6798,,424,0.00014476515934802592,,0.13835299015045166
6799,,424,0.00017120644042734057,,0.05745899677276611
,6784,424,,0.021251007914543152,0.1777430772781372
,6785,424,,0.02184588834643364,0.1177019402384758
,6786,424,,0.03109937161207199,0.14074334502220154
,6787,424,,0.02659083902835846,0.13024653494358063
,6788,424,,0.02963186427950859,0.19538474082946777
,6789,424,,0.030336476862430573,0.15887701511383057
,6790,424,,0.02897285297513008,0.12424640357494354
,6791,424,,0.02418435923755169,0.16125613451004028
,6792,424,,0.0244639553129673,0.1042567640542984
,6793,424,,0.026114191859960556,0.19233423471450806
,6794,424,,0.025750286877155304,0.12231568992137909
,6795,424,,0.03372061625123024,0.14704614877700806
,6796,424,,0.0280907079577446,0.19798558950424194
,6797,424,,0.02953225001692772,0.17675282061100006
,6798,424,,0.0214642696082592,0.11409588903188705
,6799,424,,0.02376355603337288,0.12505730986595154
6800,,425,0.0004202512791380286,,0.12476582825183868
6801,,425,7.752287638140842e-05,,0.09368522465229034
6802,,425,2.501767812645994e-05,,0.0894513800740242
6803,,425,0.00021655512682627887,,0.11696577817201614
6804,,425,4.6691569878021255e-05,,0.06710753589868546
6805,,425,0.0001505588588770479,,0.09467549622058868
6806,,425,0.00033177854493260384,,0.1251382678747177
6807,,425,3.987894160673022e-05,,0.009333396330475807
6808,,425,0.0001062680094037205,,0.17552214860916138
6809,,425,5.574530950980261e-05,,0.13222581148147583
6810,,425,0.00016233400674536824,,0.06618453562259674
6811,,425,0.00024113118706736714,,0.19397345185279846
6812,,425,8.04889714345336e-05,,0.10463045537471771
6813,,425,0.0002341084327781573,,0.08214958012104034
6814,,425,0.0002487281453795731,,0.1526663601398468
6815,,425,0.00024169577227439731,,0.088134765625
,6800,425,,0.028382321819663048,0.19674371182918549
,6801,425,,0.016931839287281036,0.10274708271026611
,6802,425,,0.017918894067406654,0.1226719468832016
,6803,425,,0.02139309048652649,0.1380976438522339
,6804,425,,0.02599223144352436,0.1593889594078064
,6805,425,,0.019235726445913315,0.1402662694454193
,6806,425,,0.02547367289662361,0.1772099733352661
,6807,425,,0.018864983692765236,0.11786511540412903
,6808,425,,0.0222129188477993,0.14188432693481445
,6809,425,,0.02369481697678566,0.1754075586795807
,6810,425,,0.02014530450105667,0.10932019352912903
,6811,425,,0.01791231334209442,0.15272989869117737
,6812,425,,0.020116405561566353,0.16066694259643555
,6813,425,,0.017432156950235367,0.16573411226272583
,6814,425,,0.02443258836865425,0.11050352454185486
,6815,425,,0.024833891540765762,0.17813172936439514
6816,,426,0.00017973248031921685,,0.03875981643795967
6817,,426,0.00038564656279049814,,0.11765709519386292
6818,,426,0.00022666147560812533,,0.05709651857614517
6819,,426,9.480660082772374e-05,,0.09753666818141937
6820,,426,0.0005981532158330083,,0.12739408016204834
6821,,426,0.00023114481882657856,,0.10924669355154037
6822,,426,0.00013601014507003129,,0.169843390583992
6823,,426,0.00014811193977948278,,0.20509806275367737
6824,,426,0.00022484548389911652,,0.17862124741077423
6825,,426,0.0001551122113596648,,0.07910654693841934
6826,,426,0.00026380372582934797,,0.11504752933979034
6827,,426,4.895240635960363e-05,,0.1435198187828064
6828,,426,0.00019180317758582532,,0.22544768452644348
6829,,426,0.00020632060477510095,,0.08185561746358871
6830,,426,0.0001426848175469786,,0.14680075645446777
6831,,426,7.269652269314975e-05,,0.03372877463698387
,6816,426,,0.026116490364074707,0.17028933763504028
,6817,426,,0.01682726852595806,0.13797184824943542
,6818,426,,0.022008787840604782,0.16612398624420166
,6819,426,,0.015380087308585644,0.12345170229673386
,6820,426,,0.014350462704896927,0.1574869006872177
,6821,426,,0.0190725177526474,0.18687096238136292
,6822,426,,0.019040031358599663,0.12058553844690323
,6823,426,,0.017017364501953125,0.14192542433738708
,6824,426,,0.02616410329937935,0.1354818493127823
,6825,426,,0.021690169349312782,0.1370164453983307
,6826,426,,0.028219401836395264,0.1396397203207016
,6827,426,,0.01771548204123974,0.15551134943962097
,6828,426,,0.0199737586081028,0.12740777432918549
,6829,426,,0.020469682291150093,0.1909540891647339
,6830,426,,0.02150861546397209,0.20817098021507263
,6831,426,,0.019231244921684265,0.12911053001880646
6832,,427,0.0002946596941910684,,0.06623435020446777
6833,,427,0.0005943231517449021,,0.16130097210407257
6834,,427,0.00018063127936329693,,0.04942477494478226
6835,,427,0.000414273701608181,,0.058560118079185486
6836,,427,0.00016799665172584355,,0.1223667711019516
6837,,427,0.00010395451681688428,,0.13035614788532257
6838,,427,0.0002051458868663758,,0.1016409769654274
6839,,427,8.22409347165376e-05,,0.07355483621358871
6840,,427,0.00018685775285121053,,0.13821722567081451
6841,,427,0.00023288909869734198,,0.09259033203125
6842,,427,0.00020228876383043826,,0.0982666015625
6843,,427,0.001186834997497499,,0.12156832963228226
6844,,427,0.00012605036317836493,,0.09186911582946777
6845,,427,0.00024977768771350384,,0.1092529296875
6846,,427,0.00012693398457486182,,0.09525470435619354
6847,,427,0.00019091059220954776,,0.14287084341049194
,6832,427,,0.0307821836322546,0.14084672927856445
,6833,427,,0.023589029908180237,0.18999497592449188
,6834,427,,0.02029561623930931,0.16684645414352417
,6835,427,,0.030474500730633736,0.18841177225112915
,6836,427,,0.021767228841781616,0.15954215824604034
,6837,427,,0.01328195258975029,0.14673972129821777
,6838,427,,0.030805880203843117,0.14704614877700806
,6839,427,,0.02832721173763275,0.1594923436641693
,6840,427,,0.02203386463224888,0.1405813992023468
,6841,427,,0.02241923101246357,0.12326236814260483
,6842,427,,0.017356062307953835,0.1301630735397339
,6843,427,,0.026289887726306915,0.14299540221691132
,6844,427,,0.025544125586748123,0.18042491376399994
,6845,427,,0.028117135167121887,0.16305357217788696
,6846,427,,0.024910982698202133,0.12333834916353226
,6847,427,,0.023657536134123802,0.1545048952102661
6848,,428,0.000277427228866145,,0.13992621004581451
6849,,428,0.00022544068633578718,,0.19199416041374207
6850,,428,5.8142028137808666e-05,,0.15070202946662903
6851,,428,0.0003060759336221963,,0.13090795278549194
6852,,428,6.556641892530024e-05,,0.12747380137443542
6853,,428,0.0005767864640802145,,0.11414819955825806
6854,,428,0.00021861145796719939,,0.0722307488322258
6855,,428,0.00022060505580157042,,0.04515978693962097
6856,,428,0.00027939790743403137,,0.042113013565540314
6857,,428,0.00018852968059945852,,0.06639504432678223
6858,,428,0.0001594546192791313,,0.055061183869838715
6859,,428,0.00023841638176236302,,0.13446667790412903
6860,,428,0.00016534706810489297,,0.094412662088871
6861,,428,2.7981661332887597e-05,,0.09941256791353226
6862,,428,0.0005387310520745814,,0.10532425343990326
6863,,428,6.30844515399076e-05,,0.017208177596330643
,6848,428,,0.01943635568022728,0.14506936073303223
,6849,428,,0.025957033038139343,0.19239526987075806
,6850,428,,0.014902126044034958,0.16591472923755646
,6851,428,,0.016509823501110077,0.14914998412132263
,6852,428,,0.02136058360338211,0.1651773303747177
,6853,428,,0.025051619857549667,0.11805444955825806
,6854,428,,0.023455921560525894,0.11466138809919357
,6855,428,,0.027982844039797783,0.16379716992378235
,6856,428,,0.021645385771989822,0.14511917531490326
,6857,428,,0.03213999420404434,0.16812942922115326
,6858,428,,0.02658366784453392,0.19541339576244354
,6859,428,,0.020027562975883484,0.10458311438560486
,6860,428,,0.019986379891633987,0.09730374068021774
,6861,428,,0.019420504570007324,0.1559809446334839
,6862,428,,0.017917318269610405,0.1504603773355484
,6863,428,,0.02643614634871483,0.16383704543113708
6864,,429,0.00014668724907096475,,0.10991685092449188
6865,,429,0.00017216558626387268,,0.21653030812740326
6866,,429,6.64582330500707e-05,,0.08445645868778229
6867,,429,0.0002792124869301915,,0.08409523963928223
6868,,429,0.00015255156904459,,0.20580682158470154
6869,,429,8.221830648835748e-05,,0.05250518023967743
6870,,429,0.0004038758634123951,,0.15664111077785492
6871,,429,0.00024945230688899755,,0.12694068253040314
6872,,429,0.00011821903171949089,,0.07912647724151611
6873,,429,0.00027653927099891007,,0.03845463693141937
6874,,429,0.00021509818907361478,,0.11558938026428223
6875,,429,0.00012312769831623882,,0.05054707080125809
6876,,429,0.00041499719372950494,,0.12652462720870972
6877,,429,0.00014288813690654933,,0.09971649199724197
6878,,429,6.042897075531073e-05,,0.03574667125940323
6879,,429,0.0002214370615547523,,0.16753403842449188
,6864,429,,0.02064194530248642,0.12184734642505646
,6865,429,,0.018192501738667488,0.19563885033130646
,6866,429,,0.016399916261434555,0.15969911217689514
,6867,429,,0.019146570935845375,0.11149254441261292
,6868,429,,0.018129128962755203,0.1494053453207016
,6869,429,,0.013276576064527035,0.1278163343667984
,6870,429,,0.01412615180015564,0.12289241701364517
,6871,429,,0.019497018307447433,0.17928890883922577
,6872,429,,0.01742466911673546,0.14296674728393555
,6873,429,,0.015229210257530212,0.11589455604553223
,6874,429,,0.020501544699072838,0.11589081585407257
,6875,429,,0.019013628363609314,0.15274359285831451
,6876,429,,0.025988468900322914,0.18365603685379028
,6877,429,,0.01952315866947174,0.13918755948543549
,6878,429,,0.014261217787861824,0.12051454186439514
,6879,429,,0.0186188705265522,0.1017804816365242
6880,,430,0.00011542100401129574,,0.10547497868537903
6881,,430,0.0003081014147028327,,0.08734130859375
6882,,430,5.437906656879932e-05,,0.07016925513744354
6883,,430,0.00026679254369810224,,0.16196861863136292
6884,,430,7.839226600481197e-05,,0.07466966658830643
6885,,430,0.00010629973985487595,,0.07428102940320969
6886,,430,0.0001583559496793896,,0.12340685725212097
6887,,430,0.00016856282309163362,,0.21401791274547577
6888,,430,0.00027258743648417294,,0.047379471361637115
6889,,430,0.0002641228202264756,,0.16999785602092743
6890,,430,0.00014581001596525311,,0.16900135576725006
6891,,430,0.00012544202036224306,,0.1314883977174759
6892,,430,0.00011233994155190885,,0.10934759676456451
6893,,430,0.00016146634879987687,,0.1200735867023468
6894,,430,0.0002231734397355467,,0.11653728783130646
6895,,430,4.467827238840982e-05,,0.12000010162591934
,6880,430,,0.01877225935459137,0.18127940595149994
,6881,430,,0.014728679321706295,0.1563471555709839
,6882,430,,0.020680861547589302,0.14215461909770966
,6883,430,,0.020965896546840668,0.14898681640625
,6884,430,,0.025191808119416237,0.18341311812400818
,6885,430,,0.026128752157092094,0.13282744586467743
,6886,430,,0.02259325608611107,0.16823531687259674
,6887,430,,0.014810786582529545,0.1606956124305725
,6888,430,,0.0202022772282362,0.1945975124835968
,6889,430,,0.033415086567401886,0.17864492535591125
,6890,430,,0.020527740940451622,0.1713941991329193
,6891,430,,0.024833645671606064,0.155517578125
,6892,430,,0.022168247029185295,0.19625046849250793
,6893,430,,0.029193604364991188,0.20461101830005646
,6894,430,,0.01372623536735773,0.12330596148967743
,6895,430,,0.018505413085222244,0.11089839041233063
6896,,431,6.229215068742633e-05,,0.08107088506221771
6897,,431,9.592144488124177e-05,,0.09558603912591934
6898,,431,0.0005384498508647084,,0.0975341796875
6899,,431,0.00010929690324701369,,0.046771615743637085
6900,,431,0.00017924144049175084,,0.048576511442661285
6901,,431,0.0001521807280369103,,0.24460898339748383
6902,,431,2.5124027160927653e-05,,0.07667510956525803
6903,,431,0.0006495962152257562,,0.07731036841869354
6904,,431,0.00033519373391754925,,0.028751295059919357
6905,,431,0.00013073263107798994,,0.04007144644856453
6906,,431,0.00012476503616198897,,0.00978181790560484
6907,,431,0.0005752971046604216,,0.20131760835647583
6908,,431,8.187910134438425e-05,,0.03201356157660484
6909,,431,0.0007413962739519775,,0.07907415926456451
6910,,431,0.00012350604811217636,,0.1336744725704193
6911,,431,1.2295915439608507e-05,,0.04080262407660484
,6896,431,,0.01960226520895958,0.13166403770446777
,6897,431,,0.020870132371783257,0.15692636370658875
,6898,431,,0.02095431461930275,0.19983282685279846
,6899,431,,0.016083016991615295,0.13063392043113708
,6900,431,,0.021703749895095825,0.14080561697483063
,6901,431,,0.01661195605993271,0.1522304117679596
,6902,431,,0.01562606170773506,0.18132922053337097
,6903,431,,0.01810595393180847,0.10626843571662903
,6904,431,,0.010023375041782856,0.131591796875
,6905,431,,0.018665116280317307,0.11195217818021774
,6906,431,,0.017751779407262802,0.10312699526548386
,6907,431,,0.021358152851462364,0.20008321106433868
,6908,431,,0.021026834845542908,0.2335541546344757
,6909,431,,0.01627827249467373,0.16612772643566132
,6910,431,,0.012694169767200947,0.11724480241537094
,6911,431,,0.028038907796144485,0.19019925594329834
6912,,432,6.450149521697313e-05,,0.12137401103973389
6913,,432,0.0003381819697096944,,0.16320303082466125
6914,,432,7.706746691837907e-05,,0.1300746500492096
6915,,432,0.00017575902165845037,,0.05875568091869354
6916,,432,0.00011325340165058151,,0.09427564591169357
6917,,432,0.00014138565165922046,,0.0616193488240242
6918,,432,7.958514470374212e-05,,0.0550537109375
6919,,432,5.756620521424338e-05,,0.019916145130991936
6920,,432,0.00011798040941357613,,0.16221648454666138
6921,,432,5.4268639360088855e-05,,0.025964854285120964
6922,,432,0.00012546341167762876,,0.05453304573893547
6923,,432,0.0001318469294346869,,0.04641038551926613
6924,,432,7.17261282261461e-05,,0.06688207387924194
6925,,432,0.00012162071652710438,,0.0833304300904274
6926,,432,0.00017040307284332812,,0.10988694429397583
6927,,432,1.2182660611870233e-05,,0.026303661987185478
,6912,432,,0.01565474458038807,0.1452101171016693
,6913,432,,0.015158453956246376,0.12770049273967743
,6914,432,,0.013111447915434837,0.12858238816261292
,6915,432,,0.02302253060042858,0.14008191227912903
,6916,432,,0.014893588609993458,0.12482810020446777
,6917,432,,0.01632782444357872,0.14802396297454834
,6918,432,,0.017417846247553825,0.15521863102912903
,6919,432,,0.020207630470395088,0.1663295030593872
,6920,432,,0.02603212371468544,0.1486978381872177
,6921,432,,0.013781553134322166,0.12967976927757263
,6922,432,,0.021031972020864487,0.13543701171875
,6923,432,,0.016796447336673737,0.17021584510803223
,6924,432,,0.01788082718849182,0.11585593223571777
,6925,432,,0.017583530396223068,0.12638263404369354
,6926,432,,0.02221589908003807,0.12166549265384674
,6927,432,,0.022642705589532852,0.13331946730613708
6928,,433,0.0001467145630158484,,0.0431169793009758
6929,,433,0.00016035241424106061,,0.14275002479553223
6930,,433,5.12320693815127e-05,,0.06924998760223389
6931,,433,0.00012779035023413599,,0.07215600460767746
6932,,433,7.884241495048627e-05,,0.035846319049596786
6933,,433,0.00011529738549143076,,0.20647695660591125
6934,,433,0.00015298993093892932,,0.03369763493537903
6935,,433,0.00012647507537622005,,0.05593934282660484
6936,,433,0.00038711371598765254,,0.15179069340229034
6937,,433,0.0009307435248047113,,0.18809041380882263
6938,,433,0.0002821772068273276,,0.07366943359375
6939,,433,0.0001651658967602998,,0.04435885697603226
6940,,433,0.000170120969414711,,0.010369747877120972
6941,,433,0.00011706866644090042,,0.06520173698663712
6942,,433,5.1337428885744885e-05,,0.05118482932448387
6943,,433,3.302631012047641e-05,,0.0931657999753952
,6928,433,,0.01743648573756218,0.19679105281829834
,6929,433,,0.014054909348487854,0.15185049176216125
,6930,433,,0.014924824237823486,0.1279222071170807
,6931,433,,0.023799670860171318,0.16060343384742737
,6932,433,,0.021813716739416122,0.14957599341869354
,6933,433,,0.017218826338648796,0.14545300602912903
,6934,433,,0.02512659877538681,0.20378267765045166
,6935,433,,0.021264823153614998,0.13603490591049194
,6936,433,,0.01705431565642357,0.13321608304977417
,6937,433,,0.03163452818989754,0.19133275747299194
,6938,433,,0.02049488201737404,0.1244419664144516
,6939,433,,0.020965468138456345,0.18421033024787903
,6940,433,,0.01866850256919861,0.16926543414592743
,6941,433,,0.021357692778110504,0.14944270253181458
,6942,433,,0.026137908920645714,0.12346041947603226
,6943,433,,0.017003657296299934,0.15316087007522583
6944,,434,0.00014451710740104318,,0.10639922320842743
6945,,434,0.00018925605399999768,,0.08175347745418549
6946,,434,0.00031349793425761163,,0.0830252468585968
6947,,434,0.00017703093180898577,,0.020774373784661293
6948,,434,4.80162343592383e-05,,0.10506267845630646
6949,,434,0.00012682554370258003,,0.041851434856653214
6950,,434,0.00020681394380517304,,0.08872145414352417
6951,,434,0.00018051780352834612,,0.1431635618209839
6952,,434,5.039356619818136e-05,,0.057458993047475815
6953,,434,0.00011473924678284675,,0.06013084203004837
6954,,434,0.00014295123401097953,,0.18001136183738708
6955,,434,0.0001893180306069553,,0.11369727551937103
6956,,434,8.05353483883664e-05,,0.058063115924596786
6957,,434,0.00013854751887265593,,0.07780987024307251
6958,,434,0.00013405963545665145,,0.02884596213698387
6959,,434,0.00013004211359657347,,0.2464151233434677
,6944,434,,0.01589204929769039,0.1219133660197258
,6945,434,,0.012842919677495956,0.12439587712287903
,6946,434,,0.014528406783938408,0.1428994983434677
,6947,434,,0.021214397624135017,0.17124098539352417
,6948,434,,0.011861078441143036,0.1560220569372177
,6949,434,,0.01595047488808632,0.1890346109867096
,6950,434,,0.01285412535071373,0.12482436746358871
,6951,434,,0.019342508167028427,0.10779555886983871
,6952,434,,0.020790398120880127,0.18533386290073395
,6953,434,,0.015454837121069431,0.16235724091529846
,6954,434,,0.02138972468674183,0.12569379806518555
,6955,434,,0.02075064554810524,0.19410550594329834
,6956,434,,0.01559360045939684,0.08896434307098389
,6957,434,,0.01442264299839735,0.12288494408130646
,6958,434,,0.014649743214249611,0.12265201658010483
,6959,434,,0.014342503622174263,0.1395338475704193
6960,,435,0.00014465823187492788,,0.029720384627580643
6961,,435,3.143325375276618e-05,,0.06314771622419357
6962,,435,0.00031264274730347097,,0.14227792620658875
6963,,435,0.0002834629558492452,,0.12179628014564514
6964,,435,0.0001304062025155872,,0.08856201171875
6965,,435,2.9463710234267637e-05,,0.02646559104323387
6966,,435,4.248939148965292e-05,,0.04785779118537903
6967,,435,0.0003056179848499596,,0.10790018737316132
6968,,435,0.0001358447625534609,,0.050093669444322586
6969,,435,0.00011901443940587342,,0.1111973375082016
6970,,435,0.00010609644232317805,,0.06458142399787903
6971,,435,0.0005708003300242126,,0.19115464389324188
6972,,435,0.0002444686251692474,,0.04561443626880646
6973,,435,0.00012622697977349162,,0.15417729318141937
6974,,435,0.00023011064331512898,,0.07159423828125
6975,,435,0.0002079714322462678,,0.06418158113956451
,6960,435,,0.01907539740204811,0.12778767943382263
,6961,435,,0.018460849300026894,0.18319514393806458
,6962,435,,0.01826556958258152,0.13906797766685486
,6963,435,,0.018879981711506844,0.1036812886595726
,6964,435,,0.016008976846933365,0.12238794565200806
,6965,435,,0.014873881824314594,0.13144731521606445
,6966,435,,0.02182018756866455,0.19614456593990326
,6967,435,,0.02259443700313568,0.10799485445022583
,6968,435,,0.01423647440969944,0.1385161578655243
,6969,435,,0.019529372453689575,0.1985834836959839
,6970,435,,0.008313748985528946,0.1472255140542984
,6971,435,,0.020574038848280907,0.11819395422935486
,6972,435,,0.022491389885544777,0.1618291139602661
,6973,435,,0.01998460292816162,0.15612544119358063
,6974,435,,0.022688839584589005,0.22228506207466125
,6975,435,,0.032100267708301544,0.14573824405670166
6976,,436,0.00010724659659899771,,0.07266422361135483
6977,,436,0.0004441283526830375,,0.04956428334116936
6978,,436,0.00021690470748580992,,0.11342200636863708
6979,,436,0.0005256267031654716,,0.17122229933738708
6980,,436,1.575613896420691e-05,,0.030517578125
6981,,436,0.00012290553422644734,,0.10829006880521774
6982,,436,0.0002276170125696808,,0.13090670108795166
6983,,436,0.0003481398453004658,,0.10138313472270966
6984,,436,3.090164318564348e-05,,0.09224404394626617
6985,,436,9.096414578380063e-05,,0.06848268955945969
6986,,436,0.00014688522787764668,,0.12566018104553223
6987,,436,0.00014212375390343368,,0.08377012610435486
6988,,436,0.0002517038374207914,,0.16189387440681458
6989,,436,7.487406401196495e-05,,0.02692522294819355
6990,,436,0.00031561238574795425,,0.10337238013744354
6991,,436,6.612697325181216e-05,,0.15543660521507263
,6976,436,,0.01993926614522934,0.1724853515625
,6977,436,,0.02339756116271019,0.13642850518226624
,6978,436,,0.015062197111546993,0.11304458230733871
,6979,436,,0.016725504770874977,0.11720867455005646
,6980,436,,0.01910654455423355,0.14467200636863708
,6981,436,,0.01137683354318142,0.11690475046634674
,6982,436,,0.013188102282583714,0.13748480379581451
,6983,436,,0.019167954102158546,0.1259242445230484
,6984,436,,0.01899009570479393,0.12886390089988708
,6985,436,,0.01701054535806179,0.16091233491897583
,6986,436,,0.018827661871910095,0.15286317467689514
,6987,436,,0.021161332726478577,0.13324597477912903
,6988,436,,0.016726914793252945,0.13630396127700806
,6989,436,,0.010438873432576656,0.13014064729213715
,6990,436,,0.017731355503201485,0.12590306997299194
,6991,436,,0.0176779143512249,0.1210850328207016
6992,,437,0.0005639608716592193,,0.14916867017745972
6993,,437,7.389574602711946e-05,,0.08188801258802414
6994,,437,9.981689072446898e-05,,0.047100454568862915
6995,,437,4.556209751171991e-05,,0.09859669208526611
6996,,437,4.356905265012756e-05,,0.059981364756822586
6997,,437,0.0005986314499750733,,0.1913016140460968
6998,,437,7.806424400769174e-05,,0.05048603564500809
6999,,437,3.6052784707862884e-05,,0.09413116425275803
7000,,437,0.00015661775250919163,,0.05928755924105644
7001,,437,0.00026540979160927236,,0.18599280714988708
7002,,437,5.062072159489617e-05,,0.043577853590250015
7003,,437,0.0001031998690450564,,0.09056371450424194
7004,,437,0.0001451581483706832,,0.06179996579885483
7005,,437,9.078079892788082e-05,,0.1661376953125
7006,,437,0.0005201600724831223,,0.18305689096450806
7007,,437,0.0005590070504695177,,0.15973272919654846
,6992,437,,0.016679752618074417,0.11214151978492737
,6993,437,,0.011748065240681171,0.12811902165412903
,6994,437,,0.017813093960285187,0.12912298738956451
,6995,437,,0.018590228632092476,0.17527055740356445
,6996,437,,0.014278021641075611,0.16928410530090332
,6997,437,,0.014399847015738487,0.12188097834587097
,6998,437,,0.018589358776807785,0.1677495241165161
,6999,437,,0.018004756420850754,0.1533290296792984
,7000,437,,0.01512167975306511,0.14031857252120972
,7001,437,,0.013859061524271965,0.15335145592689514
,7002,437,,0.01695849560201168,0.13470084965229034
,7003,437,,0.015198430977761745,0.15418975055217743
,7004,437,,0.015177571214735508,0.13684704899787903
,7005,437,,0.020500022917985916,0.18906448781490326
,7006,437,,0.017899084836244583,0.17398756742477417
,7007,437,,0.025888575240969658,0.1931687891483307
7008,,438,0.00021045136963948607,,0.13218097388744354
7009,,438,0.00012500262528192252,,0.10608533024787903
7010,,438,0.00018123061454389244,,0.047381967306137085
7011,,438,3.3534019166836515e-05,,0.03263388201594353
7012,,438,0.0004178519011475146,,0.0802873820066452
7013,,438,0.00011312877177260816,,0.13603241741657257
7014,,438,0.0003680388326756656,,0.10141302645206451
7015,,438,0.0017464157426729798,,0.005256497301161289
7016,,438,4.445206286618486e-05,,0.06499995291233063
7017,,438,0.00010751401714514941,,0.11074767261743546
7018,,438,0.00038034378667362034,,0.12493273615837097
7019,,438,0.00011552931391634047,,0.07744240015745163
7020,,438,0.00025100025231949985,,0.10477742552757263
7021,,438,9.081713506020606e-05,,0.02845732867717743
7022,,438,0.0001332168176304549,,0.10741192102432251
7023,,438,0.00014696241123601794,,0.0741141140460968
,7008,438,,0.018693985417485237,0.15337511897087097
,7009,438,,0.024854157119989395,0.1578543484210968
,7010,438,,0.01877128705382347,0.15556243062019348
,7011,438,,0.013183848932385445,0.11284154653549194
,7012,438,,0.013168705627322197,0.13862453401088715
,7013,438,,0.009715603664517403,0.14280232787132263
,7014,438,,0.019362028688192368,0.18969352543354034
,7015,438,,0.017281286418437958,0.11200698465108871
,7016,438,,0.014893954619765282,0.15182185173034668
,7017,438,,0.029048793017864227,0.1864798367023468
,7018,438,,0.02617095597088337,0.14999577403068542
,7019,438,,0.024562787264585495,0.15455719828605652
,7020,438,,0.019511137157678604,0.14662638306617737
,7021,438,,0.014979375526309013,0.17164331674575806
,7022,438,,0.018979663029313087,0.20059889554977417
,7023,438,,0.01805519312620163,0.09854809939861298
7024,,439,0.00010344685870222747,,0.07884123176336288
7025,,439,7.288318010978401e-05,,0.04453074932098389
7026,,439,0.0002742743818089366,,0.1666259765625
7027,,439,3.842994192382321e-05,,0.04774070158600807
7028,,439,7.56342415115796e-05,,0.09827780723571777
7029,,439,0.0002641873143147677,,0.12242531776428223
7030,,439,0.000338597921654582,,0.19484040141105652
7031,,439,0.00016895569569896907,,0.10571164637804031
7032,,439,0.00014537526294589043,,0.07083316892385483
7033,,439,0.00022844226623419672,,0.11730583012104034
7034,,439,0.0004832450649701059,,0.05922403186559677
7035,,439,0.0001457559847040102,,0.057561133056879044
7036,,439,0.00043712498154491186,,0.21916601061820984
7037,,439,0.00021595164434984326,,0.0962088406085968
7038,,439,0.00029035445186309516,,0.09537304192781448
7039,,439,0.00038529757875949144,,0.14603844285011292
,7024,439,,0.023797808215022087,0.15560850501060486
,7025,439,,0.020081207156181335,0.14490120112895966
,7026,439,,0.012898028828203678,0.1254795640707016
,7027,439,,0.028622284531593323,0.17391905188560486
,7028,439,,0.023746060207486153,0.20890092849731445
,7029,439,,0.0330054834485054,0.11974599212408066
,7030,439,,0.0241386778652668,0.18977200984954834
,7031,439,,0.03259328752756119,0.1953909695148468
,7032,439,,0.019848410040140152,0.14893949031829834
,7033,439,,0.021517764776945114,0.13811632990837097
,7034,439,,0.016671909019351006,0.13672621548175812
,7035,439,,0.024375982582569122,0.14535833895206451
,7036,439,,0.02146925963461399,0.1455950140953064
,7037,439,,0.02557954378426075,0.17551469802856445
,7038,439,,0.02497478388249874,0.13098642230033875
,7039,439,,0.021160515025258064,0.1476789116859436
7040,,440,3.257124626543373e-05,,0.025709502398967743
7041,,440,6.542377377627417e-05,,0.04509127885103226
7042,,440,0.0002114186208928004,,0.05943828076124191
7043,,440,0.0004505569231696427,,0.1937704235315323
7044,,440,0.00010619772365316749,,0.08856574445962906
7045,,440,2.0026551283081062e-05,,0.018375318497419357
7046,,440,0.0005591652006842196,,0.13811010122299194
7047,,440,0.0005766611429862678,,0.0322265625
7048,,440,0.0003034292603842914,,0.12714743614196777
7049,,440,0.00030942499870434403,,0.15216436982154846
7050,,440,0.00013585868873633444,,0.055168308317661285
7051,,440,0.00013568223221227527,,0.08288449794054031
7052,,440,7.339799049077556e-05,,0.05471241474151611
7053,,440,9.14447009563446e-05,,0.030391771346330643
7054,,440,1.2729333320748992e-05,,0.07836664468050003
7055,,440,0.00018411104974802583,,0.04164715111255646
,7040,440,,0.01870061457157135,0.0981619656085968
,7041,440,,0.013029037043452263,0.14951372146606445
,7042,440,,0.020415840670466423,0.13225695490837097
,7043,440,,0.018354371190071106,0.13008460402488708
,7044,440,,0.016130242496728897,0.11438984423875809
,7045,440,,0.018817802891135216,0.12254863232374191
,7046,440,,0.01601722463965416,0.11165696382522583
,7047,440,,0.021039340645074844,0.13683833181858063
,7048,440,,0.014310513623058796,0.17576879262924194
,7049,440,,0.021563999354839325,0.12941819429397583
,7050,440,,0.0216662660241127,0.14851224422454834
,7051,440,,0.01268024742603302,0.15484991669654846
,7052,440,,0.019114192575216293,0.18599280714988708
,7053,440,,0.018758486956357956,0.19469591975212097
,7054,440,,0.021558504551649094,0.1467546820640564
,7055,440,,0.013175723142921925,0.14547418057918549
7056,,441,0.0006857814150862396,,0.0817173570394516
7057,,441,5.801858060294762e-05,,0.04604915529489517
7058,,441,8.768172119744122e-05,,0.07114456593990326
7059,,441,0.00010385519271949306,,0.07961101830005646
7060,,441,0.00023287121439352632,,0.0415998175740242
7061,,441,4.132936373935081e-05,,0.04794996976852417
7062,,441,5.818561839987524e-05,,0.03256785869598389
7063,,441,0.00014665216440334916,,0.027804628014564514
7064,,441,0.00023633093223907053,,0.10577765852212906
7065,,441,0.00039567684871144593,,0.08988983929157257
7066,,441,0.00017866477719508111,,0.11522939056158066
7067,,441,0.00018109202210325748,,0.09925562143325806
7068,,441,5.9997000789735466e-05,,0.07437196373939514
7069,,441,9.950763342203572e-05,,0.0712629035115242
7070,,441,0.0005235933349467814,,0.07101128995418549
7071,,441,7.495096360798925e-05,,0.06219731271266937
,7056,441,,0.022402305155992508,0.16528570652008057
,7057,441,,0.01974354311823845,0.1856764256954193
,7058,441,,0.021286815404891968,0.16589105129241943
,7059,441,,0.02332078292965889,0.1718040108680725
,7060,441,,0.0194090586155653,0.15670090913772583
,7061,441,,0.0249117910861969,0.18388646841049194
,7062,441,,0.016964344307780266,0.15892434120178223
,7063,441,,0.02043982595205307,0.11286646127700806
,7064,441,,0.013268288224935532,0.1388475000858307
,7065,441,,0.013370562344789505,0.13561886548995972
,7066,441,,0.0141787463799119,0.18292111158370972
,7067,441,,0.017686814069747925,0.12808912992477417
,7068,441,,0.01638132892549038,0.12227833271026611
,7069,441,,0.018735874444246292,0.1630087047815323
,7070,441,,0.015956763178110123,0.13497613370418549
,7071,441,,0.014370548538863659,0.13330452144145966
7072,,442,2.4942446543718688e-05,,0.004328513517975807
7073,,442,0.00048263109056279063,,0.29026079177856445
7074,,442,6.809155456721783e-05,,0.15061981976032257
7075,,442,0.00019225370488129556,,0.03696238994598389
7076,,442,0.00037407921627163887,,0.21773481369018555
7077,,442,0.0011447328142821789,,0.12026417255401611
7078,,442,8.516962407156825e-05,,0.13427609205245972
7079,,442,0.00011406887642806396,,0.055287886410951614
7080,,442,0.00011297202581772581,,0.11450444161891937
7081,,442,2.2114241801318713e-05,,0.02740727737545967
7082,,442,0.0002504183794371784,,0.04342464357614517
7083,,442,0.00019944054656662047,,0.0754481703042984
7084,,442,7.427746459143236e-05,,0.10127973556518555
7085,,442,0.000142400007462129,,0.09474275261163712
7086,,442,0.0003243743267375976,,0.07817482203245163
7087,,442,8.956145029515028e-05,,0.03110426291823387
,7072,442,,0.019099712371826172,0.15234997868537903
,7073,442,,0.014169294387102127,0.08327063918113708
,7074,442,,0.019900433719158173,0.13884377479553223
,7075,442,,0.018852565437555313,0.14430207014083862
,7076,442,,0.027055686339735985,0.14125777781009674
,7077,442,,0.01357901468873024,0.08873265981674194
,7078,442,,0.01088897604495287,0.13878896832466125
,7079,442,,0.017695661634206772,0.22846579551696777
,7080,442,,0.018021421507000923,0.13139499723911285
,7081,442,,0.016701463609933853,0.10481107234954834
,7082,442,,0.013029268011450768,0.1243460476398468
,7083,442,,0.024505306035280228,0.15505045652389526
,7084,442,,0.021649910137057304,0.11395388096570969
,7085,442,,0.018384192138910294,0.11245416104793549
,7086,442,,0.0171353779733181,0.13716718554496765
,7087,442,,0.024287521839141846,0.16406375169754028
7088,,443,0.0002445073623675853,,0.13031503558158875
7089,,443,0.0001810571557143703,,0.03813326731324196
7090,,443,0.00029536173678934574,,0.10310083627700806
7091,,443,0.0009148541721515357,,0.24556437134742737
7092,,443,0.0003721081302501261,,0.1167428195476532
7093,,443,0.0004741102457046509,,0.07493497431278229
7094,,443,0.0001935308100655675,,0.07567985355854034
7095,,443,0.00018312553584109992,,0.07088299095630646
7096,,443,0.00013048296386841685,,0.10357417166233063
7097,,443,0.00016401024186052382,,0.03483612835407257
7098,,443,0.00039484581793658435,,0.0991734117269516
7099,,443,7.796820136718452e-05,,0.01963339000940323
7100,,443,9.626858809497207e-05,,0.16446980834007263
7101,,443,7.123467366909608e-05,,0.035564810037612915
7102,,443,1.3913573639001697e-05,,0.10721385478973389
7103,,443,0.0002816620981320739,,0.22961674630641937
,7088,443,,0.02288232184946537,0.15419597923755646
,7089,443,,0.022690661251544952,0.11127331852912903
,7090,443,,0.022229857742786407,0.13277262449264526
,7091,443,,0.023536743596196175,0.1666508913040161
,7092,443,,0.025650544092059135,0.1808110475540161
,7093,443,,0.02031926065683365,0.1447492241859436
,7094,443,,0.02765318565070629,0.17357029020786285
,7095,443,,0.02271207794547081,0.16715660691261292
,7096,443,,0.028128251433372498,0.19024160504341125
,7097,443,,0.02106679417192936,0.10195113718509674
,7098,443,,0.02638891711831093,0.13680844008922577
,7099,443,,0.016317233443260193,0.1374872922897339
,7100,443,,0.026794657111167908,0.13413909077644348
,7101,443,,0.03224740922451019,0.18587945401668549
,7102,443,,0.026397639885544777,0.15360555052757263
,7103,443,,0.020320318639278412,0.12682607769966125
7104,,444,0.0004115652700420469,,0.1587437242269516
7105,,444,7.304664177354425e-05,,0.08545420318841934
7106,,444,0.00015772880578879267,,0.02484380081295967
7107,,444,0.00010936284525087103,,0.05456294119358063
7108,,444,0.00011373945017112419,,0.11374462395906448
7109,,444,0.00014827786071691662,,0.09247324615716934
7110,,444,0.00011883595288963988,,0.08623146265745163
7111,,444,0.0003635775065049529,,0.13614203035831451
7112,,444,0.00033964018803089857,,0.06991764158010483
7113,,444,0.0001742933818604797,,0.09757279604673386
7114,,444,0.0002748595434240997,,0.11242177337408066
7115,,444,2.0555009541567415e-05,,0.010429538786411285
7116,,444,0.0001475371973356232,,0.10425054281949997
7117,,444,0.00021827532327733934,,0.026734642684459686
7118,,444,6.245622353162616e-05,,0.10268853604793549
7119,,444,9.839270933298394e-05,,0.07957115769386292
,7104,444,,0.02375779300928116,0.1324998438358307
,7105,444,,0.01842024177312851,0.13283242285251617
,7106,444,,0.011344755068421364,0.12364725768566132
,7107,444,,0.022078299894928932,0.1642543226480484
,7108,444,,0.0223226398229599,0.12238545715808868
,7109,444,,0.01499941386282444,0.16801108419895172
,7110,444,,0.016819901764392853,0.1424473226070404
,7111,444,,0.01864258013665676,0.1828700602054596
,7112,444,,0.012534145265817642,0.10793881118297577
,7113,444,,0.01693052053451538,0.12848149240016937
,7114,444,,0.019894607365131378,0.12748998403549194
,7115,444,,0.03094395250082016,0.19083824753761292
,7116,444,,0.018370185047388077,0.1640463024377823
,7117,444,,0.016922786831855774,0.15835383534431458
,7118,444,,0.014440847560763359,0.09358184039592743
,7119,444,,0.01904512569308281,0.14813855290412903
7120,,445,0.0002908768074121326,,0.15559853613376617
7121,,445,0.00022500971681438386,,0.24364736676216125
7122,,445,9.669356950325891e-05,,0.013499979861080647
7123,,445,7.711347279837355e-05,,0.018407704308629036
7124,,445,0.00029630272183567286,,0.06522291898727417
7125,,445,0.0001315567351412028,,0.1377476304769516
7126,,445,0.00011115607048850507,,0.06925621628761292
7127,,445,0.0001270044595003128,,0.0823800191283226
7128,,445,1.4445172382693272e-05,,0.09745071828365326
7129,,445,0.00017795035091694444,,0.22866633534431458
7130,,445,0.0004910138668492436,,0.2172863930463791
7131,,445,0.00019502651412039995,,0.1413412243127823
7132,,445,1.4693692719447426e-05,,0.028544524684548378
7133,,445,0.0002420352684566751,,0.07010573148727417
7134,,445,9.312676411354914e-05,,0.043034765869379044
7135,,445,0.0002794173778966069,,0.17291259765625
,7120,445,,0.020121749490499496,0.16057851910591125
,7121,445,,0.017052296549081802,0.1718824803829193
,7122,445,,0.012175722979009151,0.18589189648628235
,7123,445,,0.015368834137916565,0.1472529172897339
,7124,445,,0.019087407737970352,0.11608140170574188
,7125,445,,0.012808558531105518,0.13236407935619354
,7126,445,,0.01782621443271637,0.17279550433158875
,7127,445,,0.024899698793888092,0.1945551633834839
,7128,445,,0.02200940065085888,0.19567373394966125
,7129,445,,0.018573163077235222,0.1364671289920807
,7130,445,,0.01239599660038948,0.08934924006462097
,7131,445,,0.01543635968118906,0.1873430609703064
,7132,445,,0.018162811174988747,0.17825005948543549
,7133,445,,0.012525081634521484,0.10744678974151611
,7134,445,,0.02141246572136879,0.1808733195066452
,7135,445,,0.02686682716012001,0.14508554339408875
7136,,446,0.00011908923625014722,,0.14183324575424194
7137,,446,9.906735795084387e-05,,0.03786546364426613
7138,,446,0.00017253024270758033,,0.1410784125328064
7139,,446,0.00012065857299603522,,0.05392269417643547
7140,,446,0.00011493360216263682,,0.18871447443962097
7141,,446,0.00010653248318703845,,0.12766437232494354
7142,,446,5.9121171943843365e-05,,0.15895548462867737
7143,,446,4.1112078179139644e-05,,0.13693299889564514
7144,,446,6.142880010884255e-05,,0.02772117406129837
7145,,446,0.0001199724938487634,,0.10342095792293549
7146,,446,0.00010353238030802459,,0.12146121263504028
7147,,446,0.00015566148795187473,,0.10743557661771774
7148,,446,4.8331974539905787e-05,,0.039412517100572586
7149,,446,0.00022974429884925485,,0.01825574040412903
7150,,446,2.3386792236124165e-05,,0.0725882351398468
7151,,446,6.71359448460862e-05,,0.14476916193962097
,7136,446,,0.025479063391685486,0.13847506046295166
,7137,446,,0.017540723085403442,0.12634152173995972
,7138,446,,0.01263527199625969,0.18074627220630646
,7139,446,,0.01445662509649992,0.1475294530391693
,7140,446,,0.015918700024485588,0.15463069081306458
,7141,446,,0.01334088109433651,0.12346664816141129
,7142,446,,0.020170386880636215,0.16255903244018555
,7143,446,,0.017790520563721657,0.16685889661312103
,7144,446,,0.020343879237771034,0.19952766597270966
,7145,446,,0.015050775371491909,0.12926872074604034
,7146,446,,0.0217491053044796,0.2237449288368225
,7147,446,,0.018781760707497597,0.13607850670814514
,7148,446,,0.013126238249242306,0.095406673848629
,7149,446,,0.021262943744659424,0.16335996985435486
,7150,446,,0.012913736514747143,0.14683189988136292
,7151,446,,0.016045333817601204,0.2039632946252823
7152,,447,0.00013501527428161353,,0.0486450232565403
7153,,447,1.0895974810409825e-05,,0.05584343150258064
7154,,447,0.00021563709015026689,,0.1305280476808548
7155,,447,2.5560699214111082e-05,,0.013405313715338707
7156,,447,0.00019919784972444177,,0.05818144977092743
7157,,447,6.33938325336203e-05,,0.046777840703725815
7158,,447,7.80474001658149e-05,,0.13123555481433868
7159,,447,0.00013393530389294028,,0.03842848166823387
7160,,447,9.992701234295964e-05,,0.04251783713698387
7161,,447,0.00024860596749931574,,0.1305716335773468
7162,,447,0.00011595567048061639,,0.1910313069820404
7163,,447,0.00016997834609355778,,0.08887092769145966
7164,,447,9.086023783311248e-05,,0.06818249821662903
7165,,447,0.00019665542640723288,,0.055909447371959686
7166,,447,0.00017731267143972218,,0.09311224520206451
7167,,447,0.00010918013867922127,,0.09492585808038712
,7152,447,,0.01764458417892456,0.1458827406167984
,7153,447,,0.0183120034635067,0.14420738816261292
,7154,447,,0.027458371594548225,0.15375378727912903
,7155,447,,0.0219844039529562,0.12500125169754028
,7156,447,,0.024023335427045822,0.16684269905090332
,7157,447,,0.013604194857180119,0.1656332165002823
,7158,447,,0.017056992277503014,0.19244259595870972
,7159,447,,0.017966777086257935,0.1643851101398468
,7160,447,,0.01194104552268982,0.16601188480854034
,7161,447,,0.01851712353527546,0.16280442476272583
,7162,447,,0.01720024272799492,0.13682587444782257
,7163,447,,0.013987671583890915,0.11543242633342743
,7164,447,,0.01796671375632286,0.20093023777008057
,7165,447,,0.02036641351878643,0.12414301931858063
,7166,447,,0.01611623913049698,0.1212071031332016
,7167,447,,0.023238234221935272,0.1585606038570404
7168,,448,9.216283797286451e-05,,0.1853301227092743
7169,,448,0.0005888464511372149,,0.1270315945148468
7170,,448,0.0004656743840314448,,0.19769036769866943
7171,,448,0.00015179140609689057,,0.035297006368637085
7172,,448,0.0001960798545042053,,0.19500857591629028
7173,,448,0.0002361031511100009,,0.06249377131462097
7174,,448,0.00015224676462821662,,0.11651985347270966
7175,,448,8.144912135321647e-05,,0.1965419352054596
7176,,448,0.0002272515557706356,,0.10292893648147583
7177,,448,0.00032218932756222785,,0.20891211926937103
7178,,448,3.223790554329753e-05,,0.051857464015483856
7179,,448,8.094617078313604e-05,,0.066231869161129
7180,,448,0.00030000272090546787,,0.07116823643445969
7181,,448,0.00011388536222511902,,0.05009616166353226
7182,,448,0.00048585518379695714,,0.2912248969078064
7183,,448,0.00013251591008156538,,0.15649786591529846
,7168,448,,0.032412365078926086,0.12504734098911285
,7169,448,,0.02148802950978279,0.12838807702064514
,7170,448,,0.030066296458244324,0.12364352494478226
,7171,448,,0.03916919231414795,0.1845267117023468
,7172,448,,0.02235935628414154,0.13012570142745972
,7173,448,,0.026797739788889885,0.10055604577064514
,7174,448,,0.021358687430620193,0.2046583592891693
,7175,448,,0.015302320942282677,0.14254947006702423
,7176,448,,0.028244029730558395,0.09728256613016129
,7177,448,,0.030235974118113518,0.1627296805381775
,7178,448,,0.018069427460432053,0.11696329712867737
,7179,448,,0.025896744802594185,0.19578087329864502
,7180,448,,0.031210819259285927,0.12948918342590332
,7181,448,,0.02532036229968071,0.1415841281414032
,7182,448,,0.02988526038825512,0.10779057443141937
,7183,448,,0.031885553151369095,0.19709497690200806
7184,,449,0.00011396622721804306,,0.03821174427866936
7185,,449,6.412185030058026e-05,,0.05240802466869354
7186,,449,0.00024021303397603333,,0.07370929419994354
7187,,449,0.0007037461036816239,,0.17806196212768555
7188,,449,0.000500561436638236,,0.07874032855033875
7189,,449,0.00024072849191725254,,0.065185546875
7190,,449,0.0001917699701152742,,0.08607079088687897
7191,,449,0.00047202984569594264,,0.27828794717788696
7192,,449,0.0008286776719614863,,0.20836156606674194
7193,,449,0.0002098773984471336,,0.11945950984954834
7194,,449,0.00010811120591824874,,0.030964752659201622
7195,,449,0.00013691313506569713,,0.15291547775268555
7196,,449,0.0002835943305399269,,0.17963767051696777
7197,,449,3.5303379263496026e-05,,0.043514326214790344
7198,,449,6.243286043172702e-05,,0.08811109513044357
7199,,449,0.0003330236650072038,,0.1812133640050888
,7184,449,,0.018459539860486984,0.15401411056518555
,7185,449,,0.02515600249171257,0.19202157855033875
,7186,449,,0.025597598403692245,0.1752493679523468
,7187,449,,0.027112428098917007,0.15168482065200806
,7188,449,,0.010908023454248905,0.13653564453125
,7189,449,,0.020653758198022842,0.15788798034191132
,7190,449,,0.023680895566940308,0.11813540756702423
,7191,449,,0.022752609103918076,0.1361432820558548
,7192,449,,0.02188274636864662,0.19508454203605652
,7193,449,,0.018691960722208023,0.1264125257730484
,7194,449,,0.009821862913668156,0.13221585750579834
,7195,449,,0.02703913301229477,0.15204979479312897
,7196,449,,0.01748981513082981,0.11404231190681458
,7197,449,,0.014527933672070503,0.09554244577884674
,7198,449,,0.016340846195816994,0.19882139563560486
,7199,449,,0.020248595625162125,0.15647171437740326
7200,,450,0.0001311135129071772,,0.0726318359375
7201,,450,0.00024308927822858095,,0.15411625802516937
7202,,450,0.00036809046287089586,,0.17215776443481445
7203,,450,0.00020079323439858854,,0.1721639782190323
7204,,450,6.063225009711459e-05,,0.08507180213928223
7205,,450,0.0004923739470541477,,0.19645099341869354
7206,,450,0.00015318529040087014,,0.14066486060619354
7207,,450,0.00010819970339071006,,0.0609828419983387
7208,,450,0.00023258689907379448,,0.0952584445476532
7209,,450,0.0001307365600951016,,0.04508006572723389
7210,,450,0.0004097702621947974,,0.1890420764684677
7211,,450,0.0005051761982031167,,0.06571492552757263
7212,,450,3.733787525561638e-05,,0.10142174363136292
7213,,450,5.8143516071140766e-05,,0.07481415569782257
7214,,450,5.130796125740744e-05,,0.12177883833646774
7215,,450,0.00045374088222160935,,0.29336610436439514
,7200,450,,0.016140645369887352,0.12256233394145966
,7201,450,,0.017211105674505234,0.16852553188800812
,7202,450,,0.021265942603349686,0.13171884417533875
,7203,450,,0.01977919042110443,0.11223866790533066
,7204,450,,0.018501078709959984,0.16901257634162903
,7205,450,,0.013585804961621761,0.1527174413204193
,7206,450,,0.01770724728703499,0.08752939105033875
,7207,450,,0.015948690474033356,0.17431142926216125
,7208,450,,0.021630462259054184,0.17277058959007263
,7209,450,,0.018837464973330498,0.1251058727502823
,7210,450,,0.02210661768913269,0.11650490015745163
,7211,450,,0.014628536067903042,0.16368383169174194
,7212,450,,0.021299375221133232,0.1518043875694275
,7213,450,,0.028101984411478043,0.16866877675056458
,7214,450,,0.02011841908097267,0.14606335759162903
,7215,450,,0.017855899408459663,0.15322564542293549
7216,,451,0.00027448119362816215,,0.13884003460407257
7217,,451,0.00015381918638013303,,0.03688516840338707
7218,,451,7.383279444184154e-05,,0.12705153226852417
7219,,451,6.722305988660082e-05,,0.13441437482833862
7220,,451,0.00022059958428144455,,0.10547995567321777
7221,,451,0.007946789264678955,,0.223048597574234
7222,,451,0.00012366246664896607,,0.13134391605854034
7223,,451,0.00020961122936569154,,0.07874905318021774
7224,,451,8.95624834811315e-05,,0.03639937564730644
7225,,451,0.00012326030991971493,,0.011480837129056454
7226,,451,3.5506353015080094e-05,,0.02632608264684677
7227,,451,0.00032042412203736603,,0.15728262066841125
7228,,451,6.837700493633747e-05,,0.10088612884283066
7229,,451,8.359920320799574e-05,,0.042734574526548386
7230,,451,0.00010935579484794289,,0.1033150777220726
7231,,451,0.00012184833758510649,,0.15553875267505646
,7216,451,,0.019609015434980392,0.15408013761043549
,7217,451,,0.02169984020292759,0.14777234196662903
,7218,451,,0.021375618875026703,0.14447271823883057
,7219,451,,0.015172358602285385,0.12660560011863708
,7220,451,,0.01603531278669834,0.1990705281496048
,7221,451,,0.020642293617129326,0.12044727802276611
,7222,451,,0.01647917367517948,0.1798182874917984
,7223,451,,0.014645364135503769,0.12778019905090332
,7224,451,,0.024354632943868637,0.17376708984375
,7225,451,,0.018206577748060226,0.1481248438358307
,7226,451,,0.020121730864048004,0.1746477335691452
,7227,451,,0.0188400037586689,0.105965755879879
,7228,451,,0.01638486608862877,0.1221574991941452
,7229,451,,0.009397923946380615,0.1253226101398468
,7230,451,,0.01691022329032421,0.1647700071334839
,7231,451,,0.01926051452755928,0.15369774401187897
7232,,452,2.329666676814668e-05,,0.09550631791353226
7233,,452,2.785969445540104e-05,,0.09523477405309677
7234,,452,8.087491733022034e-05,,0.10409358143806458
7235,,452,3.183063381584361e-05,,0.0058157783932983875
7236,,452,0.00016687996685504913,,0.051483772695064545
7237,,452,0.000162631316925399,,0.045341648161411285
7238,,452,0.0001440451160306111,,0.1070295050740242
7239,,452,0.00011760478082578629,,0.07255585491657257
7240,,452,1.7855609257821925e-05,,0.03346221148967743
7241,,452,7.761386223137379e-05,,0.053977496922016144
7242,,452,0.00012331418110989034,,0.08619533479213715
7243,,452,7.431225822074339e-05,,0.0328020378947258
7244,,452,0.00017562184075359255,,0.08702617138624191
7245,,452,0.00028139294590801,,0.09087761491537094
7246,,452,0.00030144621268846095,,0.15220922231674194
7247,,452,0.0001972802565433085,,0.03862902522087097
,7232,452,,0.024633802473545074,0.19701775908470154
,7233,452,,0.01729452610015869,0.1777169406414032
,7234,452,,0.014021271839737892,0.15508660674095154
,7235,452,,0.03006770834326744,0.20348995923995972
,7236,452,,0.024049460887908936,0.16805094480514526
,7237,452,,0.021856972947716713,0.18472974002361298
,7238,452,,0.021374767646193504,0.11658835411071777
,7239,452,,0.01467694342136383,0.1475294530391693
,7240,452,,0.014764541760087013,0.11446333676576614
,7241,452,,0.021176636219024658,0.1708124876022339
,7242,452,,0.01853601448237896,0.18884900212287903
,7243,452,,0.013535376638174057,0.16506023705005646
,7244,452,,0.019243208691477776,0.17911824584007263
,7245,452,,0.018306076526641846,0.14166009426116943
,7246,452,,0.017886938527226448,0.11925770342350006
,7247,452,,0.014978300780057907,0.1783708781003952
7248,,453,7.136500789783895e-05,,0.08360819518566132
7249,,453,0.00014625283074565232,,0.14239129424095154
7250,,453,0.0001668593322392553,,0.09518370032310486
7251,,453,8.451136818621308e-05,,0.10726740956306458
7252,,453,0.0003828416229225695,,0.19923493266105652
7253,,453,0.0001413830032106489,,0.2333199679851532
7254,,453,9.51019610511139e-05,,0.15406768023967743
7255,,453,0.0001280321303056553,,0.09207838773727417
7256,,453,0.00013324814790394157,,0.04043018817901611
7257,,453,4.774923945660703e-05,,0.05286267399787903
7258,,453,9.124826465267688e-05,,0.09034822881221771
7259,,453,9.102526746573858e-06,,0.17720624804496765
7260,,453,1.5408624676638283e-05,,0.08290691673755646
7261,,453,0.00034782514558173716,,0.07970568537712097
7262,,453,9.782769484445453e-05,,0.04566550999879837
7263,,453,6.178490730235353e-05,,0.026659905910491943
,7248,453,,0.024244293570518494,0.1818137764930725
,7249,453,,0.02527938410639763,0.13554538786411285
,7250,453,,0.014806238934397697,0.12655951082706451
,7251,453,,0.02059209533035755,0.12214131653308868
,7252,453,,0.019971473142504692,0.1480613350868225
,7253,453,,0.021984655410051346,0.14472432434558868
,7254,453,,0.01824713498353958,0.11666808277368546
,7255,453,,0.020235907286405563,0.11451689898967743
,7256,453,,0.015017533674836159,0.1295004040002823
,7257,453,,0.03296840563416481,0.19710244238376617
,7258,453,,0.019162800163030624,0.18238425254821777
,7259,453,,0.013364720158278942,0.16159245371818542
,7260,453,,0.016424335539340973,0.15028972923755646
,7261,453,,0.02243954874575138,0.1698683202266693
,7262,453,,0.012924106791615486,0.15631601214408875
,7263,453,,0.021642807871103287,0.15657760202884674
7264,,454,4.087878915015608e-05,,0.05320272594690323
7265,,454,0.00039569148793816566,,0.18605756759643555
7266,,454,0.00015850874478928745,,0.07137998938560486
7267,,454,0.0006022185552865267,,0.20366062223911285
7268,,454,0.00011467629519756883,,0.0407191663980484
7269,,454,0.00016331058577634394,,0.048927776515483856
7270,,454,6.642653897870332e-05,,0.11553456634283066
7271,,454,0.00018578700837679207,,0.1750313937664032
7272,,454,0.00017163749726023525,,0.1916254758834839
7273,,454,1.4966619346523657e-05,,0.16526202857494354
7274,,454,6.83651160215959e-05,,0.02912248857319355
7275,,454,0.00012083269393770024,,0.15601706504821777
7276,,454,0.00019808250362984836,,0.044644102454185486
7277,,454,2.8648501029238105e-05,,0.07526257634162903
7278,,454,9.636659524403512e-05,,0.08737991750240326
7279,,454,6.936148565728217e-05,,0.06355254352092743
,7264,454,,0.017168018966913223,0.14880745112895966
,7265,454,,0.021009718999266624,0.17627575993537903
,7266,454,,0.01763308420777321,0.13480548560619354
,7267,454,,0.02260487526655197,0.18870201706886292
,7268,454,,0.019690856337547302,0.1691819727420807
,7269,454,,0.018002387136220932,0.18619708716869354
,7270,454,,0.020554492250084877,0.1558053195476532
,7271,454,,0.016368810087442398,0.1604962944984436
,7272,454,,0.02008362114429474,0.13177864253520966
,7273,454,,0.01792900077998638,0.14647440612316132
,7274,454,,0.01552603766322136,0.16167590022087097
,7275,454,,0.013797985389828682,0.1304844468832016
,7276,454,,0.019108720123767853,0.1459275782108307
,7277,454,,0.015935957431793213,0.1577933132648468
,7278,454,,0.009441673755645752,0.11486691981554031
,7279,454,,0.012266488745808601,0.13972443342208862
7280,,455,5.5622727813897654e-05,,0.040118783712387085
7281,,455,9.711386519484222e-05,,0.13238276541233063
7282,,455,5.9563026297837496e-05,,0.014824070036411285
7283,,455,3.546093648765236e-05,,0.06364969909191132
7284,,455,7.552401802968234e-05,,0.018496142700314522
7285,,455,0.00020740751642733812,,0.27282091975212097
7286,,455,0.00013381274766288698,,0.0431082546710968
7287,,455,0.00034047296503558755,,0.13405686616897583
7288,,455,0.00021743924298789352,,0.20206871628761292
7289,,455,0.0001819856115616858,,0.15530207753181458
7290,,455,0.00012423699081409723,,0.08672598004341125
7291,,455,8.932083437684923e-05,,0.06414172053337097
7292,,455,0.0006276490166783333,,0.14514532685279846
7293,,455,0.00011489792086649686,,0.03188899904489517
7294,,455,0.00018633078434504569,,0.1579764187335968
7295,,455,0.00014795087918173522,,0.18553316593170166
,7280,455,,0.01599789410829544,0.10907231271266937
,7281,455,,0.02503497712314129,0.14150938391685486
,7282,455,,0.01771349273622036,0.13474568724632263
,7283,455,,0.02353612706065178,0.15913733839988708
,7284,455,,0.020075973123311996,0.18276292085647583
,7285,455,,0.023135919123888016,0.19215860962867737
,7286,455,,0.02260476164519787,0.18011973798274994
,7287,455,,0.01526838168501854,0.17079630494117737
,7288,455,,0.022854002192616463,0.11025814712047577
,7289,455,,0.02666599676012993,0.19358858466148376
,7290,455,,0.022420456632971764,0.14681944251060486
,7291,455,,0.027700571343302727,0.1365879625082016
,7292,455,,0.01589026488363743,0.1546618491411209
,7293,455,,0.022116361185908318,0.1511591672897339
,7294,455,,0.02169901132583618,0.13617566227912903
,7295,455,,0.023839935660362244,0.1170305535197258
7296,,456,0.00010421994375064969,,0.07366445660591125
7297,,456,0.0006076060817576945,,0.17747901380062103
7298,,456,0.00010950266005238518,,0.09908248484134674
7299,,456,0.0002635015407577157,,0.12938207387924194
7300,,456,3.032445238204673e-05,,0.036741919815540314
7301,,456,0.00015686306869611144,,0.08116553723812103
7302,,456,0.0002173825923819095,,0.03572674095630646
7303,,456,0.0003158383769914508,,0.15157023072242737
7304,,456,0.00017197933630086482,,0.08195775747299194
7305,,456,0.00018259580247104168,,0.0499093197286129
7306,,456,6.351860793074593e-05,,0.04823147505521774
7307,,456,9.873884118860587e-05,,0.029213421046733856
7308,,456,4.475714740692638e-05,,0.07448282092809677
7309,,456,0.00019469605467747897,,0.23501524329185486
7310,,456,8.941247506299987e-05,,0.07280497252941132
7311,,456,0.0001819423632696271,,0.12547831237316132
,7296,456,,0.020139653235673904,0.11799091845750809
,7297,456,,0.020158518105745316,0.18820253014564514
,7298,456,,0.023584458976984024,0.14891332387924194
,7299,456,,0.019043084233999252,0.13732287287712097
,7300,456,,0.013582155108451843,0.19542336463928223
,7301,456,,0.017586732283234596,0.17533531785011292
,7302,456,,0.01751827448606491,0.14944148063659668
,7303,456,,0.016124678775668144,0.14884606003761292
,7304,456,,0.01695951819419861,0.15369275212287903
,7305,456,,0.019040726125240326,0.13958865404129028
,7306,456,,0.018409116193652153,0.10815305262804031
,7307,456,,0.020388945937156677,0.17328006029129028
,7308,456,,0.016365330666303635,0.09880346059799194
,7309,456,,0.017244912683963776,0.13007089495658875
,7310,456,,0.019013382494449615,0.1120256781578064
,7311,456,,0.019942965358495712,0.19046083092689514
7312,,457,0.00010286478936905041,,0.03970274701714516
7313,,457,0.0001756260171532631,,0.07075843214988708
7314,,457,0.0006478414870798588,,0.10093097388744354
7315,,457,0.0002378530043642968,,0.18128687143325806
7316,,457,5.534465526579879e-05,,0.06445436924695969
7317,,457,8.034865459194407e-05,,0.12080352008342743
7318,,457,0.00019705496379174292,,0.1496245563030243
7319,,457,0.000262982037384063,,0.09990707039833069
7320,,457,0.0001708008348941803,,0.13423001766204834
7321,,457,4.424149665283039e-05,,0.020973673090338707
7322,,457,3.2657877454767004e-05,,0.05212153494358063
7323,,457,8.875184721546248e-05,,0.09037438035011292
7324,,457,5.97786383877974e-05,,0.08662383258342743
7325,,457,4.028017428936437e-05,,0.10240703076124191
7326,,457,0.0003132843121420592,,0.10840965062379837
7327,,457,0.0002700664335861802,,0.11567407846450806
,7312,457,,0.016151007264852524,0.14275625348091125
,7313,457,,0.0138773825019598,0.09796018153429031
,7314,457,,0.0237630233168602,0.1779187172651291
,7315,457,,0.01737941801548004,0.13624167442321777
,7316,457,,0.013710493221879005,0.08600974082946777
,7317,457,,0.011725585907697678,0.14844372868537903
,7318,457,,0.01923333667218685,0.11253637820482254
,7319,457,,0.0171080119907856,0.15171471238136292
,7320,457,,0.017353687435388565,0.16745057702064514
,7321,457,,0.017310190945863724,0.12908686697483063
,7322,457,,0.022473078221082687,0.14166384935379028
,7323,457,,0.01324537768959999,0.1549782156944275
,7324,457,,0.023664452135562897,0.1827143430709839
,7325,457,,0.01942610740661621,0.1409563422203064
,7326,457,,0.012778724543750286,0.14238132536411285
,7327,457,,0.01749340072274208,0.12431242316961288
7328,,458,7.193520286818966e-05,,0.06298329681158066
7329,,458,0.00024568213848397136,,0.07993239164352417
7330,,458,6.867123738629743e-05,,0.07528126239776611
7331,,458,4.595348218572326e-05,,0.0343802347779274
7332,,458,0.00020209178910590708,,0.11487065255641937
7333,,458,9.649024286773056e-05,,0.08317098766565323
7334,,458,0.00012635038001462817,,0.13127665221691132
7335,,458,9.707472781883553e-05,,0.05911441519856453
7336,,458,0.00019947384134866297,,0.16465291380882263
7337,,458,4.39504801761359e-05,,0.15487609803676605
7338,,458,0.0002521096612326801,,0.14864926040172577
7339,,458,0.00011016835924237967,,0.0461861714720726
7340,,458,0.0001256184041267261,,0.07832429558038712
7341,,458,0.0001586795988259837,,0.13538843393325806
7342,,458,7.593173359055072e-05,,0.04290771484375
7343,,458,5.73222350794822e-05,,0.07119066268205643
,7328,458,,0.0200208593159914,0.18964369595050812
,7329,458,,0.01341012679040432,0.07821094989776611
,7330,458,,0.015071533620357513,0.08999695628881454
,7331,458,,0.018896235153079033,0.18717864155769348
,7332,458,,0.018515639007091522,0.12487419694662094
,7333,458,,0.01396297849714756,0.17172428965568542
,7334,458,,0.021651113405823708,0.11021454632282257
,7335,458,,0.01704125851392746,0.17403489351272583
,7336,458,,0.015629542991518974,0.13132523000240326
,7337,458,,0.018213044852018356,0.17469507455825806
,7338,458,,0.01940995827317238,0.14772874116897583
,7339,458,,0.01613248512148857,0.13626784086227417
,7340,458,,0.02333606407046318,0.1640089452266693
,7341,458,,0.019971508532762527,0.105791375041008
,7342,458,,0.022207170724868774,0.1689104437828064
,7343,458,,0.021692458540201187,0.20185571908950806
7344,,459,5.9531528677325696e-05,,0.022529445588588715
7345,,459,0.00012809160398319364,,0.09131605923175812
7346,,459,0.0002218596200691536,,0.11094322800636292
7347,,459,0.00029182908474467695,,0.11915682256221771
7348,,459,9.710830636322498e-05,,0.20287463068962097
7349,,459,4.830187390325591e-05,,0.05549217015504837
7350,,459,5.4944939620327204e-05,,0.10265491157770157
7351,,459,3.9047128666425124e-05,,0.20861691236495972
7352,,459,0.00014822068624198437,,0.1656581312417984
7353,,459,0.00016002426855266094,,0.10606540739536285
7354,,459,5.990265708533116e-05,,0.035959672182798386
7355,,459,4.352764517534524e-05,,0.047580018639564514
7356,,459,0.00010299829591531307,,0.025487784296274185
7357,,459,0.00011191966768819839,,0.08990976959466934
7358,,459,0.00018545438069850206,,0.09056122601032257
7359,,459,6.254998879740015e-05,,0.07136379927396774
,7344,459,,0.017246156930923462,0.12340810149908066
,7345,459,,0.01953054405748844,0.15252560377120972
,7346,459,,0.019745618104934692,0.16789774596691132
,7347,459,,0.01781865954399109,0.1485346555709839
,7348,459,,0.014865774661302567,0.17776677012443542
,7349,459,,0.012560025788843632,0.13060526549816132
,7350,459,,0.020214272662997246,0.1544637829065323
,7351,459,,0.025622617453336716,0.17620974779129028
,7352,459,,0.01689014956355095,0.17863495647907257
,7353,459,,0.020014602690935135,0.2195783257484436
,7354,459,,0.013258887454867363,0.13199537992477417
,7355,459,,0.02623061276972294,0.17678022384643555
,7356,459,,0.014786566607654095,0.17959532141685486
,7357,459,,0.014879001304507256,0.19414785504341125
,7358,459,,0.026922158896923065,0.2557460069656372
,7359,459,,0.01599941775202751,0.18251878023147583
7360,,460,0.00015345348219852895,,0.0516008660197258
7361,,460,7.611772889504209e-05,,0.03668835759162903
7362,,460,0.0007394367130473256,,0.2108066976070404
7363,,460,0.00011335431190673262,,0.07323595881462097
7364,,460,4.1854724258882925e-05,,0.07204017043113708
7365,,460,0.00019635293574538082,,0.15729880332946777
7366,,460,0.00012116259313188493,,0.1011265367269516
7367,,460,0.00013044601655565202,,0.04663708806037903
7368,,460,0.0004248067853040993,,0.13561014831066132
7369,,460,0.00014658342115581036,,0.10475625097751617
7370,,460,0.0002134055393980816,,0.17144900560379028
7371,,460,9.832191426539794e-05,,0.04527562856674194
7372,,460,3.71304304280784e-05,,0.07618433237075806
7373,,460,0.00019623516709543765,,0.2846866548061371
7374,,460,3.345285222167149e-05,,0.029877331107854843
7375,,460,7.284351158887148e-05,,0.11464395374059677
,7360,460,,0.017967674881219864,0.1612623631954193
,7361,460,,0.02049916796386242,0.18150858581066132
,7362,460,,0.019317444413900375,0.16010144352912903
,7363,460,,0.01230427622795105,0.12801313400268555
,7364,460,,0.013229195959866047,0.13427236676216125
,7365,460,,0.015387696214020252,0.20863062143325806
,7366,460,,0.014808863401412964,0.1629813015460968
,7367,460,,0.016223859041929245,0.14646194875240326
,7368,460,,0.021353650838136673,0.18282146751880646
,7369,460,,0.01684078387916088,0.14835777878761292
,7370,460,,0.021000759676098824,0.18687096238136292
,7371,460,,0.013145042583346367,0.1054338738322258
,7372,460,,0.019154131412506104,0.18991026282310486
,7373,460,,0.015396986156702042,0.12042734026908875
,7374,460,,0.02087593637406826,0.16849812865257263
,7375,460,,0.018571719527244568,0.15713313221931458
7376,,461,0.00011625551269389689,,0.10144167393445969
7377,,461,0.0001678956759860739,,0.07865563035011292
7378,,461,9.328054147772491e-05,,0.04774070531129837
7379,,461,3.1816856790101156e-05,,0.07606600224971771
7380,,461,5.9492725995369256e-05,,0.09740463644266129
7381,,461,9.752729965839535e-05,,0.0544607974588871
7382,,461,0.00025460199685767293,,0.0712541863322258
7383,,461,0.00011393005843274295,,0.0970982164144516
7384,,461,4.641593113774434e-05,,0.1501564383506775
7385,,461,0.00023451402375940233,,0.20322713255882263
7386,,461,8.218600123655051e-05,,0.1507132351398468
7387,,461,0.00011897656077053398,,0.20678088068962097
7388,,461,4.9521797336637974e-05,,0.059266380965709686
7389,,461,6.790407496737316e-05,,0.17721869051456451
7390,,461,0.00014474349154625088,,0.0774710550904274
7391,,461,7.230023766169325e-05,,0.09287184476852417
,7376,461,,0.015082895755767822,0.16164475679397583
,7377,461,,0.016629373654723167,0.17860382795333862
,7378,461,,0.014381792396306992,0.14918237924575806
,7379,461,,0.023365626111626625,0.23631691932678223
,7380,461,,0.012778657488524914,0.15264518558979034
,7381,461,,0.015407166443765163,0.1478520631790161
,7382,461,,0.02257543057203293,0.17812299728393555
,7383,461,,0.026145469397306442,0.17907589673995972
,7384,461,,0.012895188294351101,0.17333610355854034
,7385,461,,0.01456117257475853,0.12008480727672577
,7386,461,,0.02087048441171646,0.13424372673034668
,7387,461,,0.013666659593582153,0.11470872163772583
,7388,461,,0.013450144790112972,0.15037444233894348
,7389,461,,0.02237863279879093,0.13573968410491943
,7390,461,,0.02471790462732315,0.21215945482254028
,7391,461,,0.017253484576940536,0.14949378371238708
7392,,462,0.00017076104995794594,,0.14798285067081451
7393,,462,0.0003182282962370664,,0.11967997252941132
7394,,462,0.00021898777049500495,,0.037363480776548386
7395,,462,5.154090467840433e-05,,0.09011653810739517
7396,,462,0.0002311330463271588,,0.06956762820482254
7397,,462,0.00012248550774529576,,0.07768529653549194
7398,,462,0.00012286228593438864,,0.09865273535251617
7399,,462,0.00016934110317379236,,0.14932438731193542
7400,,462,0.0002557670813985169,,0.07263308018445969
7401,,462,0.0002930173941422254,,0.1339634507894516
7402,,462,6.732105975970626e-05,,0.045027755200862885
7403,,462,5.385307304095477e-05,,0.20846620202064514
7404,,462,0.0002794064930640161,,0.15190032124519348
7405,,462,2.8273407224332914e-05,,0.03340616077184677
7406,,462,4.1204217268386856e-05,,0.12757842242717743
7407,,462,0.0001174725839518942,,0.07185083627700806
,7392,462,,0.018831022083759308,0.16729362308979034
,7393,462,,0.017601074650883675,0.15885332226753235
,7394,462,,0.01909693144261837,0.1650116741657257
,7395,462,,0.016591418534517288,0.15837626159191132
,7396,462,,0.01102416217327118,0.16259890794754028
,7397,462,,0.018922194838523865,0.14749456942081451
,7398,462,,0.017121292650699615,0.1400594860315323
,7399,462,,0.017413996160030365,0.17391905188560486
,7400,462,,0.016565946862101555,0.13644471764564514
,7401,462,,0.024654584005475044,0.13523894548416138
,7402,462,,0.021754227578639984,0.1919119656085968
,7403,462,,0.0194538664072752,0.1351829171180725
,7404,462,,0.01904262974858284,0.18862976133823395
,7405,462,,0.018081992864608765,0.12025918811559677
,7406,462,,0.021158523857593536,0.1375371217727661
,7407,462,,0.022604547441005707,0.17925027012825012
7408,,463,0.00017028008005581796,,0.08426837623119354
7409,,463,0.000166143145179376,,0.11692342907190323
7410,,463,0.00011241676838835701,,0.14194536209106445
7411,,463,0.0001712336525088176,,0.029768964275717735
7412,,463,3.616898175096139e-05,,0.009981116279959679
7413,,463,0.00010838343587238342,,0.07576953619718552
7414,,463,0.00015212305879686028,,0.14532098174095154
7415,,463,3.647567791631445e-05,,0.05289381369948387
7416,,463,0.00023181097640190274,,0.14733512699604034
7417,,463,0.00017813232261687517,,0.05871208757162094
7418,,463,8.051478653214872e-05,,0.05603650212287903
7419,,463,0.00045777022023685277,,0.14225676655769348
7420,,463,0.0002076714881695807,,0.150634765625
7421,,463,7.245791493915021e-05,,0.18117228150367737
7422,,463,0.0002928846515715122,,0.1188180148601532
7423,,463,4.215494845993817e-05,,0.05391646549105644
,7408,463,,0.026257310062646866,0.20353105664253235
,7409,463,,0.02421892248094082,0.2080252468585968
,7410,463,,0.029686925932765007,0.15048404037952423
,7411,463,,0.03323998302221298,0.18664801120758057
,7412,463,,0.02097361907362938,0.12616339325904846
,7413,463,,0.0211891271173954,0.16828013956546783
,7414,463,,0.01664501614868641,0.10636933147907257
,7415,463,,0.021034279838204384,0.13385383784770966
,7416,463,,0.02719111740589142,0.1545933336019516
,7417,463,,0.0280681774020195,0.19211125373840332
,7418,463,,0.0257938914000988,0.1608102023601532
,7419,463,,0.026150310412049294,0.13756951689720154
,7420,463,,0.02085820399224758,0.15732496976852417
,7421,463,,0.030337464064359665,0.17291010916233063
,7422,463,,0.0336165651679039,0.1615438610315323
,7423,463,,0.01740599237382412,0.1652670055627823
7424,,464,0.00017855496844276786,,0.01652059704065323
7425,,464,0.000243594593484886,,0.24539995193481445
7426,,464,7.499714411096647e-05,,0.043275173753499985
7427,,464,5.417872671387158e-05,,0.10937748849391937
7428,,464,0.00015058829740155488,,0.20515161752700806
7429,,464,4.088481728103943e-05,,0.08795166015625
7430,,464,9.291812602896243e-05,,0.07110844552516937
7431,,464,0.00027491780929267406,,0.18105894327163696
7432,,464,0.00021694944007322192,,0.09779824316501617
7433,,464,5.077446621726267e-05,,0.07642722874879837
7434,,464,5.834648618474603e-05,,0.03378233686089516
7435,,464,0.00020213297102600336,,0.11844681948423386
7436,,464,0.00012581302144099027,,0.06978560239076614
7437,,464,0.00024147714430000633,,0.11202815175056458
7438,,464,3.134910002700053e-05,,0.02132493630051613
7439,,464,5.269084431347437e-05,,0.05801204964518547
,7424,464,,0.01304351445287466,0.1264561265707016
,7425,464,,0.018594741821289062,0.19982412457466125
,7426,464,,0.013180349953472614,0.12984171509742737
,7427,464,,0.01997959241271019,0.17695710062980652
,7428,464,,0.013006516732275486,0.11147262156009674
,7429,464,,0.018040789291262627,0.17426657676696777
,7430,464,,0.021034790202975273,0.11447080969810486
,7431,464,,0.020643120631575584,0.15514762699604034
,7432,464,,0.015517120249569416,0.10867621004581451
,7433,464,,0.03269876539707184,0.1703752726316452
,7434,464,,0.01575624570250511,0.1358717381954193
,7435,464,,0.01742795668542385,0.12853506207466125
,7436,464,,0.021409207955002785,0.1681780219078064
,7437,464,,0.01250500325113535,0.11493915319442749
,7438,464,,0.015852825716137886,0.12571623921394348
,7439,464,,0.014392495155334473,0.14578434824943542
7440,,465,2.472742744430434e-05,,0.01872284524142742
7441,,465,0.00014684832422062755,,0.0913957878947258
7442,,465,0.00018684413225855678,,0.12713374197483063
7443,,465,2.325323293916881e-05,,0.04660843685269356
7444,,465,0.00018223864026367664,,0.12810033559799194
7445,,465,8.108570182230324e-05,,0.09196379035711288
7446,,465,9.310674795415252e-05,,0.11310935765504837
7447,,465,0.00023087051522452384,,0.16693240404129028
7448,,465,0.00011304550571367145,,0.09668218344449997
7449,,465,0.00012929015792906284,,0.1517857164144516
7450,,465,7.688187179155648e-05,,0.15057870745658875
7451,,465,0.0002539422712288797,,0.10774572938680649
7452,,465,7.092559826560318e-05,,0.13155069947242737
7453,,465,0.00021006118913646787,,0.15936528146266937
7454,,465,6.915510311955586e-05,,0.05252262204885483
7455,,465,0.00018557494331616908,,0.020634865388274193
,7440,465,,0.01786382682621479,0.19169025123119354
,7441,465,,0.016861967742443085,0.1406175196170807
,7442,465,,0.0170997753739357,0.14740487933158875
,7443,465,,0.020955421030521393,0.12548953294754028
,7444,465,,0.01299329474568367,0.14808997511863708
,7445,465,,0.009907697327435017,0.0946306511759758
,7446,465,,0.012607756070792675,0.12042859196662903
,7447,465,,0.017587844282388687,0.1589442640542984
,7448,465,,0.023318983614444733,0.14972172677516937
,7449,465,,0.016039546579122543,0.12253865599632263
,7450,465,,0.019188079982995987,0.14845119416713715
,7451,465,,0.01622498780488968,0.1392037570476532
,7452,465,,0.021602217108011246,0.18531891703605652
,7453,465,,0.020113574340939522,0.1808808147907257
,7454,465,,0.012937759980559349,0.16544762253761292
,7455,465,,0.016495462507009506,0.12286750227212906
7456,,466,9.971268809749745e-06,,0.0359671451151371
7457,,466,0.00018095996347256005,,0.1266392320394516
7458,,466,0.0001974711922230199,,0.12491904199123383
7459,,466,2.8456628569983877e-05,,0.05154481157660484
7460,,466,1.4915472092980053e-05,,0.08314607292413712
7461,,466,0.00012803231948055327,,0.2286451756954193
7462,,466,0.00017405662219971418,,0.10943229496479034
7463,,466,5.6047960242722183e-05,,0.09951096773147583
7464,,466,4.733863897854462e-05,,0.0570068359375
7465,,466,0.00010085362737299874,,0.03812330588698387
7466,,466,0.00011323906073812395,,0.08195651322603226
7467,,466,1.2538033843156882e-05,,0.024567272514104843
7468,,466,5.875972783542238e-05,,0.14705735445022583
7469,,466,0.0001338937145192176,,0.08060003817081451
7470,,466,9.762679837876931e-05,,0.19622927904129028
7471,,466,0.00011009628360625356,,0.18463009595870972
,7456,466,,0.01850971207022667,0.1335885226726532
,7457,466,,0.020640447735786438,0.13174127042293549
,7458,466,,0.01205114834010601,0.16378098726272583
,7459,466,,0.018398256972432137,0.14514534175395966
,7460,466,,0.015148025006055832,0.11072899401187897
,7461,466,,0.01680602692067623,0.12999242544174194
,7462,466,,0.01549365371465683,0.12657320499420166
,7463,466,,0.016674917191267014,0.105460025370121
,7464,466,,0.010195866227149963,0.1189575269818306
,7465,466,,0.016202842816710472,0.1792079359292984
,7466,466,,0.02365160547196865,0.18917161226272583
,7467,466,,0.01339448057115078,0.07836416363716125
,7468,466,,0.019638970494270325,0.14049918949604034
,7469,466,,0.01259630173444748,0.1253574937582016
,7470,466,,0.015012531541287899,0.1638445109128952
,7471,466,,0.017192291095852852,0.12345917522907257
7472,,467,2.0579756892402656e-05,,0.06769795715808868
7473,,467,0.00010641177505021915,,0.0518014095723629
7474,,467,4.2099287384189665e-05,,0.009905134327709675
7475,,467,0.00012925307964906096,,0.1412702202796936
7476,,467,0.00021907973859924823,,0.11473986506462097
7477,,467,0.00018827554595191032,,0.06305678933858871
7478,,467,0.00010605885472614318,,0.0766863077878952
7479,,467,0.00010560452938079834,,0.16484972834587097
7480,,467,2.2700469344272278e-05,,0.07173125445842743
7481,,467,3.540566012816271e-06,,0.08032849431037903
7482,,467,6.9475790951401e-05,,0.06809531152248383
7483,,467,9.730057354317978e-05,,0.0486798956990242
7484,,467,0.00023793370928615332,,0.11887656152248383
7485,,467,6.92120665917173e-05,,0.13806524872779846
7486,,467,7.480805652448907e-05,,0.12463129311800003
7487,,467,4.0495520806871355e-05,,0.10495930165052414
,7472,467,,0.010982084088027477,0.19300062954425812
,7473,467,,0.009993983432650566,0.09859170764684677
,7474,467,,0.008912753313779831,0.11293870210647583
,7475,467,,0.024958353489637375,0.14627261459827423
,7476,467,,0.01514497958123684,0.10360779613256454
,7477,467,,0.007567263208329678,0.12932851910591125
,7478,467,,0.013080035336315632,0.14031484723091125
,7479,467,,0.010407904163002968,0.1313389390707016
,7480,467,,0.022402148693799973,0.15579411387443542
,7481,467,,0.019765332341194153,0.14596745371818542
,7482,467,,0.014141680672764778,0.13513432443141937
,7483,467,,0.016899868845939636,0.13480797410011292
,7484,467,,0.022947335615754128,0.11554079502820969
,7485,467,,0.014161214232444763,0.15873375535011292
,7486,467,,0.021675609052181244,0.14988988637924194
,7487,467,,0.01586998626589775,0.19780248403549194
7488,,468,6.703406688757241e-05,,0.056656818836927414
7489,,468,0.00020458635117392987,,0.13994240760803223
7490,,468,8.281855843961239e-05,,0.11796850711107254
7491,,468,0.00011470593744888902,,0.035541146993637085
7492,,468,0.0005057720700278878,,0.09172961115837097
7493,,468,0.0001142282344517298,,0.11935113370418549
7494,,468,4.512997838901356e-05,,0.01816854625940323
7495,,468,0.00013511074939742684,,0.0540771484375
7496,,468,3.6683901271317154e-05,,0.0923636257648468
7497,,468,6.043406392564066e-05,,0.1748134046792984
7498,,468,8.304805305670016e-06,,0.04779052734375
7499,,468,8.55990219861269e-05,,0.07933947443962097
7500,,468,8.354009332833812e-05,,0.08332046121358871
7501,,468,0.00014736199227627367,,0.11864735931158066
7502,,468,5.808038986288011e-05,,0.06407445669174194
7503,,468,0.0001085543044609949,,0.20222193002700806
,7488,468,,0.014810633845627308,0.14769138395786285
,7489,468,,0.011772068217396736,0.11112011224031448
,7490,468,,0.009970227256417274,0.1873766928911209
,7491,468,,0.01236586645245552,0.10298499464988708
,7492,468,,0.014387178234755993,0.11148133873939514
,7493,468,,0.017716633155941963,0.13680344820022583
,7494,468,,0.010302631184458733,0.1142839714884758
,7495,468,,0.01977631449699402,0.1601923704147339
,7496,468,,0.01512339897453785,0.15134476125240326
,7497,468,,0.018684901297092438,0.1579054296016693
,7498,468,,0.01656569167971611,0.11041633784770966
,7499,468,,0.013513250276446342,0.13963598012924194
,7500,468,,0.009831219911575317,0.14606086909770966
,7501,468,,0.021580807864665985,0.1838889718055725
,7502,468,,0.01423199474811554,0.09962806105613708
,7503,468,,0.014036277309060097,0.11884042620658875
7504,,469,9.509453957434744e-05,,0.014503945596516132
7505,,469,8.944309229264036e-05,,0.06909678131341934
7506,,469,0.00010964810644509271,,0.05403978377580643
7507,,469,0.00010704427404562011,,0.11433130502700806
7508,,469,0.0001157988008344546,,0.09385587275028229
7509,,469,2.73030273092445e-05,,0.06838677823543549
7510,,469,2.4919345378293656e-05,,0.07327581942081451
7511,,469,0.0001770282251527533,,0.08480772376060486
7512,,469,6.667634443147108e-05,,0.08152677118778229
7513,,469,8.344602247234434e-05,,0.04486083984375
7514,,469,0.00013158749788999557,,0.06040487438440323
7515,,469,2.934367148554884e-05,,0.04743677377700806
7516,,469,7.30411265976727e-05,,0.05826490744948387
7517,,469,0.0004482174408622086,,0.12949293851852417
7518,,469,8.998771227197722e-05,,0.034978125244379044
7519,,469,4.9476126150693744e-05,,0.06693189591169357
,7504,469,,0.015364440158009529,0.1844482421875
,7505,469,,0.012968380004167557,0.10560202598571777
,7506,469,,0.014085844159126282,0.15746819972991943
,7507,469,,0.012413041666150093,0.1181902214884758
,7508,469,,0.021312998607754707,0.13682088255882263
,7509,469,,0.019760586321353912,0.1860787570476532
,7510,469,,0.013360397890210152,0.09575793147087097
,7511,469,,0.013764545321464539,0.12559042870998383
,7512,469,,0.013803982175886631,0.10515984147787094
,7513,469,,0.022821936756372452,0.21794657409191132
,7514,469,,0.01482254359871149,0.13126668334007263
,7515,469,,0.022839661687612534,0.17972113192081451
,7516,469,,0.019000425934791565,0.1816493570804596
,7517,469,,0.014494059607386589,0.08851093798875809
,7518,469,,0.018084965646266937,0.19632020592689514
,7519,469,,0.014388468116521835,0.14883111417293549
7520,,470,0.0003742125118151307,,0.22029829025268555
7521,,470,7.321275916183367e-05,,0.24188107252120972
7522,,470,0.00012764571874868125,,0.18904954195022583
7523,,470,0.0001449903065804392,,0.11109644174575806
7524,,470,2.5339366402477026e-05,,0.029106296598911285
7525,,470,4.968839493812993e-05,,0.16404257714748383
7526,,470,8.794297173153609e-05,,0.06208396703004837
7527,,470,6.319802923826501e-05,,0.05482327193021774
7528,,470,0.00010704731539590284,,0.097848080098629
7529,,470,8.470445754937828e-05,,0.06667903810739517
7530,,470,0.00030517420964315534,,0.10329391062259674
7531,,470,0.00012169617548352107,,0.07068493962287903
7532,,470,8.747265383135527e-05,,0.10376350581645966
7533,,470,6.862235022708774e-05,,0.027940398082137108
7534,,470,7.507119153160602e-05,,0.0321393683552742
7535,,470,0.00038931705057621,,0.1353410929441452
,7520,470,,0.015096466988325119,0.15172842144966125
,7521,470,,0.03535984456539154,0.19795942306518555
,7522,470,,0.022838635370135307,0.1407732218503952
,7523,470,,0.02687506005167961,0.13906174898147583
,7524,470,,0.025054126977920532,0.12892742455005646
,7525,470,,0.0223102904856205,0.1465703248977661
,7526,470,,0.02023111656308174,0.14564234018325806
,7527,470,,0.014804038219153881,0.1907697319984436
,7528,470,,0.017749642953276634,0.13190694153308868
,7529,470,,0.022232551127672195,0.1695830523967743
,7530,470,,0.01719491183757782,0.08580546081066132
,7531,470,,0.014413445256650448,0.09534189850091934
,7532,470,,0.017056534066796303,0.17843565344810486
,7533,470,,0.01665237359702587,0.09307238459587097
,7534,470,,0.027069533243775368,0.16528694331645966
,7535,470,,0.020588496699929237,0.18530523777008057
7536,,471,7.218987593660131e-05,,0.11146388947963715
7537,,471,6.395512900780886e-05,,0.03270861506462097
7538,,471,0.0001653568760957569,,0.09446374326944351
7539,,471,6.750215834472328e-05,,0.09886325150728226
7540,,471,0.0003432869561947882,,0.12101029604673386
7541,,471,0.00044400617480278015,,0.0638427734375
7542,,471,0.00014696017024107277,,0.04424550384283066
7543,,471,0.00014825159450992942,,0.23679649829864502
7544,,471,0.00035040336661040783,,0.09782066941261292
7545,,471,8.392012387048453e-05,,0.122628353536129
7546,,471,0.00014443241525441408,,0.031538981944322586
7547,,471,0.00011065263242926449,,0.11547353863716125
7548,,471,9.611667337594554e-06,,0.006393743678927422
7549,,471,0.00026774502475745976,,0.1186174675822258
7550,,471,0.00016804988263174891,,0.04937370494008064
7551,,471,0.00022017137962393463,,0.09978251904249191
,7536,471,,0.0148122264072299,0.18395870923995972
,7537,471,,0.014052174985408783,0.13532491028308868
,7538,471,,0.02559627592563629,0.13878025114536285
,7539,471,,0.013232526369392872,0.11553955078125
,7540,471,,0.015627054497599602,0.1275360882282257
,7541,471,,0.018649538978934288,0.17388790845870972
,7542,471,,0.014156272634863853,0.14578932523727417
,7543,471,,0.02213575504720211,0.16437265276908875
,7544,471,,0.019833944737911224,0.17906218767166138
,7545,471,,0.016673829406499863,0.16197609901428223
,7546,471,,0.013652211055159569,0.18062669038772583
,7547,471,,0.018808145076036453,0.1404780149459839
,7548,471,,0.013355051167309284,0.1407819539308548
,7549,471,,0.016571231186389923,0.1082066148519516
,7550,471,,0.010189097374677658,0.1347407102584839
,7551,471,,0.012840457260608673,0.1747087836265564
7552,,472,3.0044137020013295e-05,,0.08608697354793549
7553,,472,0.0001065690812538378,,0.11779162287712097
7554,,472,0.00016433889686595649,,0.1147809773683548
7555,,472,9.0489920694381e-05,,0.0508771575987339
7556,,472,0.00011256415746174753,,0.06478570401668549
7557,,472,0.00011173098027938977,,0.1292189061641693
7558,,472,6.674110773019493e-05,,0.19488400220870972
7559,,472,3.977217056672089e-05,,0.0685686320066452
7560,,472,0.00012619158951565623,,0.0565621554851532
7561,,472,2.868567571567837e-05,,0.07382512837648392
7562,,472,2.435751594020985e-05,,0.13954630494117737
7563,,472,0.00012005156895611435,,0.11704176664352417
7564,,472,5.047297236160375e-05,,0.07498355954885483
7565,,472,6.726545689161867e-05,,0.1651262640953064
7566,,472,3.811787973972969e-05,,0.0835222527384758
7567,,472,7.305962208192796e-05,,0.0626046359539032
,7552,472,,0.021448181942105293,0.1919306516647339
,7553,472,,0.011341904290020466,0.1383143812417984
,7554,472,,0.014104402624070644,0.15600958466529846
,7555,472,,0.016106612980365753,0.1702706515789032
,7556,472,,0.012628304772078991,0.11078254133462906
,7557,472,,0.015378717333078384,0.1934129297733307
,7558,472,,0.015676066279411316,0.08931809663772583
,7559,472,,0.019570007920265198,0.1626948118209839
,7560,472,,0.01404251717031002,0.17623215913772583
,7561,472,,0.015971269458532333,0.17034414410591125
,7562,472,,0.016931146383285522,0.13673245906829834
,7563,472,,0.01979280449450016,0.13686822354793549
,7564,472,,0.022020967677235603,0.1616397649049759
,7565,472,,0.020194444805383682,0.16781803965568542
,7566,472,,0.019633257761597633,0.1724417507648468
,7567,472,,0.01783623918890953,0.1531534045934677
7568,,473,8.428750152233988e-05,,0.07447410374879837
7569,,473,3.829236447927542e-05,,0.05813661217689514
7570,,473,0.0001710764190647751,,0.10861517488956451
7571,,473,0.00021725446276832372,,0.09714803844690323
7572,,473,8.800093200989068e-05,,0.05498146265745163
7573,,473,4.6856013796059415e-05,,0.0503191277384758
7574,,473,7.425503281410784e-05,,0.15308614075183868
7575,,473,0.00011562046711333096,,0.07382887601852417
7576,,473,4.183647615718655e-05,,0.1296137571334839
7577,,473,0.0003555166185833514,,0.0576520636677742
7578,,473,0.00013246589514892548,,0.08636350929737091
7579,,473,0.00013440973998513073,,0.018276914954185486
7580,,473,0.0001013731598504819,,0.08522376418113708
7581,,473,0.0007836059667170048,,0.025964856147766113
7582,,473,0.00015605961380060762,,0.040029097348451614
7583,,473,0.0001821322221076116,,0.14489497244358063
,7568,473,,0.012002799659967422,0.14752197265625
,7569,473,,0.01770010218024254,0.18696314096450806
,7570,473,,0.017604656517505646,0.13718585669994354
,7571,473,,0.013681826181709766,0.18178138136863708
,7572,473,,0.020362110808491707,0.15350092947483063
,7573,473,,0.014410655945539474,0.16861149668693542
,7574,473,,0.013772613368928432,0.14170494675636292
,7575,473,,0.018102554604411125,0.23156115412712097
,7576,473,,0.014797469601035118,0.11885039508342743
,7577,473,,0.01709439605474472,0.16388311982154846
,7578,473,,0.0074449870735406876,0.13901442289352417
,7579,473,,0.017094243317842484,0.18208032846450806
,7580,473,,0.014662059023976326,0.14867790043354034
,7581,473,,0.01260307990014553,0.20489127933979034
,7582,473,,0.01240103505551815,0.1252167522907257
,7583,473,,0.011573972180485725,0.15161755681037903
7584,,474,0.00013543342356570065,,0.08012919127941132
7585,,474,7.415238360408694e-05,,0.16697973012924194
7586,,474,0.00014126297901384532,,0.07844138890504837
7587,,474,4.4972570321988314e-05,,0.08458351343870163
7588,,474,8.0079713370651e-05,,0.07559765130281448
7589,,474,1.7734419088810682e-05,,0.03325917571783066
7590,,474,0.00011499227548483759,,0.039514657109975815
7591,,474,3.420324355829507e-05,,0.02435302734375
7592,,474,2.7281101210974157e-05,,0.0333687923848629
7593,,474,9.700481314212084e-06,,0.04464659467339516
7594,,474,0.0001426596281817183,,0.10428915172815323
7595,,474,7.559374353149906e-05,,0.07122056186199188
7596,,474,3.2427997211925685e-05,,0.024741658940911293
7597,,474,0.00012242383672855794,,0.10179045796394348
7598,,474,0.0001585958816576749,,0.12070760130882263
7599,,474,2.3042259272187948e-05,,0.04630575701594353
,7584,474,,0.009941977448761463,0.11018465459346771
,7585,474,,0.015524886548519135,0.19517922401428223
,7586,474,,0.017192859202623367,0.17410340905189514
,7587,474,,0.013056115247309208,0.15837252140045166
,7588,474,,0.018395844846963882,0.1462576687335968
,7589,474,,0.016512911766767502,0.11219258606433868
,7590,474,,0.013188157230615616,0.1134556382894516
,7591,474,,0.01481176633387804,0.16902129352092743
,7592,474,,0.016190294176340103,0.21146564185619354
,7593,474,,0.017109744250774384,0.13880515098571777
,7594,474,,0.018237510696053505,0.10816177725791931
,7595,474,,0.01883530244231224,0.19388875365257263
,7596,474,,0.015523050911724567,0.1651362180709839
,7597,474,,0.023154590278863907,0.14140227437019348
,7598,474,,0.015957487747073174,0.13517169654369354
,7599,474,,0.020002592355012894,0.15063601732254028
7600,,475,7.989905134309083e-05,,0.076416015625
7601,,475,9.808267350308597e-05,,0.10011758655309677
7602,,475,5.4324918892234564e-05,,0.012718979269266129
7603,,475,1.4472986549662892e-05,,0.054026078432798386
7604,,475,0.0001415418228134513,,0.09610670059919357
7605,,475,0.00010031945566879585,,0.05381307750940323
7606,,475,0.0001407021627528593,,0.10529062151908875
7607,,475,2.3586380848428234e-05,,0.08073581755161285
7608,,475,4.421062476467341e-05,,0.06516561657190323
7609,,475,0.00010394710989203304,,0.09689144045114517
7610,,475,5.3360308811534196e-05,,0.10216039419174194
7611,,475,7.138758519431576e-05,,0.14682318270206451
7612,,475,0.00011360211647115648,,0.12863096594810486
7613,,475,7.037386239971966e-05,,0.1550218164920807
7614,,475,0.000227170399739407,,0.15793532133102417
7615,,475,4.387992521515116e-05,,0.08269267529249191
,7600,475,,0.01993119716644287,0.18745142221450806
,7601,475,,0.011586482636630535,0.1893385350704193
,7602,475,,0.013719562441110611,0.14326819777488708
,7603,475,,0.0170382559299469,0.13366325199604034
,7604,475,,0.01526583917438984,0.16281190514564514
,7605,475,,0.019194278866052628,0.14243611693382263
,7606,475,,0.012087587267160416,0.1184256374835968
,7607,475,,0.0184590183198452,0.13055668771266937
,7608,475,,0.013993753120303154,0.18053701519966125
,7609,475,,0.017336975783109665,0.1573224812746048
,7610,475,,0.011444581672549248,0.10975491255521774
,7611,475,,0.016783086583018303,0.13255715370178223
,7612,475,,0.009853520430624485,0.1496843546628952
,7613,475,,0.025117414072155952,0.17088598012924194
,7614,475,,0.015817631036043167,0.1729200780391693
,7615,475,,0.009479254484176636,0.10850556194782257
7616,,476,0.00013865475193597376,,0.08881362527608871
7617,,476,0.00012813865032512695,,0.040412746369838715
7618,,476,0.0001440425985492766,,0.09771977365016937
7619,,476,7.66331322665792e-06,,0.014447893016040325
7620,,476,4.5588589273393154e-05,,0.09356066584587097
7621,,476,0.00018216317403130233,,0.19386884570121765
7622,,476,0.00030738001805730164,,0.1514992117881775
7623,,476,0.00010653906792867929,,0.13093286752700806
7624,,476,2.8679229217232205e-05,,0.15264518558979034
7625,,476,7.61823175707832e-05,,0.11725850403308868
7626,,476,0.00010254050721414387,,0.13408800959587097
7627,,476,0.0017884724074974656,,0.17998021841049194
7628,,476,0.00011085356527473778,,0.04313815385103226
7629,,476,9.762299305293709e-05,,0.07584427297115326
7630,,476,0.0004294824320822954,,0.16633076965808868
7631,,476,0.0003049626830033958,,0.13587671518325806
,7616,476,,0.022543640807271004,0.13112220168113708
,7617,476,,0.028517713770270348,0.12818379700183868
,7618,476,,0.020483266562223434,0.14713333547115326
,7619,476,,0.027360405772924423,0.18346670269966125
,7620,476,,0.02431359700858593,0.11687734723091125
,7621,476,,0.01594327948987484,0.11555200815200806
,7622,476,,0.023014185950160027,0.16837233304977417
,7623,476,,0.025190968066453934,0.15696623921394348
,7624,476,,0.021612640470266342,0.17890401184558868
,7625,476,,0.02399151399731636,0.14933186769485474
,7626,476,,0.011942122131586075,0.12716986238956451
,7627,476,,0.03282719850540161,0.16160988807678223
,7628,476,,0.028735309839248657,0.1647239327430725
,7629,476,,0.018232740461826324,0.12301947176456451
,7630,476,,0.024807743728160858,0.15939143300056458
,7631,476,,0.012115010991692543,0.12132543325424194
7632,,477,0.00015299595543183386,,0.024374203756451607
7633,,477,0.000417010101955384,,0.21667854487895966
7634,,477,0.0011609921930357814,,0.04480229690670967
7635,,477,0.00028618189389817417,,0.15896295011043549
7636,,477,0.0006231367588043213,,0.021349849179387093
7637,,477,0.0001017372269416228,,0.08785948157310486
7638,,477,0.00011165588512085378,,0.1951455920934677
7639,,477,9.080641029868275e-05,,0.05125831812620163
7640,,477,0.00013022158236708492,,0.06363600492477417
7641,,477,2.9227157938294113e-05,,0.015879105776548386
7642,,477,0.00033235884620808065,,0.08329056203365326
7643,,477,0.0001447853574063629,,0.15152786672115326
7644,,477,0.000147119106259197,,0.04264987260103226
7645,,477,0.00031621987000107765,,0.07302669435739517
7646,,477,0.0002159846480935812,,0.09159010648727417
7647,,477,0.00016015405708458275,,0.05919289216399193
,7632,477,,0.01571936346590519,0.18249014019966125
,7633,477,,0.01541158091276884,0.14593754708766937
,7634,477,,0.02089843899011612,0.17317542433738708
,7635,477,,0.018809564411640167,0.19623051583766937
,7636,477,,0.017793992534279823,0.14489123225212097
,7637,477,,0.018696308135986328,0.15074563026428223
,7638,477,,0.014343386515974998,0.1368159055709839
,7639,477,,0.018876511603593826,0.12504234910011292
,7640,477,,0.01824026368558407,0.12579594552516937
,7641,477,,0.018210582435131073,0.09325797855854034
,7642,477,,0.023678533732891083,0.16045770049095154
,7643,477,,0.008457165211439133,0.1749790757894516
,7644,477,,0.024984166026115417,0.18647736310958862
,7645,477,,0.017525173723697662,0.2015119343996048
,7646,477,,0.01351790688931942,0.12686344981193542
,7647,477,,0.012213965877890587,0.12065654247999191
7648,,478,0.0006901270826347172,,0.24719487130641937
7649,,478,0.00023610220523551106,,0.014070471748709679
7650,,478,7.43142154533416e-05,,0.12202796339988708
7651,,478,0.0001842351193772629,,0.11421172320842743
7652,,478,9.578845492796972e-05,,0.12844039499759674
7653,,478,0.0005174573161639273,,0.08873391151428223
7654,,478,0.00010871314589167014,,0.05304577946662903
7655,,478,0.00016626367869321257,,0.06226706877350807
7656,,478,0.0002284394868183881,,0.27677077054977417
7657,,478,4.968182111042552e-05,,0.10346206277608871
7658,,478,6.794187356717885e-05,,0.10578638315200806
7659,,478,0.00019844147027470171,,0.11997394263744354
7660,,478,8.549781341571361e-05,,0.08958466351032257
7661,,478,0.0002320455969311297,,0.06721963733434677
7662,,478,0.00026539686950854957,,0.10836231708526611
7663,,478,0.00023783040523994714,,0.21311108767986298
,7648,478,,0.0285703856498003,0.22757890820503235
,7649,478,,0.015134296379983425,0.11311183869838715
,7650,478,,0.01875581219792366,0.10170823335647583
,7651,478,,0.020107638090848923,0.1691906899213791
,7652,478,,0.019845280796289444,0.14566226303577423
,7653,478,,0.01910386234521866,0.20793431997299194
,7654,478,,0.016805464401841164,0.13267672061920166
,7655,478,,0.01540908683091402,0.12950414419174194
,7656,478,,0.02537703514099121,0.17220011353492737
,7657,478,,0.01400255598127842,0.09090252220630646
,7658,478,,0.010788820683956146,0.18603640794754028
,7659,478,,0.015429437160491943,0.15400540828704834
,7660,478,,0.024447839707136154,0.15070202946662903
,7661,478,,0.017522001639008522,0.1525007039308548
,7662,478,,0.019155198708176613,0.176513671875
,7663,478,,0.021227486431598663,0.15103958547115326
7664,,479,0.0003108477685600519,,0.1498151570558548
7665,,479,8.500648254994303e-05,,0.0811244398355484
7666,,479,0.0004571711178869009,,0.10489452630281448
7667,,479,7.871071284171194e-05,,0.060006283223629
7668,,479,8.221290045185015e-05,,0.10600312054157257
7669,,479,0.00025100173661485314,,0.14728903770446777
7670,,479,5.957027678960003e-05,,0.07133016735315323
7671,,479,0.00042199186282232404,,0.07423992455005646
7672,,479,0.00010331164230592549,,0.017021335661411285
7673,,479,0.00011451567115727812,,0.052916236221790314
7674,,479,3.7669724406441674e-05,,0.02176962047815323
7675,,479,0.00019329425413161516,,0.10386189818382263
7676,,479,0.00020102009875699878,,0.10112030804157257
7677,,479,0.00011756477761082351,,0.0025161432567983866
7678,,479,0.00014254714187700301,,0.0370919369161129
7679,,479,0.0002950662455987185,,0.06914037466049194
,7664,479,,0.026710860431194305,0.18533511459827423
,7665,479,,0.017452698200941086,0.13893094658851624
,7666,479,,0.032081060111522675,0.2132929563522339
,7667,479,,0.01613624021410942,0.19457384943962097
,7668,479,,0.024658337235450745,0.12544342875480652
,7669,479,,0.018451878800988197,0.17213159799575806
,7670,479,,0.013426772318780422,0.14201760292053223
,7671,479,,0.021192986518144608,0.12005615234375
,7672,479,,0.01665996015071869,0.15577542781829834
,7673,479,,0.012240434065461159,0.17029306292533875
,7674,479,,0.02520722523331642,0.16809703409671783
,7675,479,,0.02572818472981453,0.1560918092727661
,7676,479,,0.01686873659491539,0.15092125535011292
,7677,479,,0.020396482199430466,0.16311708092689514
,7678,479,,0.018636036664247513,0.1316777467727661
,7679,479,,0.020902976393699646,0.14839139580726624
7680,,480,9.444847819395363e-05,,0.06917151808738708
7681,,480,4.236662061884999e-05,,0.11520449072122574
7682,,480,0.00024326780112460256,,0.14396822452545166
7683,,480,0.00018904372700490057,,0.054787151515483856
7684,,480,0.0002199912560172379,,0.06554552912712097
7685,,480,0.0003009711217600852,,0.07846006751060486
7686,,480,0.00022996384359430522,,0.030705666169524193
7687,,480,4.442383215064183e-05,,0.1339883655309677
7688,,480,0.00013315964315552264,,0.113473080098629
7689,,480,0.00023091144976206124,,0.1076485812664032
7690,,480,0.0001294950197916478,,0.06393992900848389
7691,,480,6.767905142623931e-05,,0.09750179201364517
7692,,480,0.0003276729257777333,,0.1391502022743225
7693,,480,0.0005162692395970225,,0.1766432225704193
7694,,480,6.042441600584425e-05,,0.09490966796875
7695,,480,3.123588248854503e-05,,0.021633848547935486
,7680,480,,0.015584083274006844,0.1068812757730484
,7681,480,,0.02366643399000168,0.17539137601852417
,7682,480,,0.012555867433547974,0.13675114512443542
,7683,480,,0.017181294038891792,0.13126544654369354
,7684,480,,0.013044143095612526,0.11569152027368546
,7685,480,,0.024951547384262085,0.1508353054523468
,7686,480,,0.018331041559576988,0.11825374513864517
,7687,480,,0.02649400383234024,0.24567148089408875
,7688,480,,0.02995387837290764,0.1435982882976532
,7689,480,,0.01840142160654068,0.17050856351852417
,7690,480,,0.021475553512573242,0.15412499010562897
,7691,480,,0.015635471791028976,0.1418631374835968
,7692,480,,0.019024908542633057,0.10711295902729034
,7693,480,,0.011624093167483807,0.13925980031490326
,7694,480,,0.014430246315896511,0.10707060992717743
,7695,480,,0.021479355171322823,0.1156005859375
7696,,481,0.0001211129201692529,,0.10400889813899994
7697,,481,0.0006782722775824368,,0.18358752131462097
7698,,481,0.0001932768791448325,,0.05482077971100807
7699,,481,0.0002861821267288178,,0.11432258784770966
7700,,481,0.0005917106755077839,,0.1435011327266693
7701,,481,5.3218769608065486e-05,,0.22420954704284668
7702,,481,0.00016305339522659779,,0.004795619752258062
7703,,481,5.497333040693775e-05,,0.16302740573883057
7704,,481,0.0002221562754129991,,0.11760354042053223
7705,,481,4.549317964119837e-05,,0.01708361506462097
7706,,481,0.0001003151701297611,,0.06678491830825806
7707,,481,6.476415728684515e-05,,0.020805513486266136
7708,,481,0.00011236670252401382,,0.07821469008922577
7709,,481,6.716058123856783e-05,,0.07223572582006454
7710,,481,4.2849227611441165e-05,,0.05476099252700806
7711,,481,0.0002273106947541237,,0.037531640380620956
,7696,481,,0.0146831925958395,0.1418980211019516
,7697,481,,0.022924669086933136,0.1924799680709839
,7698,481,,0.015642302110791206,0.17572644352912903
,7699,481,,0.01910674199461937,0.15492716431617737
,7700,481,,0.01834212988615036,0.15243467688560486
,7701,481,,0.023051651194691658,0.1805058717727661
,7702,481,,0.022980883717536926,0.10181785374879837
,7703,481,,0.021590301766991615,0.1644635945558548
,7704,481,,0.020046953111886978,0.1693040430545807
,7705,481,,0.02563556283712387,0.15127751231193542
,7706,481,,0.024945955723524094,0.1929570436477661
,7707,481,,0.015430323779582977,0.1167689710855484
,7708,481,,0.023839684203267097,0.19800052046775818
,7709,481,,0.02666044794023037,0.11920913308858871
,7710,481,,0.029534567147493362,0.19176872074604034
,7711,481,,0.013740068301558495,0.1224713996052742
7712,,482,5.1705770601984113e-05,,0.10308463871479034
7713,,482,0.00022896798327565193,,0.06250124424695969
7714,,482,8.981974679045379e-05,,0.10655367374420166
7715,,482,0.00011710883700288832,,0.0388532355427742
7716,,482,6.708895671181381e-05,,0.05896743759512901
7717,,482,9.492539538769051e-05,,0.12937459349632263
7718,,482,0.00034516683081164956,,0.09343983978033066
7719,,482,0.00019542041991371661,,0.11893883347511292
7720,,482,5.6423992646159604e-05,,0.11650240421295166
7721,,482,0.0002227404183940962,,0.08675213158130646
7722,,482,0.0003684891271404922,,0.05702925845980644
7723,,482,0.00031645456328988075,,0.07805773615837097
7724,,482,4.633631033357233e-05,,0.07134885340929031
7725,,482,0.00015276833437383175,,0.051541075110435486
7726,,482,2.8369333449518308e-05,,0.07913893461227417
7727,,482,4.4337735744193196e-05,,0.1854696422815323
,7712,482,,0.017049334943294525,0.1548113226890564
,7713,482,,0.012363729067146778,0.12462258338928223
,7714,482,,0.02285684086382389,0.1557268500328064
,7715,482,,0.017917517572641373,0.13515177369117737
,7716,482,,0.018536951392889023,0.16952452063560486
,7717,482,,0.021159395575523376,0.12669403851032257
,7718,482,,0.015376236289739609,0.1497117578983307
,7719,482,,0.020182568579912186,0.1544276624917984
,7720,482,,0.016482708975672722,0.12463129311800003
,7721,482,,0.012931754812598228,0.1576363742351532
,7722,482,,0.013426357880234718,0.14410026371479034
,7723,482,,0.01991819031536579,0.15601706504821777
,7724,482,,0.018163278698921204,0.12235431373119354
,7725,482,,0.016624022275209427,0.19296202063560486
,7726,482,,0.01795760728418827,0.21820193529129028
,7727,482,,0.021934188902378082,0.15517877042293549
7728,,483,0.0003374870284460485,,0.0737566202878952
7729,,483,0.00013320376456249505,,0.13119818270206451
7730,,483,0.00041697718552313745,,0.038459621369838715
7731,,483,7.076263864291832e-05,,0.13139000535011292
7732,,483,8.665887435199693e-05,,0.08595244586467743
7733,,483,8.628796058474109e-05,,0.023514727130532265
7734,,483,0.000269274169113487,,0.20190927386283875
7735,,483,0.00019220239482820034,,0.22438764572143555
7736,,483,6.729356391588226e-05,,0.03623121604323387
7737,,483,0.00017547929019201547,,0.06076858937740326
7738,,483,0.00021346172434277833,,0.08755430579185486
7739,,483,0.0002969268534798175,,0.0769914910197258
7740,,483,0.0002521724672988057,,0.0974818617105484
7741,,483,0.00030545011395588517,,0.0996878519654274
7742,,483,0.00014741475752089173,,0.08338772505521774
7743,,483,0.00018584373174235225,,0.07591403275728226
,7728,483,,0.014112161472439766,0.10622981935739517
,7729,483,,0.021769855171442032,0.18883156776428223
,7730,483,,0.023337319493293762,0.11279546469449997
,7731,483,,0.017330840229988098,0.15836630761623383
,7732,483,,0.015826178714632988,0.15122270584106445
,7733,483,,0.01780523732304573,0.15783068537712097
,7734,483,,0.021332427859306335,0.12908437848091125
,7735,483,,0.01789545640349388,0.15834635496139526
,7736,483,,0.016760196536779404,0.13954630494117737
,7737,483,,0.01412756834179163,0.11661326885223389
,7738,483,,0.017599139362573624,0.1939336061477661
,7739,483,,0.031460270285606384,0.21887332201004028
,7740,483,,0.015667136758565903,0.1419515758752823
,7741,483,,0.021279335021972656,0.15340128540992737
,7742,483,,0.01556989923119545,0.1298666149377823
,7743,483,,0.013744916766881943,0.18078240752220154
7744,,484,5.626329584629275e-05,,0.09389449656009674
7745,,484,0.00010301573638571426,,0.06737035512924194
7746,,484,0.00016219585086219013,,0.10777189582586288
7747,,484,8.99959122762084e-05,,0.1513161063194275
7748,,484,0.0001247424224857241,,0.1282522976398468
7749,,484,0.00028020961326546967,,0.11622089892625809
7750,,484,0.000279154977761209,,0.13420136272907257
7751,,484,0.00013161641254555434,,0.22349080443382263
7752,,484,0.0002513591607566923,,0.08264035731554031
7753,,484,0.0001738355786073953,,0.058749448508024216
7754,,484,0.00021722989913541824,,0.10966149717569351
7755,,484,0.00014125840971246362,,0.13766168057918549
7756,,484,0.00022690751939080656,,0.14723797142505646
7757,,484,0.0007019704789854586,,0.3506556749343872
7758,,484,5.411472375271842e-05,,0.08961954712867737
7759,,484,0.00041590892942622304,,0.16459687054157257
,7744,484,,0.022927306592464447,0.15520119667053223
,7745,484,,0.025192677974700928,0.14564856886863708
,7746,484,,0.018486440181732178,0.20237015187740326
,7747,484,,0.015066621825098991,0.16180169582366943
,7748,484,,0.014922057278454304,0.13210125267505646
,7749,484,,0.010978380218148232,0.13142114877700806
,7750,484,,0.01951560750603676,0.1873006969690323
,7751,484,,0.017538677901029587,0.14013299345970154
,7752,484,,0.017021544277668,0.14283595979213715
,7753,484,,0.020670216530561447,0.15521863102912903
,7754,484,,0.020255863666534424,0.1315394788980484
,7755,484,,0.01725824549794197,0.1593715250492096
,7756,484,,0.01283530704677105,0.15720662474632263
,7757,484,,0.02018323540687561,0.17252521216869354
,7758,484,,0.017941756173968315,0.1637834757566452
,7759,484,,0.018780581653118134,0.1850511133670807
7760,,485,6.074857810745016e-05,,0.14408282935619354
7761,,485,0.00013518350897356868,,0.12609490752220154
7762,,485,3.0039798730285838e-05,,0.037206534296274185
7763,,485,0.00011296862794551998,,0.11502137780189514
7764,,485,6.588402902707458e-05,,0.08601846545934677
7765,,485,0.00016239752585534006,,0.08944141864776611
7766,,485,5.1868132686649915e-06,,0.03856051713228226
7767,,485,6.099056190578267e-05,,0.029932139441370964
7768,,485,0.0005276513402350247,,0.077872134745121
7769,,485,0.00014527949679177254,,0.056950781494379044
7770,,485,0.0001494750176789239,,0.17293128371238708
7771,,485,0.0001793013361748308,,0.08920599520206451
7772,,485,0.00010137827484868467,,0.024412816390395164
7773,,485,0.0001656049571465701,,0.09366030991077423
7774,,485,7.344615005422384e-05,,0.11141906678676605
7775,,485,0.00018059523426927626,,0.05731450021266937
,7760,485,,0.018550816923379898,0.17486074566841125
,7761,485,,0.020687855780124664,0.2015206515789032
,7762,485,,0.019003046676516533,0.22352071106433868
,7763,485,,0.01917848363518715,0.17538142204284668
,7764,485,,0.018342267721891403,0.17466267943382263
,7765,485,,0.017354656010866165,0.11689352989196777
,7766,485,,0.01867758110165596,0.13484036922454834
,7767,485,,0.023383256047964096,0.11323017627000809
,7768,485,,0.017983509227633476,0.17366868257522583
,7769,485,,0.013540192507207394,0.17396140098571777
,7770,485,,0.01681993529200554,0.17274942994117737
,7771,485,,0.014943748712539673,0.12692323327064514
,7772,485,,0.013989592902362347,0.13374921679496765
,7773,485,,0.01395372860133648,0.18971718847751617
,7774,485,,0.021289357915520668,0.12385278940200806
,7775,485,,0.018739275634288788,0.11571891605854034
7776,,486,5.707679156330414e-05,,0.04620734974741936
7777,,486,0.00022285901650320739,,0.06452537328004837
7778,,486,0.0007515907054767013,,0.25531005859375
7779,,486,9.155343286693096e-05,,0.09344980865716934
7780,,486,3.7734680518042296e-05,,0.1739153265953064
7781,,486,0.00018864628509618342,,0.0882568359375
7782,,486,0.00010400790779385716,,0.1725389063358307
7783,,486,6.667536945315078e-05,,0.059446994215250015
7784,,486,0.00012867592158727348,,0.10154007375240326
7785,,486,0.00016733346274122596,,0.1416264772415161
7786,,486,0.0001674237137194723,,0.13564254343509674
7787,,486,8.070654439507052e-05,,0.08540064096450806
7788,,486,7.374770939350128e-05,,0.06400221586227417
7789,,486,3.7998208426870406e-05,,0.13060028851032257
7790,,486,7.548525172751397e-05,,0.04360277205705643
7791,,486,0.00019088987028226256,,0.10370994359254837
,7776,486,,0.013850301504135132,0.1125226691365242
,7777,486,,0.01686106249690056,0.12728819251060486
,7778,486,,0.016219541430473328,0.17037776112556458
,7779,486,,0.022748827934265137,0.14074207842350006
,7780,486,,0.015774570405483246,0.13482293486595154
,7781,486,,0.0173996239900589,0.1371970772743225
,7782,486,,0.017086520791053772,0.14503449201583862
,7783,486,,0.023309264332056046,0.14771504700183868
,7784,486,,0.01735617220401764,0.13163664937019348
,7785,486,,0.020367342978715897,0.15384721755981445
,7786,486,,0.01675352454185486,0.1535482555627823
,7787,486,,0.026219826191663742,0.1358642578125
,7788,486,,0.010529810562729836,0.16338986158370972
,7789,486,,0.018368342891335487,0.16362155973911285
,7790,486,,0.014410827308893204,0.10383450239896774
,7791,486,,0.016285981982946396,0.14834532141685486
7792,,487,7.904523226898164e-05,,0.08857446908950806
7793,,487,0.00022784079192206264,,0.18090321123600006
7794,,487,0.00013584387488663197,,0.06768674403429031
7795,,487,3.7650057493010536e-05,,0.047457948327064514
7796,,487,0.00010581524111330509,,0.03731739521026611
7797,,487,0.00013873395801056176,,0.09367027878761292
7798,,487,9.863575542112812e-05,,0.0955810546875
7799,,487,7.931948493933305e-05,,0.08392333984375
7800,,487,0.000282459455775097,,0.21576303243637085
7801,,487,0.0001568207226227969,,0.11274314671754837
7802,,487,7.938213093439117e-05,,0.08701994270086288
7803,,487,0.00015485507901757956,,0.10418451577425003
7804,,487,0.00020704073540400714,,0.031039491295814514
7805,,487,6.383162690326571e-05,,0.1763131320476532
7806,,487,0.00032962579280138016,,0.2319933921098709
7807,,487,0.0001819074823288247,,0.08927823603153229
,7792,487,,0.025934502482414246,0.19057542085647583
,7793,487,,0.02507466822862625,0.18125449120998383
,7794,487,,0.013977037742733955,0.17176663875579834
,7795,487,,0.0211959145963192,0.26556146144866943
,7796,487,,0.020663540810346603,0.1659645438194275
,7797,487,,0.01764155551791191,0.14451256394386292
,7798,487,,0.01575963944196701,0.11705421656370163
,7799,487,,0.009975234977900982,0.12558169662952423
,7800,487,,0.010700738057494164,0.10651132464408875
,7801,487,,0.009590454399585724,0.14450135827064514
,7802,487,,0.02090422809123993,0.16837233304977417
,7803,487,,0.033681467175483704,0.20154307782649994
,7804,487,,0.0187822412699461,0.14226174354553223
,7805,487,,0.018332257866859436,0.13898825645446777
,7806,487,,0.01989642158150673,0.11593067646026611
,7807,487,,0.02008550800383091,0.16561701893806458
7808,,488,0.00019966014951933175,,0.12672892212867737
7809,,488,0.00024679151829332113,,0.05657958984375
7810,,488,0.0001255249953828752,,0.093994140625
7811,,488,0.00010146301065105945,,0.0362025685608387
7812,,488,3.950825339416042e-05,,0.015933912247419357
7813,,488,9.128641249844804e-05,,0.21695879101753235
7814,,488,3.960937465308234e-05,,0.08900420367717743
7815,,488,0.00025215966161340475,,0.1109095960855484
7816,,488,5.096243694424629e-05,,0.07350500673055649
7817,,488,2.5506316887913272e-05,,0.013825085014104843
7818,,488,5.2902607421856374e-05,,0.018126193434000015
7819,,488,0.0002388796565355733,,0.08741854131221771
7820,,488,6.505396413558628e-06,,0.04509750381112099
7821,,488,0.00016881425108294934,,0.02772490680217743
7822,,488,0.00014374757301993668,,0.06495386362075806
7823,,488,0.00011831011215690523,,0.16432282328605652
,7808,488,,0.011646807193756104,0.09327542781829834
,7809,488,,0.021773092448711395,0.18020318448543549
,7810,488,,0.01704774796962738,0.10360033065080643
,7811,488,,0.021172627806663513,0.18725337088108063
,7812,488,,0.01851554960012436,0.1330740749835968
,7813,488,,0.01738658919930458,0.17596186697483063
,7814,488,,0.013201842084527016,0.08470559120178223
,7815,488,,0.01785890758037567,0.13981160521507263
,7816,488,,0.02622075006365776,0.1576886773109436
,7817,488,,0.010304220952093601,0.12843042612075806
,7818,488,,0.016979075968265533,0.12144999206066132
,7819,488,,0.017437299713492393,0.13864946365356445
,7820,488,,0.01688666082918644,0.13954007625579834
,7821,488,,0.01677665114402771,0.11333481967449188
,7822,488,,0.021962417289614677,0.14824692904949188
,7823,488,,0.01625862717628479,0.1674281656742096
7824,,489,0.00018044924945570529,,0.09806980192661285
7825,,489,0.000254403188591823,,0.18609119951725006
7826,,489,0.00010566066339379176,,0.1851544976234436
7827,,489,0.00012160539336036891,,0.11620096862316132
7828,,489,6.971262337174267e-05,,0.09642060101032257
7829,,489,0.00011609858484007418,,0.10551483929157257
7830,,489,0.0002686461084522307,,0.14219073951244354
7831,,489,0.00014102784916758537,,0.08035838603973389
7832,,489,0.00036076593096368015,,0.07822838425636292
7833,,489,0.0001680322748143226,,0.03881586715579033
7834,,489,0.00014097383245825768,,0.11772435903549194
7835,,489,0.0001082241942640394,,0.10151515901088715
7836,,489,6.526471406687051e-05,,0.043597787618637085
7837,,489,9.175579180009663e-05,,0.05360008031129837
7838,,489,0.00026768649695441127,,0.027621520683169365
7839,,489,0.0002235933643532917,,0.10151641070842743
,7824,489,,0.014393698424100876,0.16519974172115326
,7825,489,,0.014758557081222534,0.16259890794754028
,7826,489,,0.01799902319908142,0.14636602997779846
,7827,489,,0.010315450839698315,0.12265574932098389
,7828,489,,0.017281539738178253,0.17266222834587097
,7829,489,,0.01304098591208458,0.11895628273487091
,7830,489,,0.017449695616960526,0.1607130467891693
,7831,489,,0.013336112722754478,0.14392463862895966
,7832,489,,0.014770926907658577,0.10566554963588715
,7833,489,,0.021208995953202248,0.15194641053676605
,7834,489,,0.015777360647916794,0.19514808058738708
,7835,489,,0.017139004543423653,0.19680598378181458
,7836,489,,0.014570696279406548,0.16285550594329834
,7837,489,,0.01439392939209938,0.13657425343990326
,7838,489,,0.0120133887976408,0.13090172410011292
,7839,489,,0.01183153036981821,0.20562246441841125
7840,,490,0.00017598917474970222,,0.14922598004341125
7841,,490,0.00013650557957589626,,0.11166195571422577
7842,,490,5.761924694525078e-05,,0.0567626953125
7843,,490,0.00027075698017142713,,0.09575419127941132
7844,,490,5.568196502281353e-05,,0.09980493783950806
7845,,490,0.00010168138396693394,,0.04055973142385483
7846,,490,0.00015688245184719563,,0.10855413973331451
7847,,490,0.0004617011290974915,,0.0582188181579113
7848,,490,4.8724417865742e-05,,0.027582906186580658
7849,,490,0.00035020511131733656,,0.22091862559318542
7850,,490,0.00015504324983339757,,0.053134217858314514
7851,,490,5.339050403563306e-05,,0.040281958878040314
7852,,490,6.947135989321396e-05,,0.04634561389684677
7853,,490,4.7263045416912064e-05,,0.06065773218870163
7854,,490,0.00023689752561040223,,0.17079131305217743
7855,,490,0.0001612271007616073,,0.0711146742105484
,7840,490,,0.012578558176755905,0.12231694161891937
,7841,490,,0.014251593500375748,0.1272670179605484
,7842,490,,0.01483956165611744,0.1373291015625
,7843,490,,0.024933531880378723,0.16797374188899994
,7844,490,,0.01902013085782528,0.1593540608882904
,7845,490,,0.011218979023396969,0.15969039499759674
,7846,490,,0.018319102004170418,0.16691246628761292
,7847,490,,0.02735174633562565,0.20245735347270966
,7848,490,,0.014044424518942833,0.16314448416233063
,7849,490,,0.02135651558637619,0.18897980451583862
,7850,490,,0.022728003561496735,0.16088244318962097
,7851,490,,0.012241250835359097,0.14145831763744354
,7852,490,,0.01896023377776146,0.095947265625
,7853,490,,0.017209909856319427,0.13899698853492737
,7854,490,,0.013660920783877373,0.13563257455825806
,7855,490,,0.0150817995890975,0.1292811930179596
7856,,491,2.1177944290684536e-05,,0.05221370607614517
7857,,491,6.701153324684128e-05,,0.06366465240716934
7858,,491,0.00013802397006656975,,0.1653168499469757
7859,,491,0.00011363615340087563,,0.0816824734210968
7860,,491,0.0005276399897411466,,0.16363276541233063
7861,,491,0.000234884544624947,,0.12971839308738708
7862,,491,7.022827048785985e-05,,0.12287373095750809
7863,,491,0.00026631556102074683,,0.2778158485889435
7864,,491,0.00030421421979554,,0.058717064559459686
7865,,491,1.5015521057648584e-05,,0.02472546696662903
7866,,491,0.00016944068192970008,,0.10806211829185486
7867,,491,8.586276089772582e-05,,0.0470406673848629
7868,,491,9.378841787111014e-05,,0.07269784808158875
7869,,491,3.583490979508497e-05,,0.04259755462408066
7870,,491,0.00015828906907700002,,0.10799486190080643
7871,,491,0.00012142534251324832,,0.05081114172935486
,7856,491,,0.01515086367726326,0.16427674889564514
,7857,491,,0.013658583164215088,0.17464151978492737
,7858,491,,0.017649563029408455,0.11164824664592743
,7859,491,,0.018636425957083702,0.1718824803829193
,7860,491,,0.01359674520790577,0.13069744408130646
,7861,491,,0.01856500655412674,0.17848671972751617
,7862,491,,0.017418457195162773,0.13884128630161285
,7863,491,,0.026110084727406502,0.13443802297115326
,7864,491,,0.017973795533180237,0.12620699405670166
,7865,491,,0.01020575501024723,0.11309440433979034
,7866,491,,0.01730373129248619,0.09839864075183868
,7867,491,,0.018477093428373337,0.15062853693962097
,7868,491,,0.02538856491446495,0.14327816665172577
,7869,491,,0.023206256330013275,0.1866903454065323
,7870,491,,0.02025795169174671,0.1710379421710968
,7871,491,,0.016499299556016922,0.18572375178337097
7872,,492,0.00015209373668767512,,0.08482392132282257
7873,,492,0.00022738375992048532,,0.123177669942379
7874,,492,0.00012314987543504685,,0.13284987211227417
7875,,492,0.0002422785182716325,,0.11337092518806458
7876,,492,3.22521009366028e-05,,0.0767124742269516
7877,,492,9.250338189303875e-05,,0.09481748938560486
7878,,492,3.596481110434979e-05,,0.05870336294174194
7879,,492,7.241136336233467e-05,,0.08158780634403229
7880,,492,0.0007377943838946521,,0.15982991456985474
7881,,492,5.2926283387932926e-05,,0.05799460783600807
7882,,492,0.000299169187201187,,0.08032600581645966
7883,,492,0.0006063255714252591,,0.15011410415172577
7884,,492,0.00015211792197078466,,0.04116261005401611
7885,,492,0.00013193389168009162,,0.06337442249059677
7886,,492,4.2907420720439404e-05,,0.11137793958187103
7887,,492,9.1243811766617e-05,,0.0851091593503952
,7872,492,,0.019203931093215942,0.1461007297039032
,7873,492,,0.01223966758698225,0.12733304500579834
,7874,492,,0.013852552510797977,0.18496392667293549
,7875,492,,0.012902642600238323,0.16400519013404846
,7876,492,,0.012959621846675873,0.10195362567901611
,7877,492,,0.012678435072302818,0.1308668553829193
,7878,492,,0.01212402805685997,0.15379364788532257
,7879,492,,0.01588478684425354,0.1569139063358307
,7880,492,,0.024062592536211014,0.17775927484035492
,7881,492,,0.01620526984333992,0.12713748216629028
,7882,492,,0.01393703930079937,0.15071697533130646
,7883,492,,0.018025077879428864,0.14125527441501617
,7884,492,,0.014516439288854599,0.14941281080245972
,7885,492,,0.0159071646630764,0.1750737428665161
,7886,492,,0.015476150438189507,0.20813113451004028
,7887,492,,0.013637607917189598,0.11852778494358063
7888,,493,0.0001790791138773784,,0.12895232439041138
7889,,493,0.00017428146384190768,,0.18033647537231445
7890,,493,7.836100849090144e-05,,0.05734065920114517
7891,,493,0.00012758324737660587,,0.0226353220641613
7892,,493,7.698578701820225e-05,,0.1104736328125
7893,,493,2.445692734909244e-05,,0.018712881952524185
7894,,493,0.00023167682229541242,,0.06471595168113708
7895,,493,0.0003031312662642449,,0.09111054241657257
7896,,493,5.4389875003835186e-05,,0.07068617641925812
7897,,493,6.417817348847166e-05,,0.09118154644966125
7898,,493,0.0001146596041508019,,0.1471022069454193
7899,,493,0.00012005705502815545,,0.08882981538772583
7900,,493,4.19071402575355e-05,,0.04868363216519356
7901,,493,6.918350845808163e-05,,0.0879429429769516
7902,,493,8.71145457495004e-05,,0.10943977534770966
7903,,493,7.777384598739445e-05,,0.08593624830245972
,7888,493,,0.024800777435302734,0.19143864512443542
,7889,493,,0.02653016895055771,0.18330475687980652
,7890,493,,0.01743302308022976,0.14306890964508057
,7891,493,,0.023271355777978897,0.20966821908950806
,7892,493,,0.015491340309381485,0.12072380632162094
,7893,493,,0.022271141409873962,0.17052975296974182
,7894,493,,0.018090730533003807,0.12819749116897583
,7895,493,,0.01421927846968174,0.09728505462408066
,7896,493,,0.019036846235394478,0.12047965824604034
,7897,493,,0.018240682780742645,0.18969227373600006
,7898,493,,0.01944231241941452,0.13752217590808868
,7899,493,,0.02332955226302147,0.16496682167053223
,7900,493,,0.018015293404459953,0.15653899312019348
,7901,493,,0.02297140471637249,0.16578269004821777
,7902,493,,0.017448943108320236,0.17479348182678223
,7903,493,,0.010502535849809647,0.12379050254821777
7904,,494,0.00020652191597037017,,0.07294946908950806
7905,,494,4.299046486266889e-05,,0.01974674127995968
7906,,494,0.00026449834695085883,,0.05421914905309677
7907,,494,0.00017205640324391425,,0.1518205851316452
7908,,494,0.00011139844718854874,,0.041354432702064514
7909,,494,9.01013845577836e-05,,0.11554452776908875
7910,,494,9.650662104832008e-05,,0.029142417013645172
7911,,494,0.0001218769684783183,,0.08211595565080643
7912,,494,7.507911504944786e-05,,0.03190892934799194
7913,,494,0.0002059262478724122,,0.10515236854553223
7914,,494,0.00012575791333802044,,0.14452627301216125
7915,,494,7.192612247308716e-05,,0.0378941111266613
7916,,494,9.804274304769933e-05,,0.04817790910601616
7917,,494,0.00012224551755934954,,0.0631975457072258
7918,,494,0.0003083567426074296,,0.12194450199604034
7919,,494,7.710068894084543e-05,,0.11230842769145966
,7904,494,,0.01922585628926754,0.10601059347391129
,7905,494,,0.014288682490587234,0.11979831755161285
,7906,494,,0.019790947437286377,0.1264997124671936
,7907,494,,0.0321446917951107,0.1908743679523468
,7908,494,,0.019956324249505997,0.1742466539144516
,7909,494,,0.019939735531806946,0.16697350144386292
,7910,494,,0.017512770369648933,0.11210538446903229
,7911,494,,0.01170225441455841,0.16798245906829834
,7912,494,,0.01671900786459446,0.1086164265871048
,7913,494,,0.018277248367667198,0.09227145463228226
,7914,494,,0.016410794109106064,0.11007378995418549
,7915,494,,0.020886965095996857,0.1930193305015564
,7916,494,,0.018805386498570442,0.1449323296546936
,7917,494,,0.015264920890331268,0.1853463351726532
,7918,494,,0.016899030655622482,0.15158766508102417
,7919,494,,0.02140434831380844,0.14038708806037903
7920,,495,2.8897247830173e-05,,0.12188720703125
7921,,495,0.00024361863324884325,,0.07288843393325806
7922,,495,4.012370482087135e-05,,0.012568259611725807
7923,,495,0.00017703574849292636,,0.09519989788532257
7924,,495,0.00013897563621867448,,0.10663340240716934
7925,,495,3.0335797418956645e-05,,0.12072879076004028
7926,,495,0.0001056406763382256,,0.0518537238240242
7927,,495,8.492735651088879e-05,,0.13406434655189514
7928,,495,0.00013469281839206815,,0.119759701192379
7929,,495,0.00015265004185494035,,0.16988947987556458
7930,,495,0.00023101904662325978,,0.16278323531150818
7931,,495,8.652488759253174e-05,,0.0049002510495483875
7932,,495,6.876774568809196e-05,,0.07638861238956451
7933,,495,8.294837607536465e-05,,0.10857406258583069
7934,,495,7.046833343338221e-05,,0.06576351076364517
7935,,495,0.0001480838836869225,,0.054119497537612915
,7920,495,,0.019055381417274475,0.14418746531009674
,7921,495,,0.017981108278036118,0.13368692994117737
,7922,495,,0.014865112490952015,0.14707355201244354
,7923,495,,0.01214530412107706,0.16137570142745972
,7924,495,,0.02009645104408264,0.16378971934318542
,7925,495,,0.018995804712176323,0.14505939185619354
,7926,495,,0.011922321282327175,0.16773083806037903
,7927,495,,0.01803210750222206,0.1235177144408226
,7928,495,,0.019442833960056305,0.1775612235069275
,7929,495,,0.019467445090413094,0.15607686340808868
,7930,495,,0.019880658015608788,0.13049441576004028
,7931,495,,0.01858724094927311,0.12746880948543549
,7932,495,,0.015534918755292892,0.13347765803337097
,7933,495,,0.015906304121017456,0.13371431827545166
,7934,495,,0.021497739478945732,0.1708212047815323
,7935,495,,0.01890028640627861,0.16096091270446777
7936,,496,7.19431191100739e-05,,0.12794837355613708
7937,,496,0.0002097294054692611,,0.0611746609210968
7938,,496,7.551179442089051e-05,,0.08775610476732254
7939,,496,5.6417949963361025e-05,,0.08311992138624191
7940,,496,2.4734341423027217e-05,,0.018538493663072586
7941,,496,1.636798151594121e-05,,0.04610521346330643
7942,,496,0.00010082366497954354,,0.08685302734375
7943,,496,0.00033558139693923295,,0.21340131759643555
7944,,496,0.00012082469766028225,,0.12780138850212097
7945,,496,4.667451503337361e-05,,0.014897561632096767
7946,,496,6.386013410519809e-05,,0.030913684517145157
7947,,496,0.0003098439483437687,,0.1819632351398468
7948,,496,0.00015676031762268394,,0.0857631117105484
7949,,496,0.00011560785060282797,,0.08232272416353226
7950,,496,1.0569780897640157e-05,,0.06536740064620972
7951,,496,0.00017263535119127482,,0.05786381661891937
,7936,496,,0.017634695395827293,0.14080685377120972
,7937,496,,0.01889580488204956,0.15039187669754028
,7938,496,,0.01627219095826149,0.1426030397415161
,7939,496,,0.021163340657949448,0.16729861497879028
,7940,496,,0.013488073833286762,0.14107342064380646
,7941,496,,0.011598767712712288,0.17083740234375
,7942,496,,0.025027472525835037,0.1976405531167984
,7943,496,,0.02073424682021141,0.20732522010803223
,7944,496,,0.02429073303937912,0.20819464325904846
,7945,496,,0.022057075053453445,0.1287318617105484
,7946,496,,0.016253594309091568,0.1173444464802742
,7947,496,,0.022953135892748833,0.16305230557918549
,7948,496,,0.02511979639530182,0.23003777861595154
,7949,496,,0.01337274257093668,0.15348723530769348
,7950,496,,0.01655253954231739,0.15522360801696777
,7951,496,,0.02314096689224243,0.14912383258342743
7952,,497,8.942038402892649e-05,,0.12333087623119354
7953,,497,0.00014048298180568963,,0.1042131707072258
7954,,497,0.00018900709983427078,,0.09153653681278229
7955,,497,9.712793143989984e-06,,0.07425487041473389
7956,,497,8.878383232513443e-05,,0.06889747828245163
7957,,497,0.00012137671728851274,,0.0788225457072258
7958,,497,5.27573938597925e-05,,0.01742366887629032
7959,,497,0.0001584772253409028,,0.093392513692379
7960,,497,8.030818571569398e-05,,0.1165771558880806
7961,,497,0.0001464919769205153,,0.1492210030555725
7962,,497,7.568152068415657e-05,,0.07886738330125809
7963,,497,4.6817549446132034e-05,,0.08717814087867737
7964,,497,8.386037370655686e-05,,0.028935644775629044
7965,,497,0.00022852851543575525,,0.16211560368537903
7966,,497,2.7091700758319348e-05,,0.02644815295934677
7967,,497,8.279617031803355e-05,,0.04186388850212097
,7952,497,,0.014345606788992882,0.12881657481193542
,7953,497,,0.012996130622923374,0.12684102356433868
,7954,497,,0.013556571677327156,0.16447854042053223
,7955,497,,0.014891114085912704,0.13020044565200806
,7956,497,,0.013204682618379593,0.14960962533950806
,7957,497,,0.019271720200777054,0.16227878630161285
,7958,497,,0.015166796743869781,0.1107264906167984
,7959,497,,0.010178872384130955,0.15658755600452423
,7960,497,,0.01723608560860157,0.18587198853492737
,7961,497,,0.01770078018307686,0.1746826171875
,7962,497,,0.012080347165465355,0.19508081674575806
,7963,497,,0.008950943127274513,0.12532386183738708
,7964,497,,0.014692716300487518,0.13230428099632263
,7965,497,,0.015102263540029526,0.14516402781009674
,7966,497,,0.014424982480704784,0.15274982154369354
,7967,497,,0.014715274795889854,0.14514409005641937
7968,,498,2.226176547992509e-05,,0.052663374692201614
7969,,498,7.126726268325001e-05,,0.03029336780309677
7970,,498,0.0001414667785866186,,0.07523766160011292
7971,,498,1.1175639883731492e-05,,0.04496796429157257
7972,,498,3.105703217443079e-05,,0.06624307483434677
7973,,498,0.00010799613664858043,,0.09226896613836288
7974,,498,0.0003879184660036117,,0.04811936989426613
7975,,498,1.5920621081022546e-05,,0.10378842055797577
7976,,498,2.7378177037462592e-05,,0.013612085953354836
7977,,498,0.00026705529307946563,,0.1443842649459839
7978,,498,0.0002762055373750627,,0.08598233759403229
7979,,498,1.9146842532791197e-05,,0.048326145857572556
7980,,498,0.00015653384616598487,,0.11048982292413712
7981,,498,8.582905138609931e-05,,0.05830227583646774
7982,,498,0.00012266078556422144,,0.13841278851032257
7983,,498,5.179944491828792e-05,,0.026937678456306458
,7968,498,,0.012169773690402508,0.18673396110534668
,7969,498,,0.008328122086822987,0.1686837375164032
,7970,498,,0.013113054446876049,0.1368408203125
,7971,498,,0.015130264684557915,0.14493981003761292
,7972,498,,0.01911831647157669,0.16917824745178223
,7973,498,,0.014723327942192554,0.15285071730613708
,7974,498,,0.016408588737249374,0.1464146226644516
,7975,498,,0.01597665622830391,0.16697973012924194
,7976,498,,0.017411835491657257,0.16556720435619354
,7977,498,,0.017162363976240158,0.11890271306037903
,7978,498,,0.009799398481845856,0.11431387066841125
,7979,498,,0.010882586240768433,0.1387254297733307
,7980,498,,0.0193657036870718,0.14580799639225006
,7981,498,,0.016899148002266884,0.14898309111595154
,7982,498,,0.020481251180171967,0.12691077589988708
,7983,498,,0.0169072262942791,0.11293372511863708
7984,,499,0.00018149643437936902,,0.16197359561920166
7985,,499,6.811766070313752e-05,,0.06424137949943542
7986,,499,6.937670696061105e-05,,0.13371805846691132
7987,,499,8.749702101340517e-05,,0.11541000753641129
7988,,499,0.00021239169291220605,,0.08976278454065323
7989,,499,6.730691529810429e-05,,0.09996935725212097
7990,,499,8.424425686825998e-06,,0.0660051628947258
7991,,499,0.00021132698748260736,,0.10075658559799194
7992,,499,0.0002702963538467884,,0.13351751863956451
7993,,499,5.969137419015169e-05,,0.09329784661531448
7994,,499,9.189154661726207e-05,,0.09217553585767746
7995,,499,4.774659464601427e-05,,0.15305998921394348
7996,,499,0.00014010691666044295,,0.11924152076244354
7997,,499,4.474536399357021e-05,,0.0917532816529274
7998,,499,2.2240155885810964e-05,,0.07259570807218552
7999,,499,4.745324986288324e-05,,0.14596745371818542
,7984,499,,0.019073989242315292,0.16746552288532257
,7985,499,,0.01578208990395069,0.13583062589168549
,7986,499,,0.015279719606041908,0.09329286217689514
,7987,499,,0.01474218163639307,0.16157002747058868
,7988,499,,0.020759308710694313,0.16090984642505646
,7989,499,,0.017289333045482635,0.15904515981674194
,7990,499,,0.012811511754989624,0.14938166737556458
,7991,499,,0.01130339503288269,0.16317561268806458
,7992,499,,0.019046321511268616,0.14011803269386292
,7993,499,,0.01290358230471611,0.12372449040412903
,7994,499,,0.016793984919786453,0.15492716431617737
,7995,499,,0.02204020693898201,0.12433607876300812
,7996,499,,0.01873829774558544,0.15047159790992737
,7997,499,,0.019114308059215546,0.16353684663772583
,7998,499,,0.017259512096643448,0.1344965696334839
,7999,499,,0.016740024089813232,0.13969701528549194
8000,,500,5.4716962040401995e-05,,0.08464828878641129
8001,,500,0.00011186154733877629,,0.018252002075314522
8002,,500,0.00027140849852003157,,0.1370936781167984
8003,,500,0.00014915458450559527,,0.029790138825774193
8004,,500,6.692807073704898e-05,,0.001596878981217742
8005,,500,0.00021929432114120573,,0.21719297766685486
8006,,500,5.010429958929308e-05,,0.07116823643445969
8007,,500,2.410030720056966e-05,,0.09027847647666931
8008,,500,0.00018770407768897712,,0.03235112503170967
8009,,500,3.4278280509170145e-05,,0.17630067467689514
8010,,500,0.00021184809156693518,,0.15667849779129028
8011,,500,2.949815461761318e-05,,0.04020223766565323
8012,,500,3.339905379107222e-05,,0.051791444420814514
8013,,500,3.169287083437666e-05,,0.045167263597249985
8014,,500,7.075535540934652e-05,,0.057781606912612915
8015,,500,2.742642755038105e-05,,0.05372463911771774
,8000,500,,0.020410019904375076,0.14842131733894348
,8001,500,,0.019111452624201775,0.17441731691360474
,8002,500,,0.016443680971860886,0.14600107073783875
,8003,500,,0.015157471410930157,0.18449309468269348
,8004,500,,0.014818675816059113,0.07799918949604034
,8005,500,,0.016509216278791428,0.1323341727256775
,8006,500,,0.017773950472474098,0.1663108468055725
,8007,500,,0.018360938876867294,0.13331946730613708
,8008,500,,0.016619961708784103,0.16188766062259674
,8009,500,,0.014294199645519257,0.14703619480133057
,8010,500,,0.014382264576852322,0.12456154823303223
,8011,500,,0.01776072010397911,0.11296984553337097
,8012,500,,0.01286704558879137,0.17632310092449188
,8013,500,,0.014596286229789257,0.13627032935619354
,8014,500,,0.01394033432006836,0.19771528244018555
,8015,500,,0.021643923595547676,0.16449224948883057
8016,,501,0.00014122453285381198,,0.10355797410011292
8017,,501,7.898586773080751e-05,,0.04128343239426613
8018,,501,0.00011451744649093598,,0.15444262325763702
8019,,501,0.0003200327337253839,,0.13851618766784668
8020,,501,0.0001129566808231175,,0.0698765367269516
8021,,501,0.00012897681153845042,,0.05279292166233063
8022,,501,0.00012831404455937445,,0.10724624991416931
8023,,501,0.0004095508484169841,,0.15643683075904846
8024,,501,2.9267568606883287e-05,,0.059841856360435486
8025,,501,7.626616570632905e-05,,0.061905842274427414
8026,,501,0.0002477681264281273,,0.09725765883922577
8027,,501,1.2671459444391076e-05,,0.07320980727672577
8028,,501,0.00024625140940770507,,0.13768160343170166
8029,,501,5.794221942778677e-05,,0.027702488005161285
8030,,501,6.176727765705436e-05,,0.06532381474971771
8031,,501,0.0004417181189637631,,0.14424225687980652
,8016,501,,0.018880948424339294,0.19811514019966125
,8017,501,,0.01574084162712097,0.13202276825904846
,8018,501,,0.02345946989953518,0.13282246887683868
,8019,501,,0.018692143261432648,0.1949114054441452
,8020,501,,0.013335460796952248,0.18410569429397583
,8021,501,,0.016586724668741226,0.16346211731433868
,8022,501,,0.018102334812283516,0.16280193626880646
,8023,501,,0.014359253458678722,0.18448686599731445
,8024,501,,0.017055025324225426,0.1440354883670807
,8025,501,,0.030016133561730385,0.1980341672897339
,8026,501,,0.0194978266954422,0.168561652302742
,8027,501,,0.009765544906258583,0.13932955265045166
,8028,501,,0.01525549590587616,0.16498799622058868
,8029,501,,0.01713412068784237,0.16107800602912903
,8030,501,,0.017334435135126114,0.12541604042053223
,8031,501,,0.016318488866090775,0.1692143678665161
8032,,502,0.00014122939319349825,,0.03719034045934677
8033,,502,9.339742246083915e-05,,0.07268664240837097
8034,,502,0.0003205836983397603,,0.07687066495418549
8035,,502,0.0001837878517108038,,0.1651262640953064
8036,,502,2.409759326837957e-05,,0.12058429419994354
8037,,502,3.750513133127242e-05,,0.009841607883572578
8038,,502,5.5385469750035554e-05,,0.04717394709587097
8039,,502,0.0002057618839899078,,0.07264180481433868
8040,,502,5.8457517297938466e-05,,0.03983229026198387
8041,,502,0.00024291629961226135,,0.12996625900268555
8042,,502,0.00020440357911866158,,0.05209288001060486
8043,,502,5.1205584895797074e-05,,0.05253756791353226
8044,,502,0.00017177050176542252,,0.08437051624059677
8045,,502,6.606621354876552e-06,,0.08107087761163712
8046,,502,0.0004209701146464795,,0.14469194412231445
8047,,502,0.00017396318435203284,,0.18405213952064514
,8032,502,,0.018983913585543633,0.19543206691741943
,8033,502,,0.02639206498861313,0.1507468819618225
,8034,502,,0.024959947913885117,0.1990443617105484
,8035,502,,0.021564502269029617,0.19578459858894348
,8036,502,,0.015793394297361374,0.1465204954147339
,8037,502,,0.018169861286878586,0.1447579562664032
,8038,502,,0.014515047892928123,0.18483811616897583
,8039,502,,0.01375504769384861,0.11746152490377426
,8040,502,,0.025917520746588707,0.15417231619358063
,8041,502,,0.01379744615405798,0.12456902116537094
,8042,502,,0.01703101210296154,0.1243198812007904
,8043,502,,0.0145238246768713,0.21288813650608063
,8044,502,,0.01881822571158409,0.16639554500579834
,8045,502,,0.017770875245332718,0.14202880859375
,8046,502,,0.0172602329403162,0.17084860801696777
,8047,502,,0.014489119872450829,0.13924112915992737
8048,,503,0.00011768231343012303,,0.09307612478733063
8049,,503,5.200562009122223e-05,,0.1038556769490242
8050,,503,8.778252231422812e-05,,0.08988485485315323
8051,,503,0.00014938517415430397,,0.06471968442201614
8052,,503,0.00015698357310611755,,0.09707827866077423
8053,,503,0.00015557021833956242,,0.15121646225452423
8054,,503,4.190442996332422e-05,,0.09494081139564514
8055,,503,4.3599793571047485e-05,,0.1500767171382904
8056,,503,0.00029838760383427143,,0.058304768055677414
8057,,503,0.00010772552195703611,,0.07946652919054031
8058,,503,5.4929427278693765e-05,,0.10249795019626617
8059,,503,0.00014807653496973217,,0.13555659353733063
8060,,503,5.238045923761092e-05,,0.04646892845630646
8061,,503,0.0001120961969718337,,0.038198042660951614
8062,,503,6.666229455731809e-05,,0.1387590616941452
8063,,503,0.0001496563636464998,,0.04700080305337906
,8048,503,,0.019731365144252777,0.2115827202796936
,8049,503,,0.012159070000052452,0.10011385381221771
,8050,503,,0.019521329551935196,0.13247866928577423
,8051,503,,0.01792885735630989,0.14650556445121765
,8052,503,,0.01726142317056656,0.16534548997879028
,8053,503,,0.01642598584294319,0.14754065871238708
,8054,503,,0.012498002499341965,0.1539132297039032
,8055,503,,0.01936834491789341,0.1998203843832016
,8056,503,,0.014637522399425507,0.12267693132162094
,8057,503,,0.01149749755859375,0.18183493614196777
,8058,503,,0.01994532160460949,0.16581633687019348
,8059,503,,0.013146860525012016,0.10313072800636292
,8060,503,,0.01837102696299553,0.12818628549575806
,8061,503,,0.021919474005699158,0.14574944972991943
,8062,503,,0.010603602044284344,0.14246103167533875
,8063,503,,0.020829787477850914,0.16814935207366943
8064,,504,0.0002056554367300123,,0.11418057978153229
8065,,504,1.2694435099547263e-05,,0.03726134076714516
8066,,504,0.00012265518307685852,,0.19536855816841125
8067,,504,7.944081153254956e-05,,0.1528245508670807
8068,,504,0.00011715480650309473,,0.06677993386983871
8069,,504,7.761944289086387e-05,,0.13939309120178223
8070,,504,0.00010643446148606017,,0.010490573942661285
8071,,504,4.3522049963939935e-05,,0.06708012521266937
8072,,504,0.00019789116049651057,,0.09073436260223389
8073,,504,0.00024312559980899096,,0.2366345226764679
8074,,504,3.2658237614668906e-05,,0.031246263533830643
8075,,504,0.00011246382200624794,,0.07345020771026611
8076,,504,6.349507020786405e-05,,0.05032410845160484
8077,,504,7.915097376098856e-05,,0.055456046015024185
8078,,504,0.0006104821222834289,,0.047728247940540314
8079,,504,6.806620513089001e-05,,0.03607800602912903
,8064,504,,0.018363146111369133,0.11927390843629837
,8065,504,,0.016996359452605247,0.16211436688899994
,8066,504,,0.016721397638320923,0.16844333708286285
,8067,504,,0.025441743433475494,0.1812382936477661
,8068,504,,0.0195564366877079,0.14485885202884674
,8069,504,,0.018488023430109024,0.13327212631702423
,8070,504,,0.01748356968164444,0.16497428715229034
,8071,504,,0.028020687401294708,0.17879438400268555
,8072,504,,0.02081049233675003,0.1522204428911209
,8073,504,,0.017542244866490364,0.16275212168693542
,8074,504,,0.019327804446220398,0.13641232252120972
,8075,504,,0.020877087488770485,0.07208003103733063
,8076,504,,0.019504031166434288,0.11022201925516129
,8077,504,,0.023396283388137817,0.19293338060379028
,8078,504,,0.017903802916407585,0.16579389572143555
,8079,504,,0.018364625051617622,0.11561055481433868
8080,,505,7.001194899203256e-05,,0.12224594503641129
8081,,505,5.989096098346636e-05,,0.05037517845630646
8082,,505,1.91338658623863e-05,,0.09364411979913712
8083,,505,0.0001555094786453992,,0.24212771654129028
8084,,505,0.00014183111488819122,,0.08242486417293549
8085,,505,7.782134343869984e-05,,0.04720135033130646
8086,,505,6.197225593496114e-05,,0.10292519629001617
8087,,505,0.00026250729570165277,,0.12410689890384674
8088,,505,6.754951027687639e-05,,0.12464998662471771
8089,,505,3.553498754627071e-05,,0.04435761272907257
8090,,505,0.00014373654266819358,,0.15278968214988708
8091,,505,0.00018712032760959119,,0.03525589779019356
8092,,505,9.453736856812611e-05,,0.0399431511759758
8093,,505,0.00010372581891715527,,0.0484706312417984
8094,,505,0.0002642348117660731,,0.12838433682918549
8095,,505,0.00014775340969208628,,0.05470743030309677
,8080,505,,0.016636129468679428,0.13305164873600006
,8081,505,,0.017050020396709442,0.14735007286071777
,8082,505,,0.014832951128482819,0.08703239262104034
,8083,505,,0.021897047758102417,0.17419186234474182
,8084,505,,0.02480500191450119,0.17159971594810486
,8085,505,,0.02391396090388298,0.17011618614196777
,8086,505,,0.025657329708337784,0.14687176048755646
,8087,505,,0.014570798724889755,0.12005116790533066
,8088,505,,0.02808946743607521,0.1536952406167984
,8089,505,,0.015813017264008522,0.15132483839988708
,8090,505,,0.02074645645916462,0.1509324610233307
,8091,505,,0.020796768367290497,0.13086560368537903
,8092,505,,0.024274175986647606,0.15587133169174194
,8093,505,,0.01610488072037697,0.13983279466629028
,8094,505,,0.019498061388731003,0.12624064087867737
,8095,505,,0.017455676570534706,0.09403151273727417
8096,,506,5.358984344638884e-05,,0.026089414954185486
8097,,506,0.00011138177069369704,,0.05460529029369354
8098,,506,4.7533252654829994e-05,,0.059022244065999985
8099,,506,0.00010259011469315737,,0.1400931179523468
8100,,506,0.0002777577028609812,,0.12635274231433868
8101,,506,3.6265635571908206e-05,,0.21331040561199188
8102,,506,7.72713974583894e-05,,0.10255401581525803
8103,,506,4.444299338501878e-05,,0.06539729982614517
8104,,506,4.121351958019659e-05,,0.12294100224971771
8105,,506,0.00013226750888861716,,0.04591338708996773
8106,,506,8.22672009235248e-05,,0.0991385281085968
8107,,506,8.538605470675975e-05,,0.1426042765378952
8108,,506,0.00030633469577878714,,0.092764712870121
8109,,506,0.00013388875231612474,,0.16164226830005646
8110,,506,0.000259129679761827,,0.03701969236135483
8111,,506,0.000131100372527726,,0.07192184031009674
,8096,506,,0.02616860717535019,0.12990275025367737
,8097,506,,0.01257309876382351,0.1172746866941452
,8098,506,,0.01624947041273117,0.14052285254001617
,8099,506,,0.014138322323560715,0.11495286971330643
,8100,506,,0.0172455832362175,0.1790858656167984
,8101,506,,0.009765069000422955,0.12123575806617737
,8102,506,,0.02363644540309906,0.13000737130641937
,8103,506,,0.024333342909812927,0.16715411841869354
,8104,506,,0.018479561433196068,0.1431984305381775
,8105,506,,0.02150726690888405,0.16671815514564514
,8106,506,,0.020876960828900337,0.11572888493537903
,8107,506,,0.01552876178175211,0.12327482551336288
,8108,506,,0.02530493028461933,0.15642687678337097
,8109,506,,0.0176636204123497,0.14648935198783875
,8110,506,,0.013633382506668568,0.13739636540412903
,8111,506,,0.02071027085185051,0.12879040837287903
8112,,507,0.00012414975208230317,,0.1298566460609436
8113,,507,6.129315443104133e-05,,0.05627192556858063
8114,,507,7.323400495806709e-05,,0.14046306908130646
8115,,507,6.419066630769521e-05,,0.06743886321783066
8116,,507,0.00011458687367849052,,0.056472472846508026
8117,,507,0.00032933277543634176,,0.12652337551116943
8118,,507,6.591016426682472e-05,,0.02004818059504032
8119,,507,2.340146056667436e-05,,0.045620668679475784
8120,,507,1.9927330868085846e-05,,0.06254608929157257
8121,,507,4.290240030968562e-05,,0.0834873765707016
8122,,507,3.191766518284567e-05,,0.08949622511863708
8123,,507,0.00013756757834926248,,0.030407965183258057
8124,,507,0.0001643141295062378,,0.14225426316261292
8125,,507,0.00032276101410388947,,0.2085820436477661
8126,,507,0.00030941309523768723,,0.05951675400137901
8127,,507,0.00042356434278190136,,0.22479745745658875
,8112,507,,0.023978501558303833,0.1643415093421936
,8113,507,,0.021801825612783432,0.13756951689720154
,8114,507,,0.014901907183229923,0.15111806988716125
,8115,507,,0.020068570971488953,0.16947968304157257
,8116,507,,0.025853922590613365,0.1508427858352661
,8117,507,,0.019594166427850723,0.14869782328605652
,8118,507,,0.01619509980082512,0.14487504959106445
,8119,507,,0.019044138491153717,0.0992431640625
,8120,507,,0.02403833717107773,0.14564108848571777
,8121,507,,0.01594284549355507,0.1780657172203064
,8122,507,,0.014267560094594955,0.10107421875
,8123,507,,0.019812684506177902,0.12497259676456451
,8124,507,,0.02645534835755825,0.12983423471450806
,8125,507,,0.010500537231564522,0.09839614480733871
,8126,507,,0.014777157455682755,0.1612635999917984
,8127,507,,0.022504713386297226,0.16076534986495972
8128,,508,0.00016558067000005394,,0.0909598171710968
8129,,508,0.00017297790327575058,,0.13688068091869354
8130,,508,4.760968658956699e-05,,0.07449278980493546
8131,,508,8.305773371830583e-05,,0.11609634011983871
8132,,508,0.00019455789879430085,,0.07887236773967743
8133,,508,6.31955626886338e-05,,0.10633320361375809
8134,,508,9.980713002732955e-06,,0.06941191852092743
8135,,508,0.00018664552771952003,,0.07122677564620972
8136,,508,3.494194243103266e-05,,0.07875652611255646
8137,,508,0.00010175524221267551,,0.1470685750246048
8138,,508,0.00027204022626392543,,0.09162871539592743
8139,,508,0.00014758954057469964,,0.19706757366657257
8140,,508,9.10784729057923e-05,,0.015597596764564514
8141,,508,0.00010573837062111124,,0.06856490671634674
8142,,508,4.018938489025459e-05,,0.013478805311024189
8143,,508,0.00014341625501401722,,0.05698441341519356
,8128,508,,0.020590122789144516,0.17151251435279846
,8129,508,,0.027058307081460953,0.12052076309919357
,8130,508,,0.02089836075901985,0.17155611515045166
,8131,508,,0.020618107169866562,0.13040471076965332
,8132,508,,0.014281122013926506,0.16630958020687103
,8133,508,,0.016477778553962708,0.1417323499917984
,8134,508,,0.0139028774574399,0.16915956139564514
,8135,508,,0.012323853559792042,0.11216144263744354
,8136,508,,0.02572346292436123,0.1601649671792984
,8137,508,,0.01483371201902628,0.15821930766105652
,8138,508,,0.011435752734541893,0.15291424095630646
,8139,508,,0.01143566146492958,0.1253836452960968
,8140,508,,0.015245560556650162,0.14180085062980652
,8141,508,,0.018493831157684326,0.15319326519966125
,8142,508,,0.016155194491147995,0.10802599787712097
,8143,508,,0.021766088902950287,0.14014044404029846
8144,,509,1.780519960448146e-05,,0.018854880705475807
8145,,509,0.00012194628652650863,,0.0444597527384758
8146,,509,1.127669838751899e-05,,0.004679776728153229
8147,,509,2.6929455998470075e-05,,0.013963349163532257
8148,,509,0.00016011728439480066,,0.09571683406829834
8149,,509,0.00012934955884702504,,0.05294612795114517
8150,,509,7.446610106853768e-05,,0.06136897951364517
8151,,509,0.0001280229480471462,,0.14712461829185486
8152,,509,6.053703691577539e-05,,0.05262600630521774
8153,,509,0.0001023325530695729,,0.0579572394490242
8154,,509,4.664118023356423e-05,,0.07010447978973389
8155,,509,0.00017395011673215777,,0.11569276452064514
8156,,509,0.0001320602314081043,,0.14496970176696777
8157,,509,0.00016529423010069877,,0.16289286315441132
8158,,509,0.00012318260269239545,,0.04887670278549194
8159,,509,6.556341395480558e-05,,0.012194574810564518
,8144,509,,0.021184422075748444,0.22474141418933868
,8145,509,,0.014071143232285976,0.13041967153549194
,8146,509,,0.02053113467991352,0.18938462436199188
,8147,509,,0.01865966245532036,0.16553358733654022
,8148,509,,0.015184994786977768,0.12876424193382263
,8149,509,,0.0226108580827713,0.19743627309799194
,8150,509,,0.014647549949586391,0.09545774012804031
,8151,509,,0.024931471794843674,0.12197314947843552
,8152,509,,0.01888629049062729,0.15191401541233063
,8153,509,,0.017411047592759132,0.17230971157550812
,8154,509,,0.019150245934724808,0.13116952776908875
,8155,509,,0.01050479430705309,0.12663549184799194
,8156,509,,0.018984299153089523,0.14156293869018555
,8157,509,,0.015837740153074265,0.14869534969329834
,8158,509,,0.011320633813738823,0.1350957155227661
,8159,509,,0.022425543516874313,0.17875078320503235
8160,,510,0.0003008101193699986,,0.19187211990356445
8161,,510,0.00019676472584251314,,0.07513552159070969
8162,,510,0.00030454210354946554,,0.2561732530593872
8163,,510,8.983352745417506e-05,,0.027662627398967743
8164,,510,3.3384723792551085e-05,,0.0736432746052742
8165,,510,8.026444993447512e-05,,0.06984788179397583
8166,,510,0.0002388106076978147,,0.10070177912712097
8167,,510,0.0001159974854090251,,0.03343356400728226
8168,,510,0.00010667116293916479,,0.04402129352092743
8169,,510,7.084193202899769e-05,,0.047536421567201614
8170,,510,9.168249380309135e-05,,0.07358846813440323
8171,,510,8.101106504909694e-05,,0.07650445401668549
8172,,510,0.00018503113824408501,,0.0668073371052742
8173,,510,2.5224037017324008e-05,,0.08812978118658066
8174,,510,2.769893762888387e-05,,0.09848085045814514
8175,,510,4.931121657136828e-05,,0.09792530536651611
,8160,510,,0.01832832396030426,0.14499211311340332
,8161,510,,0.012016508728265762,0.16415716707706451
,8162,510,,0.016322780400514603,0.16176559031009674
,8163,510,,0.02505503222346306,0.2055315375328064
,8164,510,,0.01833159476518631,0.16615638136863708
,8165,510,,0.016034003347158432,0.099173404276371
,8166,510,,0.017455443739891052,0.13974310457706451
,8167,510,,0.01730669103562832,0.15893927216529846
,8168,510,,0.026681818068027496,0.1712546944618225
,8169,510,,0.016968604177236557,0.14483642578125
,8170,510,,0.021702969446778297,0.16668203473091125
,8171,510,,0.015623928979039192,0.14614805579185486
,8172,510,,0.021588779985904694,0.14367924630641937
,8173,510,,0.02229446917772293,0.12344672530889511
,8174,510,,0.01568106934428215,0.13957743346691132
,8175,510,,0.021490156650543213,0.18348537385463715
8176,,511,7.321547309402376e-05,,0.07281743735074997
8177,,511,0.0002089074841933325,,0.15658757090568542
8178,,511,4.110044756089337e-05,,0.052410513162612915
8179,,511,2.457283335388638e-05,,0.047695860266685486
8180,,511,3.0248018447309732e-05,,0.026180345565080643
8181,,511,8.885967690730467e-05,,0.16175809502601624
8182,,511,0.00034076086012646556,,0.12832827866077423
8183,,511,2.9156075470382348e-05,,0.0083443783223629
8184,,511,0.00010843706695595756,,0.06596779078245163
8185,,511,7.773393735988066e-05,,0.06599394977092743
8186,,511,0.0001343918265774846,,0.05317407846450806
8187,,511,0.00014976396050769836,,0.07276387512683868
8188,,511,5.9262711147312075e-05,,0.11659209430217743
8189,,511,0.00013023997598793358,,0.16849565505981445
8190,,511,0.0002808836870826781,,0.06085827946662903
8191,,511,8.87272326508537e-05,,0.07643594592809677
,8176,511,,0.017948662862181664,0.17689234018325806
,8177,511,,0.014213488437235355,0.16672936081886292
,8178,511,,0.01978081651031971,0.18010728061199188
,8179,511,,0.011909112334251404,0.15516507625579834
,8180,511,,0.01929250732064247,0.14393584430217743
,8181,511,,0.01676679588854313,0.16477498412132263
,8182,511,,0.013939485885202885,0.1526402086019516
,8183,511,,0.014926151372492313,0.17256632447242737
,8184,511,,0.017825081944465637,0.16651636362075806
,8185,511,,0.02195899747312069,0.14432695508003235
,8186,511,,0.014322131872177124,0.14614182710647583
,8187,511,,0.02084614895284176,0.1411145180463791
,8188,511,,0.012780197896063328,0.11171053349971771
,8189,511,,0.01881209760904312,0.14605215191841125
,8190,511,,0.01983005926012993,0.12630914151668549
,8191,511,,0.016581976786255836,0.17706549167633057
8192,,512,5.7147175539284945e-05,,0.04535534977912903
8193,,512,0.00022806234483141452,,0.0781947523355484
8194,,512,0.0002190416562370956,,0.1315755993127823
8195,,512,0.0002169176732422784,,0.029360400512814522
8196,,512,0.0001313754473812878,,0.0584978386759758
8197,,512,0.00010388623923063278,,0.056846149265766144
8198,,512,0.00012218541814945638,,0.11371348053216934
8199,,512,4.8136334953596815e-05,,0.14182578027248383
8200,,512,0.00016334008250851184,,0.14326445758342743
8201,,512,5.440232780529186e-05,,0.10555344820022583
8202,,512,8.221745520131662e-05,,0.09390196204185486
8203,,512,0.00010955951438518241,,0.09744574129581451
8204,,512,0.00010840367031050846,,0.05863361060619354
8205,,512,3.240586374886334e-05,,0.18210524320602417
8206,,512,4.81021634186618e-05,,0.06633151322603226
8207,,512,5.092308856546879e-05,,0.04965022951364517
,8192,512,,0.01316988468170166,0.09859669208526611
,8193,512,,0.019087933003902435,0.21608562767505646
,8194,512,,0.013956531882286072,0.14331179857254028
,8195,512,,0.015824653208255768,0.09960688650608063
,8196,512,,0.017597602680325508,0.1494838148355484
,8197,512,,0.017217036336660385,0.1525530219078064
,8198,512,,0.010170810855925083,0.10573157668113708
,8199,512,,0.019158486276865005,0.14686179161071777
,8200,512,,0.015879232436418533,0.10497299581766129
,8201,512,,0.014852735213935375,0.1210414320230484
,8202,512,,0.012965772300958633,0.13603739440441132
,8203,512,,0.01864156499505043,0.16509386897087097
,8204,512,,0.016851987689733505,0.12390884011983871
,8205,512,,0.019268635660409927,0.15803620219230652
,8206,512,,0.012733915820717812,0.1361245959997177
,8207,512,,0.019361678510904312,0.1488996148109436
8208,,513,2.2399079171009362e-05,,0.0457589291036129
8209,,513,9.252093150280416e-05,,0.01558887679129839
8210,,513,0.00012252094165887684,,0.033376265317201614
8211,,513,0.00012634889571927488,,0.16491949558258057
8212,,513,3.4561569918878376e-05,,0.09905258566141129
8213,,513,0.00042931101052090526,,0.17747902870178223
8214,,513,1.5959165466483682e-05,,0.1621791124343872
8215,,513,0.00012311570753809065,,0.10596325993537903
8216,,513,6.09039343544282e-05,,0.09341742098331451
8217,,513,1.514715768280439e-05,,0.023543378338217735
8218,,513,3.4684133424889296e-05,,0.0455322265625
8219,,513,8.744556544115767e-05,,0.1324562430381775
8220,,513,0.00012194583541713655,,0.09150415658950806
8221,,513,0.00023272226098924875,,0.07052549719810486
8222,,513,4.7736772103235126e-05,,0.035514988005161285
8223,,513,0.00024520052829757333,,0.1419329047203064
,8208,513,,0.022326327860355377,0.11041633784770966
,8209,513,,0.015346835367381573,0.15665358304977417
,8210,513,,0.016572851687669754,0.13852986693382263
,8211,513,,0.016257965937256813,0.1567021608352661
,8212,513,,0.015255419537425041,0.13123804330825806
,8213,513,,0.018622849136590958,0.18716119229793549
,8214,513,,0.013142388314008713,0.10335618257522583
,8215,513,,0.011216642335057259,0.13450653851032257
,8216,513,,0.022422363981604576,0.16622862219810486
,8217,513,,0.014523490332067013,0.16189886629581451
,8218,513,,0.017503198236227036,0.15170101821422577
,8219,513,,0.014743596315383911,0.10305972397327423
,8220,513,,0.016296938061714172,0.13354741036891937
,8221,513,,0.013601992279291153,0.13274523615837097
,8222,513,,0.02254917100071907,0.12615343928337097
,8223,513,,0.023129258304834366,0.2016066014766693
8224,,514,6.744400161551312e-05,,0.04796241968870163
8225,,514,5.7757766626309603e-05,,0.06567133963108063
8226,,514,0.00014978056424297392,,0.17364999651908875
8227,,514,0.00014022420509718359,,0.18017452955245972
8228,,514,9.421311551705003e-05,,0.14320839941501617
8229,,514,1.2978097402083222e-05,,0.025698291137814522
8230,,514,0.00010759258293546736,,0.055601779371500015
8231,,514,0.00013782319729216397,,0.13030382990837097
8232,,514,0.00014157261466607451,,0.08236756920814514
8233,,514,6.573275459231809e-05,,0.1287929117679596
8234,,514,5.7621589803602546e-05,,0.03911232203245163
8235,,514,9.532401600154117e-05,,0.07640355825424194
8236,,514,0.00015640277706552297,,0.0903145968914032
8237,,514,6.0697508160956204e-05,,0.047673437744379044
8238,,514,0.00016337023407686502,,0.13862454891204834
8239,,514,0.00011273226846242324,,0.0567714162170887
,8224,514,,0.014277673326432705,0.11614990234375
,8225,514,,0.013790741562843323,0.11626947671175003
,8226,514,,0.014560384675860405,0.1491948366165161
,8227,514,,0.012182650156319141,0.1806391477584839
,8228,514,,0.016787119209766388,0.10748415440320969
,8229,514,,0.015139480121433735,0.10750657320022583
,8230,514,,0.019445450976490974,0.22956442832946777
,8231,514,,0.02245594933629036,0.15081661939620972
,8232,514,,0.013520593754947186,0.12109873443841934
,8233,514,,0.019788630306720734,0.1462763547897339
,8234,514,,0.022853560745716095,0.16692741215229034
,8235,514,,0.01657113991677761,0.20489004254341125
,8236,514,,0.024657750502228737,0.20091652870178223
,8237,514,,0.01746125891804695,0.18587324023246765
,8238,514,,0.016352539882063866,0.1360735148191452
,8239,514,,0.015085672959685326,0.11927016079425812
8240,,515,7.275686220964417e-05,,0.0941598117351532
8241,,515,4.856684972764924e-05,,0.10104557126760483
8242,,515,7.198541425168514e-05,,0.10782919079065323
8243,,515,1.2424122360243928e-05,,0.0184674933552742
8244,,515,1.347354736935813e-05,,0.009136589244008064
8245,,515,9.54264760366641e-05,,0.10910719633102417
8246,,515,0.00017722317716106772,,0.09968162328004837
8247,,515,7.787871436448768e-05,,0.0412946417927742
8248,,515,0.00014969219046179205,,0.1629277467727661
8249,,515,0.00012795043585356325,,0.07812748849391937
8250,,515,9.720006346469745e-05,,0.05951052904129028
8251,,515,0.00011711209663189948,,0.06822982430458069
8252,,515,7.475737947970629e-05,,0.041043031960725784
8253,,515,0.00033567030914127827,,0.16300249099731445
8254,,515,1.953325408976525e-05,,0.09467923641204834
8255,,515,0.00011271589028183371,,0.12727823853492737
,8240,515,,0.018206175416707993,0.18290865421295166
,8241,515,,0.010221540927886963,0.1379307359457016
,8242,515,,0.01330585964024067,0.14589519798755646
,8243,515,,0.012718398123979568,0.12518684566020966
,8244,515,,0.01717008277773857,0.12853381037712097
,8245,515,,0.021607618778944016,0.12941071391105652
,8246,515,,0.019974052906036377,0.14336535334587097
,8247,515,,0.01618317887187004,0.1437290608882904
,8248,515,,0.024370528757572174,0.14111453294754028
,8249,515,,0.014917825348675251,0.12829840183258057
,8250,515,,0.008746090345084667,0.09190897643566132
,8251,515,,0.013546019792556763,0.08285211026668549
,8252,515,,0.016431918367743492,0.1235700398683548
,8253,515,,0.023168977349996567,0.14278240501880646
,8254,515,,0.014230855740606785,0.12351025640964508
,8255,515,,0.01755548268556595,0.19906803965568542
8256,,516,0.0003454908146522939,,0.19268301129341125
8257,,516,1.9744704331969842e-05,,0.06841792166233063
8258,,516,7.762629684293643e-05,,0.11218386143445969
8259,,516,0.00012776782386936247,,0.040310606360435486
8260,,516,0.000114176727947779,,0.1419590562582016
8261,,516,9.286408749176189e-05,,0.06437091529369354
8262,,516,2.655705247889273e-05,,0.15078547596931458
8263,,516,0.00017477470100857317,,0.10647770017385483
8264,,516,0.0004484780365601182,,0.19941431283950806
8265,,516,0.00022145366529002786,,0.1690312623977661
8266,,516,0.0018750615417957306,,0.3741704225540161
8267,,516,4.506057302933186e-05,,0.03447240591049194
8268,,516,0.00014669726078864187,,0.11924276500940323
8269,,516,6.878450221847743e-05,,0.09328538179397583
8270,,516,8.996616816148162e-05,,0.11031295359134674
8271,,516,0.0006518479785881937,,0.13637495040893555
,8256,516,,0.014222590252757072,0.15388457477092743
,8257,516,,0.009332597255706787,0.11580611765384674
,8258,516,,0.015218229964375496,0.19372186064720154
,8259,516,,0.014143703505396843,0.12413430213928223
,8260,516,,0.016118839383125305,0.13495869934558868
,8261,516,,0.014278411865234375,0.15508036315441132
,8262,516,,0.015793712809681892,0.20239382982254028
,8263,516,,0.014159688726067543,0.14293935894966125
,8264,516,,0.02090153470635414,0.1609322726726532
,8265,516,,0.01549521740525961,0.16252416372299194
,8266,516,,0.012956799939274788,0.08155044168233871
,8267,516,,0.01477007009088993,0.16845828294754028
,8268,516,,0.016165489330887794,0.19028644263744354
,8269,516,,0.01627492904663086,0.11178651452064514
,8270,516,,0.013078395277261734,0.12088199704885483
,8271,516,,0.019052594900131226,0.17810681462287903
8272,,517,0.0002174442633986473,,0.029512368142604828
8273,,517,7.720725261606276e-05,,0.0420968160033226
8274,,517,2.8747683245455846e-05,,0.06148233264684677
8275,,517,0.00011849840666400269,,0.05728709697723389
8276,,517,0.0011468441225588322,,0.11079873144626617
8277,,517,0.0017191794468089938,,0.0716988742351532
8278,,517,0.00013004185166209936,,0.14663884043693542
8279,,517,0.00029303060728125274,,0.0779942125082016
8280,,517,0.0005244297790341079,,0.11210289597511292
8281,,517,0.0007094723405316472,,0.24528534710407257
8282,,517,0.00019081411301158369,,0.02694515325129032
8283,,517,0.0026026316918432713,,0.09615154564380646
8284,,517,0.0015824406873434782,,0.1899488866329193
8285,,517,0.00039528016350232065,,0.10122867673635483
8286,,517,0.00029853792511858046,,0.08533213287591934
8287,,517,0.00014865225239191204,,0.10799859464168549
,8272,517,,0.025588415563106537,0.17269586026668549
,8273,517,,0.02339361049234867,0.1490478515625
,8274,517,,0.02619803324341774,0.1701734960079193
,8275,517,,0.02237953618168831,0.14340895414352417
,8276,517,,0.030384745448827744,0.1598149538040161
,8277,517,,0.023600969463586807,0.15920957922935486
,8278,517,,0.02671843394637108,0.109627865254879
,8279,517,,0.038101471960544586,0.14112448692321777
,8280,517,,0.014142071828246117,0.1272757351398468
,8281,517,,0.025262271985411644,0.11292001605033875
,8282,517,,0.023159287869930267,0.15092000365257263
,8283,517,,0.018970608711242676,0.09269246459007263
,8284,517,,0.029303712770342827,0.1359178125858307
,8285,517,,0.02643480710685253,0.17409220337867737
,8286,517,,0.02536926046013832,0.08593625575304031
,8287,517,,0.018156200647354126,0.1539568305015564
8288,,518,6.821006536483765e-05,,0.12221729755401611
8289,,518,0.0009160330519080162,,0.17078010737895966
8290,,518,6.757960363756865e-05,,0.17373719811439514
8291,,518,0.0005201384774409235,,0.10591717064380646
8292,,518,0.0001809175591915846,,0.07556650787591934
8293,,518,0.000800099631305784,,0.14695894718170166
8294,,518,0.0014833356253802776,,0.07975053042173386
8295,,518,0.00045387790305539966,,0.10644157230854034
8296,,518,0.0005606746999546885,,0.08399558067321777
8297,,518,0.0002568233176134527,,0.11018340289592743
8298,,518,0.00016681333363521844,,0.055967994034290314
8299,,518,0.00026937361690215766,,0.06502486765384674
8300,,518,0.0008135453099384904,,0.09664979577064514
8301,,518,0.0016617176588624716,,0.05938222259283066
8302,,518,0.00011331518180668354,,0.01410659495741129
8303,,518,0.0002267766831209883,,0.14549286663532257
,8288,518,,0.03953054919838905,0.16154636442661285
,8289,518,,0.028921525925397873,0.14439797401428223
,8290,518,,0.02267887070775032,0.15067711472511292
,8291,518,,0.038952913135290146,0.17073650658130646
,8292,518,,0.04196919873356819,0.12717732787132263
,8293,518,,0.042726509273052216,0.12036257237195969
,8294,518,,0.03909973427653313,0.15657386183738708
,8295,518,,0.040519196540117264,0.1551862508058548
,8296,518,,0.04161950200796127,0.18178263306617737
,8297,518,,0.030148202553391457,0.09658750891685486
,8298,518,,0.03937474638223648,0.1631644070148468
,8299,518,,0.04999988153576851,0.21408018469810486
,8300,518,,0.02178621105849743,0.11057452857494354
,8301,518,,0.04627237096428871,0.12506726384162903
,8302,518,,0.03845899552106857,0.17350301146507263
,8303,518,,0.0381568968296051,0.18576237559318542
8304,,519,0.00039991550147533417,,0.12887261807918549
8305,,519,0.008453760296106339,,0.08712582290172577
8306,,519,0.00034485492506064475,,0.06444814056158066
8307,,519,0.00043787623872049153,,0.07922736555337906
8308,,519,0.0002756681351456791,,0.09586505591869354
8309,,519,0.0003305112477391958,,0.11707788705825806
8310,,519,0.00034991285065189004,,0.051475055515766144
8311,,519,0.0013236550148576498,,0.023743920028209686
8312,,519,0.0004915996687486768,,0.11280791461467743
8313,,519,0.006912349723279476,,0.1591435670852661
8314,,519,0.00022571443696506321,,0.15881098806858063
8315,,519,0.0018932271050289273,,0.09103330969810486
8316,,519,0.006658519152551889,,0.03385458141565323
8317,,519,0.014458553865551949,,0.05509481579065323
8318,,519,0.0007429407560266554,,0.0804792195558548
8319,,519,0.0002521283458918333,,0.024401606991887093
,8304,519,,0.03443840146064758,0.13893844187259674
,8305,519,,0.04561500996351242,0.15641193091869354
,8306,519,,0.053634800016880035,0.12749247252941132
,8307,519,,0.05197034776210785,0.1247994601726532
,8308,519,,0.05516921356320381,0.1525442898273468
,8309,519,,0.03350667655467987,0.1465092897415161
,8310,519,,0.041854701936244965,0.18741779029369354
,8311,519,,0.03787694871425629,0.11569276452064514
,8312,519,,0.04877521097660065,0.09503547847270966
,8313,519,,0.04978097975254059,0.16720643639564514
,8314,519,,0.04432374984025955,0.15061607956886292
,8315,519,,0.0515165701508522,0.10607162117958069
,8316,519,,0.057995714247226715,0.1824702024459839
,8317,519,,0.04371059685945511,0.1717529296875
,8318,519,,0.0555136576294899,0.1096627339720726
,8319,519,,0.06327776610851288,0.15476647019386292
8320,,520,0.0004235113738104701,,0.0898786261677742
8321,,520,0.0005889783496968448,,0.06328224390745163
8322,,520,0.0007419768953695893,,0.07648452371358871
8323,,520,0.004810635466128588,,0.056423887610435486
8324,,520,0.0011133593507111073,,0.06968720257282257
8325,,520,0.09534434229135513,,0.3217785954475403
8326,,520,0.001952841179445386,,0.09383220970630646
8327,,520,0.0074153682217001915,,0.09398791193962097
8328,,520,0.008662363514304161,,0.06318508833646774
8329,,520,0.018571147695183754,,0.18030408024787903
8330,,520,0.00670440262183547,,0.07919124513864517
8331,,520,0.021346189081668854,,0.25083208084106445
8332,,520,0.038904815912246704,,0.20691415667533875
8333,,520,0.005415479186922312,,0.047817930579185486
8334,,520,0.008473677560687065,,0.11682876199483871
8335,,520,0.007863462902605534,,0.21971285343170166
,8320,520,,0.09543374925851822,0.14178217947483063
,8321,520,,0.13294807076454163,0.2093144655227661
,8322,520,,0.24783802032470703,0.15650410950183868
,8323,520,,0.258781373500824,0.14866794645786285
,8324,520,,0.2616565525531769,0.09199243783950806
,8325,520,,0.1919129490852356,0.1112322062253952
,8326,520,,0.2485051155090332,0.15541669726371765
,8327,520,,0.16077828407287598,0.1545061469078064
,8328,520,,0.24068275094032288,0.09200239926576614
,8329,520,,0.1822032928466797,0.11849664151668549
,8330,520,,0.27475249767303467,0.13479427993297577
,8331,520,,0.22928276658058167,0.18313536047935486
,8332,520,,0.2530710697174072,0.1326742321252823
,8333,520,,0.1796187162399292,0.12042236328125
,8334,520,,0.18236865103244781,0.17003023624420166
,8335,520,,0.25344961881637573,0.08716194331645966
8336,,521,0.006238012574613094,,0.12947174906730652
8337,,521,0.008511967025697231,,0.1668452024459839
8338,,521,0.004149462096393108,,0.0990949347615242
8339,,521,0.0064479028806090355,,0.10354053974151611
8340,,521,0.019194556400179863,,0.011992785148322582
8341,,521,0.023379161953926086,,0.05874820798635483
8342,,521,0.007121634669601917,,0.1345115303993225
8343,,521,0.0014764415100216866,,0.06314772367477417
8344,,521,0.015666069462895393,,0.13360846042633057
8345,,521,0.005212000571191311,,0.0540422722697258
8346,,521,0.007074363064020872,,0.12233687937259674
8347,,521,0.014786784537136555,,0.0953456312417984
8348,,521,0.0015376011142507195,,0.027168117463588715
8349,,521,0.020183861255645752,,0.15826290845870972
8350,,521,0.01778022013604641,,0.09393684566020966
8351,,521,0.03561609983444214,,0.13298314809799194
,8336,521,,0.0988854169845581,0.13625164330005646
,8337,521,,0.11043936014175415,0.16076785326004028
,8338,521,,0.1043214350938797,0.1450905203819275
,8339,521,,0.10539604723453522,0.11384302377700806
,8340,521,,0.10603676736354828,0.1499982476234436
,8341,521,,0.10336236655712128,0.1379743367433548
,8342,521,,0.12203399091959,0.16231614351272583
,8343,521,,0.09951118379831314,0.13348139822483063
,8344,521,,0.07849296182394028,0.11958904564380646
,8345,521,,0.1277562528848648,0.17807069420814514
,8346,521,,0.11214408278465271,0.1843797266483307
,8347,521,,0.14700794219970703,0.18788862228393555
,8348,521,,0.09200377762317657,0.15550388395786285
,8349,521,,0.09905309230089188,0.1595708131790161
,8350,521,,0.10903473198413849,0.1857984960079193
,8351,521,,0.10325402021408081,0.12315773963928223
8352,,522,0.0023782611824572086,,0.058141592890024185
8353,,522,0.0007533275638706982,,0.08188053220510483
8354,,522,0.0029666658956557512,,0.06912044435739517
8355,,522,0.011266032233834267,,0.03133096545934677
8356,,522,0.02032729797065258,,0.10524579137563705
8357,,522,0.004737527575343847,,0.0975080206990242
8358,,522,0.007009263150393963,,0.15770487487316132
8359,,522,0.0012324051931500435,,0.0033830914180725813
8360,,522,0.0020850226283073425,,0.07805275171995163
8361,,522,0.0015200776979327202,,0.045068856328725815
8362,,522,0.011183744296431541,,0.1536416858434677
8363,,522,0.0021721734665334225,,0.05322016403079033
8364,,522,0.0009434339590370655,,0.09131108224391937
8365,,522,0.007165435701608658,,0.06903449445962906
8366,,522,0.008403313346207142,,0.17110022902488708
8367,,522,0.0042732530273497105,,0.0529436394572258
,8352,522,,0.2543138563632965,0.1873854100704193
,8353,522,,0.2524608075618744,0.20647819340229034
,8354,522,,0.2344975471496582,0.1566336452960968
,8355,522,,0.18501150608062744,0.21395562589168549
,8356,522,,0.27646368741989136,0.12194450944662094
,8357,522,,0.3514740467071533,0.13050562143325806
,8358,522,,0.26110953092575073,0.1429705023765564
,8359,522,,0.23018455505371094,0.1715337038040161
,8360,522,,0.23250731825828552,0.18860486149787903
,8361,522,,0.2337283194065094,0.1800188273191452
,8362,522,,0.2694813013076782,0.17163211107254028
,8363,522,,0.3156607747077942,0.11623336374759674
,8364,522,,0.21587130427360535,0.15755414962768555
,8365,522,,0.27768951654434204,0.1244158074259758
,8366,522,,0.23211047053337097,0.12305808067321777
,8367,522,,0.2460154891014099,0.18490910530090332
8368,,523,0.0032960381358861923,,0.050076231360435486
8369,,523,0.004984770901501179,,0.1753378063440323
8370,,523,0.004218914546072483,,0.1306588351726532
8371,,523,0.01444987952709198,,0.0815342515707016
8372,,523,0.0037157805636525154,,0.09708451479673386
8373,,523,0.004628374706953764,,0.07243378460407257
8374,,523,0.0025886904913932085,,0.07039844989776611
8375,,523,0.001484320848248899,,0.08686547726392746
8376,,523,0.002786827040836215,,0.08253322541713715
8377,,523,0.0013372976100072265,,0.036674655973911285
8378,,523,0.0013026510132476687,,0.0862688347697258
8379,,523,0.004077494610100985,,0.08453244715929031
8380,,523,0.000873661192599684,,0.07343650609254837
8381,,523,0.025874042883515358,,0.29805707931518555
8382,,523,0.009102767333388329,,0.09316456317901611
8383,,523,0.005201843101531267,,0.11802828311920166
,8368,523,,0.08360052108764648,0.10433648526668549
,8369,523,,0.07556945830583572,0.17596809566020966
,8370,523,,0.11143507063388824,0.18422278761863708
,8371,523,,0.10204178839921951,0.10406494140625
,8372,523,,0.07349660247564316,0.1561540812253952
,8373,523,,0.1025596559047699,0.14701998233795166
,8374,523,,0.10233346372842789,0.1527971625328064
,8375,523,,0.09441305696964264,0.12453538179397583
,8376,523,,0.10444892942905426,0.15896543860435486
,8377,523,,0.1115838810801506,0.08842873573303223
,8378,523,,0.0675940215587616,0.17245545983314514
,8379,523,,0.07680612057447433,0.15276727080345154
,8380,523,,0.09261757135391235,0.1185128390789032
,8381,523,,0.08503361791372299,0.18996132910251617
,8382,523,,0.08553992956876755,0.17115753889083862
,8383,523,,0.08075714111328125,0.1951904296875
8384,,524,0.0009977329755201936,,0.05399493873119354
8385,,524,0.001840199576690793,,0.055442340672016144
8386,,524,0.004384273663163185,,0.0627092644572258
8387,,524,0.0019329271744936705,,0.06340555846691132
8388,,524,0.009137221612036228,,0.060713786631822586
8389,,524,0.002456547226756811,,0.12870073318481445
8390,,524,0.006421640980988741,,0.22668208181858063
8391,,524,0.02534520998597145,,0.2967691123485565
8392,,524,0.0029476729687303305,,0.06059296056628227
8393,,524,0.005596652626991272,,0.05452806130051613
8394,,524,0.0049550533294677734,,0.13283367455005646
8395,,524,0.0037353523075580597,,0.11681506037712097
8396,,524,0.0024049526546150446,,0.12582708895206451
8397,,524,0.000932522932998836,,0.09315957874059677
8398,,524,0.005162472371011972,,0.12720972299575806
8399,,524,0.0011683428892865777,,0.07971814274787903
,8384,524,,0.10221730172634125,0.19598886370658875
,8385,524,,0.050828028470277786,0.11973229795694351
,8386,524,,0.08622021973133087,0.15617775917053223
,8387,524,,0.07931691408157349,0.1286795437335968
,8388,524,,0.13633984327316284,0.15833890438079834
,8389,524,,0.09661440551280975,0.12274295091629028
,8390,524,,0.09131427109241486,0.1533203125
,8391,524,,0.08662501722574234,0.11215895414352417
,8392,524,,0.1108202189207077,0.15674325823783875
,8393,524,,0.08601467311382294,0.17976222932338715
,8394,524,,0.0880509540438652,0.10087990015745163
,8395,524,,0.11331965029239655,0.10771708190441132
,8396,524,,0.10518889129161835,0.1442422717809677
,8397,524,,0.06283102929592133,0.17104291915893555
,8398,524,,0.10489495098590851,0.14765027165412903
,8399,524,,0.10595396161079407,0.14895442128181458
8400,,525,0.001008534338325262,,0.10236592590808868
8401,,525,0.00468122074380517,,0.11998140811920166
8402,,525,0.0010397767182439566,,0.07412905991077423
8403,,525,0.020261604338884354,,0.2639334797859192
8404,,525,0.0003285736311227083,,0.11442721635103226
8405,,525,0.001037351437844336,,0.057903680950403214
8406,,525,0.0010066782124340534,,0.04260627552866936
8407,,525,0.005740602035075426,,0.08827053010463715
8408,,525,0.004444687161594629,,0.1286695897579193
8409,,525,0.004619409330189228,,0.1317736655473709
8410,,525,0.014572910033166409,,0.05344562232494354
8411,,525,0.002417962532490492,,0.10602428764104843
8412,,525,0.003122899681329727,,0.055167056620121
8413,,525,0.0019276426173746586,,0.04111652076244354
8414,,525,0.006247253157198429,,0.26456499099731445
8415,,525,0.0059961797669529915,,0.06881775707006454
,8400,525,,0.06273379921913147,0.10812191665172577
,8401,525,,0.09973544627428055,0.16253164410591125
,8402,525,,0.059660837054252625,0.11419552564620972
,8403,525,,0.09192226827144623,0.15651531517505646
,8404,525,,0.09630195796489716,0.1669660210609436
,8405,525,,0.07952049374580383,0.12798574566841125
,8406,525,,0.08107885718345642,0.15621262788772583
,8407,525,,0.08074238896369934,0.17030926048755646
,8408,525,,0.07733546197414398,0.12112987786531448
,8409,525,,0.1363297998905182,0.2441754937171936
,8410,525,,0.05708222836256027,0.0988595187664032
,8411,525,,0.07816532999277115,0.12811529636383057
,8412,525,,0.09918656945228577,0.20286589860916138
,8413,525,,0.12183688580989838,0.18724963068962097
,8414,525,,0.099143385887146,0.15082284808158875
,8415,525,,0.06789158284664154,0.1363176554441452
8416,,526,0.001695452257990837,,0.0926252081990242
8417,,526,0.0010699981357902288,,0.01915881037712097
8418,,526,0.0006934247794561088,,0.03786421939730644
8419,,526,0.0033799968659877777,,0.027462083846330643
8420,,526,0.002671781461685896,,0.08922716975212097
8421,,526,0.0017451440216973424,,0.06554553657770157
8422,,526,0.0019256464438512921,,0.09893051534891129
8423,,526,0.0014400591608136892,,0.1085117906332016
8424,,526,0.0009420127607882023,,0.049590446054935455
8425,,526,3.842177466140129e-05,,0.05421042814850807
8426,,526,0.003236859105527401,,0.15375752747058868
8427,,526,0.0012641926296055317,,0.042499154806137085
8428,,526,0.0014850972220301628,,0.17933997511863708
8429,,526,0.00151346274651587,,0.08316600322723389
8430,,526,0.007479150779545307,,0.11157101392745972
8431,,526,0.002376045798882842,,0.09193389117717743
,8416,526,,0.04507504403591156,0.12294846773147583
,8417,526,,0.048956941813230515,0.12563276290893555
,8418,526,,0.0795130580663681,0.15050895512104034
,8419,526,,0.07283627241849899,0.1304682493209839
,8420,526,,0.08353880047798157,0.1597040891647339
,8421,526,,0.06713877618312836,0.12602639198303223
,8422,526,,0.07374664396047592,0.13641232252120972
,8423,526,,0.05016465485095978,0.09803740680217743
,8424,526,,0.06077033281326294,0.15685412287712097
,8425,526,,0.07751403003931046,0.17379698157310486
,8426,526,,0.04816232621669769,0.16285550594329834
,8427,526,,0.05249897390604019,0.12655328214168549
,8428,526,,0.07228823006153107,0.13752715289592743
,8429,526,,0.038016896694898605,0.0954241007566452
,8430,526,,0.06198807805776596,0.22398033738136292
,8431,526,,0.07466737926006317,0.19796067476272583
8432,,527,0.0008403973188251257,,0.009461694397032261
8433,,527,0.0004736932460218668,,0.13768908381462097
8434,,527,0.000556320243049413,,0.06096291169524193
8435,,527,0.000994072761386633,,0.0776280015707016
8436,,527,0.0013506105169653893,,0.10560202598571777
8437,,527,0.0002199596056016162,,0.041923679411411285
8438,,527,0.00384911778382957,,0.15404650568962097
8439,,527,0.0014185926411300898,,0.10270597040653229
8440,,527,0.0006921159802004695,,0.11153863370418549
8441,,527,0.0008410178124904633,,0.05091577768325806
8442,,527,0.001055530272424221,,0.12837311625480652
8443,,527,0.0008714200812391937,,0.019832689315080643
8444,,527,0.0017134451773017645,,0.10404251515865326
8445,,527,0.001825643004849553,,0.06789102405309677
8446,,527,0.0069632637314498425,,0.24288628995418549
8447,,527,0.0009758669184520841,,0.05578862503170967
,8432,527,,0.0487634614109993,0.13271160423755646
,8433,527,,0.046081218868494034,0.16281190514564514
,8434,527,,0.04822327569127083,0.14285963773727417
,8435,527,,0.05742304399609566,0.17829489707946777
,8436,527,,0.05136410892009735,0.15998311340808868
,8437,527,,0.04468599706888199,0.10974619537591934
,8438,527,,0.04634670913219452,0.15618896484375
,8439,527,,0.06171613186597824,0.19936199486255646
,8440,527,,0.028939995914697647,0.1356462836265564
,8441,527,,0.07869936525821686,0.19712114334106445
,8442,527,,0.05226265266537666,0.1505388617515564
,8443,527,,0.04446059465408325,0.10439503192901611
,8444,527,,0.05499928444623947,0.17410340905189514
,8445,527,,0.055782970041036606,0.12663424015045166
,8446,527,,0.04939162731170654,0.16671940684318542
,8447,527,,0.044895537197589874,0.13986393809318542
8448,,528,0.00039582751924172044,,0.06261584162712097
8449,,528,0.0006457908311858773,,0.055336467921733856
8450,,528,0.005727487150579691,,0.18949049711227417
8451,,528,0.0018038756679743528,,0.04843824356794357
8452,,528,0.004117319360375404,,0.12595538794994354
8453,,528,0.002105892635881901,,0.14819958806037903
8454,,528,0.0006175339221954346,,0.10663963109254837
8455,,528,0.003673541359603405,,0.030399244278669357
8456,,528,0.0035562149714678526,,0.044179487973451614
8457,,528,0.0008226368809118867,,0.11577746272087097
8458,,528,0.0014294167049229145,,0.08307133615016937
8459,,528,0.0009539868915453553,,0.13888612389564514
8460,,528,0.0009143514325842261,,0.11741295456886292
8461,,528,0.0010377232683822513,,0.09047776460647583
8462,,528,0.001082550617866218,,0.013081453740596771
8463,,528,0.001660361886024475,,0.1708461195230484
,8448,528,,0.057541027665138245,0.10909224301576614
,8449,528,,0.05843918398022652,0.1335000842809677
,8450,528,,0.05472002923488617,0.13561886548995972
,8451,528,,0.046312373131513596,0.16399896144866943
,8452,528,,0.060953252017498016,0.13654935359954834
,8453,528,,0.07914207875728607,0.11999137699604034
,8454,528,,0.05974074825644493,0.1258108913898468
,8455,528,,0.042829565703868866,0.11681880056858063
,8456,528,,0.0592256560921669,0.14692533016204834
,8457,528,,0.038416773080825806,0.20003339648246765
,8458,528,,0.057454224675893784,0.14949876070022583
,8459,528,,0.035755909979343414,0.10459059476852417
,8460,528,,0.049780454486608505,0.1138480007648468
,8461,528,,0.05801941454410553,0.14107216894626617
,8462,528,,0.04410311579704285,0.21194271743297577
,8463,528,,0.0581856407225132,0.1508091539144516
8464,,529,0.00039982632733881474,,0.048826880753040314
8465,,529,0.012509433552622795,,0.23808319866657257
8466,,529,0.0004920004867017269,,0.03215431421995163
8467,,529,0.0014483395498245955,,0.0742710679769516
8468,,529,0.0016484458465129137,,0.03629349544644356
8469,,529,0.0012524586636573076,,0.09767991304397583
8470,,529,0.001073068124242127,,0.19927728176116943
8471,,529,0.0004883590154349804,,0.03703463822603226
8472,,529,0.0007480009808205068,,0.04080013185739517
8473,,529,0.0008269355166703463,,0.20379638671875
8474,,529,0.003118614200502634,,0.1769483983516693
8475,,529,0.0007767375791445374,,0.22048762440681458
8476,,529,0.001111667137593031,,0.04498539865016937
8477,,529,0.004052796401083469,,0.20871283113956451
8478,,529,0.0043608276173472404,,0.055564410984516144
8479,,529,0.004419015254825354,,0.02017896994948387
,8464,529,,0.04727811738848686,0.12945307791233063
,8465,529,,0.039028771221637726,0.14255571365356445
,8466,529,,0.04650270938873291,0.18296471238136292
,8467,529,,0.03749711439013481,0.13674739003181458
,8468,529,,0.03394026309251785,0.14339399337768555
,8469,529,,0.04538768529891968,0.14404048025608063
,8470,529,,0.042984671890735626,0.14425347745418549
,8471,529,,0.06151397526264191,0.14352604746818542
,8472,529,,0.04373399168252945,0.13046202063560486
,8473,529,,0.04331835359334946,0.15099100768566132
,8474,529,,0.03663698211312294,0.16000677645206451
,8475,529,,0.047333505004644394,0.1663382351398468
,8476,529,,0.056120261549949646,0.22393549978733063
,8477,529,,0.05676162615418434,0.160845085978508
,8478,529,,0.06496020406484604,0.1912916600704193
,8479,529,,0.039914608001708984,0.1980067789554596
8480,,530,0.0008708253735676408,,0.09719288349151611
8481,,530,0.006344120483845472,,0.2667747139930725
8482,,530,0.00036807789001613855,,0.10475625842809677
8483,,530,0.0020734544377774,,0.0778547078371048
8484,,530,0.0003610749845393002,,0.06315892934799194
8485,,530,8.778411574894562e-05,,0.05918915569782257
8486,,530,0.000757589703425765,,0.025369450449943542
8487,,530,0.0003708931908477098,,0.06856490671634674
8488,,530,0.0006703329272568226,,0.11768700182437897
8489,,530,0.0007998752989806235,,0.051224689930677414
8490,,530,0.0017933858325704932,,0.08035091310739517
8491,,530,0.00028401700546965003,,0.05743408203125
8492,,530,0.001458408311009407,,0.18783506751060486
8493,,530,0.0019503978546708822,,0.19265682995319366
8494,,530,0.002957000397145748,,0.1424809694290161
8495,,530,0.002780674723908305,,0.17043879628181458
,8480,530,,0.032209284603595734,0.15303131937980652
,8481,530,,0.03906336426734924,0.14890336990356445
,8482,530,,0.05490545555949211,0.19184346497058868
,8483,530,,0.05368610471487045,0.17039021849632263
,8484,530,,0.04939521104097366,0.13848876953125
,8485,530,,0.05016907677054405,0.1658773571252823
,8486,530,,0.04262936860322952,0.16990816593170166
,8487,530,,0.04148624837398529,0.16424560546875
,8488,530,,0.041026849299669266,0.16956189274787903
,8489,530,,0.0461413711309433,0.17535774409770966
,8490,530,,0.04339474067091942,0.18925756216049194
,8491,530,,0.03840060532093048,0.11380316317081451
,8492,530,,0.04462074115872383,0.20163649320602417
,8493,530,,0.038384318351745605,0.14206618070602417
,8494,530,,0.04852772131562233,0.17702563107013702
,8495,530,,0.05088799446821213,0.14721554517745972
8496,,531,0.0003140560002066195,,0.0317470021545887
8497,,531,0.0015667235711589456,,0.08998575061559677
8498,,531,0.00039355148328468204,,0.09338503330945969
8499,,531,0.00041852000867947936,,0.08534334599971771
8500,,531,0.0013162504183128476,,0.08186309784650803
8501,,531,0.0006794952787458897,,0.025877658277750015
8502,,531,0.00045196659630164504,,0.12247388809919357
8503,,531,0.01586765982210636,,0.19017310440540314
8504,,531,0.002101821592077613,,0.028946857899427414
8505,,531,0.0013622790575027466,,0.08814722299575806
8506,,531,0.001794088981114328,,0.27474042773246765
8507,,531,0.0010944301029667258,,0.1245814710855484
8508,,531,0.0028387513011693954,,0.24282026290893555
8509,,531,0.00034583546221256256,,0.0756138414144516
8510,,531,0.00043249205918982625,,0.10105428844690323
8511,,531,0.0002993014932144433,,0.06960997730493546
,8496,531,,0.05324676260352135,0.17396390438079834
,8497,531,,0.04239480197429657,0.18028414249420166
,8498,531,,0.05525888502597809,0.1907273828983307
,8499,531,,0.055300064384937286,0.15798139572143555
,8500,531,,0.03936643525958061,0.12532511353492737
,8501,531,,0.05954184755682945,0.09948854148387909
,8502,531,,0.03608044981956482,0.15521863102912903
,8503,531,,0.0426553338766098,0.16717156767845154
,8504,531,,0.04371470957994461,0.09168601781129837
,8505,531,,0.04607613384723663,0.15007424354553223
,8506,531,,0.03539375215768814,0.110482357442379
,8507,531,,0.038603775203228,0.22193753719329834
,8508,531,,0.03186114504933357,0.1092965304851532
,8509,531,,0.0663968175649643,0.09703843295574188
,8510,531,,0.03303113579750061,0.15626120567321777
,8511,531,,0.05703435838222504,0.15183678269386292
8512,,532,0.0005745184607803822,,0.08581916987895966
8513,,532,0.005042041186243296,,0.08577432483434677
8514,,532,0.005464228335767984,,0.033442284911870956
8515,,532,0.00023414602037519217,,0.05836580693721771
8516,,532,0.005521145183593035,,0.12719601392745972
8517,,532,0.0030020636040717363,,0.07317741215229034
8518,,532,0.0004209974722471088,,0.03363037109375
8519,,532,0.0018918351270258427,,0.09476268291473389
8520,,532,0.004357899539172649,,0.14546172320842743
8521,,532,0.0005594869726337492,,0.0846732035279274
8522,,532,0.001524106366559863,,0.10960917174816132
8523,,532,0.002747293096035719,,0.09295529872179031
8524,,532,0.002410992281511426,,0.10000672936439514
8525,,532,0.002450353931635618,,0.05621960014104843
8526,,532,0.0009274877957068384,,0.0846208855509758
8527,,532,0.0014959825202822685,,0.14575818181037903
,8512,532,,0.04921909421682358,0.16239959001541138
,8513,532,,0.046966083347797394,0.14589394629001617
,8514,532,,0.05374512821435928,0.14693404734134674
,8515,532,,0.03057137131690979,0.12552067637443542
,8516,532,,0.0433780662715435,0.13153325021266937
,8517,532,,0.026743968948721886,0.16859030723571777
,8518,532,,0.05567191168665886,0.13224324584007263
,8519,532,,0.04832941293716431,0.11902353912591934
,8520,532,,0.021653832867741585,0.10187390446662903
,8521,532,,0.05463344603776932,0.1988450586795807
,8522,532,,0.03345632553100586,0.16611777245998383
,8523,532,,0.03674376755952835,0.16290533542633057
,8524,532,,0.050221092998981476,0.15722531080245972
,8525,532,,0.03389308229088783,0.1501377671957016
,8526,532,,0.03981289267539978,0.15820810198783875
,8527,532,,0.027040131390094757,0.10975117981433868
8528,,533,0.0031389729119837284,,0.02438541315495968
8529,,533,0.0005607629427686334,,0.09444879740476608
8530,,533,0.0005253111012279987,,0.12511460483074188
8531,,533,0.0015904861502349377,,0.06036625802516937
8532,,533,0.0008734004222787917,,0.06782002747058868
8533,,533,0.001587769016623497,,0.07140116393566132
8534,,533,0.00030681060161441565,,0.05035649612545967
8535,,533,0.00016223295824602246,,0.07757443934679031
8536,,533,0.0001149662712123245,,0.048911578953266144
8537,,533,0.0003586498205550015,,0.00872055348008871
8538,,533,0.0006661317311227322,,0.02922961115837097
8539,,533,0.00047728122444823384,,0.08134491741657257
8540,,533,0.0010220244294032454,,0.08479651808738708
8541,,533,0.0027557595167309046,,0.17277681827545166
8542,,533,0.0006245370605029166,,0.0880475714802742
8543,,533,0.0003658169007394463,,0.05585215240716934
,8528,533,,0.030278436839580536,0.13681839406490326
,8529,533,,0.05461281165480614,0.14651177823543549
,8530,533,,0.026161450892686844,0.17319037020206451
,8531,533,,0.047999195754528046,0.1566336452960968
,8532,533,,0.05845682695508003,0.14645448327064514
,8533,533,,0.04980305954813957,0.12748125195503235
,8534,533,,0.03193243592977524,0.1610032618045807
,8535,533,,0.04612881690263748,0.14378511905670166
,8536,533,,0.04574475809931755,0.1696254312992096
,8537,533,,0.047106437385082245,0.10821159183979034
,8538,533,,0.05054653808474541,0.0919189453125
,8539,533,,0.04605564475059509,0.14822450280189514
,8540,533,,0.053194791078567505,0.14243362843990326
,8541,533,,0.051413457840681076,0.09925311803817749
,8542,533,,0.04189759120345116,0.12304937094449997
,8543,533,,0.04754147678613663,0.1887381374835968
8544,,534,0.00010970536095555872,,0.0504847951233387
8545,,534,0.0021836450323462486,,0.08193658292293549
8546,,534,0.0006544518400914967,,0.08001086115837097
8547,,534,0.0003197720507159829,,0.072335384786129
8548,,534,0.0003638101043179631,,0.036009497940540314
8549,,534,0.0008351520518772304,,0.07998346537351608
8550,,534,0.0014410781441256404,,0.06558414548635483
8551,,534,0.0008036511717364192,,0.10040906071662903
8552,,534,0.002676010364666581,,0.11813417077064514
8553,,534,0.0005312766879796982,,0.07747727632522583
8554,,534,0.00034336591488681734,,0.07796058058738708
8555,,534,0.00021057689446024597,,0.08129384368658066
8556,,534,0.0009084978955797851,,0.08458102494478226
8557,,534,0.001481635496020317,,0.08181201666593552
8558,,534,0.0006634955061599612,,0.10944101214408875
8559,,534,0.0004997665528208017,,0.1080932542681694
,8544,534,,0.079600989818573,0.21870389580726624
,8545,534,,0.04889856278896332,0.15801005065441132
,8546,534,,0.06779076904058456,0.13609345257282257
,8547,534,,0.05350332707166672,0.2082257866859436
,8548,534,,0.05348627269268036,0.11107152700424194
,8549,534,,0.039510659873485565,0.1407034695148468
,8550,534,,0.037267737090587616,0.1971086859703064
,8551,534,,0.05793952941894531,0.18678252398967743
,8552,534,,0.04380285367369652,0.17165826261043549
,8553,534,,0.06656764447689056,0.19965845346450806
,8554,534,,0.04559261351823807,0.13920623064041138
,8555,534,,0.04633971303701401,0.16700464487075806
,8556,534,,0.03768511861562729,0.12881159782409668
,8557,534,,0.06404197216033936,0.1643601953983307
,8558,534,,0.052365049719810486,0.17036780714988708
,8559,534,,0.051841169595718384,0.1457855999469757
8560,,535,0.0013349138898774981,,0.1232822984457016
8561,,535,0.00018490408547222614,,0.07158053666353226
8562,,535,0.0003944830968976021,,0.08575190603733063
8563,,535,0.0006008854834362864,,0.0894513800740242
8564,,535,0.0004656293604057282,,0.04204076901078224
8565,,535,0.000991464126855135,,0.10233353823423386
8566,,535,0.0006613066652789712,,0.06577596813440323
8567,,535,0.001694280537776649,,0.19718465209007263
8568,,535,0.002011835342273116,,0.1265246421098709
8569,,535,0.003493339056149125,,0.051305655390024185
8570,,535,0.00014441731036640704,,0.06755097210407257
8571,,535,0.0006423599552363157,,0.0740182101726532
8572,,535,0.006157861091196537,,0.2889491617679596
8573,,535,0.0019751605577766895,,0.19640988111495972
8574,,535,0.00029242323944345117,,0.052003201097249985
8575,,535,0.0008982339641079307,,0.054749779403209686
,8560,535,,0.04861251264810562,0.1629713475704193
,8561,535,,0.05649155378341675,0.17887786030769348
,8562,535,,0.03268936276435852,0.14453497529029846
,8563,535,,0.051969610154628754,0.0891374871134758
,8564,535,,0.0425591878592968,0.13647086918354034
,8565,535,,0.04827519506216049,0.1557965874671936
,8566,535,,0.05754992365837097,0.12468112260103226
,8567,535,,0.037898145616054535,0.1826769858598709
,8568,535,,0.05620130896568298,0.1988176703453064
,8569,535,,0.03665504977107048,0.14356589317321777
,8570,535,,0.037710998207330704,0.15293292701244354
,8571,535,,0.029945654794573784,0.11965630948543549
,8572,535,,0.05484149605035782,0.11202940344810486
,8573,535,,0.05028349906206131,0.1608973890542984
,8574,535,,0.02830156311392784,0.12444819509983063
,8575,535,,0.047279298305511475,0.1663656383752823
8576,,536,0.0015694755129516125,,0.04368996620178223
8577,,536,0.001318054273724556,,0.16802853345870972
8578,,536,0.003530091606080532,,0.026296187192201614
8579,,536,0.0006294462364166975,,0.12749247252941132
8580,,536,0.0021612639538943768,,0.0552542507648468
8581,,536,0.001665299292653799,,0.07532984018325806
8582,,536,0.00269357580691576,,0.09163867682218552
8583,,536,0.0010600821115076542,,0.009019500575959682
8584,,536,0.0007885359809733927,,0.033446021378040314
8585,,536,0.00022690069454256445,,0.08878995478153229
8586,,536,0.011196058243513107,,0.19640864431858063
8587,,536,0.000529247336089611,,0.12946553528308868
8588,,536,0.00016936837346293032,,0.07350002974271774
8589,,536,0.0017053991323336959,,0.18170663714408875
8590,,536,0.00029647897463291883,,0.06768300384283066
8591,,536,0.00032055232441052794,,0.10998659580945969
,8576,536,,0.03349475562572479,0.11369230598211288
,8577,536,,0.04713394492864609,0.1450556516647339
,8578,536,,0.041915301233530045,0.18208655714988708
,8579,536,,0.0506579652428627,0.11444216221570969
,8580,536,,0.04699050262570381,0.15968291461467743
,8581,536,,0.046386949717998505,0.1384015679359436
,8582,536,,0.04825598746538162,0.1978398561477661
,8583,536,,0.03883923590183258,0.16150400042533875
,8584,536,,0.04954352229833603,0.15003810822963715
,8585,536,,0.0464320033788681,0.13925357162952423
,8586,536,,0.03653184324502945,0.09330406785011292
,8587,536,,0.043927863240242004,0.13150210678577423
,8588,536,,0.04128080606460571,0.1399698108434677
,8589,536,,0.03592711687088013,0.1758958399295807
,8590,536,,0.04144427925348282,0.21422219276428223
,8591,536,,0.046603716909885406,0.18781886994838715
8592,,537,0.0007676880341023207,,0.08126519620418549
8593,,537,0.0009890575893223286,,0.1331351101398468
8594,,537,0.0013122356031090021,,0.07891347259283066
8595,,537,0.003186611458659172,,0.21845103800296783
8596,,537,0.0005095896776765585,,0.0944388285279274
8597,,537,0.0008019532542675734,,0.16273093223571777
8598,,537,0.002497348003089428,,0.15035325288772583
8599,,537,0.000509034376591444,,0.12470728158950806
8600,,537,0.0008760883938521147,,0.07461485266685486
8601,,537,0.00997847504913807,,0.05729831010103226
8602,,537,0.00022656869259662926,,0.019422881305217743
8603,,537,0.0030320649966597557,,0.10216288268566132
8604,,537,0.0005890039028599858,,0.08796784281730652
8605,,537,0.002108978806063533,,0.19776013493537903
8606,,537,0.0018999993335455656,,0.09805484861135483
8607,,537,0.00042647693771868944,,0.06380914151668549
,8592,537,,0.0835597962141037,0.17985565960407257
,8593,537,,0.039903927594423294,0.08771873265504837
,8594,537,,0.060050927102565765,0.11386045813560486
,8595,537,,0.06454319506883621,0.1634882688522339
,8596,537,,0.05888798087835312,0.13731539249420166
,8597,537,,0.052719563245773315,0.14963079988956451
,8598,537,,0.061019349843263626,0.14078569412231445
,8599,537,,0.05002434551715851,0.12396364659070969
,8600,537,,0.05139078199863434,0.19219721853733063
,8601,537,,0.07112538814544678,0.1469552218914032
,8602,537,,0.05977047234773636,0.15091253817081451
,8603,537,,0.04408067837357521,0.12139768898487091
,8604,537,,0.06946662068367004,0.15451984107494354
,8605,537,,0.06868427991867065,0.1322457492351532
,8606,537,,0.06442718207836151,0.13191939890384674
,8607,537,,0.04672567918896675,0.14061877131462097
8608,,538,0.0009219347848556936,,0.14318224787712097
8609,,538,0.000997366034425795,,0.1536416858434677
8610,,538,0.002634071744978428,,0.1557368040084839
8611,,538,0.00021329215087462217,,0.07776127755641937
8612,,538,0.000652744376566261,,0.07013312727212906
8613,,538,0.001295821974053979,,0.10117510706186295
8614,,538,0.00048174854600802064,,0.02015281282365322
8615,,538,0.000456561625469476,,0.061574507504701614
8616,,538,0.001153143704868853,,0.15457837283611298
8617,,538,0.0012491111410781741,,0.16647276282310486
8618,,538,0.0012013311497867107,,0.1230032816529274
8619,,538,0.0005565925966948271,,0.10546127706766129
8620,,538,0.0006505778292194009,,0.05411825329065323
8621,,538,0.0008089335751719773,,0.06561653316020966
8622,,538,0.0005830429727211595,,0.12518933415412903
8623,,538,0.0009587120730429888,,0.09119898080825806
,8608,538,,0.03426051884889603,0.15590745210647583
,8609,538,,0.055357787758111954,0.14968809485435486
,8610,538,,0.05758126080036163,0.11654601246118546
,8611,538,,0.05227141082286835,0.1514120250940323
,8612,538,,0.05982878804206848,0.07675233483314514
,8613,538,,0.05467871576547623,0.11895003914833069
,8614,538,,0.04123009741306305,0.14133375883102417
,8615,538,,0.060253530740737915,0.13220837712287903
,8616,538,,0.0596964955329895,0.16204459965229034
,8617,538,,0.06169465184211731,0.16366265714168549
,8618,538,,0.049332574009895325,0.13705132901668549
,8619,538,,0.05039527267217636,0.16175687313079834
,8620,538,,0.05295780301094055,0.13505709171295166
,8621,538,,0.04740704968571663,0.17179155349731445
,8622,538,,0.046469785273075104,0.1579689383506775
,8623,538,,0.042160890996456146,0.1515764594078064
8624,,539,0.0006957811419852078,,0.11455177515745163
8625,,539,0.0011148791527375579,,0.09631099551916122
8626,,539,0.0013232020428404212,,0.09765749424695969
8627,,539,0.0019176958594471216,,0.16542768478393555
8628,,539,0.0003598174953367561,,0.0789794996380806
8629,,539,0.0005980959394946694,,0.111092709004879
8630,,539,0.0005015009082853794,,0.2064371109008789
8631,,539,0.0017004158580675721,,0.20774000883102417
8632,,539,0.0009214041056111455,,0.05987797677516937
8633,,539,0.0027874696534126997,,0.06040487438440323
8634,,539,0.0005996553809382021,,0.15420344471931458
8635,,539,0.00046083133202046156,,0.10009516775608063
8636,,539,0.0008040691027417779,,0.09914351254701614
8637,,539,0.0006551204714924097,,0.05050596967339516
8638,,539,0.0009334695059806108,,0.026121800765395164
8639,,539,0.0017259943997487426,,0.04421311989426613
,8624,539,,0.048408761620521545,0.15388831496238708
,8625,539,,0.04482262209057808,0.16910475492477417
,8626,539,,0.03326860070228577,0.15671585500240326
,8627,539,,0.03434763848781586,0.09122015535831451
,8628,539,,0.028525356203317642,0.16180793941020966
,8629,539,,0.0485764816403389,0.1692255735397339
,8630,539,,0.03434798866510391,0.129071906208992
,8631,539,,0.044887058436870575,0.20546051859855652
,8632,539,,0.023435283452272415,0.14570212364196777
,8633,539,,0.03802065923810005,0.13043585419654846
,8634,539,,0.03447399288415909,0.15240105986595154
,8635,539,,0.032276153564453125,0.14437180757522583
,8636,539,,0.0453718826174736,0.10507140308618546
,8637,539,,0.0403159074485302,0.17328254878520966
,8638,539,,0.04569843411445618,0.1653093546628952
,8639,539,,0.030321020632982254,0.14514409005641937
8640,,540,0.0016525037353858352,,0.08981260657310486
8641,,540,0.0013555879704654217,,0.089712955057621
8642,,540,0.0019969111308455467,,0.10832121223211288
8643,,540,0.00016347190830856562,,0.05820386856794357
8644,,540,0.00037746576708741486,,0.07919622957706451
8645,,540,0.0006208255654200912,,0.10304353386163712
8646,,540,0.00020230883092153817,,0.046341877430677414
8647,,540,0.0008443202823400497,,0.05006377398967743
8648,,540,0.0006750491447746754,,0.1183907687664032
8649,,540,0.0005706484662368894,,0.050788722932338715
8650,,540,0.004046202637255192,,0.0033382491674274206
8651,,540,0.0003745918511413038,,0.11465391516685486
8652,,540,0.00031220182427205145,,0.05915801227092743
8653,,540,0.00424964539706707,,0.1946149468421936
8654,,540,0.006043776869773865,,0.12079604715108871
8655,,540,0.00014561787247657776,,0.012670401483774185
,8640,540,,0.042006585747003555,0.14514285326004028
,8641,540,,0.03640706464648247,0.15106698870658875
,8642,540,,0.02678399533033371,0.13141492009162903
,8643,540,,0.030099716037511826,0.1826869547367096
,8644,540,,0.03563592582941055,0.08928696066141129
,8645,540,,0.029015282168984413,0.08491360396146774
,8646,540,,0.04372096806764603,0.11216144263744354
,8647,540,,0.0418504998087883,0.14262670278549194
,8648,540,,0.04059368371963501,0.1740361452102661
,8649,540,,0.031955115497112274,0.1263166069984436
,8650,540,,0.04212179407477379,0.15584641695022583
,8651,540,,0.06569882482290268,0.18510468304157257
,8652,540,,0.038959432393312454,0.11774180084466934
,8653,540,,0.045673660933971405,0.21690648794174194
,8654,540,,0.0264449305832386,0.1565476953983307
,8655,540,,0.03296902775764465,0.14989984035491943
8656,,541,0.00014949488104321063,,0.07212362438440323
8657,,541,0.0002515545638743788,,0.0429164357483387
8658,,541,0.00024021582794375718,,0.009707081131637096
8659,,541,0.00020179522107355297,,0.0762503445148468
8660,,541,0.0006127557717263699,,0.10151142627000809
8661,,541,0.0005575871327891946,,0.059298768639564514
8662,,541,0.0011098688701167703,,0.07056038081645966
8663,,541,0.00045967649202793837,,0.18370211124420166
8664,,541,0.0023019867949187756,,0.10611647367477417
8665,,541,0.0009676156914792955,,0.1734781116247177
8666,,541,0.0003413079248275608,,0.07467962801456451
8667,,541,0.0003451664524618536,,0.11976717412471771
8668,,541,0.0011971662752330303,,0.11860749870538712
8669,,541,0.0008322814828716218,,0.027259046211838722
8670,,541,0.0007787668728269637,,0.13979044556617737
8671,,541,0.0006656795740127563,,0.09389200061559677
,8656,541,,0.04848914593458176,0.1317213475704193
,8657,541,,0.04245073348283768,0.18470732867717743
,8658,541,,0.03404761850833893,0.1599195897579193
,8659,541,,0.053611040115356445,0.17712527513504028
,8660,541,,0.04608646035194397,0.1493891477584839
,8661,541,,0.0363788828253746,0.12779390811920166
,8662,541,,0.05595875903964043,0.17589585483074188
,8663,541,,0.04588433355093002,0.16606669127941132
,8664,541,,0.047415122389793396,0.20154055953025818
,8665,541,,0.046906761825084686,0.12139269709587097
,8666,541,,0.048287875950336456,0.16681033372879028
,8667,541,,0.03225161135196686,0.13799798488616943
,8668,541,,0.04514135420322418,0.20605841279029846
,8669,541,,0.05200697481632233,0.17842444777488708
,8670,541,,0.029603928327560425,0.13706253468990326
,8671,541,,0.043200813233852386,0.17210295796394348
8672,,542,0.0007542009698227048,,0.19463364779949188
8673,,542,0.0003109578392468393,,0.015165368095040321
8674,,542,0.00015659985365346074,,0.11077382415533066
8675,,542,0.0019389104563742876,,0.0802437961101532
8676,,542,0.0007050805725157261,,0.04415831342339516
8677,,542,0.0009231941075995564,,0.08016157895326614
8678,,542,0.000550127646420151,,0.07218092679977417
8679,,542,0.0009636764298193157,,0.09040801227092743
8680,,542,0.0012860298156738281,,0.029648136347532272
8681,,542,0.0002730025153141469,,0.06932223588228226
8682,,542,0.00019437845912761986,,0.073434017598629
8683,,542,0.00029251730302348733,,0.08916240185499191
8684,,542,0.000469786929897964,,0.06506721675395966
8685,,542,0.0003164058434776962,,0.12072131037712097
8686,,542,0.0001911834697239101,,0.09760891646146774
8687,,542,0.002295889426022768,,0.0772181898355484
,8672,542,,0.02764623612165451,0.17735198140144348
,8673,542,,0.03516919165849686,0.17175666987895966
,8674,542,,0.04386703297495842,0.10982964932918549
,8675,542,,0.02917170152068138,0.15977010130882263
,8676,542,,0.03380325064063072,0.2128981053829193
,8677,542,,0.04842700809240341,0.23379328846931458
,8678,542,,0.02782806195318699,0.11093451082706451
,8679,542,,0.03899434208869934,0.17634925246238708
,8680,542,,0.020632412284612656,0.10626096278429031
,8681,542,,0.02707366831600666,0.10492067784070969
,8682,542,,0.02728511393070221,0.16835489869117737
,8683,542,,0.03159957379102707,0.17731210589408875
,8684,542,,0.025590788573026657,0.09828777611255646
,8685,542,,0.027120450511574745,0.09100839495658875
,8686,542,,0.027888193726539612,0.1438087821006775
,8687,542,,0.05594952031970024,0.16833621263504028
8688,,543,0.0004934808821417391,,0.0677228644490242
8689,,543,9.155732550425455e-05,,0.024912308901548386
8690,,543,0.001933455467224121,,0.10768594592809677
8691,,543,0.0004979003570042551,,0.16341228783130646
8692,,543,0.000315141340252012,,0.05711520090699196
8693,,543,0.0020837532356381416,,0.12044976651668549
8694,,543,0.00019056876772083342,,0.029159855097532272
8695,,543,0.0032266590278595686,,0.12553437054157257
8696,,543,0.000200841182959266,,0.10205452144145966
8697,,543,0.0004932401934638619,,0.10663215816020966
8698,,543,0.0006435395334847271,,0.14480403065681458
8699,,543,0.0002606389462016523,,0.045103732496500015
8700,,543,0.00034922201302833855,,0.019480179995298386
8701,,543,9.519079321762547e-05,,0.0476858951151371
8702,,543,0.0004331789386924356,,0.06244394928216934
8703,,543,0.000337305071298033,,0.06135528162121773
,8688,543,,0.027158115059137344,0.16520971059799194
,8689,543,,0.050833560526371,0.19067507982254028
,8690,543,,0.0548904687166214,0.19031134247779846
,8691,543,,0.03936595097184181,0.13141989707946777
,8692,543,,0.04706772789359093,0.12965236604213715
,8693,543,,0.03754226118326187,0.13031254708766937
,8694,543,,0.04468020424246788,0.15705591440200806
,8695,543,,0.0503617599606514,0.20824198424816132
,8696,543,,0.036438774317502975,0.15426573157310486
,8697,543,,0.05262599140405655,0.18489043414592743
,8698,543,,0.04829982668161392,0.1467185616493225
,8699,543,,0.0449569933116436,0.15134352445602417
,8700,543,,0.051227644085884094,0.13838911056518555
,8701,543,,0.038611795753240585,0.13141368329524994
,8702,543,,0.05793599411845207,0.1830880343914032
,8703,543,,0.050430335104465485,0.16112908720970154
8704,,544,0.00037186266854405403,,0.04765724763274193
8705,,544,0.0006584983202628791,,0.0841761976480484
8706,,544,0.00020546826999634504,,0.10399144887924194
8707,,544,0.0011993048246949911,,0.15180936455726624
8708,,544,0.0003314399509690702,,0.20000474154949188
8709,,544,0.0007275494281202555,,0.06742018461227417
8710,,544,0.000593966746237129,,0.07665641605854034
8711,,544,0.000497826433274895,,0.19122688472270966
8712,,544,0.00040639564394950867,,0.007877272553741932
8713,,544,0.0008955291705206037,,0.06717603653669357
8714,,544,0.0010107255075126886,,0.10420819371938705
8715,,544,0.0005173471290618181,,0.1351393163204193
8716,,544,0.0004975706106051803,,0.15420469641685486
8717,,544,0.0004231820348650217,,0.06798569113016129
8718,,544,0.00013115171168465167,,0.040526099503040314
8719,,544,0.0004978283541277051,,0.0064684804528951645
,8704,544,,0.060549672693014145,0.1722162961959839
,8705,544,,0.04647260904312134,0.1362055540084839
,8706,544,,0.04796621948480606,0.20032858848571777
,8707,544,,0.031012635678052902,0.1440068483352661
,8708,544,,0.03368602693080902,0.1325434446334839
,8709,544,,0.05817856639623642,0.13661286234855652
,8710,544,,0.04348503798246384,0.1615426242351532
,8711,544,,0.031254954636096954,0.1711948812007904
,8712,544,,0.04971121996641159,0.16402140259742737
,8713,544,,0.03953597694635391,0.177978515625
,8714,544,,0.047166187316179276,0.18111996352672577
,8715,544,,0.04047147184610367,0.1758684515953064
,8716,544,,0.029818298295140266,0.12364351749420166
,8717,544,,0.03775925561785698,0.12953653931617737
,8718,544,,0.04948174208402634,0.15480384230613708
,8719,544,,0.0350891649723053,0.16468656063079834
8720,,545,0.0006138519383966923,,0.06716607511043549
8721,,545,0.0013283835723996162,,0.2057059109210968
8722,,545,0.00040822417940944433,,0.03556356579065323
8723,,545,0.0002716372546274215,,0.06524783372879028
8724,,545,0.00017478880181442946,,0.02482636086642742
8725,,545,0.0008642018656246364,,0.02350476384162903
8726,,545,0.0006702824612148106,,0.058071836829185486
8727,,545,0.00023955106735229492,,0.04594825953245163
8728,,545,0.000228865013923496,,0.03898776322603226
8729,,545,0.00026952658663503826,,0.09212944656610489
8730,,545,0.0009891849476844072,,0.10330138355493546
8731,,545,0.0006362639833241701,,0.08729273080825806
8732,,545,5.1795246690744534e-05,,0.0157906673848629
8733,,545,0.016133496537804604,,0.2961413264274597
8734,,545,0.00019643761334009469,,0.02471674606204033
8735,,545,0.00022562600497622043,,0.12079355865716934
,8720,545,,0.039156120270490646,0.1364210546016693
,8721,545,,0.03023485280573368,0.13458500802516937
,8722,545,,0.04165506362915039,0.16403385996818542
,8723,545,,0.03718387335538864,0.20429712533950806
,8724,545,,0.029449140653014183,0.13713976740837097
,8725,545,,0.021888472139835358,0.13785973191261292
,8726,545,,0.03798830509185791,0.1028791144490242
,8727,545,,0.03800813853740692,0.16089117527008057
,8728,545,,0.035412222146987915,0.07743368297815323
,8729,545,,0.034472428262233734,0.18208032846450806
,8730,545,,0.029814790934324265,0.1506260484457016
,8731,545,,0.044065847992897034,0.19659796357154846
,8732,545,,0.03826746344566345,0.19237658381462097
,8733,545,,0.031218891963362694,0.17537766695022583
,8734,545,,0.03309302031993866,0.1431623101234436
,8735,545,,0.031230876222252846,0.13648457825183868
8736,,546,0.0005603119498118758,,0.03943119943141937
8737,,546,0.0009058094583451748,,0.0818045437335968
8738,,546,0.0004667082102969289,,0.03749676048755646
8739,,546,0.000913623720407486,,0.051636986434459686
8740,,546,0.00040511542465537786,,0.16601812839508057
8741,,546,0.0006670557195320725,,0.19033750891685486
8742,,546,0.0008243721094913781,,0.11134681105613708
8743,,546,0.0014996088575571775,,0.1237705796957016
8744,,546,0.000905160210095346,,0.07943663001060486
8745,,546,3.267339707235806e-05,,0.06654202193021774
8746,,546,0.0002334266173420474,,0.06857984513044357
8747,,546,0.0001857817405834794,,0.10049625486135483
8748,,546,0.00032348863896913826,,0.12767060101032257
8749,,546,4.805222852155566e-05,,0.02615169808268547
8750,,546,0.00084912427701056,,0.10119503736495972
8751,,546,0.0007084939279593527,,0.1893833726644516
,8736,546,,0.026074547320604324,0.12784498929977417
,8737,546,,0.03797261416912079,0.17192232608795166
,8738,546,,0.04069432243704796,0.17874829471111298
,8739,546,,0.043230850249528885,0.1318458914756775
,8740,546,,0.03430299460887909,0.18448683619499207
,8741,546,,0.03836563974618912,0.1541748046875
,8742,546,,0.052519768476486206,0.22688262164592743
,8743,546,,0.026077089831233025,0.14338403940200806
,8744,546,,0.029834723100066185,0.09943374246358871
,8745,546,,0.04403635486960411,0.11243298649787903
,8746,546,,0.0339810848236084,0.14216458797454834
,8747,546,,0.048898275941610336,0.2432599663734436
,8748,546,,0.026948250830173492,0.13736273348331451
,8749,546,,0.024812381714582443,0.141278937458992
,8750,546,,0.024094726890325546,0.13461491465568542
,8751,546,,0.0340718999505043,0.14773622155189514
8752,,547,0.0005801414372399449,,0.061461158096790314
8753,,547,0.00043461588211357594,,0.06043103337287903
8754,,547,0.0006624257075600326,,0.10662716627120972
8755,,547,0.0003954547573812306,,0.0873500257730484
8756,,547,0.00029851391445845366,,0.042080625891685486
8757,,547,0.00014842931705061346,,0.0396990105509758
8758,,547,0.0003716271312441677,,0.12899470329284668
8759,,547,0.0008116053650155663,,0.06991764158010483
8760,,547,0.0008784934179857373,,0.10493314266204834
8761,,547,0.0001307264028582722,,0.018976951017975807
8762,,547,0.00018094040569849312,,0.030655842274427414
8763,,547,0.0008181534940376878,,0.1152518168091774
8764,,547,0.0008559479028917849,,0.1028616726398468
8765,,547,0.00015828775940462947,,0.07877521216869354
8766,,547,0.001373304519802332,,0.20387113094329834
8767,,547,0.0014617044944316149,,0.18561413884162903
,8752,547,,0.04115637391805649,0.1453782618045807
,8753,547,,0.037545736879110336,0.15065842866897583
,8754,547,,0.03255753964185715,0.1419316530227661
,8755,547,,0.027295533567667007,0.14195656776428223
,8756,547,,0.03438335284590721,0.17193478345870972
,8757,547,,0.032191067934036255,0.16304609179496765
,8758,547,,0.031149696558713913,0.17472372949123383
,8759,547,,0.0397249236702919,0.1231602281332016
,8760,547,,0.0382930189371109,0.17041513323783875
,8761,547,,0.029592158272862434,0.12767931818962097
,8762,547,,0.03447575494647026,0.17704181373119354
,8763,547,,0.04251902550458908,0.14386111497879028
,8764,547,,0.024959225207567215,0.14332549273967743
,8765,547,,0.029707377776503563,0.10949955880641937
,8766,547,,0.031158387660980225,0.1719709038734436
,8767,547,,0.030732305720448494,0.1272146999835968
8768,,548,0.0003090804675593972,,0.1144496351480484
8769,,548,0.0001965480187209323,,0.08589265495538712
8770,,548,0.0005925566074438393,,0.09846092015504837
8771,,548,0.0003344675060361624,,0.12342803180217743
8772,,548,0.0014891965547576547,,0.11285275220870972
8773,,548,0.0026529082097113132,,0.23067054152488708
8774,,548,0.00029885346884839237,,0.11686737835407257
8775,,548,0.0002594772959128022,,0.034210823476314545
8776,,548,0.00015930058725643903,,0.04154999181628227
8777,,548,0.0010071084834635258,,0.04013248533010483
8778,,548,0.00015152043488342315,,0.10085000842809677
8779,,548,0.00026443746173754334,,0.05153484642505646
8780,,548,8.817105845082551e-05,,0.03646041080355644
8781,,548,0.0004036152677144855,,0.05517329275608063
8782,,548,0.00035518137156032026,,0.06312280893325806
8783,,548,0.0005113049992360175,,0.19546696543693542
,8768,548,,0.04669199883937836,0.15599963068962097
,8769,548,,0.022640353068709373,0.15972402691841125
,8770,548,,0.03517775237560272,0.1236397847533226
,8771,548,,0.041977398097515106,0.12733927369117737
,8772,548,,0.05259865149855614,0.15002566576004028
,8773,548,,0.026447083801031113,0.12795957922935486
,8774,548,,0.032369568943977356,0.14230158925056458
,8775,548,,0.04614908993244171,0.11884292960166931
,8776,548,,0.032127074897289276,0.1537126898765564
,8777,548,,0.021741237491369247,0.13333192467689514
,8778,548,,0.0241252314299345,0.13702143728733063
,8779,548,,0.03377339988946915,0.12364352494478226
,8780,548,,0.038803353905677795,0.1769147515296936
,8781,548,,0.03443329781293869,0.15814083814620972
,8782,548,,0.034049343317747116,0.14229163527488708
,8783,548,,0.040846433490514755,0.1505376100540161
8784,,549,0.0006844182498753071,,0.08887466043233871
8785,,549,0.0006056178826838732,,0.15514139831066132
8786,,549,0.0005749156698584557,,0.11417186260223389
8787,,549,0.00011100457777502015,,0.004735829774290323
8788,,549,0.0003317221999168396,,0.07899443805217743
8789,,549,0.00010739692515926436,,0.07853604853153229
8790,,549,0.0013136387569829822,,0.15711571276187897
8791,,549,0.00023646411136724055,,0.06443692743778229
8792,,549,0.0007307697087526321,,0.09647665172815323
8793,,549,0.0003262614191044122,,0.0995744913816452
8794,,549,0.00010137992649106309,,0.05518823862075806
8795,,549,9.241241787094623e-05,,0.0338134765625
8796,,549,0.0001276507246075198,,0.04480728134512901
8797,,549,0.0005993528757244349,,0.09213817864656448
8798,,549,0.00022265579900704324,,0.08917983621358871
8799,,549,0.00033151774550788105,,0.06293098628520966
,8784,549,,0.024529598653316498,0.09211201965808868
,8785,549,,0.02476803958415985,0.13668511807918549
,8786,549,,0.02685178443789482,0.15967793762683868
,8787,549,,0.019041839987039566,0.16103440523147583
,8788,549,,0.03006250038743019,0.1401890367269516
,8789,549,,0.02879382111132145,0.16752032935619354
,8790,549,,0.020855162292718887,0.1279284507036209
,8791,549,,0.02011742815375328,0.1403447389602661
,8792,549,,0.02417304739356041,0.14832788705825806
,8793,549,,0.021786142140626907,0.1486729085445404
,8794,549,,0.023887107148766518,0.18591931462287903
,8795,549,,0.02380683273077011,0.1174054816365242
,8796,549,,0.02686457149684429,0.20789694786071777
,8797,549,,0.03484611213207245,0.1716482937335968
,8798,549,,0.022591114044189453,0.19739142060279846
,8799,549,,0.03392244130373001,0.17194226384162903
8800,,550,0.00043301249388605356,,0.04540766775608063
8801,,550,0.0018286395352333784,,0.19543954730033875
8802,,550,0.00027370534371584654,,0.12386897951364517
8803,,550,0.0008625489426776767,,0.10459806025028229
8804,,550,0.00029413262382149696,,0.07644341886043549
8805,,550,0.00027629040414467454,,0.13902314007282257
8806,,550,0.00036306638503447175,,0.10193245112895966
8807,,550,0.00043738906970247626,,0.0571812242269516
8808,,550,0.0031148241832852364,,0.2343313992023468
8809,,550,0.00021630662376992404,,0.136962890625
8810,,550,0.0006878193817101419,,0.060336366295814514
8811,,550,0.0004258419794496149,,0.06295838952064514
8812,,550,0.001080637564882636,,0.15191277861595154
8813,,550,0.00017410021973773837,,0.06242650747299194
8814,,550,0.0001670008059591055,,0.15645551681518555
8815,,550,0.0004989522276446223,,0.10149897634983063
,8800,550,,0.019704807549715042,0.10347078740596771
,8801,550,,0.033012378960847855,0.14296674728393555
,8802,550,,0.03373192995786667,0.11155608296394348
,8803,550,,0.0343470498919487,0.14183324575424194
,8804,550,,0.03118995763361454,0.1806466281414032
,8805,550,,0.02535851299762726,0.18651846051216125
,8806,550,,0.03598892688751221,0.16555100679397583
,8807,550,,0.026970185339450836,0.16187894344329834
,8808,550,,0.031849510967731476,0.13608099520206451
,8809,550,,0.038161128759384155,0.12823735177516937
,8810,550,,0.03526172414422035,0.16748420894145966
,8811,550,,0.02676117606461048,0.14972048997879028
,8812,550,,0.03533338010311127,0.18959638476371765
,8813,550,,0.029348012059926987,0.11726348102092743
,8814,550,,0.025906233116984367,0.12119339406490326
,8815,550,,0.03200225159525871,0.22364401817321777
8816,,551,8.588806667830795e-05,,0.05605020374059677
8817,,551,0.00021592897246591747,,0.11690723896026611
8818,,551,0.0006765492726117373,,0.14687052369117737
8819,,551,0.0003665824478957802,,0.12893988192081451
8820,,551,0.0002702634665183723,,0.04636180400848389
8821,,551,0.0004385639331303537,,0.17684999108314514
8822,,551,0.00024250231217592955,,0.05458535999059677
8823,,551,0.0006677639903500676,,0.11898989975452423
8824,,551,0.0001726025075186044,,0.18244779109954834
8825,,551,0.00015768100274726748,,0.005102040711790323
8826,,551,0.0009218037012033165,,0.17583855986595154
8827,,551,0.0004994785995222628,,0.08140096068382263
8828,,551,0.00044969801092520356,,0.08311119675636292
8829,,551,0.002083378843963146,,0.09482870250940323
8830,,551,0.0003471426898613572,,0.08037208765745163
8831,,551,0.0005312004359439015,,0.09876734018325806
,8816,551,,0.020781947299838066,0.11156229674816132
,8817,551,,0.037932198494672775,0.2097417116165161
,8818,551,,0.026432547718286514,0.1305367648601532
,8819,551,,0.017760081216692924,0.11371970921754837
,8820,551,,0.03038783185184002,0.12937584519386292
,8821,551,,0.03538329154253006,0.18657450377941132
,8822,551,,0.033942583948373795,0.1548723578453064
,8823,551,,0.015090346336364746,0.2111990749835968
,8824,551,,0.025257864966988564,0.12349903583526611
,8825,551,,0.0298018679022789,0.16293272376060486
,8826,551,,0.029121138155460358,0.15591618418693542
,8827,551,,0.026978889480233192,0.16338986158370972
,8828,551,,0.02768954262137413,0.14353102445602417
,8829,551,,0.03360631316900253,0.14502078294754028
,8830,551,,0.03672950714826584,0.11067916452884674
,8831,551,,0.036765869706869125,0.16877715289592743
8832,,552,5.604408943327144e-05,,0.017806071788072586
8833,,552,8.468412124784663e-05,,0.045513540506362915
8834,,552,8.927096496336162e-05,,0.1650639772415161
8835,,552,0.00014906827709637582,,0.04208311438560486
8836,,552,6.18041303823702e-05,,0.010068310424685478
8837,,552,0.0006337068043649197,,0.18496392667293549
8838,,552,0.0001595837384229526,,0.1148681640625
8839,,552,0.0012261581141501665,,0.1640114188194275
8840,,552,0.00017997599206864834,,0.027987733483314514
8841,,552,7.291282236110419e-05,,0.08863674849271774
8842,,552,0.0006449422799050808,,0.043821997940540314
8843,,552,0.0008316101739183068,,0.10793257504701614
8844,,552,0.0006741172983311117,,0.16738581657409668
8845,,552,0.0006700871745124459,,0.060768596827983856
8846,,552,0.002185066929087043,,0.10345210134983063
8847,,552,0.0002482491254340857,,0.11149130761623383
,8832,552,,0.029135314747691154,0.16412727534770966
,8833,552,,0.026699161157011986,0.164794921875
,8834,552,,0.03804900869727135,0.14620286226272583
,8835,552,,0.026536285877227783,0.13885995745658875
,8836,552,,0.036645758897066116,0.16189886629581451
,8837,552,,0.028475355356931686,0.09322434663772583
,8838,552,,0.03154513239860535,0.18843919038772583
,8839,552,,0.02652130275964737,0.15099972486495972
,8840,552,,0.029757147654891014,0.17532660067081451
,8841,552,,0.03974677622318268,0.12100531905889511
,8842,552,,0.037425633519887924,0.19145731627941132
,8843,552,,0.017467811703681946,0.15703848004341125
,8844,552,,0.03815898299217224,0.12198062241077423
,8845,552,,0.026832249015569687,0.1816842257976532
,8846,552,,0.027926279231905937,0.12396489828824997
,8847,552,,0.028502153232693672,0.17169561982154846
8848,,553,0.0007976489141583443,,0.2121420055627823
8849,,553,5.1113311201334e-05,,0.02591627463698387
8850,,553,3.869768261210993e-05,,0.018796337768435478
8851,,553,0.00012599518231581897,,0.11535146087408066
8852,,553,0.0002620477171149105,,0.10399892926216125
8853,,553,0.0006929629016667604,,0.08652418851852417
8854,,553,0.00020887432037852705,,0.06926493346691132
8855,,553,0.0005484849098138511,,0.060484595596790314
8856,,553,0.001586307305842638,,0.08582789450883865
8857,,553,0.0003712588222697377,,0.14659273624420166
8858,,553,0.00040613237069919705,,0.08042440563440323
8859,,553,0.0006153358262963593,,0.16221027076244354
8860,,553,0.0008969659102149308,,0.10729233920574188
8861,,553,0.0004497045883908868,,0.11306202411651611
8862,,553,0.00032192867365665734,,0.08600102365016937
8863,,553,0.00018032923981081694,,0.10443862527608871
,8848,553,,0.02372162975370884,0.10582125931978226
,8849,553,,0.0203092023730278,0.19192691147327423
,8850,553,,0.04659708961844444,0.16838228702545166
,8851,553,,0.022777754813432693,0.13813252747058868
,8852,553,,0.027232524007558823,0.16670818626880646
,8853,553,,0.015346432104706764,0.1554739773273468
,8854,553,,0.031494442373514175,0.14019402861595154
,8855,553,,0.038387130945920944,0.1162894070148468
,8856,553,,0.037004951387643814,0.1629999876022339
,8857,553,,0.0146110150963068,0.14675840735435486
,8858,553,,0.02380036562681198,0.15454350411891937
,8859,553,,0.023849664255976677,0.19259580969810486
,8860,553,,0.03186239302158356,0.13175621628761292
,8861,553,,0.027022559195756912,0.11763966083526611
,8862,553,,0.020980043336749077,0.12133539468050003
,8863,553,,0.031102817505598068,0.25448545813560486
8864,,554,0.000537340936716646,,0.11264225095510483
8865,,554,0.000231054553296417,,0.0492292121052742
8866,,554,0.0009364793659187853,,0.2046147584915161
8867,,554,0.0014078165404498577,,0.19026154279708862
8868,,554,0.0001986628631129861,,0.09062973409891129
8869,,554,0.0007644908037036657,,0.06728814542293549
8870,,554,0.00023538658570032567,,0.040593359619379044
8871,,554,0.002073075855150819,,0.18069645762443542
8872,,554,0.0006905024638399482,,0.07011569291353226
8873,,554,0.00020585543825291097,,0.0360804982483387
8874,,554,0.00017454293265473098,,0.10195363312959671
8875,,554,0.00032851556898094714,,0.14795170724391937
8876,,554,0.0003146537928842008,,0.10925915837287903
8877,,554,0.0002068693283945322,,0.087890625
8878,,554,0.00015815647202543914,,0.04564059525728226
8879,,554,0.0004748394712805748,,0.16231116652488708
,8864,554,,0.03254059702157974,0.17722615599632263
,8865,554,,0.01911110430955887,0.11338838189840317
,8866,554,,0.02724500000476837,0.10689996182918549
,8867,554,,0.028451623395085335,0.15818443894386292
,8868,554,,0.04664178937673569,0.1604975461959839
,8869,554,,0.02344163879752159,0.10764235258102417
,8870,554,,0.03183475881814957,0.15573057532310486
,8871,554,,0.031170936301350594,0.10519596189260483
,8872,554,,0.03676614910364151,0.14676712453365326
,8873,554,,0.026436155661940575,0.11967748403549194
,8874,554,,0.020217085257172585,0.12777896225452423
,8875,554,,0.023435134440660477,0.1717977672815323
,8876,554,,0.025903426110744476,0.14110954105854034
,8877,554,,0.027646135538816452,0.12403838336467743
,8878,554,,0.022804459556937218,0.16375359892845154
,8879,554,,0.02396155521273613,0.1414022594690323
8880,,555,0.00021773175103589892,,0.08000214397907257
8881,,555,0.0009669222054071724,,0.058411892503499985
8882,,555,0.00021504086907953024,,0.0788835734128952
8883,,555,0.0005616858834400773,,0.2126302719116211
8884,,555,0.00014100337284617126,,0.030300840735435486
8885,,555,0.0012192338472232223,,0.09805484116077423
8886,,555,0.00025083619402721524,,0.1273455023765564
8887,,555,0.0003689900622703135,,0.10288161039352417
8888,,555,0.0002768252743408084,,0.06995750218629837
8889,,555,0.0005128950579091907,,0.08738864213228226
8890,,555,0.00019234910723753273,,0.047562576830387115
8891,,555,8.110216003842652e-05,,0.02165876142680645
8892,,555,0.0005804719403386116,,0.07641477137804031
8893,,555,0.00075886445119977,,0.1334390491247177
8894,,555,0.00022270338376984,,0.06689453125
8895,,555,0.0002806179691106081,,0.18244779109954834
,8880,555,,0.02067474089562893,0.109322689473629
,8881,555,,0.02790762484073639,0.12570127844810486
,8882,555,,0.02986663207411766,0.15610799193382263
,8883,555,,0.02629683166742325,0.15273861587047577
,8884,555,,0.02629396878182888,0.13649329543113708
,8885,555,,0.018916789442300797,0.10406742990016937
,8886,555,,0.019154353067278862,0.15414491295814514
,8887,555,,0.029440075159072876,0.15413618087768555
,8888,555,,0.02822462096810341,0.12146370112895966
,8889,555,,0.0332045815885067,0.2007957100868225
,8890,555,,0.02849400043487549,0.12530642747879028
,8891,555,,0.033102765679359436,0.18855254352092743
,8892,555,,0.029432564973831177,0.13856476545333862
,8893,555,,0.025669686496257782,0.13440190255641937
,8894,555,,0.03432987630367279,0.17806695401668549
,8895,555,,0.024335596710443497,0.13932083547115326
8896,,556,0.00015380384866148233,,0.028620507568120956
8897,,556,0.00012337774387560785,,0.03729248046875
8898,,556,0.00024541717721149325,,0.0643397718667984
8899,,556,0.0005789909046143293,,0.10570541769266129
8900,,556,0.00028270925395190716,,0.09303875267505646
8901,,556,0.0006611142889596522,,0.07718829810619354
8902,,556,0.00013392893015407026,,0.11209293454885483
8903,,556,0.0006118025630712509,,0.04009760543704033
8904,,556,0.00029577434179373085,,0.08603715151548386
8905,,556,0.00013218131789471954,,0.10105304419994354
8906,,556,0.00024212479183916003,,0.25211381912231445
8907,,556,3.72526264982298e-05,,0.10573655366897583
8908,,556,6.444387690862641e-05,,0.08477534353733063
8909,,556,0.00020440324442461133,,0.08311867713928223
8910,,556,4.82173782074824e-05,,0.19116833806037903
8911,,556,0.0001162102707894519,,0.0633980929851532
,8896,556,,0.034945156425237656,0.17685122787952423
,8897,556,,0.03270477429032326,0.1351243555545807
,8898,556,,0.03176998347043991,0.1524832546710968
,8899,556,,0.02868293970823288,0.12105264514684677
,8900,556,,0.04819900169968605,0.15671586990356445
,8901,556,,0.028093209490180016,0.1341291069984436
,8902,556,,0.0254999790340662,0.15566705167293549
,8903,556,,0.026808051392436028,0.18361493945121765
,8904,556,,0.031190181151032448,0.15650783479213715
,8905,556,,0.030162177979946136,0.20215217769145966
,8906,556,,0.030196413397789,0.11862494051456451
,8907,556,,0.02707059495151043,0.20454749464988708
,8908,556,,0.023820064961910248,0.1651250123977661
,8909,556,,0.029492825269699097,0.15997937321662903
,8910,556,,0.03936094418168068,0.17032918334007263
,8911,556,,0.02232320047914982,0.13380400836467743
8912,,557,0.00010645143629517406,,0.08657649904489517
8913,,557,0.00023260017042048275,,0.0525599867105484
8914,,557,0.0005083421710878611,,0.1506173312664032
8915,,557,0.0002213362604379654,,0.07436946779489517
8916,,557,0.0008984029991552234,,0.11089963465929031
8917,,557,6.793814100092277e-05,,0.053596340119838715
8918,,557,0.0004150120366830379,,0.04400012269616127
8919,,557,0.0001347550132777542,,0.08403419703245163
8920,,557,0.00031710704206489027,,0.06613844633102417
8921,,557,4.42619675595779e-05,,0.021494340151548386
8922,,557,0.00021888715855311602,,0.09017010033130646
8923,,557,0.000638286117464304,,0.13047946989536285
8924,,557,0.0004442611534614116,,0.10986950993537903
8925,,557,0.00026128499303013086,,0.11456797271966934
8926,,557,0.0002466215519234538,,0.10950703918933868
8927,,557,0.0002765630488283932,,0.09202980250120163
,8912,557,,0.02772797830402851,0.14165762066841125
,8913,557,,0.03078557178378105,0.1568765491247177
,8914,557,,0.024385323747992516,0.17174172401428223
,8915,557,,0.029514659196138382,0.1085379421710968
,8916,557,,0.019304867833852768,0.09199866652488708
,8917,557,,0.015913225710392,0.1347133070230484
,8918,557,,0.021790385246276855,0.184814453125
,8919,557,,0.0346430167555809,0.1879969835281372
,8920,557,,0.02465794049203396,0.1927751749753952
,8921,557,,0.023337598890066147,0.11579863727092743
,8922,557,,0.02327200211584568,0.1335100531578064
,8923,557,,0.013324575498700142,0.11747897416353226
,8924,557,,0.021333472803235054,0.10832494497299194
,8925,557,,0.03908123821020126,0.19623923301696777
,8926,557,,0.019632667303085327,0.13413284718990326
,8927,557,,0.01772972196340561,0.1442945897579193
8928,,558,0.0010551054729148746,,0.09297148883342743
8929,,558,0.00021339172963052988,,0.17301972210407257
8930,,558,0.00019738334231078625,,0.06023048609495163
8931,,558,0.0002712200512178242,,0.09438776224851608
8932,,558,0.0003140060289297253,,0.10036920011043549
8933,,558,0.00044786380021832883,,0.10528315603733063
8934,,558,0.00013227970339357853,,0.1298666149377823
8935,,558,0.0002086405293084681,,0.09134097397327423
8936,,558,0.0003703852999024093,,0.08152303099632263
8937,,558,0.0001729399082250893,,0.10014249384403229
8938,,558,0.0003678969223983586,,0.06486542522907257
8939,,558,0.00011341850040480494,,0.018199685961008072
8940,,558,0.0003673549508675933,,0.1913526952266693
8941,,558,0.00010897114407271147,,0.07172004133462906
8942,,558,0.0003235793556086719,,0.09287433326244354
8943,,558,0.00016955264436546713,,0.03804607689380646
,8928,558,,0.020716004073619843,0.15911617875099182
,8929,558,,0.024988137185573578,0.14361697435379028
,8930,558,,0.017618045210838318,0.12936338782310486
,8931,558,,0.028272680938243866,0.14967814087867737
,8932,558,,0.018700383603572845,0.13725560903549194
,8933,558,,0.01898510940372944,0.14311248064041138
,8934,558,,0.01855243369936943,0.09259656071662903
,8935,558,,0.027559794485569,0.11209169030189514
,8936,558,,0.02790793403983116,0.16103315353393555
,8937,558,,0.021990826353430748,0.15282705426216125
,8938,558,,0.023541834205389023,0.15290676057338715
,8939,558,,0.022431133314967155,0.1706904172897339
,8940,558,,0.01799779199063778,0.1118687242269516
,8941,558,,0.0272429957985878,0.15266761183738708
,8942,558,,0.01988101936876774,0.1407383531332016
,8943,558,,0.02470995858311653,0.16077657043933868
8944,,559,6.712773028993979e-05,,0.15018759667873383
8945,,559,0.00046711822506040335,,0.08655408024787903
8946,,559,0.00037087692180648446,,0.1953573375940323
8947,,559,5.3531519370153546e-05,,0.041038043797016144
8948,,559,0.0003579674521461129,,0.03361666947603226
8949,,559,0.00023674481781199574,,0.06957633793354034
8950,,559,0.00015453218657057732,,0.053973760455846786
8951,,559,0.00048416355275548995,,0.05799834802746773
8952,,559,0.00017578937695361674,,0.09580402076244354
8953,,559,7.640983676537871e-05,,0.061385173350572586
8954,,559,0.00047618470853194594,,0.1343034952878952
8955,,559,0.0002663032792042941,,0.12217619270086288
8956,,559,0.00035395470331422985,,0.0681239515542984
8957,,559,0.0007497093174606562,,0.09290298819541931
8958,,559,0.00012275503831915557,,0.10053735971450806
8959,,559,0.0001437345054000616,,0.0663016140460968
,8944,559,,0.02048930898308754,0.19758325815200806
,8945,559,,0.014363721013069153,0.10382205247879028
,8946,559,,0.01462637260556221,0.14982013404369354
,8947,559,,0.023480486124753952,0.13031256198883057
,8948,559,,0.015999458730220795,0.12341930717229843
,8949,559,,0.0203951857984066,0.1646990180015564
,8950,559,,0.01943143457174301,0.1429879367351532
,8951,559,,0.024679897353053093,0.20086172223091125
,8952,559,,0.014347157441079617,0.18673020601272583
,8953,559,,0.020921004936099052,0.1569737046957016
,8954,559,,0.02388649433851242,0.11463149636983871
,8955,559,,0.02079065516591072,0.13014189898967743
,8956,559,,0.01588929072022438,0.13142240047454834
,8957,559,,0.01663687825202942,0.1710902750492096
,8958,559,,0.01486686896532774,0.11828987300395966
,8959,559,,0.017975851893424988,0.1436941921710968
8960,,560,0.0004797319998033345,,0.0585850328207016
8961,,560,0.0001493846793891862,,0.07428227365016937
8962,,560,0.0003400999994482845,,0.11267837136983871
8963,,560,0.00013188249431550503,,0.058162763714790344
8964,,560,0.0001356649154331535,,0.2041974663734436
8965,,560,7.175402424763888e-05,,0.14949750900268555
8966,,560,0.000192040839465335,,0.05290627107024193
8967,,560,0.0004055139725096524,,0.1426914632320404
8968,,560,0.000178918446181342,,0.03460070490837097
8969,,560,0.0001932485611177981,,0.11095444113016129
8970,,560,0.0005166774499230087,,0.14853839576244354
8971,,560,0.00010347401985200122,,0.07570352405309677
8972,,560,0.0003975208383053541,,0.06355378776788712
8973,,560,0.00011957618698943406,,0.06838677823543549
8974,,560,3.7754773074993864e-05,,0.017053721472620964
8975,,560,0.0004726149491034448,,0.05641143023967743
,8960,560,,0.020310431718826294,0.12477205693721771
,8961,560,,0.02897624671459198,0.23981085419654846
,8962,560,,0.019287679344415665,0.15440897643566132
,8963,560,,0.027120748534798622,0.1350197196006775
,8964,560,,0.01521086972206831,0.12483308464288712
,8965,560,,0.02460068091750145,0.16412104666233063
,8966,560,,0.03705586493015289,0.16320675611495972
,8967,560,,0.022091727703809738,0.14464709162712097
,8968,560,,0.021983500570058823,0.194013312458992
,8969,560,,0.024353958666324615,0.18011599779129028
,8970,560,,0.026281990110874176,0.19565628468990326
,8971,560,,0.03405579924583435,0.13774140179157257
,8972,560,,0.030271638184785843,0.14145085215568542
,8973,560,,0.03619706258177757,0.15958327054977417
,8974,560,,0.02337292768061161,0.09617521613836288
,8975,560,,0.015582919120788574,0.12458894401788712
8976,,561,0.00010656798986019567,,0.07255585491657257
8977,,561,0.0014463275438174605,,0.17098812758922577
8978,,561,0.00012400471314322203,,0.017681511119008064
8979,,561,0.00041178971878252923,,0.06860600411891937
8980,,561,0.0002944405423477292,,0.0014025629498064518
8981,,561,6.99784723110497e-05,,0.05749760568141937
8982,,561,6.446981569752097e-05,,0.06567507237195969
8983,,561,5.556265386985615e-05,,0.021403411403298378
8984,,561,0.0009605811792425811,,0.09548763185739517
8985,,561,6.66615815134719e-05,,0.056212134659290314
8986,,561,0.0008835576009005308,,0.10923922806978226
8987,,561,0.00017921152175404131,,0.12174645066261292
8988,,561,0.0002870229654945433,,0.1342599093914032
8989,,561,0.0002705588412936777,,0.05385293811559677
8990,,561,0.0002898168168030679,,0.06854123622179031
8991,,561,0.00012695595796685666,,0.07502590864896774
,8976,561,,0.02342168614268303,0.17389538884162903
,8977,561,,0.015598369762301445,0.15859922766685486
,8978,561,,0.02666655369102955,0.15200743079185486
,8979,561,,0.02566295862197876,0.12294100224971771
,8980,561,,0.02323724702000618,0.15030094981193542
,8981,561,,0.023548124358057976,0.15338507294654846
,8982,561,,0.017426105216145515,0.16696976125240326
,8983,561,,0.022519292309880257,0.12974579632282257
,8984,561,,0.024963852018117905,0.16416463255882263
,8985,561,,0.013793397694826126,0.1935947835445404
,8986,561,,0.024201156571507454,0.1324537694454193
,8987,561,,0.020821578800678253,0.19893473386764526
,8988,561,,0.017077535390853882,0.11840571463108063
,8989,561,,0.012280967086553574,0.14596620202064514
,8990,561,,0.017881162464618683,0.17556825280189514
,8991,561,,0.016208307817578316,0.20803147554397583
8992,,562,0.0001162521803053096,,0.1601400524377823
8993,,562,0.00024789641611278057,,0.08768634498119354
8994,,562,0.000694365007802844,,0.11450444161891937
8995,,562,0.00021225532691460103,,0.12018942832946777
8996,,562,0.00027963847969658673,,0.0768694132566452
8997,,562,0.00011794143938459456,,0.03746064007282257
8998,,562,0.00032284442568197846,,0.11931003630161285
8999,,562,0.0006433303351514041,,0.21846474707126617
9000,,562,0.0001191856135847047,,0.053570181131362915
9001,,562,0.00019510218407958746,,0.06328224390745163
9002,,562,0.0005396446213126183,,0.06425133347511292
9003,,562,0.00010989540169248357,,0.0396815687417984
9004,,562,0.00028959946939721704,,0.1130719855427742
9005,,562,0.00014254022971726954,,0.06153091415762901
9006,,562,9.181375207845122e-05,,0.022703832015395164
9007,,562,0.0002968210319522768,,0.15600958466529846
,8992,562,,0.019204553216695786,0.16156378388404846
,8993,562,,0.022596655413508415,0.13893719017505646
,8994,562,,0.03659704327583313,0.17687863111495972
,8995,562,,0.02533602900803089,0.1576102077960968
,8996,562,,0.015036983415484428,0.17762476205825806
,8997,562,,0.019357871264219284,0.19977304339408875
,8998,562,,0.013452603481709957,0.15125134587287903
,8999,562,,0.02276606485247612,0.16129723191261292
,9000,562,,0.014931606128811836,0.10011260211467743
,9001,562,,0.034231774508953094,0.16181915998458862
,9002,562,,0.017083123326301575,0.12497010827064514
,9003,562,,0.021400809288024902,0.17134062945842743
,9004,562,,0.017731767147779465,0.19293835759162903
,9005,562,,0.018922893330454826,0.10133081674575806
,9006,562,,0.018539581447839737,0.1546095311641693
,9007,562,,0.014073108322918415,0.12119215726852417
9008,,563,0.00025729212211444974,,0.05389155074954033
9009,,563,0.0005180608713999391,,0.1377638280391693
9010,,563,0.0003104392089881003,,0.05459781363606453
9011,,563,0.000127044680994004,,0.11995400488376617
9012,,563,0.0001308792270720005,,0.14667370915412903
9013,,563,0.0005379463545978069,,0.15630605816841125
9014,,563,0.0004846170195378363,,0.16511878371238708
9015,,563,0.0005853238399140537,,0.15888571739196777
9016,,563,0.00023968977620825171,,0.04188381880521774
9017,,563,0.00011355258902767673,,0.1814924031496048
9018,,563,0.00012247217819094658,,0.05981694161891937
9019,,563,0.0004889327101409435,,0.20820960402488708
9020,,563,0.0005504291621036828,,0.22454833984375
9021,,563,0.00011219352018088102,,0.09905258566141129
9022,,563,0.0010840266477316618,,0.04524947330355644
9023,,563,0.0002504648291505873,,0.18362489342689514
,9008,563,,0.026891421526670456,0.13720329105854034
,9009,563,,0.02256699651479721,0.16586491465568542
,9010,563,,0.02640785090625286,0.17473867535591125
,9011,563,,0.028460683301091194,0.17496538162231445
,9012,563,,0.022939112037420273,0.10618871450424194
,9013,563,,0.02864629589021206,0.12322749197483063
,9014,563,,0.015046006068587303,0.1680223047733307
,9015,563,,0.028144126757979393,0.14075827598571777
,9016,563,,0.024159803986549377,0.15457962453365326
,9017,563,,0.026194745674729347,0.10376226156949997
,9018,563,,0.027319926768541336,0.13387376070022583
,9019,563,,0.02456025779247284,0.16723135113716125
,9020,563,,0.02237621322274208,0.14497095346450806
,9021,563,,0.028081104159355164,0.16312330961227417
,9022,563,,0.024387484416365623,0.14048424363136292
,9023,563,,0.02440531551837921,0.1593802273273468
9024,,564,0.0002014255296671763,,0.01998714730143547
9025,,564,0.00026578744291327894,,0.08522625267505646
9026,,564,0.00014601636212319136,,0.15264642238616943
9027,,564,0.0001508735294919461,,0.11188864707946777
9028,,564,0.0001288100320380181,,0.03974011540412903
9029,,564,0.00017439646762795746,,0.0052988482639193535
9030,,564,0.0005110938800498843,,0.07197913527488708
9031,,564,0.0001823527563828975,,0.027357451617717743
9032,,564,0.00025411302340216935,,0.12687963247299194
9033,,564,0.0006209815619513392,,0.20617301762104034
9034,,564,0.00020032943575643003,,0.16883693635463715
9035,,564,0.00036720020580105484,,0.046980880200862885
9036,,564,0.0004103681421838701,,0.12676005065441132
9037,,564,0.0003889179206453264,,0.024953413754701614
9038,,564,0.0007444979273714125,,0.1490403711795807
9039,,564,6.131712143542245e-05,,0.05423160269856453
,9024,564,,0.02031703293323517,0.14531224966049194
,9025,564,,0.016358373686671257,0.11477972567081451
,9026,564,,0.01441906951367855,0.1433616280555725
,9027,564,,0.013042510487139225,0.1213030070066452
,9028,564,,0.013701267540454865,0.17274320125579834
,9029,564,,0.024515388533473015,0.15274982154369354
,9030,564,,0.018738670274615288,0.12324617058038712
,9031,564,,0.0164342038333416,0.13236407935619354
,9032,564,,0.0191030353307724,0.1515340954065323
,9033,564,,0.019867613911628723,0.1520560085773468
,9034,564,,0.018496599048376083,0.17486074566841125
,9035,564,,0.013652453199028969,0.16158995032310486
,9036,564,,0.023442359641194344,0.18090446293354034
,9037,564,,0.024089757353067398,0.1491611897945404
,9038,564,,0.01996759884059429,0.10403504222631454
,9039,564,,0.02885177731513977,0.2241285741329193
9040,,565,0.00016503053484484553,,0.07654306292533875
9041,,565,0.00029595522210001945,,0.1737671047449112
9042,,565,0.00011290790280327201,,0.1337815821170807
9043,,565,0.00033113284735009074,,0.1562674343585968
9044,,565,0.00025503133656457067,,0.23996657133102417
9045,,565,0.0004215747758280486,,0.1599046289920807
9046,,565,0.00016403789049945772,,0.032814495265483856
9047,,565,0.0003068561782129109,,0.20256945490837097
9048,,565,0.00011508309398777783,,0.08243358880281448
9049,,565,0.0004422393976710737,,0.13508948683738708
9050,,565,0.00010609984019538388,,0.0385654978454113
9051,,565,0.00037481667823158205,,0.07428102940320969
9052,,565,7.32428306946531e-05,,0.08940030634403229
9053,,565,0.00025769323110580444,,0.04437006637454033
9054,,565,0.0002919691614806652,,0.0997488871216774
9055,,565,0.0006608425755985081,,0.10158118605613708
,9040,565,,0.025529885664582253,0.15874621272087097
,9041,565,,0.017182663083076477,0.10282430052757263
,9042,565,,0.018407706171274185,0.152587890625
,9043,565,,0.027189839631319046,0.19370940327644348
,9044,565,,0.025884132832288742,0.14712835848331451
,9045,565,,0.024736441671848297,0.1517421156167984
,9046,565,,0.0188320130109787,0.1438860297203064
,9047,565,,0.02112230286002159,0.12114980816841125
,9048,565,,0.024805430322885513,0.15670090913772583
,9049,565,,0.03581535071134567,0.11995276808738708
,9050,565,,0.020105881616473198,0.1509648561477661
,9051,565,,0.030906395986676216,0.13018673658370972
,9052,565,,0.016783885657787323,0.17530542612075806
,9053,565,,0.025306444615125656,0.1326044797897339
,9054,565,,0.02626076713204384,0.1824689656496048
,9055,565,,0.036367904394865036,0.17910954356193542
9056,,566,0.0013847389491274953,,0.21548524498939514
9057,,566,0.000581249303650111,,0.03875981271266937
9058,,566,0.00011743651703000069,,0.0073740435764193535
9059,,566,0.00028036307776346803,,0.11093077063560486
9060,,566,0.0001912846346385777,,0.037424515932798386
9061,,566,0.00027032874641008675,,0.04226746782660484
9062,,566,0.000461842049844563,,0.1439458131790161
9063,,566,0.00020178058184683323,,0.07636120915412903
9064,,566,0.00016074933228082955,,0.09689891338348389
9065,,566,5.682845585397445e-05,,0.035514988005161285
9066,,566,0.00030898614204488695,,0.08043687045574188
9067,,566,8.951053314376622e-05,,0.11265221238136292
9068,,566,0.00016278174007311463,,0.17569655179977417
9069,,566,0.0003866234328597784,,0.1850760281085968
9070,,566,4.475776222534478e-05,,0.04734210669994354
9071,,566,0.0002602441527415067,,0.026616310700774193
,9056,566,,0.017495794221758842,0.18575364351272583
,9057,566,,0.014102432876825333,0.10900504887104034
,9058,566,,0.016394518315792084,0.1593802273273468
,9059,566,,0.02149267867207527,0.10075783729553223
,9060,566,,0.016753654927015305,0.12268440425395966
,9061,566,,0.029285693541169167,0.17920295894145966
,9062,566,,0.021957185119390488,0.15267756581306458
,9063,566,,0.018428537994623184,0.18713004887104034
,9064,566,,0.031650446355342865,0.18269191682338715
,9065,566,,0.01803583651781082,0.14716073870658875
,9066,566,,0.026307422667741776,0.18061299622058868
,9067,566,,0.021265747025609016,0.14811238646507263
,9068,566,,0.022584710270166397,0.12650470435619354
,9069,566,,0.025852929800748825,0.1751547008752823
,9070,566,,0.014073027297854424,0.13960859179496765
,9071,566,,0.017971359193325043,0.1405726969242096
9072,,567,0.00019522494403645396,,0.13767413794994354
9073,,567,0.00044628523755818605,,0.20412398874759674
9074,,567,0.0005218383157625794,,0.08668362349271774
9075,,567,4.9068996304413304e-05,,0.16736088693141937
9076,,567,0.00034075469011440873,,0.12169164419174194
9077,,567,0.00014441212988458574,,0.054128218442201614
9078,,567,0.00019997652270831168,,0.0756574347615242
9079,,567,0.00014214866678230464,,0.027810854837298393
9080,,567,0.00020903497352264822,,0.12874680757522583
9081,,567,0.00022121010988485068,,0.15945620834827423
9082,,567,0.00014293126878328621,,0.1712285280227661
9083,,567,0.0006130418041720986,,0.09735481441020966
9084,,567,0.00010465964442119002,,0.08325818181037903
9085,,567,0.000491323706228286,,0.15230263769626617
9086,,567,8.440526289632544e-05,,0.10475999861955643
9087,,567,8.673830598127097e-05,,0.20139607787132263
,9072,567,,0.03129412233829498,0.13256338238716125
,9073,567,,0.020436085760593414,0.12481813132762909
,9074,567,,0.01772325113415718,0.1926008015871048
,9075,567,,0.023586265742778778,0.1582716405391693
,9076,567,,0.017758194357156754,0.12685222923755646
,9077,567,,0.020400136709213257,0.11399996280670166
,9078,567,,0.02655963785946369,0.12067397683858871
,9079,567,,0.024106763303279877,0.12741898000240326
,9080,567,,0.028759285807609558,0.20128023624420166
,9081,567,,0.015568585135042667,0.18954281508922577
,9082,567,,0.02190548926591873,0.18226468563079834
,9083,567,,0.027297742664813995,0.1363886594772339
,9084,567,,0.02793842740356922,0.11746776103973389
,9085,567,,0.022766118869185448,0.14363066852092743
,9086,567,,0.024615652859210968,0.17209050059318542
,9087,567,,0.021096888929605484,0.17619729042053223
9088,,568,0.0006532350089401007,,0.1630597710609436
9089,,568,0.0003604780067689717,,0.03998051956295967
9090,,568,0.00010592609760351479,,0.05798090249300003
9091,,568,0.00031171648879535496,,0.010769590735435486
9092,,568,0.0003691838646773249,,0.08687420189380646
9093,,568,0.0006738821975886822,,0.13475191593170166
9094,,568,0.0002711326815187931,,0.03024977073073387
9095,,568,0.00012919658911414444,,0.025299696251749992
9096,,568,6.747476436430588e-05,,0.07787587493658066
9097,,568,0.00044940997031517327,,0.07991743832826614
9098,,568,0.0004295001272112131,,0.13436080515384674
9099,,568,0.00013445811055134982,,0.11066919565200806
9100,,568,0.0001509206194896251,,0.025734415277838707
9101,,568,0.0002192161337006837,,0.06833820044994354
9102,,568,0.00020551402121782303,,0.06028156355023384
9103,,568,5.6958637287607417e-05,,0.02701490744948387
,9088,568,,0.01472044363617897,0.07534852623939514
,9089,568,,0.015226563438773155,0.11049729585647583
,9090,568,,0.030908748507499695,0.1344255805015564
,9091,568,,0.031984373927116394,0.15221545100212097
,9092,568,,0.01563210040330887,0.14835280179977417
,9093,568,,0.02792927250266075,0.13049688935279846
,9094,568,,0.013774678111076355,0.08394327014684677
,9095,568,,0.028580205515027046,0.15971282124519348
,9096,568,,0.020950723439455032,0.15251190960407257
,9097,568,,0.026228325441479683,0.14301782846450806
,9098,568,,0.02349279448390007,0.11686613410711288
,9099,568,,0.016702409833669662,0.12714993953704834
,9100,568,,0.028067655861377716,0.1800786256790161
,9101,568,,0.014246426522731781,0.1684918999671936
,9102,568,,0.020623836666345596,0.11834965646266937
,9103,568,,0.022776013240218163,0.1207013726234436
9104,,569,0.0006009141798131168,,0.18135786056518555
9105,,569,4.282358713680878e-05,,0.06930354982614517
9106,,569,0.0001713093661237508,,0.0767996609210968
9107,,569,0.0001865469093900174,,0.04677410423755646
9108,,569,0.0004020660708192736,,0.0843767523765564
9109,,569,8.162248559528962e-05,,0.1181902214884758
9110,,569,0.0006096134893596172,,0.20594382286071777
9111,,569,0.00043400152935646474,,0.09651028364896774
9112,,569,0.000462172320112586,,0.08543801307678223
9113,,569,0.0002885374997276813,,0.10675671696662903
9114,,569,0.000225602590944618,,0.20768271386623383
9115,,569,0.0001310609804932028,,0.06657315790653229
9116,,569,0.00021323049440979958,,0.024331852793693542
9117,,569,0.00012675742618739605,,0.07342404872179031
9118,,569,0.00014247471699491143,,0.1870204359292984
9119,,569,0.00023967148445080966,,0.03329529985785484
,9104,569,,0.03178653493523598,0.19582818448543549
,9105,569,,0.026381947100162506,0.11556695401668549
,9106,569,,0.023923112079501152,0.14444281160831451
,9107,569,,0.024571580812335014,0.15982367098331451
,9108,569,,0.02767501026391983,0.14998580515384674
,9109,569,,0.027792900800704956,0.15319575369358063
,9110,569,,0.02059348300099373,0.19455890357494354
,9111,569,,0.024369407445192337,0.14488250017166138
,9112,569,,0.027088377624750137,0.15993951261043549
,9113,569,,0.02996980957686901,0.17169812321662903
,9114,569,,0.024710867553949356,0.18489915132522583
,9115,569,,0.02088369056582451,0.14173483848571777
,9116,569,,0.029822858050465584,0.19365085661411285
,9117,569,,0.012288521975278854,0.13533487915992737
,9118,569,,0.02350746840238571,0.15458086133003235
,9119,569,,0.03087085299193859,0.1905779242515564
9120,,570,0.00024391956685576588,,0.07567238807678223
9121,,570,0.0002608495997264981,,0.08804881572723389
9122,,570,0.00063923723064363,,0.21721291542053223
9123,,570,0.0003223805979359895,,0.10703946650028229
9124,,570,0.0006190057611092925,,0.09359554201364517
9125,,570,0.00017479812959209085,,0.05175532400608063
9126,,570,0.00019384572806302458,,0.21274115145206451
9127,,570,0.0002824962430167943,,0.12245272099971771
9128,,570,0.00024415060761384666,,0.0597795769572258
9129,,570,0.00015852320939302444,,0.04829874262213707
9130,,570,0.000429341453127563,,0.08025126159191132
9131,,570,0.0008005452109500766,,0.14618417620658875
9132,,570,0.0011687689693644643,,0.18959137797355652
9133,,570,6.145963561721146e-05,,0.06020059436559677
9134,,570,0.0004385240317787975,,0.17092210054397583
9135,,570,4.74185508210212e-05,,0.0248238705098629
,9120,570,,0.023163873702287674,0.17436747252941132
,9121,570,,0.017018374055624008,0.1219831258058548
,9122,570,,0.019909271970391273,0.14224430918693542
,9123,570,,0.030009759590029716,0.1221139058470726
,9124,570,,0.02381361648440361,0.13619185984134674
,9125,570,,0.014299843460321426,0.1497877538204193
,9126,570,,0.020072270184755325,0.20268654823303223
,9127,570,,0.024944961071014404,0.13850122690200806
,9128,570,,0.018695712089538574,0.12196817249059677
,9129,570,,0.02155623771250248,0.12207280844449997
,9130,570,,0.01385454647243023,0.1156877800822258
,9131,570,,0.01178833656013012,0.10928530991077423
,9132,570,,0.017909301444888115,0.11877192556858063
,9133,570,,0.02646663784980774,0.18356135487556458
,9134,570,,0.018190870061516762,0.13290716707706451
,9135,570,,0.01700609177350998,0.1290719211101532
9136,,571,0.00010327209020033479,,0.06616335362195969
9137,,571,0.0003176835016347468,,0.08134616166353226
9138,,571,0.0002177917631343007,,0.07292081415653229
9139,,571,0.0002284091606270522,,0.11687609553337097
9140,,571,0.00035303388722240925,,0.15834887325763702
9141,,571,0.00019524033996276557,,0.09464558959007263
9142,,571,0.0001544581464258954,,0.09245830029249191
9143,,571,0.00023452901223208755,,0.08304892480373383
9144,,571,0.000167297781445086,,0.2090815305709839
9145,,571,0.0002968077315017581,,0.09125752747058868
9146,,571,0.00016502926882822067,,0.07691924273967743
9147,,571,0.00010992719035129994,,0.12612105906009674
9148,,571,0.00012911610247101635,,0.10084626823663712
9149,,571,0.00016036833403632045,,0.08624267578125
9150,,571,0.0003719871456269175,,0.19273532927036285
9151,,571,0.0001051794970408082,,0.14034971594810486
,9136,571,,0.023766344413161278,0.12425760924816132
,9137,571,,0.01981792040169239,0.15462447702884674
,9138,571,,0.014505872502923012,0.12320631742477417
,9139,571,,0.029222702607512474,0.18145005404949188
,9140,571,,0.024438392370939255,0.14149320125579834
,9141,571,,0.015148088335990906,0.07861452549695969
,9142,571,,0.019095608964562416,0.101248599588871
,9143,571,,0.027696631848812103,0.1533900648355484
,9144,571,,0.022180575877428055,0.12402094900608063
,9145,571,,0.030080847442150116,0.13200907409191132
,9146,571,,0.024299023672938347,0.17595189809799194
,9147,571,,0.016052700579166412,0.16010767221450806
,9148,571,,0.013968669809401035,0.16712671518325806
,9149,571,,0.030357077717781067,0.19587427377700806
,9150,571,,0.025316812098026276,0.1535557359457016
,9151,571,,0.026521317660808563,0.15353704988956451
9152,,572,0.0003669298894237727,,0.07894586026668549
9153,,572,0.0001755121338646859,,0.20121049880981445
9154,,572,0.00012652033183258027,,0.07647830247879028
9155,,572,7.88610486779362e-05,,0.05885284021496773
9156,,572,4.8100097046699375e-05,,0.02924206852912903
9157,,572,9.332656918559223e-05,,0.046013034880161285
9158,,572,0.00020117597887292504,,0.1255754828453064
9159,,572,9.867940389085561e-05,,0.12620699405670166
9160,,572,0.00028068781830370426,,0.08143584430217743
9161,,572,0.00014851441665086895,,0.12454285472631454
9162,,572,0.0001438660256098956,,0.13744868338108063
9163,,572,0.0001623159769224003,,0.10688875615596771
9164,,572,0.00012225066893734038,,0.14130012691020966
9165,,572,0.0004611950134858489,,0.14533716440200806
9166,,572,0.00011859537335112691,,0.1073172390460968
9167,,572,0.0002909752947743982,,0.1461281180381775
,9152,572,,0.03122084215283394,0.17085734009742737
,9153,572,,0.0185227207839489,0.14833411574363708
,9154,572,,0.01961318589746952,0.15037693083286285
,9155,572,,0.019662532955408096,0.15589001774787903
,9156,572,,0.010750571265816689,0.14420489966869354
,9157,572,,0.02342204377055168,0.1868896484375
,9158,572,,0.010791374370455742,0.16268609464168549
,9159,572,,0.016688568517565727,0.16145667433738708
,9160,572,,0.02451564185321331,0.20141229033470154
,9161,572,,0.014465524815022945,0.1549333781003952
,9162,572,,0.013032082468271255,0.14376644790172577
,9163,572,,0.015024837106466293,0.19091174006462097
,9164,572,,0.019469503313302994,0.13190071284770966
,9165,572,,0.017833808436989784,0.13073232769966125
,9166,572,,0.01596427522599697,0.12361238896846771
,9167,572,,0.01689872145652771,0.14647316932678223
9168,,573,0.0001415180740877986,,0.1154349222779274
9169,,573,1.2435330063453875e-05,,0.0055106026120483875
9170,,573,0.00024751064484007657,,0.1413399875164032
9171,,573,0.00022777277627028525,,0.14996089041233063
9172,,573,4.0412796806776896e-05,,0.03806600719690323
9173,,573,0.0003999034524895251,,0.1080845445394516
9174,,573,0.000124256475828588,,0.08919602632522583
9175,,573,0.00018645543605089188,,0.09512516111135483
9176,,573,0.00014422208187170327,,0.09881342947483063
9177,,573,0.00012483439058996737,,0.055883292108774185
9178,,573,8.492758934153244e-05,,0.1072736456990242
9179,,573,0.0003049626247957349,,0.13514304161071777
9180,,573,0.0005845145788043737,,0.10405995696783066
9181,,573,7.783762703184038e-05,,0.02176588401198387
9182,,573,0.0002654599957168102,,0.09856680035591125
9183,,573,5.6055014283629134e-05,,0.08050412684679031
,9168,573,,0.019933152943849564,0.13831812143325806
,9169,573,,0.025276117026805878,0.11760478466749191
,9170,573,,0.020422767847776413,0.12104766070842743
,9171,573,,0.029767010360956192,0.21741345524787903
,9172,573,,0.017484234645962715,0.14752820134162903
,9173,573,,0.02207978069782257,0.14192791283130646
,9174,573,,0.014584710821509361,0.11382434517145157
,9175,573,,0.016793807968497276,0.10744428634643555
,9176,573,,0.026959363371133804,0.12147367000579834
,9177,573,,0.021982334554195404,0.11902851611375809
,9178,573,,0.018201205879449844,0.17419806122779846
,9179,573,,0.015387981198728085,0.10713040083646774
,9180,573,,0.016940902918577194,0.1563546359539032
,9181,573,,0.020826801657676697,0.1288813352584839
,9182,573,,0.020175794139504433,0.14735504984855652
,9183,573,,0.02884020283818245,0.1822509765625
9184,,574,0.00043848584755323827,,0.1434849351644516
9185,,574,0.00037481042090803385,,0.08758544921875
9186,,574,0.00012924012844450772,,0.04599559307098389
9187,,574,0.00010022225615102798,,0.03304368630051613
9188,,574,3.7890455132583156e-05,,0.12196692079305649
9189,,574,8.631906530354172e-05,,0.11804697662591934
9190,,574,0.0003124326467514038,,0.15597471594810486
9191,,574,0.00021752847533207387,,0.10027079284191132
9192,,574,9.443775343243033e-05,,0.058084290474653244
9193,,574,0.0002755890309344977,,0.07238893210887909
9194,,574,0.00032428791746497154,,0.19169647991657257
9195,,574,0.00015698795323260128,,0.03219044208526611
9196,,574,0.0002046485460596159,,0.14059385657310486
9197,,574,0.00011562445433810353,,0.04773572087287903
9198,,574,0.00035998941166326404,,0.10160983353853226
9199,,574,0.0007403286872431636,,0.06672762334346771
,9184,574,,0.017746049910783768,0.1223406046628952
,9185,574,,0.009999236091971397,0.13939183950424194
,9186,574,,0.017657369375228882,0.14130136370658875
,9187,574,,0.022828612476587296,0.1847895383834839
,9188,574,,0.020194165408611298,0.12517189979553223
,9189,574,,0.01914767548441887,0.17077262699604034
,9190,574,,0.020773056894540787,0.1809256374835968
,9191,574,,0.016246911138296127,0.13665771484375
,9192,574,,0.026105651631951332,0.1576288938522339
,9193,574,,0.020908046513795853,0.15879976749420166
,9194,574,,0.016307547688484192,0.15863162279129028
,9195,574,,0.021139129996299744,0.1257847398519516
,9196,574,,0.022220157086849213,0.17450448870658875
,9197,574,,0.012644127011299133,0.09814204275608063
,9198,574,,0.019116926938295364,0.15449368953704834
,9199,574,,0.020695079118013382,0.1258183717727661
9200,,575,0.00019285445159766823,,0.09080536663532257
9201,,575,0.00016522884834557772,,0.11275061964988708
9202,,575,2.9056935090920888e-05,,0.05747145414352417
9203,,575,0.00031452206894755363,,0.20205625891685486
9204,,575,0.00033817754592746496,,0.07321852445602417
9205,,575,2.0883486286038533e-05,,0.017215650528669357
9206,,575,0.0001420089538441971,,0.11103415489196777
9207,,575,9.215483441948891e-05,,0.10644282400608063
9208,,575,4.1287501517217606e-05,,0.09123510122299194
9209,,575,0.00036357398494146764,,0.15468302369117737
9210,,575,0.0004841613117605448,,0.11954545229673386
9211,,575,0.00010067522089229897,,0.13763925433158875
9212,,575,0.0001986895513255149,,0.0669294074177742
9213,,575,0.00012917596905026585,,0.016841966658830643
9214,,575,0.00037678569788113236,,0.04495425894856453
9215,,575,0.00020595983369275928,,0.0679495707154274
,9200,575,,0.0169740691781044,0.14667245745658875
,9201,575,,0.019223341718316078,0.13787469267845154
,9202,575,,0.018706919625401497,0.15777961909770966
,9203,575,,0.01625300943851471,0.09768365323543549
,9204,575,,0.02504989132285118,0.16577771306037903
,9205,575,,0.028014864772558212,0.12122702598571777
,9206,575,,0.026356305927038193,0.16464170813560486
,9207,575,,0.026452017948031425,0.19005973637104034
,9208,575,,0.011069306172430515,0.124136783182621
,9209,575,,0.018955852836370468,0.16332758963108063
,9210,575,,0.017871547490358353,0.14295804500579834
,9211,575,,0.021514922380447388,0.1349562108516693
,9212,575,,0.02162882126867771,0.12432363629341125
,9213,575,,0.029880471527576447,0.1921835094690323
,9214,575,,0.015103908255696297,0.1345289647579193
,9215,575,,0.01801585592329502,0.14477787911891937
9216,,576,0.00015044583415146917,,0.11555325984954834
9217,,576,0.0001385275536449626,,0.07787711918354034
9218,,576,8.492574124829844e-05,,0.08481146395206451
9219,,576,7.8783486969769e-05,,0.139482781291008
9220,,576,0.00012649354175664485,,0.07785221189260483
9221,,576,0.00012296125350985676,,0.08296546339988708
9222,,576,0.00033532793167978525,,0.08058260381221771
9223,,576,0.00024237508478108793,,0.07040965557098389
9224,,576,0.0003749322786461562,,0.052011922001838684
9225,,576,6.66578343953006e-05,,0.08285833895206451
9226,,576,0.001280037104152143,,0.16357919573783875
9227,,576,0.00010214876238023862,,0.1055385023355484
9228,,576,8.33643352962099e-05,,0.013836296275258064
9229,,576,5.251653783489019e-05,,0.11782524734735489
9230,,576,0.0002532238722778857,,0.17726477980613708
9231,,576,0.00030314282048493624,,0.17643146216869354
,9216,576,,0.01641031540930271,0.17613500356674194
,9217,576,,0.0290956050157547,0.171526238322258
,9218,576,,0.02257145196199417,0.13802166283130646
,9219,576,,0.015194222331047058,0.15105952322483063
,9220,576,,0.018826141953468323,0.19018180668354034
,9221,576,,0.01802176982164383,0.2233102023601532
,9222,576,,0.026481688022613525,0.16725125908851624
,9223,576,,0.019190775230526924,0.18700051307678223
,9224,576,,0.019911369308829308,0.13195301592350006
,9225,576,,0.016037799417972565,0.15289056301116943
,9226,576,,0.022539541125297546,0.21523985266685486
,9227,576,,0.024194199591875076,0.19059161841869354
,9228,576,,0.017527056857943535,0.1115635484457016
,9229,576,,0.018214214593172073,0.1671665757894516
,9230,576,,0.031020086258649826,0.1917986273765564
,9231,576,,0.012593764811754227,0.10859774053096771
9232,,577,0.00026775585138238966,,0.1813628375530243
9233,,577,0.00022345987963490188,,0.035093966871500015
9234,,577,0.00027491030050441623,,0.18103650212287903
9235,,577,0.0003521295147947967,,0.09320691227912903
9236,,577,0.0002068615285679698,,0.10661347955465317
9237,,577,0.0001214707299368456,,0.11103042215108871
9238,,577,0.00027109967777505517,,0.04440867900848389
9239,,577,0.00040742638520896435,,0.24850526452064514
9240,,577,2.7206999220652506e-05,,0.06367959082126617
9241,,577,0.00042728782864287496,,0.061959408223629
9242,,577,0.00012337516818661243,,0.12776526808738708
9243,,577,0.0003015690890606493,,0.05996891111135483
9244,,577,0.00010169213055633008,,0.10889668017625809
9245,,577,0.00031343428418040276,,0.09531573206186295
9246,,577,0.00022754448582418263,,0.1219656839966774
9247,,577,0.00012049298675265163,,0.08464828133583069
,9232,577,,0.024166997522115707,0.16822658479213715
,9233,577,,0.019746266305446625,0.18853510916233063
,9234,577,,0.01997215300798416,0.1111799031496048
,9235,577,,0.025229722261428833,0.13169145584106445
,9236,577,,0.018058113753795624,0.1578904688358307
,9237,577,,0.021688908338546753,0.12121208012104034
,9238,577,,0.023655114695429802,0.18029536306858063
,9239,577,,0.021326236426830292,0.16184282302856445
,9240,577,,0.01337422989308834,0.12521673738956451
,9241,577,,0.01839248463511467,0.1918260157108307
,9242,577,,0.025573687627911568,0.17617112398147583
,9243,577,,0.017932452261447906,0.10855039954185486
,9244,577,,0.019332418218255043,0.15093745291233063
,9245,577,,0.02871689200401306,0.21753676235675812
,9246,577,,0.01819368079304695,0.1331612765789032
,9247,577,,0.01902277208864689,0.12823113799095154
9248,,578,0.0007917140610516071,,0.17851288616657257
9249,,578,7.667057798244059e-05,,0.021376006305217743
9250,,578,0.00041509384755045176,,0.19140250980854034
9251,,578,3.0011004128027707e-05,,0.14808624982833862
9252,,578,0.00011704056669259444,,0.07592399418354034
9253,,578,8.019412780413404e-05,,0.057618431746959686
9254,,578,0.0012748872395604849,,0.1565190553665161
9255,,578,0.0008146075997501612,,0.18345798552036285
9256,,578,9.764420974534005e-05,,0.04021718353033066
9257,,578,5.9906949900323525e-05,,0.05965501442551613
9258,,578,8.745197555981576e-05,,0.03486228734254837
9259,,578,0.0002567264891695231,,0.041269730776548386
9260,,578,0.0003064512857235968,,0.20540572702884674
9261,,578,4.016884486190975e-05,,0.01322843600064516
9262,,578,0.0003626161487773061,,0.18615223467350006
9263,,578,0.00010807005310198292,,0.16575777530670166
,9248,578,,0.01439612079411745,0.1229073628783226
,9249,578,,0.03017602674663067,0.1406237632036209
,9250,578,,0.024833140894770622,0.1611153781414032
,9251,578,,0.018989384174346924,0.15537558495998383
,9252,578,,0.029312774538993835,0.18760338425636292
,9253,578,,0.013357581570744514,0.11172547936439514
,9254,578,,0.017124531790614128,0.11044125258922577
,9255,578,,0.026558546349406242,0.1750999093055725
,9256,578,,0.024547437205910683,0.14303526282310486
,9257,578,,0.020296141505241394,0.15529710054397583
,9258,578,,0.02346182055771351,0.16174191236495972
,9259,578,,0.026376821100711823,0.17726726830005646
,9260,578,,0.016009870916604996,0.14926084876060486
,9261,578,,0.023299094289541245,0.1168387234210968
,9262,578,,0.016370084136724472,0.18111994862556458
,9263,578,,0.02364574745297432,0.14941655099391937
9264,,579,0.0007378739537671208,,0.06608737260103226
9265,,579,0.0005541695281863213,,0.1563969850540161
9266,,579,0.00047870949492789805,,0.09561468660831451
9267,,579,0.00022355708642862737,,0.10246556997299194
9268,,579,5.992270234855823e-05,,0.05821508169174194
9269,,579,0.00010024388029705733,,0.0303431935608387
9270,,579,0.00023706852516625077,,0.11164949089288712
9271,,579,0.00010551244486123323,,0.07017049938440323
9272,,579,0.00030844580032862723,,0.13295823335647583
9273,,579,0.0002176455600420013,,0.05611995607614517
9274,,579,0.00038851198041811585,,0.1280243694782257
9275,,579,0.00010502209624974057,,0.14883235096931458
9276,,579,0.00012118103040847927,,0.13704758882522583
9277,,579,0.0005026541766710579,,0.07925602048635483
9278,,579,0.00013867008965462446,,0.09048274904489517
9279,,579,0.0001475249882787466,,0.12804678082466125
,9264,579,,0.021346814930438995,0.21383480727672577
,9265,579,,0.01739746518433094,0.13518664240837097
,9266,579,,0.022743474692106247,0.19945791363716125
,9267,579,,0.016490746289491653,0.18403220176696777
,9268,579,,0.021739549934864044,0.11642393469810486
,9269,579,,0.02047566883265972,0.15969038009643555
,9270,579,,0.01298621017485857,0.10582374781370163
,9271,579,,0.01912831701338291,0.17883673310279846
,9272,579,,0.010570857673883438,0.12717483937740326
,9273,579,,0.02688153088092804,0.16228625178337097
,9274,579,,0.023718807846307755,0.2180088609457016
,9275,579,,0.019544420763850212,0.14868910610675812
,9276,579,,0.01911352202296257,0.1073085218667984
,9277,579,,0.018850456923246384,0.16940245032310486
,9278,579,,0.027821088209748268,0.20193667709827423
,9279,579,,0.020386140793561935,0.12608617544174194
9280,,580,0.0002216103603132069,,0.04398267716169357
9281,,580,0.00026095801149494946,,0.053526584059000015
9282,,580,0.00011736873420886695,,0.15575923025608063
9283,,580,0.00016926413809414953,,0.02689034678041935
9284,,580,0.0006218193448148668,,0.05306072533130646
9285,,580,0.0006217435002326965,,0.17884671688079834
9286,,580,0.00024296094488818198,,0.0975254625082016
9287,,580,0.0002169568615499884,,0.03659991919994354
9288,,580,1.2648234587686602e-05,,0.07126788794994354
9289,,580,3.736902726814151e-05,,0.07837287336587906
9290,,580,0.000134600093588233,,0.07531613856554031
9291,,580,0.00010807160288095474,,0.06578842550516129
9292,,580,0.00014063190610613674,,0.05119728669524193
9293,,580,8.745462400838733e-05,,0.057432834059000015
9294,,580,0.00011550789349712431,,0.08369165658950806
9295,,580,8.141991565935314e-05,,0.009882712736725807
,9280,580,,0.015260680578649044,0.18203549087047577
,9281,580,,0.022369712591171265,0.1414956897497177
,9282,580,,0.01080022007226944,0.13324597477912903
,9283,580,,0.01781684160232544,0.11806067824363708
,9284,580,,0.01947510987520218,0.11609634757041931
,9285,580,,0.02151062712073326,0.15906508266925812
,9286,580,,0.019001048058271408,0.16216418147087097
,9287,580,,0.019128359854221344,0.14598238468170166
,9288,580,,0.026659147813916206,0.13048940896987915
,9289,580,,0.020469214767217636,0.16055484116077423
,9290,580,,0.02069193869829178,0.15163251757621765
,9291,580,,0.016442356631159782,0.15443512797355652
,9292,580,,0.018631767481565475,0.1855556070804596
,9293,580,,0.026581699028611183,0.2011806070804596
,9294,580,,0.022445552051067352,0.16572165489196777
,9295,580,,0.03663415461778641,0.19662164151668549
9296,,581,0.00020247974316589534,,0.13759692013263702
9297,,581,0.00011094246292486787,,0.09730622917413712
9298,,581,0.0002817318309098482,,0.053367145359516144
9299,,581,0.00010906181705649942,,0.030730579048395157
9300,,581,0.00017953370115719736,,0.0326276533305645
9301,,581,0.00016592201427556574,,0.08872269839048386
9302,,581,6.941615720279515e-05,,0.058758169412612915
9303,,581,0.00013196919462643564,,0.08861681818962097
9304,,581,4.3074978748336434e-05,,0.032048437744379044
9305,,581,0.00011960376286879182,,0.07449278235435486
9306,,581,9.483088797423989e-05,,0.07938307523727417
9307,,581,0.0002231894468422979,,0.09668467193841934
9308,,581,0.0001903349329950288,,0.0470755435526371
9309,,581,3.595517773646861e-05,,0.1252516210079193
9310,,581,0.00010933453449979424,,0.11631806194782257
9311,,581,0.00030895095551386476,,0.07185083627700806
,9296,581,,0.01225673034787178,0.15077677369117737
,9297,581,,0.014475787058472633,0.18520058691501617
,9298,581,,0.014294881373643875,0.1753801703453064
,9299,581,,0.015436520799994469,0.16279196739196777
,9300,581,,0.016665492206811905,0.17399129271507263
,9301,581,,0.018931979313492775,0.08780592679977417
,9302,581,,0.02010752074420452,0.18197818100452423
,9303,581,,0.011449161916971207,0.16637809574604034
,9304,581,,0.013856006786227226,0.1608438342809677
,9305,581,,0.018351122736930847,0.11799590289592743
,9306,581,,0.015108929947018623,0.16628965735435486
,9307,581,,0.02315271645784378,0.1712484508752823
,9308,581,,0.017653092741966248,0.19692808389663696
,9309,581,,0.024022940546274185,0.1511479616165161
,9310,581,,0.020782947540283203,0.21922332048416138
,9311,581,,0.02973078563809395,0.17256881296634674
9312,,582,0.000112607900518924,,0.05526795983314514
9313,,582,0.0003922480682376772,,0.08415751904249191
9314,,582,0.0001073624734999612,,0.088623046875
9315,,582,0.0001795589632820338,,0.1588483601808548
9316,,582,0.0001726287155179307,,0.16998042166233063
9317,,582,0.00036950077628716826,,0.2516566812992096
9318,,582,0.0003641824296209961,,0.10193119943141937
9319,,582,0.00016368764045182616,,0.0535888671875
9320,,582,8.194069960154593e-05,,0.04351806640625
9321,,582,7.462404028046876e-05,,0.029476244002580643
9322,,582,0.00054751435527578,,0.00957380048930645
9323,,582,2.6380714189144783e-05,,0.0504411906003952
9324,,582,0.00020007186685688794,,0.18457405269145966
9325,,582,0.0007645251462236047,,0.13665148615837097
9326,,582,0.00019614196207839996,,0.1331612765789032
9327,,582,1.4350638593896292e-05,,0.04703443869948387
,9312,582,,0.014831381849944592,0.12609240412712097
,9313,582,,0.029904481023550034,0.13777750730514526
,9314,582,,0.020844779908657074,0.16631457209587097
,9315,582,,0.03514101356267929,0.17697954177856445
,9316,582,,0.017855457961559296,0.1452811062335968
,9317,582,,0.018649745732545853,0.1363624930381775
,9318,582,,0.017893193289637566,0.16127605736255646
,9319,582,,0.01275632344186306,0.1315743625164032
,9320,582,,0.03489356487989426,0.18748131394386292
,9321,582,,0.021630413830280304,0.14892452955245972
,9322,582,,0.016710223630070686,0.16439133882522583
,9323,582,,0.020303411409258842,0.13126295804977417
,9324,582,,0.018095429986715317,0.15799635648727417
,9325,582,,0.015159671194851398,0.1315743625164032
,9326,582,,0.019729631021618843,0.1540190875530243
,9327,582,,0.02519911900162697,0.1689527928829193
9328,,583,5.667382720275782e-05,,0.0518188513815403
9329,,583,0.00015988895029295236,,0.11314795911312103
9330,,583,4.4168238673591986e-05,,0.036454178392887115
9331,,583,7.300786091946065e-05,,0.04880321025848389
9332,,583,0.00030456099193543196,,0.16158746182918549
9333,,583,0.0008081799605861306,,0.20708107948303223
9334,,583,2.0484781998675317e-05,,0.05667799338698387
9335,,583,0.0005279910983517766,,0.14245979487895966
9336,,583,0.00027009661425836384,,0.15919463336467743
9337,,583,0.00024250545538961887,,0.08547288179397583
9338,,583,0.0005881250835955143,,0.12663674354553223
9339,,583,6.37384073343128e-05,,0.1536690890789032
9340,,583,0.0003347039455547929,,0.07783103734254837
9341,,583,0.00012937502469867468,,0.11399498581886292
9342,,583,9.281145321438089e-05,,0.06662921607494354
9343,,583,0.00010320586443413049,,0.030655842274427414
,9328,583,,0.02105821669101715,0.19645348191261292
,9329,583,,0.018010634928941727,0.14263293147087097
,9330,583,,0.01663103885948658,0.19282624125480652
,9331,583,,0.020896799862384796,0.1711948961019516
,9332,583,,0.022017862647771835,0.12474215775728226
,9333,583,,0.01827768050134182,0.14117431640625
,9334,583,,0.01572749763727188,0.10318055748939514
,9335,583,,0.017009779810905457,0.1194806769490242
,9336,583,,0.020484406501054764,0.19932088255882263
,9337,583,,0.01497469749301672,0.14426842331886292
,9338,583,,0.019335929304361343,0.13935697078704834
,9339,583,,0.01820225641131401,0.15708953142166138
,9340,583,,0.018207058310508728,0.15091253817081451
,9341,583,,0.01989879459142685,0.13761061429977417
,9342,583,,0.023322591558098793,0.19583192467689514
,9343,583,,0.014161663129925728,0.13849374651908875
9344,,584,5.468671224662103e-05,,0.042411960661411285
