Step,Epoch,Train Loss,Val Loss,Val MSE,Val PSNR
1,0,0.0,0.5038477182388306,0.0,0.0
2,0,0.0,0.03102070838212967,0.0,0.0
3,0,0.49049311876296997,0.03102070838212967,0.0,0.0
3,1,0.49049311876296997,0.03102070838212967,1.667007327079773,0.0
4,1,0.22055912017822266,0.03102070838212967,1.667007327079773,0.0
5,1,0.1800454556941986,0.03102070838212967,1.667007327079773,0.0
6,1,0.17494305968284607,0.03102070838212967,1.667007327079773,0.0
7,1,0.18041953444480896,0.03102070838212967,1.667007327079773,0.0
8,1,0.27648231387138367,0.03102070838212967,1.667007327079773,0.0
9,1,0.19531989097595215,0.03102070838212967,1.667007327079773,0.0
10,1,0.9290373921394348,0.03102070838212967,1.667007327079773,0.0
11,1,0.11581353843212128,0.03102070838212967,1.667007327079773,0.0
12,1,0.05329954996705055,0.03102070838212967,1.667007327079773,0.0
13,1,0.02318805456161499,0.03102070838212967,1.667007327079773,0.0
14,1,0.20623314380645752,0.03102070838212967,1.667007327079773,0.0
15,1,0.06485123932361603,0.03102070838212967,1.667007327079773,0.0
16,1,0.0157474372535944,0.03102070838212967,1.667007327079773,0.0
17,1,0.5952567458152771,0.03102070838212967,1.667007327079773,0.0
18,1,0.17674851417541504,0.03102070838212967,1.667007327079773,0.0
19,1,0.2807239592075348,0.03102070838212967,1.667007327079773,0.0
20,1,0.9079383611679077,0.03102070838212967,1.667007327079773,0.0
21,1,0.19731727242469788,0.03102070838212967,1.667007327079773,0.0
22,1,0.21570780873298645,0.03102070838212967,1.667007327079773,0.0
23,1,0.15085859596729279,0.03102070838212967,1.667007327079773,0.0
24,1,0.09922440350055695,0.03102070838212967,1.667007327079773,0.0
25,1,0.014354345388710499,0.03102070838212967,1.667007327079773,0.0
26,1,0.09653015434741974,0.03102070838212967,1.667007327079773,0.0
27,1,0.21505436301231384,0.03102070838212967,1.667007327079773,0.0
28,1,0.23363250494003296,0.03102070838212967,1.667007327079773,0.0
29,1,0.045557357370853424,0.03102070838212967,1.667007327079773,0.0
30,1,0.02489253133535385,0.03102070838212967,1.667007327079773,0.0
31,1,0.141893208026886,0.03102070838212967,1.667007327079773,0.0
32,1,0.009034711867570877,0.03102070838212967,1.667007327079773,0.0
33,1,0.00677323155105114,0.03102070838212967,1.667007327079773,0.0
34,1,0.04957213252782822,0.03102070838212967,1.667007327079773,0.0
35,1,0.6210295557975769,0.03102070838212967,1.667007327079773,0.0
36,1,0.030522499233484268,0.03102070838212967,1.667007327079773,0.0
37,1,0.5617659091949463,0.03102070838212967,1.667007327079773,0.0
38,1,0.03590383008122444,0.03102070838212967,1.667007327079773,0.0
39,1,0.041132085025310516,0.03102070838212967,1.667007327079773,0.0
40,1,0.8188409805297852,0.03102070838212967,1.667007327079773,0.0
41,1,0.5762850046157837,0.03102070838212967,1.667007327079773,0.0
42,1,0.32977962493896484,0.03102070838212967,1.667007327079773,0.0
43,1,0.02554135024547577,0.03102070838212967,1.667007327079773,0.0
44,1,0.011152672581374645,0.03102070838212967,1.667007327079773,0.0
45,1,0.6910271644592285,0.03102070838212967,1.667007327079773,0.0
46,1,0.023945149034261703,0.03102070838212967,1.667007327079773,0.0
47,1,0.14557433128356934,0.03102070838212967,1.667007327079773,0.0
48,1,0.16700172424316406,0.03102070838212967,1.667007327079773,0.0
49,1,0.32097792625427246,0.03102070838212967,1.667007327079773,0.0
50,1,0.605911374092102,0.03102070838212967,1.667007327079773,0.0
51,1,0.03750567138195038,0.03102070838212967,1.667007327079773,0.0
52,1,0.03848136588931084,0.03102070838212967,1.667007327079773,0.0
53,1,0.009389937855303288,0.03102070838212967,1.667007327079773,0.0
54,1,0.05444645136594772,0.03102070838212967,1.667007327079773,0.0
55,1,0.11488485336303711,0.03102070838212967,1.667007327079773,0.0
56,1,0.01998637244105339,0.03102070838212967,1.667007327079773,0.0
57,1,0.1989912986755371,0.03102070838212967,1.667007327079773,0.0
58,1,0.020360365509986877,0.03102070838212967,1.667007327079773,0.0
59,1,0.42122796177864075,0.03102070838212967,1.667007327079773,0.0
60,1,0.0834479033946991,0.03102070838212967,1.667007327079773,0.0
61,1,0.08408574759960175,0.03102070838212967,1.667007327079773,0.0
62,1,0.08455175906419754,0.03102070838212967,1.667007327079773,0.0
63,1,0.013864530250430107,0.03102070838212967,1.667007327079773,0.0
64,1,0.004216956906020641,0.03102070838212967,1.667007327079773,0.0
65,1,0.016375798732042313,0.03102070838212967,1.667007327079773,0.0
66,1,0.06847169995307922,0.03102070838212967,1.667007327079773,0.0
67,1,0.030700236558914185,0.03102070838212967,1.667007327079773,0.0
68,1,0.06059645488858223,0.03102070838212967,1.667007327079773,0.0
69,1,0.6090362071990967,0.03102070838212967,1.667007327079773,0.0
70,1,0.14457330107688904,0.03102070838212967,1.667007327079773,0.0
71,1,0.007657001726329327,0.03102070838212967,1.667007327079773,0.0
72,1,0.014766990207135677,0.03102070838212967,1.667007327079773,0.0
73,1,0.03338470309972763,0.03102070838212967,1.667007327079773,0.0
74,1,0.35240450501441956,0.03102070838212967,1.667007327079773,0.0
75,1,0.13729199767112732,0.03102070838212967,1.667007327079773,0.0
76,1,0.02684238739311695,0.03102070838212967,1.667007327079773,0.0
77,1,0.008461165241897106,0.03102070838212967,1.667007327079773,0.0
78,1,0.009386196732521057,0.03102070838212967,1.667007327079773,0.0
79,1,1.0143086910247803,0.03102070838212967,1.667007327079773,0.0
80,1,0.0320560485124588,0.03102070838212967,1.667007327079773,0.0
81,1,0.19087177515029907,0.03102070838212967,1.667007327079773,0.0
82,1,0.49302083253860474,0.03102070838212967,1.667007327079773,0.0
83,1,0.7612365484237671,0.03102070838212967,1.667007327079773,0.0
84,1,0.009065961465239525,0.03102070838212967,1.667007327079773,0.0
85,1,0.02373170480132103,0.03102070838212967,1.667007327079773,0.0
86,1,0.034080978482961655,0.03102070838212967,1.667007327079773,0.0
87,1,0.007301808800548315,0.03102070838212967,1.667007327079773,0.0
88,1,0.02959596924483776,0.03102070838212967,1.667007327079773,0.0
89,1,0.015476261265575886,0.03102070838212967,1.667007327079773,0.0
90,1,0.23139694333076477,0.03102070838212967,1.667007327079773,0.0
91,1,0.0271860770881176,0.03102070838212967,1.667007327079773,0.0
92,1,0.2804296016693115,0.03102070838212967,1.667007327079773,0.0
93,1,0.30140823125839233,0.03102070838212967,1.667007327079773,0.0
94,1,0.22230735421180725,0.03102070838212967,1.667007327079773,0.0
95,1,0.0731656402349472,0.03102070838212967,1.667007327079773,0.0
96,1,0.00784409511834383,0.03102070838212967,1.667007327079773,0.0
97,1,0.0067267101258039474,0.03102070838212967,1.667007327079773,0.0
98,1,0.22402727603912354,0.03102070838212967,1.667007327079773,0.0
99,1,0.003954534884542227,0.03102070838212967,1.667007327079773,0.0
100,1,0.0655471533536911,0.03102070838212967,1.667007327079773,0.0
101,1,0.0125362453982234,0.03102070838212967,1.667007327079773,0.0
102,1,0.20677265524864197,0.03102070838212967,1.667007327079773,0.0
103,1,0.20677265524864197,0.02193053625524044,1.667007327079773,0.0
104,1,0.20677265524864197,0.010215608403086662,1.667007327079773,0.0
105,1,0.1245637834072113,0.010215608403086662,1.667007327079773,0.0
105,2,0.1245637834072113,0.010215608403086662,1.1518348455429077,0.0
106,2,0.34026050567626953,0.010215608403086662,1.1518348455429077,0.0
107,2,0.02563667669892311,0.010215608403086662,1.1518348455429077,0.0
108,2,0.14371734857559204,0.010215608403086662,1.1518348455429077,0.0
109,2,0.27787482738494873,0.010215608403086662,1.1518348455429077,0.0
110,2,0.07813635468482971,0.010215608403086662,1.1518348455429077,0.0
111,2,0.00670279748737812,0.010215608403086662,1.1518348455429077,0.0
112,2,0.062135785818099976,0.010215608403086662,1.1518348455429077,0.0
113,2,0.12052008509635925,0.010215608403086662,1.1518348455429077,0.0
114,2,0.09934961795806885,0.010215608403086662,1.1518348455429077,0.0
115,2,0.02472063899040222,0.010215608403086662,1.1518348455429077,0.0
116,2,0.020261727273464203,0.010215608403086662,1.1518348455429077,0.0
117,2,0.11772988736629486,0.010215608403086662,1.1518348455429077,0.0
118,2,0.035992298275232315,0.010215608403086662,1.1518348455429077,0.0
119,2,0.21095465123653412,0.010215608403086662,1.1518348455429077,0.0
120,2,0.02832718938589096,0.010215608403086662,1.1518348455429077,0.0
121,2,0.2699136734008789,0.010215608403086662,1.1518348455429077,0.0
122,2,0.21482917666435242,0.010215608403086662,1.1518348455429077,0.0
123,2,0.3315432369709015,0.010215608403086662,1.1518348455429077,0.0
124,2,0.11933554708957672,0.010215608403086662,1.1518348455429077,0.0
125,2,0.00925040990114212,0.010215608403086662,1.1518348455429077,0.0
126,2,0.6609510183334351,0.010215608403086662,1.1518348455429077,0.0
127,2,0.12047871947288513,0.010215608403086662,1.1518348455429077,0.0
128,2,0.024465493857860565,0.010215608403086662,1.1518348455429077,0.0
129,2,0.21258588135242462,0.010215608403086662,1.1518348455429077,0.0
130,2,0.03246273100376129,0.010215608403086662,1.1518348455429077,0.0
131,2,0.13885067403316498,0.010215608403086662,1.1518348455429077,0.0
132,2,0.012879975140094757,0.010215608403086662,1.1518348455429077,0.0
133,2,0.6240193247795105,0.010215608403086662,1.1518348455429077,0.0
134,2,0.1871299296617508,0.010215608403086662,1.1518348455429077,0.0
135,2,0.15823973715305328,0.010215608403086662,1.1518348455429077,0.0
136,2,0.3667314052581787,0.010215608403086662,1.1518348455429077,0.0
137,2,0.3434411287307739,0.010215608403086662,1.1518348455429077,0.0
138,2,0.12356773763895035,0.010215608403086662,1.1518348455429077,0.0
139,2,0.38147395849227905,0.010215608403086662,1.1518348455429077,0.0
140,2,0.1671973019838333,0.010215608403086662,1.1518348455429077,0.0
141,2,0.08367638289928436,0.010215608403086662,1.1518348455429077,0.0
142,2,0.011409604921936989,0.010215608403086662,1.1518348455429077,0.0
143,2,0.048698119819164276,0.010215608403086662,1.1518348455429077,0.0
144,2,0.2852202355861664,0.010215608403086662,1.1518348455429077,0.0
145,2,0.4662940502166748,0.010215608403086662,1.1518348455429077,0.0
146,2,0.018122060224413872,0.010215608403086662,1.1518348455429077,0.0
147,2,0.47512441873550415,0.010215608403086662,1.1518348455429077,0.0
148,2,0.08480718731880188,0.010215608403086662,1.1518348455429077,0.0
149,2,0.005545749329030514,0.010215608403086662,1.1518348455429077,0.0
150,2,0.4124050736427307,0.010215608403086662,1.1518348455429077,0.0
151,2,0.16032391786575317,0.010215608403086662,1.1518348455429077,0.0
152,2,0.0675562173128128,0.010215608403086662,1.1518348455429077,0.0
153,2,0.3136652112007141,0.010215608403086662,1.1518348455429077,0.0
154,2,0.4218790531158447,0.010215608403086662,1.1518348455429077,0.0
155,2,0.0352230966091156,0.010215608403086662,1.1518348455429077,0.0
156,2,0.03512020409107208,0.010215608403086662,1.1518348455429077,0.0
157,2,0.021196700632572174,0.010215608403086662,1.1518348455429077,0.0
158,2,0.12232820689678192,0.010215608403086662,1.1518348455429077,0.0
159,2,0.08301804959774017,0.010215608403086662,1.1518348455429077,0.0
160,2,0.04223913326859474,0.010215608403086662,1.1518348455429077,0.0
161,2,0.019884750247001648,0.010215608403086662,1.1518348455429077,0.0
162,2,0.35576245188713074,0.010215608403086662,1.1518348455429077,0.0
163,2,0.43341585993766785,0.010215608403086662,1.1518348455429077,0.0
164,2,0.02306215465068817,0.010215608403086662,1.1518348455429077,0.0
165,2,0.010156597942113876,0.010215608403086662,1.1518348455429077,0.0
166,2,0.12781326472759247,0.010215608403086662,1.1518348455429077,0.0
167,2,0.006894560530781746,0.010215608403086662,1.1518348455429077,0.0
168,2,0.0501386858522892,0.010215608403086662,1.1518348455429077,0.0
169,2,0.07349908351898193,0.010215608403086662,1.1518348455429077,0.0
170,2,0.2181616723537445,0.010215608403086662,1.1518348455429077,0.0
171,2,0.2657068073749542,0.010215608403086662,1.1518348455429077,0.0
172,2,0.04444746673107147,0.010215608403086662,1.1518348455429077,0.0
173,2,0.08395842462778091,0.010215608403086662,1.1518348455429077,0.0
174,2,0.09539353102445602,0.010215608403086662,1.1518348455429077,0.0
175,2,0.007153355050832033,0.010215608403086662,1.1518348455429077,0.0
176,2,0.5864545702934265,0.010215608403086662,1.1518348455429077,0.0
177,2,0.029651779681444168,0.010215608403086662,1.1518348455429077,0.0
178,2,0.12169668823480606,0.010215608403086662,1.1518348455429077,0.0
179,2,0.007045038044452667,0.010215608403086662,1.1518348455429077,0.0
180,2,0.05089046061038971,0.010215608403086662,1.1518348455429077,0.0
181,2,0.5594847202301025,0.010215608403086662,1.1518348455429077,0.0
182,2,0.5769342184066772,0.010215608403086662,1.1518348455429077,0.0
183,2,0.01690935529768467,0.010215608403086662,1.1518348455429077,0.0
184,2,0.009637425653636456,0.010215608403086662,1.1518348455429077,0.0
185,2,0.008752667345106602,0.010215608403086662,1.1518348455429077,0.0
186,2,0.5256944894790649,0.010215608403086662,1.1518348455429077,0.0
187,2,0.015347718261182308,0.010215608403086662,1.1518348455429077,0.0
188,2,0.1036856397986412,0.010215608403086662,1.1518348455429077,0.0
189,2,0.36304306983947754,0.010215608403086662,1.1518348455429077,0.0
190,2,0.09157028794288635,0.010215608403086662,1.1518348455429077,0.0
191,2,0.9253638386726379,0.010215608403086662,1.1518348455429077,0.0
192,2,0.0140646081417799,0.010215608403086662,1.1518348455429077,0.0
193,2,0.98930823802948,0.010215608403086662,1.1518348455429077,0.0
194,2,0.06389506161212921,0.010215608403086662,1.1518348455429077,0.0
195,2,0.10009260475635529,0.010215608403086662,1.1518348455429077,0.0
196,2,0.2132108360528946,0.010215608403086662,1.1518348455429077,0.0
197,2,0.0078517384827137,0.010215608403086662,1.1518348455429077,0.0
198,2,0.10729525983333588,0.010215608403086662,1.1518348455429077,0.0
199,2,0.21120712161064148,0.010215608403086662,1.1518348455429077,0.0
200,2,0.01602175273001194,0.010215608403086662,1.1518348455429077,0.0
201,2,0.11239778995513916,0.010215608403086662,1.1518348455429077,0.0
202,2,0.1675620824098587,0.010215608403086662,1.1518348455429077,0.0
203,2,0.7206702828407288,0.010215608403086662,1.1518348455429077,0.0
204,2,0.06608003377914429,0.010215608403086662,1.1518348455429077,0.0
205,2,0.06608003377914429,0.0835568830370903,1.1518348455429077,0.0
206,2,0.06608003377914429,0.5209090709686279,1.1518348455429077,0.0
207,2,0.2276429831981659,0.5209090709686279,1.1518348455429077,0.0
207,3,0.2276429831981659,0.5209090709686279,0.2705618441104889,0.0
208,3,0.30898815393447876,0.5209090709686279,0.2705618441104889,0.0
209,3,0.16589872539043427,0.5209090709686279,0.2705618441104889,0.0
210,3,0.006672154180705547,0.5209090709686279,0.2705618441104889,0.0
211,3,0.08216266334056854,0.5209090709686279,0.2705618441104889,0.0
212,3,0.1614515781402588,0.5209090709686279,0.2705618441104889,0.0
213,3,0.027481934055685997,0.5209090709686279,0.2705618441104889,0.0
214,3,0.007627574726939201,0.5209090709686279,0.2705618441104889,0.0
215,3,0.09908667951822281,0.5209090709686279,0.2705618441104889,0.0
216,3,0.01896161586046219,0.5209090709686279,0.2705618441104889,0.0
217,3,0.5155766010284424,0.5209090709686279,0.2705618441104889,0.0
218,3,0.049614131450653076,0.5209090709686279,0.2705618441104889,0.0
219,3,0.006339647341519594,0.5209090709686279,0.2705618441104889,0.0
220,3,0.220371812582016,0.5209090709686279,0.2705618441104889,0.0
221,3,0.1254442036151886,0.5209090709686279,0.2705618441104889,0.0
222,3,0.005895205773413181,0.5209090709686279,0.2705618441104889,0.0
223,3,0.023019686341285706,0.5209090709686279,0.2705618441104889,0.0
224,3,0.05175108462572098,0.5209090709686279,0.2705618441104889,0.0
225,3,0.0023750620894134045,0.5209090709686279,0.2705618441104889,0.0
226,3,0.03245200589299202,0.5209090709686279,0.2705618441104889,0.0
227,3,0.2966994047164917,0.5209090709686279,0.2705618441104889,0.0
228,3,0.048278097063302994,0.5209090709686279,0.2705618441104889,0.0
229,3,0.07186032086610794,0.5209090709686279,0.2705618441104889,0.0
230,3,0.02179049700498581,0.5209090709686279,0.2705618441104889,0.0
231,3,0.33093971014022827,0.5209090709686279,0.2705618441104889,0.0
232,3,0.5878936052322388,0.5209090709686279,0.2705618441104889,0.0
233,3,0.09747758507728577,0.5209090709686279,0.2705618441104889,0.0
234,3,0.5317761898040771,0.5209090709686279,0.2705618441104889,0.0
235,3,0.07405027747154236,0.5209090709686279,0.2705618441104889,0.0
236,3,0.057443976402282715,0.5209090709686279,0.2705618441104889,0.0
237,3,0.23999592661857605,0.5209090709686279,0.2705618441104889,0.0
238,3,0.026491999626159668,0.5209090709686279,0.2705618441104889,0.0
239,3,0.5169259309768677,0.5209090709686279,0.2705618441104889,0.0
240,3,0.09530703723430634,0.5209090709686279,0.2705618441104889,0.0
241,3,0.10885144025087357,0.5209090709686279,0.2705618441104889,0.0
242,3,0.09430956840515137,0.5209090709686279,0.2705618441104889,0.0
243,3,0.024802550673484802,0.5209090709686279,0.2705618441104889,0.0
244,3,0.010436228476464748,0.5209090709686279,0.2705618441104889,0.0
245,3,0.1869409680366516,0.5209090709686279,0.2705618441104889,0.0
246,3,0.011128406040370464,0.5209090709686279,0.2705618441104889,0.0
247,3,0.0850684866309166,0.5209090709686279,0.2705618441104889,0.0
248,3,0.012654729187488556,0.5209090709686279,0.2705618441104889,0.0
249,3,0.021695490926504135,0.5209090709686279,0.2705618441104889,0.0
250,3,0.25910478830337524,0.5209090709686279,0.2705618441104889,0.0
251,3,0.20446844398975372,0.5209090709686279,0.2705618441104889,0.0
252,3,0.03699812293052673,0.5209090709686279,0.2705618441104889,0.0
253,3,0.023848257958889008,0.5209090709686279,0.2705618441104889,0.0
254,3,0.41486984491348267,0.5209090709686279,0.2705618441104889,0.0
255,3,0.039877019822597504,0.5209090709686279,0.2705618441104889,0.0
256,3,0.2941283583641052,0.5209090709686279,0.2705618441104889,0.0
257,3,0.29182225465774536,0.5209090709686279,0.2705618441104889,0.0
258,3,0.09621138870716095,0.5209090709686279,0.2705618441104889,0.0
259,3,0.11240896582603455,0.5209090709686279,0.2705618441104889,0.0
260,3,0.06116802245378494,0.5209090709686279,0.2705618441104889,0.0
261,3,0.012895755469799042,0.5209090709686279,0.2705618441104889,0.0
262,3,0.6191155314445496,0.5209090709686279,0.2705618441104889,0.0
263,3,0.06413295120000839,0.5209090709686279,0.2705618441104889,0.0
264,3,0.3890310227870941,0.5209090709686279,0.2705618441104889,0.0
265,3,0.8217118978500366,0.5209090709686279,0.2705618441104889,0.0
266,3,0.03459935635328293,0.5209090709686279,0.2705618441104889,0.0
267,3,0.00630238838493824,0.5209090709686279,0.2705618441104889,0.0
268,3,0.08708037436008453,0.5209090709686279,0.2705618441104889,0.0
269,3,0.2305353879928589,0.5209090709686279,0.2705618441104889,0.0
270,3,0.15369020402431488,0.5209090709686279,0.2705618441104889,0.0
271,3,0.03206661343574524,0.5209090709686279,0.2705618441104889,0.0
272,3,0.04542980343103409,0.5209090709686279,0.2705618441104889,0.0
273,3,0.10033843666315079,0.5209090709686279,0.2705618441104889,0.0
274,3,0.6670974493026733,0.5209090709686279,0.2705618441104889,0.0
275,3,0.1531950831413269,0.5209090709686279,0.2705618441104889,0.0
276,3,0.10004135221242905,0.5209090709686279,0.2705618441104889,0.0
277,3,0.01619706302881241,0.5209090709686279,0.2705618441104889,0.0
278,3,0.6295154094696045,0.5209090709686279,0.2705618441104889,0.0
279,3,0.021698975935578346,0.5209090709686279,0.2705618441104889,0.0
280,3,0.0075448425486683846,0.5209090709686279,0.2705618441104889,0.0
281,3,0.04203898459672928,0.5209090709686279,0.2705618441104889,0.0
282,3,0.08047205209732056,0.5209090709686279,0.2705618441104889,0.0
283,3,0.10297888517379761,0.5209090709686279,0.2705618441104889,0.0
284,3,0.22465792298316956,0.5209090709686279,0.2705618441104889,0.0
285,3,0.034155555069446564,0.5209090709686279,0.2705618441104889,0.0
286,3,0.0816153958439827,0.5209090709686279,0.2705618441104889,0.0
287,3,0.37050822377204895,0.5209090709686279,0.2705618441104889,0.0
288,3,0.007364725694060326,0.5209090709686279,0.2705618441104889,0.0
289,3,0.4809774160385132,0.5209090709686279,0.2705618441104889,0.0
290,3,0.0867522805929184,0.5209090709686279,0.2705618441104889,0.0
291,3,0.06956129521131516,0.5209090709686279,0.2705618441104889,0.0
292,3,0.004407147876918316,0.5209090709686279,0.2705618441104889,0.0
293,3,0.2707200050354004,0.5209090709686279,0.2705618441104889,0.0
294,3,0.004611593205481768,0.5209090709686279,0.2705618441104889,0.0
295,3,0.07679004967212677,0.5209090709686279,0.2705618441104889,0.0
296,3,0.25592535734176636,0.5209090709686279,0.2705618441104889,0.0
297,3,0.01958101987838745,0.5209090709686279,0.2705618441104889,0.0
298,3,0.02518540434539318,0.5209090709686279,0.2705618441104889,0.0
299,3,0.02236129343509674,0.5209090709686279,0.2705618441104889,0.0
300,3,0.2039174884557724,0.5209090709686279,0.2705618441104889,0.0
301,3,0.009383823722600937,0.5209090709686279,0.2705618441104889,0.0
302,3,0.006235125474631786,0.5209090709686279,0.2705618441104889,0.0
303,3,0.02338641881942749,0.5209090709686279,0.2705618441104889,0.0
304,3,0.2144852578639984,0.5209090709686279,0.2705618441104889,0.0
305,3,0.012941552326083183,0.5209090709686279,0.2705618441104889,0.0
306,3,0.03502843901515007,0.5209090709686279,0.2705618441104889,0.0
307,3,0.03502843901515007,0.010799819603562355,0.2705618441104889,0.0
308,3,0.03502843901515007,0.26938050985336304,0.2705618441104889,0.0
309,3,0.006334297824651003,0.26938050985336304,0.2705618441104889,0.0
309,4,0.006334297824651003,0.26938050985336304,0.06003427505493164,0.0
310,4,0.014389920979738235,0.26938050985336304,0.06003427505493164,0.0
311,4,0.44126808643341064,0.26938050985336304,0.06003427505493164,0.0
312,4,0.008003361523151398,0.26938050985336304,0.06003427505493164,0.0
313,4,0.5935031771659851,0.26938050985336304,0.06003427505493164,0.0
314,4,0.04170626029372215,0.26938050985336304,0.06003427505493164,0.0
315,4,0.22230160236358643,0.26938050985336304,0.06003427505493164,0.0
316,4,0.005066929385066032,0.26938050985336304,0.06003427505493164,0.0
317,4,0.042311891913414,0.26938050985336304,0.06003427505493164,0.0
318,4,0.004824852105230093,0.26938050985336304,0.06003427505493164,0.0
319,4,0.006152962800115347,0.26938050985336304,0.06003427505493164,0.0
320,4,0.008393601514399052,0.26938050985336304,0.06003427505493164,0.0
321,4,0.4037512242794037,0.26938050985336304,0.06003427505493164,0.0
322,4,0.013581587001681328,0.26938050985336304,0.06003427505493164,0.0
323,4,0.23615312576293945,0.26938050985336304,0.06003427505493164,0.0
324,4,0.011699272319674492,0.26938050985336304,0.06003427505493164,0.0
325,4,0.22784826159477234,0.26938050985336304,0.06003427505493164,0.0
326,4,0.023564083501696587,0.26938050985336304,0.06003427505493164,0.0
327,4,0.11392170190811157,0.26938050985336304,0.06003427505493164,0.0
328,4,0.14627769589424133,0.26938050985336304,0.06003427505493164,0.0
329,4,0.01702491194009781,0.26938050985336304,0.06003427505493164,0.0
330,4,0.007993925362825394,0.26938050985336304,0.06003427505493164,0.0
331,4,0.01824222505092621,0.26938050985336304,0.06003427505493164,0.0
332,4,0.15233533084392548,0.26938050985336304,0.06003427505493164,0.0
333,4,0.1541188508272171,0.26938050985336304,0.06003427505493164,0.0
334,4,0.1318950653076172,0.26938050985336304,0.06003427505493164,0.0
335,4,0.57147216796875,0.26938050985336304,0.06003427505493164,0.0
336,4,0.0054492224007844925,0.26938050985336304,0.06003427505493164,0.0
337,4,0.015552768483757973,0.26938050985336304,0.06003427505493164,0.0
338,4,0.023755941540002823,0.26938050985336304,0.06003427505493164,0.0
339,4,0.8644598126411438,0.26938050985336304,0.06003427505493164,0.0
340,4,0.014544650912284851,0.26938050985336304,0.06003427505493164,0.0
341,4,0.23883865773677826,0.26938050985336304,0.06003427505493164,0.0
342,4,0.5433456897735596,0.26938050985336304,0.06003427505493164,0.0
343,4,0.010578014887869358,0.26938050985336304,0.06003427505493164,0.0
344,4,0.006199276074767113,0.26938050985336304,0.06003427505493164,0.0
345,4,0.13252674043178558,0.26938050985336304,0.06003427505493164,0.0
346,4,0.057669419795274734,0.26938050985336304,0.06003427505493164,0.0
347,4,0.06722959876060486,0.26938050985336304,0.06003427505493164,0.0
348,4,0.005516827572137117,0.26938050985336304,0.06003427505493164,0.0
349,4,0.09540221095085144,0.26938050985336304,0.06003427505493164,0.0
350,4,0.3011878728866577,0.26938050985336304,0.06003427505493164,0.0
351,4,0.007326059974730015,0.26938050985336304,0.06003427505493164,0.0
352,4,0.030193911865353584,0.26938050985336304,0.06003427505493164,0.0
353,4,0.0701451450586319,0.26938050985336304,0.06003427505493164,0.0
354,4,0.0518968291580677,0.26938050985336304,0.06003427505493164,0.0
355,4,0.06918791681528091,0.26938050985336304,0.06003427505493164,0.0
356,4,0.632328450679779,0.26938050985336304,0.06003427505493164,0.0
357,4,0.6224073767662048,0.26938050985336304,0.06003427505493164,0.0
358,4,0.07830853015184402,0.26938050985336304,0.06003427505493164,0.0
359,4,0.006015671417117119,0.26938050985336304,0.06003427505493164,0.0
360,4,0.11686812341213226,0.26938050985336304,0.06003427505493164,0.0
361,4,0.07203173637390137,0.26938050985336304,0.06003427505493164,0.0
362,4,0.369117796421051,0.26938050985336304,0.06003427505493164,0.0
363,4,0.20886844396591187,0.26938050985336304,0.06003427505493164,0.0
364,4,0.13228511810302734,0.26938050985336304,0.06003427505493164,0.0
365,4,0.24715754389762878,0.26938050985336304,0.06003427505493164,0.0
366,4,0.051312729716300964,0.26938050985336304,0.06003427505493164,0.0
367,4,0.20219077169895172,0.26938050985336304,0.06003427505493164,0.0
368,4,0.034342408180236816,0.26938050985336304,0.06003427505493164,0.0
369,4,0.41939395666122437,0.26938050985336304,0.06003427505493164,0.0
370,4,0.13342903554439545,0.26938050985336304,0.06003427505493164,0.0
371,4,0.19363325834274292,0.26938050985336304,0.06003427505493164,0.0
372,4,0.01257406547665596,0.26938050985336304,0.06003427505493164,0.0
373,4,0.10617160052061081,0.26938050985336304,0.06003427505493164,0.0
374,4,0.06260079145431519,0.26938050985336304,0.06003427505493164,0.0
375,4,0.2578634023666382,0.26938050985336304,0.06003427505493164,0.0
376,4,0.006939403247088194,0.26938050985336304,0.06003427505493164,0.0
377,4,0.17092105746269226,0.26938050985336304,0.06003427505493164,0.0
378,4,0.12182540446519852,0.26938050985336304,0.06003427505493164,0.0
379,4,0.04805285483598709,0.26938050985336304,0.06003427505493164,0.0
380,4,0.032919127494096756,0.26938050985336304,0.06003427505493164,0.0
381,4,0.2887756824493408,0.26938050985336304,0.06003427505493164,0.0
382,4,0.005680423695594072,0.26938050985336304,0.06003427505493164,0.0
383,4,0.04080025106668472,0.26938050985336304,0.06003427505493164,0.0
384,4,0.02233905717730522,0.26938050985336304,0.06003427505493164,0.0
385,4,0.12832358479499817,0.26938050985336304,0.06003427505493164,0.0
386,4,0.0075899092480540276,0.26938050985336304,0.06003427505493164,0.0
387,4,0.02721942774951458,0.26938050985336304,0.06003427505493164,0.0
388,4,0.012716962955892086,0.26938050985336304,0.06003427505493164,0.0
389,4,0.01190090924501419,0.26938050985336304,0.06003427505493164,0.0
390,4,0.36657804250717163,0.26938050985336304,0.06003427505493164,0.0
391,4,0.23596122860908508,0.26938050985336304,0.06003427505493164,0.0
392,4,0.007528770249336958,0.26938050985336304,0.06003427505493164,0.0
393,4,0.2652003765106201,0.26938050985336304,0.06003427505493164,0.0
394,4,0.009245725348591805,0.26938050985336304,0.06003427505493164,0.0
395,4,0.04296864569187164,0.26938050985336304,0.06003427505493164,0.0
396,4,0.010229920968413353,0.26938050985336304,0.06003427505493164,0.0
397,4,0.008502572774887085,0.26938050985336304,0.06003427505493164,0.0
398,4,0.007279779762029648,0.26938050985336304,0.06003427505493164,0.0
399,4,0.09963379800319672,0.26938050985336304,0.06003427505493164,0.0
400,4,0.6669756770133972,0.26938050985336304,0.06003427505493164,0.0
401,4,0.05457957834005356,0.26938050985336304,0.06003427505493164,0.0
402,4,0.8602933287620544,0.26938050985336304,0.06003427505493164,0.0
403,4,0.17881453037261963,0.26938050985336304,0.06003427505493164,0.0
404,4,0.05971907079219818,0.26938050985336304,0.06003427505493164,0.0
405,4,0.06798864901065826,0.26938050985336304,0.06003427505493164,0.0
406,4,0.08120745420455933,0.26938050985336304,0.06003427505493164,0.0
407,4,0.16281402111053467,0.26938050985336304,0.06003427505493164,0.0
408,4,0.1352149397134781,0.26938050985336304,0.06003427505493164,0.0
409,4,0.1352149397134781,0.09005200862884521,0.06003427505493164,0.0
410,4,0.1352149397134781,0.004100069869309664,0.06003427505493164,0.0
411,4,0.4396169185638428,0.004100069869309664,0.06003427505493164,0.0
411,5,0.4396169185638428,0.004100069869309664,1.109470248222351,0.0
412,5,0.014543583616614342,0.004100069869309664,1.109470248222351,0.0
413,5,0.04642173647880554,0.004100069869309664,1.109470248222351,0.0
414,5,0.005068911239504814,0.004100069869309664,1.109470248222351,0.0
415,5,0.004875387065112591,0.004100069869309664,1.109470248222351,0.0
416,5,0.04474673420190811,0.004100069869309664,1.109470248222351,0.0
417,5,0.04128122702240944,0.004100069869309664,1.109470248222351,0.0
418,5,0.03612907975912094,0.004100069869309664,1.109470248222351,0.0
419,5,0.3404185175895691,0.004100069869309664,1.109470248222351,0.0
420,5,0.4149158000946045,0.004100069869309664,1.109470248222351,0.0
421,5,0.35320648550987244,0.004100069869309664,1.109470248222351,0.0
422,5,0.34901583194732666,0.004100069869309664,1.109470248222351,0.0
423,5,0.128214031457901,0.004100069869309664,1.109470248222351,0.0
424,5,0.5464916229248047,0.004100069869309664,1.109470248222351,0.0
425,5,0.07561495900154114,0.004100069869309664,1.109470248222351,0.0
426,5,0.37322908639907837,0.004100069869309664,1.109470248222351,0.0
427,5,0.18188026547431946,0.004100069869309664,1.109470248222351,0.0
428,5,0.35291674733161926,0.004100069869309664,1.109470248222351,0.0
429,5,0.4594852328300476,0.004100069869309664,1.109470248222351,0.0
430,5,0.8494188785552979,0.004100069869309664,1.109470248222351,0.0
431,5,0.005176017060875893,0.004100069869309664,1.109470248222351,0.0
432,5,0.6271847486495972,0.004100069869309664,1.109470248222351,0.0
433,5,0.0825560912489891,0.004100069869309664,1.109470248222351,0.0
434,5,0.04059471935033798,0.004100069869309664,1.109470248222351,0.0
435,5,0.38396358489990234,0.004100069869309664,1.109470248222351,0.0
436,5,0.17185711860656738,0.004100069869309664,1.109470248222351,0.0
437,5,0.129949688911438,0.004100069869309664,1.109470248222351,0.0
438,5,0.11063478887081146,0.004100069869309664,1.109470248222351,0.0
439,5,0.37493228912353516,0.004100069869309664,1.109470248222351,0.0
440,5,0.18219469487667084,0.004100069869309664,1.109470248222351,0.0
441,5,0.1359671652317047,0.004100069869309664,1.109470248222351,0.0
442,5,0.038934774696826935,0.004100069869309664,1.109470248222351,0.0
443,5,0.22387799620628357,0.004100069869309664,1.109470248222351,0.0
444,5,0.06259417533874512,0.004100069869309664,1.109470248222351,0.0
445,5,0.13867491483688354,0.004100069869309664,1.109470248222351,0.0
446,5,0.49631667137145996,0.004100069869309664,1.109470248222351,0.0
447,5,0.11998394131660461,0.004100069869309664,1.109470248222351,0.0
448,5,0.07056672871112823,0.004100069869309664,1.109470248222351,0.0
449,5,0.0930231511592865,0.004100069869309664,1.109470248222351,0.0
450,5,0.15230077505111694,0.004100069869309664,1.109470248222351,0.0
451,5,0.03220617398619652,0.004100069869309664,1.109470248222351,0.0
452,5,0.0908997654914856,0.004100069869309664,1.109470248222351,0.0
453,5,0.20252305269241333,0.004100069869309664,1.109470248222351,0.0
454,5,0.04624271020293236,0.004100069869309664,1.109470248222351,0.0
455,5,0.040503863245248795,0.004100069869309664,1.109470248222351,0.0
456,5,0.17619620263576508,0.004100069869309664,1.109470248222351,0.0
457,5,0.14836283028125763,0.004100069869309664,1.109470248222351,0.0
458,5,0.08915973454713821,0.004100069869309664,1.109470248222351,0.0
459,5,0.3069928288459778,0.004100069869309664,1.109470248222351,0.0
460,5,0.15812861919403076,0.004100069869309664,1.109470248222351,0.0
461,5,0.029670890420675278,0.004100069869309664,1.109470248222351,0.0
462,5,0.3310406804084778,0.004100069869309664,1.109470248222351,0.0
463,5,0.08558308333158493,0.004100069869309664,1.109470248222351,0.0
464,5,0.015301520004868507,0.004100069869309664,1.109470248222351,0.0
465,5,0.017486033961176872,0.004100069869309664,1.109470248222351,0.0
466,5,0.1590043604373932,0.004100069869309664,1.109470248222351,0.0
467,5,0.1737087368965149,0.004100069869309664,1.109470248222351,0.0
468,5,0.3946429193019867,0.004100069869309664,1.109470248222351,0.0
469,5,0.07156218588352203,0.004100069869309664,1.109470248222351,0.0
470,5,0.11901485919952393,0.004100069869309664,1.109470248222351,0.0
471,5,0.5098906755447388,0.004100069869309664,1.109470248222351,0.0
472,5,0.1104087233543396,0.004100069869309664,1.109470248222351,0.0
473,5,0.1110985279083252,0.004100069869309664,1.109470248222351,0.0
474,5,0.03648710995912552,0.004100069869309664,1.109470248222351,0.0
475,5,0.20762941241264343,0.004100069869309664,1.109470248222351,0.0
476,5,0.12425804883241653,0.004100069869309664,1.109470248222351,0.0
477,5,0.008471425622701645,0.004100069869309664,1.109470248222351,0.0
478,5,0.010189244523644447,0.004100069869309664,1.109470248222351,0.0
479,5,0.057951122522354126,0.004100069869309664,1.109470248222351,0.0
480,5,0.24591277539730072,0.004100069869309664,1.109470248222351,0.0
481,5,0.19157488644123077,0.004100069869309664,1.109470248222351,0.0
482,5,0.010341228917241096,0.004100069869309664,1.109470248222351,0.0
483,5,0.45099255442619324,0.004100069869309664,1.109470248222351,0.0
484,5,0.010283761657774448,0.004100069869309664,1.109470248222351,0.0
485,5,0.13417071104049683,0.004100069869309664,1.109470248222351,0.0
486,5,0.014644607901573181,0.004100069869309664,1.109470248222351,0.0
487,5,0.27370768785476685,0.004100069869309664,1.109470248222351,0.0
488,5,0.5303230285644531,0.004100069869309664,1.109470248222351,0.0
489,5,0.018704798072576523,0.004100069869309664,1.109470248222351,0.0
490,5,0.09764033555984497,0.004100069869309664,1.109470248222351,0.0
491,5,0.028682183474302292,0.004100069869309664,1.109470248222351,0.0
492,5,0.1462889015674591,0.004100069869309664,1.109470248222351,0.0
493,5,0.7209317684173584,0.004100069869309664,1.109470248222351,0.0
494,5,0.035296425223350525,0.004100069869309664,1.109470248222351,0.0
495,5,0.03554094210267067,0.004100069869309664,1.109470248222351,0.0
496,5,0.00955172162503004,0.004100069869309664,1.109470248222351,0.0
497,5,0.005888109561055899,0.004100069869309664,1.109470248222351,0.0
498,5,0.09245222806930542,0.004100069869309664,1.109470248222351,0.0
499,5,0.12329661846160889,0.004100069869309664,1.109470248222351,0.0
500,5,0.006820023059844971,0.004100069869309664,1.109470248222351,0.0
501,5,0.00915782805532217,0.004100069869309664,1.109470248222351,0.0
502,5,0.01748431846499443,0.004100069869309664,1.109470248222351,0.0
503,5,0.6204924583435059,0.004100069869309664,1.109470248222351,0.0
504,5,0.060548584908246994,0.004100069869309664,1.109470248222351,0.0
505,5,0.17808382213115692,0.004100069869309664,1.109470248222351,0.0
506,5,0.16716298460960388,0.004100069869309664,1.109470248222351,0.0
507,5,0.042856402695178986,0.004100069869309664,1.109470248222351,0.0
508,5,0.03043948858976364,0.004100069869309664,1.109470248222351,0.0
509,5,0.4026392698287964,0.004100069869309664,1.109470248222351,0.0
510,5,0.34983760118484497,0.004100069869309664,1.109470248222351,0.0
511,5,0.34983760118484497,0.36295899748802185,1.109470248222351,0.0
512,5,0.34983760118484497,0.0058304062113165855,1.109470248222351,0.0
513,5,0.08103635907173157,0.0058304062113165855,1.109470248222351,0.0
513,6,0.08103635907173157,0.0058304062113165855,1.6177849769592285,0.0
514,6,0.580536961555481,0.0058304062113165855,1.6177849769592285,0.0
515,6,0.009067701175808907,0.0058304062113165855,1.6177849769592285,0.0
516,6,0.2769416570663452,0.0058304062113165855,1.6177849769592285,0.0
517,6,0.46761566400527954,0.0058304062113165855,1.6177849769592285,0.0
518,6,0.5290545225143433,0.0058304062113165855,1.6177849769592285,0.0
519,6,0.5058509111404419,0.0058304062113165855,1.6177849769592285,0.0
520,6,0.36111971735954285,0.0058304062113165855,1.6177849769592285,0.0
521,6,0.01222253032028675,0.0058304062113165855,1.6177849769592285,0.0
522,6,0.12657290697097778,0.0058304062113165855,1.6177849769592285,0.0
523,6,0.8150652647018433,0.0058304062113165855,1.6177849769592285,0.0
524,6,0.043195873498916626,0.0058304062113165855,1.6177849769592285,0.0
525,6,0.003220123006030917,0.0058304062113165855,1.6177849769592285,0.0
526,6,0.025210699066519737,0.0058304062113165855,1.6177849769592285,0.0
527,6,0.5598222017288208,0.0058304062113165855,1.6177849769592285,0.0
528,6,0.005155576393008232,0.0058304062113165855,1.6177849769592285,0.0
529,6,0.026403889060020447,0.0058304062113165855,1.6177849769592285,0.0
530,6,0.09777463972568512,0.0058304062113165855,1.6177849769592285,0.0
531,6,0.04291684925556183,0.0058304062113165855,1.6177849769592285,0.0
532,6,0.015453290194272995,0.0058304062113165855,1.6177849769592285,0.0
533,6,0.2793983817100525,0.0058304062113165855,1.6177849769592285,0.0
534,6,0.2361050844192505,0.0058304062113165855,1.6177849769592285,0.0
535,6,0.1933591067790985,0.0058304062113165855,1.6177849769592285,0.0
536,6,0.01737986132502556,0.0058304062113165855,1.6177849769592285,0.0
537,6,0.009819497354328632,0.0058304062113165855,1.6177849769592285,0.0
538,6,0.008897298015654087,0.0058304062113165855,1.6177849769592285,0.0
539,6,0.2443755567073822,0.0058304062113165855,1.6177849769592285,0.0
540,6,0.39225608110427856,0.0058304062113165855,1.6177849769592285,0.0
541,6,0.34924012422561646,0.0058304062113165855,1.6177849769592285,0.0
542,6,0.059036172926425934,0.0058304062113165855,1.6177849769592285,0.0
543,6,0.05311437323689461,0.0058304062113165855,1.6177849769592285,0.0
544,6,0.17253446578979492,0.0058304062113165855,1.6177849769592285,0.0
545,6,0.029336504638195038,0.0058304062113165855,1.6177849769592285,0.0
546,6,0.7793067097663879,0.0058304062113165855,1.6177849769592285,0.0
547,6,0.4779682159423828,0.0058304062113165855,1.6177849769592285,0.0
548,6,0.01520497165620327,0.0058304062113165855,1.6177849769592285,0.0
549,6,0.02257535420358181,0.0058304062113165855,1.6177849769592285,0.0
550,6,0.05232491344213486,0.0058304062113165855,1.6177849769592285,0.0
551,6,0.1144067794084549,0.0058304062113165855,1.6177849769592285,0.0
552,6,0.019552255049347878,0.0058304062113165855,1.6177849769592285,0.0
553,6,0.0070841507986187935,0.0058304062113165855,1.6177849769592285,0.0
554,6,0.19462062418460846,0.0058304062113165855,1.6177849769592285,0.0
555,6,0.03715582564473152,0.0058304062113165855,1.6177849769592285,0.0
556,6,0.015499981120228767,0.0058304062113165855,1.6177849769592285,0.0
557,6,0.6807297468185425,0.0058304062113165855,1.6177849769592285,0.0
558,6,0.021052509546279907,0.0058304062113165855,1.6177849769592285,0.0
559,6,0.019666383042931557,0.0058304062113165855,1.6177849769592285,0.0
560,6,0.009479512460529804,0.0058304062113165855,1.6177849769592285,0.0
561,6,0.22086668014526367,0.0058304062113165855,1.6177849769592285,0.0
562,6,0.010388629510998726,0.0058304062113165855,1.6177849769592285,0.0
563,6,0.011209145188331604,0.0058304062113165855,1.6177849769592285,0.0
564,6,0.44869107007980347,0.0058304062113165855,1.6177849769592285,0.0
565,6,0.1961936503648758,0.0058304062113165855,1.6177849769592285,0.0
566,6,0.11001403629779816,0.0058304062113165855,1.6177849769592285,0.0
567,6,0.4318675100803375,0.0058304062113165855,1.6177849769592285,0.0
568,6,0.6057043075561523,0.0058304062113165855,1.6177849769592285,0.0
569,6,0.17662791907787323,0.0058304062113165855,1.6177849769592285,0.0
570,6,0.6417436599731445,0.0058304062113165855,1.6177849769592285,0.0
571,6,0.013543753884732723,0.0058304062113165855,1.6177849769592285,0.0
572,6,0.20968326926231384,0.0058304062113165855,1.6177849769592285,0.0
573,6,0.009905620478093624,0.0058304062113165855,1.6177849769592285,0.0
574,6,0.006463094148784876,0.0058304062113165855,1.6177849769592285,0.0
575,6,0.05690755322575569,0.0058304062113165855,1.6177849769592285,0.0
576,6,0.9028234481811523,0.0058304062113165855,1.6177849769592285,0.0
577,6,0.05256602168083191,0.0058304062113165855,1.6177849769592285,0.0
578,6,0.35541149973869324,0.0058304062113165855,1.6177849769592285,0.0
579,6,0.020202409476041794,0.0058304062113165855,1.6177849769592285,0.0
580,6,0.16191035509109497,0.0058304062113165855,1.6177849769592285,0.0
581,6,0.033534955233335495,0.0058304062113165855,1.6177849769592285,0.0
582,6,0.006112021394073963,0.0058304062113165855,1.6177849769592285,0.0
583,6,0.08095186948776245,0.0058304062113165855,1.6177849769592285,0.0
584,6,0.0605631023645401,0.0058304062113165855,1.6177849769592285,0.0
585,6,0.1399923861026764,0.0058304062113165855,1.6177849769592285,0.0
586,6,0.018207592889666557,0.0058304062113165855,1.6177849769592285,0.0
587,6,0.025097331032156944,0.0058304062113165855,1.6177849769592285,0.0
588,6,0.022674817591905594,0.0058304062113165855,1.6177849769592285,0.0
589,6,0.18571919202804565,0.0058304062113165855,1.6177849769592285,0.0
590,6,0.0363912470638752,0.0058304062113165855,1.6177849769592285,0.0
591,6,0.030280806124210358,0.0058304062113165855,1.6177849769592285,0.0
592,6,0.19274412095546722,0.0058304062113165855,1.6177849769592285,0.0
593,6,0.035695694386959076,0.0058304062113165855,1.6177849769592285,0.0
594,6,0.011180706322193146,0.0058304062113165855,1.6177849769592285,0.0
595,6,0.0163301769644022,0.0058304062113165855,1.6177849769592285,0.0
596,6,0.043556030839681625,0.0058304062113165855,1.6177849769592285,0.0
597,6,0.04720328003168106,0.0058304062113165855,1.6177849769592285,0.0
598,6,0.09049816429615021,0.0058304062113165855,1.6177849769592285,0.0
599,6,0.03199063614010811,0.0058304062113165855,1.6177849769592285,0.0
600,6,0.016309086233377457,0.0058304062113165855,1.6177849769592285,0.0
601,6,0.13015100359916687,0.0058304062113165855,1.6177849769592285,0.0
602,6,0.00479163508862257,0.0058304062113165855,1.6177849769592285,0.0
603,6,0.24890829622745514,0.0058304062113165855,1.6177849769592285,0.0
604,6,0.008021321147680283,0.0058304062113165855,1.6177849769592285,0.0
605,6,0.020702147856354713,0.0058304062113165855,1.6177849769592285,0.0
606,6,0.008026424795389175,0.0058304062113165855,1.6177849769592285,0.0
607,6,0.4552977681159973,0.0058304062113165855,1.6177849769592285,0.0
608,6,0.16346417367458344,0.0058304062113165855,1.6177849769592285,0.0
609,6,0.016896279528737068,0.0058304062113165855,1.6177849769592285,0.0
610,6,0.011821284890174866,0.0058304062113165855,1.6177849769592285,0.0
611,6,0.005174862686544657,0.0058304062113165855,1.6177849769592285,0.0
612,6,0.015386015176773071,0.0058304062113165855,1.6177849769592285,0.0
613,6,0.015386015176773071,0.24288274347782135,1.6177849769592285,0.0
614,6,0.015386015176773071,0.17999252676963806,1.6177849769592285,0.0
615,6,0.09107820689678192,0.17999252676963806,1.6177849769592285,0.0
615,7,0.09107820689678192,0.17999252676963806,2.16239857673645,0.0
616,7,0.09232361614704132,0.17999252676963806,2.16239857673645,0.0
617,7,0.0854431688785553,0.17999252676963806,2.16239857673645,0.0
618,7,0.005819306708872318,0.17999252676963806,2.16239857673645,0.0
619,7,0.03670475631952286,0.17999252676963806,2.16239857673645,0.0
620,7,0.00729566253721714,0.17999252676963806,2.16239857673645,0.0
621,7,0.5239719152450562,0.17999252676963806,2.16239857673645,0.0
622,7,0.11654922366142273,0.17999252676963806,2.16239857673645,0.0
623,7,0.22462649643421173,0.17999252676963806,2.16239857673645,0.0
624,7,0.030773717910051346,0.17999252676963806,2.16239857673645,0.0
625,7,0.1260237842798233,0.17999252676963806,2.16239857673645,0.0
626,7,0.014634069055318832,0.17999252676963806,2.16239857673645,0.0
627,7,0.37599560618400574,0.17999252676963806,2.16239857673645,0.0
628,7,0.006103167310357094,0.17999252676963806,2.16239857673645,0.0
629,7,0.6246916055679321,0.17999252676963806,2.16239857673645,0.0
630,7,0.008367239497601986,0.17999252676963806,2.16239857673645,0.0
631,7,0.4060620665550232,0.17999252676963806,2.16239857673645,0.0
632,7,0.017722416669130325,0.17999252676963806,2.16239857673645,0.0
633,7,0.5602576732635498,0.17999252676963806,2.16239857673645,0.0
634,7,0.008961092680692673,0.17999252676963806,2.16239857673645,0.0
635,7,0.467643678188324,0.17999252676963806,2.16239857673645,0.0
636,7,0.0445757657289505,0.17999252676963806,2.16239857673645,0.0
637,7,0.020628727972507477,0.17999252676963806,2.16239857673645,0.0
638,7,0.1491200029850006,0.17999252676963806,2.16239857673645,0.0
639,7,0.007312324829399586,0.17999252676963806,2.16239857673645,0.0
640,7,0.004173531662672758,0.17999252676963806,2.16239857673645,0.0
641,7,0.3295431435108185,0.17999252676963806,2.16239857673645,0.0
642,7,0.008512353524565697,0.17999252676963806,2.16239857673645,0.0
643,7,0.07193219661712646,0.17999252676963806,2.16239857673645,0.0
644,7,0.20718024671077728,0.17999252676963806,2.16239857673645,0.0
645,7,0.11625390499830246,0.17999252676963806,2.16239857673645,0.0
646,7,0.3269002139568329,0.17999252676963806,2.16239857673645,0.0
647,7,0.0907760038971901,0.17999252676963806,2.16239857673645,0.0
648,7,0.015596987679600716,0.17999252676963806,2.16239857673645,0.0
649,7,0.01063693780452013,0.17999252676963806,2.16239857673645,0.0
650,7,0.17146259546279907,0.17999252676963806,2.16239857673645,0.0
651,7,0.06701866537332535,0.17999252676963806,2.16239857673645,0.0
652,7,0.1593540757894516,0.17999252676963806,2.16239857673645,0.0
653,7,0.23430278897285461,0.17999252676963806,2.16239857673645,0.0
654,7,0.1426597237586975,0.17999252676963806,2.16239857673645,0.0
655,7,0.25612860918045044,0.17999252676963806,2.16239857673645,0.0
656,7,0.004640466067939997,0.17999252676963806,2.16239857673645,0.0
657,7,0.07692887634038925,0.17999252676963806,2.16239857673645,0.0
658,7,0.5789353847503662,0.17999252676963806,2.16239857673645,0.0
659,7,0.009025459177792072,0.17999252676963806,2.16239857673645,0.0
660,7,0.06644785404205322,0.17999252676963806,2.16239857673645,0.0
661,7,0.009962968528270721,0.17999252676963806,2.16239857673645,0.0
662,7,0.008193021640181541,0.17999252676963806,2.16239857673645,0.0
663,7,0.23337161540985107,0.17999252676963806,2.16239857673645,0.0
664,7,0.024185260757803917,0.17999252676963806,2.16239857673645,0.0
665,7,0.010963622480630875,0.17999252676963806,2.16239857673645,0.0
666,7,0.08420029282569885,0.17999252676963806,2.16239857673645,0.0
667,7,0.05176398158073425,0.17999252676963806,2.16239857673645,0.0
668,7,0.040855731815099716,0.17999252676963806,2.16239857673645,0.0
669,7,0.0840943232178688,0.17999252676963806,2.16239857673645,0.0
670,7,0.06590032577514648,0.17999252676963806,2.16239857673645,0.0
671,7,0.1279858648777008,0.17999252676963806,2.16239857673645,0.0
672,7,0.3405319154262543,0.17999252676963806,2.16239857673645,0.0
673,7,0.02058786153793335,0.17999252676963806,2.16239857673645,0.0
674,7,0.27374741435050964,0.17999252676963806,2.16239857673645,0.0
675,7,0.7506442666053772,0.17999252676963806,2.16239857673645,0.0
676,7,0.09880352020263672,0.17999252676963806,2.16239857673645,0.0
677,7,0.02732858806848526,0.17999252676963806,2.16239857673645,0.0
678,7,0.01190108060836792,0.17999252676963806,2.16239857673645,0.0
679,7,0.3950411379337311,0.17999252676963806,2.16239857673645,0.0
680,7,0.03405744582414627,0.17999252676963806,2.16239857673645,0.0
681,7,0.1868288516998291,0.17999252676963806,2.16239857673645,0.0
682,7,0.034479010850191116,0.17999252676963806,2.16239857673645,0.0
683,7,0.36512646079063416,0.17999252676963806,2.16239857673645,0.0
684,7,0.18648585677146912,0.17999252676963806,2.16239857673645,0.0
685,7,0.29571354389190674,0.17999252676963806,2.16239857673645,0.0
686,7,0.029719874262809753,0.17999252676963806,2.16239857673645,0.0
687,7,0.051166925579309464,0.17999252676963806,2.16239857673645,0.0
688,7,0.29303768277168274,0.17999252676963806,2.16239857673645,0.0
689,7,0.260812371969223,0.17999252676963806,2.16239857673645,0.0
690,7,0.16650772094726562,0.17999252676963806,2.16239857673645,0.0
691,7,0.6084882020950317,0.17999252676963806,2.16239857673645,0.0
692,7,0.17948664724826813,0.17999252676963806,2.16239857673645,0.0
693,7,0.03793217986822128,0.17999252676963806,2.16239857673645,0.0
694,7,0.5309085845947266,0.17999252676963806,2.16239857673645,0.0
695,7,0.008378490805625916,0.17999252676963806,2.16239857673645,0.0
696,7,0.009754949249327183,0.17999252676963806,2.16239857673645,0.0
697,7,0.031099282205104828,0.17999252676963806,2.16239857673645,0.0
698,7,0.051233451813459396,0.17999252676963806,2.16239857673645,0.0
699,7,0.028769956901669502,0.17999252676963806,2.16239857673645,0.0
700,7,0.11217349767684937,0.17999252676963806,2.16239857673645,0.0
701,7,0.03191583603620529,0.17999252676963806,2.16239857673645,0.0
702,7,0.470685213804245,0.17999252676963806,2.16239857673645,0.0
703,7,0.3369888365268707,0.17999252676963806,2.16239857673645,0.0
704,7,0.033655427396297455,0.17999252676963806,2.16239857673645,0.0
705,7,0.027791716158390045,0.17999252676963806,2.16239857673645,0.0
706,7,0.6139733791351318,0.17999252676963806,2.16239857673645,0.0
707,7,0.010085656307637691,0.17999252676963806,2.16239857673645,0.0
708,7,0.3427926003932953,0.17999252676963806,2.16239857673645,0.0
709,7,0.02781156823039055,0.17999252676963806,2.16239857673645,0.0
710,7,0.25135767459869385,0.17999252676963806,2.16239857673645,0.0
711,7,0.1716637909412384,0.17999252676963806,2.16239857673645,0.0
712,7,0.056249603629112244,0.17999252676963806,2.16239857673645,0.0
713,7,0.4653566777706146,0.17999252676963806,2.16239857673645,0.0
714,7,0.20973153412342072,0.17999252676963806,2.16239857673645,0.0
715,7,0.20973153412342072,0.4945894181728363,2.16239857673645,0.0
716,7,0.20973153412342072,0.006848497781902552,2.16239857673645,0.0
717,7,0.017668254673480988,0.006848497781902552,2.16239857673645,0.0
717,8,0.017668254673480988,0.006848497781902552,0.7926784157752991,0.0
718,8,0.06547099351882935,0.006848497781902552,0.7926784157752991,0.0
719,8,0.013913469389081001,0.006848497781902552,0.7926784157752991,0.0
720,8,0.21269994974136353,0.006848497781902552,0.7926784157752991,0.0
721,8,0.12837021052837372,0.006848497781902552,0.7926784157752991,0.0
722,8,0.04171842709183693,0.006848497781902552,0.7926784157752991,0.0
723,8,0.005306548904627562,0.006848497781902552,0.7926784157752991,0.0
724,8,0.28200364112854004,0.006848497781902552,0.7926784157752991,0.0
725,8,0.006728872656822205,0.006848497781902552,0.7926784157752991,0.0
726,8,0.023606523871421814,0.006848497781902552,0.7926784157752991,0.0
727,8,0.2104267179965973,0.006848497781902552,0.7926784157752991,0.0
728,8,0.00436399644240737,0.006848497781902552,0.7926784157752991,0.0
729,8,0.07535269111394882,0.006848497781902552,0.7926784157752991,0.0
730,8,0.0067094797268509865,0.006848497781902552,0.7926784157752991,0.0
731,8,0.13913807272911072,0.006848497781902552,0.7926784157752991,0.0
732,8,0.029073916375637054,0.006848497781902552,0.7926784157752991,0.0
733,8,0.00997348316013813,0.006848497781902552,0.7926784157752991,0.0
734,8,0.004910859279334545,0.006848497781902552,0.7926784157752991,0.0
735,8,0.02202289178967476,0.006848497781902552,0.7926784157752991,0.0
736,8,0.18502096831798553,0.006848497781902552,0.7926784157752991,0.0
737,8,0.00395546481013298,0.006848497781902552,0.7926784157752991,0.0
738,8,0.2574034631252289,0.006848497781902552,0.7926784157752991,0.0
739,8,0.2554902732372284,0.006848497781902552,0.7926784157752991,0.0
740,8,0.327300101518631,0.006848497781902552,0.7926784157752991,0.0
741,8,0.5716071128845215,0.006848497781902552,0.7926784157752991,0.0
742,8,0.3717625141143799,0.006848497781902552,0.7926784157752991,0.0
743,8,0.48504000902175903,0.006848497781902552,0.7926784157752991,0.0
744,8,0.11818424612283707,0.006848497781902552,0.7926784157752991,0.0
745,8,0.25903651118278503,0.006848497781902552,0.7926784157752991,0.0
746,8,0.007971959188580513,0.006848497781902552,0.7926784157752991,0.0
747,8,0.03684273362159729,0.006848497781902552,0.7926784157752991,0.0
748,8,0.060616008937358856,0.006848497781902552,0.7926784157752991,0.0
749,8,0.11416186392307281,0.006848497781902552,0.7926784157752991,0.0
750,8,0.2378067672252655,0.006848497781902552,0.7926784157752991,0.0
751,8,0.01979074627161026,0.006848497781902552,0.7926784157752991,0.0
752,8,0.04080871865153313,0.006848497781902552,0.7926784157752991,0.0
753,8,0.017733357846736908,0.006848497781902552,0.7926784157752991,0.0
754,8,0.4664267301559448,0.006848497781902552,0.7926784157752991,0.0
755,8,0.2755863070487976,0.006848497781902552,0.7926784157752991,0.0
756,8,0.44392815232276917,0.006848497781902552,0.7926784157752991,0.0
757,8,0.08682279288768768,0.006848497781902552,0.7926784157752991,0.0
758,8,0.18734019994735718,0.006848497781902552,0.7926784157752991,0.0
759,8,0.3205118477344513,0.006848497781902552,0.7926784157752991,0.0
760,8,0.31673306226730347,0.006848497781902552,0.7926784157752991,0.0
761,8,0.39851367473602295,0.006848497781902552,0.7926784157752991,0.0
762,8,0.06570076942443848,0.006848497781902552,0.7926784157752991,0.0
763,8,0.006165112368762493,0.006848497781902552,0.7926784157752991,0.0
764,8,0.22075030207633972,0.006848497781902552,0.7926784157752991,0.0
765,8,0.007431170903146267,0.006848497781902552,0.7926784157752991,0.0
766,8,0.30955567955970764,0.006848497781902552,0.7926784157752991,0.0
767,8,0.01529338862746954,0.006848497781902552,0.7926784157752991,0.0
768,8,0.04078250378370285,0.006848497781902552,0.7926784157752991,0.0
769,8,0.016607804223895073,0.006848497781902552,0.7926784157752991,0.0
770,8,0.014916890300810337,0.006848497781902552,0.7926784157752991,0.0
771,8,0.007705980911850929,0.006848497781902552,0.7926784157752991,0.0
772,8,0.01196043286472559,0.006848497781902552,0.7926784157752991,0.0
773,8,0.005862073507159948,0.006848497781902552,0.7926784157752991,0.0
774,8,0.07538839429616928,0.006848497781902552,0.7926784157752991,0.0
775,8,1.0465056896209717,0.006848497781902552,0.7926784157752991,0.0
776,8,0.00941513106226921,0.006848497781902552,0.7926784157752991,0.0
777,8,0.0874711200594902,0.006848497781902552,0.7926784157752991,0.0
778,8,0.028784099966287613,0.006848497781902552,0.7926784157752991,0.0
779,8,0.006367803551256657,0.006848497781902552,0.7926784157752991,0.0
780,8,0.12937510013580322,0.006848497781902552,0.7926784157752991,0.0
781,8,0.048016346991062164,0.006848497781902552,0.7926784157752991,0.0
782,8,0.006499670445919037,0.006848497781902552,0.7926784157752991,0.0
783,8,0.08069701492786407,0.006848497781902552,0.7926784157752991,0.0
784,8,0.02461911365389824,0.006848497781902552,0.7926784157752991,0.0
785,8,0.22378912568092346,0.006848497781902552,0.7926784157752991,0.0
786,8,0.405823290348053,0.006848497781902552,0.7926784157752991,0.0
787,8,0.29175254702568054,0.006848497781902552,0.7926784157752991,0.0
788,8,0.9349657297134399,0.006848497781902552,0.7926784157752991,0.0
789,8,0.20333179831504822,0.006848497781902552,0.7926784157752991,0.0
790,8,0.06363674998283386,0.006848497781902552,0.7926784157752991,0.0
791,8,0.012513482943177223,0.006848497781902552,0.7926784157752991,0.0
792,8,0.018527913838624954,0.006848497781902552,0.7926784157752991,0.0
793,8,0.20799663662910461,0.006848497781902552,0.7926784157752991,0.0
794,8,0.043843984603881836,0.006848497781902552,0.7926784157752991,0.0
795,8,0.05251789465546608,0.006848497781902552,0.7926784157752991,0.0
796,8,0.011857658624649048,0.006848497781902552,0.7926784157752991,0.0
797,8,0.8761166334152222,0.006848497781902552,0.7926784157752991,0.0
798,8,0.20929625630378723,0.006848497781902552,0.7926784157752991,0.0
799,8,0.046390000730752945,0.006848497781902552,0.7926784157752991,0.0
800,8,0.16200348734855652,0.006848497781902552,0.7926784157752991,0.0
801,8,0.07194936275482178,0.006848497781902552,0.7926784157752991,0.0
802,8,0.07201085984706879,0.006848497781902552,0.7926784157752991,0.0
803,8,0.012529751285910606,0.006848497781902552,0.7926784157752991,0.0
804,8,0.1967553347349167,0.006848497781902552,0.7926784157752991,0.0
805,8,0.14761006832122803,0.006848497781902552,0.7926784157752991,0.0
806,8,0.1546875536441803,0.006848497781902552,0.7926784157752991,0.0
807,8,0.08836279064416885,0.006848497781902552,0.7926784157752991,0.0
808,8,0.05373252555727959,0.006848497781902552,0.7926784157752991,0.0
809,8,0.14346735179424286,0.006848497781902552,0.7926784157752991,0.0
810,8,0.2511410415172577,0.006848497781902552,0.7926784157752991,0.0
811,8,0.0413961336016655,0.006848497781902552,0.7926784157752991,0.0
812,8,0.3260563313961029,0.006848497781902552,0.7926784157752991,0.0
813,8,0.033714089542627335,0.006848497781902552,0.7926784157752991,0.0
814,8,0.5794565677642822,0.006848497781902552,0.7926784157752991,0.0
815,8,0.02003774419426918,0.006848497781902552,0.7926784157752991,0.0
816,8,0.20310840010643005,0.006848497781902552,0.7926784157752991,0.0
817,8,0.20310840010643005,0.34013065695762634,0.7926784157752991,0.0
818,8,0.20310840010643005,0.018874239176511765,0.7926784157752991,0.0
819,8,0.47425341606140137,0.018874239176511765,0.7926784157752991,0.0
819,9,0.47425341606140137,0.018874239176511765,1.7334181070327759,0.0
820,9,0.00962137058377266,0.018874239176511765,1.7334181070327759,0.0
821,9,0.009187594056129456,0.018874239176511765,1.7334181070327759,0.0
822,9,0.0982033759355545,0.018874239176511765,1.7334181070327759,0.0
823,9,0.5240561366081238,0.018874239176511765,1.7334181070327759,0.0
824,9,0.021338321268558502,0.018874239176511765,1.7334181070327759,0.0
825,9,0.764723539352417,0.018874239176511765,1.7334181070327759,0.0
826,9,0.10420005023479462,0.018874239176511765,1.7334181070327759,0.0
827,9,0.00455916253849864,0.018874239176511765,1.7334181070327759,0.0
828,9,0.7313857078552246,0.018874239176511765,1.7334181070327759,0.0
829,9,0.036511365324258804,0.018874239176511765,1.7334181070327759,0.0
830,9,0.2188783586025238,0.018874239176511765,1.7334181070327759,0.0
831,9,0.002578889951109886,0.018874239176511765,1.7334181070327759,0.0
832,9,0.003245183266699314,0.018874239176511765,1.7334181070327759,0.0
833,9,0.2700175344944,0.018874239176511765,1.7334181070327759,0.0
834,9,0.13631612062454224,0.018874239176511765,1.7334181070327759,0.0
835,9,0.013225014321506023,0.018874239176511765,1.7334181070327759,0.0
836,9,0.08918596804141998,0.018874239176511765,1.7334181070327759,0.0
837,9,0.2832564115524292,0.018874239176511765,1.7334181070327759,0.0
838,9,0.2652623951435089,0.018874239176511765,1.7334181070327759,0.0
839,9,0.1423567682504654,0.018874239176511765,1.7334181070327759,0.0
840,9,0.09697017073631287,0.018874239176511765,1.7334181070327759,0.0
841,9,0.013834541663527489,0.018874239176511765,1.7334181070327759,0.0
842,9,0.7632221579551697,0.018874239176511765,1.7334181070327759,0.0
843,9,0.011324006132781506,0.018874239176511765,1.7334181070327759,0.0
844,9,0.12724649906158447,0.018874239176511765,1.7334181070327759,0.0
845,9,0.011658239178359509,0.018874239176511765,1.7334181070327759,0.0
846,9,0.016755683347582817,0.018874239176511765,1.7334181070327759,0.0
847,9,0.04452918842434883,0.018874239176511765,1.7334181070327759,0.0
848,9,0.39697617292404175,0.018874239176511765,1.7334181070327759,0.0
849,9,0.006393483839929104,0.018874239176511765,1.7334181070327759,0.0
850,9,0.01467045582830906,0.018874239176511765,1.7334181070327759,0.0
851,9,0.02984338067471981,0.018874239176511765,1.7334181070327759,0.0
852,9,0.04579558223485947,0.018874239176511765,1.7334181070327759,0.0
853,9,0.02582154981791973,0.018874239176511765,1.7334181070327759,0.0
854,9,0.03647900000214577,0.018874239176511765,1.7334181070327759,0.0
855,9,0.0561036542057991,0.018874239176511765,1.7334181070327759,0.0
856,9,0.736932635307312,0.018874239176511765,1.7334181070327759,0.0
857,9,0.011969191953539848,0.018874239176511765,1.7334181070327759,0.0
858,9,0.2823183238506317,0.018874239176511765,1.7334181070327759,0.0
859,9,0.03850730508565903,0.018874239176511765,1.7334181070327759,0.0
860,9,0.004382813349366188,0.018874239176511765,1.7334181070327759,0.0
861,9,0.1532076597213745,0.018874239176511765,1.7334181070327759,0.0
862,9,0.26003262400627136,0.018874239176511765,1.7334181070327759,0.0
863,9,0.006283411756157875,0.018874239176511765,1.7334181070327759,0.0
864,9,0.3990824818611145,0.018874239176511765,1.7334181070327759,0.0
865,9,0.03762888163328171,0.018874239176511765,1.7334181070327759,0.0
866,9,0.43590205907821655,0.018874239176511765,1.7334181070327759,0.0
867,9,0.022478118538856506,0.018874239176511765,1.7334181070327759,0.0
868,9,0.01885209232568741,0.018874239176511765,1.7334181070327759,0.0
869,9,0.21833927929401398,0.018874239176511765,1.7334181070327759,0.0
870,9,0.018163951113820076,0.018874239176511765,1.7334181070327759,0.0
871,9,0.025633206591010094,0.018874239176511765,1.7334181070327759,0.0
872,9,0.27713173627853394,0.018874239176511765,1.7334181070327759,0.0
873,9,0.2681281864643097,0.018874239176511765,1.7334181070327759,0.0
874,9,0.037859831005334854,0.018874239176511765,1.7334181070327759,0.0
875,9,0.013749642297625542,0.018874239176511765,1.7334181070327759,0.0
876,9,0.12920252978801727,0.018874239176511765,1.7334181070327759,0.0
877,9,0.006008141674101353,0.018874239176511765,1.7334181070327759,0.0
878,9,0.14291635155677795,0.018874239176511765,1.7334181070327759,0.0
879,9,0.217253178358078,0.018874239176511765,1.7334181070327759,0.0
880,9,0.3302883803844452,0.018874239176511765,1.7334181070327759,0.0
881,9,0.19081129133701324,0.018874239176511765,1.7334181070327759,0.0
882,9,0.02750718966126442,0.018874239176511765,1.7334181070327759,0.0
883,9,0.13121363520622253,0.018874239176511765,1.7334181070327759,0.0
884,9,0.05692493915557861,0.018874239176511765,1.7334181070327759,0.0
885,9,0.06856024265289307,0.018874239176511765,1.7334181070327759,0.0
886,9,0.02523912489414215,0.018874239176511765,1.7334181070327759,0.0
887,9,0.010075409896671772,0.018874239176511765,1.7334181070327759,0.0
888,9,0.17465555667877197,0.018874239176511765,1.7334181070327759,0.0
889,9,0.243336021900177,0.018874239176511765,1.7334181070327759,0.0
890,9,0.10226665437221527,0.018874239176511765,1.7334181070327759,0.0
891,9,0.521156370639801,0.018874239176511765,1.7334181070327759,0.0
892,9,0.16015830636024475,0.018874239176511765,1.7334181070327759,0.0
893,9,0.012397460639476776,0.018874239176511765,1.7334181070327759,0.0
894,9,0.010183747857809067,0.018874239176511765,1.7334181070327759,0.0
895,9,0.01092931441962719,0.018874239176511765,1.7334181070327759,0.0
896,9,0.36840304732322693,0.018874239176511765,1.7334181070327759,0.0
897,9,0.018430914729833603,0.018874239176511765,1.7334181070327759,0.0
898,9,0.28179222345352173,0.018874239176511765,1.7334181070327759,0.0
899,9,0.193486750125885,0.018874239176511765,1.7334181070327759,0.0
900,9,0.8081156015396118,0.018874239176511765,1.7334181070327759,0.0
901,9,0.044323790818452835,0.018874239176511765,1.7334181070327759,0.0
902,9,0.023001544177532196,0.018874239176511765,1.7334181070327759,0.0
903,9,0.006619209423661232,0.018874239176511765,1.7334181070327759,0.0
904,9,0.6202903389930725,0.018874239176511765,1.7334181070327759,0.0
905,9,0.004742349497973919,0.018874239176511765,1.7334181070327759,0.0
906,9,0.4094333350658417,0.018874239176511765,1.7334181070327759,0.0
907,9,0.2430967390537262,0.018874239176511765,1.7334181070327759,0.0
908,9,0.13073863089084625,0.018874239176511765,1.7334181070327759,0.0
909,9,0.04693449288606644,0.018874239176511765,1.7334181070327759,0.0
910,9,0.29568997025489807,0.018874239176511765,1.7334181070327759,0.0
911,9,0.2272590696811676,0.018874239176511765,1.7334181070327759,0.0
912,9,0.15936920046806335,0.018874239176511765,1.7334181070327759,0.0
913,9,0.0032546722795814276,0.018874239176511765,1.7334181070327759,0.0
914,9,0.7025066018104553,0.018874239176511765,1.7334181070327759,0.0
915,9,0.29786425828933716,0.018874239176511765,1.7334181070327759,0.0
916,9,0.029566992074251175,0.018874239176511765,1.7334181070327759,0.0
917,9,0.846811056137085,0.018874239176511765,1.7334181070327759,0.0
918,9,0.09499745070934296,0.018874239176511765,1.7334181070327759,0.0
919,9,0.09499745070934296,0.22346386313438416,1.7334181070327759,0.0
920,9,0.09499745070934296,0.1162819117307663,1.7334181070327759,0.0
921,9,0.008681762963533401,0.1162819117307663,1.7334181070327759,0.0
921,10,0.008681762963533401,0.1162819117307663,0.334989458322525,0.0
922,10,0.24581986665725708,0.1162819117307663,0.334989458322525,0.0
923,10,0.40422171354293823,0.1162819117307663,0.334989458322525,0.0
924,10,0.06888901442289352,0.1162819117307663,0.334989458322525,0.0
925,10,0.3377622961997986,0.1162819117307663,0.334989458322525,0.0
926,10,0.7241452932357788,0.1162819117307663,0.334989458322525,0.0
927,10,0.06895080208778381,0.1162819117307663,0.334989458322525,0.0
928,10,0.2198195457458496,0.1162819117307663,0.334989458322525,0.0
929,10,0.04368352144956589,0.1162819117307663,0.334989458322525,0.0
930,10,0.00746954046189785,0.1162819117307663,0.334989458322525,0.0
931,10,0.003927917219698429,0.1162819117307663,0.334989458322525,0.0
932,10,0.00537427794188261,0.1162819117307663,0.334989458322525,0.0
933,10,0.08316695690155029,0.1162819117307663,0.334989458322525,0.0
934,10,0.13872602581977844,0.1162819117307663,0.334989458322525,0.0
935,10,0.12076359987258911,0.1162819117307663,0.334989458322525,0.0
936,10,0.08451473712921143,0.1162819117307663,0.334989458322525,0.0
937,10,0.2199016958475113,0.1162819117307663,0.334989458322525,0.0
938,10,0.01448521763086319,0.1162819117307663,0.334989458322525,0.0
939,10,0.004134411923587322,0.1162819117307663,0.334989458322525,0.0
940,10,0.012048952281475067,0.1162819117307663,0.334989458322525,0.0
941,10,0.12585103511810303,0.1162819117307663,0.334989458322525,0.0
942,10,0.2809818983078003,0.1162819117307663,0.334989458322525,0.0
943,10,0.16271959245204926,0.1162819117307663,0.334989458322525,0.0
944,10,0.009092556312680244,0.1162819117307663,0.334989458322525,0.0
945,10,0.40927207469940186,0.1162819117307663,0.334989458322525,0.0
946,10,0.07763306051492691,0.1162819117307663,0.334989458322525,0.0
947,10,0.03748041391372681,0.1162819117307663,0.334989458322525,0.0
948,10,0.14826366305351257,0.1162819117307663,0.334989458322525,0.0
949,10,0.006936071440577507,0.1162819117307663,0.334989458322525,0.0
950,10,0.22077566385269165,0.1162819117307663,0.334989458322525,0.0
951,10,0.4424351453781128,0.1162819117307663,0.334989458322525,0.0
952,10,0.1812429130077362,0.1162819117307663,0.334989458322525,0.0
953,10,0.003427918069064617,0.1162819117307663,0.334989458322525,0.0
954,10,0.41514429450035095,0.1162819117307663,0.334989458322525,0.0
955,10,0.205096036195755,0.1162819117307663,0.334989458322525,0.0
956,10,0.8855147361755371,0.1162819117307663,0.334989458322525,0.0
957,10,0.06781554222106934,0.1162819117307663,0.334989458322525,0.0
958,10,0.0313410647213459,0.1162819117307663,0.334989458322525,0.0
959,10,0.11218905448913574,0.1162819117307663,0.334989458322525,0.0
960,10,0.12057603895664215,0.1162819117307663,0.334989458322525,0.0
961,10,0.6610774397850037,0.1162819117307663,0.334989458322525,0.0
962,10,0.2303362935781479,0.1162819117307663,0.334989458322525,0.0
963,10,0.10904823243618011,0.1162819117307663,0.334989458322525,0.0
964,10,0.013622894883155823,0.1162819117307663,0.334989458322525,0.0
965,10,0.06601110845804214,0.1162819117307663,0.334989458322525,0.0
966,10,0.4468333125114441,0.1162819117307663,0.334989458322525,0.0
967,10,0.01204938255250454,0.1162819117307663,0.334989458322525,0.0
968,10,0.04741620272397995,0.1162819117307663,0.334989458322525,0.0
969,10,0.36569470167160034,0.1162819117307663,0.334989458322525,0.0
970,10,0.17171528935432434,0.1162819117307663,0.334989458322525,0.0
971,10,0.01684914156794548,0.1162819117307663,0.334989458322525,0.0
972,10,0.006128821521997452,0.1162819117307663,0.334989458322525,0.0
973,10,0.002497561275959015,0.1162819117307663,0.334989458322525,0.0
974,10,0.0595196932554245,0.1162819117307663,0.334989458322525,0.0
975,10,0.016616571694612503,0.1162819117307663,0.334989458322525,0.0
976,10,0.0326826237142086,0.1162819117307663,0.334989458322525,0.0
977,10,0.037223272025585175,0.1162819117307663,0.334989458322525,0.0
978,10,0.009145074523985386,0.1162819117307663,0.334989458322525,0.0
979,10,0.2650754451751709,0.1162819117307663,0.334989458322525,0.0
980,10,0.12190784513950348,0.1162819117307663,0.334989458322525,0.0
981,10,0.2672933340072632,0.1162819117307663,0.334989458322525,0.0
982,10,0.005791706498712301,0.1162819117307663,0.334989458322525,0.0
983,10,0.20700693130493164,0.1162819117307663,0.334989458322525,0.0
984,10,0.04387488216161728,0.1162819117307663,0.334989458322525,0.0
985,10,0.16093973815441132,0.1162819117307663,0.334989458322525,0.0
986,10,0.6039929389953613,0.1162819117307663,0.334989458322525,0.0
987,10,0.6682442426681519,0.1162819117307663,0.334989458322525,0.0
988,10,0.040325507521629333,0.1162819117307663,0.334989458322525,0.0
989,10,0.0027845283038914204,0.1162819117307663,0.334989458322525,0.0
990,10,0.22030827403068542,0.1162819117307663,0.334989458322525,0.0
991,10,0.010922842659056187,0.1162819117307663,0.334989458322525,0.0
992,10,0.44380706548690796,0.1162819117307663,0.334989458322525,0.0
993,10,0.4616699814796448,0.1162819117307663,0.334989458322525,0.0
994,10,0.144936665892601,0.1162819117307663,0.334989458322525,0.0
995,10,0.40824389457702637,0.1162819117307663,0.334989458322525,0.0
996,10,0.4561861455440521,0.1162819117307663,0.334989458322525,0.0
997,10,0.24847912788391113,0.1162819117307663,0.334989458322525,0.0
998,10,0.2403322160243988,0.1162819117307663,0.334989458322525,0.0
999,10,0.07492519915103912,0.1162819117307663,0.334989458322525,0.0
1000,10,0.03764627128839493,0.1162819117307663,0.334989458322525,0.0
1001,10,0.1769690364599228,0.1162819117307663,0.334989458322525,0.0
1002,10,0.09373767673969269,0.1162819117307663,0.334989458322525,0.0
1003,10,0.04620230942964554,0.1162819117307663,0.334989458322525,0.0
1004,10,0.22695592045783997,0.1162819117307663,0.334989458322525,0.0
1005,10,0.18715885281562805,0.1162819117307663,0.334989458322525,0.0
1006,10,0.20779027044773102,0.1162819117307663,0.334989458322525,0.0
1007,10,0.6126654148101807,0.1162819117307663,0.334989458322525,0.0
1008,10,0.028732553124427795,0.1162819117307663,0.334989458322525,0.0
1009,10,0.030505169183015823,0.1162819117307663,0.334989458322525,0.0
1010,10,0.4971248209476471,0.1162819117307663,0.334989458322525,0.0
1011,10,0.050944142043590546,0.1162819117307663,0.334989458322525,0.0
1012,10,0.31083816289901733,0.1162819117307663,0.334989458322525,0.0
1013,10,0.4885414242744446,0.1162819117307663,0.334989458322525,0.0
1014,10,0.026142265647649765,0.1162819117307663,0.334989458322525,0.0
1015,10,0.02021731436252594,0.1162819117307663,0.334989458322525,0.0
1016,10,0.008256472647190094,0.1162819117307663,0.334989458322525,0.0
1017,10,0.005514257587492466,0.1162819117307663,0.334989458322525,0.0
1018,10,0.019131675362586975,0.1162819117307663,0.334989458322525,0.0
1019,10,0.0738033875823021,0.1162819117307663,0.334989458322525,0.0
1020,10,0.25607019662857056,0.1162819117307663,0.334989458322525,0.0
1021,10,0.25607019662857056,0.009633904322981834,0.334989458322525,0.0
1022,10,0.25607019662857056,0.7236204147338867,0.334989458322525,0.0
1023,10,0.44128191471099854,0.7236204147338867,0.334989458322525,0.0
1023,11,0.44128191471099854,0.7236204147338867,0.3176099956035614,0.0
1024,11,0.013743782415986061,0.7236204147338867,0.3176099956035614,0.0
1025,11,0.00832824781537056,0.7236204147338867,0.3176099956035614,0.0
1026,11,0.020143918693065643,0.7236204147338867,0.3176099956035614,0.0
1027,11,0.006337699480354786,0.7236204147338867,0.3176099956035614,0.0
1028,11,0.27829357981681824,0.7236204147338867,0.3176099956035614,0.0
1029,11,0.030814025551080704,0.7236204147338867,0.3176099956035614,0.0
1030,11,0.11393886804580688,0.7236204147338867,0.3176099956035614,0.0
1031,11,0.10438135266304016,0.7236204147338867,0.3176099956035614,0.0
1032,11,0.048889268189668655,0.7236204147338867,0.3176099956035614,0.0
1033,11,0.6504427194595337,0.7236204147338867,0.3176099956035614,0.0
1034,11,0.33261212706565857,0.7236204147338867,0.3176099956035614,0.0
1035,11,0.36893779039382935,0.7236204147338867,0.3176099956035614,0.0
1036,11,0.010706561617553234,0.7236204147338867,0.3176099956035614,0.0
1037,11,0.17184217274188995,0.7236204147338867,0.3176099956035614,0.0
1038,11,0.1065095067024231,0.7236204147338867,0.3176099956035614,0.0
1039,11,0.6768769025802612,0.7236204147338867,0.3176099956035614,0.0
1040,11,0.2259128838777542,0.7236204147338867,0.3176099956035614,0.0
1041,11,0.549871027469635,0.7236204147338867,0.3176099956035614,0.0
1042,11,0.07688914984464645,0.7236204147338867,0.3176099956035614,0.0
1043,11,0.021770397201180458,0.7236204147338867,0.3176099956035614,0.0
1044,11,0.0894322544336319,0.7236204147338867,0.3176099956035614,0.0
1045,11,0.5315947532653809,0.7236204147338867,0.3176099956035614,0.0
1046,11,0.40885743498802185,0.7236204147338867,0.3176099956035614,0.0
1047,11,0.5667791366577148,0.7236204147338867,0.3176099956035614,0.0
1048,11,0.006494064815342426,0.7236204147338867,0.3176099956035614,0.0
1049,11,0.3103203773498535,0.7236204147338867,0.3176099956035614,0.0
1050,11,0.27991151809692383,0.7236204147338867,0.3176099956035614,0.0
1051,11,0.009340668097138405,0.7236204147338867,0.3176099956035614,0.0
1052,11,0.0974639281630516,0.7236204147338867,0.3176099956035614,0.0
1053,11,0.3025300204753876,0.7236204147338867,0.3176099956035614,0.0
1054,11,0.11441558599472046,0.7236204147338867,0.3176099956035614,0.0
1055,11,0.018685858696699142,0.7236204147338867,0.3176099956035614,0.0
1056,11,0.11740531027317047,0.7236204147338867,0.3176099956035614,0.0
1057,11,0.09275362640619278,0.7236204147338867,0.3176099956035614,0.0
1058,11,0.05015050247311592,0.7236204147338867,0.3176099956035614,0.0
1059,11,0.08064857870340347,0.7236204147338867,0.3176099956035614,0.0
1060,11,0.36610138416290283,0.7236204147338867,0.3176099956035614,0.0
1061,11,0.012080526910722256,0.7236204147338867,0.3176099956035614,0.0
1062,11,0.3744279444217682,0.7236204147338867,0.3176099956035614,0.0
1063,11,0.12203972786664963,0.7236204147338867,0.3176099956035614,0.0
1064,11,0.046108052134513855,0.7236204147338867,0.3176099956035614,0.0
1065,11,0.12387263029813766,0.7236204147338867,0.3176099956035614,0.0
1066,11,0.426774799823761,0.7236204147338867,0.3176099956035614,0.0
1067,11,0.04223811626434326,0.7236204147338867,0.3176099956035614,0.0
1068,11,0.0929490402340889,0.7236204147338867,0.3176099956035614,0.0
1069,11,0.014239076524972916,0.7236204147338867,0.3176099956035614,0.0
1070,11,0.15351036190986633,0.7236204147338867,0.3176099956035614,0.0
1071,11,0.029380474239587784,0.7236204147338867,0.3176099956035614,0.0
1072,11,0.2237177938222885,0.7236204147338867,0.3176099956035614,0.0
1073,11,0.2224123626947403,0.7236204147338867,0.3176099956035614,0.0
1074,11,0.46911537647247314,0.7236204147338867,0.3176099956035614,0.0
1075,11,0.018545202910900116,0.7236204147338867,0.3176099956035614,0.0
1076,11,0.056547895073890686,0.7236204147338867,0.3176099956035614,0.0
1077,11,0.02385478839278221,0.7236204147338867,0.3176099956035614,0.0
1078,11,0.325383722782135,0.7236204147338867,0.3176099956035614,0.0
1079,11,0.002996386494487524,0.7236204147338867,0.3176099956035614,0.0
1080,11,0.3052648901939392,0.7236204147338867,0.3176099956035614,0.0
1081,11,0.009546861983835697,0.7236204147338867,0.3176099956035614,0.0
1082,11,0.010930676013231277,0.7236204147338867,0.3176099956035614,0.0
1083,11,0.06152462214231491,0.7236204147338867,0.3176099956035614,0.0
1084,11,0.02929217740893364,0.7236204147338867,0.3176099956035614,0.0
1085,11,0.04356097802519798,0.7236204147338867,0.3176099956035614,0.0
1086,11,0.022757243365049362,0.7236204147338867,0.3176099956035614,0.0
1087,11,0.009311437606811523,0.7236204147338867,0.3176099956035614,0.0
1088,11,0.19634462893009186,0.7236204147338867,0.3176099956035614,0.0
1089,11,0.008362479507923126,0.7236204147338867,0.3176099956035614,0.0
1090,11,0.2205374836921692,0.7236204147338867,0.3176099956035614,0.0
1091,11,0.0423530749976635,0.7236204147338867,0.3176099956035614,0.0
1092,11,0.08134816586971283,0.7236204147338867,0.3176099956035614,0.0
1093,11,0.00727700674906373,0.7236204147338867,0.3176099956035614,0.0
1094,11,0.715241014957428,0.7236204147338867,0.3176099956035614,0.0
1095,11,0.022709406912326813,0.7236204147338867,0.3176099956035614,0.0
1096,11,0.10495775938034058,0.7236204147338867,0.3176099956035614,0.0
1097,11,0.010285483673214912,0.7236204147338867,0.3176099956035614,0.0
1098,11,0.23034140467643738,0.7236204147338867,0.3176099956035614,0.0
1099,11,0.2989788055419922,0.7236204147338867,0.3176099956035614,0.0
1100,11,0.020366884768009186,0.7236204147338867,0.3176099956035614,0.0
1101,11,0.01312976609915495,0.7236204147338867,0.3176099956035614,0.0
1102,11,0.4375739097595215,0.7236204147338867,0.3176099956035614,0.0
1103,11,0.07864031940698624,0.7236204147338867,0.3176099956035614,0.0
1104,11,0.010810377076268196,0.7236204147338867,0.3176099956035614,0.0
1105,11,0.003961029928177595,0.7236204147338867,0.3176099956035614,0.0
1106,11,0.02538491040468216,0.7236204147338867,0.3176099956035614,0.0
1107,11,0.12039938569068909,0.7236204147338867,0.3176099956035614,0.0
1108,11,0.1587541103363037,0.7236204147338867,0.3176099956035614,0.0
1109,11,0.39226269721984863,0.7236204147338867,0.3176099956035614,0.0
1110,11,0.09128513932228088,0.7236204147338867,0.3176099956035614,0.0
1111,11,0.020828403532505035,0.7236204147338867,0.3176099956035614,0.0
1112,11,0.17354613542556763,0.7236204147338867,0.3176099956035614,0.0
1113,11,0.00759316049516201,0.7236204147338867,0.3176099956035614,0.0
1114,11,0.42170047760009766,0.7236204147338867,0.3176099956035614,0.0
1115,11,0.43564367294311523,0.7236204147338867,0.3176099956035614,0.0
1116,11,0.01607883721590042,0.7236204147338867,0.3176099956035614,0.0
1117,11,0.31151774525642395,0.7236204147338867,0.3176099956035614,0.0
1118,11,0.2695316970348358,0.7236204147338867,0.3176099956035614,0.0
1119,11,0.2395929992198944,0.7236204147338867,0.3176099956035614,0.0
1120,11,0.26525047421455383,0.7236204147338867,0.3176099956035614,0.0
1121,11,0.12838134169578552,0.7236204147338867,0.3176099956035614,0.0
1122,11,0.020236892625689507,0.7236204147338867,0.3176099956035614,0.0
1123,11,0.020236892625689507,0.008011223748326302,0.3176099956035614,0.0
1124,11,0.020236892625689507,0.11788815259933472,0.3176099956035614,0.0
1125,11,0.09752676635980606,0.11788815259933472,0.3176099956035614,0.0
1125,12,0.09752676635980606,0.11788815259933472,0.26011449098587036,0.0
1126,12,0.006995344068855047,0.11788815259933472,0.26011449098587036,0.0
1127,12,0.07029081881046295,0.11788815259933472,0.26011449098587036,0.0
1128,12,0.032000817358493805,0.11788815259933472,0.26011449098587036,0.0
1129,12,0.009057454764842987,0.11788815259933472,0.26011449098587036,0.0
1130,12,0.07998291403055191,0.11788815259933472,0.26011449098587036,0.0
1131,12,0.1228761225938797,0.11788815259933472,0.26011449098587036,0.0
1132,12,0.005213279742747545,0.11788815259933472,0.26011449098587036,0.0
1133,12,0.017033707350492477,0.11788815259933472,0.26011449098587036,0.0
1134,12,0.014954621903598309,0.11788815259933472,0.26011449098587036,0.0
1135,12,0.004662935622036457,0.11788815259933472,0.26011449098587036,0.0
1136,12,0.09870961308479309,0.11788815259933472,0.26011449098587036,0.0
1137,12,0.08241793513298035,0.11788815259933472,0.26011449098587036,0.0
1138,12,0.07611283659934998,0.11788815259933472,0.26011449098587036,0.0
1139,12,0.26198720932006836,0.11788815259933472,0.26011449098587036,0.0
1140,12,0.04162449762225151,0.11788815259933472,0.26011449098587036,0.0
1141,12,0.3190965950489044,0.11788815259933472,0.26011449098587036,0.0
1142,12,0.08233553171157837,0.11788815259933472,0.26011449098587036,0.0
1143,12,0.02043856680393219,0.11788815259933472,0.26011449098587036,0.0
1144,12,0.1799255758523941,0.11788815259933472,0.26011449098587036,0.0
1145,12,0.014906865544617176,0.11788815259933472,0.26011449098587036,0.0
1146,12,0.00824353750795126,0.11788815259933472,0.26011449098587036,0.0
1147,12,0.004507032223045826,0.11788815259933472,0.26011449098587036,0.0
1148,12,0.006620229221880436,0.11788815259933472,0.26011449098587036,0.0
1149,12,0.01912975311279297,0.11788815259933472,0.26011449098587036,0.0
1150,12,0.005681001581251621,0.11788815259933472,0.26011449098587036,0.0
1151,12,0.008807160891592503,0.11788815259933472,0.26011449098587036,0.0
1152,12,0.5357153415679932,0.11788815259933472,0.26011449098587036,0.0
1153,12,0.18245859444141388,0.11788815259933472,0.26011449098587036,0.0
1154,12,0.28724899888038635,0.11788815259933472,0.26011449098587036,0.0
1155,12,0.1529407501220703,0.11788815259933472,0.26011449098587036,0.0
1156,12,0.00758371502161026,0.11788815259933472,0.26011449098587036,0.0
1157,12,0.19210612773895264,0.11788815259933472,0.26011449098587036,0.0
1158,12,0.008798208087682724,0.11788815259933472,0.26011449098587036,0.0
1159,12,0.3873084783554077,0.11788815259933472,0.26011449098587036,0.0
1160,12,0.34876400232315063,0.11788815259933472,0.26011449098587036,0.0
1161,12,0.4520041048526764,0.11788815259933472,0.26011449098587036,0.0
1162,12,0.034523893147706985,0.11788815259933472,0.26011449098587036,0.0
1163,12,0.00939813069999218,0.11788815259933472,0.26011449098587036,0.0
1164,12,0.035201869904994965,0.11788815259933472,0.26011449098587036,0.0
1165,12,0.36768531799316406,0.11788815259933472,0.26011449098587036,0.0
1166,12,0.07736773788928986,0.11788815259933472,0.26011449098587036,0.0
1167,12,0.0041353837586939335,0.11788815259933472,0.26011449098587036,0.0
1168,12,0.3343510627746582,0.11788815259933472,0.26011449098587036,0.0
1169,12,0.011022469028830528,0.11788815259933472,0.26011449098587036,0.0
1170,12,0.05045920982956886,0.11788815259933472,0.26011449098587036,0.0
1171,12,0.03320709615945816,0.11788815259933472,0.26011449098587036,0.0
1172,12,0.007828152738511562,0.11788815259933472,0.26011449098587036,0.0
1173,12,0.007114126347005367,0.11788815259933472,0.26011449098587036,0.0
1174,12,0.08933548629283905,0.11788815259933472,0.26011449098587036,0.0
1175,12,0.33938857913017273,0.11788815259933472,0.26011449098587036,0.0
1176,12,0.18657563626766205,0.11788815259933472,0.26011449098587036,0.0
1177,12,0.043740496039390564,0.11788815259933472,0.26011449098587036,0.0
1178,12,0.41378840804100037,0.11788815259933472,0.26011449098587036,0.0
1179,12,0.08298581093549728,0.11788815259933472,0.26011449098587036,0.0
1180,12,0.15337492525577545,0.11788815259933472,0.26011449098587036,0.0
1181,12,0.025738580152392387,0.11788815259933472,0.26011449098587036,0.0
1182,12,0.018200021237134933,0.11788815259933472,0.26011449098587036,0.0
1183,12,0.022622000426054,0.11788815259933472,0.26011449098587036,0.0
1184,12,0.17365297675132751,0.11788815259933472,0.26011449098587036,0.0
1185,12,0.2545568645000458,0.11788815259933472,0.26011449098587036,0.0
1186,12,0.613486647605896,0.11788815259933472,0.26011449098587036,0.0
1187,12,0.245354562997818,0.11788815259933472,0.26011449098587036,0.0
1188,12,0.013212683610618114,0.11788815259933472,0.26011449098587036,0.0
1189,12,0.460411012172699,0.11788815259933472,0.26011449098587036,0.0
1190,12,0.18606142699718475,0.11788815259933472,0.26011449098587036,0.0
1191,12,0.07677047699689865,0.11788815259933472,0.26011449098587036,0.0
1192,12,0.3299417793750763,0.11788815259933472,0.26011449098587036,0.0
1193,12,0.3251658082008362,0.11788815259933472,0.26011449098587036,0.0
1194,12,0.0056708455085754395,0.11788815259933472,0.26011449098587036,0.0
1195,12,0.21415004134178162,0.11788815259933472,0.26011449098587036,0.0
1196,12,0.3183324337005615,0.11788815259933472,0.26011449098587036,0.0
1197,12,0.27357280254364014,0.11788815259933472,0.26011449098587036,0.0
1198,12,0.23823383450508118,0.11788815259933472,0.26011449098587036,0.0
1199,12,0.009092725813388824,0.11788815259933472,0.26011449098587036,0.0
1200,12,0.013779819011688232,0.11788815259933472,0.26011449098587036,0.0
1201,12,0.015377195551991463,0.11788815259933472,0.26011449098587036,0.0
1202,12,0.06936967372894287,0.11788815259933472,0.26011449098587036,0.0
1203,12,0.09634459018707275,0.11788815259933472,0.26011449098587036,0.0
1204,12,0.11594311892986298,0.11788815259933472,0.26011449098587036,0.0
1205,12,0.10990554094314575,0.11788815259933472,0.26011449098587036,0.0
1206,12,0.06492821872234344,0.11788815259933472,0.26011449098587036,0.0
1207,12,0.48227882385253906,0.11788815259933472,0.26011449098587036,0.0
1208,12,0.004152159206569195,0.11788815259933472,0.26011449098587036,0.0
1209,12,0.15196415781974792,0.11788815259933472,0.26011449098587036,0.0
1210,12,0.014645778574049473,0.11788815259933472,0.26011449098587036,0.0
1211,12,0.06072351709008217,0.11788815259933472,0.26011449098587036,0.0
1212,12,0.2876971364021301,0.11788815259933472,0.26011449098587036,0.0
1213,12,0.621242880821228,0.11788815259933472,0.26011449098587036,0.0
1214,12,0.42660200595855713,0.11788815259933472,0.26011449098587036,0.0
1215,12,0.011800184845924377,0.11788815259933472,0.26011449098587036,0.0
1216,12,0.011647979728877544,0.11788815259933472,0.26011449098587036,0.0
1217,12,0.06655650585889816,0.11788815259933472,0.26011449098587036,0.0
1218,12,0.03704278543591499,0.11788815259933472,0.26011449098587036,0.0
1219,12,0.11173346638679504,0.11788815259933472,0.26011449098587036,0.0
1220,12,0.043069154024124146,0.11788815259933472,0.26011449098587036,0.0
1221,12,0.009619317948818207,0.11788815259933472,0.26011449098587036,0.0
1222,12,0.19916251301765442,0.11788815259933472,0.26011449098587036,0.0
1223,12,0.017265884205698967,0.11788815259933472,0.26011449098587036,0.0
1224,12,0.053106509149074554,0.11788815259933472,0.26011449098587036,0.0
1225,12,0.053106509149074554,0.07788698375225067,0.26011449098587036,0.0
1226,12,0.053106509149074554,0.8902029991149902,0.26011449098587036,0.0
1227,12,0.024903949350118637,0.8902029991149902,0.26011449098587036,0.0
1227,13,0.024903949350118637,0.8902029991149902,0.9444679617881775,0.0
1228,13,0.03516637533903122,0.8902029991149902,0.9444679617881775,0.0
1229,13,0.26438552141189575,0.8902029991149902,0.9444679617881775,0.0
1230,13,0.01332611683756113,0.8902029991149902,0.9444679617881775,0.0
1231,13,0.5648471117019653,0.8902029991149902,0.9444679617881775,0.0
1232,13,0.33595311641693115,0.8902029991149902,0.9444679617881775,0.0
1233,13,0.02303266152739525,0.8902029991149902,0.9444679617881775,0.0
1234,13,0.1532192826271057,0.8902029991149902,0.9444679617881775,0.0
1235,13,0.010625992901623249,0.8902029991149902,0.9444679617881775,0.0
1236,13,0.4414154589176178,0.8902029991149902,0.9444679617881775,0.0
1237,13,0.30006280541419983,0.8902029991149902,0.9444679617881775,0.0
1238,13,0.05453241616487503,0.8902029991149902,0.9444679617881775,0.0
1239,13,0.04982324689626694,0.8902029991149902,0.9444679617881775,0.0
1240,13,0.04222654923796654,0.8902029991149902,0.9444679617881775,0.0
1241,13,0.12551534175872803,0.8902029991149902,0.9444679617881775,0.0
1242,13,0.15093165636062622,0.8902029991149902,0.9444679617881775,0.0
1243,13,0.01353304460644722,0.8902029991149902,0.9444679617881775,0.0
1244,13,0.021985262632369995,0.8902029991149902,0.9444679617881775,0.0
1245,13,0.017284832894802094,0.8902029991149902,0.9444679617881775,0.0
1246,13,0.0029290919192135334,0.8902029991149902,0.9444679617881775,0.0
1247,13,0.006362263113260269,0.8902029991149902,0.9444679617881775,0.0
1248,13,0.004071611445397139,0.8902029991149902,0.9444679617881775,0.0
1249,13,0.009852131828665733,0.8902029991149902,0.9444679617881775,0.0
1250,13,0.3257710933685303,0.8902029991149902,0.9444679617881775,0.0
1251,13,0.0358751006424427,0.8902029991149902,0.9444679617881775,0.0
1252,13,0.2294498234987259,0.8902029991149902,0.9444679617881775,0.0
1253,13,0.14198121428489685,0.8902029991149902,0.9444679617881775,0.0
1254,13,0.0040407427586615086,0.8902029991149902,0.9444679617881775,0.0
1255,13,0.0161074660718441,0.8902029991149902,0.9444679617881775,0.0
1256,13,0.008051889948546886,0.8902029991149902,0.9444679617881775,0.0
1257,13,0.11424104124307632,0.8902029991149902,0.9444679617881775,0.0
1258,13,0.021128766238689423,0.8902029991149902,0.9444679617881775,0.0
1259,13,0.5132870674133301,0.8902029991149902,0.9444679617881775,0.0
1260,13,0.371196448802948,0.8902029991149902,0.9444679617881775,0.0
1261,13,0.044909678399562836,0.8902029991149902,0.9444679617881775,0.0
1262,13,0.1608630120754242,0.8902029991149902,0.9444679617881775,0.0
1263,13,0.03389151394367218,0.8902029991149902,0.9444679617881775,0.0
1264,13,0.0029833836015313864,0.8902029991149902,0.9444679617881775,0.0
1265,13,0.42803698778152466,0.8902029991149902,0.9444679617881775,0.0
1266,13,0.2878968119621277,0.8902029991149902,0.9444679617881775,0.0
1267,13,0.4968756437301636,0.8902029991149902,0.9444679617881775,0.0
1268,13,0.0349530354142189,0.8902029991149902,0.9444679617881775,0.0
1269,13,0.010905550792813301,0.8902029991149902,0.9444679617881775,0.0
1270,13,0.358593612909317,0.8902029991149902,0.9444679617881775,0.0
1271,13,0.062128785997629166,0.8902029991149902,0.9444679617881775,0.0
1272,13,0.137387216091156,0.8902029991149902,0.9444679617881775,0.0
1273,13,0.010331349447369576,0.8902029991149902,0.9444679617881775,0.0
1274,13,0.16758164763450623,0.8902029991149902,0.9444679617881775,0.0
1275,13,0.12715260684490204,0.8902029991149902,0.9444679617881775,0.0
1276,13,0.05157534033060074,0.8902029991149902,0.9444679617881775,0.0
1277,13,0.22229111194610596,0.8902029991149902,0.9444679617881775,0.0
1278,13,0.1539522409439087,0.8902029991149902,0.9444679617881775,0.0
1279,13,0.004208527039736509,0.8902029991149902,0.9444679617881775,0.0
1280,13,0.01515667699277401,0.8902029991149902,0.9444679617881775,0.0
1281,13,0.057317063212394714,0.8902029991149902,0.9444679617881775,0.0
1282,13,0.6458765268325806,0.8902029991149902,0.9444679617881775,0.0
1283,13,0.431540310382843,0.8902029991149902,0.9444679617881775,0.0
1284,13,0.008957327343523502,0.8902029991149902,0.9444679617881775,0.0
1285,13,0.00918506644666195,0.8902029991149902,0.9444679617881775,0.0
1286,13,0.13868141174316406,0.8902029991149902,0.9444679617881775,0.0
1287,13,0.0029154610820114613,0.8902029991149902,0.9444679617881775,0.0
1288,13,0.023180734366178513,0.8902029991149902,0.9444679617881775,0.0
1289,13,0.4450033903121948,0.8902029991149902,0.9444679617881775,0.0
1290,13,0.09970217198133469,0.8902029991149902,0.9444679617881775,0.0
1291,13,0.011717044748365879,0.8902029991149902,0.9444679617881775,0.0
1292,13,0.005997915286570787,0.8902029991149902,0.9444679617881775,0.0
1293,13,0.012271372601389885,0.8902029991149902,0.9444679617881775,0.0
1294,13,0.05991314724087715,0.8902029991149902,0.9444679617881775,0.0
1295,13,0.2700006365776062,0.8902029991149902,0.9444679617881775,0.0
1296,13,0.010756706818938255,0.8902029991149902,0.9444679617881775,0.0
1297,13,0.45850950479507446,0.8902029991149902,0.9444679617881775,0.0
1298,13,0.00895773060619831,0.8902029991149902,0.9444679617881775,0.0
1299,13,0.2869671583175659,0.8902029991149902,0.9444679617881775,0.0
1300,13,0.04212309420108795,0.8902029991149902,0.9444679617881775,0.0
1301,13,0.12829425930976868,0.8902029991149902,0.9444679617881775,0.0
1302,13,0.003517084987834096,0.8902029991149902,0.9444679617881775,0.0
1303,13,0.022152375429868698,0.8902029991149902,0.9444679617881775,0.0
1304,13,0.005715425591915846,0.8902029991149902,0.9444679617881775,0.0
1305,13,0.2580735683441162,0.8902029991149902,0.9444679617881775,0.0
1306,13,0.3823245167732239,0.8902029991149902,0.9444679617881775,0.0
1307,13,0.008197459392249584,0.8902029991149902,0.9444679617881775,0.0
1308,13,0.5383051633834839,0.8902029991149902,0.9444679617881775,0.0
1309,13,0.06435494869947433,0.8902029991149902,0.9444679617881775,0.0
1310,13,0.12985286116600037,0.8902029991149902,0.9444679617881775,0.0
1311,13,0.12583675980567932,0.8902029991149902,0.9444679617881775,0.0
1312,13,0.06310483813285828,0.8902029991149902,0.9444679617881775,0.0
1313,13,0.002978110685944557,0.8902029991149902,0.9444679617881775,0.0
1314,13,0.28473562002182007,0.8902029991149902,0.9444679617881775,0.0
1315,13,0.007675532717257738,0.8902029991149902,0.9444679617881775,0.0
1316,13,0.5828964710235596,0.8902029991149902,0.9444679617881775,0.0
1317,13,0.23234376311302185,0.8902029991149902,0.9444679617881775,0.0
1318,13,0.007248354144394398,0.8902029991149902,0.9444679617881775,0.0
1319,13,0.12361040711402893,0.8902029991149902,0.9444679617881775,0.0
1320,13,0.33075833320617676,0.8902029991149902,0.9444679617881775,0.0
1321,13,0.014374149031937122,0.8902029991149902,0.9444679617881775,0.0
1322,13,0.052976399660110474,0.8902029991149902,0.9444679617881775,0.0
1323,13,0.015430663712322712,0.8902029991149902,0.9444679617881775,0.0
1324,13,0.008352044969797134,0.8902029991149902,0.9444679617881775,0.0
1325,13,0.030843928456306458,0.8902029991149902,0.9444679617881775,0.0
1326,13,0.4217183589935303,0.8902029991149902,0.9444679617881775,0.0
1327,13,0.4217183589935303,0.3458390235900879,0.9444679617881775,0.0
1328,13,0.4217183589935303,0.07420096546411514,0.9444679617881775,0.0
1329,13,0.004687017295509577,0.07420096546411514,0.9444679617881775,0.0
1329,14,0.004687017295509577,0.07420096546411514,1.1477922201156616,0.0
1330,14,0.08170419931411743,0.07420096546411514,1.1477922201156616,0.0
1331,14,0.8198680281639099,0.07420096546411514,1.1477922201156616,0.0
1332,14,0.004670670256018639,0.07420096546411514,1.1477922201156616,0.0
1333,14,0.07351373136043549,0.07420096546411514,1.1477922201156616,0.0
1334,14,0.17589780688285828,0.07420096546411514,1.1477922201156616,0.0
1335,14,0.0532822459936142,0.07420096546411514,1.1477922201156616,0.0
1336,14,0.02512386068701744,0.07420096546411514,1.1477922201156616,0.0
1337,14,0.6939659118652344,0.07420096546411514,1.1477922201156616,0.0
1338,14,0.24569359421730042,0.07420096546411514,1.1477922201156616,0.0
1339,14,0.011973366141319275,0.07420096546411514,1.1477922201156616,0.0
1340,14,0.006090250797569752,0.07420096546411514,1.1477922201156616,0.0
1341,14,0.05509795993566513,0.07420096546411514,1.1477922201156616,0.0
1342,14,0.01967177726328373,0.07420096546411514,1.1477922201156616,0.0
1343,14,0.1558794230222702,0.07420096546411514,1.1477922201156616,0.0
1344,14,0.6202259063720703,0.07420096546411514,1.1477922201156616,0.0
1345,14,0.08292576670646667,0.07420096546411514,1.1477922201156616,0.0
1346,14,0.012430857867002487,0.07420096546411514,1.1477922201156616,0.0
1347,14,0.07210981845855713,0.07420096546411514,1.1477922201156616,0.0
1348,14,0.12272457778453827,0.07420096546411514,1.1477922201156616,0.0
1349,14,0.12572692334651947,0.07420096546411514,1.1477922201156616,0.0
1350,14,0.003601148258894682,0.07420096546411514,1.1477922201156616,0.0
1351,14,0.49943041801452637,0.07420096546411514,1.1477922201156616,0.0
1352,14,0.03498782590031624,0.07420096546411514,1.1477922201156616,0.0
1353,14,0.7897669076919556,0.07420096546411514,1.1477922201156616,0.0
1354,14,0.10990878939628601,0.07420096546411514,1.1477922201156616,0.0
1355,14,0.03686552122235298,0.07420096546411514,1.1477922201156616,0.0
1356,14,0.08319047093391418,0.07420096546411514,1.1477922201156616,0.0
1357,14,0.0402376651763916,0.07420096546411514,1.1477922201156616,0.0
1358,14,0.03099292516708374,0.07420096546411514,1.1477922201156616,0.0
1359,14,0.017775176092982292,0.07420096546411514,1.1477922201156616,0.0
1360,14,0.01726343482732773,0.07420096546411514,1.1477922201156616,0.0
1361,14,0.018074695020914078,0.07420096546411514,1.1477922201156616,0.0
1362,14,0.3155697286128998,0.07420096546411514,1.1477922201156616,0.0
1363,14,0.06954231858253479,0.07420096546411514,1.1477922201156616,0.0
1364,14,0.11349080502986908,0.07420096546411514,1.1477922201156616,0.0
1365,14,0.44111528992652893,0.07420096546411514,1.1477922201156616,0.0
1366,14,0.04091832414269447,0.07420096546411514,1.1477922201156616,0.0
1367,14,0.012693596072494984,0.07420096546411514,1.1477922201156616,0.0
1368,14,0.170733243227005,0.07420096546411514,1.1477922201156616,0.0
1369,14,0.28795328736305237,0.07420096546411514,1.1477922201156616,0.0
1370,14,0.1754981130361557,0.07420096546411514,1.1477922201156616,0.0
1371,14,0.18421314656734467,0.07420096546411514,1.1477922201156616,0.0
1372,14,0.019714776426553726,0.07420096546411514,1.1477922201156616,0.0
1373,14,0.01073838584125042,0.07420096546411514,1.1477922201156616,0.0
1374,14,0.5788834095001221,0.07420096546411514,1.1477922201156616,0.0
1375,14,0.27650243043899536,0.07420096546411514,1.1477922201156616,0.0
1376,14,0.009812403470277786,0.07420096546411514,1.1477922201156616,0.0
1377,14,0.4294726252555847,0.07420096546411514,1.1477922201156616,0.0
1378,14,0.10103349387645721,0.07420096546411514,1.1477922201156616,0.0
1379,14,0.17623284459114075,0.07420096546411514,1.1477922201156616,0.0
1380,14,0.002962888218462467,0.07420096546411514,1.1477922201156616,0.0
1381,14,0.14522072672843933,0.07420096546411514,1.1477922201156616,0.0
1382,14,0.1909274458885193,0.07420096546411514,1.1477922201156616,0.0
1383,14,0.28098881244659424,0.07420096546411514,1.1477922201156616,0.0
1384,14,0.563361406326294,0.07420096546411514,1.1477922201156616,0.0
1385,14,0.0044685350731015205,0.07420096546411514,1.1477922201156616,0.0
1386,14,0.0748835876584053,0.07420096546411514,1.1477922201156616,0.0
1387,14,0.06247640401124954,0.07420096546411514,1.1477922201156616,0.0
1388,14,0.1313578486442566,0.07420096546411514,1.1477922201156616,0.0
1389,14,0.0034199089277535677,0.07420096546411514,1.1477922201156616,0.0
1390,14,0.4244433045387268,0.07420096546411514,1.1477922201156616,0.0
1391,14,0.20434418320655823,0.07420096546411514,1.1477922201156616,0.0
1392,14,0.008918153122067451,0.07420096546411514,1.1477922201156616,0.0
1393,14,0.11354624480009079,0.07420096546411514,1.1477922201156616,0.0
1394,14,0.12737645208835602,0.07420096546411514,1.1477922201156616,0.0
1395,14,0.01920931786298752,0.07420096546411514,1.1477922201156616,0.0
1396,14,0.097175732254982,0.07420096546411514,1.1477922201156616,0.0
1397,14,0.15425962209701538,0.07420096546411514,1.1477922201156616,0.0
1398,14,0.5222764015197754,0.07420096546411514,1.1477922201156616,0.0
1399,14,0.04170338064432144,0.07420096546411514,1.1477922201156616,0.0
1400,14,0.011615235358476639,0.07420096546411514,1.1477922201156616,0.0
1401,14,0.2086000144481659,0.07420096546411514,1.1477922201156616,0.0
1402,14,0.09483109414577484,0.07420096546411514,1.1477922201156616,0.0
1403,14,0.010476160794496536,0.07420096546411514,1.1477922201156616,0.0
1404,14,0.0023279902525246143,0.07420096546411514,1.1477922201156616,0.0
1405,14,0.20335102081298828,0.07420096546411514,1.1477922201156616,0.0
1406,14,0.3649972081184387,0.07420096546411514,1.1477922201156616,0.0
1407,14,0.04607678949832916,0.07420096546411514,1.1477922201156616,0.0
1408,14,0.37322598695755005,0.07420096546411514,1.1477922201156616,0.0
1409,14,0.0438898503780365,0.07420096546411514,1.1477922201156616,0.0
1410,14,0.032990675419569016,0.07420096546411514,1.1477922201156616,0.0
1411,14,0.01165630854666233,0.07420096546411514,1.1477922201156616,0.0
1412,14,0.047812048345804214,0.07420096546411514,1.1477922201156616,0.0
1413,14,0.003154209814965725,0.07420096546411514,1.1477922201156616,0.0
1414,14,0.01115769986063242,0.07420096546411514,1.1477922201156616,0.0
1415,14,0.23220287263393402,0.07420096546411514,1.1477922201156616,0.0
1416,14,0.1835780143737793,0.07420096546411514,1.1477922201156616,0.0
1417,14,0.6760909557342529,0.07420096546411514,1.1477922201156616,0.0
1418,14,0.1007881760597229,0.07420096546411514,1.1477922201156616,0.0
1419,14,0.3312839865684509,0.07420096546411514,1.1477922201156616,0.0
1420,14,0.512291431427002,0.07420096546411514,1.1477922201156616,0.0
1421,14,0.006341416854411364,0.07420096546411514,1.1477922201156616,0.0
1422,14,0.24787116050720215,0.07420096546411514,1.1477922201156616,0.0
1423,14,0.026550695300102234,0.07420096546411514,1.1477922201156616,0.0
1424,14,0.5250051617622375,0.07420096546411514,1.1477922201156616,0.0
1425,14,0.3318629860877991,0.07420096546411514,1.1477922201156616,0.0
1426,14,0.15575683116912842,0.07420096546411514,1.1477922201156616,0.0
1427,14,0.1962687373161316,0.07420096546411514,1.1477922201156616,0.0
1428,14,0.4242430031299591,0.07420096546411514,1.1477922201156616,0.0
1429,14,0.4242430031299591,0.1589861363172531,1.1477922201156616,0.0
1430,14,0.4242430031299591,0.05642532557249069,1.1477922201156616,0.0
1431,14,0.10105389356613159,0.05642532557249069,1.1477922201156616,0.0
1431,15,0.10105389356613159,0.05642532557249069,1.1844357252120972,0.0
1432,15,0.35446852445602417,0.05642532557249069,1.1844357252120972,0.0
1433,15,0.6755775809288025,0.05642532557249069,1.1844357252120972,0.0
1434,15,0.031491074711084366,0.05642532557249069,1.1844357252120972,0.0
1435,15,0.10249842703342438,0.05642532557249069,1.1844357252120972,0.0
1436,15,0.04635606333613396,0.05642532557249069,1.1844357252120972,0.0
1437,15,0.021551888436079025,0.05642532557249069,1.1844357252120972,0.0
1438,15,0.3944299519062042,0.05642532557249069,1.1844357252120972,0.0
1439,15,0.28324347734451294,0.05642532557249069,1.1844357252120972,0.0
1440,15,0.06454341113567352,0.05642532557249069,1.1844357252120972,0.0
1441,15,0.15158620476722717,0.05642532557249069,1.1844357252120972,0.0
1442,15,0.1702381670475006,0.05642532557249069,1.1844357252120972,0.0
1443,15,0.15228837728500366,0.05642532557249069,1.1844357252120972,0.0
1444,15,0.003433467587456107,0.05642532557249069,1.1844357252120972,0.0
1445,15,0.1299254447221756,0.05642532557249069,1.1844357252120972,0.0
1446,15,0.02946317009627819,0.05642532557249069,1.1844357252120972,0.0
1447,15,0.5830701589584351,0.05642532557249069,1.1844357252120972,0.0
1448,15,0.23319695889949799,0.05642532557249069,1.1844357252120972,0.0
1449,15,0.00709893275052309,0.05642532557249069,1.1844357252120972,0.0
1450,15,0.612677812576294,0.05642532557249069,1.1844357252120972,0.0
1451,15,0.0191633440554142,0.05642532557249069,1.1844357252120972,0.0
1452,15,0.007640914525836706,0.05642532557249069,1.1844357252120972,0.0
1453,15,0.023737531155347824,0.05642532557249069,1.1844357252120972,0.0
1454,15,0.03368203714489937,0.05642532557249069,1.1844357252120972,0.0
1455,15,0.10121054947376251,0.05642532557249069,1.1844357252120972,0.0
1456,15,0.09934144467115402,0.05642532557249069,1.1844357252120972,0.0
1457,15,0.1375410258769989,0.05642532557249069,1.1844357252120972,0.0
1458,15,0.03635678067803383,0.05642532557249069,1.1844357252120972,0.0
1459,15,0.5931679010391235,0.05642532557249069,1.1844357252120972,0.0
1460,15,0.003025928046554327,0.05642532557249069,1.1844357252120972,0.0
1461,15,0.606999933719635,0.05642532557249069,1.1844357252120972,0.0
1462,15,0.07746724784374237,0.05642532557249069,1.1844357252120972,0.0
1463,15,0.009935162961483002,0.05642532557249069,1.1844357252120972,0.0
1464,15,0.14623551070690155,0.05642532557249069,1.1844357252120972,0.0
1465,15,0.32707974314689636,0.05642532557249069,1.1844357252120972,0.0
1466,15,0.5410700440406799,0.05642532557249069,1.1844357252120972,0.0
1467,15,0.06040302291512489,0.05642532557249069,1.1844357252120972,0.0
1468,15,0.05361773446202278,0.05642532557249069,1.1844357252120972,0.0
1469,15,0.27669277787208557,0.05642532557249069,1.1844357252120972,0.0
1470,15,0.20663432776927948,0.05642532557249069,1.1844357252120972,0.0
1471,15,0.011757925152778625,0.05642532557249069,1.1844357252120972,0.0
1472,15,0.12234771251678467,0.05642532557249069,1.1844357252120972,0.0
1473,15,0.06576058268547058,0.05642532557249069,1.1844357252120972,0.0
1474,15,0.04267124459147453,0.05642532557249069,1.1844357252120972,0.0
1475,15,0.016949478536844254,0.05642532557249069,1.1844357252120972,0.0
1476,15,0.0074460688047111034,0.05642532557249069,1.1844357252120972,0.0
1477,15,0.032185427844524384,0.05642532557249069,1.1844357252120972,0.0
1478,15,0.004148347303271294,0.05642532557249069,1.1844357252120972,0.0
1479,15,0.4512975811958313,0.05642532557249069,1.1844357252120972,0.0
1480,15,0.2175491452217102,0.05642532557249069,1.1844357252120972,0.0
1481,15,0.22502803802490234,0.05642532557249069,1.1844357252120972,0.0
1482,15,0.025460312142968178,0.05642532557249069,1.1844357252120972,0.0
1483,15,0.02485981397330761,0.05642532557249069,1.1844357252120972,0.0
1484,15,0.5197119116783142,0.05642532557249069,1.1844357252120972,0.0
1485,15,0.04188593477010727,0.05642532557249069,1.1844357252120972,0.0
1486,15,0.18129844963550568,0.05642532557249069,1.1844357252120972,0.0
1487,15,0.5787477493286133,0.05642532557249069,1.1844357252120972,0.0
1488,15,0.3566300570964813,0.05642532557249069,1.1844357252120972,0.0
1489,15,0.01711161620914936,0.05642532557249069,1.1844357252120972,0.0
1490,15,0.19274669885635376,0.05642532557249069,1.1844357252120972,0.0
1491,15,0.4576108157634735,0.05642532557249069,1.1844357252120972,0.0
1492,15,0.09446542710065842,0.05642532557249069,1.1844357252120972,0.0
1493,15,0.4286803901195526,0.05642532557249069,1.1844357252120972,0.0
1494,15,0.26782578229904175,0.05642532557249069,1.1844357252120972,0.0
1495,15,0.012243806384503841,0.05642532557249069,1.1844357252120972,0.0
1496,15,0.0028263465501368046,0.05642532557249069,1.1844357252120972,0.0
1497,15,0.0031266154255717993,0.05642532557249069,1.1844357252120972,0.0
1498,15,0.23598387837409973,0.05642532557249069,1.1844357252120972,0.0
1499,15,0.26823174953460693,0.05642532557249069,1.1844357252120972,0.0
1500,15,0.020182672888040543,0.05642532557249069,1.1844357252120972,0.0
1501,15,0.008489299565553665,0.05642532557249069,1.1844357252120972,0.0
1502,15,0.014835373498499393,0.05642532557249069,1.1844357252120972,0.0
1503,15,0.05856981873512268,0.05642532557249069,1.1844357252120972,0.0
1504,15,0.060210175812244415,0.05642532557249069,1.1844357252120972,0.0
1505,15,0.014139210805296898,0.05642532557249069,1.1844357252120972,0.0
1506,15,0.005225129891186953,0.05642532557249069,1.1844357252120972,0.0
1507,15,0.18761658668518066,0.05642532557249069,1.1844357252120972,0.0
1508,15,0.004646058194339275,0.05642532557249069,1.1844357252120972,0.0
1509,15,0.027892112731933594,0.05642532557249069,1.1844357252120972,0.0
1510,15,0.43016332387924194,0.05642532557249069,1.1844357252120972,0.0
1511,15,0.4335169196128845,0.05642532557249069,1.1844357252120972,0.0
1512,15,0.051414113491773605,0.05642532557249069,1.1844357252120972,0.0
1513,15,0.3617737889289856,0.05642532557249069,1.1844357252120972,0.0
1514,15,0.1660926789045334,0.05642532557249069,1.1844357252120972,0.0
1515,15,0.005183371249586344,0.05642532557249069,1.1844357252120972,0.0
1516,15,0.04018249735236168,0.05642532557249069,1.1844357252120972,0.0
1517,15,0.007828101515769958,0.05642532557249069,1.1844357252120972,0.0
1518,15,0.002084106206893921,0.05642532557249069,1.1844357252120972,0.0
1519,15,0.6353441476821899,0.05642532557249069,1.1844357252120972,0.0
1520,15,0.4479773938655853,0.05642532557249069,1.1844357252120972,0.0
1521,15,0.006926709786057472,0.05642532557249069,1.1844357252120972,0.0
1522,15,0.16078859567642212,0.05642532557249069,1.1844357252120972,0.0
1523,15,0.015511628240346909,0.05642532557249069,1.1844357252120972,0.0
1524,15,0.0407569594681263,0.05642532557249069,1.1844357252120972,0.0
1525,15,0.024318620562553406,0.05642532557249069,1.1844357252120972,0.0
1526,15,0.3849271535873413,0.05642532557249069,1.1844357252120972,0.0
1527,15,0.0892423689365387,0.05642532557249069,1.1844357252120972,0.0
1528,15,0.036838192492723465,0.05642532557249069,1.1844357252120972,0.0
1529,15,0.02349121868610382,0.05642532557249069,1.1844357252120972,0.0
1530,15,0.02232782542705536,0.05642532557249069,1.1844357252120972,0.0
1531,15,0.02232782542705536,0.5777979493141174,1.1844357252120972,0.0
1532,15,0.02232782542705536,0.008911771699786186,1.1844357252120972,0.0
1533,15,0.06322894245386124,0.008911771699786186,1.1844357252120972,0.0
1533,16,0.06322894245386124,0.008911771699786186,0.5165553092956543,0.0
1534,16,0.17796622216701508,0.008911771699786186,0.5165553092956543,0.0
1535,16,0.17652755975723267,0.008911771699786186,0.5165553092956543,0.0
1536,16,0.07454827427864075,0.008911771699786186,0.5165553092956543,0.0
1537,16,0.1671251654624939,0.008911771699786186,0.5165553092956543,0.0
1538,16,0.07669291645288467,0.008911771699786186,0.5165553092956543,0.0
1539,16,0.06578801572322845,0.008911771699786186,0.5165553092956543,0.0
1540,16,0.591332197189331,0.008911771699786186,0.5165553092956543,0.0
1541,16,0.012500647455453873,0.008911771699786186,0.5165553092956543,0.0
1542,16,0.30897918343544006,0.008911771699786186,0.5165553092956543,0.0
1543,16,0.007034696638584137,0.008911771699786186,0.5165553092956543,0.0
1544,16,0.06359905749559402,0.008911771699786186,0.5165553092956543,0.0
1545,16,0.023410378023982048,0.008911771699786186,0.5165553092956543,0.0
1546,16,0.029798883944749832,0.008911771699786186,0.5165553092956543,0.0
1547,16,0.026524513959884644,0.008911771699786186,0.5165553092956543,0.0
1548,16,0.011257674545049667,0.008911771699786186,0.5165553092956543,0.0
1549,16,0.034214720129966736,0.008911771699786186,0.5165553092956543,0.0
1550,16,0.14760860800743103,0.008911771699786186,0.5165553092956543,0.0
1551,16,0.003547307103872299,0.008911771699786186,0.5165553092956543,0.0
1552,16,0.030028728768229485,0.008911771699786186,0.5165553092956543,0.0
1553,16,0.013494418933987617,0.008911771699786186,0.5165553092956543,0.0
1554,16,0.004050282761454582,0.008911771699786186,0.5165553092956543,0.0
1555,16,0.5698126554489136,0.008911771699786186,0.5165553092956543,0.0
1556,16,0.13892000913619995,0.008911771699786186,0.5165553092956543,0.0
1557,16,0.009585212916135788,0.008911771699786186,0.5165553092956543,0.0
1558,16,0.007884081453084946,0.008911771699786186,0.5165553092956543,0.0
1559,16,0.006594003178179264,0.008911771699786186,0.5165553092956543,0.0
1560,16,0.07172875851392746,0.008911771699786186,0.5165553092956543,0.0
1561,16,0.6702856421470642,0.008911771699786186,0.5165553092956543,0.0
1562,16,0.005289177875965834,0.008911771699786186,0.5165553092956543,0.0
1563,16,0.03805237263441086,0.008911771699786186,0.5165553092956543,0.0
1564,16,0.33975881338119507,0.008911771699786186,0.5165553092956543,0.0
1565,16,0.26160556077957153,0.008911771699786186,0.5165553092956543,0.0
1566,16,0.31829237937927246,0.008911771699786186,0.5165553092956543,0.0
1567,16,0.46666526794433594,0.008911771699786186,0.5165553092956543,0.0
1568,16,0.03986358270049095,0.008911771699786186,0.5165553092956543,0.0
1569,16,0.012118818238377571,0.008911771699786186,0.5165553092956543,0.0
1570,16,0.10358084738254547,0.008911771699786186,0.5165553092956543,0.0
1571,16,0.7406284809112549,0.008911771699786186,0.5165553092956543,0.0
1572,16,0.00773607799783349,0.008911771699786186,0.5165553092956543,0.0
1573,16,0.02465129643678665,0.008911771699786186,0.5165553092956543,0.0
1574,16,0.015509335324168205,0.008911771699786186,0.5165553092956543,0.0
1575,16,0.016145121306180954,0.008911771699786186,0.5165553092956543,0.0
1576,16,0.20258383452892303,0.008911771699786186,0.5165553092956543,0.0
1577,16,0.013002235442399979,0.008911771699786186,0.5165553092956543,0.0
1578,16,0.012918325141072273,0.008911771699786186,0.5165553092956543,0.0
1579,16,0.003539429046213627,0.008911771699786186,0.5165553092956543,0.0
1580,16,0.013031551614403725,0.008911771699786186,0.5165553092956543,0.0
1581,16,0.005581843666732311,0.008911771699786186,0.5165553092956543,0.0
1582,16,0.005611819215118885,0.008911771699786186,0.5165553092956543,0.0
1583,16,0.005026004742830992,0.008911771699786186,0.5165553092956543,0.0
1584,16,0.014384452253580093,0.008911771699786186,0.5165553092956543,0.0
1585,16,0.009345902130007744,0.008911771699786186,0.5165553092956543,0.0
1586,16,0.005219714716076851,0.008911771699786186,0.5165553092956543,0.0
1587,16,0.8491153120994568,0.008911771699786186,0.5165553092956543,0.0
1588,16,0.2755950689315796,0.008911771699786186,0.5165553092956543,0.0
1589,16,0.14693734049797058,0.008911771699786186,0.5165553092956543,0.0
1590,16,0.07374787330627441,0.008911771699786186,0.5165553092956543,0.0
1591,16,0.38859397172927856,0.008911771699786186,0.5165553092956543,0.0
1592,16,0.003181977430358529,0.008911771699786186,0.5165553092956543,0.0
1593,16,0.47849971055984497,0.008911771699786186,0.5165553092956543,0.0
1594,16,0.08977153897285461,0.008911771699786186,0.5165553092956543,0.0
1595,16,0.5572962164878845,0.008911771699786186,0.5165553092956543,0.0
1596,16,0.017264148220419884,0.008911771699786186,0.5165553092956543,0.0
1597,16,0.14404751360416412,0.008911771699786186,0.5165553092956543,0.0
1598,16,0.005748425144702196,0.008911771699786186,0.5165553092956543,0.0
1599,16,0.005689640529453754,0.008911771699786186,0.5165553092956543,0.0
1600,16,0.3207741975784302,0.008911771699786186,0.5165553092956543,0.0
1601,16,0.12966907024383545,0.008911771699786186,0.5165553092956543,0.0
1602,16,0.4027501940727234,0.008911771699786186,0.5165553092956543,0.0
1603,16,0.0818198099732399,0.008911771699786186,0.5165553092956543,0.0
1604,16,0.02040098048746586,0.008911771699786186,0.5165553092956543,0.0
1605,16,0.015398645773530006,0.008911771699786186,0.5165553092956543,0.0
1606,16,0.039071571081876755,0.008911771699786186,0.5165553092956543,0.0
1607,16,0.11140057444572449,0.008911771699786186,0.5165553092956543,0.0
1608,16,0.2550455927848816,0.008911771699786186,0.5165553092956543,0.0
1609,16,0.1183096170425415,0.008911771699786186,0.5165553092956543,0.0
1610,16,0.05791492760181427,0.008911771699786186,0.5165553092956543,0.0
1611,16,0.08179919421672821,0.008911771699786186,0.5165553092956543,0.0
1612,16,0.8351258635520935,0.008911771699786186,0.5165553092956543,0.0
1613,16,0.49966809153556824,0.008911771699786186,0.5165553092956543,0.0
1614,16,0.3063459098339081,0.008911771699786186,0.5165553092956543,0.0
1615,16,0.25549426674842834,0.008911771699786186,0.5165553092956543,0.0
1616,16,0.1285349428653717,0.008911771699786186,0.5165553092956543,0.0
1617,16,0.47860652208328247,0.008911771699786186,0.5165553092956543,0.0
1618,16,0.03326515480875969,0.008911771699786186,0.5165553092956543,0.0
1619,16,0.06431373953819275,0.008911771699786186,0.5165553092956543,0.0
1620,16,0.17061585187911987,0.008911771699786186,0.5165553092956543,0.0
1621,16,0.49105942249298096,0.008911771699786186,0.5165553092956543,0.0
1622,16,0.0033319054637104273,0.008911771699786186,0.5165553092956543,0.0
1623,16,0.3161317706108093,0.008911771699786186,0.5165553092956543,0.0
1624,16,0.014301428571343422,0.008911771699786186,0.5165553092956543,0.0
1625,16,0.03337882459163666,0.008911771699786186,0.5165553092956543,0.0
1626,16,0.5618867874145508,0.008911771699786186,0.5165553092956543,0.0
1627,16,0.007846232503652573,0.008911771699786186,0.5165553092956543,0.0
1628,16,0.011764978989958763,0.008911771699786186,0.5165553092956543,0.0
1629,16,0.583315908908844,0.008911771699786186,0.5165553092956543,0.0
1630,16,0.007397628389298916,0.008911771699786186,0.5165553092956543,0.0
1631,16,0.007832408882677555,0.008911771699786186,0.5165553092956543,0.0
1632,16,0.12336805462837219,0.008911771699786186,0.5165553092956543,0.0
1633,16,0.12336805462837219,0.0085507333278656,0.5165553092956543,0.0
1634,16,0.12336805462837219,0.10540246963500977,0.5165553092956543,0.0
1635,16,0.10626581311225891,0.10540246963500977,0.5165553092956543,0.0
1635,17,0.10626581311225891,0.10540246963500977,0.1396155059337616,0.0
1636,17,0.2892775237560272,0.10540246963500977,0.1396155059337616,0.0
1637,17,0.08505839109420776,0.10540246963500977,0.1396155059337616,0.0
1638,17,0.03893102705478668,0.10540246963500977,0.1396155059337616,0.0
1639,17,0.12875190377235413,0.10540246963500977,0.1396155059337616,0.0
1640,17,0.07941676676273346,0.10540246963500977,0.1396155059337616,0.0
1641,17,0.2012612521648407,0.10540246963500977,0.1396155059337616,0.0
1642,17,0.0022480436600744724,0.10540246963500977,0.1396155059337616,0.0
1643,17,0.025599200278520584,0.10540246963500977,0.1396155059337616,0.0
1644,17,0.35054463148117065,0.10540246963500977,0.1396155059337616,0.0
1645,17,0.0164934154599905,0.10540246963500977,0.1396155059337616,0.0
1646,17,0.005046948324888945,0.10540246963500977,0.1396155059337616,0.0
1647,17,0.5530133247375488,0.10540246963500977,0.1396155059337616,0.0
1648,17,0.0487198606133461,0.10540246963500977,0.1396155059337616,0.0
1649,17,0.2640603482723236,0.10540246963500977,0.1396155059337616,0.0
1650,17,0.02103671431541443,0.10540246963500977,0.1396155059337616,0.0
1651,17,0.06554268300533295,0.10540246963500977,0.1396155059337616,0.0
1652,17,0.10593780130147934,0.10540246963500977,0.1396155059337616,0.0
1653,17,0.1932627558708191,0.10540246963500977,0.1396155059337616,0.0
1654,17,0.054190538823604584,0.10540246963500977,0.1396155059337616,0.0
1655,17,0.12417542934417725,0.10540246963500977,0.1396155059337616,0.0
1656,17,0.1687849462032318,0.10540246963500977,0.1396155059337616,0.0
1657,17,0.0671633929014206,0.10540246963500977,0.1396155059337616,0.0
1658,17,0.03170495107769966,0.10540246963500977,0.1396155059337616,0.0
1659,17,0.15534667670726776,0.10540246963500977,0.1396155059337616,0.0
1660,17,0.3383367657661438,0.10540246963500977,0.1396155059337616,0.0
1661,17,0.0037374694366008043,0.10540246963500977,0.1396155059337616,0.0
1662,17,0.023175504058599472,0.10540246963500977,0.1396155059337616,0.0
1663,17,0.33452096581459045,0.10540246963500977,0.1396155059337616,0.0
1664,17,0.2740529775619507,0.10540246963500977,0.1396155059337616,0.0
1665,17,0.09851252287626266,0.10540246963500977,0.1396155059337616,0.0
1666,17,0.4290713965892792,0.10540246963500977,0.1396155059337616,0.0
1667,17,0.1270873099565506,0.10540246963500977,0.1396155059337616,0.0
1668,17,0.2055482417345047,0.10540246963500977,0.1396155059337616,0.0
1669,17,0.010470647364854813,0.10540246963500977,0.1396155059337616,0.0
1670,17,0.03663133084774017,0.10540246963500977,0.1396155059337616,0.0
1671,17,0.47315549850463867,0.10540246963500977,0.1396155059337616,0.0
1672,17,0.3641144037246704,0.10540246963500977,0.1396155059337616,0.0
1673,17,0.07757413387298584,0.10540246963500977,0.1396155059337616,0.0
1674,17,0.02890273928642273,0.10540246963500977,0.1396155059337616,0.0
1675,17,0.08395741879940033,0.10540246963500977,0.1396155059337616,0.0
1676,17,0.014661343768239021,0.10540246963500977,0.1396155059337616,0.0
1677,17,0.08286309242248535,0.10540246963500977,0.1396155059337616,0.0
1678,17,0.4488019347190857,0.10540246963500977,0.1396155059337616,0.0
1679,17,0.22450929880142212,0.10540246963500977,0.1396155059337616,0.0
1680,17,0.2298440933227539,0.10540246963500977,0.1396155059337616,0.0
1681,17,0.022843733429908752,0.10540246963500977,0.1396155059337616,0.0
1682,17,0.007961837574839592,0.10540246963500977,0.1396155059337616,0.0
1683,17,0.17716486752033234,0.10540246963500977,0.1396155059337616,0.0
1684,17,0.1331910490989685,0.10540246963500977,0.1396155059337616,0.0
1685,17,0.010900771245360374,0.10540246963500977,0.1396155059337616,0.0
1686,17,0.0318576879799366,0.10540246963500977,0.1396155059337616,0.0
1687,17,0.19065865874290466,0.10540246963500977,0.1396155059337616,0.0
1688,17,0.025337446480989456,0.10540246963500977,0.1396155059337616,0.0
1689,17,0.024431372061371803,0.10540246963500977,0.1396155059337616,0.0
1690,17,0.06463544070720673,0.10540246963500977,0.1396155059337616,0.0
1691,17,0.784835696220398,0.10540246963500977,0.1396155059337616,0.0
1692,17,0.31268012523651123,0.10540246963500977,0.1396155059337616,0.0
1693,17,0.00340447761118412,0.10540246963500977,0.1396155059337616,0.0
1694,17,0.006164575926959515,0.10540246963500977,0.1396155059337616,0.0
1695,17,0.2726287245750427,0.10540246963500977,0.1396155059337616,0.0
1696,17,0.13884049654006958,0.10540246963500977,0.1396155059337616,0.0
1697,17,0.02941192127764225,0.10540246963500977,0.1396155059337616,0.0
1698,17,0.011539905332028866,0.10540246963500977,0.1396155059337616,0.0
1699,17,0.5814465284347534,0.10540246963500977,0.1396155059337616,0.0
1700,17,0.42664724588394165,0.10540246963500977,0.1396155059337616,0.0
1701,17,0.20159927010536194,0.10540246963500977,0.1396155059337616,0.0
1702,17,0.0032046257983893156,0.10540246963500977,0.1396155059337616,0.0
1703,17,0.008048228919506073,0.10540246963500977,0.1396155059337616,0.0
1704,17,0.021555963903665543,0.10540246963500977,0.1396155059337616,0.0
1705,17,0.6373231410980225,0.10540246963500977,0.1396155059337616,0.0
1706,17,0.052201054990291595,0.10540246963500977,0.1396155059337616,0.0
1707,17,0.0892893373966217,0.10540246963500977,0.1396155059337616,0.0
1708,17,0.03479239344596863,0.10540246963500977,0.1396155059337616,0.0
1709,17,0.010773242451250553,0.10540246963500977,0.1396155059337616,0.0
1710,17,0.013008847832679749,0.10540246963500977,0.1396155059337616,0.0
1711,17,0.06748649477958679,0.10540246963500977,0.1396155059337616,0.0
1712,17,0.7292048335075378,0.10540246963500977,0.1396155059337616,0.0
1713,17,0.007849778980016708,0.10540246963500977,0.1396155059337616,0.0
1714,17,0.019789841026067734,0.10540246963500977,0.1396155059337616,0.0
1715,17,0.05257638543844223,0.10540246963500977,0.1396155059337616,0.0
1716,17,0.16006454825401306,0.10540246963500977,0.1396155059337616,0.0
1717,17,0.20543666183948517,0.10540246963500977,0.1396155059337616,0.0
1718,17,0.13374125957489014,0.10540246963500977,0.1396155059337616,0.0
1719,17,0.003684563096612692,0.10540246963500977,0.1396155059337616,0.0
1720,17,0.005137557163834572,0.10540246963500977,0.1396155059337616,0.0
1721,17,0.17665404081344604,0.10540246963500977,0.1396155059337616,0.0
1722,17,0.0939745157957077,0.10540246963500977,0.1396155059337616,0.0
1723,17,0.00748126907274127,0.10540246963500977,0.1396155059337616,0.0
1724,17,0.25818535685539246,0.10540246963500977,0.1396155059337616,0.0
1725,17,0.006381947547197342,0.10540246963500977,0.1396155059337616,0.0
1726,17,0.12594470381736755,0.10540246963500977,0.1396155059337616,0.0
1727,17,0.3973672389984131,0.10540246963500977,0.1396155059337616,0.0
1728,17,0.8079685568809509,0.10540246963500977,0.1396155059337616,0.0
1729,17,0.14657017588615417,0.10540246963500977,0.1396155059337616,0.0
1730,17,0.014963955618441105,0.10540246963500977,0.1396155059337616,0.0
1731,17,0.3571937680244446,0.10540246963500977,0.1396155059337616,0.0
1732,17,0.2833702564239502,0.10540246963500977,0.1396155059337616,0.0
1733,17,0.015470893122255802,0.10540246963500977,0.1396155059337616,0.0
1734,17,0.44919806718826294,0.10540246963500977,0.1396155059337616,0.0
1735,17,0.44919806718826294,0.007217301055788994,0.1396155059337616,0.0
1736,17,0.44919806718826294,0.017473183572292328,0.1396155059337616,0.0
1737,17,0.14019742608070374,0.017473183572292328,0.1396155059337616,0.0
1737,18,0.14019742608070374,0.017473183572292328,0.05172939971089363,0.0
1738,18,0.007369357626885176,0.017473183572292328,0.05172939971089363,0.0
1739,18,0.5841199159622192,0.017473183572292328,0.05172939971089363,0.0
1740,18,0.3232601583003998,0.017473183572292328,0.05172939971089363,0.0
1741,18,0.2817192077636719,0.017473183572292328,0.05172939971089363,0.0
1742,18,0.08255214989185333,0.017473183572292328,0.05172939971089363,0.0
1743,18,0.0050772023387253284,0.017473183572292328,0.05172939971089363,0.0
1744,18,0.020329531282186508,0.017473183572292328,0.05172939971089363,0.0
1745,18,0.02718074806034565,0.017473183572292328,0.05172939971089363,0.0
1746,18,0.003979488275945187,0.017473183572292328,0.05172939971089363,0.0
1747,18,0.6453108787536621,0.017473183572292328,0.05172939971089363,0.0
1748,18,0.019127247855067253,0.017473183572292328,0.05172939971089363,0.0
1749,18,0.023563969880342484,0.017473183572292328,0.05172939971089363,0.0
1750,18,0.4616739749908447,0.017473183572292328,0.05172939971089363,0.0
1751,18,0.24268804490566254,0.017473183572292328,0.05172939971089363,0.0
1752,18,0.007610652595758438,0.017473183572292328,0.05172939971089363,0.0
1753,18,0.5444618463516235,0.017473183572292328,0.05172939971089363,0.0
1754,18,0.42853307723999023,0.017473183572292328,0.05172939971089363,0.0
1755,18,0.5653438568115234,0.017473183572292328,0.05172939971089363,0.0
1756,18,0.10772629082202911,0.017473183572292328,0.05172939971089363,0.0
1757,18,0.5430963039398193,0.017473183572292328,0.05172939971089363,0.0
1758,18,0.005300390534102917,0.017473183572292328,0.05172939971089363,0.0
1759,18,0.03242456167936325,0.017473183572292328,0.05172939971089363,0.0
1760,18,0.3148927092552185,0.017473183572292328,0.05172939971089363,0.0
1761,18,0.08035571873188019,0.017473183572292328,0.05172939971089363,0.0
1762,18,0.017779827117919922,0.017473183572292328,0.05172939971089363,0.0
1763,18,0.18567527830600739,0.017473183572292328,0.05172939971089363,0.0
1764,18,0.08645419776439667,0.017473183572292328,0.05172939971089363,0.0
1765,18,0.10917951166629791,0.017473183572292328,0.05172939971089363,0.0
1766,18,0.0037333033978939056,0.017473183572292328,0.05172939971089363,0.0
1767,18,0.33854055404663086,0.017473183572292328,0.05172939971089363,0.0
1768,18,0.002407662570476532,0.017473183572292328,0.05172939971089363,0.0
1769,18,0.11528056859970093,0.017473183572292328,0.05172939971089363,0.0
1770,18,0.2172563076019287,0.017473183572292328,0.05172939971089363,0.0
1771,18,0.00588089507073164,0.017473183572292328,0.05172939971089363,0.0
1772,18,0.29614755511283875,0.017473183572292328,0.05172939971089363,0.0
1773,18,0.0025539170019328594,0.017473183572292328,0.05172939971089363,0.0
1774,18,0.01281516533344984,0.017473183572292328,0.05172939971089363,0.0
1775,18,0.2527605891227722,0.017473183572292328,0.05172939971089363,0.0
1776,18,0.15842880308628082,0.017473183572292328,0.05172939971089363,0.0
1777,18,0.08429787307977676,0.017473183572292328,0.05172939971089363,0.0
1778,18,0.02680126577615738,0.017473183572292328,0.05172939971089363,0.0
1779,18,0.36963674426078796,0.017473183572292328,0.05172939971089363,0.0
1780,18,0.05187961459159851,0.017473183572292328,0.05172939971089363,0.0
1781,18,0.03869923949241638,0.017473183572292328,0.05172939971089363,0.0
1782,18,0.32067322731018066,0.017473183572292328,0.05172939971089363,0.0
1783,18,0.09284991770982742,0.017473183572292328,0.05172939971089363,0.0
1784,18,0.04290726035833359,0.017473183572292328,0.05172939971089363,0.0
1785,18,0.18603715300559998,0.017473183572292328,0.05172939971089363,0.0
1786,18,0.5220675468444824,0.017473183572292328,0.05172939971089363,0.0
1787,18,0.03258059173822403,0.017473183572292328,0.05172939971089363,0.0
1788,18,0.22616446018218994,0.017473183572292328,0.05172939971089363,0.0
1789,18,0.055751778185367584,0.017473183572292328,0.05172939971089363,0.0
1790,18,0.6761270761489868,0.017473183572292328,0.05172939971089363,0.0
1791,18,0.13539853692054749,0.017473183572292328,0.05172939971089363,0.0
1792,18,0.2371448576450348,0.017473183572292328,0.05172939971089363,0.0
1793,18,0.12234338372945786,0.017473183572292328,0.05172939971089363,0.0
1794,18,0.016178656369447708,0.017473183572292328,0.05172939971089363,0.0
1795,18,0.5603949427604675,0.017473183572292328,0.05172939971089363,0.0
1796,18,0.15594203770160675,0.017473183572292328,0.05172939971089363,0.0
1797,18,0.019949309527873993,0.017473183572292328,0.05172939971089363,0.0
1798,18,0.003471185453236103,0.017473183572292328,0.05172939971089363,0.0
1799,18,0.7050108313560486,0.017473183572292328,0.05172939971089363,0.0
1800,18,0.13171671330928802,0.017473183572292328,0.05172939971089363,0.0
1801,18,0.4099006652832031,0.017473183572292328,0.05172939971089363,0.0
1802,18,0.3467973470687866,0.017473183572292328,0.05172939971089363,0.0
1803,18,0.3288835883140564,0.017473183572292328,0.05172939971089363,0.0
1804,18,0.4326382875442505,0.017473183572292328,0.05172939971089363,0.0
1805,18,0.02919580228626728,0.017473183572292328,0.05172939971089363,0.0
1806,18,0.020799420773983,0.017473183572292328,0.05172939971089363,0.0
1807,18,0.006631761789321899,0.017473183572292328,0.05172939971089363,0.0
1808,18,0.12115871161222458,0.017473183572292328,0.05172939971089363,0.0
1809,18,0.061062637716531754,0.017473183572292328,0.05172939971089363,0.0
1810,18,0.00816355086863041,0.017473183572292328,0.05172939971089363,0.0
1811,18,0.03137220814824104,0.017473183572292328,0.05172939971089363,0.0
1812,18,0.3886319398880005,0.017473183572292328,0.05172939971089363,0.0
1813,18,0.0033340896479785442,0.017473183572292328,0.05172939971089363,0.0
1814,18,0.7695807218551636,0.017473183572292328,0.05172939971089363,0.0
1815,18,0.3571108281612396,0.017473183572292328,0.05172939971089363,0.0
1816,18,0.06768449395895004,0.017473183572292328,0.05172939971089363,0.0
1817,18,0.023505810648202896,0.017473183572292328,0.05172939971089363,0.0
1818,18,0.2965271472930908,0.017473183572292328,0.05172939971089363,0.0
1819,18,0.18034832179546356,0.017473183572292328,0.05172939971089363,0.0
1820,18,0.02420133724808693,0.017473183572292328,0.05172939971089363,0.0
1821,18,0.10949781537055969,0.017473183572292328,0.05172939971089363,0.0
1822,18,0.013927623629570007,0.017473183572292328,0.05172939971089363,0.0
1823,18,0.08413469791412354,0.017473183572292328,0.05172939971089363,0.0
1824,18,0.01869370974600315,0.017473183572292328,0.05172939971089363,0.0
1825,18,0.0061720144003629684,0.017473183572292328,0.05172939971089363,0.0
1826,18,0.030275700613856316,0.017473183572292328,0.05172939971089363,0.0
1827,18,0.28777068853378296,0.017473183572292328,0.05172939971089363,0.0
1828,18,0.09147379547357559,0.017473183572292328,0.05172939971089363,0.0
1829,18,0.18666744232177734,0.017473183572292328,0.05172939971089363,0.0
1830,18,0.016192803159356117,0.017473183572292328,0.05172939971089363,0.0
1831,18,0.31366920471191406,0.017473183572292328,0.05172939971089363,0.0
1832,18,0.028886672109365463,0.017473183572292328,0.05172939971089363,0.0
1833,18,0.37573522329330444,0.017473183572292328,0.05172939971089363,0.0
1834,18,0.0035013556480407715,0.017473183572292328,0.05172939971089363,0.0
1835,18,0.010073540732264519,0.017473183572292328,0.05172939971089363,0.0
1836,18,0.10964539647102356,0.017473183572292328,0.05172939971089363,0.0
1837,18,0.10964539647102356,0.036639150232076645,0.05172939971089363,0.0
1838,18,0.10964539647102356,0.36739131808280945,0.05172939971089363,0.0
1839,18,0.019855910912156105,0.36739131808280945,0.05172939971089363,0.0
1839,19,0.019855910912156105,0.36739131808280945,0.04364888742566109,0.0
1840,19,0.017190255224704742,0.36739131808280945,0.04364888742566109,0.0
1841,19,0.012640826404094696,0.36739131808280945,0.04364888742566109,0.0
1842,19,0.012930086813867092,0.36739131808280945,0.04364888742566109,0.0
1843,19,0.007961382158100605,0.36739131808280945,0.04364888742566109,0.0
1844,19,0.32317543029785156,0.36739131808280945,0.04364888742566109,0.0
1845,19,0.342660516500473,0.36739131808280945,0.04364888742566109,0.0
1846,19,0.03246943652629852,0.36739131808280945,0.04364888742566109,0.0
1847,19,0.02308468520641327,0.36739131808280945,0.04364888742566109,0.0
1848,19,0.006997998803853989,0.36739131808280945,0.04364888742566109,0.0
1849,19,0.15114544332027435,0.36739131808280945,0.04364888742566109,0.0
1850,19,0.06554754078388214,0.36739131808280945,0.04364888742566109,0.0
1851,19,0.22641521692276,0.36739131808280945,0.04364888742566109,0.0
1852,19,0.923141598701477,0.36739131808280945,0.04364888742566109,0.0
1853,19,0.1726541668176651,0.36739131808280945,0.04364888742566109,0.0
1854,19,0.0735984668135643,0.36739131808280945,0.04364888742566109,0.0
1855,19,0.003592602675780654,0.36739131808280945,0.04364888742566109,0.0
1856,19,0.016640108078718185,0.36739131808280945,0.04364888742566109,0.0
1857,19,0.3083046078681946,0.36739131808280945,0.04364888742566109,0.0
1858,19,0.2018880546092987,0.36739131808280945,0.04364888742566109,0.0
1859,19,0.004676358308643103,0.36739131808280945,0.04364888742566109,0.0
1860,19,0.014536989852786064,0.36739131808280945,0.04364888742566109,0.0
1861,19,0.00894551444798708,0.36739131808280945,0.04364888742566109,0.0
1862,19,0.007201605476438999,0.36739131808280945,0.04364888742566109,0.0
1863,19,0.0031489308457821608,0.36739131808280945,0.04364888742566109,0.0
1864,19,0.15186145901679993,0.36739131808280945,0.04364888742566109,0.0
1865,19,0.037333693355321884,0.36739131808280945,0.04364888742566109,0.0
1866,19,0.013110592029988766,0.36739131808280945,0.04364888742566109,0.0
1867,19,0.05311961844563484,0.36739131808280945,0.04364888742566109,0.0
1868,19,0.2573980689048767,0.36739131808280945,0.04364888742566109,0.0
1869,19,0.010145163163542747,0.36739131808280945,0.04364888742566109,0.0
1870,19,0.024950848892331123,0.36739131808280945,0.04364888742566109,0.0
1871,19,0.0590335950255394,0.36739131808280945,0.04364888742566109,0.0
1872,19,0.30349084734916687,0.36739131808280945,0.04364888742566109,0.0
1873,19,0.17830079793930054,0.36739131808280945,0.04364888742566109,0.0
1874,19,0.011938919313251972,0.36739131808280945,0.04364888742566109,0.0
1875,19,0.0027565129566937685,0.36739131808280945,0.04364888742566109,0.0
1876,19,0.032794248312711716,0.36739131808280945,0.04364888742566109,0.0
1877,19,0.4114159345626831,0.36739131808280945,0.04364888742566109,0.0
1878,19,0.01987319067120552,0.36739131808280945,0.04364888742566109,0.0
1879,19,0.014153871685266495,0.36739131808280945,0.04364888742566109,0.0
1880,19,0.04067034274339676,0.36739131808280945,0.04364888742566109,0.0
1881,19,0.003002270357683301,0.36739131808280945,0.04364888742566109,0.0
1882,19,0.6183534264564514,0.36739131808280945,0.04364888742566109,0.0
1883,19,0.06403838098049164,0.36739131808280945,0.04364888742566109,0.0
1884,19,0.14643819630146027,0.36739131808280945,0.04364888742566109,0.0
1885,19,0.11311245709657669,0.36739131808280945,0.04364888742566109,0.0
1886,19,0.22619953751564026,0.36739131808280945,0.04364888742566109,0.0
1887,19,0.261480450630188,0.36739131808280945,0.04364888742566109,0.0
1888,19,0.0027197906747460365,0.36739131808280945,0.04364888742566109,0.0
1889,19,0.011570623144507408,0.36739131808280945,0.04364888742566109,0.0
1890,19,0.03707434609532356,0.36739131808280945,0.04364888742566109,0.0
1891,19,0.009063640609383583,0.36739131808280945,0.04364888742566109,0.0
1892,19,0.1440509855747223,0.36739131808280945,0.04364888742566109,0.0
1893,19,0.10871279239654541,0.36739131808280945,0.04364888742566109,0.0
1894,19,0.32398611307144165,0.36739131808280945,0.04364888742566109,0.0
1895,19,0.272671103477478,0.36739131808280945,0.04364888742566109,0.0
1896,19,0.007172360084950924,0.36739131808280945,0.04364888742566109,0.0
1897,19,0.1132366880774498,0.36739131808280945,0.04364888742566109,0.0
1898,19,0.30722224712371826,0.36739131808280945,0.04364888742566109,0.0
1899,19,0.08268172293901443,0.36739131808280945,0.04364888742566109,0.0
1900,19,0.01605222187936306,0.36739131808280945,0.04364888742566109,0.0
1901,19,0.03883194923400879,0.36739131808280945,0.04364888742566109,0.0
1902,19,0.14451229572296143,0.36739131808280945,0.04364888742566109,0.0
1903,19,0.17798282206058502,0.36739131808280945,0.04364888742566109,0.0
1904,19,0.6380215287208557,0.36739131808280945,0.04364888742566109,0.0
1905,19,0.755036473274231,0.36739131808280945,0.04364888742566109,0.0
1906,19,0.06764910370111465,0.36739131808280945,0.04364888742566109,0.0
1907,19,0.00520873861387372,0.36739131808280945,0.04364888742566109,0.0
1908,19,0.7236011028289795,0.36739131808280945,0.04364888742566109,0.0
1909,19,0.3774392902851105,0.36739131808280945,0.04364888742566109,0.0
1910,19,0.2980511784553528,0.36739131808280945,0.04364888742566109,0.0
1911,19,0.07409670948982239,0.36739131808280945,0.04364888742566109,0.0
1912,19,0.4601633846759796,0.36739131808280945,0.04364888742566109,0.0
1913,19,0.22373023629188538,0.36739131808280945,0.04364888742566109,0.0
1914,19,0.03950522840023041,0.36739131808280945,0.04364888742566109,0.0
1915,19,0.2266348898410797,0.36739131808280945,0.04364888742566109,0.0
1916,19,0.0038241962902247906,0.36739131808280945,0.04364888742566109,0.0
1917,19,0.8223325610160828,0.36739131808280945,0.04364888742566109,0.0
1918,19,0.008328359574079514,0.36739131808280945,0.04364888742566109,0.0
1919,19,0.12656736373901367,0.36739131808280945,0.04364888742566109,0.0
1920,19,0.032451801002025604,0.36739131808280945,0.04364888742566109,0.0
1921,19,0.017031243070960045,0.36739131808280945,0.04364888742566109,0.0
1922,19,0.006393314804881811,0.36739131808280945,0.04364888742566109,0.0
1923,19,0.006120660342276096,0.36739131808280945,0.04364888742566109,0.0
1924,19,0.09813404828310013,0.36739131808280945,0.04364888742566109,0.0
1925,19,0.007990183308720589,0.36739131808280945,0.04364888742566109,0.0
1926,19,0.02561677247285843,0.36739131808280945,0.04364888742566109,0.0
1927,19,0.05652056261897087,0.36739131808280945,0.04364888742566109,0.0
1928,19,0.4957057237625122,0.36739131808280945,0.04364888742566109,0.0
1929,19,0.006355439778417349,0.36739131808280945,0.04364888742566109,0.0
1930,19,0.07527881860733032,0.36739131808280945,0.04364888742566109,0.0
1931,19,0.015318206511437893,0.36739131808280945,0.04364888742566109,0.0
1932,19,0.4498003125190735,0.36739131808280945,0.04364888742566109,0.0
1933,19,0.0230758935213089,0.36739131808280945,0.04364888742566109,0.0
1934,19,0.5333162546157837,0.36739131808280945,0.04364888742566109,0.0
1935,19,0.13475532829761505,0.36739131808280945,0.04364888742566109,0.0
1936,19,0.2593398690223694,0.36739131808280945,0.04364888742566109,0.0
1937,19,0.23224633932113647,0.36739131808280945,0.04364888742566109,0.0
1938,19,0.4011831283569336,0.36739131808280945,0.04364888742566109,0.0
1939,19,0.4011831283569336,0.037088993936777115,0.04364888742566109,0.0
1940,19,0.4011831283569336,0.13953593373298645,0.04364888742566109,0.0
1941,19,0.2239508032798767,0.13953593373298645,0.04364888742566109,0.0
1941,20,0.2239508032798767,0.13953593373298645,0.0559377558529377,0.0
1942,20,0.2652759552001953,0.13953593373298645,0.0559377558529377,0.0
1943,20,0.7433825731277466,0.13953593373298645,0.0559377558529377,0.0
1944,20,0.029460784047842026,0.13953593373298645,0.0559377558529377,0.0
1945,20,0.005432478617876768,0.13953593373298645,0.0559377558529377,0.0
1946,20,0.010312998667359352,0.13953593373298645,0.0559377558529377,0.0
1947,20,0.022491643205285072,0.13953593373298645,0.0559377558529377,0.0
1948,20,0.08947592973709106,0.13953593373298645,0.0559377558529377,0.0
1949,20,0.0030446392484009266,0.13953593373298645,0.0559377558529377,0.0
1950,20,0.06264583766460419,0.13953593373298645,0.0559377558529377,0.0
1951,20,0.1867276281118393,0.13953593373298645,0.0559377558529377,0.0
1952,20,0.01836950145661831,0.13953593373298645,0.0559377558529377,0.0
1953,20,0.027904698625206947,0.13953593373298645,0.0559377558529377,0.0
1954,20,0.012876810505986214,0.13953593373298645,0.0559377558529377,0.0
1955,20,0.10001818090677261,0.13953593373298645,0.0559377558529377,0.0
1956,20,0.19166181981563568,0.13953593373298645,0.0559377558529377,0.0
1957,20,0.026358148083090782,0.13953593373298645,0.0559377558529377,0.0
1958,20,0.020204909145832062,0.13953593373298645,0.0559377558529377,0.0
1959,20,0.28243333101272583,0.13953593373298645,0.0559377558529377,0.0
1960,20,0.31905484199523926,0.13953593373298645,0.0559377558529377,0.0
1961,20,0.10553662478923798,0.13953593373298645,0.0559377558529377,0.0
1962,20,0.0676812082529068,0.13953593373298645,0.0559377558529377,0.0
1963,20,0.006892816629260778,0.13953593373298645,0.0559377558529377,0.0
1964,20,0.04880661517381668,0.13953593373298645,0.0559377558529377,0.0
1965,20,0.010409245267510414,0.13953593373298645,0.0559377558529377,0.0
1966,20,0.0036958674900233746,0.13953593373298645,0.0559377558529377,0.0
1967,20,0.008973265066742897,0.13953593373298645,0.0559377558529377,0.0
1968,20,0.04538395255804062,0.13953593373298645,0.0559377558529377,0.0
1969,20,0.03152438998222351,0.13953593373298645,0.0559377558529377,0.0
1970,20,0.02397169917821884,0.13953593373298645,0.0559377558529377,0.0
1971,20,0.020024383440613747,0.13953593373298645,0.0559377558529377,0.0
1972,20,0.044168710708618164,0.13953593373298645,0.0559377558529377,0.0
1973,20,0.06664592027664185,0.13953593373298645,0.0559377558529377,0.0
1974,20,0.6224789619445801,0.13953593373298645,0.0559377558529377,0.0
1975,20,0.17656351625919342,0.13953593373298645,0.0559377558529377,0.0
1976,20,0.3070530891418457,0.13953593373298645,0.0559377558529377,0.0
1977,20,0.414029598236084,0.13953593373298645,0.0559377558529377,0.0
1978,20,0.01298842765390873,0.13953593373298645,0.0559377558529377,0.0
1979,20,0.03230801224708557,0.13953593373298645,0.0559377558529377,0.0
1980,20,0.021645143628120422,0.13953593373298645,0.0559377558529377,0.0
1981,20,0.0037232304457575083,0.13953593373298645,0.0559377558529377,0.0
1982,20,0.18037167191505432,0.13953593373298645,0.0559377558529377,0.0
1983,20,0.06150657311081886,0.13953593373298645,0.0559377558529377,0.0
1984,20,0.029360637068748474,0.13953593373298645,0.0559377558529377,0.0
1985,20,0.010880598798394203,0.13953593373298645,0.0559377558529377,0.0
1986,20,0.11890938133001328,0.13953593373298645,0.0559377558529377,0.0
1987,20,0.10276971757411957,0.13953593373298645,0.0559377558529377,0.0
1988,20,0.5785396099090576,0.13953593373298645,0.0559377558529377,0.0
1989,20,0.18571624159812927,0.13953593373298645,0.0559377558529377,0.0
1990,20,0.0466679111123085,0.13953593373298645,0.0559377558529377,0.0
1991,20,0.49860137701034546,0.13953593373298645,0.0559377558529377,0.0
1992,20,0.006013621110469103,0.13953593373298645,0.0559377558529377,0.0
1993,20,0.0070710862055420876,0.13953593373298645,0.0559377558529377,0.0
1994,20,0.47501420974731445,0.13953593373298645,0.0559377558529377,0.0
1995,20,0.041412413120269775,0.13953593373298645,0.0559377558529377,0.0
1996,20,0.017711836844682693,0.13953593373298645,0.0559377558529377,0.0
1997,20,0.03847350925207138,0.13953593373298645,0.0559377558529377,0.0
1998,20,0.09657134115695953,0.13953593373298645,0.0559377558529377,0.0
1999,20,0.01446467638015747,0.13953593373298645,0.0559377558529377,0.0
2000,20,0.16737927496433258,0.13953593373298645,0.0559377558529377,0.0
2001,20,0.04798263683915138,0.13953593373298645,0.0559377558529377,0.0
2002,20,0.017283372581005096,0.13953593373298645,0.0559377558529377,0.0
2003,20,0.24753350019454956,0.13953593373298645,0.0559377558529377,0.0
2004,20,0.06299932301044464,0.13953593373298645,0.0559377558529377,0.0
2005,20,0.4446313977241516,0.13953593373298645,0.0559377558529377,0.0
2006,20,0.2563580870628357,0.13953593373298645,0.0559377558529377,0.0
2007,20,0.0837571769952774,0.13953593373298645,0.0559377558529377,0.0
2008,20,0.02716444432735443,0.13953593373298645,0.0559377558529377,0.0
2009,20,0.09128088504076004,0.13953593373298645,0.0559377558529377,0.0
2010,20,0.01068735122680664,0.13953593373298645,0.0559377558529377,0.0
2011,20,0.016400260850787163,0.13953593373298645,0.0559377558529377,0.0
2012,20,0.031468700617551804,0.13953593373298645,0.0559377558529377,0.0
2013,20,0.012767588719725609,0.13953593373298645,0.0559377558529377,0.0
2014,20,0.0028208009898662567,0.13953593373298645,0.0559377558529377,0.0
2015,20,0.5891549587249756,0.13953593373298645,0.0559377558529377,0.0
2016,20,0.014244874007999897,0.13953593373298645,0.0559377558529377,0.0
2017,20,0.2692136764526367,0.13953593373298645,0.0559377558529377,0.0
2018,20,0.16674628853797913,0.13953593373298645,0.0559377558529377,0.0
2019,20,0.007650397252291441,0.13953593373298645,0.0559377558529377,0.0
2020,20,0.04371711611747742,0.13953593373298645,0.0559377558529377,0.0
2021,20,0.01728636771440506,0.13953593373298645,0.0559377558529377,0.0
2022,20,0.0780206024646759,0.13953593373298645,0.0559377558529377,0.0
2023,20,0.4057493805885315,0.13953593373298645,0.0559377558529377,0.0
2024,20,0.2554369568824768,0.13953593373298645,0.0559377558529377,0.0
2025,20,0.25397789478302,0.13953593373298645,0.0559377558529377,0.0
2026,20,0.09998883306980133,0.13953593373298645,0.0559377558529377,0.0
2027,20,0.010522959753870964,0.13953593373298645,0.0559377558529377,0.0
2028,20,0.04420830309391022,0.13953593373298645,0.0559377558529377,0.0
2029,20,0.01657155528664589,0.13953593373298645,0.0559377558529377,0.0
2030,20,0.4053584337234497,0.13953593373298645,0.0559377558529377,0.0
2031,20,0.3024630844593048,0.13953593373298645,0.0559377558529377,0.0
2032,20,0.014438061974942684,0.13953593373298645,0.0559377558529377,0.0
2033,20,0.00718365702778101,0.13953593373298645,0.0559377558529377,0.0
2034,20,0.432233989238739,0.13953593373298645,0.0559377558529377,0.0
2035,20,0.01028477307409048,0.13953593373298645,0.0559377558529377,0.0
2036,20,0.009031955152750015,0.13953593373298645,0.0559377558529377,0.0
2037,20,0.3117119073867798,0.13953593373298645,0.0559377558529377,0.0
2038,20,0.16295480728149414,0.13953593373298645,0.0559377558529377,0.0
2039,20,0.05477993190288544,0.13953593373298645,0.0559377558529377,0.0
2040,20,0.0029616234824061394,0.13953593373298645,0.0559377558529377,0.0
2041,20,0.0029616234824061394,0.010975695215165615,0.0559377558529377,0.0
2042,20,0.0029616234824061394,0.10089316219091415,0.0559377558529377,0.0
2043,20,0.01145816408097744,0.10089316219091415,0.0559377558529377,0.0
2043,21,0.01145816408097744,0.10089316219091415,0.1523701250553131,0.0
2044,21,0.102838896214962,0.10089316219091415,0.1523701250553131,0.0
2045,21,0.09002730995416641,0.10089316219091415,0.1523701250553131,0.0
2046,21,0.006879530381411314,0.10089316219091415,0.1523701250553131,0.0
2047,21,0.4868800640106201,0.10089316219091415,0.1523701250553131,0.0
2048,21,0.1112339049577713,0.10089316219091415,0.1523701250553131,0.0
2049,21,0.0038011479191482067,0.10089316219091415,0.1523701250553131,0.0
2050,21,0.006399086676537991,0.10089316219091415,0.1523701250553131,0.0
2051,21,0.07003825902938843,0.10089316219091415,0.1523701250553131,0.0
2052,21,0.25273293256759644,0.10089316219091415,0.1523701250553131,0.0
2053,21,0.41476279497146606,0.10089316219091415,0.1523701250553131,0.0
2054,21,0.0977741926908493,0.10089316219091415,0.1523701250553131,0.0
2055,21,0.006787702441215515,0.10089316219091415,0.1523701250553131,0.0
2056,21,0.005370095372200012,0.10089316219091415,0.1523701250553131,0.0
2057,21,0.038010068237781525,0.10089316219091415,0.1523701250553131,0.0
2058,21,0.008362548425793648,0.10089316219091415,0.1523701250553131,0.0
2059,21,0.007372740190476179,0.10089316219091415,0.1523701250553131,0.0
2060,21,0.015749581158161163,0.10089316219091415,0.1523701250553131,0.0
2061,21,0.00216911849565804,0.10089316219091415,0.1523701250553131,0.0
2062,21,0.04677142947912216,0.10089316219091415,0.1523701250553131,0.0
2063,21,0.0589413046836853,0.10089316219091415,0.1523701250553131,0.0
2064,21,0.021733030676841736,0.10089316219091415,0.1523701250553131,0.0
2065,21,0.4123363196849823,0.10089316219091415,0.1523701250553131,0.0
2066,21,0.037143774330616,0.10089316219091415,0.1523701250553131,0.0
2067,21,0.03034348413348198,0.10089316219091415,0.1523701250553131,0.0
2068,21,0.27903300523757935,0.10089316219091415,0.1523701250553131,0.0
2069,21,0.030979879200458527,0.10089316219091415,0.1523701250553131,0.0
2070,21,0.3921726942062378,0.10089316219091415,0.1523701250553131,0.0
2071,21,0.05525390803813934,0.10089316219091415,0.1523701250553131,0.0
2072,21,0.20678699016571045,0.10089316219091415,0.1523701250553131,0.0
2073,21,0.011672934517264366,0.10089316219091415,0.1523701250553131,0.0
2074,21,0.00994202122092247,0.10089316219091415,0.1523701250553131,0.0
2075,21,0.012277437373995781,0.10089316219091415,0.1523701250553131,0.0
2076,21,0.018179649487137794,0.10089316219091415,0.1523701250553131,0.0
2077,21,0.417670875787735,0.10089316219091415,0.1523701250553131,0.0
2078,21,0.012465044856071472,0.10089316219091415,0.1523701250553131,0.0
2079,21,0.8289185166358948,0.10089316219091415,0.1523701250553131,0.0
2080,21,0.09787101298570633,0.10089316219091415,0.1523701250553131,0.0
2081,21,0.009283327497541904,0.10089316219091415,0.1523701250553131,0.0
2082,21,0.047177962958812714,0.10089316219091415,0.1523701250553131,0.0
2083,21,0.010827898047864437,0.10089316219091415,0.1523701250553131,0.0
2084,21,0.027677902951836586,0.10089316219091415,0.1523701250553131,0.0
2085,21,0.002834674436599016,0.10089316219091415,0.1523701250553131,0.0
2086,21,0.9742991924285889,0.10089316219091415,0.1523701250553131,0.0
2087,21,0.0879383236169815,0.10089316219091415,0.1523701250553131,0.0
2088,21,0.009883144870400429,0.10089316219091415,0.1523701250553131,0.0
2089,21,0.5688157081604004,0.10089316219091415,0.1523701250553131,0.0
2090,21,0.01966428942978382,0.10089316219091415,0.1523701250553131,0.0
2091,21,0.006938730366528034,0.10089316219091415,0.1523701250553131,0.0
2092,21,0.0014131877105683088,0.10089316219091415,0.1523701250553131,0.0
2093,21,0.24700435996055603,0.10089316219091415,0.1523701250553131,0.0
2094,21,0.14604869484901428,0.10089316219091415,0.1523701250553131,0.0
2095,21,0.03954099863767624,0.10089316219091415,0.1523701250553131,0.0
2096,21,0.16757012903690338,0.10089316219091415,0.1523701250553131,0.0
2097,21,0.32652342319488525,0.10089316219091415,0.1523701250553131,0.0
2098,21,0.0056610400788486,0.10089316219091415,0.1523701250553131,0.0
2099,21,0.008429571986198425,0.10089316219091415,0.1523701250553131,0.0
2100,21,0.03071947768330574,0.10089316219091415,0.1523701250553131,0.0
2101,21,0.01864379644393921,0.10089316219091415,0.1523701250553131,0.0
2102,21,0.06091809272766113,0.10089316219091415,0.1523701250553131,0.0
2103,21,0.034292370080947876,0.10089316219091415,0.1523701250553131,0.0
2104,21,0.10802484303712845,0.10089316219091415,0.1523701250553131,0.0
2105,21,0.4030569791793823,0.10089316219091415,0.1523701250553131,0.0
2106,21,0.16084887087345123,0.10089316219091415,0.1523701250553131,0.0
2107,21,0.008083546534180641,0.10089316219091415,0.1523701250553131,0.0
2108,21,0.04132445529103279,0.10089316219091415,0.1523701250553131,0.0
2109,21,0.10678282380104065,0.10089316219091415,0.1523701250553131,0.0
2110,21,0.8122208714485168,0.10089316219091415,0.1523701250553131,0.0
2111,21,0.14128008484840393,0.10089316219091415,0.1523701250553131,0.0
2112,21,0.09060224890708923,0.10089316219091415,0.1523701250553131,0.0
2113,21,0.0041965157724916935,0.10089316219091415,0.1523701250553131,0.0
2114,21,0.5687718391418457,0.10089316219091415,0.1523701250553131,0.0
2115,21,0.2519165277481079,0.10089316219091415,0.1523701250553131,0.0
2116,21,0.08998727798461914,0.10089316219091415,0.1523701250553131,0.0
2117,21,0.017521357163786888,0.10089316219091415,0.1523701250553131,0.0
2118,21,0.008272686041891575,0.10089316219091415,0.1523701250553131,0.0
2119,21,0.49933263659477234,0.10089316219091415,0.1523701250553131,0.0
2120,21,0.03842126205563545,0.10089316219091415,0.1523701250553131,0.0
2121,21,0.03252594545483589,0.10089316219091415,0.1523701250553131,0.0
2122,21,0.47544121742248535,0.10089316219091415,0.1523701250553131,0.0
2123,21,0.008216820657253265,0.10089316219091415,0.1523701250553131,0.0
2124,21,0.017847701907157898,0.10089316219091415,0.1523701250553131,0.0
2125,21,0.14176446199417114,0.10089316219091415,0.1523701250553131,0.0
2126,21,0.019549105316400528,0.10089316219091415,0.1523701250553131,0.0
2127,21,0.06489743292331696,0.10089316219091415,0.1523701250553131,0.0
2128,21,0.04952654242515564,0.10089316219091415,0.1523701250553131,0.0
2129,21,0.511436939239502,0.10089316219091415,0.1523701250553131,0.0
2130,21,0.08328850567340851,0.10089316219091415,0.1523701250553131,0.0
2131,21,0.1923835724592209,0.10089316219091415,0.1523701250553131,0.0
2132,21,0.5144257545471191,0.10089316219091415,0.1523701250553131,0.0
2133,21,0.007994154468178749,0.10089316219091415,0.1523701250553131,0.0
2134,21,0.02607540786266327,0.10089316219091415,0.1523701250553131,0.0
2135,21,0.04282570257782936,0.10089316219091415,0.1523701250553131,0.0
2136,21,0.0074240341782569885,0.10089316219091415,0.1523701250553131,0.0
2137,21,0.031740590929985046,0.10089316219091415,0.1523701250553131,0.0
2138,21,0.0059270537458360195,0.10089316219091415,0.1523701250553131,0.0
2139,21,0.01051265373826027,0.10089316219091415,0.1523701250553131,0.0
2140,21,0.29038333892822266,0.10089316219091415,0.1523701250553131,0.0
2141,21,0.297094464302063,0.10089316219091415,0.1523701250553131,0.0
2142,21,0.11186327040195465,0.10089316219091415,0.1523701250553131,0.0
2143,21,0.11186327040195465,0.01309199444949627,0.1523701250553131,0.0
2144,21,0.11186327040195465,0.01960013061761856,0.1523701250553131,0.0
2145,21,0.6056884527206421,0.01960013061761856,0.1523701250553131,0.0
2145,22,0.6056884527206421,0.01960013061761856,0.2121734619140625,0.0
2146,22,0.20745950937271118,0.01960013061761856,0.2121734619140625,0.0
2147,22,0.004809526260942221,0.01960013061761856,0.2121734619140625,0.0
2148,22,0.20115770399570465,0.01960013061761856,0.2121734619140625,0.0
2149,22,0.23195059597492218,0.01960013061761856,0.2121734619140625,0.0
2150,22,0.0023605767637491226,0.01960013061761856,0.2121734619140625,0.0
2151,22,0.014209624379873276,0.01960013061761856,0.2121734619140625,0.0
2152,22,0.222110778093338,0.01960013061761856,0.2121734619140625,0.0
2153,22,0.010595867410302162,0.01960013061761856,0.2121734619140625,0.0
2154,22,0.29873165488243103,0.01960013061761856,0.2121734619140625,0.0
2155,22,0.02692965418100357,0.01960013061761856,0.2121734619140625,0.0
2156,22,0.018034126609563828,0.01960013061761856,0.2121734619140625,0.0
2157,22,0.043031398206949234,0.01960013061761856,0.2121734619140625,0.0
2158,22,0.020866986364126205,0.01960013061761856,0.2121734619140625,0.0
2159,22,0.0036732549779117107,0.01960013061761856,0.2121734619140625,0.0
2160,22,0.06958640366792679,0.01960013061761856,0.2121734619140625,0.0
2161,22,0.3486105501651764,0.01960013061761856,0.2121734619140625,0.0
2162,22,0.020412461832165718,0.01960013061761856,0.2121734619140625,0.0
2163,22,0.40574946999549866,0.01960013061761856,0.2121734619140625,0.0
2164,22,0.3753884434700012,0.01960013061761856,0.2121734619140625,0.0
2165,22,0.5312975645065308,0.01960013061761856,0.2121734619140625,0.0
2166,22,0.10927167534828186,0.01960013061761856,0.2121734619140625,0.0
2167,22,0.04401903226971626,0.01960013061761856,0.2121734619140625,0.0
2168,22,0.01677369512617588,0.01960013061761856,0.2121734619140625,0.0
2169,22,0.1107768639922142,0.01960013061761856,0.2121734619140625,0.0
2170,22,0.050770197063684464,0.01960013061761856,0.2121734619140625,0.0
2171,22,0.005082339979708195,0.01960013061761856,0.2121734619140625,0.0
2172,22,0.004587837029248476,0.01960013061761856,0.2121734619140625,0.0
2173,22,0.0870605856180191,0.01960013061761856,0.2121734619140625,0.0
2174,22,0.0040520355105400085,0.01960013061761856,0.2121734619140625,0.0
2175,22,0.026061810553073883,0.01960013061761856,0.2121734619140625,0.0
2176,22,0.09083192050457001,0.01960013061761856,0.2121734619140625,0.0
2177,22,0.667988657951355,0.01960013061761856,0.2121734619140625,0.0
2178,22,0.12363771349191666,0.01960013061761856,0.2121734619140625,0.0
2179,22,0.2949966490268707,0.01960013061761856,0.2121734619140625,0.0
2180,22,0.005687719210982323,0.01960013061761856,0.2121734619140625,0.0
2181,22,0.6716792583465576,0.01960013061761856,0.2121734619140625,0.0
2182,22,0.25311875343322754,0.01960013061761856,0.2121734619140625,0.0
2183,22,0.006699153687804937,0.01960013061761856,0.2121734619140625,0.0
2184,22,0.019457684829831123,0.01960013061761856,0.2121734619140625,0.0
2185,22,0.0029840171337127686,0.01960013061761856,0.2121734619140625,0.0
2186,22,0.5019704103469849,0.01960013061761856,0.2121734619140625,0.0
2187,22,0.49104154109954834,0.01960013061761856,0.2121734619140625,0.0
2188,22,0.6987248659133911,0.01960013061761856,0.2121734619140625,0.0
2189,22,0.0028532729484140873,0.01960013061761856,0.2121734619140625,0.0
2190,22,0.2945188283920288,0.01960013061761856,0.2121734619140625,0.0
2191,22,0.03859943151473999,0.01960013061761856,0.2121734619140625,0.0
2192,22,0.24936102330684662,0.01960013061761856,0.2121734619140625,0.0
2193,22,0.1350756585597992,0.01960013061761856,0.2121734619140625,0.0
2194,22,0.2043156623840332,0.01960013061761856,0.2121734619140625,0.0
2195,22,0.038550592958927155,0.01960013061761856,0.2121734619140625,0.0
2196,22,0.035703402012586594,0.01960013061761856,0.2121734619140625,0.0
2197,22,0.010152441449463367,0.01960013061761856,0.2121734619140625,0.0
2198,22,0.059618137776851654,0.01960013061761856,0.2121734619140625,0.0
2199,22,0.021727725863456726,0.01960013061761856,0.2121734619140625,0.0
2200,22,0.026499608531594276,0.01960013061761856,0.2121734619140625,0.0
2201,22,0.007327085826545954,0.01960013061761856,0.2121734619140625,0.0
2202,22,0.590714693069458,0.01960013061761856,0.2121734619140625,0.0
2203,22,0.28077930212020874,0.01960013061761856,0.2121734619140625,0.0
2204,22,0.1457827240228653,0.01960013061761856,0.2121734619140625,0.0
2205,22,0.03942135348916054,0.01960013061761856,0.2121734619140625,0.0
2206,22,0.027805138379335403,0.01960013061761856,0.2121734619140625,0.0
2207,22,0.011249999515712261,0.01960013061761856,0.2121734619140625,0.0
2208,22,0.008777756243944168,0.01960013061761856,0.2121734619140625,0.0
2209,22,0.007013917900621891,0.01960013061761856,0.2121734619140625,0.0
2210,22,0.24713611602783203,0.01960013061761856,0.2121734619140625,0.0
2211,22,0.09600694477558136,0.01960013061761856,0.2121734619140625,0.0
2212,22,0.5140519142150879,0.01960013061761856,0.2121734619140625,0.0
2213,22,0.23704636096954346,0.01960013061761856,0.2121734619140625,0.0
2214,22,0.01265455037355423,0.01960013061761856,0.2121734619140625,0.0
2215,22,0.38292157649993896,0.01960013061761856,0.2121734619140625,0.0
2216,22,0.4057275354862213,0.01960013061761856,0.2121734619140625,0.0
2217,22,0.15124022960662842,0.01960013061761856,0.2121734619140625,0.0
2218,22,0.1958499401807785,0.01960013061761856,0.2121734619140625,0.0
2219,22,0.07296880334615707,0.01960013061761856,0.2121734619140625,0.0
2220,22,0.3510865569114685,0.01960013061761856,0.2121734619140625,0.0
2221,22,0.04399706795811653,0.01960013061761856,0.2121734619140625,0.0
2222,22,0.007020521908998489,0.01960013061761856,0.2121734619140625,0.0
2223,22,0.1441536545753479,0.01960013061761856,0.2121734619140625,0.0
2224,22,0.002935289405286312,0.01960013061761856,0.2121734619140625,0.0
2225,22,0.3942427635192871,0.01960013061761856,0.2121734619140625,0.0
2226,22,0.03785752132534981,0.01960013061761856,0.2121734619140625,0.0
2227,22,0.012656066566705704,0.01960013061761856,0.2121734619140625,0.0
2228,22,0.22884327173233032,0.01960013061761856,0.2121734619140625,0.0
2229,22,0.005283272359520197,0.01960013061761856,0.2121734619140625,0.0
2230,22,0.11075270175933838,0.01960013061761856,0.2121734619140625,0.0
2231,22,0.11438939720392227,0.01960013061761856,0.2121734619140625,0.0
2232,22,0.0072550904005765915,0.01960013061761856,0.2121734619140625,0.0
2233,22,0.1434532105922699,0.01960013061761856,0.2121734619140625,0.0
2234,22,0.003404417773708701,0.01960013061761856,0.2121734619140625,0.0
2235,22,0.18499302864074707,0.01960013061761856,0.2121734619140625,0.0
2236,22,0.18219207227230072,0.01960013061761856,0.2121734619140625,0.0
2237,22,0.2562057077884674,0.01960013061761856,0.2121734619140625,0.0
2238,22,0.005665775388479233,0.01960013061761856,0.2121734619140625,0.0
2239,22,0.21364890038967133,0.01960013061761856,0.2121734619140625,0.0
2240,22,0.011345963925123215,0.01960013061761856,0.2121734619140625,0.0
2241,22,0.15398460626602173,0.01960013061761856,0.2121734619140625,0.0
2242,22,0.741873562335968,0.01960013061761856,0.2121734619140625,0.0
2243,22,0.5207394361495972,0.01960013061761856,0.2121734619140625,0.0
2244,22,0.008403854444622993,0.01960013061761856,0.2121734619140625,0.0
2245,22,0.008403854444622993,0.5060791969299316,0.2121734619140625,0.0
2246,22,0.008403854444622993,0.005156388971954584,0.2121734619140625,0.0
2247,22,0.08828487992286682,0.005156388971954584,0.2121734619140625,0.0
2247,23,0.08828487992286682,0.005156388971954584,0.11663343757390976,0.0
2248,23,0.24220074713230133,0.005156388971954584,0.11663343757390976,0.0
2249,23,0.01814384013414383,0.005156388971954584,0.11663343757390976,0.0
2250,23,0.010764366015791893,0.005156388971954584,0.11663343757390976,0.0
2251,23,0.290403813123703,0.005156388971954584,0.11663343757390976,0.0
2252,23,0.01169643085449934,0.005156388971954584,0.11663343757390976,0.0
2253,23,0.024292852729558945,0.005156388971954584,0.11663343757390976,0.0
2254,23,0.007668674923479557,0.005156388971954584,0.11663343757390976,0.0
2255,23,0.01387090515345335,0.005156388971954584,0.11663343757390976,0.0
2256,23,0.11394348740577698,0.005156388971954584,0.11663343757390976,0.0
2257,23,0.072764091193676,0.005156388971954584,0.11663343757390976,0.0
2258,23,0.241806298494339,0.005156388971954584,0.11663343757390976,0.0
2259,23,0.05316406488418579,0.005156388971954584,0.11663343757390976,0.0
2260,23,0.03073498047888279,0.005156388971954584,0.11663343757390976,0.0
2261,23,0.6502211093902588,0.005156388971954584,0.11663343757390976,0.0
2262,23,0.0669659674167633,0.005156388971954584,0.11663343757390976,0.0
2263,23,0.015249349176883698,0.005156388971954584,0.11663343757390976,0.0
2264,23,0.041986897587776184,0.005156388971954584,0.11663343757390976,0.0
2265,23,0.17963546514511108,0.005156388971954584,0.11663343757390976,0.0
2266,23,0.2597409188747406,0.005156388971954584,0.11663343757390976,0.0
2267,23,0.006793579086661339,0.005156388971954584,0.11663343757390976,0.0
2268,23,0.010874291881918907,0.005156388971954584,0.11663343757390976,0.0
2269,23,0.007304298225790262,0.005156388971954584,0.11663343757390976,0.0
2270,23,0.24650979042053223,0.005156388971954584,0.11663343757390976,0.0
2271,23,0.19887706637382507,0.005156388971954584,0.11663343757390976,0.0
2272,23,0.10362495481967926,0.005156388971954584,0.11663343757390976,0.0
2273,23,0.01585601642727852,0.005156388971954584,0.11663343757390976,0.0
2274,23,0.48404285311698914,0.005156388971954584,0.11663343757390976,0.0
2275,23,0.09439598768949509,0.005156388971954584,0.11663343757390976,0.0
2276,23,0.006144721992313862,0.005156388971954584,0.11663343757390976,0.0
2277,23,1.0163360834121704,0.005156388971954584,0.11663343757390976,0.0
2278,23,0.011330638080835342,0.005156388971954584,0.11663343757390976,0.0
2279,23,0.5237116813659668,0.005156388971954584,0.11663343757390976,0.0
2280,23,0.011297435499727726,0.005156388971954584,0.11663343757390976,0.0
2281,23,0.2620965242385864,0.005156388971954584,0.11663343757390976,0.0
2282,23,0.007936649024486542,0.005156388971954584,0.11663343757390976,0.0
2283,23,0.31251031160354614,0.005156388971954584,0.11663343757390976,0.0
2284,23,0.49084097146987915,0.005156388971954584,0.11663343757390976,0.0
2285,23,0.23419174551963806,0.005156388971954584,0.11663343757390976,0.0
2286,23,0.4816983640193939,0.005156388971954584,0.11663343757390976,0.0
2287,23,0.22036941349506378,0.005156388971954584,0.11663343757390976,0.0
2288,23,0.018256891518831253,0.005156388971954584,0.11663343757390976,0.0
2289,23,0.032448142766952515,0.005156388971954584,0.11663343757390976,0.0
2290,23,0.045124176889657974,0.005156388971954584,0.11663343757390976,0.0
2291,23,0.2033197432756424,0.005156388971954584,0.11663343757390976,0.0
2292,23,0.008276255801320076,0.005156388971954584,0.11663343757390976,0.0
2293,23,0.037376873195171356,0.005156388971954584,0.11663343757390976,0.0
2294,23,0.6551744937896729,0.005156388971954584,0.11663343757390976,0.0
2295,23,0.013384109362959862,0.005156388971954584,0.11663343757390976,0.0
2296,23,0.3737279176712036,0.005156388971954584,0.11663343757390976,0.0
2297,23,0.262524276971817,0.005156388971954584,0.11663343757390976,0.0
2298,23,0.1348096877336502,0.005156388971954584,0.11663343757390976,0.0
2299,23,0.17677336931228638,0.005156388971954584,0.11663343757390976,0.0
2300,23,0.5001505613327026,0.005156388971954584,0.11663343757390976,0.0
2301,23,0.009267589077353477,0.005156388971954584,0.11663343757390976,0.0
2302,23,0.0022568227723240852,0.005156388971954584,0.11663343757390976,0.0
2303,23,0.24281080067157745,0.005156388971954584,0.11663343757390976,0.0
2304,23,0.21590520441532135,0.005156388971954584,0.11663343757390976,0.0
2305,23,0.02248629555106163,0.005156388971954584,0.11663343757390976,0.0
2306,23,0.021080246195197105,0.005156388971954584,0.11663343757390976,0.0
2307,23,0.00422297278419137,0.005156388971954584,0.11663343757390976,0.0
2308,23,0.024440791457891464,0.005156388971954584,0.11663343757390976,0.0
2309,23,0.2439568191766739,0.005156388971954584,0.11663343757390976,0.0
2310,23,0.026575054973363876,0.005156388971954584,0.11663343757390976,0.0
2311,23,0.029115185141563416,0.005156388971954584,0.11663343757390976,0.0
2312,23,0.00738901412114501,0.005156388971954584,0.11663343757390976,0.0
2313,23,0.01728329248726368,0.005156388971954584,0.11663343757390976,0.0
2314,23,0.006551739759743214,0.005156388971954584,0.11663343757390976,0.0
2315,23,0.11669404059648514,0.005156388971954584,0.11663343757390976,0.0
2316,23,0.006390771828591824,0.005156388971954584,0.11663343757390976,0.0
2317,23,0.6047284603118896,0.005156388971954584,0.11663343757390976,0.0
2318,23,0.20653977990150452,0.005156388971954584,0.11663343757390976,0.0
2319,23,0.381675124168396,0.005156388971954584,0.11663343757390976,0.0
2320,23,0.0345592238008976,0.005156388971954584,0.11663343757390976,0.0
2321,23,0.7962572574615479,0.005156388971954584,0.11663343757390976,0.0
2322,23,0.2495347559452057,0.005156388971954584,0.11663343757390976,0.0
2323,23,0.464214563369751,0.005156388971954584,0.11663343757390976,0.0
2324,23,0.19387602806091309,0.005156388971954584,0.11663343757390976,0.0
2325,23,0.020392119884490967,0.005156388971954584,0.11663343757390976,0.0
2326,23,0.008242819458246231,0.005156388971954584,0.11663343757390976,0.0
2327,23,0.02609008178114891,0.005156388971954584,0.11663343757390976,0.0
2328,23,0.04315920174121857,0.005156388971954584,0.11663343757390976,0.0
2329,23,0.3210201859474182,0.005156388971954584,0.11663343757390976,0.0
2330,23,0.02322346158325672,0.005156388971954584,0.11663343757390976,0.0
2331,23,0.015372464433312416,0.005156388971954584,0.11663343757390976,0.0
2332,23,0.05434504151344299,0.005156388971954584,0.11663343757390976,0.0
2333,23,0.7952929735183716,0.005156388971954584,0.11663343757390976,0.0
2334,23,0.05572181195020676,0.005156388971954584,0.11663343757390976,0.0
2335,23,0.17951063811779022,0.005156388971954584,0.11663343757390976,0.0
2336,23,0.209748312830925,0.005156388971954584,0.11663343757390976,0.0
2337,23,0.008670881390571594,0.005156388971954584,0.11663343757390976,0.0
2338,23,0.19434037804603577,0.005156388971954584,0.11663343757390976,0.0
2339,23,0.4393143951892853,0.005156388971954584,0.11663343757390976,0.0
2340,23,0.01635112799704075,0.005156388971954584,0.11663343757390976,0.0
2341,23,0.4934808015823364,0.005156388971954584,0.11663343757390976,0.0
2342,23,0.07674425840377808,0.005156388971954584,0.11663343757390976,0.0
2343,23,0.027170531451702118,0.005156388971954584,0.11663343757390976,0.0
2344,23,0.1365378350019455,0.005156388971954584,0.11663343757390976,0.0
2345,23,0.06534220278263092,0.005156388971954584,0.11663343757390976,0.0
2346,23,0.010631239041686058,0.005156388971954584,0.11663343757390976,0.0
2347,23,0.010631239041686058,0.2699901759624481,0.11663343757390976,0.0
2348,23,0.010631239041686058,0.1503334939479828,0.11663343757390976,0.0
2349,23,0.008860668167471886,0.1503334939479828,0.11663343757390976,0.0
2349,24,0.008860668167471886,0.1503334939479828,0.11131932586431503,0.0
2350,24,0.20833587646484375,0.1503334939479828,0.11131932586431503,0.0
2351,24,0.08366063237190247,0.1503334939479828,0.11131932586431503,0.0
2352,24,0.10319681465625763,0.1503334939479828,0.11131932586431503,0.0
2353,24,0.07072804868221283,0.1503334939479828,0.11131932586431503,0.0
2354,24,0.6202350854873657,0.1503334939479828,0.11131932586431503,0.0
2355,24,0.08032640814781189,0.1503334939479828,0.11131932586431503,0.0
2356,24,0.1134805828332901,0.1503334939479828,0.11131932586431503,0.0
2357,24,0.4824690818786621,0.1503334939479828,0.11131932586431503,0.0
2358,24,0.712475597858429,0.1503334939479828,0.11131932586431503,0.0
2359,24,0.03177042305469513,0.1503334939479828,0.11131932586431503,0.0
2360,24,0.3898810148239136,0.1503334939479828,0.11131932586431503,0.0
2361,24,0.05141826719045639,0.1503334939479828,0.11131932586431503,0.0
2362,24,0.33852267265319824,0.1503334939479828,0.11131932586431503,0.0
2363,24,0.006395221222192049,0.1503334939479828,0.11131932586431503,0.0
2364,24,0.10490769147872925,0.1503334939479828,0.11131932586431503,0.0
2365,24,0.016100997105240822,0.1503334939479828,0.11131932586431503,0.0
2366,24,0.029945313930511475,0.1503334939479828,0.11131932586431503,0.0
2367,24,0.1579621434211731,0.1503334939479828,0.11131932586431503,0.0
2368,24,0.003950896672904491,0.1503334939479828,0.11131932586431503,0.0
2369,24,0.036287177354097366,0.1503334939479828,0.11131932586431503,0.0
2370,24,0.004281420260667801,0.1503334939479828,0.11131932586431503,0.0
2371,24,0.014250957407057285,0.1503334939479828,0.11131932586431503,0.0
2372,24,0.1896328181028366,0.1503334939479828,0.11131932586431503,0.0
2373,24,0.057843782007694244,0.1503334939479828,0.11131932586431503,0.0
2374,24,0.4067215919494629,0.1503334939479828,0.11131932586431503,0.0
2375,24,0.26386260986328125,0.1503334939479828,0.11131932586431503,0.0
2376,24,0.4484052062034607,0.1503334939479828,0.11131932586431503,0.0
2377,24,0.001940941670909524,0.1503334939479828,0.11131932586431503,0.0
2378,24,0.04763408005237579,0.1503334939479828,0.11131932586431503,0.0
2379,24,0.02944198064506054,0.1503334939479828,0.11131932586431503,0.0
2380,24,0.018572859466075897,0.1503334939479828,0.11131932586431503,0.0
2381,24,0.009072214365005493,0.1503334939479828,0.11131932586431503,0.0
2382,24,0.0017929791938513517,0.1503334939479828,0.11131932586431503,0.0
2383,24,0.3256782293319702,0.1503334939479828,0.11131932586431503,0.0
2384,24,0.36653488874435425,0.1503334939479828,0.11131932586431503,0.0
2385,24,0.02932950109243393,0.1503334939479828,0.11131932586431503,0.0
2386,24,0.063268281519413,0.1503334939479828,0.11131932586431503,0.0
2387,24,0.06035327538847923,0.1503334939479828,0.11131932586431503,0.0
2388,24,0.1775948703289032,0.1503334939479828,0.11131932586431503,0.0
2389,24,0.28081709146499634,0.1503334939479828,0.11131932586431503,0.0
2390,24,0.046216126531362534,0.1503334939479828,0.11131932586431503,0.0
2391,24,0.45328599214553833,0.1503334939479828,0.11131932586431503,0.0
2392,24,0.017222659662365913,0.1503334939479828,0.11131932586431503,0.0
2393,24,0.1378834843635559,0.1503334939479828,0.11131932586431503,0.0
2394,24,0.1908469796180725,0.1503334939479828,0.11131932586431503,0.0
2395,24,0.049006372690200806,0.1503334939479828,0.11131932586431503,0.0
2396,24,0.16885480284690857,0.1503334939479828,0.11131932586431503,0.0
2397,24,0.10426481068134308,0.1503334939479828,0.11131932586431503,0.0
2398,24,0.006654552649706602,0.1503334939479828,0.11131932586431503,0.0
2399,24,0.06730011105537415,0.1503334939479828,0.11131932586431503,0.0
2400,24,0.09454943239688873,0.1503334939479828,0.11131932586431503,0.0
2401,24,0.07229180634021759,0.1503334939479828,0.11131932586431503,0.0
2402,24,0.013206640258431435,0.1503334939479828,0.11131932586431503,0.0
2403,24,0.08896911144256592,0.1503334939479828,0.11131932586431503,0.0
2404,24,0.20980343222618103,0.1503334939479828,0.11131932586431503,0.0
2405,24,0.13539130985736847,0.1503334939479828,0.11131932586431503,0.0
2406,24,0.6548844575881958,0.1503334939479828,0.11131932586431503,0.0
2407,24,0.028917662799358368,0.1503334939479828,0.11131932586431503,0.0
2408,24,0.3598834276199341,0.1503334939479828,0.11131932586431503,0.0
2409,24,0.12215631455183029,0.1503334939479828,0.11131932586431503,0.0
2410,24,0.17960423231124878,0.1503334939479828,0.11131932586431503,0.0
2411,24,0.018407005816698074,0.1503334939479828,0.11131932586431503,0.0
2412,24,0.4512624144554138,0.1503334939479828,0.11131932586431503,0.0
2413,24,0.10101547837257385,0.1503334939479828,0.11131932586431503,0.0
2414,24,0.2078329622745514,0.1503334939479828,0.11131932586431503,0.0
2415,24,0.25189346075057983,0.1503334939479828,0.11131932586431503,0.0
2416,24,0.007070761173963547,0.1503334939479828,0.11131932586431503,0.0
2417,24,0.23448821902275085,0.1503334939479828,0.11131932586431503,0.0
2418,24,0.015820976346731186,0.1503334939479828,0.11131932586431503,0.0
2419,24,0.2578124403953552,0.1503334939479828,0.11131932586431503,0.0
2420,24,0.10563012957572937,0.1503334939479828,0.11131932586431503,0.0
2421,24,0.02054455131292343,0.1503334939479828,0.11131932586431503,0.0
2422,24,0.5215632915496826,0.1503334939479828,0.11131932586431503,0.0
2423,24,0.6419656872749329,0.1503334939479828,0.11131932586431503,0.0
2424,24,0.018893489614129066,0.1503334939479828,0.11131932586431503,0.0
2425,24,0.27938705682754517,0.1503334939479828,0.11131932586431503,0.0
2426,24,0.1358325481414795,0.1503334939479828,0.11131932586431503,0.0
2427,24,0.22905483841896057,0.1503334939479828,0.11131932586431503,0.0
2428,24,0.003339173272252083,0.1503334939479828,0.11131932586431503,0.0
2429,24,0.5154920816421509,0.1503334939479828,0.11131932586431503,0.0
2430,24,0.009599937126040459,0.1503334939479828,0.11131932586431503,0.0
2431,24,0.08911740779876709,0.1503334939479828,0.11131932586431503,0.0
2432,24,0.10861105471849442,0.1503334939479828,0.11131932586431503,0.0
2433,24,0.03100688010454178,0.1503334939479828,0.11131932586431503,0.0
2434,24,0.15391762554645538,0.1503334939479828,0.11131932586431503,0.0
2435,24,0.01861579716205597,0.1503334939479828,0.11131932586431503,0.0
2436,24,0.029334185644984245,0.1503334939479828,0.11131932586431503,0.0
2437,24,0.02978890761733055,0.1503334939479828,0.11131932586431503,0.0
2438,24,0.415670245885849,0.1503334939479828,0.11131932586431503,0.0
2439,24,0.0170157328248024,0.1503334939479828,0.11131932586431503,0.0
2440,24,0.13505247235298157,0.1503334939479828,0.11131932586431503,0.0
2441,24,0.1080935001373291,0.1503334939479828,0.11131932586431503,0.0
2442,24,0.1652865707874298,0.1503334939479828,0.11131932586431503,0.0
2443,24,0.04727981239557266,0.1503334939479828,0.11131932586431503,0.0
2444,24,0.018046442419290543,0.1503334939479828,0.11131932586431503,0.0
2445,24,0.17837658524513245,0.1503334939479828,0.11131932586431503,0.0
2446,24,0.4498904347419739,0.1503334939479828,0.11131932586431503,0.0
2447,24,0.11785037815570831,0.1503334939479828,0.11131932586431503,0.0
2448,24,0.16196385025978088,0.1503334939479828,0.11131932586431503,0.0
2449,24,0.16196385025978088,0.005384465679526329,0.11131932586431503,0.0
2450,24,0.16196385025978088,0.03243048116564751,0.11131932586431503,0.0
2451,24,0.124181367456913,0.03243048116564751,0.11131932586431503,0.0
2451,25,0.124181367456913,0.03243048116564751,0.10078432410955429,0.0
2452,25,0.34357133507728577,0.03243048116564751,0.10078432410955429,0.0
2453,25,0.3770577907562256,0.03243048116564751,0.10078432410955429,0.0
2454,25,0.030835360288619995,0.03243048116564751,0.10078432410955429,0.0
2455,25,0.07003303617238998,0.03243048116564751,0.10078432410955429,0.0
2456,25,0.03713781386613846,0.03243048116564751,0.10078432410955429,0.0
2457,25,0.4831819236278534,0.03243048116564751,0.10078432410955429,0.0
2458,25,0.15007348358631134,0.03243048116564751,0.10078432410955429,0.0
2459,25,0.024148868396878242,0.03243048116564751,0.10078432410955429,0.0
2460,25,0.01498959306627512,0.03243048116564751,0.10078432410955429,0.0
2461,25,0.07037760317325592,0.03243048116564751,0.10078432410955429,0.0
2462,25,0.04414068162441254,0.03243048116564751,0.10078432410955429,0.0
2463,25,0.009281866252422333,0.03243048116564751,0.10078432410955429,0.0
2464,25,0.04812522232532501,0.03243048116564751,0.10078432410955429,0.0
2465,25,0.8146380186080933,0.03243048116564751,0.10078432410955429,0.0
2466,25,0.14369721710681915,0.03243048116564751,0.10078432410955429,0.0
2467,25,0.0347416065633297,0.03243048116564751,0.10078432410955429,0.0
2468,25,0.004265456926077604,0.03243048116564751,0.10078432410955429,0.0
2469,25,0.0040326351299881935,0.03243048116564751,0.10078432410955429,0.0
2470,25,0.04370195418596268,0.03243048116564751,0.10078432410955429,0.0
2471,25,0.028205392882227898,0.03243048116564751,0.10078432410955429,0.0
2472,25,0.05761025846004486,0.03243048116564751,0.10078432410955429,0.0
2473,25,0.33649224042892456,0.03243048116564751,0.10078432410955429,0.0
2474,25,0.16881263256072998,0.03243048116564751,0.10078432410955429,0.0
2475,25,0.035581670701503754,0.03243048116564751,0.10078432410955429,0.0
2476,25,0.49917274713516235,0.03243048116564751,0.10078432410955429,0.0
2477,25,0.12942636013031006,0.03243048116564751,0.10078432410955429,0.0
2478,25,0.06750784814357758,0.03243048116564751,0.10078432410955429,0.0
2479,25,0.14336755871772766,0.03243048116564751,0.10078432410955429,0.0
2480,25,0.4193602502346039,0.03243048116564751,0.10078432410955429,0.0
2481,25,0.005281355697661638,0.03243048116564751,0.10078432410955429,0.0
2482,25,0.07578319311141968,0.03243048116564751,0.10078432410955429,0.0
2483,25,0.024482235312461853,0.03243048116564751,0.10078432410955429,0.0
2484,25,0.20378506183624268,0.03243048116564751,0.10078432410955429,0.0
2485,25,0.36136406660079956,0.03243048116564751,0.10078432410955429,0.0
2486,25,0.07525449246168137,0.03243048116564751,0.10078432410955429,0.0
2487,25,0.4809955954551697,0.03243048116564751,0.10078432410955429,0.0
2488,25,0.5883778929710388,0.03243048116564751,0.10078432410955429,0.0
2489,25,0.3609895706176758,0.03243048116564751,0.10078432410955429,0.0
2490,25,0.11739851534366608,0.03243048116564751,0.10078432410955429,0.0
2491,25,0.07111461460590363,0.03243048116564751,0.10078432410955429,0.0
2492,25,0.06833834201097488,0.03243048116564751,0.10078432410955429,0.0
2493,25,0.009804007597267628,0.03243048116564751,0.10078432410955429,0.0
2494,25,0.0034878968726843596,0.03243048116564751,0.10078432410955429,0.0
2495,25,0.6876828670501709,0.03243048116564751,0.10078432410955429,0.0
2496,25,0.07772462069988251,0.03243048116564751,0.10078432410955429,0.0
2497,25,0.016768041998147964,0.03243048116564751,0.10078432410955429,0.0
2498,25,0.23853357136249542,0.03243048116564751,0.10078432410955429,0.0
2499,25,0.7428123354911804,0.03243048116564751,0.10078432410955429,0.0
2500,25,0.023340409621596336,0.03243048116564751,0.10078432410955429,0.0
2501,25,0.2810608744621277,0.03243048116564751,0.10078432410955429,0.0
2502,25,0.2869432270526886,0.03243048116564751,0.10078432410955429,0.0
2503,25,0.2155366837978363,0.03243048116564751,0.10078432410955429,0.0
2504,25,0.08749344199895859,0.03243048116564751,0.10078432410955429,0.0
2505,25,0.01488875038921833,0.03243048116564751,0.10078432410955429,0.0
2506,25,0.05040688067674637,0.03243048116564751,0.10078432410955429,0.0
2507,25,0.23304548859596252,0.03243048116564751,0.10078432410955429,0.0
2508,25,0.0058768028393387794,0.03243048116564751,0.10078432410955429,0.0
2509,25,0.01996619999408722,0.03243048116564751,0.10078432410955429,0.0
2510,25,0.15699563920497894,0.03243048116564751,0.10078432410955429,0.0
2511,25,0.09271177649497986,0.03243048116564751,0.10078432410955429,0.0
2512,25,0.06281852722167969,0.03243048116564751,0.10078432410955429,0.0
2513,25,0.00550265796482563,0.03243048116564751,0.10078432410955429,0.0
2514,25,0.028401508927345276,0.03243048116564751,0.10078432410955429,0.0
2515,25,0.04554951936006546,0.03243048116564751,0.10078432410955429,0.0
2516,25,0.0036746207624673843,0.03243048116564751,0.10078432410955429,0.0
2517,25,0.09337781369686127,0.03243048116564751,0.10078432410955429,0.0
2518,25,0.021280743181705475,0.03243048116564751,0.10078432410955429,0.0
2519,25,0.007487286813557148,0.03243048116564751,0.10078432410955429,0.0
2520,25,0.2327292263507843,0.03243048116564751,0.10078432410955429,0.0
2521,25,0.23039062321186066,0.03243048116564751,0.10078432410955429,0.0
2522,25,0.0037049155216664076,0.03243048116564751,0.10078432410955429,0.0
2523,25,0.2397916167974472,0.03243048116564751,0.10078432410955429,0.0
2524,25,0.029902899637818336,0.03243048116564751,0.10078432410955429,0.0
2525,25,0.25079065561294556,0.03243048116564751,0.10078432410955429,0.0
2526,25,0.018698448315262794,0.03243048116564751,0.10078432410955429,0.0
2527,25,0.007851595059037209,0.03243048116564751,0.10078432410955429,0.0
2528,25,0.010076446458697319,0.03243048116564751,0.10078432410955429,0.0
2529,25,0.008788805454969406,0.03243048116564751,0.10078432410955429,0.0
2530,25,0.40263739228248596,0.03243048116564751,0.10078432410955429,0.0
2531,25,0.010055392980575562,0.03243048116564751,0.10078432410955429,0.0
2532,25,0.012629692442715168,0.03243048116564751,0.10078432410955429,0.0
2533,25,0.055326543748378754,0.03243048116564751,0.10078432410955429,0.0
2534,25,0.44349008798599243,0.03243048116564751,0.10078432410955429,0.0
2535,25,0.016927151009440422,0.03243048116564751,0.10078432410955429,0.0
2536,25,0.029714561998844147,0.03243048116564751,0.10078432410955429,0.0
2537,25,0.5501000881195068,0.03243048116564751,0.10078432410955429,0.0
2538,25,0.20093709230422974,0.03243048116564751,0.10078432410955429,0.0
2539,25,0.13530287146568298,0.03243048116564751,0.10078432410955429,0.0
2540,25,0.006644971203058958,0.03243048116564751,0.10078432410955429,0.0
2541,25,0.011448608711361885,0.03243048116564751,0.10078432410955429,0.0
2542,25,0.17141669988632202,0.03243048116564751,0.10078432410955429,0.0
2543,25,0.005509702023118734,0.03243048116564751,0.10078432410955429,0.0
2544,25,0.028616372495889664,0.03243048116564751,0.10078432410955429,0.0
2545,25,0.6398615837097168,0.03243048116564751,0.10078432410955429,0.0
2546,25,0.009604138322174549,0.03243048116564751,0.10078432410955429,0.0
2547,25,0.17495866119861603,0.03243048116564751,0.10078432410955429,0.0
2548,25,0.1740862876176834,0.03243048116564751,0.10078432410955429,0.0
2549,25,0.00770280696451664,0.03243048116564751,0.10078432410955429,0.0
2550,25,0.002855963073670864,0.03243048116564751,0.10078432410955429,0.0
2551,25,0.002855963073670864,0.00850010383874178,0.10078432410955429,0.0
2552,25,0.002855963073670864,0.06552476435899734,0.10078432410955429,0.0
2553,25,0.041269946843385696,0.06552476435899734,0.10078432410955429,0.0
2553,26,0.041269946843385696,0.06552476435899734,0.03799084201455116,0.0
2554,26,0.0332508310675621,0.06552476435899734,0.03799084201455116,0.0
2555,26,0.011004703119397163,0.06552476435899734,0.03799084201455116,0.0
2556,26,0.27090078592300415,0.06552476435899734,0.03799084201455116,0.0
2557,26,0.057335495948791504,0.06552476435899734,0.03799084201455116,0.0
2558,26,0.00994168408215046,0.06552476435899734,0.03799084201455116,0.0
2559,26,0.007876746356487274,0.06552476435899734,0.03799084201455116,0.0
2560,26,0.3356704115867615,0.06552476435899734,0.03799084201455116,0.0
2561,26,0.0030898405238986015,0.06552476435899734,0.03799084201455116,0.0
2562,26,0.028911951929330826,0.06552476435899734,0.03799084201455116,0.0
2563,26,0.003994650673121214,0.06552476435899734,0.03799084201455116,0.0
2564,26,0.08606787025928497,0.06552476435899734,0.03799084201455116,0.0
2565,26,0.004941105842590332,0.06552476435899734,0.03799084201455116,0.0
2566,26,0.00795794278383255,0.06552476435899734,0.03799084201455116,0.0
2567,26,0.14530327916145325,0.06552476435899734,0.03799084201455116,0.0
2568,26,0.08561337739229202,0.06552476435899734,0.03799084201455116,0.0
2569,26,0.003272916655987501,0.06552476435899734,0.03799084201455116,0.0
2570,26,0.031646475195884705,0.06552476435899734,0.03799084201455116,0.0
2571,26,0.07862801849842072,0.06552476435899734,0.03799084201455116,0.0
2572,26,0.3704005777835846,0.06552476435899734,0.03799084201455116,0.0
2573,26,0.27118736505508423,0.06552476435899734,0.03799084201455116,0.0
2574,26,0.005367126781493425,0.06552476435899734,0.03799084201455116,0.0
2575,26,0.09226691722869873,0.06552476435899734,0.03799084201455116,0.0
2576,26,0.011514967307448387,0.06552476435899734,0.03799084201455116,0.0
2577,26,0.013644788414239883,0.06552476435899734,0.03799084201455116,0.0
2578,26,0.9570865631103516,0.06552476435899734,0.03799084201455116,0.0
2579,26,0.1183432936668396,0.06552476435899734,0.03799084201455116,0.0
2580,26,0.3150991201400757,0.06552476435899734,0.03799084201455116,0.0
2581,26,0.20013399422168732,0.06552476435899734,0.03799084201455116,0.0
2582,26,0.18653330206871033,0.06552476435899734,0.03799084201455116,0.0
2583,26,0.09550121426582336,0.06552476435899734,0.03799084201455116,0.0
2584,26,0.02226133644580841,0.06552476435899734,0.03799084201455116,0.0
2585,26,0.010290350764989853,0.06552476435899734,0.03799084201455116,0.0
2586,26,0.010344933718442917,0.06552476435899734,0.03799084201455116,0.0
2587,26,0.0034327420871704817,0.06552476435899734,0.03799084201455116,0.0
2588,26,0.004019179847091436,0.06552476435899734,0.03799084201455116,0.0
2589,26,0.013406283222138882,0.06552476435899734,0.03799084201455116,0.0
2590,26,0.25914427638053894,0.06552476435899734,0.03799084201455116,0.0
2591,26,0.6359353065490723,0.06552476435899734,0.03799084201455116,0.0
2592,26,0.07210561633110046,0.06552476435899734,0.03799084201455116,0.0
2593,26,0.006446012295782566,0.06552476435899734,0.03799084201455116,0.0
2594,26,0.07920759171247482,0.06552476435899734,0.03799084201455116,0.0
2595,26,0.7101712226867676,0.06552476435899734,0.03799084201455116,0.0
2596,26,0.504959225654602,0.06552476435899734,0.03799084201455116,0.0
2597,26,0.002905030734837055,0.06552476435899734,0.03799084201455116,0.0
2598,26,0.5282494425773621,0.06552476435899734,0.03799084201455116,0.0
2599,26,0.09809981286525726,0.06552476435899734,0.03799084201455116,0.0
2600,26,0.5509697198867798,0.06552476435899734,0.03799084201455116,0.0
2601,26,0.13635186851024628,0.06552476435899734,0.03799084201455116,0.0
2602,26,0.07675602287054062,0.06552476435899734,0.03799084201455116,0.0
2603,26,0.1576831340789795,0.06552476435899734,0.03799084201455116,0.0
2604,26,0.15332166850566864,0.06552476435899734,0.03799084201455116,0.0
2605,26,0.4704011380672455,0.06552476435899734,0.03799084201455116,0.0
2606,26,0.17053192853927612,0.06552476435899734,0.03799084201455116,0.0
2607,26,0.010936194099485874,0.06552476435899734,0.03799084201455116,0.0
2608,26,0.29997581243515015,0.06552476435899734,0.03799084201455116,0.0
2609,26,0.2573857605457306,0.06552476435899734,0.03799084201455116,0.0
2610,26,0.35120710730552673,0.06552476435899734,0.03799084201455116,0.0
2611,26,0.020654451102018356,0.06552476435899734,0.03799084201455116,0.0
2612,26,0.4081443250179291,0.06552476435899734,0.03799084201455116,0.0
2613,26,0.1375984400510788,0.06552476435899734,0.03799084201455116,0.0
2614,26,0.03205373138189316,0.06552476435899734,0.03799084201455116,0.0
2615,26,0.009178322739899158,0.06552476435899734,0.03799084201455116,0.0
2616,26,0.01695125550031662,0.06552476435899734,0.03799084201455116,0.0
2617,26,0.466892808675766,0.06552476435899734,0.03799084201455116,0.0
2618,26,0.1123889684677124,0.06552476435899734,0.03799084201455116,0.0
2619,26,0.006514812353998423,0.06552476435899734,0.03799084201455116,0.0
2620,26,0.014847222715616226,0.06552476435899734,0.03799084201455116,0.0
2621,26,0.25692152976989746,0.06552476435899734,0.03799084201455116,0.0
2622,26,0.018033107742667198,0.06552476435899734,0.03799084201455116,0.0
2623,26,0.7250754237174988,0.06552476435899734,0.03799084201455116,0.0
2624,26,0.006000878289341927,0.06552476435899734,0.03799084201455116,0.0
2625,26,0.6588534116744995,0.06552476435899734,0.03799084201455116,0.0
2626,26,0.12703877687454224,0.06552476435899734,0.03799084201455116,0.0
2627,26,0.11727646738290787,0.06552476435899734,0.03799084201455116,0.0
2628,26,0.00257924385368824,0.06552476435899734,0.03799084201455116,0.0
2629,26,0.01489039696753025,0.06552476435899734,0.03799084201455116,0.0
2630,26,0.11565615981817245,0.06552476435899734,0.03799084201455116,0.0
2631,26,0.3220304250717163,0.06552476435899734,0.03799084201455116,0.0
2632,26,0.27119332551956177,0.06552476435899734,0.03799084201455116,0.0
2633,26,0.7496519088745117,0.06552476435899734,0.03799084201455116,0.0
2634,26,0.0056438082829117775,0.06552476435899734,0.03799084201455116,0.0
2635,26,0.034143395721912384,0.06552476435899734,0.03799084201455116,0.0
2636,26,0.33704230189323425,0.06552476435899734,0.03799084201455116,0.0
2637,26,0.12462566792964935,0.06552476435899734,0.03799084201455116,0.0
2638,26,0.05498109012842178,0.06552476435899734,0.03799084201455116,0.0
2639,26,0.00898542907088995,0.06552476435899734,0.03799084201455116,0.0
2640,26,0.04891827702522278,0.06552476435899734,0.03799084201455116,0.0
2641,26,0.07358250766992569,0.06552476435899734,0.03799084201455116,0.0
2642,26,0.1832350492477417,0.06552476435899734,0.03799084201455116,0.0
2643,26,0.04818415641784668,0.06552476435899734,0.03799084201455116,0.0
2644,26,0.03658066689968109,0.06552476435899734,0.03799084201455116,0.0
2645,26,0.06176186352968216,0.06552476435899734,0.03799084201455116,0.0
2646,26,0.0570686049759388,0.06552476435899734,0.03799084201455116,0.0
2647,26,0.026399750262498856,0.06552476435899734,0.03799084201455116,0.0
2648,26,0.033675212413072586,0.06552476435899734,0.03799084201455116,0.0
2649,26,0.07590404152870178,0.06552476435899734,0.03799084201455116,0.0
2650,26,0.005423694383352995,0.06552476435899734,0.03799084201455116,0.0
2651,26,0.18919052183628082,0.06552476435899734,0.03799084201455116,0.0
2652,26,0.009875914081931114,0.06552476435899734,0.03799084201455116,0.0
2653,26,0.009875914081931114,0.009362480603158474,0.03799084201455116,0.0
2654,26,0.009875914081931114,0.00407763198018074,0.03799084201455116,0.0
2655,26,0.4264741539955139,0.00407763198018074,0.03799084201455116,0.0
2655,27,0.4264741539955139,0.00407763198018074,0.24103160202503204,0.0
2656,27,0.41931313276290894,0.00407763198018074,0.24103160202503204,0.0
2657,27,0.12367381155490875,0.00407763198018074,0.24103160202503204,0.0
2658,27,0.27152132987976074,0.00407763198018074,0.24103160202503204,0.0
2659,27,0.044621892273426056,0.00407763198018074,0.24103160202503204,0.0
2660,27,0.1608969122171402,0.00407763198018074,0.24103160202503204,0.0
2661,27,0.010453513823449612,0.00407763198018074,0.24103160202503204,0.0
2662,27,0.19123634696006775,0.00407763198018074,0.24103160202503204,0.0
2663,27,0.0040430109947919846,0.00407763198018074,0.24103160202503204,0.0
2664,27,0.09196539968252182,0.00407763198018074,0.24103160202503204,0.0
2665,27,0.19664984941482544,0.00407763198018074,0.24103160202503204,0.0
2666,27,0.7152374386787415,0.00407763198018074,0.24103160202503204,0.0
2667,27,0.8635331988334656,0.00407763198018074,0.24103160202503204,0.0
2668,27,0.7445710301399231,0.00407763198018074,0.24103160202503204,0.0
2669,27,0.06165735423564911,0.00407763198018074,0.24103160202503204,0.0
2670,27,0.43033769726753235,0.00407763198018074,0.24103160202503204,0.0
2671,27,0.21491867303848267,0.00407763198018074,0.24103160202503204,0.0
2672,27,0.01298707164824009,0.00407763198018074,0.24103160202503204,0.0
2673,27,0.05112648382782936,0.00407763198018074,0.24103160202503204,0.0
2674,27,0.0362585112452507,0.00407763198018074,0.24103160202503204,0.0
2675,27,0.4379410147666931,0.00407763198018074,0.24103160202503204,0.0
2676,27,0.024119580164551735,0.00407763198018074,0.24103160202503204,0.0
2677,27,0.15159769356250763,0.00407763198018074,0.24103160202503204,0.0
2678,27,0.17754285037517548,0.00407763198018074,0.24103160202503204,0.0
2679,27,0.647014856338501,0.00407763198018074,0.24103160202503204,0.0
2680,27,0.36001038551330566,0.00407763198018074,0.24103160202503204,0.0
2681,27,0.006431070156395435,0.00407763198018074,0.24103160202503204,0.0
2682,27,0.048955608159303665,0.00407763198018074,0.24103160202503204,0.0
2683,27,0.03612460941076279,0.00407763198018074,0.24103160202503204,0.0
2684,27,0.9582452178001404,0.00407763198018074,0.24103160202503204,0.0
2685,27,0.008566521108150482,0.00407763198018074,0.24103160202503204,0.0
2686,27,0.48847633600234985,0.00407763198018074,0.24103160202503204,0.0
2687,27,0.07787099480628967,0.00407763198018074,0.24103160202503204,0.0
2688,27,0.18818950653076172,0.00407763198018074,0.24103160202503204,0.0
2689,27,0.005211538635194302,0.00407763198018074,0.24103160202503204,0.0
2690,27,0.02981751784682274,0.00407763198018074,0.24103160202503204,0.0
2691,27,0.02969217672944069,0.00407763198018074,0.24103160202503204,0.0
2692,27,0.01363163348287344,0.00407763198018074,0.24103160202503204,0.0
2693,27,0.028100699186325073,0.00407763198018074,0.24103160202503204,0.0
2694,27,0.010121412575244904,0.00407763198018074,0.24103160202503204,0.0
2695,27,0.1794300675392151,0.00407763198018074,0.24103160202503204,0.0
2696,27,0.03608030825853348,0.00407763198018074,0.24103160202503204,0.0
2697,27,0.43389958143234253,0.00407763198018074,0.24103160202503204,0.0
2698,27,0.012314550578594208,0.00407763198018074,0.24103160202503204,0.0
2699,27,0.010995784774422646,0.00407763198018074,0.24103160202503204,0.0
2700,27,0.14018771052360535,0.00407763198018074,0.24103160202503204,0.0
2701,27,0.36723998188972473,0.00407763198018074,0.24103160202503204,0.0
2702,27,0.1613471806049347,0.00407763198018074,0.24103160202503204,0.0
2703,27,0.004376490134745836,0.00407763198018074,0.24103160202503204,0.0
2704,27,0.15415352582931519,0.00407763198018074,0.24103160202503204,0.0
2705,27,0.41401422023773193,0.00407763198018074,0.24103160202503204,0.0
2706,27,0.9578500986099243,0.00407763198018074,0.24103160202503204,0.0
2707,27,0.024018436670303345,0.00407763198018074,0.24103160202503204,0.0
2708,27,0.00740974023938179,0.00407763198018074,0.24103160202503204,0.0
2709,27,0.11229857802391052,0.00407763198018074,0.24103160202503204,0.0
2710,27,0.007865246385335922,0.00407763198018074,0.24103160202503204,0.0
2711,27,0.008026907220482826,0.00407763198018074,0.24103160202503204,0.0
2712,27,0.3285033106803894,0.00407763198018074,0.24103160202503204,0.0
2713,27,0.0038256391417235136,0.00407763198018074,0.24103160202503204,0.0
2714,27,0.006454675458371639,0.00407763198018074,0.24103160202503204,0.0
2715,27,0.0033985304180532694,0.00407763198018074,0.24103160202503204,0.0
2716,27,0.42783504724502563,0.00407763198018074,0.24103160202503204,0.0
2717,27,0.26486945152282715,0.00407763198018074,0.24103160202503204,0.0
2718,27,0.4076254963874817,0.00407763198018074,0.24103160202503204,0.0
2719,27,0.05905219167470932,0.00407763198018074,0.24103160202503204,0.0
2720,27,0.011631475761532784,0.00407763198018074,0.24103160202503204,0.0
2721,27,0.5597968101501465,0.00407763198018074,0.24103160202503204,0.0
2722,27,0.07379874587059021,0.00407763198018074,0.24103160202503204,0.0
2723,27,0.3371278643608093,0.00407763198018074,0.24103160202503204,0.0
2724,27,0.04226180911064148,0.00407763198018074,0.24103160202503204,0.0
2725,27,0.012193933129310608,0.00407763198018074,0.24103160202503204,0.0
2726,27,0.2506227493286133,0.00407763198018074,0.24103160202503204,0.0
2727,27,0.009527172893285751,0.00407763198018074,0.24103160202503204,0.0
2728,27,0.008501648902893066,0.00407763198018074,0.24103160202503204,0.0
2729,27,0.10335654020309448,0.00407763198018074,0.24103160202503204,0.0
2730,27,0.01768006756901741,0.00407763198018074,0.24103160202503204,0.0
2731,27,0.23481020331382751,0.00407763198018074,0.24103160202503204,0.0
2732,27,0.0031914692372083664,0.00407763198018074,0.24103160202503204,0.0
2733,27,0.029252098873257637,0.00407763198018074,0.24103160202503204,0.0
2734,27,0.29219895601272583,0.00407763198018074,0.24103160202503204,0.0
2735,27,0.10197978466749191,0.00407763198018074,0.24103160202503204,0.0
2736,27,0.06516347825527191,0.00407763198018074,0.24103160202503204,0.0
2737,27,0.006001710891723633,0.00407763198018074,0.24103160202503204,0.0
2738,27,0.009301537647843361,0.00407763198018074,0.24103160202503204,0.0
2739,27,0.4528377056121826,0.00407763198018074,0.24103160202503204,0.0
2740,27,0.016625910997390747,0.00407763198018074,0.24103160202503204,0.0
2741,27,0.1266852617263794,0.00407763198018074,0.24103160202503204,0.0
2742,27,0.0641837865114212,0.00407763198018074,0.24103160202503204,0.0
2743,27,0.06455352902412415,0.00407763198018074,0.24103160202503204,0.0
2744,27,0.07405531406402588,0.00407763198018074,0.24103160202503204,0.0
2745,27,0.0034257981460541487,0.00407763198018074,0.24103160202503204,0.0
2746,27,0.1046467125415802,0.00407763198018074,0.24103160202503204,0.0
2747,27,0.020466402173042297,0.00407763198018074,0.24103160202503204,0.0
2748,27,0.1402910351753235,0.00407763198018074,0.24103160202503204,0.0
2749,27,0.05640607699751854,0.00407763198018074,0.24103160202503204,0.0
2750,27,0.11112795025110245,0.00407763198018074,0.24103160202503204,0.0
2751,27,0.04009878635406494,0.00407763198018074,0.24103160202503204,0.0
2752,27,0.3494120240211487,0.00407763198018074,0.24103160202503204,0.0
2753,27,0.012339968234300613,0.00407763198018074,0.24103160202503204,0.0
2754,27,0.008612057194113731,0.00407763198018074,0.24103160202503204,0.0
2755,27,0.008612057194113731,0.056776922196149826,0.24103160202503204,0.0
2756,27,0.008612057194113731,0.5048618316650391,0.24103160202503204,0.0
2757,27,0.011223416775465012,0.5048618316650391,0.24103160202503204,0.0
2757,28,0.011223416775465012,0.5048618316650391,0.1601136475801468,0.0
2758,28,0.006915252655744553,0.5048618316650391,0.1601136475801468,0.0
2759,28,0.009971157647669315,0.5048618316650391,0.1601136475801468,0.0
2760,28,0.04321318864822388,0.5048618316650391,0.1601136475801468,0.0
2761,28,0.003394726198166609,0.5048618316650391,0.1601136475801468,0.0
2762,28,0.5643666386604309,0.5048618316650391,0.1601136475801468,0.0
2763,28,0.0209957268089056,0.5048618316650391,0.1601136475801468,0.0
2764,28,1.007035493850708,0.5048618316650391,0.1601136475801468,0.0
2765,28,0.016024412587285042,0.5048618316650391,0.1601136475801468,0.0
2766,28,0.08046448230743408,0.5048618316650391,0.1601136475801468,0.0
2767,28,0.005854343995451927,0.5048618316650391,0.1601136475801468,0.0
2768,28,0.007661888375878334,0.5048618316650391,0.1601136475801468,0.0
2769,28,0.07010099291801453,0.5048618316650391,0.1601136475801468,0.0
2770,28,0.0070368144661188126,0.5048618316650391,0.1601136475801468,0.0
2771,28,0.8736931085586548,0.5048618316650391,0.1601136475801468,0.0
2772,28,0.23435203731060028,0.5048618316650391,0.1601136475801468,0.0
2773,28,0.005362800322473049,0.5048618316650391,0.1601136475801468,0.0
2774,28,0.09189338237047195,0.5048618316650391,0.1601136475801468,0.0
2775,28,0.07671794295310974,0.5048618316650391,0.1601136475801468,0.0
2776,28,0.002570895478129387,0.5048618316650391,0.1601136475801468,0.0
2777,28,0.014035569503903389,0.5048618316650391,0.1601136475801468,0.0
2778,28,0.12133245170116425,0.5048618316650391,0.1601136475801468,0.0
2779,28,0.004389259964227676,0.5048618316650391,0.1601136475801468,0.0
2780,28,0.7356749176979065,0.5048618316650391,0.1601136475801468,0.0
2781,28,0.03940827399492264,0.5048618316650391,0.1601136475801468,0.0
2782,28,0.19151832163333893,0.5048618316650391,0.1601136475801468,0.0
2783,28,0.03232835605740547,0.5048618316650391,0.1601136475801468,0.0
2784,28,0.9007769823074341,0.5048618316650391,0.1601136475801468,0.0
2785,28,0.24922479689121246,0.5048618316650391,0.1601136475801468,0.0
2786,28,0.006935348734259605,0.5048618316650391,0.1601136475801468,0.0
2787,28,0.5846724510192871,0.5048618316650391,0.1601136475801468,0.0
2788,28,0.09086152911186218,0.5048618316650391,0.1601136475801468,0.0
2789,28,0.16710418462753296,0.5048618316650391,0.1601136475801468,0.0
2790,28,0.034849077463150024,0.5048618316650391,0.1601136475801468,0.0
2791,28,0.9162468314170837,0.5048618316650391,0.1601136475801468,0.0
2792,28,0.2994811534881592,0.5048618316650391,0.1601136475801468,0.0
2793,28,0.12147396057844162,0.5048618316650391,0.1601136475801468,0.0
2794,28,0.3475939929485321,0.5048618316650391,0.1601136475801468,0.0
2795,28,0.01162688434123993,0.5048618316650391,0.1601136475801468,0.0
2796,28,0.12735813856124878,0.5048618316650391,0.1601136475801468,0.0
2797,28,0.00995622482150793,0.5048618316650391,0.1601136475801468,0.0
2798,28,0.04884963482618332,0.5048618316650391,0.1601136475801468,0.0
2799,28,0.3288456201553345,0.5048618316650391,0.1601136475801468,0.0
2800,28,0.06957694888114929,0.5048618316650391,0.1601136475801468,0.0
2801,28,0.27377423644065857,0.5048618316650391,0.1601136475801468,0.0
2802,28,0.008811033330857754,0.5048618316650391,0.1601136475801468,0.0
2803,28,0.006999247707426548,0.5048618316650391,0.1601136475801468,0.0
2804,28,0.42138487100601196,0.5048618316650391,0.1601136475801468,0.0
2805,28,0.11529841274023056,0.5048618316650391,0.1601136475801468,0.0
2806,28,0.48211902379989624,0.5048618316650391,0.1601136475801468,0.0
2807,28,0.032068025320768356,0.5048618316650391,0.1601136475801468,0.0
2808,28,0.10679493844509125,0.5048618316650391,0.1601136475801468,0.0
2809,28,0.008993199095129967,0.5048618316650391,0.1601136475801468,0.0
2810,28,0.11854304373264313,0.5048618316650391,0.1601136475801468,0.0
2811,28,0.036014050245285034,0.5048618316650391,0.1601136475801468,0.0
2812,28,0.06684902310371399,0.5048618316650391,0.1601136475801468,0.0
2813,28,0.00807383842766285,0.5048618316650391,0.1601136475801468,0.0
2814,28,0.23601478338241577,0.5048618316650391,0.1601136475801468,0.0
2815,28,0.1498262584209442,0.5048618316650391,0.1601136475801468,0.0
2816,28,0.16832922399044037,0.5048618316650391,0.1601136475801468,0.0
2817,28,0.010709233582019806,0.5048618316650391,0.1601136475801468,0.0
2818,28,0.09229464828968048,0.5048618316650391,0.1601136475801468,0.0
2819,28,0.08361242711544037,0.5048618316650391,0.1601136475801468,0.0
2820,28,0.08650073409080505,0.5048618316650391,0.1601136475801468,0.0
2821,28,0.1386396884918213,0.5048618316650391,0.1601136475801468,0.0
2822,28,0.0036295177415013313,0.5048618316650391,0.1601136475801468,0.0
2823,28,0.07356074452400208,0.5048618316650391,0.1601136475801468,0.0
2824,28,0.10156697034835815,0.5048618316650391,0.1601136475801468,0.0
2825,28,0.12285979837179184,0.5048618316650391,0.1601136475801468,0.0
2826,28,0.13479508459568024,0.5048618316650391,0.1601136475801468,0.0
2827,28,0.10479067265987396,0.5048618316650391,0.1601136475801468,0.0
2828,28,0.05077090859413147,0.5048618316650391,0.1601136475801468,0.0
2829,28,0.41723084449768066,0.5048618316650391,0.1601136475801468,0.0
2830,28,0.30199694633483887,0.5048618316650391,0.1601136475801468,0.0
2831,28,0.006753929890692234,0.5048618316650391,0.1601136475801468,0.0
2832,28,0.31674763560295105,0.5048618316650391,0.1601136475801468,0.0
2833,28,0.0035784905776381493,0.5048618316650391,0.1601136475801468,0.0
2834,28,0.03000638075172901,0.5048618316650391,0.1601136475801468,0.0
2835,28,0.003001023316755891,0.5048618316650391,0.1601136475801468,0.0
2836,28,0.005352887324988842,0.5048618316650391,0.1601136475801468,0.0
2837,28,0.13277608156204224,0.5048618316650391,0.1601136475801468,0.0
2838,28,0.03838133066892624,0.5048618316650391,0.1601136475801468,0.0
2839,28,0.012177902273833752,0.5048618316650391,0.1601136475801468,0.0
2840,28,0.3622671365737915,0.5048618316650391,0.1601136475801468,0.0
2841,28,0.018991798162460327,0.5048618316650391,0.1601136475801468,0.0
2842,28,0.5896849036216736,0.5048618316650391,0.1601136475801468,0.0
2843,28,0.02057638019323349,0.5048618316650391,0.1601136475801468,0.0
2844,28,0.006013903766870499,0.5048618316650391,0.1601136475801468,0.0
2845,28,0.43075576424598694,0.5048618316650391,0.1601136475801468,0.0
2846,28,0.12471546232700348,0.5048618316650391,0.1601136475801468,0.0
2847,28,0.7775923013687134,0.5048618316650391,0.1601136475801468,0.0
2848,28,0.21267342567443848,0.5048618316650391,0.1601136475801468,0.0
2849,28,0.012168658897280693,0.5048618316650391,0.1601136475801468,0.0
2850,28,0.14522743225097656,0.5048618316650391,0.1601136475801468,0.0
2851,28,0.02076243981719017,0.5048618316650391,0.1601136475801468,0.0
2852,28,0.020883984863758087,0.5048618316650391,0.1601136475801468,0.0
2853,28,0.0578097440302372,0.5048618316650391,0.1601136475801468,0.0
2854,28,0.02838614024221897,0.5048618316650391,0.1601136475801468,0.0
2855,28,0.22823727130889893,0.5048618316650391,0.1601136475801468,0.0
2856,28,0.13746598362922668,0.5048618316650391,0.1601136475801468,0.0
2857,28,0.13746598362922668,0.10907676070928574,0.1601136475801468,0.0
2858,28,0.13746598362922668,0.11628599464893341,0.1601136475801468,0.0
2859,28,0.020591551437973976,0.11628599464893341,0.1601136475801468,0.0
2859,29,0.020591551437973976,0.11628599464893341,1.244771122932434,0.0
2860,29,0.005137044936418533,0.11628599464893341,1.244771122932434,0.0
2861,29,0.011981389485299587,0.11628599464893341,1.244771122932434,0.0
2862,29,0.19655653834342957,0.11628599464893341,1.244771122932434,0.0
2863,29,0.010214806534349918,0.11628599464893341,1.244771122932434,0.0
2864,29,0.5573760271072388,0.11628599464893341,1.244771122932434,0.0
2865,29,0.3921181857585907,0.11628599464893341,1.244771122932434,0.0
2866,29,0.01108124852180481,0.11628599464893341,1.244771122932434,0.0
2867,29,0.005506059154868126,0.11628599464893341,1.244771122932434,0.0
2868,29,0.015175256878137589,0.11628599464893341,1.244771122932434,0.0
2869,29,0.09875133633613586,0.11628599464893341,1.244771122932434,0.0
2870,29,0.04155654460191727,0.11628599464893341,1.244771122932434,0.0
2871,29,0.063977912068367,0.11628599464893341,1.244771122932434,0.0
2872,29,0.3518892526626587,0.11628599464893341,1.244771122932434,0.0
2873,29,0.01994381844997406,0.11628599464893341,1.244771122932434,0.0
2874,29,0.030891243368387222,0.11628599464893341,1.244771122932434,0.0
2875,29,0.059691913425922394,0.11628599464893341,1.244771122932434,0.0
2876,29,0.04163973405957222,0.11628599464893341,1.244771122932434,0.0
2877,29,0.1686362326145172,0.11628599464893341,1.244771122932434,0.0
2878,29,0.18208861351013184,0.11628599464893341,1.244771122932434,0.0
2879,29,0.08268432319164276,0.11628599464893341,1.244771122932434,0.0
2880,29,0.43910229206085205,0.11628599464893341,1.244771122932434,0.0
2881,29,0.004363271873444319,0.11628599464893341,1.244771122932434,0.0
2882,29,0.004110660869628191,0.11628599464893341,1.244771122932434,0.0
2883,29,0.2372319996356964,0.11628599464893341,1.244771122932434,0.0
2884,29,0.2542729079723358,0.11628599464893341,1.244771122932434,0.0
2885,29,0.01857268437743187,0.11628599464893341,1.244771122932434,0.0
2886,29,0.2887099087238312,0.11628599464893341,1.244771122932434,0.0
2887,29,0.011797619983553886,0.11628599464893341,1.244771122932434,0.0
2888,29,0.040054891258478165,0.11628599464893341,1.244771122932434,0.0
2889,29,0.057780828326940536,0.11628599464893341,1.244771122932434,0.0
2890,29,0.004701682366430759,0.11628599464893341,1.244771122932434,0.0
2891,29,0.013310096226632595,0.11628599464893341,1.244771122932434,0.0
2892,29,0.2681410610675812,0.11628599464893341,1.244771122932434,0.0
2893,29,0.16060660779476166,0.11628599464893341,1.244771122932434,0.0
2894,29,0.0018610480474308133,0.11628599464893341,1.244771122932434,0.0
2895,29,0.04900459945201874,0.11628599464893341,1.244771122932434,0.0
2896,29,0.007846474647521973,0.11628599464893341,1.244771122932434,0.0
2897,29,0.05248172581195831,0.11628599464893341,1.244771122932434,0.0
2898,29,0.029683159664273262,0.11628599464893341,1.244771122932434,0.0
2899,29,0.5884915590286255,0.11628599464893341,1.244771122932434,0.0
2900,29,0.006259710993617773,0.11628599464893341,1.244771122932434,0.0
2901,29,0.04898202419281006,0.11628599464893341,1.244771122932434,0.0
2902,29,0.24772478640079498,0.11628599464893341,1.244771122932434,0.0
2903,29,0.05754639208316803,0.11628599464893341,1.244771122932434,0.0
2904,29,0.21814598143100739,0.11628599464893341,1.244771122932434,0.0
2905,29,0.010370569303631783,0.11628599464893341,1.244771122932434,0.0
2906,29,0.37353622913360596,0.11628599464893341,1.244771122932434,0.0
2907,29,0.002963858190923929,0.11628599464893341,1.244771122932434,0.0
2908,29,0.04180294647812843,0.11628599464893341,1.244771122932434,0.0
2909,29,0.012533945962786674,0.11628599464893341,1.244771122932434,0.0
2910,29,0.11617577821016312,0.11628599464893341,1.244771122932434,0.0
2911,29,0.049839768558740616,0.11628599464893341,1.244771122932434,0.0
2912,29,0.2032020390033722,0.11628599464893341,1.244771122932434,0.0
2913,29,0.10460169613361359,0.11628599464893341,1.244771122932434,0.0
2914,29,0.050213269889354706,0.11628599464893341,1.244771122932434,0.0
2915,29,0.2552694082260132,0.11628599464893341,1.244771122932434,0.0
2916,29,0.3422209918498993,0.11628599464893341,1.244771122932434,0.0
2917,29,0.006950387731194496,0.11628599464893341,1.244771122932434,0.0
2918,29,0.013219015672802925,0.11628599464893341,1.244771122932434,0.0
2919,29,0.02969064936041832,0.11628599464893341,1.244771122932434,0.0
2920,29,0.5280559062957764,0.11628599464893341,1.244771122932434,0.0
2921,29,0.009011264890432358,0.11628599464893341,1.244771122932434,0.0
2922,29,0.3297640085220337,0.11628599464893341,1.244771122932434,0.0
2923,29,0.0955476462841034,0.11628599464893341,1.244771122932434,0.0
2924,29,0.07241035252809525,0.11628599464893341,1.244771122932434,0.0
2925,29,0.1193465143442154,0.11628599464893341,1.244771122932434,0.0
2926,29,0.36558181047439575,0.11628599464893341,1.244771122932434,0.0
2927,29,0.00266664894297719,0.11628599464893341,1.244771122932434,0.0
2928,29,0.294848769903183,0.11628599464893341,1.244771122932434,0.0
2929,29,0.32437029480934143,0.11628599464893341,1.244771122932434,0.0
2930,29,0.0034016426652669907,0.11628599464893341,1.244771122932434,0.0
2931,29,0.00935237668454647,0.11628599464893341,1.244771122932434,0.0
2932,29,0.02936398610472679,0.11628599464893341,1.244771122932434,0.0
2933,29,0.33264750242233276,0.11628599464893341,1.244771122932434,0.0
2934,29,0.3839254379272461,0.11628599464893341,1.244771122932434,0.0
2935,29,0.30450183153152466,0.11628599464893341,1.244771122932434,0.0
2936,29,0.14447268843650818,0.11628599464893341,1.244771122932434,0.0
2937,29,0.05311384052038193,0.11628599464893341,1.244771122932434,0.0
2938,29,0.26874110102653503,0.11628599464893341,1.244771122932434,0.0
2939,29,0.3929145634174347,0.11628599464893341,1.244771122932434,0.0
2940,29,0.9538990259170532,0.11628599464893341,1.244771122932434,0.0
2941,29,0.057744041085243225,0.11628599464893341,1.244771122932434,0.0
2942,29,0.04585025832056999,0.11628599464893341,1.244771122932434,0.0
2943,29,0.018622037023305893,0.11628599464893341,1.244771122932434,0.0
2944,29,0.018250903114676476,0.11628599464893341,1.244771122932434,0.0
2945,29,0.11907624453306198,0.11628599464893341,1.244771122932434,0.0
2946,29,0.05010942369699478,0.11628599464893341,1.244771122932434,0.0
2947,29,0.008406946435570717,0.11628599464893341,1.244771122932434,0.0
2948,29,0.2604163885116577,0.11628599464893341,1.244771122932434,0.0
2949,29,0.5607870221138,0.11628599464893341,1.244771122932434,0.0
2950,29,0.2553214430809021,0.11628599464893341,1.244771122932434,0.0
2951,29,0.005732840392738581,0.11628599464893341,1.244771122932434,0.0
2952,29,0.005161584354937077,0.11628599464893341,1.244771122932434,0.0
2953,29,0.4835462272167206,0.11628599464893341,1.244771122932434,0.0
2954,29,0.0516376718878746,0.11628599464893341,1.244771122932434,0.0
2955,29,0.004811950493603945,0.11628599464893341,1.244771122932434,0.0
2956,29,0.7126567363739014,0.11628599464893341,1.244771122932434,0.0
2957,29,0.009855126030743122,0.11628599464893341,1.244771122932434,0.0
2958,29,0.5743000507354736,0.11628599464893341,1.244771122932434,0.0
2959,29,0.5743000507354736,0.33450737595558167,1.244771122932434,0.0
2960,29,0.5743000507354736,0.013987230136990547,1.244771122932434,0.0
2961,29,0.007961669005453587,0.013987230136990547,1.244771122932434,0.0
2961,30,0.007961669005453587,0.013987230136990547,0.2107371687889099,0.0
2962,30,0.05545959994196892,0.013987230136990547,0.2107371687889099,0.0
2963,30,0.01702987775206566,0.013987230136990547,0.2107371687889099,0.0
2964,30,0.2901589870452881,0.013987230136990547,0.2107371687889099,0.0
2965,30,0.053384412080049515,0.013987230136990547,0.2107371687889099,0.0
2966,30,0.18494966626167297,0.013987230136990547,0.2107371687889099,0.0
2967,30,0.140273317694664,0.013987230136990547,0.2107371687889099,0.0
2968,30,0.5914991497993469,0.013987230136990547,0.2107371687889099,0.0
2969,30,0.024163801223039627,0.013987230136990547,0.2107371687889099,0.0
2970,30,0.7040748596191406,0.013987230136990547,0.2107371687889099,0.0
2971,30,0.049055010080337524,0.013987230136990547,0.2107371687889099,0.0
2972,30,0.017041277140378952,0.013987230136990547,0.2107371687889099,0.0
2973,30,0.38236552476882935,0.013987230136990547,0.2107371687889099,0.0
2974,30,0.0031670283060520887,0.013987230136990547,0.2107371687889099,0.0
2975,30,0.7845128774642944,0.013987230136990547,0.2107371687889099,0.0
2976,30,0.028274301439523697,0.013987230136990547,0.2107371687889099,0.0
2977,30,0.06072269752621651,0.013987230136990547,0.2107371687889099,0.0
2978,30,0.6914632320404053,0.013987230136990547,0.2107371687889099,0.0
2979,30,0.002994248177856207,0.013987230136990547,0.2107371687889099,0.0
2980,30,0.008020315319299698,0.013987230136990547,0.2107371687889099,0.0
2981,30,0.643133282661438,0.013987230136990547,0.2107371687889099,0.0
2982,30,0.01174524798989296,0.013987230136990547,0.2107371687889099,0.0
2983,30,0.28165894746780396,0.013987230136990547,0.2107371687889099,0.0
2984,30,0.07795405387878418,0.013987230136990547,0.2107371687889099,0.0
2985,30,0.2396322637796402,0.013987230136990547,0.2107371687889099,0.0
2986,30,0.027722835540771484,0.013987230136990547,0.2107371687889099,0.0
2987,30,0.5116387009620667,0.013987230136990547,0.2107371687889099,0.0
2988,30,0.03452816605567932,0.013987230136990547,0.2107371687889099,0.0
2989,30,0.1544325351715088,0.013987230136990547,0.2107371687889099,0.0
2990,30,0.034837037324905396,0.013987230136990547,0.2107371687889099,0.0
2991,30,0.03658817708492279,0.013987230136990547,0.2107371687889099,0.0
2992,30,0.004491854924708605,0.013987230136990547,0.2107371687889099,0.0
2993,30,0.7063833475112915,0.013987230136990547,0.2107371687889099,0.0
2994,30,0.2953066825866699,0.013987230136990547,0.2107371687889099,0.0
2995,30,0.10348707437515259,0.013987230136990547,0.2107371687889099,0.0
2996,30,0.022633543238043785,0.013987230136990547,0.2107371687889099,0.0
2997,30,0.020724287256598473,0.013987230136990547,0.2107371687889099,0.0
2998,30,0.004615131299942732,0.013987230136990547,0.2107371687889099,0.0
2999,30,0.11237389594316483,0.013987230136990547,0.2107371687889099,0.0
3000,30,0.1145058125257492,0.013987230136990547,0.2107371687889099,0.0
3001,30,0.03264019265770912,0.013987230136990547,0.2107371687889099,0.0
3002,30,0.10721820592880249,0.013987230136990547,0.2107371687889099,0.0
3003,30,0.21506059169769287,0.013987230136990547,0.2107371687889099,0.0
3004,30,0.048887476325035095,0.013987230136990547,0.2107371687889099,0.0
3005,30,0.09328426420688629,0.013987230136990547,0.2107371687889099,0.0
3006,30,0.009099841117858887,0.013987230136990547,0.2107371687889099,0.0
3007,30,0.09885095059871674,0.013987230136990547,0.2107371687889099,0.0
3008,30,0.1202402412891388,0.013987230136990547,0.2107371687889099,0.0
3009,30,0.6527523398399353,0.013987230136990547,0.2107371687889099,0.0
3010,30,0.286301851272583,0.013987230136990547,0.2107371687889099,0.0
3011,30,0.008677738718688488,0.013987230136990547,0.2107371687889099,0.0
3012,30,0.20836305618286133,0.013987230136990547,0.2107371687889099,0.0
3013,30,0.2731703817844391,0.013987230136990547,0.2107371687889099,0.0
3014,30,0.11273710429668427,0.013987230136990547,0.2107371687889099,0.0
3015,30,0.07622559368610382,0.013987230136990547,0.2107371687889099,0.0
3016,30,0.006793798878788948,0.013987230136990547,0.2107371687889099,0.0
3017,30,0.31775280833244324,0.013987230136990547,0.2107371687889099,0.0
3018,30,0.0050598736852407455,0.013987230136990547,0.2107371687889099,0.0
3019,30,0.07796373963356018,0.013987230136990547,0.2107371687889099,0.0
3020,30,0.0062690903432667255,0.013987230136990547,0.2107371687889099,0.0
3021,30,0.024355191737413406,0.013987230136990547,0.2107371687889099,0.0
3022,30,0.01780933514237404,0.013987230136990547,0.2107371687889099,0.0
3023,30,0.008601884357631207,0.013987230136990547,0.2107371687889099,0.0
3024,30,0.21692456305027008,0.013987230136990547,0.2107371687889099,0.0
3025,30,0.06041792035102844,0.013987230136990547,0.2107371687889099,0.0
3026,30,0.0316491425037384,0.013987230136990547,0.2107371687889099,0.0
3027,30,0.12202092260122299,0.013987230136990547,0.2107371687889099,0.0
3028,30,0.0036162633914500475,0.013987230136990547,0.2107371687889099,0.0
3029,30,0.005217249505221844,0.013987230136990547,0.2107371687889099,0.0
3030,30,0.15494412183761597,0.013987230136990547,0.2107371687889099,0.0
3031,30,0.06885656714439392,0.013987230136990547,0.2107371687889099,0.0
3032,30,0.09352554380893707,0.013987230136990547,0.2107371687889099,0.0
3033,30,0.06117786467075348,0.013987230136990547,0.2107371687889099,0.0
3034,30,0.0484146773815155,0.013987230136990547,0.2107371687889099,0.0
3035,30,0.011239055544137955,0.013987230136990547,0.2107371687889099,0.0
3036,30,0.003139760345220566,0.013987230136990547,0.2107371687889099,0.0
3037,30,0.14628860354423523,0.013987230136990547,0.2107371687889099,0.0
3038,30,0.005730237811803818,0.013987230136990547,0.2107371687889099,0.0
3039,30,0.008212713524699211,0.013987230136990547,0.2107371687889099,0.0
3040,30,0.20147976279258728,0.013987230136990547,0.2107371687889099,0.0
3041,30,0.24685707688331604,0.013987230136990547,0.2107371687889099,0.0
3042,30,0.047740764915943146,0.013987230136990547,0.2107371687889099,0.0
3043,30,0.33600494265556335,0.013987230136990547,0.2107371687889099,0.0
3044,30,0.07388275116682053,0.013987230136990547,0.2107371687889099,0.0
3045,30,0.0684879869222641,0.013987230136990547,0.2107371687889099,0.0
3046,30,0.15894651412963867,0.013987230136990547,0.2107371687889099,0.0
3047,30,0.011513341218233109,0.013987230136990547,0.2107371687889099,0.0
3048,30,0.08677555620670319,0.013987230136990547,0.2107371687889099,0.0
3049,30,0.03084680438041687,0.013987230136990547,0.2107371687889099,0.0
3050,30,0.008345610462129116,0.013987230136990547,0.2107371687889099,0.0
3051,30,0.45214927196502686,0.013987230136990547,0.2107371687889099,0.0
3052,30,0.18422435224056244,0.013987230136990547,0.2107371687889099,0.0
3053,30,0.003028535982593894,0.013987230136990547,0.2107371687889099,0.0
3054,30,0.006993128452450037,0.013987230136990547,0.2107371687889099,0.0
3055,30,0.39278745651245117,0.013987230136990547,0.2107371687889099,0.0
3056,30,0.27668869495391846,0.013987230136990547,0.2107371687889099,0.0
3057,30,0.0017850002041086555,0.013987230136990547,0.2107371687889099,0.0
3058,30,0.005030022468417883,0.013987230136990547,0.2107371687889099,0.0
3059,30,0.032455287873744965,0.013987230136990547,0.2107371687889099,0.0
3060,30,0.07857850193977356,0.013987230136990547,0.2107371687889099,0.0
3061,30,0.07857850193977356,0.022894710302352905,0.2107371687889099,0.0
3062,30,0.07857850193977356,0.19765493273735046,0.2107371687889099,0.0
3063,30,0.010632719844579697,0.19765493273735046,0.2107371687889099,0.0
3063,31,0.010632719844579697,0.19765493273735046,0.28272101283073425,0.0
3064,31,0.003989639692008495,0.19765493273735046,0.28272101283073425,0.0
3065,31,0.5417435169219971,0.19765493273735046,0.28272101283073425,0.0
3066,31,0.13533568382263184,0.19765493273735046,0.28272101283073425,0.0
3067,31,0.009206355549395084,0.19765493273735046,0.28272101283073425,0.0
3068,31,0.0031269097235053778,0.19765493273735046,0.28272101283073425,0.0
3069,31,0.1237192302942276,0.19765493273735046,0.28272101283073425,0.0
3070,31,0.5976852774620056,0.19765493273735046,0.28272101283073425,0.0
3071,31,0.12104198336601257,0.19765493273735046,0.28272101283073425,0.0
3072,31,0.25716668367385864,0.19765493273735046,0.28272101283073425,0.0
3073,31,0.1097344309091568,0.19765493273735046,0.28272101283073425,0.0
3074,31,0.007070234045386314,0.19765493273735046,0.28272101283073425,0.0
3075,31,0.32492828369140625,0.19765493273735046,0.28272101283073425,0.0
3076,31,0.005601124372333288,0.19765493273735046,0.28272101283073425,0.0
3077,31,0.018078375607728958,0.19765493273735046,0.28272101283073425,0.0
3078,31,0.0847332775592804,0.19765493273735046,0.28272101283073425,0.0
3079,31,0.00548718124628067,0.19765493273735046,0.28272101283073425,0.0
3080,31,0.19305190443992615,0.19765493273735046,0.28272101283073425,0.0
3081,31,0.015385184437036514,0.19765493273735046,0.28272101283073425,0.0
3082,31,0.010783475823700428,0.19765493273735046,0.28272101283073425,0.0
3083,31,0.06238813325762749,0.19765493273735046,0.28272101283073425,0.0
3084,31,0.003621704876422882,0.19765493273735046,0.28272101283073425,0.0
3085,31,0.18953542411327362,0.19765493273735046,0.28272101283073425,0.0
3086,31,0.01096309907734394,0.19765493273735046,0.28272101283073425,0.0
3087,31,0.038525283336639404,0.19765493273735046,0.28272101283073425,0.0
3088,31,0.3145049214363098,0.19765493273735046,0.28272101283073425,0.0
3089,31,0.06699489057064056,0.19765493273735046,0.28272101283073425,0.0
3090,31,0.24257740378379822,0.19765493273735046,0.28272101283073425,0.0
3091,31,0.1228131651878357,0.19765493273735046,0.28272101283073425,0.0
3092,31,0.30395907163619995,0.19765493273735046,0.28272101283073425,0.0
3093,31,0.0059447623789310455,0.19765493273735046,0.28272101283073425,0.0
3094,31,0.18070274591445923,0.19765493273735046,0.28272101283073425,0.0
3095,31,0.09271885454654694,0.19765493273735046,0.28272101283073425,0.0
3096,31,0.01773660257458687,0.19765493273735046,0.28272101283073425,0.0
3097,31,0.07167205214500427,0.19765493273735046,0.28272101283073425,0.0
3098,31,0.02261548489332199,0.19765493273735046,0.28272101283073425,0.0
3099,31,0.10870352387428284,0.19765493273735046,0.28272101283073425,0.0
3100,31,0.0872051864862442,0.19765493273735046,0.28272101283073425,0.0
3101,31,0.0750153586268425,0.19765493273735046,0.28272101283073425,0.0
3102,31,0.004846109077334404,0.19765493273735046,0.28272101283073425,0.0
3103,31,0.024001289159059525,0.19765493273735046,0.28272101283073425,0.0
3104,31,0.07212454080581665,0.19765493273735046,0.28272101283073425,0.0
3105,31,0.09367329627275467,0.19765493273735046,0.28272101283073425,0.0
3106,31,0.21273581683635712,0.19765493273735046,0.28272101283073425,0.0
3107,31,0.44587448239326477,0.19765493273735046,0.28272101283073425,0.0
3108,31,0.013310769572854042,0.19765493273735046,0.28272101283073425,0.0
3109,31,0.011514224112033844,0.19765493273735046,0.28272101283073425,0.0
3110,31,0.05070831999182701,0.19765493273735046,0.28272101283073425,0.0
3111,31,0.499337375164032,0.19765493273735046,0.28272101283073425,0.0
3112,31,0.023783093318343163,0.19765493273735046,0.28272101283073425,0.0
3113,31,0.01534594502300024,0.19765493273735046,0.28272101283073425,0.0
3114,31,0.9203027486801147,0.19765493273735046,0.28272101283073425,0.0
3115,31,0.039650365710258484,0.19765493273735046,0.28272101283073425,0.0
3116,31,0.013939532451331615,0.19765493273735046,0.28272101283073425,0.0
3117,31,0.1430818736553192,0.19765493273735046,0.28272101283073425,0.0
3118,31,0.011814625933766365,0.19765493273735046,0.28272101283073425,0.0
3119,31,0.32825782895088196,0.19765493273735046,0.28272101283073425,0.0
3120,31,0.2018771767616272,0.19765493273735046,0.28272101283073425,0.0
3121,31,0.0031471054535359144,0.19765493273735046,0.28272101283073425,0.0
3122,31,0.11924569308757782,0.19765493273735046,0.28272101283073425,0.0
3123,31,0.09980360418558121,0.19765493273735046,0.28272101283073425,0.0
3124,31,0.041909702122211456,0.19765493273735046,0.28272101283073425,0.0
3125,31,0.046653203666210175,0.19765493273735046,0.28272101283073425,0.0
3126,31,0.02640603482723236,0.19765493273735046,0.28272101283073425,0.0
3127,31,0.7761880159378052,0.19765493273735046,0.28272101283073425,0.0
3128,31,0.005810186266899109,0.19765493273735046,0.28272101283073425,0.0
3129,31,0.15023034811019897,0.19765493273735046,0.28272101283073425,0.0
3130,31,0.12880027294158936,0.19765493273735046,0.28272101283073425,0.0
3131,31,0.16542145609855652,0.19765493273735046,0.28272101283073425,0.0
3132,31,0.04091537743806839,0.19765493273735046,0.28272101283073425,0.0
3133,31,0.06979194283485413,0.19765493273735046,0.28272101283073425,0.0
3134,31,0.17408506572246552,0.19765493273735046,0.28272101283073425,0.0
3135,31,0.050989050418138504,0.19765493273735046,0.28272101283073425,0.0
3136,31,0.485142320394516,0.19765493273735046,0.28272101283073425,0.0
3137,31,0.10902012139558792,0.19765493273735046,0.28272101283073425,0.0
3138,31,0.4597502648830414,0.19765493273735046,0.28272101283073425,0.0
3139,31,0.06531957536935806,0.19765493273735046,0.28272101283073425,0.0
3140,31,0.06726649403572083,0.19765493273735046,0.28272101283073425,0.0
3141,31,0.004932709038257599,0.19765493273735046,0.28272101283073425,0.0
3142,31,0.015207435935735703,0.19765493273735046,0.28272101283073425,0.0
3143,31,0.5984504222869873,0.19765493273735046,0.28272101283073425,0.0
3144,31,0.002738594077527523,0.19765493273735046,0.28272101283073425,0.0
3145,31,0.1333971917629242,0.19765493273735046,0.28272101283073425,0.0
3146,31,0.2903798818588257,0.19765493273735046,0.28272101283073425,0.0
3147,31,0.18394196033477783,0.19765493273735046,0.28272101283073425,0.0
3148,31,0.24283874034881592,0.19765493273735046,0.28272101283073425,0.0
3149,31,0.16865971684455872,0.19765493273735046,0.28272101283073425,0.0
3150,31,0.002742285840213299,0.19765493273735046,0.28272101283073425,0.0
3151,31,0.33430296182632446,0.19765493273735046,0.28272101283073425,0.0
3152,31,0.45000195503234863,0.19765493273735046,0.28272101283073425,0.0
3153,31,0.0024890494532883167,0.19765493273735046,0.28272101283073425,0.0
3154,31,0.0021809081081300974,0.19765493273735046,0.28272101283073425,0.0
3155,31,0.00669233500957489,0.19765493273735046,0.28272101283073425,0.0
3156,31,0.5063577890396118,0.19765493273735046,0.28272101283073425,0.0
3157,31,0.36413368582725525,0.19765493273735046,0.28272101283073425,0.0
3158,31,0.04919034242630005,0.19765493273735046,0.28272101283073425,0.0
3159,31,0.012828225269913673,0.19765493273735046,0.28272101283073425,0.0
3160,31,0.3724484443664551,0.19765493273735046,0.28272101283073425,0.0
3161,31,0.025023363530635834,0.19765493273735046,0.28272101283073425,0.0
3162,31,0.424893856048584,0.19765493273735046,0.28272101283073425,0.0
3163,31,0.424893856048584,0.00694524310529232,0.28272101283073425,0.0
3164,31,0.424893856048584,0.008266236633062363,0.28272101283073425,0.0
3165,31,0.0036379466764628887,0.008266236633062363,0.28272101283073425,0.0
3165,32,0.0036379466764628887,0.008266236633062363,0.3124053180217743,0.0
3166,32,0.0708664059638977,0.008266236633062363,0.3124053180217743,0.0
3167,32,0.0039620231837034225,0.008266236633062363,0.3124053180217743,0.0
3168,32,0.05884650722146034,0.008266236633062363,0.3124053180217743,0.0
3169,32,0.013560946099460125,0.008266236633062363,0.3124053180217743,0.0
3170,32,0.19181913137435913,0.008266236633062363,0.3124053180217743,0.0
3171,32,0.0771392211318016,0.008266236633062363,0.3124053180217743,0.0
3172,32,0.00327714579179883,0.008266236633062363,0.3124053180217743,0.0
3173,32,0.0612061433494091,0.008266236633062363,0.3124053180217743,0.0
3174,32,0.24844776093959808,0.008266236633062363,0.3124053180217743,0.0
3175,32,0.025865351781249046,0.008266236633062363,0.3124053180217743,0.0
3176,32,0.08346521854400635,0.008266236633062363,0.3124053180217743,0.0
3177,32,0.01607419364154339,0.008266236633062363,0.3124053180217743,0.0
3178,32,0.20207801461219788,0.008266236633062363,0.3124053180217743,0.0
3179,32,0.02626027725636959,0.008266236633062363,0.3124053180217743,0.0
3180,32,0.2411857545375824,0.008266236633062363,0.3124053180217743,0.0
3181,32,0.0041405996307730675,0.008266236633062363,0.3124053180217743,0.0
3182,32,0.04000747948884964,0.008266236633062363,0.3124053180217743,0.0
3183,32,0.30191895365715027,0.008266236633062363,0.3124053180217743,0.0
3184,32,0.22345110774040222,0.008266236633062363,0.3124053180217743,0.0
3185,32,0.31391942501068115,0.008266236633062363,0.3124053180217743,0.0
3186,32,0.013703886419534683,0.008266236633062363,0.3124053180217743,0.0
3187,32,0.015800341963768005,0.008266236633062363,0.3124053180217743,0.0
3188,32,0.286940336227417,0.008266236633062363,0.3124053180217743,0.0
3189,32,0.02767692506313324,0.008266236633062363,0.3124053180217743,0.0
3190,32,0.029411867260932922,0.008266236633062363,0.3124053180217743,0.0
3191,32,0.0035183678846806288,0.008266236633062363,0.3124053180217743,0.0
3192,32,0.037549667060375214,0.008266236633062363,0.3124053180217743,0.0
3193,32,0.16556689143180847,0.008266236633062363,0.3124053180217743,0.0
3194,32,0.7490512132644653,0.008266236633062363,0.3124053180217743,0.0
3195,32,0.02683081477880478,0.008266236633062363,0.3124053180217743,0.0
3196,32,0.012430013157427311,0.008266236633062363,0.3124053180217743,0.0
3197,32,0.03740954026579857,0.008266236633062363,0.3124053180217743,0.0
3198,32,0.43992650508880615,0.008266236633062363,0.3124053180217743,0.0
3199,32,0.009926562197506428,0.008266236633062363,0.3124053180217743,0.0
3200,32,0.00940938014537096,0.008266236633062363,0.3124053180217743,0.0
3201,32,0.03834329545497894,0.008266236633062363,0.3124053180217743,0.0
3202,32,0.05252482742071152,0.008266236633062363,0.3124053180217743,0.0
3203,32,0.33730047941207886,0.008266236633062363,0.3124053180217743,0.0
3204,32,0.018755842000246048,0.008266236633062363,0.3124053180217743,0.0
3205,32,0.32554006576538086,0.008266236633062363,0.3124053180217743,0.0
3206,32,0.04044996574521065,0.008266236633062363,0.3124053180217743,0.0
3207,32,0.8371513485908508,0.008266236633062363,0.3124053180217743,0.0
3208,32,0.026144612580537796,0.008266236633062363,0.3124053180217743,0.0
3209,32,0.4314059019088745,0.008266236633062363,0.3124053180217743,0.0
3210,32,0.1117464154958725,0.008266236633062363,0.3124053180217743,0.0
3211,32,0.0799727812409401,0.008266236633062363,0.3124053180217743,0.0
3212,32,0.31842148303985596,0.008266236633062363,0.3124053180217743,0.0
3213,32,0.030618032440543175,0.008266236633062363,0.3124053180217743,0.0
3214,32,0.09873936325311661,0.008266236633062363,0.3124053180217743,0.0
3215,32,0.031170964241027832,0.008266236633062363,0.3124053180217743,0.0
3216,32,0.016705529764294624,0.008266236633062363,0.3124053180217743,0.0
3217,32,0.014855836518108845,0.008266236633062363,0.3124053180217743,0.0
3218,32,0.29574674367904663,0.008266236633062363,0.3124053180217743,0.0
3219,32,0.04412827640771866,0.008266236633062363,0.3124053180217743,0.0
3220,32,0.284479022026062,0.008266236633062363,0.3124053180217743,0.0
3221,32,0.002419094555079937,0.008266236633062363,0.3124053180217743,0.0
3222,32,0.008840769529342651,0.008266236633062363,0.3124053180217743,0.0
3223,32,0.42235007882118225,0.008266236633062363,0.3124053180217743,0.0
3224,32,0.11374928802251816,0.008266236633062363,0.3124053180217743,0.0
3225,32,0.16708114743232727,0.008266236633062363,0.3124053180217743,0.0
3226,32,0.4392419457435608,0.008266236633062363,0.3124053180217743,0.0
3227,32,0.012706296518445015,0.008266236633062363,0.3124053180217743,0.0
3228,32,0.00637727789580822,0.008266236633062363,0.3124053180217743,0.0
3229,32,0.021019451320171356,0.008266236633062363,0.3124053180217743,0.0
3230,32,0.1563376486301422,0.008266236633062363,0.3124053180217743,0.0
3231,32,0.004946248140186071,0.008266236633062363,0.3124053180217743,0.0
3232,32,0.2575147747993469,0.008266236633062363,0.3124053180217743,0.0
3233,32,0.16680355370044708,0.008266236633062363,0.3124053180217743,0.0
3234,32,0.04165742173790932,0.008266236633062363,0.3124053180217743,0.0
3235,32,0.6555747985839844,0.008266236633062363,0.3124053180217743,0.0
3236,32,0.14263436198234558,0.008266236633062363,0.3124053180217743,0.0
3237,32,0.1317785680294037,0.008266236633062363,0.3124053180217743,0.0
3238,32,0.08753407001495361,0.008266236633062363,0.3124053180217743,0.0
3239,32,0.18247023224830627,0.008266236633062363,0.3124053180217743,0.0
3240,32,0.00501154363155365,0.008266236633062363,0.3124053180217743,0.0
3241,32,0.6228313446044922,0.008266236633062363,0.3124053180217743,0.0
3242,32,0.01585032045841217,0.008266236633062363,0.3124053180217743,0.0
3243,32,0.12366608530282974,0.008266236633062363,0.3124053180217743,0.0
3244,32,0.004584541544318199,0.008266236633062363,0.3124053180217743,0.0
3245,32,0.04063636064529419,0.008266236633062363,0.3124053180217743,0.0
3246,32,0.11659639328718185,0.008266236633062363,0.3124053180217743,0.0
3247,32,0.015107747167348862,0.008266236633062363,0.3124053180217743,0.0
3248,32,0.3091815412044525,0.008266236633062363,0.3124053180217743,0.0
3249,32,0.8278657793998718,0.008266236633062363,0.3124053180217743,0.0
3250,32,0.019165746867656708,0.008266236633062363,0.3124053180217743,0.0
3251,32,0.03355900198221207,0.008266236633062363,0.3124053180217743,0.0
3252,32,0.2716311812400818,0.008266236633062363,0.3124053180217743,0.0
3253,32,0.06371903419494629,0.008266236633062363,0.3124053180217743,0.0
3254,32,0.05948008969426155,0.008266236633062363,0.3124053180217743,0.0
3255,32,0.06093151867389679,0.008266236633062363,0.3124053180217743,0.0
3256,32,0.3036506175994873,0.008266236633062363,0.3124053180217743,0.0
3257,32,0.24519069492816925,0.008266236633062363,0.3124053180217743,0.0
3258,32,0.02973465621471405,0.008266236633062363,0.3124053180217743,0.0
3259,32,0.3307507336139679,0.008266236633062363,0.3124053180217743,0.0
3260,32,0.025596873834729195,0.008266236633062363,0.3124053180217743,0.0
3261,32,0.17958252131938934,0.008266236633062363,0.3124053180217743,0.0
3262,32,0.21476706862449646,0.008266236633062363,0.3124053180217743,0.0
3263,32,0.005637967959046364,0.008266236633062363,0.3124053180217743,0.0
3264,32,0.007112342864274979,0.008266236633062363,0.3124053180217743,0.0
3265,32,0.007112342864274979,0.007900794968008995,0.3124053180217743,0.0
3266,32,0.007112342864274979,0.19776956737041473,0.3124053180217743,0.0
3267,32,0.01700136624276638,0.19776956737041473,0.3124053180217743,0.0
3267,33,0.01700136624276638,0.19776956737041473,0.6588344573974609,0.0
3268,33,0.0069603994488716125,0.19776956737041473,0.6588344573974609,0.0
3269,33,0.007033702917397022,0.19776956737041473,0.6588344573974609,0.0
3270,33,0.003821665421128273,0.19776956737041473,0.6588344573974609,0.0
3271,33,0.7954624891281128,0.19776956737041473,0.6588344573974609,0.0
3272,33,0.03294211998581886,0.19776956737041473,0.6588344573974609,0.0
3273,33,0.8081216216087341,0.19776956737041473,0.6588344573974609,0.0
3274,33,0.0036859242245554924,0.19776956737041473,0.6588344573974609,0.0
3275,33,0.012337388470768929,0.19776956737041473,0.6588344573974609,0.0
3276,33,0.07438916712999344,0.19776956737041473,0.6588344573974609,0.0
3277,33,0.02736421301960945,0.19776956737041473,0.6588344573974609,0.0
3278,33,0.005067171063274145,0.19776956737041473,0.6588344573974609,0.0
3279,33,0.10539701581001282,0.19776956737041473,0.6588344573974609,0.0
3280,33,0.0578240267932415,0.19776956737041473,0.6588344573974609,0.0
3281,33,0.02137996256351471,0.19776956737041473,0.6588344573974609,0.0
3282,33,0.27314671874046326,0.19776956737041473,0.6588344573974609,0.0
3283,33,0.1421360969543457,0.19776956737041473,0.6588344573974609,0.0
3284,33,0.23379570245742798,0.19776956737041473,0.6588344573974609,0.0
3285,33,0.4092504382133484,0.19776956737041473,0.6588344573974609,0.0
3286,33,0.006440641358494759,0.19776956737041473,0.6588344573974609,0.0
3287,33,0.3960152864456177,0.19776956737041473,0.6588344573974609,0.0
3288,33,0.04576291888952255,0.19776956737041473,0.6588344573974609,0.0
3289,33,0.013306837528944016,0.19776956737041473,0.6588344573974609,0.0
3290,33,0.00983504205942154,0.19776956737041473,0.6588344573974609,0.0
3291,33,0.017623979598283768,0.19776956737041473,0.6588344573974609,0.0
3292,33,0.10795744508504868,0.19776956737041473,0.6588344573974609,0.0
3293,33,0.04590214043855667,0.19776956737041473,0.6588344573974609,0.0
3294,33,0.1927158534526825,0.19776956737041473,0.6588344573974609,0.0
3295,33,0.17802217602729797,0.19776956737041473,0.6588344573974609,0.0
3296,33,0.1676245927810669,0.19776956737041473,0.6588344573974609,0.0
3297,33,0.034543149173259735,0.19776956737041473,0.6588344573974609,0.0
3298,33,0.03284883499145508,0.19776956737041473,0.6588344573974609,0.0
3299,33,0.3295131325721741,0.19776956737041473,0.6588344573974609,0.0
3300,33,0.006912441458553076,0.19776956737041473,0.6588344573974609,0.0
3301,33,0.4322156012058258,0.19776956737041473,0.6588344573974609,0.0
3302,33,0.010534295812249184,0.19776956737041473,0.6588344573974609,0.0
3303,33,0.036236196756362915,0.19776956737041473,0.6588344573974609,0.0
3304,33,0.03202620521187782,0.19776956737041473,0.6588344573974609,0.0
3305,33,0.005888183135539293,0.19776956737041473,0.6588344573974609,0.0
3306,33,0.013062814250588417,0.19776956737041473,0.6588344573974609,0.0
3307,33,0.01491466909646988,0.19776956737041473,0.6588344573974609,0.0
3308,33,0.007799993269145489,0.19776956737041473,0.6588344573974609,0.0
3309,33,0.003966242074966431,0.19776956737041473,0.6588344573974609,0.0
3310,33,0.08593140542507172,0.19776956737041473,0.6588344573974609,0.0
3311,33,0.3047751784324646,0.19776956737041473,0.6588344573974609,0.0
3312,33,0.015393443405628204,0.19776956737041473,0.6588344573974609,0.0
3313,33,0.08382770419120789,0.19776956737041473,0.6588344573974609,0.0
3314,33,0.22058779001235962,0.19776956737041473,0.6588344573974609,0.0
3315,33,0.004935901146382093,0.19776956737041473,0.6588344573974609,0.0
3316,33,0.048292092978954315,0.19776956737041473,0.6588344573974609,0.0
3317,33,0.43137869238853455,0.19776956737041473,0.6588344573974609,0.0
3318,33,0.025352634489536285,0.19776956737041473,0.6588344573974609,0.0
3319,33,0.07827524840831757,0.19776956737041473,0.6588344573974609,0.0
3320,33,0.005641228519380093,0.19776956737041473,0.6588344573974609,0.0
3321,33,0.3071776032447815,0.19776956737041473,0.6588344573974609,0.0
3322,33,0.19773265719413757,0.19776956737041473,0.6588344573974609,0.0
3323,33,0.026859046891331673,0.19776956737041473,0.6588344573974609,0.0
3324,33,0.05872349068522453,0.19776956737041473,0.6588344573974609,0.0
3325,33,0.027830820530653,0.19776956737041473,0.6588344573974609,0.0
3326,33,0.552513837814331,0.19776956737041473,0.6588344573974609,0.0
3327,33,0.29758116602897644,0.19776956737041473,0.6588344573974609,0.0
3328,33,0.011811226606369019,0.19776956737041473,0.6588344573974609,0.0
3329,33,0.4316520690917969,0.19776956737041473,0.6588344573974609,0.0
3330,33,0.007823865860700607,0.19776956737041473,0.6588344573974609,0.0
3331,33,0.007828116416931152,0.19776956737041473,0.6588344573974609,0.0
3332,33,0.016466576606035233,0.19776956737041473,0.6588344573974609,0.0
3333,33,0.7859362363815308,0.19776956737041473,0.6588344573974609,0.0
3334,33,0.07390334457159042,0.19776956737041473,0.6588344573974609,0.0
3335,33,0.0032889489084482193,0.19776956737041473,0.6588344573974609,0.0
3336,33,0.020692994818091393,0.19776956737041473,0.6588344573974609,0.0
3337,33,0.6696045994758606,0.19776956737041473,0.6588344573974609,0.0
3338,33,0.003527687396854162,0.19776956737041473,0.6588344573974609,0.0
3339,33,0.24533671140670776,0.19776956737041473,0.6588344573974609,0.0
3340,33,0.1291777640581131,0.19776956737041473,0.6588344573974609,0.0
3341,33,0.06795770674943924,0.19776956737041473,0.6588344573974609,0.0
3342,33,0.013416084460914135,0.19776956737041473,0.6588344573974609,0.0
3343,33,0.030387721955776215,0.19776956737041473,0.6588344573974609,0.0
3344,33,0.05342145264148712,0.19776956737041473,0.6588344573974609,0.0
3345,33,0.13180258870124817,0.19776956737041473,0.6588344573974609,0.0
3346,33,0.343877375125885,0.19776956737041473,0.6588344573974609,0.0
3347,33,0.6543046832084656,0.19776956737041473,0.6588344573974609,0.0
3348,33,0.06444866955280304,0.19776956737041473,0.6588344573974609,0.0
3349,33,0.04857706278562546,0.19776956737041473,0.6588344573974609,0.0
3350,33,0.6013092994689941,0.19776956737041473,0.6588344573974609,0.0
3351,33,0.12947683036327362,0.19776956737041473,0.6588344573974609,0.0
3352,33,0.015633895993232727,0.19776956737041473,0.6588344573974609,0.0
3353,33,0.26205945014953613,0.19776956737041473,0.6588344573974609,0.0
3354,33,0.01994369365274906,0.19776956737041473,0.6588344573974609,0.0
3355,33,0.0977594330906868,0.19776956737041473,0.6588344573974609,0.0
3356,33,0.3209625780582428,0.19776956737041473,0.6588344573974609,0.0
3357,33,0.004419253207743168,0.19776956737041473,0.6588344573974609,0.0
3358,33,0.003112948965281248,0.19776956737041473,0.6588344573974609,0.0
3359,33,0.08305474370718002,0.19776956737041473,0.6588344573974609,0.0
3360,33,0.2346385419368744,0.19776956737041473,0.6588344573974609,0.0
3361,33,0.16550683975219727,0.19776956737041473,0.6588344573974609,0.0
3362,33,0.01767895370721817,0.19776956737041473,0.6588344573974609,0.0
3363,33,0.3912922739982605,0.19776956737041473,0.6588344573974609,0.0
3364,33,0.12218572944402695,0.19776956737041473,0.6588344573974609,0.0
3365,33,0.4844304323196411,0.19776956737041473,0.6588344573974609,0.0
3366,33,0.24439430236816406,0.19776956737041473,0.6588344573974609,0.0
3367,33,0.24439430236816406,0.039419133216142654,0.6588344573974609,0.0
3368,33,0.24439430236816406,0.11511877924203873,0.6588344573974609,0.0
3369,33,0.09454011917114258,0.11511877924203873,0.6588344573974609,0.0
3369,34,0.09454011917114258,0.11511877924203873,0.05450628697872162,0.0
3370,34,0.5528348684310913,0.11511877924203873,0.05450628697872162,0.0
3371,34,0.5168520212173462,0.11511877924203873,0.05450628697872162,0.0
3372,34,0.29988157749176025,0.11511877924203873,0.05450628697872162,0.0
3373,34,0.011182551272213459,0.11511877924203873,0.05450628697872162,0.0
3374,34,0.0044843112118542194,0.11511877924203873,0.05450628697872162,0.0
3375,34,0.6557996273040771,0.11511877924203873,0.05450628697872162,0.0
3376,34,0.034018829464912415,0.11511877924203873,0.05450628697872162,0.0
3377,34,0.004175710491836071,0.11511877924203873,0.05450628697872162,0.0
3378,34,0.0911036878824234,0.11511877924203873,0.05450628697872162,0.0
3379,34,0.03745971992611885,0.11511877924203873,0.05450628697872162,0.0
3380,34,0.5917213559150696,0.11511877924203873,0.05450628697872162,0.0
3381,34,0.10259555280208588,0.11511877924203873,0.05450628697872162,0.0
3382,34,0.5277528762817383,0.11511877924203873,0.05450628697872162,0.0
3383,34,0.026684146374464035,0.11511877924203873,0.05450628697872162,0.0
3384,34,0.009352186694741249,0.11511877924203873,0.05450628697872162,0.0
3385,34,0.039212532341480255,0.11511877924203873,0.05450628697872162,0.0
3386,34,0.0038384506478905678,0.11511877924203873,0.05450628697872162,0.0
3387,34,0.00407195882871747,0.11511877924203873,0.05450628697872162,0.0
3388,34,0.23141634464263916,0.11511877924203873,0.05450628697872162,0.0
3389,34,0.01604587957262993,0.11511877924203873,0.05450628697872162,0.0
3390,34,0.40636491775512695,0.11511877924203873,0.05450628697872162,0.0
3391,34,0.02154829353094101,0.11511877924203873,0.05450628697872162,0.0
3392,34,0.9083911776542664,0.11511877924203873,0.05450628697872162,0.0
3393,34,0.37478601932525635,0.11511877924203873,0.05450628697872162,0.0
3394,34,0.12345065176486969,0.11511877924203873,0.05450628697872162,0.0
3395,34,0.019537726417183876,0.11511877924203873,0.05450628697872162,0.0
3396,34,0.20519137382507324,0.11511877924203873,0.05450628697872162,0.0
3397,34,0.6168354749679565,0.11511877924203873,0.05450628697872162,0.0
3398,34,0.2950550615787506,0.11511877924203873,0.05450628697872162,0.0
3399,34,0.059406496584415436,0.11511877924203873,0.05450628697872162,0.0
3400,34,0.4480612277984619,0.11511877924203873,0.05450628697872162,0.0
3401,34,0.2958937883377075,0.11511877924203873,0.05450628697872162,0.0
3402,34,0.03380603343248367,0.11511877924203873,0.05450628697872162,0.0
3403,34,0.005660435184836388,0.11511877924203873,0.05450628697872162,0.0
3404,34,0.03309733048081398,0.11511877924203873,0.05450628697872162,0.0
3405,34,0.009906214661896229,0.11511877924203873,0.05450628697872162,0.0
3406,34,0.4484822452068329,0.11511877924203873,0.05450628697872162,0.0
3407,34,0.1669524908065796,0.11511877924203873,0.05450628697872162,0.0
3408,34,0.02017548680305481,0.11511877924203873,0.05450628697872162,0.0
3409,34,0.0027719875797629356,0.11511877924203873,0.05450628697872162,0.0
3410,34,0.24403336644172668,0.11511877924203873,0.05450628697872162,0.0
3411,34,0.7249860763549805,0.11511877924203873,0.05450628697872162,0.0
3412,34,0.004556814208626747,0.11511877924203873,0.05450628697872162,0.0
3413,34,0.23312386870384216,0.11511877924203873,0.05450628697872162,0.0
3414,34,0.019633259624242783,0.11511877924203873,0.05450628697872162,0.0
3415,34,0.00927453301846981,0.11511877924203873,0.05450628697872162,0.0
3416,34,0.010667593218386173,0.11511877924203873,0.05450628697872162,0.0
3417,34,0.06943249702453613,0.11511877924203873,0.05450628697872162,0.0
3418,34,0.03627676144242287,0.11511877924203873,0.05450628697872162,0.0
3419,34,0.06865620613098145,0.11511877924203873,0.05450628697872162,0.0
3420,34,0.36567914485931396,0.11511877924203873,0.05450628697872162,0.0
3421,34,0.07230866700410843,0.11511877924203873,0.05450628697872162,0.0
3422,34,0.007440778426826,0.11511877924203873,0.05450628697872162,0.0
3423,34,0.2739280164241791,0.11511877924203873,0.05450628697872162,0.0
3424,34,0.008370360359549522,0.11511877924203873,0.05450628697872162,0.0
3425,34,0.002248671604320407,0.11511877924203873,0.05450628697872162,0.0
3426,34,0.011096942238509655,0.11511877924203873,0.05450628697872162,0.0
3427,34,0.006192019209265709,0.11511877924203873,0.05450628697872162,0.0
3428,34,0.11828286945819855,0.11511877924203873,0.05450628697872162,0.0
3429,34,0.0231575109064579,0.11511877924203873,0.05450628697872162,0.0
3430,34,0.04059489071369171,0.11511877924203873,0.05450628697872162,0.0
3431,34,0.3400534987449646,0.11511877924203873,0.05450628697872162,0.0
3432,34,0.03575235977768898,0.11511877924203873,0.05450628697872162,0.0
3433,34,0.2696361839771271,0.11511877924203873,0.05450628697872162,0.0
3434,34,0.9226643443107605,0.11511877924203873,0.05450628697872162,0.0
3435,34,0.1687678098678589,0.11511877924203873,0.05450628697872162,0.0
3436,34,0.041932687163352966,0.11511877924203873,0.05450628697872162,0.0
3437,34,0.05590793117880821,0.11511877924203873,0.05450628697872162,0.0
3438,34,0.01431814581155777,0.11511877924203873,0.05450628697872162,0.0
3439,34,0.21890395879745483,0.11511877924203873,0.05450628697872162,0.0
3440,34,0.1735745668411255,0.11511877924203873,0.05450628697872162,0.0
3441,34,0.04597852751612663,0.11511877924203873,0.05450628697872162,0.0
3442,34,0.13009673357009888,0.11511877924203873,0.05450628697872162,0.0
3443,34,0.10425753146409988,0.11511877924203873,0.05450628697872162,0.0
3444,34,0.21260586380958557,0.11511877924203873,0.05450628697872162,0.0
3445,34,0.04404504597187042,0.11511877924203873,0.05450628697872162,0.0
3446,34,0.07585117220878601,0.11511877924203873,0.05450628697872162,0.0
3447,34,0.013035131618380547,0.11511877924203873,0.05450628697872162,0.0
3448,34,0.040256742388010025,0.11511877924203873,0.05450628697872162,0.0
3449,34,0.04491177201271057,0.11511877924203873,0.05450628697872162,0.0
3450,34,0.0049991668201982975,0.11511877924203873,0.05450628697872162,0.0
3451,34,0.022493112832307816,0.11511877924203873,0.05450628697872162,0.0
3452,34,0.09793420135974884,0.11511877924203873,0.05450628697872162,0.0
3453,34,0.011048058979213238,0.11511877924203873,0.05450628697872162,0.0
3454,34,0.020221833139657974,0.11511877924203873,0.05450628697872162,0.0
3455,34,0.04278046637773514,0.11511877924203873,0.05450628697872162,0.0
3456,34,0.008979777805507183,0.11511877924203873,0.05450628697872162,0.0
3457,34,0.5030441880226135,0.11511877924203873,0.05450628697872162,0.0
3458,34,0.005895850248634815,0.11511877924203873,0.05450628697872162,0.0
3459,34,0.48037487268447876,0.11511877924203873,0.05450628697872162,0.0
3460,34,0.0696922019124031,0.11511877924203873,0.05450628697872162,0.0
3461,34,0.007956230081617832,0.11511877924203873,0.05450628697872162,0.0
3462,34,0.01106695644557476,0.11511877924203873,0.05450628697872162,0.0
3463,34,0.018719136714935303,0.11511877924203873,0.05450628697872162,0.0
3464,34,0.2978213131427765,0.11511877924203873,0.05450628697872162,0.0
3465,34,0.020957686007022858,0.11511877924203873,0.05450628697872162,0.0
3466,34,0.04160252958536148,0.11511877924203873,0.05450628697872162,0.0
3467,34,0.014557205140590668,0.11511877924203873,0.05450628697872162,0.0
3468,34,0.30504220724105835,0.11511877924203873,0.05450628697872162,0.0
3469,34,0.30504220724105835,0.014608796685934067,0.05450628697872162,0.0
3470,34,0.30504220724105835,0.0038096322678029537,0.05450628697872162,0.0
3471,34,0.6109927892684937,0.0038096322678029537,0.05450628697872162,0.0
3471,35,0.6109927892684937,0.0038096322678029537,0.021586067974567413,0.0
3472,35,0.3196527659893036,0.0038096322678029537,0.021586067974567413,0.0
3473,35,0.5380454063415527,0.0038096322678029537,0.021586067974567413,0.0
3474,35,0.011687081307172775,0.0038096322678029537,0.021586067974567413,0.0
3475,35,0.030174992978572845,0.0038096322678029537,0.021586067974567413,0.0
3476,35,0.2020626962184906,0.0038096322678029537,0.021586067974567413,0.0
3477,35,0.006899611093103886,0.0038096322678029537,0.021586067974567413,0.0
3478,35,0.028175732120871544,0.0038096322678029537,0.021586067974567413,0.0
3479,35,0.1309947371482849,0.0038096322678029537,0.021586067974567413,0.0
3480,35,0.29841500520706177,0.0038096322678029537,0.021586067974567413,0.0
3481,35,0.12912550568580627,0.0038096322678029537,0.021586067974567413,0.0
3482,35,0.022087102755904198,0.0038096322678029537,0.021586067974567413,0.0
3483,35,0.24853573739528656,0.0038096322678029537,0.021586067974567413,0.0
3484,35,0.011953594163060188,0.0038096322678029537,0.021586067974567413,0.0
3485,35,0.14477556943893433,0.0038096322678029537,0.021586067974567413,0.0
3486,35,0.11360514909029007,0.0038096322678029537,0.021586067974567413,0.0
3487,35,0.025238309055566788,0.0038096322678029537,0.021586067974567413,0.0
3488,35,0.11884759366512299,0.0038096322678029537,0.021586067974567413,0.0
3489,35,0.42373383045196533,0.0038096322678029537,0.021586067974567413,0.0
3490,35,0.022329851984977722,0.0038096322678029537,0.021586067974567413,0.0
3491,35,0.1448420286178589,0.0038096322678029537,0.021586067974567413,0.0
3492,35,0.0041945744305849075,0.0038096322678029537,0.021586067974567413,0.0
3493,35,0.006020478904247284,0.0038096322678029537,0.021586067974567413,0.0
3494,35,0.042104482650756836,0.0038096322678029537,0.021586067974567413,0.0
3495,35,0.13333392143249512,0.0038096322678029537,0.021586067974567413,0.0
3496,35,0.057855818420648575,0.0038096322678029537,0.021586067974567413,0.0
3497,35,0.10076238214969635,0.0038096322678029537,0.021586067974567413,0.0
3498,35,0.002690643072128296,0.0038096322678029537,0.021586067974567413,0.0
3499,35,0.009213421493768692,0.0038096322678029537,0.021586067974567413,0.0
3500,35,0.1410929262638092,0.0038096322678029537,0.021586067974567413,0.0
3501,35,0.23997975885868073,0.0038096322678029537,0.021586067974567413,0.0
3502,35,0.1894749104976654,0.0038096322678029537,0.021586067974567413,0.0
3503,35,0.019072312861680984,0.0038096322678029537,0.021586067974567413,0.0
3504,35,0.008218040689826012,0.0038096322678029537,0.021586067974567413,0.0
3505,35,0.5723512172698975,0.0038096322678029537,0.021586067974567413,0.0
3506,35,0.01914525032043457,0.0038096322678029537,0.021586067974567413,0.0
3507,35,0.03943900763988495,0.0038096322678029537,0.021586067974567413,0.0
3508,35,0.1422300785779953,0.0038096322678029537,0.021586067974567413,0.0
3509,35,0.022016089409589767,0.0038096322678029537,0.021586067974567413,0.0
3510,35,0.9794116020202637,0.0038096322678029537,0.021586067974567413,0.0
3511,35,0.3149568438529968,0.0038096322678029537,0.021586067974567413,0.0
3512,35,0.4821128845214844,0.0038096322678029537,0.021586067974567413,0.0
3513,35,0.4034155011177063,0.0038096322678029537,0.021586067974567413,0.0
3514,35,0.03087962232530117,0.0038096322678029537,0.021586067974567413,0.0
3515,35,0.4744495749473572,0.0038096322678029537,0.021586067974567413,0.0
3516,35,0.01256517507135868,0.0038096322678029537,0.021586067974567413,0.0
3517,35,0.10579781234264374,0.0038096322678029537,0.021586067974567413,0.0
3518,35,0.19191086292266846,0.0038096322678029537,0.021586067974567413,0.0
3519,35,0.03923901915550232,0.0038096322678029537,0.021586067974567413,0.0
3520,35,0.007173468358814716,0.0038096322678029537,0.021586067974567413,0.0
3521,35,0.1354062855243683,0.0038096322678029537,0.021586067974567413,0.0
3522,35,0.08608241379261017,0.0038096322678029537,0.021586067974567413,0.0
3523,35,0.6489615440368652,0.0038096322678029537,0.021586067974567413,0.0
3524,35,0.008859111927449703,0.0038096322678029537,0.021586067974567413,0.0
3525,35,0.44870492815971375,0.0038096322678029537,0.021586067974567413,0.0
3526,35,0.054885923862457275,0.0038096322678029537,0.021586067974567413,0.0
3527,35,0.007124531082808971,0.0038096322678029537,0.021586067974567413,0.0
3528,35,0.2552243173122406,0.0038096322678029537,0.021586067974567413,0.0
3529,35,0.006148936226963997,0.0038096322678029537,0.021586067974567413,0.0
3530,35,0.03199397772550583,0.0038096322678029537,0.021586067974567413,0.0
3531,35,0.6781806349754333,0.0038096322678029537,0.021586067974567413,0.0
3532,35,0.01914435438811779,0.0038096322678029537,0.021586067974567413,0.0
3533,35,0.11602459102869034,0.0038096322678029537,0.021586067974567413,0.0
3534,35,0.010045507922768593,0.0038096322678029537,0.021586067974567413,0.0
3535,35,0.11867143213748932,0.0038096322678029537,0.021586067974567413,0.0
3536,35,0.13613858819007874,0.0038096322678029537,0.021586067974567413,0.0
3537,35,0.028641797602176666,0.0038096322678029537,0.021586067974567413,0.0
3538,35,0.9156003594398499,0.0038096322678029537,0.021586067974567413,0.0
3539,35,0.007203659042716026,0.0038096322678029537,0.021586067974567413,0.0
3540,35,0.30730971693992615,0.0038096322678029537,0.021586067974567413,0.0
3541,35,0.006837946828454733,0.0038096322678029537,0.021586067974567413,0.0
3542,35,0.053205572068691254,0.0038096322678029537,0.021586067974567413,0.0
3543,35,0.2690045237541199,0.0038096322678029537,0.021586067974567413,0.0
3544,35,0.2871089577674866,0.0038096322678029537,0.021586067974567413,0.0
3545,35,0.1734483540058136,0.0038096322678029537,0.021586067974567413,0.0
3546,35,0.21683460474014282,0.0038096322678029537,0.021586067974567413,0.0
3547,35,0.7246825695037842,0.0038096322678029537,0.021586067974567413,0.0
3548,35,0.12200960516929626,0.0038096322678029537,0.021586067974567413,0.0
3549,35,0.19200444221496582,0.0038096322678029537,0.021586067974567413,0.0
3550,35,0.03372166305780411,0.0038096322678029537,0.021586067974567413,0.0
3551,35,0.012666614726185799,0.0038096322678029537,0.021586067974567413,0.0
3552,35,0.06010889261960983,0.0038096322678029537,0.021586067974567413,0.0
3553,35,0.043614812195301056,0.0038096322678029537,0.021586067974567413,0.0
3554,35,0.38291698694229126,0.0038096322678029537,0.021586067974567413,0.0
3555,35,0.014769218862056732,0.0038096322678029537,0.021586067974567413,0.0
3556,35,0.09008493274450302,0.0038096322678029537,0.021586067974567413,0.0
3557,35,0.22130516171455383,0.0038096322678029537,0.021586067974567413,0.0
3558,35,0.43263477087020874,0.0038096322678029537,0.021586067974567413,0.0
3559,35,0.024522067978978157,0.0038096322678029537,0.021586067974567413,0.0
3560,35,0.43641504645347595,0.0038096322678029537,0.021586067974567413,0.0
3561,35,0.14778132736682892,0.0038096322678029537,0.021586067974567413,0.0
3562,35,0.3487620949745178,0.0038096322678029537,0.021586067974567413,0.0
3563,35,0.03543873131275177,0.0038096322678029537,0.021586067974567413,0.0
3564,35,0.023711439222097397,0.0038096322678029537,0.021586067974567413,0.0
3565,35,0.15388576686382294,0.0038096322678029537,0.021586067974567413,0.0
3566,35,0.1110527366399765,0.0038096322678029537,0.021586067974567413,0.0
3567,35,0.004259160719811916,0.0038096322678029537,0.021586067974567413,0.0
3568,35,0.004409297369420528,0.0038096322678029537,0.021586067974567413,0.0
3569,35,0.1259554773569107,0.0038096322678029537,0.021586067974567413,0.0
3570,35,0.03563667833805084,0.0038096322678029537,0.021586067974567413,0.0
3571,35,0.03563667833805084,0.1761545091867447,0.021586067974567413,0.0
3572,35,0.03563667833805084,0.07773134112358093,0.021586067974567413,0.0
3573,35,0.0056801591999828815,0.07773134112358093,0.021586067974567413,0.0
3573,36,0.0056801591999828815,0.07773134112358093,0.27109622955322266,0.0
3574,36,0.41802746057510376,0.07773134112358093,0.27109622955322266,0.0
3575,36,0.6422743797302246,0.07773134112358093,0.27109622955322266,0.0
3576,36,0.06768707931041718,0.07773134112358093,0.27109622955322266,0.0
3577,36,0.015299206599593163,0.07773134112358093,0.27109622955322266,0.0
3578,36,0.22085504233837128,0.07773134112358093,0.27109622955322266,0.0
3579,36,0.15565608441829681,0.07773134112358093,0.27109622955322266,0.0
3580,36,0.19192913174629211,0.07773134112358093,0.27109622955322266,0.0
3581,36,0.13076357543468475,0.07773134112358093,0.27109622955322266,0.0
3582,36,0.035616904497146606,0.07773134112358093,0.27109622955322266,0.0
3583,36,0.014286985620856285,0.07773134112358093,0.27109622955322266,0.0
3584,36,0.11205428093671799,0.07773134112358093,0.27109622955322266,0.0
3585,36,0.06383229792118073,0.07773134112358093,0.27109622955322266,0.0
3586,36,0.011726029217243195,0.07773134112358093,0.27109622955322266,0.0
3587,36,0.017048155888915062,0.07773134112358093,0.27109622955322266,0.0
3588,36,0.5249983668327332,0.07773134112358093,0.27109622955322266,0.0
3589,36,0.0463920459151268,0.07773134112358093,0.27109622955322266,0.0
3590,36,0.058995433151721954,0.07773134112358093,0.27109622955322266,0.0
3591,36,0.016016066074371338,0.07773134112358093,0.27109622955322266,0.0
3592,36,0.10081997513771057,0.07773134112358093,0.27109622955322266,0.0
3593,36,0.8741737604141235,0.07773134112358093,0.27109622955322266,0.0
3594,36,0.07324223220348358,0.07773134112358093,0.27109622955322266,0.0
3595,36,0.005442501977086067,0.07773134112358093,0.27109622955322266,0.0
3596,36,0.029642663896083832,0.07773134112358093,0.27109622955322266,0.0
3597,36,0.02463454380631447,0.07773134112358093,0.27109622955322266,0.0
3598,36,0.0036795889027416706,0.07773134112358093,0.27109622955322266,0.0
3599,36,0.11524295806884766,0.07773134112358093,0.27109622955322266,0.0
3600,36,0.04469894617795944,0.07773134112358093,0.27109622955322266,0.0
3601,36,0.155273899435997,0.07773134112358093,0.27109622955322266,0.0
3602,36,0.07644868642091751,0.07773134112358093,0.27109622955322266,0.0
3603,36,0.01624968834221363,0.07773134112358093,0.27109622955322266,0.0
3604,36,0.063426673412323,0.07773134112358093,0.27109622955322266,0.0
3605,36,0.018755458295345306,0.07773134112358093,0.27109622955322266,0.0
3606,36,0.2167178988456726,0.07773134112358093,0.27109622955322266,0.0
3607,36,0.0072961486876010895,0.07773134112358093,0.27109622955322266,0.0
3608,36,0.05812247470021248,0.07773134112358093,0.27109622955322266,0.0
3609,36,0.0934934914112091,0.07773134112358093,0.27109622955322266,0.0
3610,36,0.07718475908041,0.07773134112358093,0.27109622955322266,0.0
3611,36,0.031840115785598755,0.07773134112358093,0.27109622955322266,0.0
3612,36,0.005598732735961676,0.07773134112358093,0.27109622955322266,0.0
3613,36,0.048300281167030334,0.07773134112358093,0.27109622955322266,0.0
3614,36,0.03336203098297119,0.07773134112358093,0.27109622955322266,0.0
3615,36,0.10112635046243668,0.07773134112358093,0.27109622955322266,0.0
3616,36,0.3502761721611023,0.07773134112358093,0.27109622955322266,0.0
3617,36,0.02572466805577278,0.07773134112358093,0.27109622955322266,0.0
3618,36,0.08281838893890381,0.07773134112358093,0.27109622955322266,0.0
3619,36,0.003984794020652771,0.07773134112358093,0.27109622955322266,0.0
3620,36,0.3034893274307251,0.07773134112358093,0.27109622955322266,0.0
3621,36,0.11228109896183014,0.07773134112358093,0.27109622955322266,0.0
3622,36,0.3266356289386749,0.07773134112358093,0.27109622955322266,0.0
3623,36,0.08217520266771317,0.07773134112358093,0.27109622955322266,0.0
3624,36,0.03953741863369942,0.07773134112358093,0.27109622955322266,0.0
3625,36,0.007777345832437277,0.07773134112358093,0.27109622955322266,0.0
3626,36,0.037184108048677444,0.07773134112358093,0.27109622955322266,0.0
3627,36,0.004647066816687584,0.07773134112358093,0.27109622955322266,0.0
3628,36,0.11005569994449615,0.07773134112358093,0.27109622955322266,0.0
3629,36,0.0029310090467333794,0.07773134112358093,0.27109622955322266,0.0
3630,36,0.8189831972122192,0.07773134112358093,0.27109622955322266,0.0
3631,36,0.007427896838635206,0.07773134112358093,0.27109622955322266,0.0
3632,36,0.16339996457099915,0.07773134112358093,0.27109622955322266,0.0
3633,36,0.032518841326236725,0.07773134112358093,0.27109622955322266,0.0
3634,36,0.32661139965057373,0.07773134112358093,0.27109622955322266,0.0
3635,36,0.023079870268702507,0.07773134112358093,0.27109622955322266,0.0
3636,36,0.2892616391181946,0.07773134112358093,0.27109622955322266,0.0
3637,36,0.0986722856760025,0.07773134112358093,0.27109622955322266,0.0
3638,36,0.02982492372393608,0.07773134112358093,0.27109622955322266,0.0
3639,36,0.026765625923871994,0.07773134112358093,0.27109622955322266,0.0
3640,36,0.45912399888038635,0.07773134112358093,0.27109622955322266,0.0
3641,36,0.00435298215597868,0.07773134112358093,0.27109622955322266,0.0
3642,36,0.29235148429870605,0.07773134112358093,0.27109622955322266,0.0
3643,36,0.08727497607469559,0.07773134112358093,0.27109622955322266,0.0
3644,36,0.028631340712308884,0.07773134112358093,0.27109622955322266,0.0
3645,36,0.006645047105848789,0.07773134112358093,0.27109622955322266,0.0
3646,36,0.005968472454696894,0.07773134112358093,0.27109622955322266,0.0
3647,36,0.15665176510810852,0.07773134112358093,0.27109622955322266,0.0
3648,36,0.0231335386633873,0.07773134112358093,0.27109622955322266,0.0
3649,36,0.00707597192376852,0.07773134112358093,0.27109622955322266,0.0
3650,36,0.14037129282951355,0.07773134112358093,0.27109622955322266,0.0
3651,36,0.0038030194118618965,0.07773134112358093,0.27109622955322266,0.0
3652,36,0.007281893864274025,0.07773134112358093,0.27109622955322266,0.0
3653,36,0.012392350472509861,0.07773134112358093,0.27109622955322266,0.0
3654,36,0.10240623354911804,0.07773134112358093,0.27109622955322266,0.0
3655,36,0.35540837049484253,0.07773134112358093,0.27109622955322266,0.0
3656,36,0.06875565648078918,0.07773134112358093,0.27109622955322266,0.0
3657,36,0.2766611576080322,0.07773134112358093,0.27109622955322266,0.0
3658,36,0.024670075625181198,0.07773134112358093,0.27109622955322266,0.0
3659,36,0.08219737559556961,0.07773134112358093,0.27109622955322266,0.0
3660,36,0.01895858161151409,0.07773134112358093,0.27109622955322266,0.0
3661,36,0.009121332317590714,0.07773134112358093,0.27109622955322266,0.0
3662,36,0.07932794094085693,0.07773134112358093,0.27109622955322266,0.0
3663,36,0.07506687194108963,0.07773134112358093,0.27109622955322266,0.0
3664,36,0.06274160742759705,0.07773134112358093,0.27109622955322266,0.0
3665,36,0.017899569123983383,0.07773134112358093,0.27109622955322266,0.0
3666,36,0.009261216968297958,0.07773134112358093,0.27109622955322266,0.0
3667,36,0.0629362091422081,0.07773134112358093,0.27109622955322266,0.0
3668,36,0.8841209411621094,0.07773134112358093,0.27109622955322266,0.0
3669,36,0.06621761620044708,0.07773134112358093,0.27109622955322266,0.0
3670,36,0.018735339865088463,0.07773134112358093,0.27109622955322266,0.0
3671,36,0.13186316192150116,0.07773134112358093,0.27109622955322266,0.0
3672,36,0.004417242482304573,0.07773134112358093,0.27109622955322266,0.0
3673,36,0.004417242482304573,0.5000507235527039,0.27109622955322266,0.0
3674,36,0.004417242482304573,0.023638861253857613,0.27109622955322266,0.0
3675,36,0.6058371663093567,0.023638861253857613,0.27109622955322266,0.0
3675,37,0.6058371663093567,0.023638861253857613,0.08424188941717148,0.0
3676,37,0.006639847066253424,0.023638861253857613,0.08424188941717148,0.0
3677,37,0.02271757461130619,0.023638861253857613,0.08424188941717148,0.0
3678,37,0.061696819961071014,0.023638861253857613,0.08424188941717148,0.0
3679,37,0.010490421205759048,0.023638861253857613,0.08424188941717148,0.0
3680,37,0.4070329964160919,0.023638861253857613,0.08424188941717148,0.0
3681,37,0.014236729592084885,0.023638861253857613,0.08424188941717148,0.0
3682,37,0.27665841579437256,0.023638861253857613,0.08424188941717148,0.0
3683,37,0.014970884658396244,0.023638861253857613,0.08424188941717148,0.0
3684,37,0.02742314338684082,0.023638861253857613,0.08424188941717148,0.0
3685,37,0.08465532213449478,0.023638861253857613,0.08424188941717148,0.0
3686,37,0.013104621320962906,0.023638861253857613,0.08424188941717148,0.0
3687,37,0.042285069823265076,0.023638861253857613,0.08424188941717148,0.0
3688,37,0.0071499948389828205,0.023638861253857613,0.08424188941717148,0.0
3689,37,0.12334509193897247,0.023638861253857613,0.08424188941717148,0.0
3690,37,0.007896839641034603,0.023638861253857613,0.08424188941717148,0.0
3691,37,0.0353543646633625,0.023638861253857613,0.08424188941717148,0.0
3692,37,0.39467746019363403,0.023638861253857613,0.08424188941717148,0.0
3693,37,0.030936840921640396,0.023638861253857613,0.08424188941717148,0.0
3694,37,0.1803942322731018,0.023638861253857613,0.08424188941717148,0.0
3695,37,0.6909371614456177,0.023638861253857613,0.08424188941717148,0.0
3696,37,0.5852987766265869,0.023638861253857613,0.08424188941717148,0.0
3697,37,0.2019711434841156,0.023638861253857613,0.08424188941717148,0.0
3698,37,0.0832660049200058,0.023638861253857613,0.08424188941717148,0.0
3699,37,0.0639350637793541,0.023638861253857613,0.08424188941717148,0.0
3700,37,0.24565477669239044,0.023638861253857613,0.08424188941717148,0.0
3701,37,0.137596994638443,0.023638861253857613,0.08424188941717148,0.0
3702,37,0.01394865196198225,0.023638861253857613,0.08424188941717148,0.0
3703,37,0.6547621488571167,0.023638861253857613,0.08424188941717148,0.0
3704,37,0.014080248773097992,0.023638861253857613,0.08424188941717148,0.0
3705,37,0.49328526854515076,0.023638861253857613,0.08424188941717148,0.0
3706,37,0.09788542985916138,0.023638861253857613,0.08424188941717148,0.0
3707,37,0.005737684201449156,0.023638861253857613,0.08424188941717148,0.0
3708,37,0.01844014786183834,0.023638861253857613,0.08424188941717148,0.0
3709,37,0.014675463549792767,0.023638861253857613,0.08424188941717148,0.0
3710,37,0.5211865901947021,0.023638861253857613,0.08424188941717148,0.0
3711,37,0.1811157763004303,0.023638861253857613,0.08424188941717148,0.0
3712,37,0.013924295082688332,0.023638861253857613,0.08424188941717148,0.0
3713,37,0.02553466707468033,0.023638861253857613,0.08424188941717148,0.0
3714,37,0.05215539038181305,0.023638861253857613,0.08424188941717148,0.0
3715,37,0.04509265348315239,0.023638861253857613,0.08424188941717148,0.0
3716,37,0.007233140058815479,0.023638861253857613,0.08424188941717148,0.0
3717,37,0.15498578548431396,0.023638861253857613,0.08424188941717148,0.0
3718,37,0.1899949014186859,0.023638861253857613,0.08424188941717148,0.0
3719,37,0.4130975604057312,0.023638861253857613,0.08424188941717148,0.0
3720,37,0.0491786003112793,0.023638861253857613,0.08424188941717148,0.0
3721,37,0.028654076159000397,0.023638861253857613,0.08424188941717148,0.0
3722,37,0.4458187222480774,0.023638861253857613,0.08424188941717148,0.0
3723,37,0.5068436861038208,0.023638861253857613,0.08424188941717148,0.0
3724,37,0.35964807868003845,0.023638861253857613,0.08424188941717148,0.0
3725,37,0.0791701078414917,0.023638861253857613,0.08424188941717148,0.0
3726,37,0.08819978684186935,0.023638861253857613,0.08424188941717148,0.0
3727,37,0.008698450401425362,0.023638861253857613,0.08424188941717148,0.0
3728,37,0.07669896632432938,0.023638861253857613,0.08424188941717148,0.0
3729,37,0.009719567373394966,0.023638861253857613,0.08424188941717148,0.0
3730,37,0.44554567337036133,0.023638861253857613,0.08424188941717148,0.0
3731,37,0.06029655784368515,0.023638861253857613,0.08424188941717148,0.0
3732,37,0.011719217523932457,0.023638861253857613,0.08424188941717148,0.0
3733,37,0.07443298399448395,0.023638861253857613,0.08424188941717148,0.0
3734,37,0.3284895122051239,0.023638861253857613,0.08424188941717148,0.0
3735,37,0.05050959438085556,0.023638861253857613,0.08424188941717148,0.0
3736,37,0.07913721352815628,0.023638861253857613,0.08424188941717148,0.0
3737,37,0.1282341480255127,0.023638861253857613,0.08424188941717148,0.0
3738,37,0.021692149341106415,0.023638861253857613,0.08424188941717148,0.0
3739,37,0.015184848569333553,0.023638861253857613,0.08424188941717148,0.0
3740,37,0.022272005677223206,0.023638861253857613,0.08424188941717148,0.0
3741,37,0.03990917652845383,0.023638861253857613,0.08424188941717148,0.0
3742,37,0.07636359333992004,0.023638861253857613,0.08424188941717148,0.0
3743,37,0.37629449367523193,0.023638861253857613,0.08424188941717148,0.0
3744,37,0.17479421198368073,0.023638861253857613,0.08424188941717148,0.0
3745,37,0.5406444072723389,0.023638861253857613,0.08424188941717148,0.0
3746,37,0.007731392979621887,0.023638861253857613,0.08424188941717148,0.0
3747,37,0.07830201089382172,0.023638861253857613,0.08424188941717148,0.0
3748,37,0.023032154887914658,0.023638861253857613,0.08424188941717148,0.0
3749,37,0.029499080032110214,0.023638861253857613,0.08424188941717148,0.0
3750,37,0.0033560292795300484,0.023638861253857613,0.08424188941717148,0.0
3751,37,0.23600006103515625,0.023638861253857613,0.08424188941717148,0.0
3752,37,0.008549091406166553,0.023638861253857613,0.08424188941717148,0.0
3753,37,0.03417956084012985,0.023638861253857613,0.08424188941717148,0.0
3754,37,0.11578027904033661,0.023638861253857613,0.08424188941717148,0.0
3755,37,0.05851166695356369,0.023638861253857613,0.08424188941717148,0.0
3756,37,0.0018515639239922166,0.023638861253857613,0.08424188941717148,0.0
3757,37,0.41528692841529846,0.023638861253857613,0.08424188941717148,0.0
3758,37,0.011858509853482246,0.023638861253857613,0.08424188941717148,0.0
3759,37,0.03743092715740204,0.023638861253857613,0.08424188941717148,0.0
3760,37,0.2034926414489746,0.023638861253857613,0.08424188941717148,0.0
3761,37,0.08074918389320374,0.023638861253857613,0.08424188941717148,0.0
3762,37,0.018883116543293,0.023638861253857613,0.08424188941717148,0.0
3763,37,0.10012444108724594,0.023638861253857613,0.08424188941717148,0.0
3764,37,0.31863367557525635,0.023638861253857613,0.08424188941717148,0.0
3765,37,0.02113475278019905,0.023638861253857613,0.08424188941717148,0.0
3766,37,0.07663406431674957,0.023638861253857613,0.08424188941717148,0.0
3767,37,0.004112756345421076,0.023638861253857613,0.08424188941717148,0.0
3768,37,0.003511315444484353,0.023638861253857613,0.08424188941717148,0.0
3769,37,0.013691721484065056,0.023638861253857613,0.08424188941717148,0.0
3770,37,0.18151846528053284,0.023638861253857613,0.08424188941717148,0.0
3771,37,0.7562050819396973,0.023638861253857613,0.08424188941717148,0.0
3772,37,0.34494683146476746,0.023638861253857613,0.08424188941717148,0.0
3773,37,0.024462345987558365,0.023638861253857613,0.08424188941717148,0.0
3774,37,0.063073068857193,0.023638861253857613,0.08424188941717148,0.0
3775,37,0.063073068857193,0.04834428429603577,0.08424188941717148,0.0
3776,37,0.063073068857193,0.1574825793504715,0.08424188941717148,0.0
3777,37,0.09433672577142715,0.1574825793504715,0.08424188941717148,0.0
3777,38,0.09433672577142715,0.1574825793504715,0.0423821359872818,0.0
3778,38,0.021440889686346054,0.1574825793504715,0.0423821359872818,0.0
3779,38,0.3729865550994873,0.1574825793504715,0.0423821359872818,0.0
3780,38,0.11967931687831879,0.1574825793504715,0.0423821359872818,0.0
3781,38,0.7584033012390137,0.1574825793504715,0.0423821359872818,0.0
3782,38,0.3359754979610443,0.1574825793504715,0.0423821359872818,0.0
3783,38,0.22428423166275024,0.1574825793504715,0.0423821359872818,0.0
3784,38,0.08377862721681595,0.1574825793504715,0.0423821359872818,0.0
3785,38,0.6786420345306396,0.1574825793504715,0.0423821359872818,0.0
3786,38,0.8696385622024536,0.1574825793504715,0.0423821359872818,0.0
3787,38,0.0053312331438064575,0.1574825793504715,0.0423821359872818,0.0
3788,38,0.13081026077270508,0.1574825793504715,0.0423821359872818,0.0
3789,38,0.10306896269321442,0.1574825793504715,0.0423821359872818,0.0
3790,38,0.008464985527098179,0.1574825793504715,0.0423821359872818,0.0
3791,38,0.003533175215125084,0.1574825793504715,0.0423821359872818,0.0
3792,38,0.025949489325284958,0.1574825793504715,0.0423821359872818,0.0
3793,38,0.002219559159129858,0.1574825793504715,0.0423821359872818,0.0
3794,38,0.07494944334030151,0.1574825793504715,0.0423821359872818,0.0
3795,38,0.003177545964717865,0.1574825793504715,0.0423821359872818,0.0
3796,38,0.006605122238397598,0.1574825793504715,0.0423821359872818,0.0
3797,38,0.006041330751031637,0.1574825793504715,0.0423821359872818,0.0
3798,38,0.2430347353219986,0.1574825793504715,0.0423821359872818,0.0
3799,38,0.023137731477618217,0.1574825793504715,0.0423821359872818,0.0
3800,38,0.03011365234851837,0.1574825793504715,0.0423821359872818,0.0
3801,38,0.02802892215549946,0.1574825793504715,0.0423821359872818,0.0
3802,38,0.030229201540350914,0.1574825793504715,0.0423821359872818,0.0
3803,38,0.3895493447780609,0.1574825793504715,0.0423821359872818,0.0
3804,38,0.307331383228302,0.1574825793504715,0.0423821359872818,0.0
3805,38,0.0742512047290802,0.1574825793504715,0.0423821359872818,0.0
3806,38,0.6818656325340271,0.1574825793504715,0.0423821359872818,0.0
3807,38,0.7331118583679199,0.1574825793504715,0.0423821359872818,0.0
3808,38,0.2735505700111389,0.1574825793504715,0.0423821359872818,0.0
3809,38,0.053323373198509216,0.1574825793504715,0.0423821359872818,0.0
3810,38,0.13552942872047424,0.1574825793504715,0.0423821359872818,0.0
3811,38,0.03406869247555733,0.1574825793504715,0.0423821359872818,0.0
3812,38,0.06846433877944946,0.1574825793504715,0.0423821359872818,0.0
3813,38,0.0030562016181647778,0.1574825793504715,0.0423821359872818,0.0
3814,38,0.70880126953125,0.1574825793504715,0.0423821359872818,0.0
3815,38,0.007279572077095509,0.1574825793504715,0.0423821359872818,0.0
3816,38,0.09206651896238327,0.1574825793504715,0.0423821359872818,0.0
3817,38,0.15635079145431519,0.1574825793504715,0.0423821359872818,0.0
3818,38,0.005584084894508123,0.1574825793504715,0.0423821359872818,0.0
3819,38,0.2347239851951599,0.1574825793504715,0.0423821359872818,0.0
3820,38,0.003978101536631584,0.1574825793504715,0.0423821359872818,0.0
3821,38,0.05223483964800835,0.1574825793504715,0.0423821359872818,0.0
3822,38,0.29867565631866455,0.1574825793504715,0.0423821359872818,0.0
3823,38,0.044964466243982315,0.1574825793504715,0.0423821359872818,0.0
3824,38,0.12645627558231354,0.1574825793504715,0.0423821359872818,0.0
3825,38,0.10157984495162964,0.1574825793504715,0.0423821359872818,0.0
3826,38,0.010372091084718704,0.1574825793504715,0.0423821359872818,0.0
3827,38,0.15719661116600037,0.1574825793504715,0.0423821359872818,0.0
3828,38,0.09151981770992279,0.1574825793504715,0.0423821359872818,0.0
3829,38,0.003980571404099464,0.1574825793504715,0.0423821359872818,0.0
3830,38,0.5785180926322937,0.1574825793504715,0.0423821359872818,0.0
3831,38,0.018560901284217834,0.1574825793504715,0.0423821359872818,0.0
3832,38,0.08736086636781693,0.1574825793504715,0.0423821359872818,0.0
3833,38,0.08484510332345963,0.1574825793504715,0.0423821359872818,0.0
3834,38,0.2713965177536011,0.1574825793504715,0.0423821359872818,0.0
3835,38,0.09079471230506897,0.1574825793504715,0.0423821359872818,0.0
3836,38,0.017977947369217873,0.1574825793504715,0.0423821359872818,0.0
3837,38,0.448131799697876,0.1574825793504715,0.0423821359872818,0.0
3838,38,0.004333687014877796,0.1574825793504715,0.0423821359872818,0.0
3839,38,0.05773155391216278,0.1574825793504715,0.0423821359872818,0.0
3840,38,0.024315696209669113,0.1574825793504715,0.0423821359872818,0.0
3841,38,0.4188969135284424,0.1574825793504715,0.0423821359872818,0.0
3842,38,0.1971091479063034,0.1574825793504715,0.0423821359872818,0.0
3843,38,0.03340119868516922,0.1574825793504715,0.0423821359872818,0.0
3844,38,0.027812037616968155,0.1574825793504715,0.0423821359872818,0.0
3845,38,0.05905027315020561,0.1574825793504715,0.0423821359872818,0.0
3846,38,0.19609542191028595,0.1574825793504715,0.0423821359872818,0.0
3847,38,0.01180022582411766,0.1574825793504715,0.0423821359872818,0.0
3848,38,0.45570409297943115,0.1574825793504715,0.0423821359872818,0.0
3849,38,0.11539441347122192,0.1574825793504715,0.0423821359872818,0.0
3850,38,0.24150721728801727,0.1574825793504715,0.0423821359872818,0.0
3851,38,0.09644080698490143,0.1574825793504715,0.0423821359872818,0.0
3852,38,0.4818287491798401,0.1574825793504715,0.0423821359872818,0.0
3853,38,0.10588424652814865,0.1574825793504715,0.0423821359872818,0.0
3854,38,0.021351343020796776,0.1574825793504715,0.0423821359872818,0.0
3855,38,0.02334568277001381,0.1574825793504715,0.0423821359872818,0.0
3856,38,0.33936041593551636,0.1574825793504715,0.0423821359872818,0.0
3857,38,0.1869659125804901,0.1574825793504715,0.0423821359872818,0.0
3858,38,0.0578312911093235,0.1574825793504715,0.0423821359872818,0.0
3859,38,0.03059479594230652,0.1574825793504715,0.0423821359872818,0.0
3860,38,0.02198329195380211,0.1574825793504715,0.0423821359872818,0.0
3861,38,0.008047493174672127,0.1574825793504715,0.0423821359872818,0.0
3862,38,0.03222056105732918,0.1574825793504715,0.0423821359872818,0.0
3863,38,0.05350881814956665,0.1574825793504715,0.0423821359872818,0.0
3864,38,0.11498776823282242,0.1574825793504715,0.0423821359872818,0.0
3865,38,0.02847912535071373,0.1574825793504715,0.0423821359872818,0.0
3866,38,0.11241967976093292,0.1574825793504715,0.0423821359872818,0.0
3867,38,0.021394414827227592,0.1574825793504715,0.0423821359872818,0.0
3868,38,0.0041426680982112885,0.1574825793504715,0.0423821359872818,0.0
3869,38,0.025222446769475937,0.1574825793504715,0.0423821359872818,0.0
3870,38,0.0772966518998146,0.1574825793504715,0.0423821359872818,0.0
3871,38,0.56288743019104,0.1574825793504715,0.0423821359872818,0.0
3872,38,0.019301343709230423,0.1574825793504715,0.0423821359872818,0.0
3873,38,0.5350239276885986,0.1574825793504715,0.0423821359872818,0.0
3874,38,0.03698812425136566,0.1574825793504715,0.0423821359872818,0.0
3875,38,0.1453225016593933,0.1574825793504715,0.0423821359872818,0.0
3876,38,0.021844588220119476,0.1574825793504715,0.0423821359872818,0.0
3877,38,0.021844588220119476,0.054025083780288696,0.0423821359872818,0.0
3878,38,0.021844588220119476,0.16386793553829193,0.0423821359872818,0.0
3879,38,0.15086378157138824,0.16386793553829193,0.0423821359872818,0.0
3879,39,0.15086378157138824,0.16386793553829193,0.3956209719181061,0.0
3880,39,0.020575253292918205,0.16386793553829193,0.3956209719181061,0.0
3881,39,0.03535040467977524,0.16386793553829193,0.3956209719181061,0.0
3882,39,0.0040950896218419075,0.16386793553829193,0.3956209719181061,0.0
3883,39,0.027843892574310303,0.16386793553829193,0.3956209719181061,0.0
3884,39,0.05860842764377594,0.16386793553829193,0.3956209719181061,0.0
3885,39,0.013779895380139351,0.16386793553829193,0.3956209719181061,0.0
3886,39,0.06457136571407318,0.16386793553829193,0.3956209719181061,0.0
3887,39,0.5795490741729736,0.16386793553829193,0.3956209719181061,0.0
3888,39,0.007493834942579269,0.16386793553829193,0.3956209719181061,0.0
3889,39,0.011958232149481773,0.16386793553829193,0.3956209719181061,0.0
3890,39,0.2594206631183624,0.16386793553829193,0.3956209719181061,0.0
3891,39,0.18487586081027985,0.16386793553829193,0.3956209719181061,0.0
3892,39,0.12340980768203735,0.16386793553829193,0.3956209719181061,0.0
3893,39,0.0347631499171257,0.16386793553829193,0.3956209719181061,0.0
3894,39,0.00586931686848402,0.16386793553829193,0.3956209719181061,0.0
3895,39,0.2731068730354309,0.16386793553829193,0.3956209719181061,0.0
3896,39,0.004451557993888855,0.16386793553829193,0.3956209719181061,0.0
3897,39,0.010616961866617203,0.16386793553829193,0.3956209719181061,0.0
3898,39,0.3507380783557892,0.16386793553829193,0.3956209719181061,0.0
3899,39,0.13704253733158112,0.16386793553829193,0.3956209719181061,0.0
3900,39,0.0047369422391057014,0.16386793553829193,0.3956209719181061,0.0
3901,39,0.05312968045473099,0.16386793553829193,0.3956209719181061,0.0
3902,39,0.015690917149186134,0.16386793553829193,0.3956209719181061,0.0
3903,39,0.19092680513858795,0.16386793553829193,0.3956209719181061,0.0
3904,39,0.16298124194145203,0.16386793553829193,0.3956209719181061,0.0
3905,39,0.08964751660823822,0.16386793553829193,0.3956209719181061,0.0
3906,39,0.5828818082809448,0.16386793553829193,0.3956209719181061,0.0
3907,39,0.14556929469108582,0.16386793553829193,0.3956209719181061,0.0
3908,39,0.14103981852531433,0.16386793553829193,0.3956209719181061,0.0
3909,39,0.009908467531204224,0.16386793553829193,0.3956209719181061,0.0
3910,39,0.0031888154335319996,0.16386793553829193,0.3956209719181061,0.0
3911,39,0.098558209836483,0.16386793553829193,0.3956209719181061,0.0
3912,39,0.0038680057041347027,0.16386793553829193,0.3956209719181061,0.0
3913,39,0.018640024587512016,0.16386793553829193,0.3956209719181061,0.0
3914,39,0.0494353324174881,0.16386793553829193,0.3956209719181061,0.0
3915,39,0.1019485667347908,0.16386793553829193,0.3956209719181061,0.0
3916,39,0.02038070559501648,0.16386793553829193,0.3956209719181061,0.0
3917,39,0.0054569547064602375,0.16386793553829193,0.3956209719181061,0.0
3918,39,0.6328660249710083,0.16386793553829193,0.3956209719181061,0.0
3919,39,0.32529759407043457,0.16386793553829193,0.3956209719181061,0.0
3920,39,0.22970888018608093,0.16386793553829193,0.3956209719181061,0.0
3921,39,0.004535330925136805,0.16386793553829193,0.3956209719181061,0.0
3922,39,0.003449047217145562,0.16386793553829193,0.3956209719181061,0.0
3923,39,0.35639023780822754,0.16386793553829193,0.3956209719181061,0.0
3924,39,0.3536858558654785,0.16386793553829193,0.3956209719181061,0.0
3925,39,0.1561879962682724,0.16386793553829193,0.3956209719181061,0.0
3926,39,0.005464266054332256,0.16386793553829193,0.3956209719181061,0.0
3927,39,0.2569687068462372,0.16386793553829193,0.3956209719181061,0.0
3928,39,0.011985531076788902,0.16386793553829193,0.3956209719181061,0.0
3929,39,0.011310575529932976,0.16386793553829193,0.3956209719181061,0.0
3930,39,0.0029852394945919514,0.16386793553829193,0.3956209719181061,0.0
3931,39,0.011582067236304283,0.16386793553829193,0.3956209719181061,0.0
3932,39,0.8417115807533264,0.16386793553829193,0.3956209719181061,0.0
3933,39,0.48541098833084106,0.16386793553829193,0.3956209719181061,0.0
3934,39,0.23528209328651428,0.16386793553829193,0.3956209719181061,0.0
3935,39,0.011532144621014595,0.16386793553829193,0.3956209719181061,0.0
3936,39,0.32447105646133423,0.16386793553829193,0.3956209719181061,0.0
3937,39,0.19071416556835175,0.16386793553829193,0.3956209719181061,0.0
3938,39,0.0043243709951639175,0.16386793553829193,0.3956209719181061,0.0
3939,39,0.01897638477385044,0.16386793553829193,0.3956209719181061,0.0
3940,39,0.21403910219669342,0.16386793553829193,0.3956209719181061,0.0
3941,39,0.008315689861774445,0.16386793553829193,0.3956209719181061,0.0
3942,39,0.18829292058944702,0.16386793553829193,0.3956209719181061,0.0
3943,39,0.0077204154804348946,0.16386793553829193,0.3956209719181061,0.0
3944,39,0.10258142650127411,0.16386793553829193,0.3956209719181061,0.0
3945,39,0.1929444670677185,0.16386793553829193,0.3956209719181061,0.0
3946,39,0.007281131111085415,0.16386793553829193,0.3956209719181061,0.0
3947,39,0.00951447244733572,0.16386793553829193,0.3956209719181061,0.0
3948,39,0.7478671073913574,0.16386793553829193,0.3956209719181061,0.0
3949,39,0.47607308626174927,0.16386793553829193,0.3956209719181061,0.0
3950,39,0.01933658868074417,0.16386793553829193,0.3956209719181061,0.0
3951,39,0.13193747401237488,0.16386793553829193,0.3956209719181061,0.0
3952,39,0.13878165185451508,0.16386793553829193,0.3956209719181061,0.0
3953,39,0.08397752046585083,0.16386793553829193,0.3956209719181061,0.0
3954,39,0.07718068361282349,0.16386793553829193,0.3956209719181061,0.0
3955,39,0.04831711947917938,0.16386793553829193,0.3956209719181061,0.0
3956,39,0.9032223224639893,0.16386793553829193,0.3956209719181061,0.0
3957,39,0.004512928891927004,0.16386793553829193,0.3956209719181061,0.0
3958,39,0.2287469506263733,0.16386793553829193,0.3956209719181061,0.0
3959,39,0.004298527259379625,0.16386793553829193,0.3956209719181061,0.0
3960,39,0.02088264748454094,0.16386793553829193,0.3956209719181061,0.0
3961,39,0.1499650478363037,0.16386793553829193,0.3956209719181061,0.0
3962,39,0.0045250956900417805,0.16386793553829193,0.3956209719181061,0.0
3963,39,0.033885277807712555,0.16386793553829193,0.3956209719181061,0.0
3964,39,0.2042870968580246,0.16386793553829193,0.3956209719181061,0.0
3965,39,0.7069726586341858,0.16386793553829193,0.3956209719181061,0.0
3966,39,0.635369062423706,0.16386793553829193,0.3956209719181061,0.0
3967,39,0.06757637858390808,0.16386793553829193,0.3956209719181061,0.0
3968,39,0.005676246248185635,0.16386793553829193,0.3956209719181061,0.0
3969,39,0.05933547019958496,0.16386793553829193,0.3956209719181061,0.0
3970,39,0.03544105216860771,0.16386793553829193,0.3956209719181061,0.0
3971,39,0.01912042126059532,0.16386793553829193,0.3956209719181061,0.0
3972,39,0.08159790188074112,0.16386793553829193,0.3956209719181061,0.0
3973,39,0.17113837599754333,0.16386793553829193,0.3956209719181061,0.0
3974,39,0.007157505955547094,0.16386793553829193,0.3956209719181061,0.0
3975,39,0.07456451654434204,0.16386793553829193,0.3956209719181061,0.0
3976,39,0.04226604476571083,0.16386793553829193,0.3956209719181061,0.0
3977,39,0.018898649141192436,0.16386793553829193,0.3956209719181061,0.0
3978,39,0.007975254207849503,0.16386793553829193,0.3956209719181061,0.0
3979,39,0.007975254207849503,0.1658135950565338,0.3956209719181061,0.0
3980,39,0.007975254207849503,0.07138089835643768,0.3956209719181061,0.0
3981,39,0.025473149493336678,0.07138089835643768,0.3956209719181061,0.0
3981,40,0.025473149493336678,0.07138089835643768,0.08485954999923706,0.0
3982,40,0.5834994316101074,0.07138089835643768,0.08485954999923706,0.0
3983,40,0.0170704647898674,0.07138089835643768,0.08485954999923706,0.0
3984,40,0.11016368865966797,0.07138089835643768,0.08485954999923706,0.0
3985,40,0.2214699387550354,0.07138089835643768,0.08485954999923706,0.0
3986,40,0.031865719705820084,0.07138089835643768,0.08485954999923706,0.0
3987,40,0.2974548935890198,0.07138089835643768,0.08485954999923706,0.0
3988,40,0.008497655391693115,0.07138089835643768,0.08485954999923706,0.0
3989,40,0.02252015471458435,0.07138089835643768,0.08485954999923706,0.0
3990,40,0.10255969315767288,0.07138089835643768,0.08485954999923706,0.0
3991,40,0.13204112648963928,0.07138089835643768,0.08485954999923706,0.0
3992,40,0.008849123492836952,0.07138089835643768,0.08485954999923706,0.0
3993,40,0.004865972325205803,0.07138089835643768,0.08485954999923706,0.0
3994,40,0.0075998324900865555,0.07138089835643768,0.08485954999923706,0.0
3995,40,0.5410358905792236,0.07138089835643768,0.08485954999923706,0.0
3996,40,0.14411284029483795,0.07138089835643768,0.08485954999923706,0.0
3997,40,0.5572283267974854,0.07138089835643768,0.08485954999923706,0.0
3998,40,0.024040285497903824,0.07138089835643768,0.08485954999923706,0.0
3999,40,0.1416286826133728,0.07138089835643768,0.08485954999923706,0.0
4000,40,0.2699960470199585,0.07138089835643768,0.08485954999923706,0.0
4001,40,0.18003679811954498,0.07138089835643768,0.08485954999923706,0.0
4002,40,0.023492872714996338,0.07138089835643768,0.08485954999923706,0.0
4003,40,0.1779274344444275,0.07138089835643768,0.08485954999923706,0.0
4004,40,0.004725680686533451,0.07138089835643768,0.08485954999923706,0.0
4005,40,0.05076377093791962,0.07138089835643768,0.08485954999923706,0.0
4006,40,0.16818022727966309,0.07138089835643768,0.08485954999923706,0.0
4007,40,0.008018821477890015,0.07138089835643768,0.08485954999923706,0.0
4008,40,0.7910659313201904,0.07138089835643768,0.08485954999923706,0.0
4009,40,0.030029956251382828,0.07138089835643768,0.08485954999923706,0.0
4010,40,0.1550298035144806,0.07138089835643768,0.08485954999923706,0.0
4011,40,0.10875925421714783,0.07138089835643768,0.08485954999923706,0.0
4012,40,0.023738952353596687,0.07138089835643768,0.08485954999923706,0.0
4013,40,0.1568518877029419,0.07138089835643768,0.08485954999923706,0.0
4014,40,0.266480028629303,0.07138089835643768,0.08485954999923706,0.0
4015,40,0.009967591613531113,0.07138089835643768,0.08485954999923706,0.0
4016,40,0.2670043706893921,0.07138089835643768,0.08485954999923706,0.0
4017,40,0.19590073823928833,0.07138089835643768,0.08485954999923706,0.0
4018,40,0.08192311972379684,0.07138089835643768,0.08485954999923706,0.0
4019,40,0.16284388303756714,0.07138089835643768,0.08485954999923706,0.0
4020,40,0.02557424269616604,0.07138089835643768,0.08485954999923706,0.0
4021,40,0.061945490539073944,0.07138089835643768,0.08485954999923706,0.0
4022,40,0.4662705659866333,0.07138089835643768,0.08485954999923706,0.0
4023,40,0.05215510353446007,0.07138089835643768,0.08485954999923706,0.0
4024,40,0.1611425280570984,0.07138089835643768,0.08485954999923706,0.0
4025,40,0.003934778273105621,0.07138089835643768,0.08485954999923706,0.0
4026,40,0.017879609018564224,0.07138089835643768,0.08485954999923706,0.0
4027,40,0.21138310432434082,0.07138089835643768,0.08485954999923706,0.0
4028,40,0.026212895289063454,0.07138089835643768,0.08485954999923706,0.0
4029,40,0.005694794934242964,0.07138089835643768,0.08485954999923706,0.0
4030,40,0.006962964311242104,0.07138089835643768,0.08485954999923706,0.0
4031,40,0.0953134298324585,0.07138089835643768,0.08485954999923706,0.0
4032,40,0.011872508563101292,0.07138089835643768,0.08485954999923706,0.0
4033,40,0.3767277002334595,0.07138089835643768,0.08485954999923706,0.0
4034,40,0.34622737765312195,0.07138089835643768,0.08485954999923706,0.0
4035,40,0.2941886782646179,0.07138089835643768,0.08485954999923706,0.0
4036,40,0.037531778216362,0.07138089835643768,0.08485954999923706,0.0
4037,40,0.04108624905347824,0.07138089835643768,0.08485954999923706,0.0
4038,40,0.6308389902114868,0.07138089835643768,0.08485954999923706,0.0
4039,40,0.03569324314594269,0.07138089835643768,0.08485954999923706,0.0
4040,40,0.19101889431476593,0.07138089835643768,0.08485954999923706,0.0
4041,40,0.009176875464618206,0.07138089835643768,0.08485954999923706,0.0
4042,40,0.07192148268222809,0.07138089835643768,0.08485954999923706,0.0
4043,40,0.022780772298574448,0.07138089835643768,0.08485954999923706,0.0
4044,40,0.030854221433401108,0.07138089835643768,0.08485954999923706,0.0
4045,40,0.017348095774650574,0.07138089835643768,0.08485954999923706,0.0
4046,40,0.49331608414649963,0.07138089835643768,0.08485954999923706,0.0
4047,40,0.004162163473665714,0.07138089835643768,0.08485954999923706,0.0
4048,40,0.008985791355371475,0.07138089835643768,0.08485954999923706,0.0
4049,40,0.08822955191135406,0.07138089835643768,0.08485954999923706,0.0
4050,40,0.06485383212566376,0.07138089835643768,0.08485954999923706,0.0
4051,40,0.0055326372385025024,0.07138089835643768,0.08485954999923706,0.0
4052,40,0.4253133535385132,0.07138089835643768,0.08485954999923706,0.0
4053,40,0.0038886594120413065,0.07138089835643768,0.08485954999923706,0.0
4054,40,0.19217538833618164,0.07138089835643768,0.08485954999923706,0.0
4055,40,0.0054794312454760075,0.07138089835643768,0.08485954999923706,0.0
4056,40,0.142079696059227,0.07138089835643768,0.08485954999923706,0.0
4057,40,0.0028190966695547104,0.07138089835643768,0.08485954999923706,0.0
4058,40,0.01050135400146246,0.07138089835643768,0.08485954999923706,0.0
4059,40,0.05536486953496933,0.07138089835643768,0.08485954999923706,0.0
4060,40,0.015411188825964928,0.07138089835643768,0.08485954999923706,0.0
4061,40,0.0022064174991101027,0.07138089835643768,0.08485954999923706,0.0
4062,40,0.017249666154384613,0.07138089835643768,0.08485954999923706,0.0
4063,40,0.0024841907434165478,0.07138089835643768,0.08485954999923706,0.0
4064,40,0.003666364587843418,0.07138089835643768,0.08485954999923706,0.0
4065,40,0.5670129060745239,0.07138089835643768,0.08485954999923706,0.0
4066,40,0.059147026389837265,0.07138089835643768,0.08485954999923706,0.0
4067,40,0.1698821485042572,0.07138089835643768,0.08485954999923706,0.0
4068,40,0.04923824220895767,0.07138089835643768,0.08485954999923706,0.0
4069,40,0.022293586283922195,0.07138089835643768,0.08485954999923706,0.0
4070,40,0.005605283193290234,0.07138089835643768,0.08485954999923706,0.0
4071,40,0.012770862318575382,0.07138089835643768,0.08485954999923706,0.0
4072,40,0.04901465028524399,0.07138089835643768,0.08485954999923706,0.0
4073,40,0.1219118982553482,0.07138089835643768,0.08485954999923706,0.0
4074,40,0.5913265347480774,0.07138089835643768,0.08485954999923706,0.0
4075,40,0.01707599312067032,0.07138089835643768,0.08485954999923706,0.0
4076,40,0.20126181840896606,0.07138089835643768,0.08485954999923706,0.0
4077,40,0.005259281489998102,0.07138089835643768,0.08485954999923706,0.0
4078,40,0.004487433470785618,0.07138089835643768,0.08485954999923706,0.0
4079,40,0.01349618285894394,0.07138089835643768,0.08485954999923706,0.0
4080,40,0.08113138377666473,0.07138089835643768,0.08485954999923706,0.0
4081,40,0.08113138377666473,0.8486921191215515,0.08485954999923706,0.0
4082,40,0.08113138377666473,0.05270855501294136,0.08485954999923706,0.0
4083,40,0.11607393622398376,0.05270855501294136,0.08485954999923706,0.0
4083,41,0.11607393622398376,0.05270855501294136,0.09355286508798599,0.0
4084,41,0.057316895574331284,0.05270855501294136,0.09355286508798599,0.0
4085,41,0.337348997592926,0.05270855501294136,0.09355286508798599,0.0
4086,41,0.10182368755340576,0.05270855501294136,0.09355286508798599,0.0
4087,41,0.11028172075748444,0.05270855501294136,0.09355286508798599,0.0
4088,41,0.005966443568468094,0.05270855501294136,0.09355286508798599,0.0
4089,41,0.06384388357400894,0.05270855501294136,0.09355286508798599,0.0
4090,41,0.08345848321914673,0.05270855501294136,0.09355286508798599,0.0
4091,41,0.16387304663658142,0.05270855501294136,0.09355286508798599,0.0
4092,41,0.5330742597579956,0.05270855501294136,0.09355286508798599,0.0
4093,41,0.007935108616948128,0.05270855501294136,0.09355286508798599,0.0
4094,41,0.05463551729917526,0.05270855501294136,0.09355286508798599,0.0
4095,41,0.05221635848283768,0.05270855501294136,0.09355286508798599,0.0
4096,41,0.3085062801837921,0.05270855501294136,0.09355286508798599,0.0
4097,41,0.41801777482032776,0.05270855501294136,0.09355286508798599,0.0
4098,41,0.022237634286284447,0.05270855501294136,0.09355286508798599,0.0
4099,41,0.09463566541671753,0.05270855501294136,0.09355286508798599,0.0
4100,41,0.04048871994018555,0.05270855501294136,0.09355286508798599,0.0
4101,41,0.6103851795196533,0.05270855501294136,0.09355286508798599,0.0
4102,41,0.5053888559341431,0.05270855501294136,0.09355286508798599,0.0
4103,41,0.002140405122190714,0.05270855501294136,0.09355286508798599,0.0
4104,41,0.005289468914270401,0.05270855501294136,0.09355286508798599,0.0
4105,41,0.12444714456796646,0.05270855501294136,0.09355286508798599,0.0
4106,41,0.1139690950512886,0.05270855501294136,0.09355286508798599,0.0
4107,41,0.014773723669350147,0.05270855501294136,0.09355286508798599,0.0
4108,41,0.1167432963848114,0.05270855501294136,0.09355286508798599,0.0
4109,41,0.07724377512931824,0.05270855501294136,0.09355286508798599,0.0
4110,41,0.22968228161334991,0.05270855501294136,0.09355286508798599,0.0
4111,41,0.0045217787846922874,0.05270855501294136,0.09355286508798599,0.0
4112,41,0.0018274737522006035,0.05270855501294136,0.09355286508798599,0.0
4113,41,0.0637124627828598,0.05270855501294136,0.09355286508798599,0.0
4114,41,0.01997355744242668,0.05270855501294136,0.09355286508798599,0.0
4115,41,0.002778507536277175,0.05270855501294136,0.09355286508798599,0.0
4116,41,0.03616652637720108,0.05270855501294136,0.09355286508798599,0.0
4117,41,0.05296364799141884,0.05270855501294136,0.09355286508798599,0.0
4118,41,0.021714892238378525,0.05270855501294136,0.09355286508798599,0.0
4119,41,0.04675442352890968,0.05270855501294136,0.09355286508798599,0.0
4120,41,0.031536661088466644,0.05270855501294136,0.09355286508798599,0.0
4121,41,0.22898167371749878,0.05270855501294136,0.09355286508798599,0.0
4122,41,0.40873026847839355,0.05270855501294136,0.09355286508798599,0.0
4123,41,0.0029577985405921936,0.05270855501294136,0.09355286508798599,0.0
4124,41,0.01120107900351286,0.05270855501294136,0.09355286508798599,0.0
4125,41,0.00947943888604641,0.05270855501294136,0.09355286508798599,0.0
4126,41,0.028744542971253395,0.05270855501294136,0.09355286508798599,0.0
4127,41,0.14659500122070312,0.05270855501294136,0.09355286508798599,0.0
4128,41,0.03957217186689377,0.05270855501294136,0.09355286508798599,0.0
4129,41,0.08339977264404297,0.05270855501294136,0.09355286508798599,0.0
4130,41,0.11028487235307693,0.05270855501294136,0.09355286508798599,0.0
4131,41,0.2204345315694809,0.05270855501294136,0.09355286508798599,0.0
4132,41,0.22468921542167664,0.05270855501294136,0.09355286508798599,0.0
4133,41,0.0810307115316391,0.05270855501294136,0.09355286508798599,0.0
4134,41,0.0037071334663778543,0.05270855501294136,0.09355286508798599,0.0
4135,41,0.04153555631637573,0.05270855501294136,0.09355286508798599,0.0
4136,41,0.2936074435710907,0.05270855501294136,0.09355286508798599,0.0
4137,41,0.4081864356994629,0.05270855501294136,0.09355286508798599,0.0
4138,41,0.023082185536623,0.05270855501294136,0.09355286508798599,0.0
4139,41,0.0957213044166565,0.05270855501294136,0.09355286508798599,0.0
4140,41,1.0002691745758057,0.05270855501294136,0.09355286508798599,0.0
4141,41,0.04338220879435539,0.05270855501294136,0.09355286508798599,0.0
4142,41,0.09091288596391678,0.05270855501294136,0.09355286508798599,0.0
4143,41,0.10992871224880219,0.05270855501294136,0.09355286508798599,0.0
4144,41,0.0027038108091801405,0.05270855501294136,0.09355286508798599,0.0
4145,41,0.006752520799636841,0.05270855501294136,0.09355286508798599,0.0
4146,41,0.14753085374832153,0.05270855501294136,0.09355286508798599,0.0
4147,41,0.07786069810390472,0.05270855501294136,0.09355286508798599,0.0
4148,41,0.049096815288066864,0.05270855501294136,0.09355286508798599,0.0
4149,41,1.0498305559158325,0.05270855501294136,0.09355286508798599,0.0
4150,41,0.10553492605686188,0.05270855501294136,0.09355286508798599,0.0
4151,41,0.4560517370700836,0.05270855501294136,0.09355286508798599,0.0
4152,41,0.0022013364359736443,0.05270855501294136,0.09355286508798599,0.0
4153,41,0.010945724323391914,0.05270855501294136,0.09355286508798599,0.0
4154,41,0.0022048698738217354,0.05270855501294136,0.09355286508798599,0.0
4155,41,0.060707297176122665,0.05270855501294136,0.09355286508798599,0.0
4156,41,0.30478495359420776,0.05270855501294136,0.09355286508798599,0.0
4157,41,0.0035561337135732174,0.05270855501294136,0.09355286508798599,0.0
4158,41,0.32255086302757263,0.05270855501294136,0.09355286508798599,0.0
4159,41,0.2546761929988861,0.05270855501294136,0.09355286508798599,0.0
4160,41,0.008556201122701168,0.05270855501294136,0.09355286508798599,0.0
4161,41,0.21723519265651703,0.05270855501294136,0.09355286508798599,0.0
4162,41,0.6423428058624268,0.05270855501294136,0.09355286508798599,0.0
4163,41,0.04992450773715973,0.05270855501294136,0.09355286508798599,0.0
4164,41,0.7780052423477173,0.05270855501294136,0.09355286508798599,0.0
4165,41,0.0188605934381485,0.05270855501294136,0.09355286508798599,0.0
4166,41,0.047363873571157455,0.05270855501294136,0.09355286508798599,0.0
4167,41,0.23651768267154694,0.05270855501294136,0.09355286508798599,0.0
4168,41,0.1547427475452423,0.05270855501294136,0.09355286508798599,0.0
4169,41,0.013761710375547409,0.05270855501294136,0.09355286508798599,0.0
4170,41,0.0060262964107096195,0.05270855501294136,0.09355286508798599,0.0
4171,41,0.04622000455856323,0.05270855501294136,0.09355286508798599,0.0
4172,41,0.002647269517183304,0.05270855501294136,0.09355286508798599,0.0
4173,41,0.05508923903107643,0.05270855501294136,0.09355286508798599,0.0
4174,41,0.4365937113761902,0.05270855501294136,0.09355286508798599,0.0
4175,41,0.022077102214097977,0.05270855501294136,0.09355286508798599,0.0
4176,41,0.46918898820877075,0.05270855501294136,0.09355286508798599,0.0
4177,41,0.042222436517477036,0.05270855501294136,0.09355286508798599,0.0
4178,41,0.08778872340917587,0.05270855501294136,0.09355286508798599,0.0
4179,41,0.2919512391090393,0.05270855501294136,0.09355286508798599,0.0
4180,41,0.029411109164357185,0.05270855501294136,0.09355286508798599,0.0
4181,41,0.518416166305542,0.05270855501294136,0.09355286508798599,0.0
4182,41,0.40350672602653503,0.05270855501294136,0.09355286508798599,0.0
4183,41,0.40350672602653503,0.4068562984466553,0.09355286508798599,0.0
4184,41,0.40350672602653503,0.5063318014144897,0.09355286508798599,0.0
4185,41,0.3109988570213318,0.5063318014144897,0.09355286508798599,0.0
4185,42,0.3109988570213318,0.5063318014144897,0.09666937589645386,0.0
4186,42,0.2447361797094345,0.5063318014144897,0.09666937589645386,0.0
4187,42,0.2740360200405121,0.5063318014144897,0.09666937589645386,0.0
4188,42,0.1557306945323944,0.5063318014144897,0.09666937589645386,0.0
4189,42,0.006493179127573967,0.5063318014144897,0.09666937589645386,0.0
4190,42,0.07937762141227722,0.5063318014144897,0.09666937589645386,0.0
4191,42,0.029699206352233887,0.5063318014144897,0.09666937589645386,0.0
4192,42,0.01033373735845089,0.5063318014144897,0.09666937589645386,0.0
4193,42,0.007254732772707939,0.5063318014144897,0.09666937589645386,0.0
4194,42,0.1381380409002304,0.5063318014144897,0.09666937589645386,0.0
4195,42,0.043684348464012146,0.5063318014144897,0.09666937589645386,0.0
4196,42,0.01902332715690136,0.5063318014144897,0.09666937589645386,0.0
4197,42,0.02750026062130928,0.5063318014144897,0.09666937589645386,0.0
4198,42,0.003513605799525976,0.5063318014144897,0.09666937589645386,0.0
4199,42,0.02323393151164055,0.5063318014144897,0.09666937589645386,0.0
4200,42,0.4492497444152832,0.5063318014144897,0.09666937589645386,0.0
4201,42,0.01765379309654236,0.5063318014144897,0.09666937589645386,0.0
4202,42,0.013666301965713501,0.5063318014144897,0.09666937589645386,0.0
4203,42,0.03178831934928894,0.5063318014144897,0.09666937589645386,0.0
4204,42,0.7620046138763428,0.5063318014144897,0.09666937589645386,0.0
4205,42,0.21203598380088806,0.5063318014144897,0.09666937589645386,0.0
4206,42,0.6737388968467712,0.5063318014144897,0.09666937589645386,0.0
4207,42,0.010758908465504646,0.5063318014144897,0.09666937589645386,0.0
4208,42,0.3372969925403595,0.5063318014144897,0.09666937589645386,0.0
4209,42,0.03012695163488388,0.5063318014144897,0.09666937589645386,0.0
4210,42,0.07561308890581131,0.5063318014144897,0.09666937589645386,0.0
4211,42,0.049583256244659424,0.5063318014144897,0.09666937589645386,0.0
4212,42,0.06815784424543381,0.5063318014144897,0.09666937589645386,0.0
4213,42,0.0064438460394740105,0.5063318014144897,0.09666937589645386,0.0
4214,42,0.2418936938047409,0.5063318014144897,0.09666937589645386,0.0
4215,42,0.31126853823661804,0.5063318014144897,0.09666937589645386,0.0
4216,42,0.190476655960083,0.5063318014144897,0.09666937589645386,0.0
4217,42,0.8790463209152222,0.5063318014144897,0.09666937589645386,0.0
4218,42,0.014337833039462566,0.5063318014144897,0.09666937589645386,0.0
4219,42,0.014828401617705822,0.5063318014144897,0.09666937589645386,0.0
4220,42,0.035682693123817444,0.5063318014144897,0.09666937589645386,0.0
4221,42,0.37180352210998535,0.5063318014144897,0.09666937589645386,0.0
4222,42,0.142980694770813,0.5063318014144897,0.09666937589645386,0.0
4223,42,0.16992558538913727,0.5063318014144897,0.09666937589645386,0.0
4224,42,0.038833849132061005,0.5063318014144897,0.09666937589645386,0.0
4225,42,0.04659608006477356,0.5063318014144897,0.09666937589645386,0.0
4226,42,0.11944673955440521,0.5063318014144897,0.09666937589645386,0.0
4227,42,0.0914766788482666,0.5063318014144897,0.09666937589645386,0.0
4228,42,0.5912138223648071,0.5063318014144897,0.09666937589645386,0.0
4229,42,0.011214170604944229,0.5063318014144897,0.09666937589645386,0.0
4230,42,0.24189680814743042,0.5063318014144897,0.09666937589645386,0.0
4231,42,0.06250806152820587,0.5063318014144897,0.09666937589645386,0.0
4232,42,0.0723382979631424,0.5063318014144897,0.09666937589645386,0.0
4233,42,0.10468804836273193,0.5063318014144897,0.09666937589645386,0.0
4234,42,0.17415931820869446,0.5063318014144897,0.09666937589645386,0.0
4235,42,0.022156989201903343,0.5063318014144897,0.09666937589645386,0.0
4236,42,0.3306792974472046,0.5063318014144897,0.09666937589645386,0.0
4237,42,0.6400868892669678,0.5063318014144897,0.09666937589645386,0.0
4238,42,0.006511083338409662,0.5063318014144897,0.09666937589645386,0.0
4239,42,0.06174226477742195,0.5063318014144897,0.09666937589645386,0.0
4240,42,0.02478610724210739,0.5063318014144897,0.09666937589645386,0.0
4241,42,0.006530889309942722,0.5063318014144897,0.09666937589645386,0.0
4242,42,0.008526444435119629,0.5063318014144897,0.09666937589645386,0.0
4243,42,0.0030285005923360586,0.5063318014144897,0.09666937589645386,0.0
4244,42,0.007908698171377182,0.5063318014144897,0.09666937589645386,0.0
4245,42,0.1451161503791809,0.5063318014144897,0.09666937589645386,0.0
4246,42,0.010350925847887993,0.5063318014144897,0.09666937589645386,0.0
4247,42,0.16133816540241241,0.5063318014144897,0.09666937589645386,0.0
4248,42,0.15490597486495972,0.5063318014144897,0.09666937589645386,0.0
4249,42,0.021061761304736137,0.5063318014144897,0.09666937589645386,0.0
4250,42,0.1989198923110962,0.5063318014144897,0.09666937589645386,0.0
4251,42,0.034049589186906815,0.5063318014144897,0.09666937589645386,0.0
4252,42,0.22663435339927673,0.5063318014144897,0.09666937589645386,0.0
4253,42,0.09152749180793762,0.5063318014144897,0.09666937589645386,0.0
4254,42,0.0770772397518158,0.5063318014144897,0.09666937589645386,0.0
4255,42,0.1720159649848938,0.5063318014144897,0.09666937589645386,0.0
4256,42,0.061204731464385986,0.5063318014144897,0.09666937589645386,0.0
4257,42,0.04724738374352455,0.5063318014144897,0.09666937589645386,0.0
4258,42,0.003802266903221607,0.5063318014144897,0.09666937589645386,0.0
4259,42,0.057292453944683075,0.5063318014144897,0.09666937589645386,0.0
4260,42,0.2122076451778412,0.5063318014144897,0.09666937589645386,0.0
4261,42,0.039709802716970444,0.5063318014144897,0.09666937589645386,0.0
4262,42,0.18019983172416687,0.5063318014144897,0.09666937589645386,0.0
4263,42,0.37062060832977295,0.5063318014144897,0.09666937589645386,0.0
4264,42,0.07493910938501358,0.5063318014144897,0.09666937589645386,0.0
4265,42,0.02789168804883957,0.5063318014144897,0.09666937589645386,0.0
4266,42,0.07211039215326309,0.5063318014144897,0.09666937589645386,0.0
4267,42,0.002925933338701725,0.5063318014144897,0.09666937589645386,0.0
4268,42,0.02114063873887062,0.5063318014144897,0.09666937589645386,0.0
4269,42,0.0024725617840886116,0.5063318014144897,0.09666937589645386,0.0
4270,42,0.007248638663440943,0.5063318014144897,0.09666937589645386,0.0
4271,42,0.013674537651240826,0.5063318014144897,0.09666937589645386,0.0
4272,42,0.005139949265867472,0.5063318014144897,0.09666937589645386,0.0
4273,42,0.011419322341680527,0.5063318014144897,0.09666937589645386,0.0
4274,42,0.005764917470514774,0.5063318014144897,0.09666937589645386,0.0
4275,42,0.005971916019916534,0.5063318014144897,0.09666937589645386,0.0
4276,42,0.020786931738257408,0.5063318014144897,0.09666937589645386,0.0
4277,42,0.5620700716972351,0.5063318014144897,0.09666937589645386,0.0
4278,42,0.04722722992300987,0.5063318014144897,0.09666937589645386,0.0
4279,42,0.09248831868171692,0.5063318014144897,0.09666937589645386,0.0
4280,42,0.18970158696174622,0.5063318014144897,0.09666937589645386,0.0
4281,42,0.0033072675578296185,0.5063318014144897,0.09666937589645386,0.0
4282,42,0.11841068416833878,0.5063318014144897,0.09666937589645386,0.0
4283,42,0.018008867278695107,0.5063318014144897,0.09666937589645386,0.0
4284,42,0.2901234030723572,0.5063318014144897,0.09666937589645386,0.0
4285,42,0.2901234030723572,0.00278544332832098,0.09666937589645386,0.0
4286,42,0.2901234030723572,0.20243771374225616,0.09666937589645386,0.0
4287,42,0.23342111706733704,0.20243771374225616,0.09666937589645386,0.0
4287,43,0.23342111706733704,0.20243771374225616,0.13198503851890564,0.0
4288,43,0.015155265107750893,0.20243771374225616,0.13198503851890564,0.0
4289,43,0.003053680993616581,0.20243771374225616,0.13198503851890564,0.0
4290,43,0.02057819999754429,0.20243771374225616,0.13198503851890564,0.0
4291,43,0.006855331361293793,0.20243771374225616,0.13198503851890564,0.0
4292,43,0.3663237988948822,0.20243771374225616,0.13198503851890564,0.0
4293,43,0.20925281941890717,0.20243771374225616,0.13198503851890564,0.0
4294,43,0.016330651938915253,0.20243771374225616,0.13198503851890564,0.0
4295,43,0.007372293155640364,0.20243771374225616,0.13198503851890564,0.0
4296,43,0.05718521773815155,0.20243771374225616,0.13198503851890564,0.0
4297,43,0.001866257400251925,0.20243771374225616,0.13198503851890564,0.0
4298,43,0.10221947729587555,0.20243771374225616,0.13198503851890564,0.0
4299,43,0.24223770201206207,0.20243771374225616,0.13198503851890564,0.0
4300,43,0.056964293122291565,0.20243771374225616,0.13198503851890564,0.0
4301,43,0.5638273358345032,0.20243771374225616,0.13198503851890564,0.0
4302,43,0.04786234349012375,0.20243771374225616,0.13198503851890564,0.0
4303,43,0.19309589266777039,0.20243771374225616,0.13198503851890564,0.0
4304,43,0.2234954833984375,0.20243771374225616,0.13198503851890564,0.0
4305,43,0.09912250190973282,0.20243771374225616,0.13198503851890564,0.0
4306,43,0.6133154630661011,0.20243771374225616,0.13198503851890564,0.0
4307,43,0.029393434524536133,0.20243771374225616,0.13198503851890564,0.0
4308,43,0.19396163523197174,0.20243771374225616,0.13198503851890564,0.0
4309,43,0.012498095631599426,0.20243771374225616,0.13198503851890564,0.0
4310,43,0.06265555322170258,0.20243771374225616,0.13198503851890564,0.0
4311,43,0.07832330465316772,0.20243771374225616,0.13198503851890564,0.0
4312,43,0.424102246761322,0.20243771374225616,0.13198503851890564,0.0
4313,43,0.1812044382095337,0.20243771374225616,0.13198503851890564,0.0
4314,43,0.036637887358665466,0.20243771374225616,0.13198503851890564,0.0
4315,43,0.02054966241121292,0.20243771374225616,0.13198503851890564,0.0
4316,43,0.5174866318702698,0.20243771374225616,0.13198503851890564,0.0
4317,43,0.008787140250205994,0.20243771374225616,0.13198503851890564,0.0
4318,43,0.4771002531051636,0.20243771374225616,0.13198503851890564,0.0
4319,43,0.003871206659823656,0.20243771374225616,0.13198503851890564,0.0
4320,43,0.09246621280908585,0.20243771374225616,0.13198503851890564,0.0
4321,43,0.052655179053545,0.20243771374225616,0.13198503851890564,0.0
4322,43,0.1688746213912964,0.20243771374225616,0.13198503851890564,0.0
4323,43,0.172638401389122,0.20243771374225616,0.13198503851890564,0.0
4324,43,0.43106478452682495,0.20243771374225616,0.13198503851890564,0.0
4325,43,0.07650630921125412,0.20243771374225616,0.13198503851890564,0.0
4326,43,0.028672974556684494,0.20243771374225616,0.13198503851890564,0.0
4327,43,0.13099616765975952,0.20243771374225616,0.13198503851890564,0.0
4328,43,0.04990498721599579,0.20243771374225616,0.13198503851890564,0.0
4329,43,0.03622983396053314,0.20243771374225616,0.13198503851890564,0.0
4330,43,0.0024536307901144028,0.20243771374225616,0.13198503851890564,0.0
4331,43,0.004748157225549221,0.20243771374225616,0.13198503851890564,0.0
4332,43,0.004393775016069412,0.20243771374225616,0.13198503851890564,0.0
4333,43,0.40172073245048523,0.20243771374225616,0.13198503851890564,0.0
4334,43,0.278958797454834,0.20243771374225616,0.13198503851890564,0.0
4335,43,0.015900978818535805,0.20243771374225616,0.13198503851890564,0.0
4336,43,0.2618827819824219,0.20243771374225616,0.13198503851890564,0.0
4337,43,0.0030497717671096325,0.20243771374225616,0.13198503851890564,0.0
4338,43,0.002547945361584425,0.20243771374225616,0.13198503851890564,0.0
4339,43,0.457644522190094,0.20243771374225616,0.13198503851890564,0.0
4340,43,0.22884789109230042,0.20243771374225616,0.13198503851890564,0.0
4341,43,0.0027670785784721375,0.20243771374225616,0.13198503851890564,0.0
4342,43,0.308813214302063,0.20243771374225616,0.13198503851890564,0.0
4343,43,0.019959107041358948,0.20243771374225616,0.13198503851890564,0.0
4344,43,0.5770845413208008,0.20243771374225616,0.13198503851890564,0.0
4345,43,0.06562290340662003,0.20243771374225616,0.13198503851890564,0.0
4346,43,0.46184012293815613,0.20243771374225616,0.13198503851890564,0.0
4347,43,0.09031442552804947,0.20243771374225616,0.13198503851890564,0.0
4348,43,0.0065571279264986515,0.20243771374225616,0.13198503851890564,0.0
4349,43,0.03248898312449455,0.20243771374225616,0.13198503851890564,0.0
4350,43,0.05160171166062355,0.20243771374225616,0.13198503851890564,0.0
4351,43,0.14101696014404297,0.20243771374225616,0.13198503851890564,0.0
4352,43,0.03154692053794861,0.20243771374225616,0.13198503851890564,0.0
4353,43,0.9534672498703003,0.20243771374225616,0.13198503851890564,0.0
4354,43,0.6274893879890442,0.20243771374225616,0.13198503851890564,0.0
4355,43,0.03232913091778755,0.20243771374225616,0.13198503851890564,0.0
4356,43,0.014425450935959816,0.20243771374225616,0.13198503851890564,0.0
4357,43,0.7836434245109558,0.20243771374225616,0.13198503851890564,0.0
4358,43,0.0061457278206944466,0.20243771374225616,0.13198503851890564,0.0
4359,43,0.005679948255419731,0.20243771374225616,0.13198503851890564,0.0
4360,43,0.009249972179532051,0.20243771374225616,0.13198503851890564,0.0
4361,43,0.04515371471643448,0.20243771374225616,0.13198503851890564,0.0
4362,43,0.28549808263778687,0.20243771374225616,0.13198503851890564,0.0
4363,43,0.01280081458389759,0.20243771374225616,0.13198503851890564,0.0
4364,43,0.00813477486371994,0.20243771374225616,0.13198503851890564,0.0
4365,43,0.024383332580327988,0.20243771374225616,0.13198503851890564,0.0
4366,43,0.257781445980072,0.20243771374225616,0.13198503851890564,0.0
4367,43,0.006678436882793903,0.20243771374225616,0.13198503851890564,0.0
4368,43,0.03182678669691086,0.20243771374225616,0.13198503851890564,0.0
4369,43,0.07432534545660019,0.20243771374225616,0.13198503851890564,0.0
4370,43,0.0073529742658138275,0.20243771374225616,0.13198503851890564,0.0
4371,43,0.045368440449237823,0.20243771374225616,0.13198503851890564,0.0
4372,43,0.04881158471107483,0.20243771374225616,0.13198503851890564,0.0
4373,43,0.0034162758383899927,0.20243771374225616,0.13198503851890564,0.0
4374,43,0.012631501071155071,0.20243771374225616,0.13198503851890564,0.0
4375,43,0.010482082143425941,0.20243771374225616,0.13198503851890564,0.0
4376,43,0.005134067498147488,0.20243771374225616,0.13198503851890564,0.0
4377,43,0.537165641784668,0.20243771374225616,0.13198503851890564,0.0
4378,43,0.003799326252192259,0.20243771374225616,0.13198503851890564,0.0
4379,43,0.5553839206695557,0.20243771374225616,0.13198503851890564,0.0
4380,43,0.11920612305402756,0.20243771374225616,0.13198503851890564,0.0
4381,43,0.004093451425433159,0.20243771374225616,0.13198503851890564,0.0
4382,43,0.05105922743678093,0.20243771374225616,0.13198503851890564,0.0
4383,43,0.008248568512499332,0.20243771374225616,0.13198503851890564,0.0
4384,43,0.12831167876720428,0.20243771374225616,0.13198503851890564,0.0
4385,43,0.024769732728600502,0.20243771374225616,0.13198503851890564,0.0
4386,43,0.00392212113365531,0.20243771374225616,0.13198503851890564,0.0
4387,43,0.00392212113365531,0.3459077477455139,0.13198503851890564,0.0
4388,43,0.00392212113365531,0.28746217489242554,0.13198503851890564,0.0
4389,43,0.07656459510326385,0.28746217489242554,0.13198503851890564,0.0
4389,44,0.07656459510326385,0.28746217489242554,0.059477437287569046,0.0
4390,44,0.021533383056521416,0.28746217489242554,0.059477437287569046,0.0
4391,44,0.4928201138973236,0.28746217489242554,0.059477437287569046,0.0
4392,44,0.005048141814768314,0.28746217489242554,0.059477437287569046,0.0
4393,44,0.10980106890201569,0.28746217489242554,0.059477437287569046,0.0
4394,44,0.0038155687507241964,0.28746217489242554,0.059477437287569046,0.0
4395,44,0.40811872482299805,0.28746217489242554,0.059477437287569046,0.0
4396,44,0.9826924800872803,0.28746217489242554,0.059477437287569046,0.0
4397,44,0.09463565796613693,0.28746217489242554,0.059477437287569046,0.0
4398,44,0.33238524198532104,0.28746217489242554,0.059477437287569046,0.0
4399,44,0.24173235893249512,0.28746217489242554,0.059477437287569046,0.0
4400,44,0.04181560501456261,0.28746217489242554,0.059477437287569046,0.0
4401,44,0.05039128288626671,0.28746217489242554,0.059477437287569046,0.0
4402,44,0.007750277407467365,0.28746217489242554,0.059477437287569046,0.0
4403,44,0.18550269305706024,0.28746217489242554,0.059477437287569046,0.0
4404,44,0.04188045114278793,0.28746217489242554,0.059477437287569046,0.0
4405,44,0.019653040915727615,0.28746217489242554,0.059477437287569046,0.0
4406,44,0.03726189583539963,0.28746217489242554,0.059477437287569046,0.0
4407,44,0.011263183318078518,0.28746217489242554,0.059477437287569046,0.0
4408,44,0.2792946696281433,0.28746217489242554,0.059477437287569046,0.0
4409,44,0.0856112688779831,0.28746217489242554,0.059477437287569046,0.0
4410,44,0.008499909192323685,0.28746217489242554,0.059477437287569046,0.0
4411,44,0.014687491580843925,0.28746217489242554,0.059477437287569046,0.0
4412,44,0.00479537807404995,0.28746217489242554,0.059477437287569046,0.0
4413,44,0.026461435481905937,0.28746217489242554,0.059477437287569046,0.0
4414,44,0.1544279158115387,0.28746217489242554,0.059477437287569046,0.0
4415,44,0.15975947678089142,0.28746217489242554,0.059477437287569046,0.0
4416,44,0.11768722534179688,0.28746217489242554,0.059477437287569046,0.0
4417,44,0.530081570148468,0.28746217489242554,0.059477437287569046,0.0
4418,44,0.1526518613100052,0.28746217489242554,0.059477437287569046,0.0
4419,44,0.09940863400697708,0.28746217489242554,0.059477437287569046,0.0
4420,44,0.017662011086940765,0.28746217489242554,0.059477437287569046,0.0
4421,44,0.09675814211368561,0.28746217489242554,0.059477437287569046,0.0
4422,44,0.012693014927208424,0.28746217489242554,0.059477437287569046,0.0
4423,44,0.2573714256286621,0.28746217489242554,0.059477437287569046,0.0
4424,44,0.002937344601377845,0.28746217489242554,0.059477437287569046,0.0
4425,44,0.005270731169730425,0.28746217489242554,0.059477437287569046,0.0
4426,44,0.0022543189115822315,0.28746217489242554,0.059477437287569046,0.0
4427,44,0.03313252329826355,0.28746217489242554,0.059477437287569046,0.0
4428,44,0.03575114905834198,0.28746217489242554,0.059477437287569046,0.0
4429,44,0.11018072068691254,0.28746217489242554,0.059477437287569046,0.0
4430,44,0.03526868671178818,0.28746217489242554,0.059477437287569046,0.0
4431,44,0.017767619341611862,0.28746217489242554,0.059477437287569046,0.0
4432,44,0.3700144290924072,0.28746217489242554,0.059477437287569046,0.0
4433,44,0.12252924591302872,0.28746217489242554,0.059477437287569046,0.0
4434,44,0.03961695730686188,0.28746217489242554,0.059477437287569046,0.0
4435,44,0.11171559989452362,0.28746217489242554,0.059477437287569046,0.0
4436,44,0.006084882654249668,0.28746217489242554,0.059477437287569046,0.0
4437,44,0.012773503549396992,0.28746217489242554,0.059477437287569046,0.0
4438,44,0.04016014188528061,0.28746217489242554,0.059477437287569046,0.0
4439,44,0.022605180740356445,0.28746217489242554,0.059477437287569046,0.0
4440,44,0.325541615486145,0.28746217489242554,0.059477437287569046,0.0
4441,44,0.053410135209560394,0.28746217489242554,0.059477437287569046,0.0
4442,44,0.0163717083632946,0.28746217489242554,0.059477437287569046,0.0
4443,44,0.003135278122499585,0.28746217489242554,0.059477437287569046,0.0
4444,44,0.009171334095299244,0.28746217489242554,0.059477437287569046,0.0
4445,44,0.003994569648057222,0.28746217489242554,0.059477437287569046,0.0
4446,44,0.15784940123558044,0.28746217489242554,0.059477437287569046,0.0
4447,44,0.5675137639045715,0.28746217489242554,0.059477437287569046,0.0
4448,44,0.17424844205379486,0.28746217489242554,0.059477437287569046,0.0
4449,44,0.017020821571350098,0.28746217489242554,0.059477437287569046,0.0
4450,44,0.006370873656123877,0.28746217489242554,0.059477437287569046,0.0
4451,44,0.07291355729103088,0.28746217489242554,0.059477437287569046,0.0
4452,44,0.1307494342327118,0.28746217489242554,0.059477437287569046,0.0
4453,44,0.11751078069210052,0.28746217489242554,0.059477437287569046,0.0
4454,44,0.7054353952407837,0.28746217489242554,0.059477437287569046,0.0
4455,44,0.21398085355758667,0.28746217489242554,0.059477437287569046,0.0
4456,44,0.014282016083598137,0.28746217489242554,0.059477437287569046,0.0
4457,44,0.35671377182006836,0.28746217489242554,0.059477437287569046,0.0
4458,44,0.0077503458596765995,0.28746217489242554,0.059477437287569046,0.0
4459,44,0.026829760521650314,0.28746217489242554,0.059477437287569046,0.0
4460,44,0.04676947742700577,0.28746217489242554,0.059477437287569046,0.0
4461,44,0.030591720715165138,0.28746217489242554,0.059477437287569046,0.0
4462,44,0.4592621326446533,0.28746217489242554,0.059477437287569046,0.0
4463,44,0.010410069487988949,0.28746217489242554,0.059477437287569046,0.0
4464,44,0.08635018765926361,0.28746217489242554,0.059477437287569046,0.0
4465,44,0.3652800917625427,0.28746217489242554,0.059477437287569046,0.0
4466,44,0.46589505672454834,0.28746217489242554,0.059477437287569046,0.0
4467,44,0.11735895276069641,0.28746217489242554,0.059477437287569046,0.0
4468,44,0.03957376629114151,0.28746217489242554,0.059477437287569046,0.0
4469,44,0.008296307176351547,0.28746217489242554,0.059477437287569046,0.0
4470,44,0.007138185203075409,0.28746217489242554,0.059477437287569046,0.0
4471,44,0.003795834956690669,0.28746217489242554,0.059477437287569046,0.0
4472,44,0.05464911460876465,0.28746217489242554,0.059477437287569046,0.0
4473,44,0.036066778004169464,0.28746217489242554,0.059477437287569046,0.0
4474,44,0.008366935886442661,0.28746217489242554,0.059477437287569046,0.0
4475,44,0.21359968185424805,0.28746217489242554,0.059477437287569046,0.0
4476,44,0.0673539787530899,0.28746217489242554,0.059477437287569046,0.0
4477,44,0.12802168726921082,0.28746217489242554,0.059477437287569046,0.0
4478,44,0.0646708607673645,0.28746217489242554,0.059477437287569046,0.0
4479,44,0.11912266165018082,0.28746217489242554,0.059477437287569046,0.0
4480,44,0.06298866868019104,0.28746217489242554,0.059477437287569046,0.0
4481,44,0.030507061630487442,0.28746217489242554,0.059477437287569046,0.0
4482,44,0.11599847674369812,0.28746217489242554,0.059477437287569046,0.0
4483,44,0.008386741392314434,0.28746217489242554,0.059477437287569046,0.0
4484,44,0.020467765629291534,0.28746217489242554,0.059477437287569046,0.0
4485,44,0.009421917609870434,0.28746217489242554,0.059477437287569046,0.0
4486,44,0.04113391414284706,0.28746217489242554,0.059477437287569046,0.0
4487,44,0.18992863595485687,0.28746217489242554,0.059477437287569046,0.0
4488,44,0.13549692928791046,0.28746217489242554,0.059477437287569046,0.0
4489,44,0.13549692928791046,0.127177894115448,0.059477437287569046,0.0
4490,44,0.13549692928791046,0.026582008227705956,0.059477437287569046,0.0
4491,44,0.005574476905167103,0.026582008227705956,0.059477437287569046,0.0
4491,45,0.005574476905167103,0.026582008227705956,0.006395401433110237,0.0
4492,45,0.008648027665913105,0.026582008227705956,0.006395401433110237,0.0
4493,45,0.3377644717693329,0.026582008227705956,0.006395401433110237,0.0
4494,45,0.08603112399578094,0.026582008227705956,0.006395401433110237,0.0
4495,45,0.029604986310005188,0.026582008227705956,0.006395401433110237,0.0
4496,45,0.05047627538442612,0.026582008227705956,0.006395401433110237,0.0
4497,45,0.0158279687166214,0.026582008227705956,0.006395401433110237,0.0
4498,45,0.047392167150974274,0.026582008227705956,0.006395401433110237,0.0
4499,45,0.42175155878067017,0.026582008227705956,0.006395401433110237,0.0
4500,45,0.15377672016620636,0.026582008227705956,0.006395401433110237,0.0
4501,45,0.03573329374194145,0.026582008227705956,0.006395401433110237,0.0
4502,45,0.820461630821228,0.026582008227705956,0.006395401433110237,0.0
4503,45,0.04103488475084305,0.026582008227705956,0.006395401433110237,0.0
4504,45,0.33983394503593445,0.026582008227705956,0.006395401433110237,0.0
4505,45,0.03238287195563316,0.026582008227705956,0.006395401433110237,0.0
4506,45,0.010382648557424545,0.026582008227705956,0.006395401433110237,0.0
4507,45,0.14939656853675842,0.026582008227705956,0.006395401433110237,0.0
4508,45,0.03097768872976303,0.026582008227705956,0.006395401433110237,0.0
4509,45,0.08428306132555008,0.026582008227705956,0.006395401433110237,0.0
4510,45,0.3502238392829895,0.026582008227705956,0.006395401433110237,0.0
4511,45,0.15798026323318481,0.026582008227705956,0.006395401433110237,0.0
4512,45,0.0045696222223341465,0.026582008227705956,0.006395401433110237,0.0
4513,45,0.5780787467956543,0.026582008227705956,0.006395401433110237,0.0
4514,45,0.009046729654073715,0.026582008227705956,0.006395401433110237,0.0
4515,45,0.05499891936779022,0.026582008227705956,0.006395401433110237,0.0
4516,45,0.30005303025245667,0.026582008227705956,0.006395401433110237,0.0
4517,45,0.02959386259317398,0.026582008227705956,0.006395401433110237,0.0
4518,45,0.008523071184754372,0.026582008227705956,0.006395401433110237,0.0
4519,45,0.5242660045623779,0.026582008227705956,0.006395401433110237,0.0
4520,45,0.13037431240081787,0.026582008227705956,0.006395401433110237,0.0
4521,45,0.1693805605173111,0.026582008227705956,0.006395401433110237,0.0
4522,45,0.3139108419418335,0.026582008227705956,0.006395401433110237,0.0
4523,45,0.013758488930761814,0.026582008227705956,0.006395401433110237,0.0
4524,45,0.795296847820282,0.026582008227705956,0.006395401433110237,0.0
4525,45,0.24862225353717804,0.026582008227705956,0.006395401433110237,0.0
4526,45,0.19014081358909607,0.026582008227705956,0.006395401433110237,0.0
4527,45,0.5213825106620789,0.026582008227705956,0.006395401433110237,0.0
4528,45,0.37072473764419556,0.026582008227705956,0.006395401433110237,0.0
4529,45,0.07281997054815292,0.026582008227705956,0.006395401433110237,0.0
4530,45,0.007841812446713448,0.026582008227705956,0.006395401433110237,0.0
4531,45,0.08009292185306549,0.026582008227705956,0.006395401433110237,0.0
4532,45,0.1794632077217102,0.026582008227705956,0.006395401433110237,0.0
4533,45,0.6021522283554077,0.026582008227705956,0.006395401433110237,0.0
4534,45,0.007696818560361862,0.026582008227705956,0.006395401433110237,0.0
4535,45,0.008988060057163239,0.026582008227705956,0.006395401433110237,0.0
4536,45,0.017557838931679726,0.026582008227705956,0.006395401433110237,0.0
4537,45,0.15429818630218506,0.026582008227705956,0.006395401433110237,0.0
4538,45,0.00811282079666853,0.026582008227705956,0.006395401433110237,0.0
4539,45,0.42058148980140686,0.026582008227705956,0.006395401433110237,0.0
4540,45,0.011890931986272335,0.026582008227705956,0.006395401433110237,0.0
4541,45,0.0939856469631195,0.026582008227705956,0.006395401433110237,0.0
4542,45,0.0076258620247244835,0.026582008227705956,0.006395401433110237,0.0
4543,45,0.12035109102725983,0.026582008227705956,0.006395401433110237,0.0
4544,45,0.12258964031934738,0.026582008227705956,0.006395401433110237,0.0
4545,45,0.0066154589876532555,0.026582008227705956,0.006395401433110237,0.0
4546,45,0.3880583643913269,0.026582008227705956,0.006395401433110237,0.0
4547,45,0.006495420355349779,0.026582008227705956,0.006395401433110237,0.0
4548,45,0.04382015019655228,0.026582008227705956,0.006395401433110237,0.0
4549,45,0.05010337382555008,0.026582008227705956,0.006395401433110237,0.0
4550,45,0.07540764659643173,0.026582008227705956,0.006395401433110237,0.0
4551,45,0.4511255621910095,0.026582008227705956,0.006395401433110237,0.0
4552,45,0.05484851449728012,0.026582008227705956,0.006395401433110237,0.0
4553,45,0.18933400511741638,0.026582008227705956,0.006395401433110237,0.0
4554,45,0.07905222475528717,0.026582008227705956,0.006395401433110237,0.0
4555,45,0.029503701254725456,0.026582008227705956,0.006395401433110237,0.0
4556,45,0.46569204330444336,0.026582008227705956,0.006395401433110237,0.0
4557,45,0.02112690918147564,0.026582008227705956,0.006395401433110237,0.0
4558,45,0.01264666486531496,0.026582008227705956,0.006395401433110237,0.0
4559,45,0.004515381529927254,0.026582008227705956,0.006395401433110237,0.0
4560,45,0.016601255163550377,0.026582008227705956,0.006395401433110237,0.0
4561,45,0.036157816648483276,0.026582008227705956,0.006395401433110237,0.0
4562,45,0.11590476334095001,0.026582008227705956,0.006395401433110237,0.0
4563,45,0.05459250882267952,0.026582008227705956,0.006395401433110237,0.0
4564,45,0.0166160948574543,0.026582008227705956,0.006395401433110237,0.0
4565,45,0.37274760007858276,0.026582008227705956,0.006395401433110237,0.0
4566,45,0.05629544332623482,0.026582008227705956,0.006395401433110237,0.0
4567,45,0.013231806457042694,0.026582008227705956,0.006395401433110237,0.0
4568,45,0.057891473174095154,0.026582008227705956,0.006395401433110237,0.0
4569,45,0.21105699241161346,0.026582008227705956,0.006395401433110237,0.0
4570,45,0.38635027408599854,0.026582008227705956,0.006395401433110237,0.0
4571,45,0.03659859672188759,0.026582008227705956,0.006395401433110237,0.0
4572,45,0.0689917504787445,0.026582008227705956,0.006395401433110237,0.0
4573,45,0.29096174240112305,0.026582008227705956,0.006395401433110237,0.0
4574,45,0.008537884801626205,0.026582008227705956,0.006395401433110237,0.0
4575,45,0.005649820901453495,0.026582008227705956,0.006395401433110237,0.0
4576,45,0.011589093133807182,0.026582008227705956,0.006395401433110237,0.0
4577,45,0.27331089973449707,0.026582008227705956,0.006395401433110237,0.0
4578,45,0.009088346734642982,0.026582008227705956,0.006395401433110237,0.0
4579,45,0.052184298634529114,0.026582008227705956,0.006395401433110237,0.0
4580,45,0.07909000664949417,0.026582008227705956,0.006395401433110237,0.0
4581,45,0.29899510741233826,0.026582008227705956,0.006395401433110237,0.0
4582,45,0.46263501048088074,0.026582008227705956,0.006395401433110237,0.0
4583,45,0.07829625904560089,0.026582008227705956,0.006395401433110237,0.0
4584,45,0.27503156661987305,0.026582008227705956,0.006395401433110237,0.0
4585,45,0.03615064173936844,0.026582008227705956,0.006395401433110237,0.0
4586,45,0.12546007335186005,0.026582008227705956,0.006395401433110237,0.0
4587,45,0.012819946743547916,0.026582008227705956,0.006395401433110237,0.0
4588,45,0.013615659438073635,0.026582008227705956,0.006395401433110237,0.0
4589,45,0.01542792096734047,0.026582008227705956,0.006395401433110237,0.0
4590,45,0.960120677947998,0.026582008227705956,0.006395401433110237,0.0
4591,45,0.960120677947998,0.17884352803230286,0.006395401433110237,0.0
4592,45,0.960120677947998,0.19904300570487976,0.006395401433110237,0.0
4593,45,0.013912491500377655,0.19904300570487976,0.006395401433110237,0.0
4593,46,0.013912491500377655,0.19904300570487976,0.20312316715717316,0.0
4594,46,0.004701913800090551,0.19904300570487976,0.20312316715717316,0.0
4595,46,0.36736810207366943,0.19904300570487976,0.20312316715717316,0.0
4596,46,0.07689043879508972,0.19904300570487976,0.20312316715717316,0.0
4597,46,0.0066388756968081,0.19904300570487976,0.20312316715717316,0.0
4598,46,0.03843925893306732,0.19904300570487976,0.20312316715717316,0.0
4599,46,0.34791624546051025,0.19904300570487976,0.20312316715717316,0.0
4600,46,0.009987816214561462,0.19904300570487976,0.20312316715717316,0.0
4601,46,0.009703166782855988,0.19904300570487976,0.20312316715717316,0.0
4602,46,0.06590873003005981,0.19904300570487976,0.20312316715717316,0.0
4603,46,0.08669611811637878,0.19904300570487976,0.20312316715717316,0.0
4604,46,0.3692581057548523,0.19904300570487976,0.20312316715717316,0.0
4605,46,0.05860455334186554,0.19904300570487976,0.20312316715717316,0.0
4606,46,0.011257215403020382,0.19904300570487976,0.20312316715717316,0.0
4607,46,0.016836944967508316,0.19904300570487976,0.20312316715717316,0.0
4608,46,0.1145382672548294,0.19904300570487976,0.20312316715717316,0.0
4609,46,0.031841445714235306,0.19904300570487976,0.20312316715717316,0.0
4610,46,0.003976179752498865,0.19904300570487976,0.20312316715717316,0.0
4611,46,0.061500951647758484,0.19904300570487976,0.20312316715717316,0.0
4612,46,0.003440998727455735,0.19904300570487976,0.20312316715717316,0.0
4613,46,0.013562550768256187,0.19904300570487976,0.20312316715717316,0.0
4614,46,0.18563038110733032,0.19904300570487976,0.20312316715717316,0.0
4615,46,0.25417372584342957,0.19904300570487976,0.20312316715717316,0.0
4616,46,0.023002438247203827,0.19904300570487976,0.20312316715717316,0.0
4617,46,0.45349666476249695,0.19904300570487976,0.20312316715717316,0.0
4618,46,0.0318809449672699,0.19904300570487976,0.20312316715717316,0.0
4619,46,0.09534892439842224,0.19904300570487976,0.20312316715717316,0.0
4620,46,0.00586225651204586,0.19904300570487976,0.20312316715717316,0.0
4621,46,0.002431045286357403,0.19904300570487976,0.20312316715717316,0.0
4622,46,0.9956446290016174,0.19904300570487976,0.20312316715717316,0.0
4623,46,0.032148029655218124,0.19904300570487976,0.20312316715717316,0.0
4624,46,0.022867821156978607,0.19904300570487976,0.20312316715717316,0.0
4625,46,0.3572114408016205,0.19904300570487976,0.20312316715717316,0.0
4626,46,0.13321563601493835,0.19904300570487976,0.20312316715717316,0.0
4627,46,0.009705714881420135,0.19904300570487976,0.20312316715717316,0.0
4628,46,0.19265007972717285,0.19904300570487976,0.20312316715717316,0.0
4629,46,0.03606636822223663,0.19904300570487976,0.20312316715717316,0.0
4630,46,0.007365455850958824,0.19904300570487976,0.20312316715717316,0.0
4631,46,0.008280710317194462,0.19904300570487976,0.20312316715717316,0.0
4632,46,0.059172339737415314,0.19904300570487976,0.20312316715717316,0.0
4633,46,0.012535177171230316,0.19904300570487976,0.20312316715717316,0.0
4634,46,0.3982276916503906,0.19904300570487976,0.20312316715717316,0.0
4635,46,0.004949635360389948,0.19904300570487976,0.20312316715717316,0.0
4636,46,0.20840731263160706,0.19904300570487976,0.20312316715717316,0.0
4637,46,0.2497674822807312,0.19904300570487976,0.20312316715717316,0.0
4638,46,0.017442625015974045,0.19904300570487976,0.20312316715717316,0.0
4639,46,0.10642848163843155,0.19904300570487976,0.20312316715717316,0.0
4640,46,0.09387670457363129,0.19904300570487976,0.20312316715717316,0.0
4641,46,0.002770256483927369,0.19904300570487976,0.20312316715717316,0.0
4642,46,0.2451893836259842,0.19904300570487976,0.20312316715717316,0.0
4643,46,0.0032646581530570984,0.19904300570487976,0.20312316715717316,0.0
4644,46,0.13827547430992126,0.19904300570487976,0.20312316715717316,0.0
4645,46,0.004604452755302191,0.19904300570487976,0.20312316715717316,0.0
4646,46,0.029067769646644592,0.19904300570487976,0.20312316715717316,0.0
4647,46,0.3716809153556824,0.19904300570487976,0.20312316715717316,0.0
4648,46,0.008901211433112621,0.19904300570487976,0.20312316715717316,0.0
4649,46,0.5412272214889526,0.19904300570487976,0.20312316715717316,0.0
4650,46,0.007312903646379709,0.19904300570487976,0.20312316715717316,0.0
4651,46,0.037324026226997375,0.19904300570487976,0.20312316715717316,0.0
4652,46,0.14239130914211273,0.19904300570487976,0.20312316715717316,0.0
4653,46,0.3095272183418274,0.19904300570487976,0.20312316715717316,0.0
4654,46,0.17906609177589417,0.19904300570487976,0.20312316715717316,0.0
4655,46,0.06196559593081474,0.19904300570487976,0.20312316715717316,0.0
4656,46,0.16183538734912872,0.19904300570487976,0.20312316715717316,0.0
4657,46,0.0057840109802782536,0.19904300570487976,0.20312316715717316,0.0
4658,46,0.2727586328983307,0.19904300570487976,0.20312316715717316,0.0
4659,46,0.4423862099647522,0.19904300570487976,0.20312316715717316,0.0
4660,46,0.010688016191124916,0.19904300570487976,0.20312316715717316,0.0
4661,46,0.08964928239583969,0.19904300570487976,0.20312316715717316,0.0
4662,46,0.10528487712144852,0.19904300570487976,0.20312316715717316,0.0
4663,46,0.018908938392996788,0.19904300570487976,0.20312316715717316,0.0
4664,46,0.14016199111938477,0.19904300570487976,0.20312316715717316,0.0
4665,46,0.0893976017832756,0.19904300570487976,0.20312316715717316,0.0
4666,46,0.011140954680740833,0.19904300570487976,0.20312316715717316,0.0
4667,46,0.004593634977936745,0.19904300570487976,0.20312316715717316,0.0
4668,46,0.013674690388143063,0.19904300570487976,0.20312316715717316,0.0
4669,46,0.005748860538005829,0.19904300570487976,0.20312316715717316,0.0
4670,46,0.06358227878808975,0.19904300570487976,0.20312316715717316,0.0
4671,46,0.0661383718252182,0.19904300570487976,0.20312316715717316,0.0
4672,46,0.1475355476140976,0.19904300570487976,0.20312316715717316,0.0
4673,46,0.01864958554506302,0.19904300570487976,0.20312316715717316,0.0
4674,46,0.09451273083686829,0.19904300570487976,0.20312316715717316,0.0
4675,46,0.6426718235015869,0.19904300570487976,0.20312316715717316,0.0
4676,46,0.06600676476955414,0.19904300570487976,0.20312316715717316,0.0
4677,46,0.06158364564180374,0.19904300570487976,0.20312316715717316,0.0
4678,46,0.007821652106940746,0.19904300570487976,0.20312316715717316,0.0
4679,46,0.0742325559258461,0.19904300570487976,0.20312316715717316,0.0
4680,46,0.1053885668516159,0.19904300570487976,0.20312316715717316,0.0
4681,46,0.01856900379061699,0.19904300570487976,0.20312316715717316,0.0
4682,46,0.06683781743049622,0.19904300570487976,0.20312316715717316,0.0
4683,46,0.07718808203935623,0.19904300570487976,0.20312316715717316,0.0
4684,46,0.007598578929901123,0.19904300570487976,0.20312316715717316,0.0
4685,46,0.3180032968521118,0.19904300570487976,0.20312316715717316,0.0
4686,46,0.006438053213059902,0.19904300570487976,0.20312316715717316,0.0
4687,46,0.040016770362854004,0.19904300570487976,0.20312316715717316,0.0
4688,46,0.009129305370151997,0.19904300570487976,0.20312316715717316,0.0
4689,46,0.15511301159858704,0.19904300570487976,0.20312316715717316,0.0
4690,46,0.039268381893634796,0.19904300570487976,0.20312316715717316,0.0
4691,46,0.06734161078929901,0.19904300570487976,0.20312316715717316,0.0
4692,46,0.41741934418678284,0.19904300570487976,0.20312316715717316,0.0
4693,46,0.41741934418678284,0.2910105288028717,0.20312316715717316,0.0
4694,46,0.41741934418678284,0.45607203245162964,0.20312316715717316,0.0
4695,46,0.011866731569170952,0.45607203245162964,0.20312316715717316,0.0
4695,47,0.011866731569170952,0.45607203245162964,0.6593776941299438,0.0
4696,47,0.09200643002986908,0.45607203245162964,0.6593776941299438,0.0
4697,47,0.09715340286493301,0.45607203245162964,0.6593776941299438,0.0
4698,47,0.02690449170768261,0.45607203245162964,0.6593776941299438,0.0
4699,47,0.01533957663923502,0.45607203245162964,0.6593776941299438,0.0
4700,47,0.01550489105284214,0.45607203245162964,0.6593776941299438,0.0
4701,47,0.18580682575702667,0.45607203245162964,0.6593776941299438,0.0
4702,47,0.2999002933502197,0.45607203245162964,0.6593776941299438,0.0
4703,47,0.4993540942668915,0.45607203245162964,0.6593776941299438,0.0
4704,47,0.011898815631866455,0.45607203245162964,0.6593776941299438,0.0
4705,47,0.11946064233779907,0.45607203245162964,0.6593776941299438,0.0
4706,47,0.13383927941322327,0.45607203245162964,0.6593776941299438,0.0
4707,47,0.041266053915023804,0.45607203245162964,0.6593776941299438,0.0
4708,47,0.009409203194081783,0.45607203245162964,0.6593776941299438,0.0
4709,47,0.02385975420475006,0.45607203245162964,0.6593776941299438,0.0
4710,47,0.07976026833057404,0.45607203245162964,0.6593776941299438,0.0
4711,47,0.0064687710255384445,0.45607203245162964,0.6593776941299438,0.0
4712,47,0.1372649073600769,0.45607203245162964,0.6593776941299438,0.0
4713,47,0.023626670241355896,0.45607203245162964,0.6593776941299438,0.0
4714,47,0.023046191781759262,0.45607203245162964,0.6593776941299438,0.0
4715,47,0.02628363110125065,0.45607203245162964,0.6593776941299438,0.0
4716,47,0.016775988042354584,0.45607203245162964,0.6593776941299438,0.0
4717,47,0.46839573979377747,0.45607203245162964,0.6593776941299438,0.0
4718,47,0.035704903304576874,0.45607203245162964,0.6593776941299438,0.0
4719,47,0.20275290310382843,0.45607203245162964,0.6593776941299438,0.0
4720,47,0.06317992508411407,0.45607203245162964,0.6593776941299438,0.0
4721,47,0.06297764927148819,0.45607203245162964,0.6593776941299438,0.0
4722,47,0.11272560060024261,0.45607203245162964,0.6593776941299438,0.0
4723,47,0.11248479783535004,0.45607203245162964,0.6593776941299438,0.0
4724,47,0.009998384863138199,0.45607203245162964,0.6593776941299438,0.0
4725,47,0.5018234252929688,0.45607203245162964,0.6593776941299438,0.0
4726,47,0.09327395260334015,0.45607203245162964,0.6593776941299438,0.0
4727,47,0.007448343560099602,0.45607203245162964,0.6593776941299438,0.0
4728,47,0.10702614486217499,0.45607203245162964,0.6593776941299438,0.0
4729,47,0.7993864417076111,0.45607203245162964,0.6593776941299438,0.0
4730,47,0.01602199301123619,0.45607203245162964,0.6593776941299438,0.0
4731,47,0.7234731912612915,0.45607203245162964,0.6593776941299438,0.0
4732,47,0.236807718873024,0.45607203245162964,0.6593776941299438,0.0
4733,47,0.3678770065307617,0.45607203245162964,0.6593776941299438,0.0
4734,47,0.0238286554813385,0.45607203245162964,0.6593776941299438,0.0
4735,47,0.35658833384513855,0.45607203245162964,0.6593776941299438,0.0
4736,47,0.7009429335594177,0.45607203245162964,0.6593776941299438,0.0
4737,47,0.026061274111270905,0.45607203245162964,0.6593776941299438,0.0
4738,47,0.009654514491558075,0.45607203245162964,0.6593776941299438,0.0
4739,47,0.027173925191164017,0.45607203245162964,0.6593776941299438,0.0
4740,47,0.08592277765274048,0.45607203245162964,0.6593776941299438,0.0
4741,47,0.8496115207672119,0.45607203245162964,0.6593776941299438,0.0
4742,47,0.01657792739570141,0.45607203245162964,0.6593776941299438,0.0
4743,47,0.006994749419391155,0.45607203245162964,0.6593776941299438,0.0
4744,47,0.0054976120591163635,0.45607203245162964,0.6593776941299438,0.0
4745,47,0.015914661809802055,0.45607203245162964,0.6593776941299438,0.0
4746,47,0.026463551446795464,0.45607203245162964,0.6593776941299438,0.0
4747,47,0.169634610414505,0.45607203245162964,0.6593776941299438,0.0
4748,47,0.5059351921081543,0.45607203245162964,0.6593776941299438,0.0
4749,47,0.3083217740058899,0.45607203245162964,0.6593776941299438,0.0
4750,47,0.03930639103055,0.45607203245162964,0.6593776941299438,0.0
4751,47,0.00879080593585968,0.45607203245162964,0.6593776941299438,0.0
4752,47,0.05030782148241997,0.45607203245162964,0.6593776941299438,0.0
4753,47,0.051452890038490295,0.45607203245162964,0.6593776941299438,0.0
4754,47,0.014460686594247818,0.45607203245162964,0.6593776941299438,0.0
4755,47,0.05071476846933365,0.45607203245162964,0.6593776941299438,0.0
4756,47,0.009974604472517967,0.45607203245162964,0.6593776941299438,0.0
4757,47,0.02336130663752556,0.45607203245162964,0.6593776941299438,0.0
4758,47,0.00824068859219551,0.45607203245162964,0.6593776941299438,0.0
4759,47,0.028821758925914764,0.45607203245162964,0.6593776941299438,0.0
4760,47,0.09559673070907593,0.45607203245162964,0.6593776941299438,0.0
4761,47,0.30523228645324707,0.45607203245162964,0.6593776941299438,0.0
4762,47,0.008940830826759338,0.45607203245162964,0.6593776941299438,0.0
4763,47,0.10895521938800812,0.45607203245162964,0.6593776941299438,0.0
4764,47,0.13454487919807434,0.45607203245162964,0.6593776941299438,0.0
4765,47,0.7271010875701904,0.45607203245162964,0.6593776941299438,0.0
4766,47,0.5303357243537903,0.45607203245162964,0.6593776941299438,0.0
4767,47,0.07491564005613327,0.45607203245162964,0.6593776941299438,0.0
4768,47,0.020214200019836426,0.45607203245162964,0.6593776941299438,0.0
4769,47,0.009925052523612976,0.45607203245162964,0.6593776941299438,0.0
4770,47,0.3766613006591797,0.45607203245162964,0.6593776941299438,0.0
4771,47,0.007428649812936783,0.45607203245162964,0.6593776941299438,0.0
4772,47,0.012619989924132824,0.45607203245162964,0.6593776941299438,0.0
4773,47,0.28341051936149597,0.45607203245162964,0.6593776941299438,0.0
4774,47,0.0330825001001358,0.45607203245162964,0.6593776941299438,0.0
4775,47,0.06567074358463287,0.45607203245162964,0.6593776941299438,0.0
4776,47,0.16654281318187714,0.45607203245162964,0.6593776941299438,0.0
4777,47,0.04883658513426781,0.45607203245162964,0.6593776941299438,0.0
4778,47,0.04999864473938942,0.45607203245162964,0.6593776941299438,0.0
4779,47,0.29855212569236755,0.45607203245162964,0.6593776941299438,0.0
4780,47,0.011517761275172234,0.45607203245162964,0.6593776941299438,0.0
4781,47,0.20998038351535797,0.45607203245162964,0.6593776941299438,0.0
4782,47,0.027913276106119156,0.45607203245162964,0.6593776941299438,0.0
4783,47,0.2994345426559448,0.45607203245162964,0.6593776941299438,0.0
4784,47,0.042430903762578964,0.45607203245162964,0.6593776941299438,0.0
4785,47,0.00846734270453453,0.45607203245162964,0.6593776941299438,0.0
4786,47,0.018283672630786896,0.45607203245162964,0.6593776941299438,0.0
4787,47,0.12116652727127075,0.45607203245162964,0.6593776941299438,0.0
4788,47,0.02553912252187729,0.45607203245162964,0.6593776941299438,0.0
4789,47,0.33314406871795654,0.45607203245162964,0.6593776941299438,0.0
4790,47,0.05706581473350525,0.45607203245162964,0.6593776941299438,0.0
4791,47,0.2443084418773651,0.45607203245162964,0.6593776941299438,0.0
4792,47,0.15360897779464722,0.45607203245162964,0.6593776941299438,0.0
4793,47,0.007417069748044014,0.45607203245162964,0.6593776941299438,0.0
4794,47,0.01637968234717846,0.45607203245162964,0.6593776941299438,0.0
4795,47,0.01637968234717846,0.017245754599571228,0.6593776941299438,0.0
4796,47,0.01637968234717846,0.010007869452238083,0.6593776941299438,0.0
4797,47,0.16960082948207855,0.010007869452238083,0.6593776941299438,0.0
4797,48,0.16960082948207855,0.010007869452238083,0.34112218022346497,0.0
4798,48,0.04061081260442734,0.010007869452238083,0.34112218022346497,0.0
4799,48,0.18338994681835175,0.010007869452238083,0.34112218022346497,0.0
4800,48,0.01687805727124214,0.010007869452238083,0.34112218022346497,0.0
4801,48,0.016287904232740402,0.010007869452238083,0.34112218022346497,0.0
4802,48,0.1549145132303238,0.010007869452238083,0.34112218022346497,0.0
4803,48,0.011895259842276573,0.010007869452238083,0.34112218022346497,0.0
4804,48,0.0578794851899147,0.010007869452238083,0.34112218022346497,0.0
4805,48,0.035871703177690506,0.010007869452238083,0.34112218022346497,0.0
4806,48,0.155527263879776,0.010007869452238083,0.34112218022346497,0.0
4807,48,0.009327821433544159,0.010007869452238083,0.34112218022346497,0.0
4808,48,0.007765038404613733,0.010007869452238083,0.34112218022346497,0.0
4809,48,0.01859160140156746,0.010007869452238083,0.34112218022346497,0.0
4810,48,0.06007613614201546,0.010007869452238083,0.34112218022346497,0.0
4811,48,0.3207738399505615,0.010007869452238083,0.34112218022346497,0.0
4812,48,0.02107657492160797,0.010007869452238083,0.34112218022346497,0.0
4813,48,0.09581982344388962,0.010007869452238083,0.34112218022346497,0.0
4814,48,0.03596358746290207,0.010007869452238083,0.34112218022346497,0.0
4815,48,0.7009849548339844,0.010007869452238083,0.34112218022346497,0.0
4816,48,0.5939347743988037,0.010007869452238083,0.34112218022346497,0.0
4817,48,0.10963353514671326,0.010007869452238083,0.34112218022346497,0.0
4818,48,0.07555961608886719,0.010007869452238083,0.34112218022346497,0.0
4819,48,0.07271429896354675,0.010007869452238083,0.34112218022346497,0.0
4820,48,0.24673444032669067,0.010007869452238083,0.34112218022346497,0.0
4821,48,0.0285798292607069,0.010007869452238083,0.34112218022346497,0.0
4822,48,0.8697447776794434,0.010007869452238083,0.34112218022346497,0.0
4823,48,0.027342399582266808,0.010007869452238083,0.34112218022346497,0.0
4824,48,0.02083910070359707,0.010007869452238083,0.34112218022346497,0.0
4825,48,0.012517262250185013,0.010007869452238083,0.34112218022346497,0.0
4826,48,0.007933042012155056,0.010007869452238083,0.34112218022346497,0.0
4827,48,0.007839705795049667,0.010007869452238083,0.34112218022346497,0.0
4828,48,0.5748786330223083,0.010007869452238083,0.34112218022346497,0.0
4829,48,0.3004153072834015,0.010007869452238083,0.34112218022346497,0.0
4830,48,0.047491516917943954,0.010007869452238083,0.34112218022346497,0.0
4831,48,0.05570334941148758,0.010007869452238083,0.34112218022346497,0.0
4832,48,0.043036751449108124,0.010007869452238083,0.34112218022346497,0.0
4833,48,0.010981184430420399,0.010007869452238083,0.34112218022346497,0.0
4834,48,0.06616511940956116,0.010007869452238083,0.34112218022346497,0.0
4835,48,0.19930541515350342,0.010007869452238083,0.34112218022346497,0.0
4836,48,0.356937050819397,0.010007869452238083,0.34112218022346497,0.0
4837,48,0.013489464297890663,0.010007869452238083,0.34112218022346497,0.0
4838,48,0.1538478434085846,0.010007869452238083,0.34112218022346497,0.0
4839,48,0.011593147180974483,0.010007869452238083,0.34112218022346497,0.0
4840,48,0.024079374969005585,0.010007869452238083,0.34112218022346497,0.0
4841,48,0.6217873096466064,0.010007869452238083,0.34112218022346497,0.0
4842,48,0.2739931344985962,0.010007869452238083,0.34112218022346497,0.0
4843,48,0.1995825618505478,0.010007869452238083,0.34112218022346497,0.0
4844,48,0.02727687917649746,0.010007869452238083,0.34112218022346497,0.0
4845,48,0.04561970755457878,0.010007869452238083,0.34112218022346497,0.0
4846,48,0.3390764594078064,0.010007869452238083,0.34112218022346497,0.0
4847,48,0.0041754720732569695,0.010007869452238083,0.34112218022346497,0.0
4848,48,0.012125461362302303,0.010007869452238083,0.34112218022346497,0.0
4849,48,0.008436102420091629,0.010007869452238083,0.34112218022346497,0.0
4850,48,0.10682445019483566,0.010007869452238083,0.34112218022346497,0.0
4851,48,0.13367754220962524,0.010007869452238083,0.34112218022346497,0.0
4852,48,0.08866700530052185,0.010007869452238083,0.34112218022346497,0.0
4853,48,0.0067270356230437756,0.010007869452238083,0.34112218022346497,0.0
4854,48,0.010370500385761261,0.010007869452238083,0.34112218022346497,0.0
4855,48,0.06695380806922913,0.010007869452238083,0.34112218022346497,0.0
4856,48,0.013318534940481186,0.010007869452238083,0.34112218022346497,0.0
4857,48,0.2960805296897888,0.010007869452238083,0.34112218022346497,0.0
4858,48,0.0660463199019432,0.010007869452238083,0.34112218022346497,0.0
4859,48,0.8682564496994019,0.010007869452238083,0.34112218022346497,0.0
4860,48,0.36113855242729187,0.010007869452238083,0.34112218022346497,0.0
4861,48,0.008995898067951202,0.010007869452238083,0.34112218022346497,0.0
4862,48,0.16896319389343262,0.010007869452238083,0.34112218022346497,0.0
4863,48,0.009025555104017258,0.010007869452238083,0.34112218022346497,0.0
4864,48,0.14252987504005432,0.010007869452238083,0.34112218022346497,0.0
4865,48,0.014206101186573505,0.010007869452238083,0.34112218022346497,0.0
4866,48,0.6381329298019409,0.010007869452238083,0.34112218022346497,0.0
4867,48,0.021201089024543762,0.010007869452238083,0.34112218022346497,0.0
4868,48,0.38271838426589966,0.010007869452238083,0.34112218022346497,0.0
4869,48,0.021477293223142624,0.010007869452238083,0.34112218022346497,0.0
4870,48,0.05355740711092949,0.010007869452238083,0.34112218022346497,0.0
4871,48,0.25842514634132385,0.010007869452238083,0.34112218022346497,0.0
4872,48,0.5209057331085205,0.010007869452238083,0.34112218022346497,0.0
4873,48,0.012126005254685879,0.010007869452238083,0.34112218022346497,0.0
4874,48,0.10560376197099686,0.010007869452238083,0.34112218022346497,0.0
4875,48,0.11647989600896835,0.010007869452238083,0.34112218022346497,0.0
4876,48,0.06250151991844177,0.010007869452238083,0.34112218022346497,0.0
4877,48,0.06057533994317055,0.010007869452238083,0.34112218022346497,0.0
4878,48,0.02912285178899765,0.010007869452238083,0.34112218022346497,0.0
4879,48,0.18554945290088654,0.010007869452238083,0.34112218022346497,0.0
4880,48,0.09759783744812012,0.010007869452238083,0.34112218022346497,0.0
4881,48,0.011195091530680656,0.010007869452238083,0.34112218022346497,0.0
4882,48,0.21806804835796356,0.010007869452238083,0.34112218022346497,0.0
4883,48,0.10268612951040268,0.010007869452238083,0.34112218022346497,0.0
4884,48,0.008471151813864708,0.010007869452238083,0.34112218022346497,0.0
4885,48,0.13314063847064972,0.010007869452238083,0.34112218022346497,0.0
4886,48,0.4957369565963745,0.010007869452238083,0.34112218022346497,0.0
4887,48,0.06522119045257568,0.010007869452238083,0.34112218022346497,0.0
4888,48,0.11236287653446198,0.010007869452238083,0.34112218022346497,0.0
4889,48,0.12302987277507782,0.010007869452238083,0.34112218022346497,0.0
4890,48,0.014779610559344292,0.010007869452238083,0.34112218022346497,0.0
4891,48,0.8918008804321289,0.010007869452238083,0.34112218022346497,0.0
4892,48,0.006923212204128504,0.010007869452238083,0.34112218022346497,0.0
4893,48,0.10930044949054718,0.010007869452238083,0.34112218022346497,0.0
4894,48,0.006818389054387808,0.010007869452238083,0.34112218022346497,0.0
4895,48,0.256766676902771,0.010007869452238083,0.34112218022346497,0.0
4896,48,0.16127388179302216,0.010007869452238083,0.34112218022346497,0.0
4897,48,0.16127388179302216,0.10221174359321594,0.34112218022346497,0.0
4898,48,0.16127388179302216,0.2783651351928711,0.34112218022346497,0.0
4899,48,0.24649512767791748,0.2783651351928711,0.34112218022346497,0.0
4899,49,0.24649512767791748,0.2783651351928711,0.978966474533081,0.0
4900,49,0.41504931449890137,0.2783651351928711,0.978966474533081,0.0
4901,49,0.8670021295547485,0.2783651351928711,0.978966474533081,0.0
4902,49,0.007991194725036621,0.2783651351928711,0.978966474533081,0.0
4903,49,0.010441690683364868,0.2783651351928711,0.978966474533081,0.0
4904,49,0.017193129286170006,0.2783651351928711,0.978966474533081,0.0
4905,49,0.010375101119279861,0.2783651351928711,0.978966474533081,0.0
4906,49,0.0765792578458786,0.2783651351928711,0.978966474533081,0.0
4907,49,0.6406155824661255,0.2783651351928711,0.978966474533081,0.0
4908,49,0.021967394277453423,0.2783651351928711,0.978966474533081,0.0
4909,49,0.10965865105390549,0.2783651351928711,0.978966474533081,0.0
4910,49,0.11246945708990097,0.2783651351928711,0.978966474533081,0.0
4911,49,0.017232494428753853,0.2783651351928711,0.978966474533081,0.0
4912,49,0.11327312886714935,0.2783651351928711,0.978966474533081,0.0
4913,49,0.015257330611348152,0.2783651351928711,0.978966474533081,0.0
4914,49,0.04915923252701759,0.2783651351928711,0.978966474533081,0.0
4915,49,0.23115280270576477,0.2783651351928711,0.978966474533081,0.0
4916,49,0.014364000409841537,0.2783651351928711,0.978966474533081,0.0
4917,49,0.007373039610683918,0.2783651351928711,0.978966474533081,0.0
4918,49,0.4945501685142517,0.2783651351928711,0.978966474533081,0.0
4919,49,0.026968052610754967,0.2783651351928711,0.978966474533081,0.0
4920,49,0.5611118078231812,0.2783651351928711,0.978966474533081,0.0
4921,49,0.10226047039031982,0.2783651351928711,0.978966474533081,0.0
4922,49,0.03251103311777115,0.2783651351928711,0.978966474533081,0.0
4923,49,0.0030822812113910913,0.2783651351928711,0.978966474533081,0.0
4924,49,0.013544837944209576,0.2783651351928711,0.978966474533081,0.0
4925,49,0.3291194438934326,0.2783651351928711,0.978966474533081,0.0
4926,49,0.004618024919182062,0.2783651351928711,0.978966474533081,0.0
4927,49,0.057902947068214417,0.2783651351928711,0.978966474533081,0.0
4928,49,0.056882619857788086,0.2783651351928711,0.978966474533081,0.0
4929,49,0.2665664255619049,0.2783651351928711,0.978966474533081,0.0
4930,49,0.0536278635263443,0.2783651351928711,0.978966474533081,0.0
4931,49,0.011012686416506767,0.2783651351928711,0.978966474533081,0.0
4932,49,0.15456444025039673,0.2783651351928711,0.978966474533081,0.0
4933,49,0.021642835810780525,0.2783651351928711,0.978966474533081,0.0
4934,49,0.012966352514922619,0.2783651351928711,0.978966474533081,0.0
4935,49,0.006951186340302229,0.2783651351928711,0.978966474533081,0.0
4936,49,0.040697816759347916,0.2783651351928711,0.978966474533081,0.0
4937,49,0.16913384199142456,0.2783651351928711,0.978966474533081,0.0
4938,49,0.6070696711540222,0.2783651351928711,0.978966474533081,0.0
4939,49,0.1246233806014061,0.2783651351928711,0.978966474533081,0.0
4940,49,0.2616150975227356,0.2783651351928711,0.978966474533081,0.0
4941,49,0.16344240307807922,0.2783651351928711,0.978966474533081,0.0
4942,49,0.006139620207250118,0.2783651351928711,0.978966474533081,0.0
4943,49,0.011911002919077873,0.2783651351928711,0.978966474533081,0.0
4944,49,0.011769421398639679,0.2783651351928711,0.978966474533081,0.0
4945,49,0.08744164556264877,0.2783651351928711,0.978966474533081,0.0
4946,49,0.21971245110034943,0.2783651351928711,0.978966474533081,0.0
4947,49,0.0018477971898391843,0.2783651351928711,0.978966474533081,0.0
4948,49,0.010552708990871906,0.2783651351928711,0.978966474533081,0.0
4949,49,0.04648619145154953,0.2783651351928711,0.978966474533081,0.0
4950,49,0.01820209249854088,0.2783651351928711,0.978966474533081,0.0
4951,49,0.19968849420547485,0.2783651351928711,0.978966474533081,0.0
4952,49,0.5625905394554138,0.2783651351928711,0.978966474533081,0.0
4953,49,0.023385703563690186,0.2783651351928711,0.978966474533081,0.0
4954,49,0.23592841625213623,0.2783651351928711,0.978966474533081,0.0
4955,49,0.3361372947692871,0.2783651351928711,0.978966474533081,0.0
4956,49,0.18246671557426453,0.2783651351928711,0.978966474533081,0.0
4957,49,0.09416608512401581,0.2783651351928711,0.978966474533081,0.0
4958,49,0.11570882052183151,0.2783651351928711,0.978966474533081,0.0
4959,49,0.051406003534793854,0.2783651351928711,0.978966474533081,0.0
4960,49,0.008645360358059406,0.2783651351928711,0.978966474533081,0.0
4961,49,0.009012945927679539,0.2783651351928711,0.978966474533081,0.0
4962,49,0.016766361892223358,0.2783651351928711,0.978966474533081,0.0
4963,49,0.0966920480132103,0.2783651351928711,0.978966474533081,0.0
4964,49,0.03331466764211655,0.2783651351928711,0.978966474533081,0.0
4965,49,0.015507841482758522,0.2783651351928711,0.978966474533081,0.0
4966,49,0.004457942675799131,0.2783651351928711,0.978966474533081,0.0
4967,49,0.015231790021061897,0.2783651351928711,0.978966474533081,0.0
4968,49,0.09806038439273834,0.2783651351928711,0.978966474533081,0.0
4969,49,0.08778619766235352,0.2783651351928711,0.978966474533081,0.0
4970,49,0.20189866423606873,0.2783651351928711,0.978966474533081,0.0
4971,49,0.48703476786613464,0.2783651351928711,0.978966474533081,0.0
4972,49,0.3368971049785614,0.2783651351928711,0.978966474533081,0.0
4973,49,0.6793050765991211,0.2783651351928711,0.978966474533081,0.0
4974,49,0.08633768558502197,0.2783651351928711,0.978966474533081,0.0
4975,49,0.9478249549865723,0.2783651351928711,0.978966474533081,0.0
4976,49,0.004497048445045948,0.2783651351928711,0.978966474533081,0.0
4977,49,0.26215213537216187,0.2783651351928711,0.978966474533081,0.0
4978,49,0.038473211228847504,0.2783651351928711,0.978966474533081,0.0
4979,49,0.006348231807351112,0.2783651351928711,0.978966474533081,0.0
4980,49,0.007030765525996685,0.2783651351928711,0.978966474533081,0.0
4981,49,0.041055046021938324,0.2783651351928711,0.978966474533081,0.0
4982,49,0.2064451277256012,0.2783651351928711,0.978966474533081,0.0
4983,49,0.05858812481164932,0.2783651351928711,0.978966474533081,0.0
4984,49,0.015838859602808952,0.2783651351928711,0.978966474533081,0.0
4985,49,0.037751082330942154,0.2783651351928711,0.978966474533081,0.0
4986,49,0.010073036886751652,0.2783651351928711,0.978966474533081,0.0
4987,49,0.026530174538493156,0.2783651351928711,0.978966474533081,0.0
4988,49,0.13626471161842346,0.2783651351928711,0.978966474533081,0.0
4989,49,0.02562974952161312,0.2783651351928711,0.978966474533081,0.0
4990,49,0.05248922482132912,0.2783651351928711,0.978966474533081,0.0
4991,49,0.07197676599025726,0.2783651351928711,0.978966474533081,0.0
4992,49,0.011171380989253521,0.2783651351928711,0.978966474533081,0.0
4993,49,0.005610635504126549,0.2783651351928711,0.978966474533081,0.0
4994,49,0.008129101246595383,0.2783651351928711,0.978966474533081,0.0
4995,49,0.026425693184137344,0.2783651351928711,0.978966474533081,0.0
4996,49,0.016845645383000374,0.2783651351928711,0.978966474533081,0.0
4997,49,0.09334146976470947,0.2783651351928711,0.978966474533081,0.0
4998,49,0.017589490860700607,0.2783651351928711,0.978966474533081,0.0
4999,49,0.017589490860700607,0.010147657245397568,0.978966474533081,0.0
5000,49,0.017589490860700607,0.015556501224637032,0.978966474533081,0.0
5001,49,0.30888307094573975,0.015556501224637032,0.978966474533081,0.0
5001,50,0.30888307094573975,0.015556501224637032,0.007483735680580139,0.0
5002,50,0.05261911451816559,0.015556501224637032,0.007483735680580139,0.0
5003,50,0.012201426550745964,0.015556501224637032,0.007483735680580139,0.0
5004,50,0.009124984964728355,0.015556501224637032,0.007483735680580139,0.0
5005,50,0.004693612456321716,0.015556501224637032,0.007483735680580139,0.0
5006,50,0.06429868936538696,0.015556501224637032,0.007483735680580139,0.0
5007,50,0.183339461684227,0.015556501224637032,0.007483735680580139,0.0
5008,50,0.009379513561725616,0.015556501224637032,0.007483735680580139,0.0
5009,50,0.0067214928567409515,0.015556501224637032,0.007483735680580139,0.0
5010,50,0.8619995713233948,0.015556501224637032,0.007483735680580139,0.0
5011,50,0.2883853316307068,0.015556501224637032,0.007483735680580139,0.0
5012,50,0.024035152047872543,0.015556501224637032,0.007483735680580139,0.0
5013,50,0.09730303287506104,0.015556501224637032,0.007483735680580139,0.0
5014,50,0.3081810772418976,0.015556501224637032,0.007483735680580139,0.0
5015,50,0.2696674168109894,0.015556501224637032,0.007483735680580139,0.0
5016,50,0.02695363759994507,0.015556501224637032,0.007483735680580139,0.0
5017,50,0.09726858139038086,0.015556501224637032,0.007483735680580139,0.0
5018,50,0.012698857113718987,0.015556501224637032,0.007483735680580139,0.0
5019,50,0.04605632275342941,0.015556501224637032,0.007483735680580139,0.0
5020,50,0.04171768203377724,0.015556501224637032,0.007483735680580139,0.0
5021,50,0.1413937211036682,0.015556501224637032,0.007483735680580139,0.0
5022,50,0.01150780450552702,0.015556501224637032,0.007483735680580139,0.0
5023,50,0.3961493968963623,0.015556501224637032,0.007483735680580139,0.0
5024,50,0.0210031159222126,0.015556501224637032,0.007483735680580139,0.0
5025,50,0.08714889734983444,0.015556501224637032,0.007483735680580139,0.0
5026,50,0.14036579430103302,0.015556501224637032,0.007483735680580139,0.0
5027,50,0.4958130717277527,0.015556501224637032,0.007483735680580139,0.0
5028,50,0.014954701066017151,0.015556501224637032,0.007483735680580139,0.0
5029,50,0.009262865409255028,0.015556501224637032,0.007483735680580139,0.0
5030,50,0.01444340217858553,0.015556501224637032,0.007483735680580139,0.0
5031,50,0.18337488174438477,0.015556501224637032,0.007483735680580139,0.0
5032,50,0.009495158679783344,0.015556501224637032,0.007483735680580139,0.0
5033,50,0.11472423374652863,0.015556501224637032,0.007483735680580139,0.0
5034,50,0.025134911760687828,0.015556501224637032,0.007483735680580139,0.0
5035,50,0.008799398317933083,0.015556501224637032,0.007483735680580139,0.0
5036,50,0.012996690347790718,0.015556501224637032,0.007483735680580139,0.0
5037,50,0.11774247884750366,0.015556501224637032,0.007483735680580139,0.0
5038,50,0.15948323905467987,0.015556501224637032,0.007483735680580139,0.0
5039,50,0.026457173749804497,0.015556501224637032,0.007483735680580139,0.0
5040,50,0.03754331171512604,0.015556501224637032,0.007483735680580139,0.0
5041,50,0.5139510631561279,0.015556501224637032,0.007483735680580139,0.0
5042,50,0.02567053958773613,0.015556501224637032,0.007483735680580139,0.0
5043,50,0.03664734214544296,0.015556501224637032,0.007483735680580139,0.0
5044,50,0.012980829924345016,0.015556501224637032,0.007483735680580139,0.0
5045,50,0.02910957857966423,0.015556501224637032,0.007483735680580139,0.0
5046,50,0.004017876926809549,0.015556501224637032,0.007483735680580139,0.0
5047,50,0.618116021156311,0.015556501224637032,0.007483735680580139,0.0
5048,50,0.6136707067489624,0.015556501224637032,0.007483735680580139,0.0
5049,50,0.007682424038648605,0.015556501224637032,0.007483735680580139,0.0
5050,50,0.027415674179792404,0.015556501224637032,0.007483735680580139,0.0
5051,50,0.1935369372367859,0.015556501224637032,0.007483735680580139,0.0
5052,50,0.005714284256100655,0.015556501224637032,0.007483735680580139,0.0
5053,50,0.1713380515575409,0.015556501224637032,0.007483735680580139,0.0
5054,50,0.3552057445049286,0.015556501224637032,0.007483735680580139,0.0
5055,50,0.06617076694965363,0.015556501224637032,0.007483735680580139,0.0
5056,50,0.003899151226505637,0.015556501224637032,0.007483735680580139,0.0
5057,50,0.011516830883920193,0.015556501224637032,0.007483735680580139,0.0
5058,50,0.04364171251654625,0.015556501224637032,0.007483735680580139,0.0
5059,50,0.09278568625450134,0.015556501224637032,0.007483735680580139,0.0
5060,50,0.2002873420715332,0.015556501224637032,0.007483735680580139,0.0
5061,50,0.2531586289405823,0.015556501224637032,0.007483735680580139,0.0
5062,50,0.16356907784938812,0.015556501224637032,0.007483735680580139,0.0
5063,50,0.08491373807191849,0.015556501224637032,0.007483735680580139,0.0
5064,50,0.01022698637098074,0.015556501224637032,0.007483735680580139,0.0
5065,50,0.013518182560801506,0.015556501224637032,0.007483735680580139,0.0
5066,50,0.012100184336304665,0.015556501224637032,0.007483735680580139,0.0
5067,50,0.019174933433532715,0.015556501224637032,0.007483735680580139,0.0
5068,50,0.014534423127770424,0.015556501224637032,0.007483735680580139,0.0
5069,50,0.01034295279532671,0.015556501224637032,0.007483735680580139,0.0
5070,50,0.016506832093000412,0.015556501224637032,0.007483735680580139,0.0
5071,50,0.008374551311135292,0.015556501224637032,0.007483735680580139,0.0
5072,50,0.03073073737323284,0.015556501224637032,0.007483735680580139,0.0
5073,50,0.11507554352283478,0.015556501224637032,0.007483735680580139,0.0
5074,50,0.00877480860799551,0.015556501224637032,0.007483735680580139,0.0
5075,50,0.2400035560131073,0.015556501224637032,0.007483735680580139,0.0
5076,50,0.3249049484729767,0.015556501224637032,0.007483735680580139,0.0
5077,50,0.1993819624185562,0.015556501224637032,0.007483735680580139,0.0
5078,50,0.2588791251182556,0.015556501224637032,0.007483735680580139,0.0
5079,50,0.23325984179973602,0.015556501224637032,0.007483735680580139,0.0
5080,50,0.7053198218345642,0.015556501224637032,0.007483735680580139,0.0
5081,50,0.049210984259843826,0.015556501224637032,0.007483735680580139,0.0
5082,50,0.03378266096115112,0.015556501224637032,0.007483735680580139,0.0
5083,50,0.020582903176546097,0.015556501224637032,0.007483735680580139,0.0
5084,50,0.008310114964842796,0.015556501224637032,0.007483735680580139,0.0
5085,50,0.007253978401422501,0.015556501224637032,0.007483735680580139,0.0
5086,50,0.021675312891602516,0.015556501224637032,0.007483735680580139,0.0
5087,50,0.05206373706459999,0.015556501224637032,0.007483735680580139,0.0
5088,50,0.10734827816486359,0.015556501224637032,0.007483735680580139,0.0
5089,50,0.21841570734977722,0.015556501224637032,0.007483735680580139,0.0
5090,50,0.20512473583221436,0.015556501224637032,0.007483735680580139,0.0
5091,50,0.39085322618484497,0.015556501224637032,0.007483735680580139,0.0
5092,50,0.029554039239883423,0.015556501224637032,0.007483735680580139,0.0
5093,50,0.0414249449968338,0.015556501224637032,0.007483735680580139,0.0
5094,50,0.014642500318586826,0.015556501224637032,0.007483735680580139,0.0
5095,50,0.19748783111572266,0.015556501224637032,0.007483735680580139,0.0
5096,50,0.012160618789494038,0.015556501224637032,0.007483735680580139,0.0
5097,50,0.010127019137144089,0.015556501224637032,0.007483735680580139,0.0
5098,50,0.19334954023361206,0.015556501224637032,0.007483735680580139,0.0
5099,50,0.1603376865386963,0.015556501224637032,0.007483735680580139,0.0
5100,50,0.10327740013599396,0.015556501224637032,0.007483735680580139,0.0
5101,50,0.10327740013599396,0.20248401165008545,0.007483735680580139,0.0
5102,50,0.10327740013599396,0.09183664619922638,0.007483735680580139,0.0
5103,50,0.6604809761047363,0.09183664619922638,0.007483735680580139,0.0
5103,51,0.6604809761047363,0.09183664619922638,0.7861471772193909,0.0
5104,51,0.07018855214118958,0.09183664619922638,0.7861471772193909,0.0
5105,51,0.006355644203722477,0.09183664619922638,0.7861471772193909,0.0
5106,51,0.25522634387016296,0.09183664619922638,0.7861471772193909,0.0
5107,51,0.04594099149107933,0.09183664619922638,0.7861471772193909,0.0
5108,51,0.3605394959449768,0.09183664619922638,0.7861471772193909,0.0
5109,51,0.015450585633516312,0.09183664619922638,0.7861471772193909,0.0
5110,51,0.20746847987174988,0.09183664619922638,0.7861471772193909,0.0
5111,51,0.1958252191543579,0.09183664619922638,0.7861471772193909,0.0
5112,51,0.006739328615367413,0.09183664619922638,0.7861471772193909,0.0
5113,51,0.08872094750404358,0.09183664619922638,0.7861471772193909,0.0
5114,51,0.015451731160283089,0.09183664619922638,0.7861471772193909,0.0
5115,51,0.10716857016086578,0.09183664619922638,0.7861471772193909,0.0
5116,51,0.1495407223701477,0.09183664619922638,0.7861471772193909,0.0
5117,51,0.005414021201431751,0.09183664619922638,0.7861471772193909,0.0
5118,51,0.010480239987373352,0.09183664619922638,0.7861471772193909,0.0
5119,51,0.20289723575115204,0.09183664619922638,0.7861471772193909,0.0
5120,51,0.023268168792128563,0.09183664619922638,0.7861471772193909,0.0
5121,51,0.009708510711789131,0.09183664619922638,0.7861471772193909,0.0
5122,51,0.6460381746292114,0.09183664619922638,0.7861471772193909,0.0
5123,51,0.047576360404491425,0.09183664619922638,0.7861471772193909,0.0
5124,51,0.0075899637304246426,0.09183664619922638,0.7861471772193909,0.0
5125,51,0.06879674643278122,0.09183664619922638,0.7861471772193909,0.0
5126,51,0.07465751469135284,0.09183664619922638,0.7861471772193909,0.0
5127,51,0.09485079348087311,0.09183664619922638,0.7861471772193909,0.0
5128,51,0.24165019392967224,0.09183664619922638,0.7861471772193909,0.0
5129,51,0.10738897323608398,0.09183664619922638,0.7861471772193909,0.0
5130,51,0.022736527025699615,0.09183664619922638,0.7861471772193909,0.0
5131,51,0.07561679929494858,0.09183664619922638,0.7861471772193909,0.0
5132,51,0.008864160627126694,0.09183664619922638,0.7861471772193909,0.0
5133,51,0.00412727752700448,0.09183664619922638,0.7861471772193909,0.0
5134,51,0.05413760989904404,0.09183664619922638,0.7861471772193909,0.0
5135,51,0.009634125046432018,0.09183664619922638,0.7861471772193909,0.0
5136,51,0.013604063540697098,0.09183664619922638,0.7861471772193909,0.0
5137,51,0.1914706826210022,0.09183664619922638,0.7861471772193909,0.0
5138,51,0.21136188507080078,0.09183664619922638,0.7861471772193909,0.0
5139,51,0.03404515981674194,0.09183664619922638,0.7861471772193909,0.0
5140,51,0.05342782288789749,0.09183664619922638,0.7861471772193909,0.0
5141,51,0.026576464995741844,0.09183664619922638,0.7861471772193909,0.0
5142,51,0.03046005591750145,0.09183664619922638,0.7861471772193909,0.0
5143,51,0.09208135306835175,0.09183664619922638,0.7861471772193909,0.0
5144,51,0.03479144722223282,0.09183664619922638,0.7861471772193909,0.0
5145,51,0.1755475550889969,0.09183664619922638,0.7861471772193909,0.0
5146,51,0.7668671011924744,0.09183664619922638,0.7861471772193909,0.0
5147,51,0.1082121729850769,0.09183664619922638,0.7861471772193909,0.0
5148,51,0.01692354679107666,0.09183664619922638,0.7861471772193909,0.0
5149,51,0.33829376101493835,0.09183664619922638,0.7861471772193909,0.0
5150,51,0.016780711710453033,0.09183664619922638,0.7861471772193909,0.0
5151,51,0.12000703811645508,0.09183664619922638,0.7861471772193909,0.0
5152,51,0.005948992446064949,0.09183664619922638,0.7861471772193909,0.0
5153,51,0.024780910462141037,0.09183664619922638,0.7861471772193909,0.0
5154,51,0.0337749607861042,0.09183664619922638,0.7861471772193909,0.0
5155,51,0.07075050473213196,0.09183664619922638,0.7861471772193909,0.0
5156,51,0.010999361053109169,0.09183664619922638,0.7861471772193909,0.0
5157,51,0.03719109669327736,0.09183664619922638,0.7861471772193909,0.0
5158,51,0.03635387867689133,0.09183664619922638,0.7861471772193909,0.0
5159,51,0.014293743297457695,0.09183664619922638,0.7861471772193909,0.0
5160,51,0.005508840084075928,0.09183664619922638,0.7861471772193909,0.0
5161,51,0.033434800803661346,0.09183664619922638,0.7861471772193909,0.0
5162,51,0.1649499535560608,0.09183664619922638,0.7861471772193909,0.0
5163,51,0.008222201839089394,0.09183664619922638,0.7861471772193909,0.0
5164,51,0.023015940561890602,0.09183664619922638,0.7861471772193909,0.0
5165,51,0.0734933465719223,0.09183664619922638,0.7861471772193909,0.0
5166,51,0.1072632446885109,0.09183664619922638,0.7861471772193909,0.0
5167,51,0.005485760048031807,0.09183664619922638,0.7861471772193909,0.0
5168,51,0.47528278827667236,0.09183664619922638,0.7861471772193909,0.0
5169,51,0.12561824917793274,0.09183664619922638,0.7861471772193909,0.0
5170,51,0.023081941530108452,0.09183664619922638,0.7861471772193909,0.0
5171,51,0.23107001185417175,0.09183664619922638,0.7861471772193909,0.0
5172,51,0.16991391777992249,0.09183664619922638,0.7861471772193909,0.0
5173,51,0.036548465490341187,0.09183664619922638,0.7861471772193909,0.0
5174,51,0.006114412099123001,0.09183664619922638,0.7861471772193909,0.0
5175,51,0.030627235770225525,0.09183664619922638,0.7861471772193909,0.0
5176,51,0.009653628803789616,0.09183664619922638,0.7861471772193909,0.0
5177,51,0.021743573248386383,0.09183664619922638,0.7861471772193909,0.0
5178,51,0.0075396946631371975,0.09183664619922638,0.7861471772193909,0.0
5179,51,0.12074452638626099,0.09183664619922638,0.7861471772193909,0.0
5180,51,0.015748273581266403,0.09183664619922638,0.7861471772193909,0.0
5181,51,0.024461286142468452,0.09183664619922638,0.7861471772193909,0.0
5182,51,0.1536353975534439,0.09183664619922638,0.7861471772193909,0.0
5183,51,0.013822177425026894,0.09183664619922638,0.7861471772193909,0.0
5184,51,0.026451461017131805,0.09183664619922638,0.7861471772193909,0.0
5185,51,0.006637054495513439,0.09183664619922638,0.7861471772193909,0.0
5186,51,0.34399253129959106,0.09183664619922638,0.7861471772193909,0.0
5187,51,0.01043589785695076,0.09183664619922638,0.7861471772193909,0.0
5188,51,0.003555749077349901,0.09183664619922638,0.7861471772193909,0.0
5189,51,0.4620378315448761,0.09183664619922638,0.7861471772193909,0.0
5190,51,0.76624596118927,0.09183664619922638,0.7861471772193909,0.0
5191,51,0.5330690145492554,0.09183664619922638,0.7861471772193909,0.0
5192,51,0.3028837740421295,0.09183664619922638,0.7861471772193909,0.0
5193,51,0.21611705422401428,0.09183664619922638,0.7861471772193909,0.0
5194,51,0.00826694443821907,0.09183664619922638,0.7861471772193909,0.0
5195,51,0.04363354295492172,0.09183664619922638,0.7861471772193909,0.0
5196,51,0.7115882635116577,0.09183664619922638,0.7861471772193909,0.0
5197,51,0.2779351770877838,0.09183664619922638,0.7861471772193909,0.0
5198,51,0.02109544165432453,0.09183664619922638,0.7861471772193909,0.0
5199,51,0.5665456056594849,0.09183664619922638,0.7861471772193909,0.0
5200,51,0.00651184655725956,0.09183664619922638,0.7861471772193909,0.0
5201,51,0.12144429981708527,0.09183664619922638,0.7861471772193909,0.0
5202,51,0.28506603837013245,0.09183664619922638,0.7861471772193909,0.0
5203,51,0.28506603837013245,0.01778789423406124,0.7861471772193909,0.0
5204,51,0.28506603837013245,0.02209809049963951,0.7861471772193909,0.0
5205,51,0.14813753962516785,0.02209809049963951,0.7861471772193909,0.0
5205,52,0.14813753962516785,0.02209809049963951,0.5336597561836243,0.0
5206,52,0.054540302604436874,0.02209809049963951,0.5336597561836243,0.0
5207,52,0.004806689918041229,0.02209809049963951,0.5336597561836243,0.0
5208,52,0.04847079515457153,0.02209809049963951,0.5336597561836243,0.0
5209,52,0.0804942175745964,0.02209809049963951,0.5336597561836243,0.0
5210,52,0.05893532186746597,0.02209809049963951,0.5336597561836243,0.0
5211,52,0.013855965808033943,0.02209809049963951,0.5336597561836243,0.0
5212,52,0.3068769574165344,0.02209809049963951,0.5336597561836243,0.0
5213,52,0.006933508440852165,0.02209809049963951,0.5336597561836243,0.0
5214,52,0.008512075059115887,0.02209809049963951,0.5336597561836243,0.0
5215,52,0.1297365128993988,0.02209809049963951,0.5336597561836243,0.0
5216,52,0.005064521450549364,0.02209809049963951,0.5336597561836243,0.0
5217,52,0.035677846521139145,0.02209809049963951,0.5336597561836243,0.0
5218,52,0.5975435972213745,0.02209809049963951,0.5336597561836243,0.0
5219,52,0.011348136700689793,0.02209809049963951,0.5336597561836243,0.0
5220,52,0.01322549395263195,0.02209809049963951,0.5336597561836243,0.0
5221,52,0.008793909102678299,0.02209809049963951,0.5336597561836243,0.0
5222,52,0.013398658484220505,0.02209809049963951,0.5336597561836243,0.0
5223,52,0.10502553731203079,0.02209809049963951,0.5336597561836243,0.0
5224,52,0.32367485761642456,0.02209809049963951,0.5336597561836243,0.0
5225,52,0.07398785650730133,0.02209809049963951,0.5336597561836243,0.0
5226,52,0.011121717281639576,0.02209809049963951,0.5336597561836243,0.0
5227,52,0.19750544428825378,0.02209809049963951,0.5336597561836243,0.0
5228,52,0.2664269208908081,0.02209809049963951,0.5336597561836243,0.0
5229,52,0.030616141855716705,0.02209809049963951,0.5336597561836243,0.0
5230,52,0.49606022238731384,0.02209809049963951,0.5336597561836243,0.0
5231,52,0.017125103622674942,0.02209809049963951,0.5336597561836243,0.0
5232,52,0.007650374434888363,0.02209809049963951,0.5336597561836243,0.0
5233,52,0.09061817079782486,0.02209809049963951,0.5336597561836243,0.0
5234,52,0.01623852364718914,0.02209809049963951,0.5336597561836243,0.0
5235,52,0.33035165071487427,0.02209809049963951,0.5336597561836243,0.0
5236,52,0.31915026903152466,0.02209809049963951,0.5336597561836243,0.0
5237,52,0.005857333540916443,0.02209809049963951,0.5336597561836243,0.0
5238,52,0.5054520964622498,0.02209809049963951,0.5336597561836243,0.0
5239,52,0.19079917669296265,0.02209809049963951,0.5336597561836243,0.0
5240,52,0.0378582701086998,0.02209809049963951,0.5336597561836243,0.0
5241,52,0.16335558891296387,0.02209809049963951,0.5336597561836243,0.0
5242,52,0.06666721403598785,0.02209809049963951,0.5336597561836243,0.0
5243,52,0.07051008939743042,0.02209809049963951,0.5336597561836243,0.0
5244,52,0.0795845240354538,0.02209809049963951,0.5336597561836243,0.0
5245,52,0.01804068498313427,0.02209809049963951,0.5336597561836243,0.0
5246,52,0.01846214570105076,0.02209809049963951,0.5336597561836243,0.0
5247,52,0.15591003000736237,0.02209809049963951,0.5336597561836243,0.0
5248,52,0.34058645367622375,0.02209809049963951,0.5336597561836243,0.0
5249,52,0.05148299038410187,0.02209809049963951,0.5336597561836243,0.0
5250,52,0.003618702758103609,0.02209809049963951,0.5336597561836243,0.0
5251,52,0.1798098087310791,0.02209809049963951,0.5336597561836243,0.0
5252,52,0.008257654495537281,0.02209809049963951,0.5336597561836243,0.0
5253,52,0.09735171496868134,0.02209809049963951,0.5336597561836243,0.0
5254,52,0.004125605337321758,0.02209809049963951,0.5336597561836243,0.0
5255,52,0.06553187966346741,0.02209809049963951,0.5336597561836243,0.0
5256,52,0.20837180316448212,0.02209809049963951,0.5336597561836243,0.0
5257,52,0.03543347120285034,0.02209809049963951,0.5336597561836243,0.0
5258,52,0.5789890289306641,0.02209809049963951,0.5336597561836243,0.0
5259,52,0.31210529804229736,0.02209809049963951,0.5336597561836243,0.0
5260,52,0.19186195731163025,0.02209809049963951,0.5336597561836243,0.0
5261,52,0.25808194279670715,0.02209809049963951,0.5336597561836243,0.0
5262,52,0.017490997910499573,0.02209809049963951,0.5336597561836243,0.0
5263,52,0.3006795644760132,0.02209809049963951,0.5336597561836243,0.0
5264,52,0.10704053938388824,0.02209809049963951,0.5336597561836243,0.0
5265,52,0.21905288100242615,0.02209809049963951,0.5336597561836243,0.0
5266,52,0.07584737241268158,0.02209809049963951,0.5336597561836243,0.0
5267,52,0.08789709955453873,0.02209809049963951,0.5336597561836243,0.0
5268,52,0.23287710547447205,0.02209809049963951,0.5336597561836243,0.0
5269,52,0.017127202823758125,0.02209809049963951,0.5336597561836243,0.0
5270,52,0.2707708775997162,0.02209809049963951,0.5336597561836243,0.0
5271,52,0.014665336348116398,0.02209809049963951,0.5336597561836243,0.0
5272,52,0.010553663596510887,0.02209809049963951,0.5336597561836243,0.0
5273,52,0.1218278780579567,0.02209809049963951,0.5336597561836243,0.0
5274,52,0.014946114271879196,0.02209809049963951,0.5336597561836243,0.0
5275,52,0.018977515399456024,0.02209809049963951,0.5336597561836243,0.0
5276,52,0.13575990498065948,0.02209809049963951,0.5336597561836243,0.0
5277,52,0.037128668278455734,0.02209809049963951,0.5336597561836243,0.0
5278,52,0.033160775899887085,0.02209809049963951,0.5336597561836243,0.0
5279,52,0.004385360050946474,0.02209809049963951,0.5336597561836243,0.0
5280,52,0.3463376760482788,0.02209809049963951,0.5336597561836243,0.0
5281,52,0.020579811185598373,0.02209809049963951,0.5336597561836243,0.0
5282,52,0.01044457871466875,0.02209809049963951,0.5336597561836243,0.0
5283,52,0.02630128711462021,0.02209809049963951,0.5336597561836243,0.0
5284,52,0.005526171997189522,0.02209809049963951,0.5336597561836243,0.0
5285,52,0.03884504362940788,0.02209809049963951,0.5336597561836243,0.0
5286,52,0.397416353225708,0.02209809049963951,0.5336597561836243,0.0
5287,52,0.0057200053706765175,0.02209809049963951,0.5336597561836243,0.0
5288,52,0.018598046153783798,0.02209809049963951,0.5336597561836243,0.0
5289,52,0.05596396327018738,0.02209809049963951,0.5336597561836243,0.0
5290,52,0.05936392396688461,0.02209809049963951,0.5336597561836243,0.0
5291,52,0.055327460169792175,0.02209809049963951,0.5336597561836243,0.0
5292,52,0.06732037663459778,0.02209809049963951,0.5336597561836243,0.0
5293,52,0.1989327222108841,0.02209809049963951,0.5336597561836243,0.0
5294,52,0.008339453488588333,0.02209809049963951,0.5336597561836243,0.0
5295,52,0.07144689559936523,0.02209809049963951,0.5336597561836243,0.0
5296,52,0.14183473587036133,0.02209809049963951,0.5336597561836243,0.0
5297,52,0.028547493740916252,0.02209809049963951,0.5336597561836243,0.0
5298,52,0.29460400342941284,0.02209809049963951,0.5336597561836243,0.0
5299,52,0.011728370562195778,0.02209809049963951,0.5336597561836243,0.0
5300,52,0.5090820789337158,0.02209809049963951,0.5336597561836243,0.0
5301,52,0.0717354267835617,0.02209809049963951,0.5336597561836243,0.0
5302,52,0.004243126139044762,0.02209809049963951,0.5336597561836243,0.0
5303,52,0.021797699853777885,0.02209809049963951,0.5336597561836243,0.0
5304,52,0.0084119513630867,0.02209809049963951,0.5336597561836243,0.0
5305,52,0.0084119513630867,0.009077782742679119,0.5336597561836243,0.0
5306,52,0.0084119513630867,0.05706765875220299,0.5336597561836243,0.0
5307,52,0.07657189667224884,0.05706765875220299,0.5336597561836243,0.0
5307,53,0.07657189667224884,0.05706765875220299,0.07926061749458313,0.0
5308,53,0.004037132486701012,0.05706765875220299,0.07926061749458313,0.0
5309,53,0.14630018174648285,0.05706765875220299,0.07926061749458313,0.0
5310,53,0.039612650871276855,0.05706765875220299,0.07926061749458313,0.0
5311,53,0.10299576073884964,0.05706765875220299,0.07926061749458313,0.0
5312,53,0.03919960558414459,0.05706765875220299,0.07926061749458313,0.0
5313,53,0.022119935601949692,0.05706765875220299,0.07926061749458313,0.0
5314,53,0.03113631159067154,0.05706765875220299,0.07926061749458313,0.0
5315,53,0.3731445372104645,0.05706765875220299,0.07926061749458313,0.0
5316,53,0.24550418555736542,0.05706765875220299,0.07926061749458313,0.0
5317,53,0.08605143427848816,0.05706765875220299,0.07926061749458313,0.0
5318,53,0.03920483589172363,0.05706765875220299,0.07926061749458313,0.0
5319,53,0.038139648735523224,0.05706765875220299,0.07926061749458313,0.0
5320,53,0.038138248026371,0.05706765875220299,0.07926061749458313,0.0
5321,53,0.453463077545166,0.05706765875220299,0.07926061749458313,0.0
5322,53,0.18208809196949005,0.05706765875220299,0.07926061749458313,0.0
5323,53,0.006248828023672104,0.05706765875220299,0.07926061749458313,0.0
5324,53,0.5361191034317017,0.05706765875220299,0.07926061749458313,0.0
5325,53,0.3104598820209503,0.05706765875220299,0.07926061749458313,0.0
5326,53,0.44211113452911377,0.05706765875220299,0.07926061749458313,0.0
5327,53,0.5707678198814392,0.05706765875220299,0.07926061749458313,0.0
5328,53,0.005534125491976738,0.05706765875220299,0.07926061749458313,0.0
5329,53,0.01220223680138588,0.05706765875220299,0.07926061749458313,0.0
5330,53,0.011436213739216328,0.05706765875220299,0.07926061749458313,0.0
5331,53,0.07845879346132278,0.05706765875220299,0.07926061749458313,0.0
5332,53,0.5031223297119141,0.05706765875220299,0.07926061749458313,0.0
5333,53,0.005108526907861233,0.05706765875220299,0.07926061749458313,0.0
5334,53,0.7893473505973816,0.05706765875220299,0.07926061749458313,0.0
5335,53,0.010518819093704224,0.05706765875220299,0.07926061749458313,0.0
5336,53,0.01665888912975788,0.05706765875220299,0.07926061749458313,0.0
5337,53,0.21269004046916962,0.05706765875220299,0.07926061749458313,0.0
5338,53,0.005048756022006273,0.05706765875220299,0.07926061749458313,0.0
5339,53,0.27850455045700073,0.05706765875220299,0.07926061749458313,0.0
5340,53,0.7037866115570068,0.05706765875220299,0.07926061749458313,0.0
5341,53,0.04415589198470116,0.05706765875220299,0.07926061749458313,0.0
5342,53,0.021849505603313446,0.05706765875220299,0.07926061749458313,0.0
5343,53,0.08503694832324982,0.05706765875220299,0.07926061749458313,0.0
5344,53,0.08732215315103531,0.05706765875220299,0.07926061749458313,0.0
5345,53,0.025343168526887894,0.05706765875220299,0.07926061749458313,0.0
5346,53,0.03978094458580017,0.05706765875220299,0.07926061749458313,0.0
5347,53,0.2722831070423126,0.05706765875220299,0.07926061749458313,0.0
5348,53,0.05508856102824211,0.05706765875220299,0.07926061749458313,0.0
5349,53,0.0040595643222332,0.05706765875220299,0.07926061749458313,0.0
5350,53,0.01039635669440031,0.05706765875220299,0.07926061749458313,0.0
5351,53,0.016897933557629585,0.05706765875220299,0.07926061749458313,0.0
5352,53,0.0037832465022802353,0.05706765875220299,0.07926061749458313,0.0
5353,53,0.4615163803100586,0.05706765875220299,0.07926061749458313,0.0
5354,53,0.014679531566798687,0.05706765875220299,0.07926061749458313,0.0
5355,53,0.014113955199718475,0.05706765875220299,0.07926061749458313,0.0
5356,53,0.007555828895419836,0.05706765875220299,0.07926061749458313,0.0
5357,53,0.31456953287124634,0.05706765875220299,0.07926061749458313,0.0
5358,53,0.017937052994966507,0.05706765875220299,0.07926061749458313,0.0
5359,53,0.15411341190338135,0.05706765875220299,0.07926061749458313,0.0
5360,53,0.01070411317050457,0.05706765875220299,0.07926061749458313,0.0
5361,53,0.00639337208122015,0.05706765875220299,0.07926061749458313,0.0
5362,53,0.5278923511505127,0.05706765875220299,0.07926061749458313,0.0
5363,53,0.06370096653699875,0.05706765875220299,0.07926061749458313,0.0
5364,53,0.010629796423017979,0.05706765875220299,0.07926061749458313,0.0
5365,53,0.19275572896003723,0.05706765875220299,0.07926061749458313,0.0
5366,53,0.1282002031803131,0.05706765875220299,0.07926061749458313,0.0
5367,53,0.014378519728779793,0.05706765875220299,0.07926061749458313,0.0
5368,53,0.1244453564286232,0.05706765875220299,0.07926061749458313,0.0
5369,53,0.056337252259254456,0.05706765875220299,0.07926061749458313,0.0
5370,53,0.017503010109066963,0.05706765875220299,0.07926061749458313,0.0
5371,53,0.00660953251644969,0.05706765875220299,0.07926061749458313,0.0
5372,53,0.6570487022399902,0.05706765875220299,0.07926061749458313,0.0
5373,53,0.07951360195875168,0.05706765875220299,0.07926061749458313,0.0
5374,53,0.0170811265707016,0.05706765875220299,0.07926061749458313,0.0
5375,53,0.025372903794050217,0.05706765875220299,0.07926061749458313,0.0
5376,53,0.010343067348003387,0.05706765875220299,0.07926061749458313,0.0
5377,53,0.37782591581344604,0.05706765875220299,0.07926061749458313,0.0
5378,53,0.3116294741630554,0.05706765875220299,0.07926061749458313,0.0
5379,53,0.3014603853225708,0.05706765875220299,0.07926061749458313,0.0
5380,53,0.10186594724655151,0.05706765875220299,0.07926061749458313,0.0
5381,53,0.008403128013014793,0.05706765875220299,0.07926061749458313,0.0
5382,53,0.1665017455816269,0.05706765875220299,0.07926061749458313,0.0
5383,53,0.06239498034119606,0.05706765875220299,0.07926061749458313,0.0
5384,53,0.07251768559217453,0.05706765875220299,0.07926061749458313,0.0
5385,53,0.05129092186689377,0.05706765875220299,0.07926061749458313,0.0
5386,53,0.03800072520971298,0.05706765875220299,0.07926061749458313,0.0
5387,53,0.2153683602809906,0.05706765875220299,0.07926061749458313,0.0
5388,53,0.013846930116415024,0.05706765875220299,0.07926061749458313,0.0
5389,53,0.02806531824171543,0.05706765875220299,0.07926061749458313,0.0
5390,53,0.191785991191864,0.05706765875220299,0.07926061749458313,0.0
5391,53,0.11392324417829514,0.05706765875220299,0.07926061749458313,0.0
5392,53,0.019551336765289307,0.05706765875220299,0.07926061749458313,0.0
5393,53,0.013808820396661758,0.05706765875220299,0.07926061749458313,0.0
5394,53,0.010931545868515968,0.05706765875220299,0.07926061749458313,0.0
5395,53,0.024340743198990822,0.05706765875220299,0.07926061749458313,0.0
5396,53,0.00837385281920433,0.05706765875220299,0.07926061749458313,0.0
5397,53,0.0984094887971878,0.05706765875220299,0.07926061749458313,0.0
5398,53,0.01033009309321642,0.05706765875220299,0.07926061749458313,0.0
5399,53,0.04371527209877968,0.05706765875220299,0.07926061749458313,0.0
5400,53,0.057032909244298935,0.05706765875220299,0.07926061749458313,0.0
5401,53,0.10683038830757141,0.05706765875220299,0.07926061749458313,0.0
5402,53,0.11060978472232819,0.05706765875220299,0.07926061749458313,0.0
5403,53,0.10591060668230057,0.05706765875220299,0.07926061749458313,0.0
5404,53,0.007143490947782993,0.05706765875220299,0.07926061749458313,0.0
5405,53,0.10580067336559296,0.05706765875220299,0.07926061749458313,0.0
5406,53,0.0426253080368042,0.05706765875220299,0.07926061749458313,0.0
5407,53,0.0426253080368042,0.26778340339660645,0.07926061749458313,0.0
5408,53,0.0426253080368042,0.016709143295884132,0.07926061749458313,0.0
5409,53,0.03724503517150879,0.016709143295884132,0.07926061749458313,0.0
5409,54,0.03724503517150879,0.016709143295884132,0.17747282981872559,0.0
5410,54,0.25934091210365295,0.016709143295884132,0.17747282981872559,0.0
5411,54,0.01188782136887312,0.016709143295884132,0.17747282981872559,0.0
5412,54,0.39332258701324463,0.016709143295884132,0.17747282981872559,0.0
5413,54,0.02088765799999237,0.016709143295884132,0.17747282981872559,0.0
5414,54,0.010674736462533474,0.016709143295884132,0.17747282981872559,0.0
5415,54,0.005018091760575771,0.016709143295884132,0.17747282981872559,0.0
5416,54,0.005878341384232044,0.016709143295884132,0.17747282981872559,0.0
5417,54,0.11318568885326385,0.016709143295884132,0.17747282981872559,0.0
5418,54,0.3617927134037018,0.016709143295884132,0.17747282981872559,0.0
5419,54,0.08073733747005463,0.016709143295884132,0.17747282981872559,0.0
5420,54,0.021953562274575233,0.016709143295884132,0.17747282981872559,0.0
5421,54,0.19731062650680542,0.016709143295884132,0.17747282981872559,0.0
5422,54,0.007164615206420422,0.016709143295884132,0.17747282981872559,0.0
5423,54,0.010555517859756947,0.016709143295884132,0.17747282981872559,0.0
5424,54,0.11471022665500641,0.016709143295884132,0.17747282981872559,0.0
5425,54,0.18003234267234802,0.016709143295884132,0.17747282981872559,0.0
5426,54,0.05063764750957489,0.016709143295884132,0.17747282981872559,0.0
5427,54,0.3348234295845032,0.016709143295884132,0.17747282981872559,0.0
5428,54,0.004179304465651512,0.016709143295884132,0.17747282981872559,0.0
5429,54,0.08028985559940338,0.016709143295884132,0.17747282981872559,0.0
5430,54,0.00726438919082284,0.016709143295884132,0.17747282981872559,0.0
5431,54,0.17914536595344543,0.016709143295884132,0.17747282981872559,0.0
5432,54,0.14337706565856934,0.016709143295884132,0.17747282981872559,0.0
5433,54,0.16692566871643066,0.016709143295884132,0.17747282981872559,0.0
5434,54,0.2120959460735321,0.016709143295884132,0.17747282981872559,0.0
5435,54,0.039228521287441254,0.016709143295884132,0.17747282981872559,0.0
5436,54,0.07507473230361938,0.016709143295884132,0.17747282981872559,0.0
5437,54,0.08880022168159485,0.016709143295884132,0.17747282981872559,0.0
5438,54,0.11608581990003586,0.016709143295884132,0.17747282981872559,0.0
5439,54,0.067289337515831,0.016709143295884132,0.17747282981872559,0.0
5440,54,0.012881562113761902,0.016709143295884132,0.17747282981872559,0.0
5441,54,0.004363379441201687,0.016709143295884132,0.17747282981872559,0.0
5442,54,0.5215440988540649,0.016709143295884132,0.17747282981872559,0.0
5443,54,0.18806582689285278,0.016709143295884132,0.17747282981872559,0.0
5444,54,0.3512532711029053,0.016709143295884132,0.17747282981872559,0.0
5445,54,0.004722064360976219,0.016709143295884132,0.17747282981872559,0.0
5446,54,0.14272019267082214,0.016709143295884132,0.17747282981872559,0.0
5447,54,0.01602458767592907,0.016709143295884132,0.17747282981872559,0.0
5448,54,0.011841516941785812,0.016709143295884132,0.17747282981872559,0.0
5449,54,0.016727842390537262,0.016709143295884132,0.17747282981872559,0.0
5450,54,0.021204138174653053,0.016709143295884132,0.17747282981872559,0.0
5451,54,0.04226035997271538,0.016709143295884132,0.17747282981872559,0.0
5452,54,0.42615798115730286,0.016709143295884132,0.17747282981872559,0.0
5453,54,0.021214842796325684,0.016709143295884132,0.17747282981872559,0.0
5454,54,0.03933528810739517,0.016709143295884132,0.17747282981872559,0.0
5455,54,0.03344981372356415,0.016709143295884132,0.17747282981872559,0.0
5456,54,0.002556227147579193,0.016709143295884132,0.17747282981872559,0.0
5457,54,0.0635305792093277,0.016709143295884132,0.17747282981872559,0.0
5458,54,0.19303369522094727,0.016709143295884132,0.17747282981872559,0.0
5459,54,0.03543485701084137,0.016709143295884132,0.17747282981872559,0.0
5460,54,0.06448385864496231,0.016709143295884132,0.17747282981872559,0.0
5461,54,0.09368450194597244,0.016709143295884132,0.17747282981872559,0.0
5462,54,0.005373380612581968,0.016709143295884132,0.17747282981872559,0.0
5463,54,0.007460367865860462,0.016709143295884132,0.17747282981872559,0.0
5464,54,0.009587706997990608,0.016709143295884132,0.17747282981872559,0.0
5465,54,0.17753930389881134,0.016709143295884132,0.17747282981872559,0.0
5466,54,0.10523980110883713,0.016709143295884132,0.17747282981872559,0.0
5467,54,0.17188134789466858,0.016709143295884132,0.17747282981872559,0.0
5468,54,0.008588994853198528,0.016709143295884132,0.17747282981872559,0.0
5469,54,0.01208736002445221,0.016709143295884132,0.17747282981872559,0.0
5470,54,0.0280061736702919,0.016709143295884132,0.17747282981872559,0.0
5471,54,0.012663203291594982,0.016709143295884132,0.17747282981872559,0.0
5472,54,0.26845112442970276,0.016709143295884132,0.17747282981872559,0.0
5473,54,0.008025430142879486,0.016709143295884132,0.17747282981872559,0.0
5474,54,0.003996898420155048,0.016709143295884132,0.17747282981872559,0.0
5475,54,0.09710321575403214,0.016709143295884132,0.17747282981872559,0.0
5476,54,0.44366729259490967,0.016709143295884132,0.17747282981872559,0.0
5477,54,0.24389368295669556,0.016709143295884132,0.17747282981872559,0.0
5478,54,0.023896455764770508,0.016709143295884132,0.17747282981872559,0.0
5479,54,0.09516508877277374,0.016709143295884132,0.17747282981872559,0.0
5480,54,0.00605040043592453,0.016709143295884132,0.17747282981872559,0.0
5481,54,0.21175932884216309,0.016709143295884132,0.17747282981872559,0.0
5482,54,0.005342940799891949,0.016709143295884132,0.17747282981872559,0.0
5483,54,0.037208497524261475,0.016709143295884132,0.17747282981872559,0.0
5484,54,0.01487010344862938,0.016709143295884132,0.17747282981872559,0.0
5485,54,0.007102447561919689,0.016709143295884132,0.17747282981872559,0.0
5486,54,0.05055811256170273,0.016709143295884132,0.17747282981872559,0.0
5487,54,0.17483928799629211,0.016709143295884132,0.17747282981872559,0.0
5488,54,0.04046980291604996,0.016709143295884132,0.17747282981872559,0.0
5489,54,0.23125827312469482,0.016709143295884132,0.17747282981872559,0.0
5490,54,0.3557628095149994,0.016709143295884132,0.17747282981872559,0.0
5491,54,0.3754981458187103,0.016709143295884132,0.17747282981872559,0.0
5492,54,0.01640789769589901,0.016709143295884132,0.17747282981872559,0.0
5493,54,0.15189743041992188,0.016709143295884132,0.17747282981872559,0.0
5494,54,0.010348636656999588,0.016709143295884132,0.17747282981872559,0.0
5495,54,0.7048207521438599,0.016709143295884132,0.17747282981872559,0.0
5496,54,0.01263592578470707,0.016709143295884132,0.17747282981872559,0.0
5497,54,0.006254693027585745,0.016709143295884132,0.17747282981872559,0.0
5498,54,0.09456092119216919,0.016709143295884132,0.17747282981872559,0.0
5499,54,0.5207227468490601,0.016709143295884132,0.17747282981872559,0.0
5500,54,0.020286526530981064,0.016709143295884132,0.17747282981872559,0.0
5501,54,0.00734478235244751,0.016709143295884132,0.17747282981872559,0.0
5502,54,0.18810078501701355,0.016709143295884132,0.17747282981872559,0.0
5503,54,0.1460741013288498,0.016709143295884132,0.17747282981872559,0.0
5504,54,0.05648420751094818,0.016709143295884132,0.17747282981872559,0.0
5505,54,0.010848346166312695,0.016709143295884132,0.17747282981872559,0.0
5506,54,0.006383074913173914,0.016709143295884132,0.17747282981872559,0.0
5507,54,0.44113147258758545,0.016709143295884132,0.17747282981872559,0.0
5508,54,0.031310006976127625,0.016709143295884132,0.17747282981872559,0.0
5509,54,0.031310006976127625,0.05051551014184952,0.17747282981872559,0.0
5510,54,0.031310006976127625,0.1210988312959671,0.17747282981872559,0.0
5511,54,0.023968860507011414,0.1210988312959671,0.17747282981872559,0.0
5511,55,0.023968860507011414,0.1210988312959671,0.04393497481942177,0.0
5512,55,0.00820302963256836,0.1210988312959671,0.04393497481942177,0.0
5513,55,0.2212601900100708,0.1210988312959671,0.04393497481942177,0.0
5514,55,0.08212881535291672,0.1210988312959671,0.04393497481942177,0.0
5515,55,0.021776042878627777,0.1210988312959671,0.04393497481942177,0.0
5516,55,0.005591621622443199,0.1210988312959671,0.04393497481942177,0.0
5517,55,0.1269007921218872,0.1210988312959671,0.04393497481942177,0.0
5518,55,0.041061148047447205,0.1210988312959671,0.04393497481942177,0.0
5519,55,0.09399792551994324,0.1210988312959671,0.04393497481942177,0.0
5520,55,0.022415641695261,0.1210988312959671,0.04393497481942177,0.0
5521,55,0.0176800899207592,0.1210988312959671,0.04393497481942177,0.0
5522,55,0.052548348903656006,0.1210988312959671,0.04393497481942177,0.0
5523,55,0.012027367949485779,0.1210988312959671,0.04393497481942177,0.0
5524,55,0.012454111129045486,0.1210988312959671,0.04393497481942177,0.0
5525,55,0.08537537604570389,0.1210988312959671,0.04393497481942177,0.0
5526,55,0.09435676038265228,0.1210988312959671,0.04393497481942177,0.0
5527,55,0.005654912441968918,0.1210988312959671,0.04393497481942177,0.0
5528,55,0.35912442207336426,0.1210988312959671,0.04393497481942177,0.0
5529,55,0.009081555530428886,0.1210988312959671,0.04393497481942177,0.0
5530,55,0.04924033209681511,0.1210988312959671,0.04393497481942177,0.0
5531,55,0.005435611121356487,0.1210988312959671,0.04393497481942177,0.0
5532,55,0.446524441242218,0.1210988312959671,0.04393497481942177,0.0
5533,55,0.011417832225561142,0.1210988312959671,0.04393497481942177,0.0
5534,55,0.047660112380981445,0.1210988312959671,0.04393497481942177,0.0
5535,55,0.29611825942993164,0.1210988312959671,0.04393497481942177,0.0
5536,55,0.00859886221587658,0.1210988312959671,0.04393497481942177,0.0
5537,55,0.07605621218681335,0.1210988312959671,0.04393497481942177,0.0
5538,55,0.3215739130973816,0.1210988312959671,0.04393497481942177,0.0
5539,55,0.0071866922080516815,0.1210988312959671,0.04393497481942177,0.0
5540,55,0.010794389061629772,0.1210988312959671,0.04393497481942177,0.0
5541,55,0.24620072543621063,0.1210988312959671,0.04393497481942177,0.0
5542,55,0.033137232065200806,0.1210988312959671,0.04393497481942177,0.0
5543,55,0.009677398949861526,0.1210988312959671,0.04393497481942177,0.0
5544,55,0.19437462091445923,0.1210988312959671,0.04393497481942177,0.0
5545,55,0.047341227531433105,0.1210988312959671,0.04393497481942177,0.0
5546,55,0.12252531945705414,0.1210988312959671,0.04393497481942177,0.0
5547,55,0.03486365079879761,0.1210988312959671,0.04393497481942177,0.0
5548,55,0.049880608916282654,0.1210988312959671,0.04393497481942177,0.0
5549,55,0.018632004037499428,0.1210988312959671,0.04393497481942177,0.0
5550,55,0.03832458704710007,0.1210988312959671,0.04393497481942177,0.0
5551,55,0.006887064781039953,0.1210988312959671,0.04393497481942177,0.0
5552,55,0.0912194699048996,0.1210988312959671,0.04393497481942177,0.0
5553,55,0.0031047409866005182,0.1210988312959671,0.04393497481942177,0.0
5554,55,0.024840928614139557,0.1210988312959671,0.04393497481942177,0.0
5555,55,0.03025234118103981,0.1210988312959671,0.04393497481942177,0.0
5556,55,0.3154149651527405,0.1210988312959671,0.04393497481942177,0.0
5557,55,0.0063296230509877205,0.1210988312959671,0.04393497481942177,0.0
5558,55,0.009700460359454155,0.1210988312959671,0.04393497481942177,0.0
5559,55,0.11798427999019623,0.1210988312959671,0.04393497481942177,0.0
5560,55,0.012794386595487595,0.1210988312959671,0.04393497481942177,0.0
5561,55,0.03722438961267471,0.1210988312959671,0.04393497481942177,0.0
5562,55,0.23056241869926453,0.1210988312959671,0.04393497481942177,0.0
5563,55,0.18702369928359985,0.1210988312959671,0.04393497481942177,0.0
5564,55,0.07666760683059692,0.1210988312959671,0.04393497481942177,0.0
5565,55,0.05296630412340164,0.1210988312959671,0.04393497481942177,0.0
5566,55,0.007048127241432667,0.1210988312959671,0.04393497481942177,0.0
5567,55,0.008562969043850899,0.1210988312959671,0.04393497481942177,0.0
5568,55,0.029675066471099854,0.1210988312959671,0.04393497481942177,0.0
5569,55,0.07825683802366257,0.1210988312959671,0.04393497481942177,0.0
5570,55,0.03469218313694,0.1210988312959671,0.04393497481942177,0.0
5571,55,0.4452597200870514,0.1210988312959671,0.04393497481942177,0.0
5572,55,0.02616201713681221,0.1210988312959671,0.04393497481942177,0.0
5573,55,0.38111820816993713,0.1210988312959671,0.04393497481942177,0.0
5574,55,0.4825349450111389,0.1210988312959671,0.04393497481942177,0.0
5575,55,0.046120211482048035,0.1210988312959671,0.04393497481942177,0.0
5576,55,0.4574994444847107,0.1210988312959671,0.04393497481942177,0.0
5577,55,0.12765881419181824,0.1210988312959671,0.04393497481942177,0.0
5578,55,0.004076947458088398,0.1210988312959671,0.04393497481942177,0.0
5579,55,0.03380592167377472,0.1210988312959671,0.04393497481942177,0.0
5580,55,0.027384847402572632,0.1210988312959671,0.04393497481942177,0.0
5581,55,0.01201724074780941,0.1210988312959671,0.04393497481942177,0.0
5582,55,0.007285033818334341,0.1210988312959671,0.04393497481942177,0.0
5583,55,0.32009848952293396,0.1210988312959671,0.04393497481942177,0.0
5584,55,0.15718334913253784,0.1210988312959671,0.04393497481942177,0.0
5585,55,0.9589636921882629,0.1210988312959671,0.04393497481942177,0.0
5586,55,0.18270842730998993,0.1210988312959671,0.04393497481942177,0.0
5587,55,0.018147790804505348,0.1210988312959671,0.04393497481942177,0.0
5588,55,0.1771918535232544,0.1210988312959671,0.04393497481942177,0.0
5589,55,0.00647913059219718,0.1210988312959671,0.04393497481942177,0.0
5590,55,0.014201099053025246,0.1210988312959671,0.04393497481942177,0.0
5591,55,0.011987333185970783,0.1210988312959671,0.04393497481942177,0.0
5592,55,0.00986521691083908,0.1210988312959671,0.04393497481942177,0.0
5593,55,0.24241182208061218,0.1210988312959671,0.04393497481942177,0.0
5594,55,0.007164311595261097,0.1210988312959671,0.04393497481942177,0.0
5595,55,0.03489958494901657,0.1210988312959671,0.04393497481942177,0.0
5596,55,0.04403127357363701,0.1210988312959671,0.04393497481942177,0.0
5597,55,0.058034978806972504,0.1210988312959671,0.04393497481942177,0.0
5598,55,0.03253909945487976,0.1210988312959671,0.04393497481942177,0.0
5599,55,0.07060413807630539,0.1210988312959671,0.04393497481942177,0.0
5600,55,0.006238625850528479,0.1210988312959671,0.04393497481942177,0.0
5601,55,0.26499611139297485,0.1210988312959671,0.04393497481942177,0.0
5602,55,0.09341195225715637,0.1210988312959671,0.04393497481942177,0.0
5603,55,0.05001402646303177,0.1210988312959671,0.04393497481942177,0.0
5604,55,0.023326806724071503,0.1210988312959671,0.04393497481942177,0.0
5605,55,0.009347708895802498,0.1210988312959671,0.04393497481942177,0.0
5606,55,0.3933359384536743,0.1210988312959671,0.04393497481942177,0.0
5607,55,0.09135526418685913,0.1210988312959671,0.04393497481942177,0.0
5608,55,0.06331857293844223,0.1210988312959671,0.04393497481942177,0.0
5609,55,0.0893656462430954,0.1210988312959671,0.04393497481942177,0.0
5610,55,0.18243777751922607,0.1210988312959671,0.04393497481942177,0.0
5611,55,0.18243777751922607,0.01985323056578636,0.04393497481942177,0.0
5612,55,0.18243777751922607,0.0532422699034214,0.04393497481942177,0.0
5613,55,0.006605532020330429,0.0532422699034214,0.04393497481942177,0.0
5613,56,0.006605532020330429,0.0532422699034214,0.24167560040950775,0.0
5614,56,0.027208436280488968,0.0532422699034214,0.24167560040950775,0.0
5615,56,0.10084537416696548,0.0532422699034214,0.24167560040950775,0.0
5616,56,0.02776319533586502,0.0532422699034214,0.24167560040950775,0.0
5617,56,0.024285508319735527,0.0532422699034214,0.24167560040950775,0.0
5618,56,0.07663314044475555,0.0532422699034214,0.24167560040950775,0.0
5619,56,0.034854039549827576,0.0532422699034214,0.24167560040950775,0.0
5620,56,0.012232117354869843,0.0532422699034214,0.24167560040950775,0.0
5621,56,0.054180122911930084,0.0532422699034214,0.24167560040950775,0.0
5622,56,0.021971650421619415,0.0532422699034214,0.24167560040950775,0.0
5623,56,0.22161738574504852,0.0532422699034214,0.24167560040950775,0.0
5624,56,0.0041070133447647095,0.0532422699034214,0.24167560040950775,0.0
5625,56,0.14618141949176788,0.0532422699034214,0.24167560040950775,0.0
5626,56,0.007945934310555458,0.0532422699034214,0.24167560040950775,0.0
5627,56,0.010633538477122784,0.0532422699034214,0.24167560040950775,0.0
5628,56,0.0062996088527143,0.0532422699034214,0.24167560040950775,0.0
5629,56,0.05062335729598999,0.0532422699034214,0.24167560040950775,0.0
5630,56,0.45384681224823,0.0532422699034214,0.24167560040950775,0.0
5631,56,0.0037186001427471638,0.0532422699034214,0.24167560040950775,0.0
5632,56,0.6042045950889587,0.0532422699034214,0.24167560040950775,0.0
5633,56,0.004333579912781715,0.0532422699034214,0.24167560040950775,0.0
5634,56,0.021504413336515427,0.0532422699034214,0.24167560040950775,0.0
5635,56,0.030033890157938004,0.0532422699034214,0.24167560040950775,0.0
5636,56,0.05818998068571091,0.0532422699034214,0.24167560040950775,0.0
5637,56,0.002966041211038828,0.0532422699034214,0.24167560040950775,0.0
5638,56,0.13776566088199615,0.0532422699034214,0.24167560040950775,0.0
5639,56,0.05136233568191528,0.0532422699034214,0.24167560040950775,0.0
5640,56,0.0828956663608551,0.0532422699034214,0.24167560040950775,0.0
5641,56,0.013926560059189796,0.0532422699034214,0.24167560040950775,0.0
5642,56,0.13569070398807526,0.0532422699034214,0.24167560040950775,0.0
5643,56,0.008575771003961563,0.0532422699034214,0.24167560040950775,0.0
5644,56,0.056576840579509735,0.0532422699034214,0.24167560040950775,0.0
5645,56,0.018554512411355972,0.0532422699034214,0.24167560040950775,0.0
5646,56,0.048942096531391144,0.0532422699034214,0.24167560040950775,0.0
5647,56,0.34921568632125854,0.0532422699034214,0.24167560040950775,0.0
5648,56,0.008677475154399872,0.0532422699034214,0.24167560040950775,0.0
5649,56,0.4303199052810669,0.0532422699034214,0.24167560040950775,0.0
5650,56,0.053186699748039246,0.0532422699034214,0.24167560040950775,0.0
5651,56,0.011709512211382389,0.0532422699034214,0.24167560040950775,0.0
5652,56,0.26243430376052856,0.0532422699034214,0.24167560040950775,0.0
5653,56,0.03395731747150421,0.0532422699034214,0.24167560040950775,0.0
5654,56,0.031560733914375305,0.0532422699034214,0.24167560040950775,0.0
5655,56,0.037791959941387177,0.0532422699034214,0.24167560040950775,0.0
5656,56,0.35271134972572327,0.0532422699034214,0.24167560040950775,0.0
5657,56,0.01644597202539444,0.0532422699034214,0.24167560040950775,0.0
5658,56,0.012922820635139942,0.0532422699034214,0.24167560040950775,0.0
5659,56,0.011606616899371147,0.0532422699034214,0.24167560040950775,0.0
5660,56,0.1614273190498352,0.0532422699034214,0.24167560040950775,0.0
5661,56,0.014611475169658661,0.0532422699034214,0.24167560040950775,0.0
5662,56,0.013355445116758347,0.0532422699034214,0.24167560040950775,0.0
5663,56,0.05201498419046402,0.0532422699034214,0.24167560040950775,0.0
5664,56,0.01636064052581787,0.0532422699034214,0.24167560040950775,0.0
5665,56,0.03836803883314133,0.0532422699034214,0.24167560040950775,0.0
5666,56,0.9680058360099792,0.0532422699034214,0.24167560040950775,0.0
5667,56,0.32930558919906616,0.0532422699034214,0.24167560040950775,0.0
5668,56,0.01714501343667507,0.0532422699034214,0.24167560040950775,0.0
5669,56,0.01460474543273449,0.0532422699034214,0.24167560040950775,0.0
5670,56,0.008820991963148117,0.0532422699034214,0.24167560040950775,0.0
5671,56,0.08453474938869476,0.0532422699034214,0.24167560040950775,0.0
5672,56,0.007155837491154671,0.0532422699034214,0.24167560040950775,0.0
5673,56,0.1808662861585617,0.0532422699034214,0.24167560040950775,0.0
5674,56,0.028788374736905098,0.0532422699034214,0.24167560040950775,0.0
5675,56,0.08237572014331818,0.0532422699034214,0.24167560040950775,0.0
5676,56,0.010046030394732952,0.0532422699034214,0.24167560040950775,0.0
5677,56,0.02288012020289898,0.0532422699034214,0.24167560040950775,0.0
5678,56,0.1778964400291443,0.0532422699034214,0.24167560040950775,0.0
5679,56,0.07662003487348557,0.0532422699034214,0.24167560040950775,0.0
5680,56,0.45986104011535645,0.0532422699034214,0.24167560040950775,0.0
5681,56,0.33909064531326294,0.0532422699034214,0.24167560040950775,0.0
5682,56,0.007486305665224791,0.0532422699034214,0.24167560040950775,0.0
5683,56,0.4910614490509033,0.0532422699034214,0.24167560040950775,0.0
5684,56,0.48233798146247864,0.0532422699034214,0.24167560040950775,0.0
5685,56,0.16781553626060486,0.0532422699034214,0.24167560040950775,0.0
5686,56,0.041656721383333206,0.0532422699034214,0.24167560040950775,0.0
5687,56,0.014230964705348015,0.0532422699034214,0.24167560040950775,0.0
5688,56,0.01696985773742199,0.0532422699034214,0.24167560040950775,0.0
5689,56,0.016671471297740936,0.0532422699034214,0.24167560040950775,0.0
5690,56,0.06923741102218628,0.0532422699034214,0.24167560040950775,0.0
5691,56,0.3122711181640625,0.0532422699034214,0.24167560040950775,0.0
5692,56,0.030272284522652626,0.0532422699034214,0.24167560040950775,0.0
5693,56,0.01886444166302681,0.0532422699034214,0.24167560040950775,0.0
5694,56,0.29364776611328125,0.0532422699034214,0.24167560040950775,0.0
5695,56,0.0792081281542778,0.0532422699034214,0.24167560040950775,0.0
5696,56,0.006612752564251423,0.0532422699034214,0.24167560040950775,0.0
5697,56,0.17153753340244293,0.0532422699034214,0.24167560040950775,0.0
5698,56,0.012736528180539608,0.0532422699034214,0.24167560040950775,0.0
5699,56,0.0044679054990410805,0.0532422699034214,0.24167560040950775,0.0
5700,56,0.0049695526249706745,0.0532422699034214,0.24167560040950775,0.0
5701,56,0.03254668042063713,0.0532422699034214,0.24167560040950775,0.0
5702,56,0.16883035004138947,0.0532422699034214,0.24167560040950775,0.0
5703,56,0.02969818189740181,0.0532422699034214,0.24167560040950775,0.0
5704,56,0.03756343945860863,0.0532422699034214,0.24167560040950775,0.0
5705,56,0.41110479831695557,0.0532422699034214,0.24167560040950775,0.0
5706,56,0.08153872191905975,0.0532422699034214,0.24167560040950775,0.0
5707,56,0.03107290342450142,0.0532422699034214,0.24167560040950775,0.0
5708,56,0.33738189935684204,0.0532422699034214,0.24167560040950775,0.0
5709,56,0.3094201683998108,0.0532422699034214,0.24167560040950775,0.0
5710,56,0.018237728625535965,0.0532422699034214,0.24167560040950775,0.0
5711,56,0.10555681586265564,0.0532422699034214,0.24167560040950775,0.0
5712,56,0.010916309431195259,0.0532422699034214,0.24167560040950775,0.0
5713,56,0.010916309431195259,0.027112822979688644,0.24167560040950775,0.0
5714,56,0.010916309431195259,0.010171625763177872,0.24167560040950775,0.0
5715,56,0.008289379999041557,0.010171625763177872,0.24167560040950775,0.0
5715,57,0.008289379999041557,0.010171625763177872,0.10579505562782288,0.0
5716,57,0.14745163917541504,0.010171625763177872,0.10579505562782288,0.0
5717,57,0.019106268882751465,0.010171625763177872,0.10579505562782288,0.0
5718,57,0.20814207196235657,0.010171625763177872,0.10579505562782288,0.0
5719,57,0.005826523061841726,0.010171625763177872,0.10579505562782288,0.0
5720,57,0.05740594118833542,0.010171625763177872,0.10579505562782288,0.0
5721,57,0.3064500689506531,0.010171625763177872,0.10579505562782288,0.0
5722,57,0.32295143604278564,0.010171625763177872,0.10579505562782288,0.0
5723,57,0.57755446434021,0.010171625763177872,0.10579505562782288,0.0
5724,57,0.037430278956890106,0.010171625763177872,0.10579505562782288,0.0
5725,57,0.2044062316417694,0.010171625763177872,0.10579505562782288,0.0
5726,57,0.0694708526134491,0.010171625763177872,0.10579505562782288,0.0
5727,57,0.007710406556725502,0.010171625763177872,0.10579505562782288,0.0
5728,57,0.05231453850865364,0.010171625763177872,0.10579505562782288,0.0
5729,57,0.009241754189133644,0.010171625763177872,0.10579505562782288,0.0
5730,57,0.005167316645383835,0.010171625763177872,0.10579505562782288,0.0
5731,57,0.44538506865501404,0.010171625763177872,0.10579505562782288,0.0
5732,57,0.055746838450431824,0.010171625763177872,0.10579505562782288,0.0
5733,57,0.6908067464828491,0.010171625763177872,0.10579505562782288,0.0
5734,57,0.024062013253569603,0.010171625763177872,0.10579505562782288,0.0
5735,57,0.11714818328619003,0.010171625763177872,0.10579505562782288,0.0
5736,57,0.003981227055191994,0.010171625763177872,0.10579505562782288,0.0
5737,57,0.005817223805934191,0.010171625763177872,0.10579505562782288,0.0
5738,57,0.002614291151985526,0.010171625763177872,0.10579505562782288,0.0
5739,57,0.006468726322054863,0.010171625763177872,0.10579505562782288,0.0
5740,57,0.005342269316315651,0.010171625763177872,0.10579505562782288,0.0
5741,57,0.274198055267334,0.010171625763177872,0.10579505562782288,0.0
5742,57,0.2652363181114197,0.010171625763177872,0.10579505562782288,0.0
5743,57,0.4987064599990845,0.010171625763177872,0.10579505562782288,0.0
5744,57,0.30653923749923706,0.010171625763177872,0.10579505562782288,0.0
5745,57,0.022477485239505768,0.010171625763177872,0.10579505562782288,0.0
5746,57,0.0035592257045209408,0.010171625763177872,0.10579505562782288,0.0
5747,57,0.011968672275543213,0.010171625763177872,0.10579505562782288,0.0
5748,57,0.004819356370717287,0.010171625763177872,0.10579505562782288,0.0
5749,57,0.09846542775630951,0.010171625763177872,0.10579505562782288,0.0
5750,57,0.009478976018726826,0.010171625763177872,0.10579505562782288,0.0
5751,57,0.05088763311505318,0.010171625763177872,0.10579505562782288,0.0
5752,57,0.005374990403652191,0.010171625763177872,0.10579505562782288,0.0
5753,57,0.007167525589466095,0.010171625763177872,0.10579505562782288,0.0
5754,57,0.011599652469158173,0.010171625763177872,0.10579505562782288,0.0
5755,57,0.005517218261957169,0.010171625763177872,0.10579505562782288,0.0
5756,57,0.02282083034515381,0.010171625763177872,0.10579505562782288,0.0
5757,57,0.18202786147594452,0.010171625763177872,0.10579505562782288,0.0
5758,57,0.1350640207529068,0.010171625763177872,0.10579505562782288,0.0
5759,57,0.14235855638980865,0.010171625763177872,0.10579505562782288,0.0
5760,57,0.013712095096707344,0.010171625763177872,0.10579505562782288,0.0
5761,57,0.03589728847146034,0.010171625763177872,0.10579505562782288,0.0
5762,57,0.004633007571101189,0.010171625763177872,0.10579505562782288,0.0
5763,57,0.0065473392605781555,0.010171625763177872,0.10579505562782288,0.0
5764,57,0.003455147612839937,0.010171625763177872,0.10579505562782288,0.0
5765,57,0.004667492117732763,0.010171625763177872,0.10579505562782288,0.0
5766,57,0.01030692458152771,0.010171625763177872,0.10579505562782288,0.0
5767,57,0.10586029291152954,0.010171625763177872,0.10579505562782288,0.0
5768,57,0.09831290692090988,0.010171625763177872,0.10579505562782288,0.0
5769,57,0.025232508778572083,0.010171625763177872,0.10579505562782288,0.0
5770,57,0.11278814822435379,0.010171625763177872,0.10579505562782288,0.0
5771,57,0.1060025691986084,0.010171625763177872,0.10579505562782288,0.0
5772,57,0.3093332350254059,0.010171625763177872,0.10579505562782288,0.0
5773,57,0.015945008024573326,0.010171625763177872,0.10579505562782288,0.0
5774,57,0.3811649680137634,0.010171625763177872,0.10579505562782288,0.0
5775,57,0.009472816251218319,0.010171625763177872,0.10579505562782288,0.0
5776,57,0.05432237312197685,0.010171625763177872,0.10579505562782288,0.0
5777,57,0.009014798328280449,0.010171625763177872,0.10579505562782288,0.0
5778,57,0.043440621346235275,0.010171625763177872,0.10579505562782288,0.0
5779,57,0.11193104833364487,0.010171625763177872,0.10579505562782288,0.0
5780,57,0.12285296618938446,0.010171625763177872,0.10579505562782288,0.0
5781,57,0.006134679540991783,0.010171625763177872,0.10579505562782288,0.0
5782,57,0.07038134336471558,0.010171625763177872,0.10579505562782288,0.0
5783,57,0.40926679968833923,0.010171625763177872,0.10579505562782288,0.0
5784,57,0.10545498132705688,0.010171625763177872,0.10579505562782288,0.0
5785,57,0.050953760743141174,0.010171625763177872,0.10579505562782288,0.0
5786,57,0.011155376210808754,0.010171625763177872,0.10579505562782288,0.0
5787,57,0.0024956446141004562,0.010171625763177872,0.10579505562782288,0.0
5788,57,0.0745924860239029,0.010171625763177872,0.10579505562782288,0.0
5789,57,0.01583581045269966,0.010171625763177872,0.10579505562782288,0.0
5790,57,0.24280807375907898,0.010171625763177872,0.10579505562782288,0.0
5791,57,0.09843824803829193,0.010171625763177872,0.10579505562782288,0.0
5792,57,0.04183882474899292,0.010171625763177872,0.10579505562782288,0.0
5793,57,0.2783696949481964,0.010171625763177872,0.10579505562782288,0.0
5794,57,0.3306232690811157,0.010171625763177872,0.10579505562782288,0.0
5795,57,0.27722546458244324,0.010171625763177872,0.10579505562782288,0.0
5796,57,0.01003926433622837,0.010171625763177872,0.10579505562782288,0.0
5797,57,0.016349706798791885,0.010171625763177872,0.10579505562782288,0.0
5798,57,0.05061139911413193,0.010171625763177872,0.10579505562782288,0.0
5799,57,0.0036262269131839275,0.010171625763177872,0.10579505562782288,0.0
5800,57,0.48101696372032166,0.010171625763177872,0.10579505562782288,0.0
5801,57,0.010773125104606152,0.010171625763177872,0.10579505562782288,0.0
5802,57,0.01378568634390831,0.010171625763177872,0.10579505562782288,0.0
5803,57,0.03886355832219124,0.010171625763177872,0.10579505562782288,0.0
5804,57,0.029778577387332916,0.010171625763177872,0.10579505562782288,0.0
5805,57,0.017471209168434143,0.010171625763177872,0.10579505562782288,0.0
5806,57,0.1832200437784195,0.010171625763177872,0.10579505562782288,0.0
5807,57,0.014417272992432117,0.010171625763177872,0.10579505562782288,0.0
5808,57,0.09229157865047455,0.010171625763177872,0.10579505562782288,0.0
5809,57,0.10844653099775314,0.010171625763177872,0.10579505562782288,0.0
5810,57,0.02006179466843605,0.010171625763177872,0.10579505562782288,0.0
5811,57,0.02824876643717289,0.010171625763177872,0.10579505562782288,0.0
5812,57,0.017119383439421654,0.010171625763177872,0.10579505562782288,0.0
5813,57,0.07885850220918655,0.010171625763177872,0.10579505562782288,0.0
5814,57,0.003980470821261406,0.010171625763177872,0.10579505562782288,0.0
5815,57,0.003980470821261406,0.00826920848339796,0.10579505562782288,0.0
5816,57,0.003980470821261406,0.06638546288013458,0.10579505562782288,0.0
5817,57,0.022216161713004112,0.06638546288013458,0.10579505562782288,0.0
5817,58,0.022216161713004112,0.06638546288013458,0.13398151099681854,0.0
5818,58,0.012599578127264977,0.06638546288013458,0.13398151099681854,0.0
5819,58,0.34125816822052,0.06638546288013458,0.13398151099681854,0.0
5820,58,0.0045018270611763,0.06638546288013458,0.13398151099681854,0.0
5821,58,0.0030944575555622578,0.06638546288013458,0.13398151099681854,0.0
5822,58,0.07301706075668335,0.06638546288013458,0.13398151099681854,0.0
5823,58,0.03879919648170471,0.06638546288013458,0.13398151099681854,0.0
5824,58,0.09596828371286392,0.06638546288013458,0.13398151099681854,0.0
5825,58,0.01952846348285675,0.06638546288013458,0.13398151099681854,0.0
5826,58,0.05533109977841377,0.06638546288013458,0.13398151099681854,0.0
5827,58,0.20264370739459991,0.06638546288013458,0.13398151099681854,0.0
5828,58,0.024278787896037102,0.06638546288013458,0.13398151099681854,0.0
5829,58,0.31310731172561646,0.06638546288013458,0.13398151099681854,0.0
5830,58,0.008573569357395172,0.06638546288013458,0.13398151099681854,0.0
5831,58,0.12190473824739456,0.06638546288013458,0.13398151099681854,0.0
5832,58,0.15514478087425232,0.06638546288013458,0.13398151099681854,0.0
5833,58,0.012829814106225967,0.06638546288013458,0.13398151099681854,0.0
5834,58,0.10012562572956085,0.06638546288013458,0.13398151099681854,0.0
5835,58,0.01135981921106577,0.06638546288013458,0.13398151099681854,0.0
5836,58,0.12414330244064331,0.06638546288013458,0.13398151099681854,0.0
5837,58,0.11222708970308304,0.06638546288013458,0.13398151099681854,0.0
5838,58,0.0698486939072609,0.06638546288013458,0.13398151099681854,0.0
5839,58,0.03609536588191986,0.06638546288013458,0.13398151099681854,0.0
5840,58,0.05003206431865692,0.06638546288013458,0.13398151099681854,0.0
5841,58,0.033806681632995605,0.06638546288013458,0.13398151099681854,0.0
5842,58,0.004734906367957592,0.06638546288013458,0.13398151099681854,0.0
5843,58,0.2856658101081848,0.06638546288013458,0.13398151099681854,0.0
5844,58,0.09929731488227844,0.06638546288013458,0.13398151099681854,0.0
5845,58,0.10708774626255035,0.06638546288013458,0.13398151099681854,0.0
5846,58,0.018590155988931656,0.06638546288013458,0.13398151099681854,0.0
5847,58,0.005389299709349871,0.06638546288013458,0.13398151099681854,0.0
5848,58,0.01381913386285305,0.06638546288013458,0.13398151099681854,0.0
5849,58,0.08220455050468445,0.06638546288013458,0.13398151099681854,0.0
5850,58,0.3153367042541504,0.06638546288013458,0.13398151099681854,0.0
5851,58,0.00842033326625824,0.06638546288013458,0.13398151099681854,0.0
5852,58,0.010905420407652855,0.06638546288013458,0.13398151099681854,0.0
5853,58,0.014342193491756916,0.06638546288013458,0.13398151099681854,0.0
5854,58,0.004419628996402025,0.06638546288013458,0.13398151099681854,0.0
5855,58,0.15888720750808716,0.06638546288013458,0.13398151099681854,0.0
5856,58,0.009858623147010803,0.06638546288013458,0.13398151099681854,0.0
5857,58,0.14670221507549286,0.06638546288013458,0.13398151099681854,0.0
5858,58,0.17802457511425018,0.06638546288013458,0.13398151099681854,0.0
5859,58,0.3125278353691101,0.06638546288013458,0.13398151099681854,0.0
5860,58,0.2968738079071045,0.06638546288013458,0.13398151099681854,0.0
5861,58,0.28372740745544434,0.06638546288013458,0.13398151099681854,0.0
5862,58,0.1345527470111847,0.06638546288013458,0.13398151099681854,0.0
5863,58,0.23642101883888245,0.06638546288013458,0.13398151099681854,0.0
5864,58,0.043789833784103394,0.06638546288013458,0.13398151099681854,0.0
5865,58,0.016553755849599838,0.06638546288013458,0.13398151099681854,0.0
5866,58,0.09793730825185776,0.06638546288013458,0.13398151099681854,0.0
5867,58,0.009177555330097675,0.06638546288013458,0.13398151099681854,0.0
5868,58,0.2149745672941208,0.06638546288013458,0.13398151099681854,0.0
5869,58,0.04050027206540108,0.06638546288013458,0.13398151099681854,0.0
5870,58,0.14768505096435547,0.06638546288013458,0.13398151099681854,0.0
5871,58,0.43975570797920227,0.06638546288013458,0.13398151099681854,0.0
5872,58,0.2047143578529358,0.06638546288013458,0.13398151099681854,0.0
5873,58,0.02472585067152977,0.06638546288013458,0.13398151099681854,0.0
5874,58,0.029977431520819664,0.06638546288013458,0.13398151099681854,0.0
5875,58,0.522951602935791,0.06638546288013458,0.13398151099681854,0.0
5876,58,0.13831870257854462,0.06638546288013458,0.13398151099681854,0.0
5877,58,0.0449194610118866,0.06638546288013458,0.13398151099681854,0.0
5878,58,0.03468715399503708,0.06638546288013458,0.13398151099681854,0.0
5879,58,0.024053335189819336,0.06638546288013458,0.13398151099681854,0.0
5880,58,0.017827507108449936,0.06638546288013458,0.13398151099681854,0.0
5881,58,0.058812785893678665,0.06638546288013458,0.13398151099681854,0.0
5882,58,0.00557604618370533,0.06638546288013458,0.13398151099681854,0.0
5883,58,0.16854539513587952,0.06638546288013458,0.13398151099681854,0.0
5884,58,0.3933851718902588,0.06638546288013458,0.13398151099681854,0.0
5885,58,0.1924717128276825,0.06638546288013458,0.13398151099681854,0.0
5886,58,0.06351688504219055,0.06638546288013458,0.13398151099681854,0.0
5887,58,0.07345837354660034,0.06638546288013458,0.13398151099681854,0.0
5888,58,0.07202218472957611,0.06638546288013458,0.13398151099681854,0.0
5889,58,0.20145654678344727,0.06638546288013458,0.13398151099681854,0.0
5890,58,0.05374130606651306,0.06638546288013458,0.13398151099681854,0.0
5891,58,0.019670389592647552,0.06638546288013458,0.13398151099681854,0.0
5892,58,0.10006710141897202,0.06638546288013458,0.13398151099681854,0.0
5893,58,0.018337802961468697,0.06638546288013458,0.13398151099681854,0.0
5894,58,0.21252834796905518,0.06638546288013458,0.13398151099681854,0.0
5895,58,0.003144404850900173,0.06638546288013458,0.13398151099681854,0.0
5896,58,0.31374165415763855,0.06638546288013458,0.13398151099681854,0.0
5897,58,0.032976530492305756,0.06638546288013458,0.13398151099681854,0.0
5898,58,0.03411734849214554,0.06638546288013458,0.13398151099681854,0.0
5899,58,0.009953111410140991,0.06638546288013458,0.13398151099681854,0.0
5900,58,0.05376423895359039,0.06638546288013458,0.13398151099681854,0.0
5901,58,0.5014181137084961,0.06638546288013458,0.13398151099681854,0.0
5902,58,0.11455623805522919,0.06638546288013458,0.13398151099681854,0.0
5903,58,0.2468908131122589,0.06638546288013458,0.13398151099681854,0.0
5904,58,0.07514587044715881,0.06638546288013458,0.13398151099681854,0.0
5905,58,0.5261808633804321,0.06638546288013458,0.13398151099681854,0.0
5906,58,0.025502216070890427,0.06638546288013458,0.13398151099681854,0.0
5907,58,0.011516676284372807,0.06638546288013458,0.13398151099681854,0.0
5908,58,0.005871014203876257,0.06638546288013458,0.13398151099681854,0.0
5909,58,0.059624895453453064,0.06638546288013458,0.13398151099681854,0.0
5910,58,0.07575789093971252,0.06638546288013458,0.13398151099681854,0.0
5911,58,0.005272112786769867,0.06638546288013458,0.13398151099681854,0.0
5912,58,0.8866435289382935,0.06638546288013458,0.13398151099681854,0.0
5913,58,0.4355090260505676,0.06638546288013458,0.13398151099681854,0.0
5914,58,0.13374054431915283,0.06638546288013458,0.13398151099681854,0.0
5915,58,0.7898237705230713,0.06638546288013458,0.13398151099681854,0.0
5916,58,0.054145414382219315,0.06638546288013458,0.13398151099681854,0.0
5917,58,0.054145414382219315,0.11112558841705322,0.13398151099681854,0.0
5918,58,0.054145414382219315,0.4844997525215149,0.13398151099681854,0.0
