global_train_step,global_val_step,epoch,train_loss,val_loss,z
0,,0,671.4939575195312,,11.18316650390625
1,,0,1263.450439453125,,17.0745849609375
2,,0,245.49656677246094,,7.38067626953125
3,,0,274.3303527832031,,7.6812744140625
4,,0,718.0604858398438,,11.65771484375
5,,0,392.7862243652344,,11.773681640625
6,,0,24.418119430541992,,4.31365966796875
7,,0,462.4102783203125,,10.72540283203125
8,,0,909.0289916992188,,22.6715087890625
9,,0,61.9256477355957,,4.38690185546875
10,,0,176.63929748535156,,8.98590087890625
11,,0,579.47509765625,,12.43133544921875
12,,0,158.89515686035156,,8.00628662109375
13,,0,251.4285888671875,,6.7108154296875
14,,0,1197.168701171875,,15.93170166015625
15,,0,935.2691040039062,,14.117431640625
,0,0,,12.578289031982422,12.73040771484375
,1,0,,14.899123191833496,14.31884765625
,2,0,,23.270286560058594,12.39776611328125
,3,0,,8.92297077178955,14.88189697265625
,4,0,,9.00522232055664,12.603759765625
,5,0,,9.807991981506348,15.2679443359375
,6,0,,10.939435958862305,13.3148193359375
,7,0,,16.148530960083008,11.96136474609375
,8,0,,8.34345817565918,13.18817138671875
,9,0,,8.719106674194336,13.90228271484375
,10,0,,10.028502464294434,11.67755126953125
,11,0,,12.096710205078125,15.24810791015625
,12,0,,11.97156810760498,14.03045654296875
,13,0,,19.693632125854492,12.40234375
,14,0,,11.959943771362305,15.93170166015625
,15,0,,12.403984069824219,14.4775390625
16,,1,113.79183197021484,,3.60260009765625
17,,1,262.60272216796875,,8.6212158203125
18,,1,384.47381591796875,,8.09326171875
19,,1,400.89544677734375,,9.21478271484375
20,,1,55.564735412597656,,3.375244140625
21,,1,149.6685028076172,,5.87005615234375
22,,1,31.583850860595703,,5.7342529296875
23,,1,104.62979125976562,,4.42962646484375
24,,1,190.41409301757812,,10.87188720703125
25,,1,325.1748046875,,13.4033203125
26,,1,29.513547897338867,,6.38580322265625
27,,1,378.1072998046875,,12.7227783203125
28,,1,270.08673095703125,,11.35101318359375
29,,1,28.518064498901367,,4.52117919921875
30,,1,241.7559356689453,,7.135009765625
31,,1,706.1864013671875,,15.179443359375
,16,1,,60.376121520996094,14.4073486328125
,17,1,,82.97464752197266,17.36602783203125
,18,1,,20.81359100341797,12.46337890625
,19,1,,66.86734771728516,12.75634765625
,20,1,,46.37071228027344,14.43634033203125
,21,1,,172.36024475097656,18.1854248046875
,22,1,,11.039806365966797,13.99078369140625
,23,1,,14.692368507385254,14.09454345703125
,24,1,,113.88214111328125,18.45703125
,25,1,,14.012456893920898,15.96527099609375
,26,1,,15.790246963500977,13.97552490234375
,27,1,,17.994543075561523,12.64801025390625
,28,1,,24.401966094970703,14.990234375
,29,1,,59.851829528808594,14.73846435546875
,30,1,,28.89041519165039,18.77288818359375
,31,1,,78.74485778808594,19.67315673828125
32,,2,325.9220886230469,,12.21923828125
33,,2,171.75936889648438,,8.05816650390625
34,,2,347.63751220703125,,16.28265380859375
35,,2,255.30223083496094,,13.31329345703125
36,,2,211.31109619140625,,11.95068359375
37,,2,117.57510375976562,,8.0535888671875
38,,2,392.0064697265625,,16.80908203125
39,,2,72.56000518798828,,11.3433837890625
40,,2,361.4824523925781,,5.908203125
41,,2,525.3629150390625,,5.65643310546875
42,,2,378.1463623046875,,14.9139404296875
43,,2,175.2845916748047,,14.58740234375
44,,2,155.58297729492188,,15.1336669921875
45,,2,307.71337890625,,2.87933349609375
46,,2,448.12799072265625,,14.056396484375
47,,2,269.43402099609375,,0.91094970703125
,32,2,,8.132108688354492,11.82708740234375
,33,2,,6.866702556610107,9.49554443359375
,34,2,,6.361331939697266,9.94110107421875
,35,2,,12.61622428894043,14.69573974609375
,36,2,,8.118820190429688,12.213134765625
,37,2,,6.58709716796875,8.099365234375
,38,2,,11.282159805297852,14.19525146484375
,39,2,,11.554832458496094,15.51971435546875
,40,2,,9.909003257751465,15.80810546875
,41,2,,5.743739128112793,10.27069091796875
,42,2,,16.308177947998047,19.3084716796875
,43,2,,7.137548923492432,11.578369140625
,44,2,,8.950613975524902,13.48114013671875
,45,2,,6.795151710510254,9.6405029296875
,46,2,,11.243492126464844,17.00592041015625
,47,2,,11.780778884887695,14.69573974609375
48,,3,311.4840393066406,,2.92816162109375
49,,3,752.31494140625,,13.50555419921875
50,,3,917.753662109375,,15.18402099609375
51,,3,223.5375518798828,,4.52728271484375
52,,3,423.1134033203125,,7.2601318359375
53,,3,596.2315673828125,,10.1348876953125
54,,3,583.7218627929688,,10.284423828125
55,,3,164.76998901367188,,4.83856201171875
56,,3,248.17681884765625,,12.1429443359375
57,,3,197.80328369140625,,10.03875732421875
58,,3,694.7579956054688,,15.25421142578125
59,,3,150.36180114746094,,6.80694580078125
60,,3,445.77557373046875,,12.042236328125
61,,3,453.9487609863281,,8.72802734375
62,,3,108.68339538574219,,3.78875732421875
63,,3,219.15054321289062,,8.97674560546875
,48,3,,9.208146095275879,13.47198486328125
,49,3,,13.459826469421387,19.28253173828125
,50,3,,11.072561264038086,16.56494140625
,51,3,,8.107858657836914,11.29302978515625
,52,3,,10.666735649108887,16.15447998046875
,53,3,,8.417076110839844,15.84625244140625
,54,3,,8.875694274902344,15.22216796875
,55,3,,9.200862884521484,14.02587890625
,56,3,,10.407882690429688,17.1600341796875
,57,3,,8.580249786376953,12.94708251953125
,58,3,,7.810399532318115,13.5040283203125
,59,3,,9.813114166259766,15.19012451171875
,60,3,,10.92122745513916,15.3045654296875
,61,3,,11.405851364135742,16.650390625
,62,3,,5.249481201171875,11.114501953125
,63,3,,11.768627166748047,18.414306640625
64,,4,79.79109191894531,,3.06243896484375
65,,4,629.2918701171875,,12.1490478515625
66,,4,571.2915649414062,,16.6107177734375
67,,4,723.09033203125,,24.2462158203125
68,,4,275.474365234375,,7.6873779296875
69,,4,832.94970703125,,18.70269775390625
70,,4,82.44773864746094,,9.21630859375
71,,4,262.3774108886719,,10.32562255859375
72,,4,549.931640625,,16.6259765625
73,,4,441.6763610839844,,10.028076171875
74,,4,250.4806671142578,,10.4583740234375
75,,4,189.04315185546875,,3.56292724609375
76,,4,160.24856567382812,,4.16717529296875
77,,4,1151.307373046875,,14.27154541015625
78,,4,137.50181579589844,,3.68194580078125
79,,4,243.70118713378906,,5.76324462890625
,64,4,,7.281303882598877,10.1043701171875
,65,4,,11.36521053314209,16.75872802734375
,66,4,,11.798341751098633,18.487548828125
,67,4,,7.0065460205078125,13.04779052734375
,68,4,,5.57069206237793,12.58697509765625
,69,4,,7.073234558105469,12.59918212890625
,70,4,,9.185346603393555,16.1376953125
,71,4,,11.572099685668945,20.2056884765625
,72,4,,9.536840438842773,19.403076171875
,73,4,,4.724056243896484,9.4024658203125
,74,4,,5.003870010375977,11.9232177734375
,75,4,,8.043315887451172,16.31927490234375
,76,4,,7.374946594238281,15.9942626953125
,77,4,,7.663129806518555,14.8773193359375
,78,4,,8.233512878417969,16.4459228515625
,79,4,,9.853896141052246,16.241455078125
80,,5,182.07797241210938,,5.841064453125
81,,5,126.03010559082031,,5.42755126953125
82,,5,84.96055603027344,,4.1351318359375
83,,5,604.3521118164062,,14.73388671875
84,,5,923.6790161132812,,18.88580322265625
85,,5,336.0594482421875,,12.1551513671875
86,,5,28.33795166015625,,5.84259033203125
87,,5,504.04241943359375,,17.34466552734375
88,,5,428.8943176269531,,13.89617919921875
89,,5,649.5357055664062,,20.20263671875
90,,5,175.11483764648438,,4.5684814453125
91,,5,324.1610412597656,,10.797119140625
92,,5,209.8539276123047,,2.3590087890625
93,,5,268.6117858886719,,2.71453857421875
94,,5,170.8358917236328,,14.47906494140625
95,,5,389.6896667480469,,17.02423095703125
,80,5,,11.80650520324707,14.26239013671875
,81,5,,9.512096405029297,13.20648193359375
,82,5,,14.792488098144531,14.22271728515625
,83,5,,14.870081901550293,19.81658935546875
,84,5,,12.9384765625,13.51470947265625
,85,5,,12.446781158447266,13.8092041015625
,86,5,,16.367267608642578,20.97625732421875
,87,5,,12.29849624633789,13.2171630859375
,88,5,,17.68967056274414,15.7928466796875
,89,5,,16.96924591064453,17.3828125
,90,5,,12.01179027557373,16.1956787109375
,91,5,,13.368680953979492,9.4512939453125
,92,5,,16.93892478942871,17.3065185546875
,93,5,,14.037389755249023,15.91949462890625
,94,5,,11.17064380645752,11.9781494140625
,95,5,,14.237478256225586,15.0909423828125
96,,6,207.25445556640625,,7.59429931640625
97,,6,101.42359924316406,,9.72747802734375
98,,6,183.62191772460938,,4.09088134765625
99,,6,53.81798553466797,,4.083251953125
100,,6,607.1038818359375,,20.18585205078125
101,,6,135.435546875,,9.58709716796875
102,,6,301.860107421875,,5.078125
103,,6,582.4951782226562,,14.4683837890625
104,,6,630.136474609375,,18.66912841796875
105,,6,121.99810791015625,,6.11724853515625
106,,6,162.8141326904297,,2.935791015625
107,,6,295.5897216796875,,12.5640869140625
108,,6,196.9203643798828,,7.86590576171875
109,,6,328.7418212890625,,7.35931396484375
110,,6,168.05784606933594,,9.82513427734375
111,,6,355.534912109375,,11.64703369140625
,96,6,,806.9078979492188,18.2647705078125
,97,6,,740.7109375,10.60028076171875
,98,6,,816.896484375,19.561767578125
,99,6,,700.650390625,14.2822265625
,100,6,,742.0607299804688,15.39154052734375
,101,6,,886.6966552734375,10.2508544921875
,102,6,,925.217529296875,15.692138671875
,103,6,,782.56201171875,21.04339599609375
,104,6,,863.30908203125,15.6341552734375
,105,6,,863.70556640625,12.615966796875
,106,6,,853.5931396484375,17.07916259765625
,107,6,,876.5281372070312,11.871337890625
,108,6,,819.7640380859375,15.61431884765625
,109,6,,813.6302490234375,16.64581298828125
,110,6,,905.440673828125,15.6585693359375
,111,6,,810.9968872070312,11.822509765625
112,,7,237.40548706054688,,12.04071044921875
113,,7,191.03875732421875,,3.22113037109375
114,,7,259.71002197265625,,6.82830810546875
115,,7,1186.564697265625,,24.38812255859375
116,,7,731.63232421875,,19.775390625
117,,7,552.8096923828125,,16.937255859375
118,,7,155.8100128173828,,5.65185546875
119,,7,134.24314880371094,,7.86895751953125
120,,7,149.6966094970703,,9.27734375
121,,7,119.89643859863281,,3.826904296875
122,,7,117.30536651611328,,3.5858154296875
123,,7,410.8343811035156,,13.7939453125
124,,7,130.78196716308594,,3.91693115234375
125,,7,475.0677490234375,,9.8907470703125
126,,7,347.56427001953125,,8.00018310546875
127,,7,452.3207702636719,,14.166259765625
,112,7,,9.4569091796875,14.40277099609375
,113,7,,8.427667617797852,12.50457763671875
,114,7,,11.503217697143555,13.69171142578125
,115,7,,9.039713859558105,15.26947021484375
,116,7,,10.383549690246582,14.3524169921875
,117,7,,13.157693862915039,17.32330322265625
,118,7,,11.143861770629883,14.36920166015625
,119,7,,12.288061141967773,17.66510009765625
,120,7,,5.481991767883301,8.91876220703125
,121,7,,11.703012466430664,16.80755615234375
,122,7,,12.44693374633789,15.51971435546875
,123,7,,6.955476760864258,9.9884033203125
,124,7,,14.745943069458008,19.72198486328125
,125,7,,15.027545928955078,19.23065185546875
,126,7,,9.438720703125,12.04376220703125
,127,7,,15.105408668518066,18.719482421875
128,,8,852.0458374023438,,16.30706787109375
129,,8,391.2242126464844,,11.04583740234375
130,,8,368.59564208984375,,12.46490478515625
131,,8,123.18377685546875,,9.98077392578125
132,,8,67.02603912353516,,5.6884765625
133,,8,424.49267578125,,13.89007568359375
134,,8,477.26904296875,,18.0328369140625
135,,8,341.69207763671875,,14.93072509765625
136,,8,212.4737548828125,,10.48736572265625
137,,8,227.15924072265625,,12.36572265625
138,,8,268.10675048828125,,6.96563720703125
139,,8,345.3120422363281,,4.266357421875
140,,8,224.7586669921875,,0.98724365234375
141,,8,170.2012176513672,,4.9957275390625
142,,8,154.29376220703125,,3.1219482421875
143,,8,183.6276092529297,,8.82568359375
,128,8,,228.71954345703125,15.7745361328125
,129,8,,266.6900634765625,13.09814453125
,130,8,,243.43115234375,12.83416748046875
,131,8,,324.4082336425781,10.430908203125
,132,8,,275.804931640625,14.57366943359375
,133,8,,303.6421813964844,16.74652099609375
,134,8,,209.66131591796875,13.73748779296875
,135,8,,230.64572143554688,14.27154541015625
,136,8,,336.9197692871094,15.90423583984375
,137,8,,217.11660766601562,19.1070556640625
,138,8,,270.3958740234375,13.60015869140625
,139,8,,191.52163696289062,12.29705810546875
,140,8,,244.8419189453125,17.7581787109375
,141,8,,291.935546875,20.062255859375
,142,8,,252.45681762695312,14.93072509765625
,143,8,,253.5956573486328,21.3897705078125
144,,9,162.00082397460938,,9.5611572265625
145,,9,254.6524658203125,,10.8245849609375
146,,9,51.88550567626953,,4.5562744140625
147,,9,149.58096313476562,,6.13250732421875
148,,9,196.3399200439453,,5.97686767578125
149,,9,221.80532836914062,,8.0352783203125
150,,9,254.56817626953125,,10.38665771484375
151,,9,107.59086608886719,,2.59552001953125
152,,9,106.36376190185547,,4.13055419921875
153,,9,669.7223510742188,,17.03338623046875
154,,9,65.91917419433594,,3.25927734375
155,,9,170.04473876953125,,1.52740478515625
156,,9,109.95740509033203,,12.11700439453125
157,,9,18.181480407714844,,8.24737548828125
158,,9,444.3405456542969,,11.4166259765625
159,,9,41.50067138671875,,6.08367919921875
,144,9,,113.12750244140625,13.84124755859375
,145,9,,142.9930419921875,14.64385986328125
,146,9,,147.78631591796875,13.24005126953125
,147,9,,157.7156982421875,15.313720703125
,148,9,,134.7706756591797,14.68048095703125
,149,9,,112.1859130859375,13.7725830078125
,150,9,,141.73309326171875,11.0626220703125
,151,9,,110.0914306640625,20.7855224609375
,152,9,,148.9547576904297,10.272216796875
,153,9,,146.30081176757812,14.62249755859375
,154,9,,109.97830963134766,11.59210205078125
,155,9,,147.60922241210938,12.97760009765625
,156,9,,130.673583984375,16.363525390625
,157,9,,122.29088592529297,14.080810546875
,158,9,,149.92465209960938,11.6241455078125
,159,9,,123.98846435546875,16.827392578125
160,,10,60.743370056152344,,8.7493896484375
161,,10,259.14166259765625,,13.39569091796875
162,,10,404.1689147949219,,17.3919677734375
163,,10,33.79096603393555,,7.2723388671875
164,,10,453.94818115234375,,5.53741455078125
165,,10,395.8746643066406,,10.5987548828125
166,,10,70.484130859375,,3.73382568359375
167,,10,197.3985595703125,,12.896728515625
168,,10,111.32585906982422,,3.350830078125
169,,10,110.6492691040039,,2.18658447265625
170,,10,142.01492309570312,,7.757568359375
171,,10,180.61398315429688,,3.66973876953125
172,,10,393.1612548828125,,14.28070068359375
173,,10,112.00665283203125,,5.230712890625
174,,10,674.0302124023438,,20.7183837890625
175,,10,156.73501586914062,,9.76715087890625
,160,10,,11.681695938110352,18.719482421875
,161,10,,10.23188591003418,15.75775146484375
,162,10,,12.17009162902832,15.6005859375
,163,10,,13.32974624633789,13.12103271484375
,164,10,,7.194782257080078,12.59918212890625
,165,10,,10.660005569458008,17.4560546875
,166,10,,9.13441276550293,13.62762451171875
,167,10,,11.778030395507812,17.29583740234375
,168,10,,9.826416969299316,15.5975341796875
,169,10,,12.80030632019043,20.06072998046875
,170,10,,13.8554105758667,12.10174560546875
,171,10,,13.084409713745117,17.6025390625
,172,10,,13.064863204956055,16.290283203125
,173,10,,12.855777740478516,15.21453857421875
,174,10,,10.843758583068848,12.15972900390625
,175,10,,12.669132232666016,17.73223876953125
176,,11,113.53697204589844,,9.539794921875
177,,11,373.1708984375,,12.4053955078125
178,,11,71.40684509277344,,5.06134033203125
179,,11,173.39353942871094,,13.30108642578125
180,,11,831.3099365234375,,26.3153076171875
181,,11,24.920055389404297,,5.40618896484375
182,,11,159.83453369140625,,15.625
183,,11,152.97610473632812,,12.09564208984375
184,,11,335.7572021484375,,5.0628662109375
185,,11,66.21641540527344,,9.7412109375
186,,11,190.16708374023438,,13.66119384765625
187,,11,170.60560607910156,,9.6405029296875
188,,11,122.56608581542969,,11.5997314453125
189,,11,328.4598388671875,,13.592529296875
190,,11,185.13040161132812,,9.698486328125
191,,11,510.66864013671875,,5.267333984375
,176,11,,30.127668380737305,18.65692138671875
,177,11,,32.23399353027344,17.9718017578125
,178,11,,39.45661163330078,14.5843505859375
,179,11,,37.800384521484375,14.1876220703125
,180,11,,29.679264068603516,20.9075927734375
,181,11,,34.99506759643555,17.07763671875
,182,11,,40.18634033203125,14.501953125
,183,11,,36.323951721191406,13.56353759765625
,184,11,,43.30059814453125,10.62469482421875
,185,11,,43.16214370727539,9.503173828125
,186,11,,29.503398895263672,16.76177978515625
,187,11,,37.055877685546875,14.25323486328125
,188,11,,38.206512451171875,17.022705078125
,189,11,,45.34388732910156,11.09619140625
,190,11,,34.05033493041992,17.86346435546875
,191,11,,44.994178771972656,8.89434814453125
192,,12,113.00375366210938,,7.2113037109375
193,,12,46.390716552734375,,9.29718017578125
194,,12,146.2198028564453,,15.2923583984375
195,,12,260.7393798828125,,2.94952392578125
196,,12,330.84613037109375,,17.90618896484375
197,,12,140.09085083007812,,12.6312255859375
198,,12,55.35702133178711,,8.04443359375
199,,12,306.2628173828125,,18.9300537109375
200,,12,244.2152862548828,,5.2337646484375
201,,12,71.42020416259766,,6.329345703125
202,,12,168.78514099121094,,9.80377197265625
203,,12,124.10037231445312,,13.41705322265625
204,,12,389.1282043457031,,13.037109375
205,,12,417.35321044921875,,18.17626953125
206,,12,135.64393615722656,,7.09991455078125
207,,12,197.6875,,11.90643310546875
,192,12,,25.822437286376953,13.018798828125
,193,12,,23.13118553161621,12.14447021484375
,194,12,,20.432329177856445,14.94903564453125
,195,12,,18.11292839050293,13.46282958984375
,196,12,,14.957737922668457,19.329833984375
,197,12,,23.763065338134766,14.3035888671875
,198,12,,19.613574981689453,16.90216064453125
,199,12,,21.66021728515625,14.8651123046875
,200,12,,20.701526641845703,17.07611083984375
,201,12,,18.23845863342285,16.86553955078125
,202,12,,27.890945434570312,12.615966796875
,203,12,,22.967273712158203,9.98382568359375
,204,12,,21.165796279907227,15.545654296875
,205,12,,19.204212188720703,16.34521484375
,206,12,,18.22374153137207,17.50640869140625
,207,12,,16.036190032958984,15.8294677734375
208,,13,163.42715454101562,,10.9405517578125
209,,13,98.36273956298828,,7.59735107421875
210,,13,382.84588623046875,,10.43548583984375
211,,13,53.32600402832031,,6.146240234375
212,,13,223.54672241210938,,1.46331787109375
213,,13,99.8680419921875,,12.22381591796875
214,,13,225.72177124023438,,2.42767333984375
215,,13,60.63865280151367,,11.6729736328125
216,,13,433.14129638671875,,19.72198486328125
217,,13,239.42022705078125,,15.71197509765625
218,,13,178.07632446289062,,6.1798095703125
219,,13,366.1999816894531,,19.53582763671875
220,,13,101.81116485595703,,9.65576171875
221,,13,254.60690307617188,,14.88189697265625
222,,13,337.5649108886719,,18.212890625
223,,13,266.2403564453125,,4.27703857421875
,208,13,,18.195831298828125,16.4520263671875
,209,13,,15.753482818603516,15.35491943359375
,210,13,,24.43221664428711,13.87786865234375
,211,13,,21.971256256103516,7.89642333984375
,212,13,,16.15315055847168,16.00799560546875
,213,13,,15.077091217041016,20.26519775390625
,214,13,,19.86064338684082,16.4703369140625
,215,13,,18.162471771240234,19.2108154296875
,216,13,,20.176977157592773,14.3035888671875
,217,13,,18.348711013793945,16.78466796875
,218,13,,15.526018142700195,12.29400634765625
,219,13,,22.229263305664062,12.109375
,220,13,,14.271839141845703,11.22894287109375
,221,13,,18.949472427368164,15.19012451171875
,222,13,,17.188987731933594,13.385009765625
,223,13,,23.1596622467041,14.28375244140625
224,,14,30.24924659729004,,7.70263671875
225,,14,31.599605560302734,,6.9366455078125
226,,14,113.26242065429688,,12.57781982421875
227,,14,118.265869140625,,4.3243408203125
228,,14,25.091541290283203,,5.8013916015625
229,,14,123.3603515625,,6.37054443359375
230,,14,153.07620239257812,,4.73785400390625
231,,14,138.17236328125,,3.61480712890625
232,,14,52.79943084716797,,6.1737060546875
233,,14,55.989627838134766,,5.74188232421875
234,,14,127.48759460449219,,11.1175537109375
235,,14,103.77954864501953,,4.17022705078125
236,,14,190.2364501953125,,4.65087890625
237,,14,104.4640121459961,,7.08770751953125
238,,14,162.43338012695312,,6.7626953125
239,,14,95.07078552246094,,6.6314697265625
,224,14,,11.521093368530273,15.911865234375
,225,14,,11.129274368286133,13.4796142578125
,226,14,,8.0562744140625,12.896728515625
,227,14,,6.6392621994018555,8.6181640625
,228,14,,13.111557006835938,17.095947265625
,229,14,,10.042440414428711,14.47906494140625
,230,14,,7.117557525634766,10.589599609375
,231,14,,7.536208152770996,11.1907958984375
,232,14,,8.664102554321289,13.4765625
,233,14,,13.059292793273926,19.16961669921875
,234,14,,7.776388645172119,10.9771728515625
,235,14,,11.182222366333008,16.25823974609375
,236,14,,14.421728134155273,18.38531494140625
,237,14,,7.442804336547852,11.1602783203125
,238,14,,11.795326232910156,16.06292724609375
,239,14,,9.752357482910156,14.8345947265625
240,,15,95.897216796875,,9.6710205078125
241,,15,350.2307434082031,,14.39361572265625
242,,15,402.85675048828125,,11.93695068359375
243,,15,194.7881317138672,,10.19439697265625
244,,15,473.61761474609375,,17.120361328125
245,,15,604.2180786132812,,16.400146484375
246,,15,208.88787841796875,,8.3099365234375
247,,15,280.91912841796875,,12.77313232421875
248,,15,630.9848022460938,,18.011474609375
249,,15,175.08909606933594,,8.19091796875
250,,15,423.0668029785156,,13.5650634765625
251,,15,327.7185974121094,,16.5618896484375
252,,15,136.40199279785156,,11.199951171875
253,,15,72.02234649658203,,11.6943359375
254,,15,220.91595458984375,,8.880615234375
255,,15,117.69544982910156,,7.1441650390625
,240,15,,65.66227722167969,22.37091064453125
,241,15,,74.67962646484375,21.22650146484375
,242,15,,84.75370788574219,15.582275390625
,243,15,,85.55657958984375,12.12615966796875
,244,15,,84.10047149658203,11.91253662109375
,245,15,,82.43135070800781,16.7999267578125
,246,15,,91.808837890625,14.8040771484375
,247,15,,78.40629577636719,12.84942626953125
,248,15,,94.16305541992188,12.49847412109375
,249,15,,80.26039123535156,11.93389892578125
,250,15,,90.1845932006836,15.04974365234375
,251,15,,87.66984558105469,15.77301025390625
,252,15,,82.93280792236328,11.82098388671875
,253,15,,80.95474243164062,14.74456787109375
,254,15,,75.96549224853516,16.2200927734375
,255,15,,87.84846496582031,11.43035888671875
256,,16,169.7557373046875,,3.4820556640625
257,,16,27.406246185302734,,8.74176025390625
258,,16,205.40621948242188,,8.30841064453125
259,,16,277.49737548828125,,6.88629150390625
260,,16,130.0929718017578,,13.09051513671875
261,,16,161.63885498046875,,12.76092529296875
262,,16,267.1721496582031,,15.84014892578125
263,,16,123.455322265625,,12.152099609375
264,,16,175.4647216796875,,14.29901123046875
265,,16,104.62239074707031,,13.24005126953125
266,,16,106.24224090576172,,15.58990478515625
267,,16,166.14178466796875,,14.15557861328125
268,,16,56.57904052734375,,13.3544921875
269,,16,106.726318359375,,11.3525390625
270,,16,260.932373046875,,8.08563232421875
271,,16,118.19778442382812,,13.848876953125
,256,16,,10.126724243164062,14.01519775390625
,257,16,,8.943765640258789,13.16986083984375
,258,16,,13.024104118347168,17.523193359375
,259,16,,6.924708366394043,12.4542236328125
,260,16,,7.635525703430176,13.3941650390625
,261,16,,7.919618129730225,14.11590576171875
,262,16,,10.289113998413086,13.5650634765625
,263,16,,11.71438217163086,15.7806396484375
,264,16,,13.02453327178955,17.65594482421875
,265,16,,10.902936935424805,16.61529541015625
,266,16,,10.626877784729004,14.3035888671875
,267,16,,11.85960578918457,16.26739501953125
,268,16,,8.126471519470215,12.322998046875
,269,16,,8.666329383850098,12.27874755859375
,270,16,,14.74403190612793,19.86541748046875
,271,16,,8.047283172607422,13.6688232421875
272,,17,52.75089645385742,,13.006591796875
273,,17,126.26393127441406,,8.63800048828125
274,,17,59.80287170410156,,7.049560546875
275,,17,38.9512939453125,,9.6771240234375
276,,17,468.5502624511719,,21.97723388671875
277,,17,433.77789306640625,,3.1463623046875
278,,17,65.67740631103516,,9.63287353515625
279,,17,65.52070617675781,,6.31103515625
280,,17,61.72982406616211,,7.25860595703125
281,,17,43.71160888671875,,9.9639892578125
282,,17,61.08710861206055,,5.35125732421875
283,,17,177.11643981933594,,2.8350830078125
284,,17,183.3411102294922,,2.96173095703125
285,,17,68.35892486572266,,10.07232666015625
286,,17,183.2532958984375,,12.11700439453125
287,,17,236.65533447265625,,1.6693115234375
,272,17,,12.316617012023926,13.60321044921875
,273,17,,11.264633178710938,13.27972412109375
,274,17,,10.116739273071289,12.969970703125
,275,17,,15.998629570007324,17.51861572265625
,276,17,,13.505268096923828,18.3990478515625
,277,17,,11.404104232788086,14.2913818359375
,278,17,,12.726460456848145,18.1549072265625
,279,17,,8.820741653442383,11.968994140625
,280,17,,16.212858200073242,20.8038330078125
,281,17,,10.171072959899902,13.0950927734375
,282,17,,10.204620361328125,13.397216796875
,283,17,,14.328256607055664,16.11785888671875
,284,17,,13.52683162689209,15.25726318359375
,285,17,,12.417922973632812,13.79547119140625
,286,17,,14.547151565551758,19.3878173828125
,287,17,,12.859355926513672,12.39776611328125
288,,18,567.5813598632812,,17.40570068359375
289,,18,1059.1131591796875,,21.2921142578125
290,,18,35.51237869262695,,5.6732177734375
291,,18,62.65870666503906,,4.8553466796875
292,,18,138.50997924804688,,2.691650390625
293,,18,105.87073516845703,,11.52191162109375
294,,18,66.91401672363281,,5.75103759765625
295,,18,530.2850952148438,,17.3583984375
296,,18,208.7284393310547,,12.2314453125
297,,18,114.53363037109375,,6.89697265625
298,,18,196.13571166992188,,7.82623291015625
299,,18,369.4966735839844,,14.28070068359375
300,,18,176.52908325195312,,3.8543701171875
301,,18,45.41999053955078,,7.55157470703125
302,,18,224.42576599121094,,4.13360595703125
303,,18,333.51959228515625,,16.83502197265625
,288,18,,114.28749084472656,19.635009765625
,289,18,,131.64346313476562,16.7816162109375
,290,18,,128.2747039794922,14.9200439453125
,291,18,,127.04512786865234,10.21270751953125
,292,18,,139.54937744140625,15.20233154296875
,293,18,,127.75172424316406,19.53125
,294,18,,142.4853057861328,11.21673583984375
,295,18,,147.61436462402344,10.56365966796875
,296,18,,116.51563262939453,15.2984619140625
,297,18,,135.87388610839844,13.27056884765625
,298,18,,142.9952392578125,12.1551513671875
,299,18,,119.52178955078125,21.62628173828125
,300,18,,138.0336456298828,15.2984619140625
,301,18,,126.89093780517578,15.63720703125
,302,18,,136.8328857421875,17.40570068359375
,303,18,,137.12689208984375,12.36572265625
304,,19,137.07469177246094,,3.64837646484375
305,,19,71.1354751586914,,3.6468505859375
306,,19,180.8301239013672,,13.0096435546875
307,,19,107.59293365478516,,3.3203125
308,,19,409.3881530761719,,16.632080078125
309,,19,65.43864440917969,,4.437255859375
310,,19,395.66558837890625,,16.94793701171875
311,,19,101.99340057373047,,12.02392578125
312,,19,301.53912353515625,,14.2852783203125
313,,19,116.69841766357422,,3.1951904296875
314,,19,213.92578125,,4.4647216796875
315,,19,112.76593780517578,,11.4959716796875
316,,19,332.50750732421875,,11.407470703125
317,,19,135.9821319580078,,10.09521484375
318,,19,56.84051513671875,,7.098388671875
319,,19,133.950439453125,,11.88812255859375
,304,19,,9.94339370727539,13.7725830078125
,305,19,,8.48043155670166,12.6861572265625
,306,19,,13.207830429077148,17.510986328125
,307,19,,14.744462966918945,19.9310302734375
,308,19,,10.171459197998047,15.09857177734375
,309,19,,15.571770668029785,20.06683349609375
,310,19,,10.732735633850098,14.66064453125
,311,19,,9.190975189208984,14.55535888671875
,312,19,,7.4431304931640625,11.6607666015625
,313,19,,12.784506797790527,16.09344482421875
,314,19,,11.874515533447266,17.340087890625
,315,19,,9.813908576965332,14.605712890625
,316,19,,9.742193222045898,14.93072509765625
,317,19,,9.80908203125,14.349365234375
,318,19,,7.8785858154296875,13.3148193359375
,319,19,,17.52609634399414,22.8485107421875
320,,20,67.66650390625,,5.1239013671875
321,,20,125.61444091796875,,9.18121337890625
322,,20,594.601806640625,,18.85223388671875
323,,20,190.74472045898438,,9.14154052734375
324,,20,52.60370635986328,,4.5166015625
325,,20,145.8914031982422,,12.030029296875
326,,20,32.15165710449219,,6.59332275390625
327,,20,105.35293579101562,,12.298583984375
328,,20,298.3253173828125,,11.3677978515625
329,,20,217.95407104492188,,11.9964599609375
330,,20,196.317138671875,,6.9854736328125
331,,20,161.53091430664062,,10.23712158203125
332,,20,159.4112091064453,,13.24615478515625
333,,20,105.87814331054688,,13.9862060546875
334,,20,529.28125,,18.463134765625
335,,20,266.53228759765625,,16.0247802734375
,320,20,,43.65092086791992,12.762451171875
,321,20,,49.613433837890625,16.92962646484375
,322,20,,59.45766830444336,13.13018798828125
,323,20,,50.918216705322266,17.80853271484375
,324,20,,63.118717193603516,15.478515625
,325,20,,59.26250457763672,13.262939453125
,326,20,,52.78837203979492,15.899658203125
,327,20,,66.854736328125,14.21966552734375
,328,20,,47.999568939208984,15.51666259765625
,329,20,,56.672447204589844,14.89410400390625
,330,20,,45.69571304321289,16.8731689453125
,331,20,,62.1337890625,12.7532958984375
,332,20,,59.84843063354492,10.61553955078125
,333,20,,43.5179443359375,13.0218505859375
,334,20,,58.59482955932617,17.88177490234375
,335,20,,59.303131103515625,12.9486083984375
336,,21,333.3804016113281,,11.93084716796875
337,,21,60.70030212402344,,11.12518310546875
338,,21,42.79871368408203,,7.1197509765625
339,,21,139.33058166503906,,7.3944091796875
340,,21,108.51394653320312,,11.07330322265625
341,,21,192.59097290039062,,9.66033935546875
342,,21,123.46619415283203,,15.67230224609375
343,,21,262.7978820800781,,7.67059326171875
344,,21,226.15530395507812,,13.46588134765625
345,,21,342.6893310546875,,15.69671630859375
346,,21,136.57598876953125,,6.39801025390625
347,,21,279.4186096191406,,6.2744140625
348,,21,112.636474609375,,5.72357177734375
349,,21,76.21597290039062,,7.275390625
350,,21,201.14068603515625,,4.376220703125
351,,21,66.57621765136719,,5.40008544921875
,336,21,,5.776425361633301,9.5733642578125
,337,21,,12.81023120880127,17.291259765625
,338,21,,10.092279434204102,14.97650146484375
,339,21,,10.53884506225586,15.4998779296875
,340,21,,10.766474723815918,14.43023681640625
,341,21,,7.344496726989746,11.63177490234375
,342,21,,13.344768524169922,16.6229248046875
,343,21,,16.059139251708984,20.159912109375
,344,21,,10.708292961120605,15.4052734375
,345,21,,7.085020542144775,10.5072021484375
,346,21,,14.258803367614746,18.87054443359375
,347,21,,11.705549240112305,15.9210205078125
,348,21,,17.013111114501953,21.19903564453125
,349,21,,7.828407287597656,10.87799072265625
,350,21,,10.988283157348633,14.56451416015625
,351,21,,17.862632751464844,22.314453125
352,,22,130.517822265625,,12.51373291015625
353,,22,237.81338500976562,,9.87701416015625
354,,22,129.10604858398438,,7.23114013671875
355,,22,227.3653106689453,,5.0933837890625
356,,22,270.60540771484375,,5.8441162109375
357,,22,79.16297912597656,,11.29150390625
358,,22,161.15228271484375,,13.73291015625
359,,22,61.464447021484375,,9.07745361328125
360,,22,484.85406494140625,,17.2515869140625
361,,22,380.8499450683594,,14.4561767578125
362,,22,61.62451934814453,,9.62982177734375
363,,22,116.20582580566406,,13.45367431640625
364,,22,76.71015930175781,,9.21630859375
365,,22,80.0969467163086,,9.90753173828125
366,,22,60.115936279296875,,6.60552978515625
367,,22,49.76247024536133,,9.75494384765625
,352,22,,9.31792163848877,12.86468505859375
,353,22,,12.559621810913086,19.6258544921875
,354,22,,11.121162414550781,15.58990478515625
,355,22,,7.097728729248047,11.90338134765625
,356,22,,10.483470916748047,15.46478271484375
,357,22,,8.556562423706055,15.43426513671875
,358,22,,13.095100402832031,19.08111572265625
,359,22,,9.97238826751709,17.0318603515625
,360,22,,5.848257064819336,10.0860595703125
,361,22,,10.537151336669922,15.8294677734375
,362,22,,13.114964485168457,18.51654052734375
,363,22,,9.661614418029785,15.51361083984375
,364,22,,10.251877784729004,14.51873779296875
,365,22,,8.092458724975586,13.31024169921875
,366,22,,9.88104248046875,16.36505126953125
,367,22,,7.221258640289307,10.09521484375
368,,23,430.64776611328125,,5.5023193359375
369,,23,407.65869140625,,7.48138427734375
370,,23,31.807790756225586,,8.6639404296875
371,,23,129.25115966796875,,14.0594482421875
372,,23,193.4304962158203,,3.80706787109375
373,,23,41.42140579223633,,9.246826171875
374,,23,112.29947662353516,,15.00396728515625
375,,23,52.50868225097656,,10.2813720703125
376,,23,42.54497528076172,,8.563232421875
377,,23,424.79327392578125,,19.83795166015625
378,,23,122.31285095214844,,13.17901611328125
379,,23,143.62844848632812,,3.73382568359375
380,,23,132.04541015625,,5.670166015625
381,,23,216.25697326660156,,12.1246337890625
382,,23,43.718849182128906,,12.49237060546875
383,,23,69.75698852539062,,10.955810546875
,368,23,,12.268964767456055,18.1915283203125
,369,23,,8.60068416595459,13.83514404296875
,370,23,,9.48721694946289,15.08331298828125
,371,23,,8.795343399047852,14.837646484375
,372,23,,8.746297836303711,12.3626708984375
,373,23,,8.153136253356934,13.27972412109375
,374,23,,9.458008766174316,14.66064453125
,375,23,,8.898841857910156,14.703369140625
,376,23,,12.70092487335205,17.00897216796875
,377,23,,7.277740478515625,12.8662109375
,378,23,,6.066468715667725,12.2772216796875
,379,23,,11.912656784057617,15.74554443359375
,380,23,,13.029075622558594,18.97430419921875
,381,23,,11.36589241027832,17.181396484375
,382,23,,7.630215167999268,11.529541015625
,383,23,,6.858504295349121,10.5224609375
384,,24,60.059452056884766,,9.75799560546875
385,,24,607.3859252929688,,23.614501953125
386,,24,115.54059600830078,,6.85882568359375
387,,24,111.57237243652344,,13.51470947265625
388,,24,107.43985748291016,,16.1376953125
389,,24,60.55500411987305,,7.733154296875
390,,24,292.29180908203125,,5.4107666015625
391,,24,132.90823364257812,,12.567138671875
392,,24,90.83563232421875,,9.42535400390625
393,,24,180.54428100585938,,9.9945068359375
394,,24,24.936555862426758,,12.48321533203125
395,,24,154.85630798339844,,3.78570556640625
396,,24,161.6539306640625,,7.88726806640625
397,,24,64.23953247070312,,12.1124267578125
398,,24,319.9742736816406,,20.1751708984375
399,,24,81.54605102539062,,9.0850830078125
,384,24,,9.56695556640625,12.725830078125
,385,24,,11.68066120147705,16.96624755859375
,386,24,,10.357958793640137,13.18817138671875
,387,24,,6.3682756423950195,8.1787109375
,388,24,,9.714677810668945,15.10162353515625
,389,24,,5.0790557861328125,10.02349853515625
,390,24,,10.955455780029297,15.8294677734375
,391,24,,13.693387031555176,19.1650390625
,392,24,,8.028642654418945,14.13726806640625
,393,24,,10.663032531738281,15.6951904296875
,394,24,,11.268552780151367,15.44342041015625
,395,24,,10.354581832885742,16.5802001953125
,396,24,,10.312572479248047,17.21343994140625
,397,24,,7.122933864593506,12.55950927734375
,398,24,,8.634933471679688,12.82958984375
,399,24,,8.53988265991211,13.8214111328125
400,,25,102.11347961425781,,13.69476318359375
401,,25,76.68382263183594,,13.6138916015625
402,,25,269.32110595703125,,6.976318359375
403,,25,91.5787353515625,,13.4674072265625
404,,25,110.32884216308594,,14.617919921875
405,,25,401.93829345703125,,1.568603515625
406,,25,151.6531524658203,,14.50653076171875
407,,25,425.7452087402344,,6.8511962890625
408,,25,70.67542266845703,,8.7890625
409,,25,231.5689239501953,,1.72882080078125
410,,25,59.874568939208984,,6.67877197265625
411,,25,24.378421783447266,,8.2427978515625
412,,25,104.6988754272461,,3.2806396484375
413,,25,233.3727264404297,,1.75018310546875
414,,25,48.740028381347656,,8.82415771484375
415,,25,180.66676330566406,,8.4320068359375
,400,25,,11.567249298095703,15.216064453125
,401,25,,8.949504852294922,11.60888671875
,402,25,,8.385441780090332,11.93695068359375
,403,25,,11.866645812988281,16.9036865234375
,404,25,,10.289009094238281,16.162109375
,405,25,,9.18568229675293,13.15155029296875
,406,25,,10.424581527709961,14.66827392578125
,407,25,,8.842559814453125,15.00396728515625
,408,25,,11.075909614562988,17.77496337890625
,409,25,,10.98330307006836,16.192626953125
,410,25,,5.629621505737305,10.57891845703125
,411,25,,10.623147964477539,15.997314453125
,412,25,,11.758430480957031,15.3106689453125
,413,25,,6.584046363830566,10.13946533203125
,414,25,,7.14727783203125,11.4013671875
,415,25,,11.686802864074707,15.99578857421875
416,,26,58.557777404785156,,8.04443359375
417,,26,86.72025299072266,,2.069091796875
418,,26,142.3177947998047,,9.82666015625
419,,26,119.50798034667969,,6.9488525390625
420,,26,29.911148071289062,,6.8023681640625
421,,26,19.508045196533203,,5.9814453125
422,,26,205.80262756347656,,8.79364013671875
423,,26,53.567020416259766,,7.90863037109375
424,,26,269.7948303222656,,12.67547607421875
425,,26,70.73262023925781,,0.921630859375
426,,26,686.2291259765625,,19.6563720703125
427,,26,689.956787109375,,16.0797119140625
428,,26,15.157320022583008,,5.792236328125
429,,26,112.61180877685547,,4.99725341796875
430,,26,257.69464111328125,,10.22491455078125
431,,26,245.34994506835938,,14.17388916015625
,416,26,,81.60005187988281,17.03948974609375
,417,26,,80.77879333496094,9.344482421875
,418,26,,80.10066223144531,12.249755859375
,419,26,,72.63768005371094,13.27056884765625
,420,26,,75.21342468261719,14.25933837890625
,421,26,,85.03277587890625,11.5753173828125
,422,26,,78.49137878417969,13.33770751953125
,423,26,,73.56390380859375,14.06097412109375
,424,26,,74.70252227783203,14.56451416015625
,425,26,,62.85078430175781,24.29962158203125
,426,26,,73.25358581542969,18.31817626953125
,427,26,,65.04451751708984,17.2027587890625
,428,26,,80.42918395996094,13.8336181640625
,429,26,,62.692230224609375,18.05419921875
,430,26,,61.236785888671875,21.67816162109375
,431,26,,77.11894989013672,13.9129638671875
432,,27,112.49292755126953,,6.81610107421875
433,,27,183.2228240966797,,12.61138916015625
434,,27,220.5460662841797,,17.2119140625
435,,27,99.6395034790039,,4.02679443359375
436,,27,681.8173828125,,15.4693603515625
437,,27,62.80253982543945,,11.94000244140625
438,,27,98.62117004394531,,12.82958984375
439,,27,180.49986267089844,,8.2244873046875
440,,27,160.21389770507812,,14.0289306640625
441,,27,110.10474395751953,,13.25531005859375
442,,27,141.83273315429688,,13.1805419921875
443,,27,289.3368225097656,,15.216064453125
444,,27,423.2923583984375,,2.11944580078125
445,,27,112.727783203125,,14.459228515625
446,,27,447.5027770996094,,1.2725830078125
447,,27,92.48058319091797,,11.3616943359375
,432,27,,30.609365463256836,15.10772705078125
,433,27,,30.5683650970459,13.49029541015625
,434,27,,22.8616943359375,16.65802001953125
,435,27,,26.47159194946289,13.592529296875
,436,27,,28.910245895385742,13.15765380859375
,437,27,,29.84444808959961,12.77618408203125
,438,27,,32.91452407836914,7.97119140625
,439,27,,25.827823638916016,15.91949462890625
,440,27,,27.8515625,16.436767578125
,441,27,,30.657974243164062,9.6771240234375
,442,27,,28.414562225341797,14.8712158203125
,443,27,,21.101608276367188,17.2943115234375
,444,27,,32.559471130371094,11.767578125
,445,27,,31.757125854492188,11.81488037109375
,446,27,,27.028669357299805,12.73193359375
,447,27,,18.672067642211914,19.635009765625
448,,28,194.79348754882812,,13.1622314453125
449,,28,86.18498992919922,,13.6444091796875
450,,28,215.43417358398438,,11.36322021484375
451,,28,276.4363708496094,,17.25921630859375
452,,28,343.4471130371094,,18.49365234375
453,,28,116.14746856689453,,5.072021484375
454,,28,273.8674621582031,,5.4931640625
455,,28,73.1835708618164,,13.5101318359375
456,,28,608.4453735351562,,9.24072265625
457,,28,382.339599609375,,19.0765380859375
458,,28,268.5555114746094,,14.42108154296875
459,,28,73.34538269042969,,14.40887451171875
460,,28,298.966064453125,,3.09600830078125
461,,28,63.968746185302734,,10.3363037109375
462,,28,98.5702896118164,,12.50457763671875
463,,28,69.35345458984375,,9.04693603515625
,448,28,,41.32123565673828,15.92559814453125
,449,28,,46.20133972167969,11.529541015625
,450,28,,31.85148811340332,20.21331787109375
,451,28,,35.685298919677734,15.67230224609375
,452,28,,45.394554138183594,17.93060302734375
,453,28,,51.572872161865234,13.37432861328125
,454,28,,38.19747543334961,18.22509765625
,455,28,,41.32503890991211,18.11676025390625
,456,28,,49.63997268676758,15.69671630859375
,457,28,,45.574851989746094,15.423583984375
,458,28,,39.297725677490234,14.02130126953125
,459,28,,41.68391036987305,11.6729736328125
,460,28,,34.464622497558594,20.71075439453125
,461,28,,38.787593841552734,16.63055419921875
,462,28,,49.687408447265625,12.66632080078125
,463,28,,36.790733337402344,17.20428466796875
464,,29,189.93853759765625,,14.654541015625
465,,29,249.13299560546875,,15.08331298828125
466,,29,372.3255615234375,,9.5794677734375
467,,29,229.37574768066406,,5.29937744140625
468,,29,416.22998046875,,8.819580078125
469,,29,34.900428771972656,,8.12530517578125
470,,29,500.23077392578125,,18.8812255859375
471,,29,78.1588134765625,,10.65673828125
472,,29,159.3385467529297,,3.6865234375
473,,29,353.0621032714844,,17.218017578125
474,,29,281.5101318359375,,6.15386962890625
475,,29,123.6089096069336,,4.08477783203125
476,,29,89.82716369628906,,9.98992919921875
477,,29,190.847412109375,,10.369873046875
478,,29,169.6363983154297,,6.06536865234375
479,,29,278.46197509765625,,1.2939453125
,464,29,,15.723849296569824,17.1783447265625
,465,29,,13.422639846801758,15.63262939453125
,466,29,,17.667333602905273,19.11163330078125
,467,29,,13.188732147216797,14.7735595703125
,468,29,,14.350625991821289,16.24755859375
,469,29,,12.254606246948242,13.5772705078125
,470,29,,15.75338077545166,16.9403076171875
,471,29,,14.215835571289062,15.57159423828125
,472,29,,9.048759460449219,10.5560302734375
,473,29,,14.352967262268066,15.92254638671875
,474,29,,10.058307647705078,11.0137939453125
,475,29,,13.483726501464844,14.7491455078125
,476,29,,14.1895170211792,15.61431884765625
,477,29,,9.999887466430664,11.38763427734375
,478,29,,11.107702255249023,12.432861328125
,479,29,,14.007463455200195,15.59600830078125
480,,30,116.55575561523438,,9.83734130859375
481,,30,232.01107788085938,,8.8226318359375
482,,30,171.787353515625,,3.52020263671875
483,,30,232.11883544921875,,12.12158203125
484,,30,43.27567672729492,,4.84161376953125
485,,30,608.2509155273438,,18.48297119140625
486,,30,72.62924194335938,,4.0130615234375
487,,30,295.24530029296875,,15.380859375
488,,30,407.1304626464844,,18.115234375
489,,30,239.95657348632812,,10.1470947265625
490,,30,130.1199493408203,,2.978515625
491,,30,73.7315902709961,,2.4566650390625
492,,30,59.08104705810547,,8.01239013671875
493,,30,375.9986877441406,,10.333251953125
494,,30,448.5600891113281,,19.82421875
495,,30,138.67977905273438,,2.8076171875
,480,30,,9.794800758361816,15.7562255859375
,481,30,,5.885319232940674,10.455322265625
,482,30,,12.818084716796875,20.0164794921875
,483,30,,12.341445922851562,17.48199462890625
,484,30,,9.151713371276855,15.509033203125
,485,30,,10.191879272460938,14.91851806640625
,486,30,,7.055243968963623,11.3037109375
,487,30,,8.149579048156738,14.4622802734375
,488,30,,9.396697998046875,13.26751708984375
,489,30,,10.194133758544922,14.0625
,490,30,,12.9205322265625,18.939208984375
,491,30,,7.876068115234375,13.299560546875
,492,30,,12.182401657104492,18.2037353515625
,493,30,,6.247812271118164,8.25042724609375
,494,30,,9.898286819458008,16.51458740234375
,495,30,,10.312545776367188,10.2752685546875
496,,31,179.28265380859375,,12.30010986328125
497,,31,166.4502410888672,,11.7401123046875
498,,31,144.2508544921875,,10.42633056640625
499,,31,94.19351196289062,,1.49078369140625
500,,31,59.13104248046875,,2.50701904296875
501,,31,82.38581848144531,,3.5491943359375
502,,31,338.66339111328125,,16.98150634765625
503,,31,132.00428771972656,,3.22265625
504,,31,341.256103515625,,6.6864013671875
505,,31,440.273681640625,,17.2882080078125
506,,31,265.672119140625,,15.20233154296875
507,,31,40.75135040283203,,8.7615966796875
508,,31,190.40863037109375,,1.1871337890625
509,,31,36.3627815246582,,8.59375
510,,31,208.9786376953125,,16.07666015625
511,,31,58.417179107666016,,3.4576416015625
,496,31,,37.44444274902344,16.86248779296875
,497,31,,30.592330932617188,13.57421875
,498,31,,31.922931671142578,11.5570068359375
,499,31,,39.72419357299805,14.87884521484375
,500,31,,41.21173858642578,17.37518310546875
,501,31,,36.70252990722656,12.786865234375
,502,31,,30.497028350830078,15.67230224609375
,503,31,,31.94563102722168,21.51641845703125
,504,31,,44.760719299316406,10.87646484375
,505,31,,28.317975997924805,13.616943359375
,506,31,,44.240413665771484,16.43829345703125
,507,31,,40.75709533691406,12.1490478515625
,508,31,,36.571022033691406,14.29290771484375
,509,31,,34.11042785644531,19.24896240234375
,510,31,,29.969520568847656,16.23382568359375
,511,31,,31.881546020507812,15.91033935546875
512,,32,119.95828247070312,,7.87353515625
513,,32,131.7297821044922,,15.02685546875
514,,32,67.63955688476562,,11.49749755859375
515,,32,250.32879638671875,,14.94140625
516,,32,89.90205383300781,,9.57489013671875
517,,32,50.68824005126953,,5.010986328125
518,,32,70.97913360595703,,10.86883544921875
519,,32,149.8124237060547,,12.04071044921875
520,,32,310.67730712890625,,6.268310546875
521,,32,329.8161315917969,,3.851318359375
522,,32,232.1260223388672,,14.849853515625
523,,32,79.59675598144531,,4.241943359375
524,,32,74.2059326171875,,10.23101806640625
525,,32,37.898136138916016,,8.03070068359375
526,,32,203.9190673828125,,5.93109130859375
527,,32,192.0310516357422,,11.52191162109375
,512,32,,19.951087951660156,23.5931396484375
,513,32,,8.58362865447998,13.7939453125
,514,32,,13.20472240447998,17.547607421875
,515,32,,12.863348007202148,16.86248779296875
,516,32,,10.557555198669434,13.372802734375
,517,32,,11.693695068359375,14.7918701171875
,518,32,,6.377514839172363,9.002685546875
,519,32,,11.347697257995605,16.34979248046875
,520,32,,13.379138946533203,17.71392822265625
,521,32,,10.336593627929688,13.0950927734375
,522,32,,12.032522201538086,16.39862060546875
,523,32,,10.886528968811035,15.87371826171875
,524,32,,8.715085983276367,12.8173828125
,525,32,,10.346498489379883,13.74359130859375
,526,32,,13.982885360717773,17.24395751953125
,527,32,,16.191469192504883,20.0531005859375
528,,33,10.810667991638184,,7.39288330078125
529,,33,246.5025177001953,,11.62567138671875
530,,33,89.5012435913086,,2.98004150390625
531,,33,56.745941162109375,,8.02001953125
532,,33,59.57294464111328,,8.02154541015625
533,,33,25.44472885131836,,7.53631591796875
534,,33,69.65744018554688,,7.415771484375
535,,33,39.31776428222656,,11.8865966796875
536,,33,105.94095611572266,,11.5203857421875
537,,33,242.89593505859375,,16.22161865234375
538,,33,213.44195556640625,,0.927734375
539,,33,532.2705078125,,17.49114990234375
540,,33,141.12738037109375,,2.923583984375
541,,33,145.81988525390625,,9.7015380859375
542,,33,75.00016021728516,,11.407470703125
543,,33,159.80892944335938,,11.67144775390625
,528,33,,12.225845336914062,16.35284423828125
,529,33,,11.991592407226562,15.44189453125
,530,33,,14.95988655090332,18.13812255859375
,531,33,,10.033262252807617,14.2608642578125
,532,33,,10.310903549194336,14.410400390625
,533,33,,13.731477737426758,17.54302978515625
,534,33,,15.046598434448242,19.43359375
,535,33,,12.325726509094238,15.264892578125
,536,33,,12.142740249633789,16.0552978515625
,537,33,,12.087182998657227,16.2567138671875
,538,33,,4.914913177490234,7.77740478515625
,539,33,,14.446447372436523,17.901611328125
,540,33,,8.74064826965332,13.04779052734375
,541,33,,10.27592658996582,13.98468017578125
,542,33,,10.32023811340332,14.31427001953125
,543,33,,6.933829307556152,10.4278564453125
544,,34,220.78611755371094,,12.969970703125
545,,34,109.52587890625,,4.82635498046875
546,,34,381.65899658203125,,3.8421630859375
547,,34,354.0137023925781,,19.3634033203125
548,,34,197.77972412109375,,13.96942138671875
549,,34,88.51053619384766,,6.79168701171875
550,,34,106.6623764038086,,5.633544921875
551,,34,150.59706115722656,,12.30316162109375
552,,34,142.45010375976562,,11.859130859375
553,,34,79.65568542480469,,9.64508056640625
554,,34,96.82041931152344,,11.70806884765625
555,,34,703.877685546875,,23.93035888671875
556,,34,246.09193420410156,,5.6060791015625
557,,34,80.64583587646484,,8.78753662109375
558,,34,356.6184997558594,,20.36590576171875
559,,34,69.42549896240234,,9.1400146484375
,544,34,,50.63560104370117,11.48834228515625
,545,34,,43.75407409667969,15.2740478515625
,546,34,,50.37604522705078,11.2213134765625
,547,34,,53.720123291015625,10.79254150390625
,548,34,,56.066856384277344,10.30426025390625
,549,34,,50.394866943359375,13.49639892578125
,550,34,,44.65015411376953,14.05487060546875
,551,34,,45.36711120605469,15.54412841796875
,552,34,,37.428592681884766,19.122314453125
,553,34,,34.069091796875,16.77093505859375
,554,34,,46.306312561035156,15.1763916015625
,555,34,,39.75444412231445,16.79229736328125
,556,34,,50.82472229003906,16.41082763671875
,557,34,,44.941505432128906,15.716552734375
,558,34,,53.71488571166992,10.626220703125
,559,34,,44.57890319824219,14.47296142578125
560,,35,79.35200500488281,,9.4024658203125
561,,35,90.06751251220703,,7.562255859375
562,,35,350.01318359375,,18.2861328125
563,,35,144.50161743164062,,14.6148681640625
564,,35,293.3418884277344,,2.14691162109375
565,,35,74.23692321777344,,7.940673828125
566,,35,19.456321716308594,,8.6883544921875
567,,35,315.71417236328125,,2.911376953125
568,,35,283.30291748046875,,1.89971923828125
569,,35,297.1117858886719,,22.01995849609375
570,,35,196.1446075439453,,3.5064697265625
571,,35,146.5000762939453,,15.18402099609375
572,,35,152.336181640625,,12.48016357421875
573,,35,43.59635925292969,,8.86383056640625
574,,35,73.3081283569336,,5.74188232421875
575,,35,155.24790954589844,,4.33807373046875
,560,35,,11.748432159423828,14.88494873046875
,561,35,,13.767354011535645,14.630126953125
,562,35,,10.821634292602539,18.8079833984375
,563,35,,14.701886177062988,9.54437255859375
,564,35,,10.402719497680664,14.57366943359375
,565,35,,12.891988754272461,20.91827392578125
,566,35,,15.439742088317871,18.51654052734375
,567,35,,13.47637939453125,14.5599365234375
,568,35,,12.891519546508789,17.41485595703125
,569,35,,7.867346286773682,8.44268798828125
,570,35,,12.718807220458984,16.54510498046875
,571,35,,17.36441421508789,13.81683349609375
,572,35,,13.932580947875977,13.36212158203125
,573,35,,9.423304557800293,11.73095703125
,574,35,,16.819252014160156,17.0562744140625
,575,35,,12.255725860595703,14.7796630859375
576,,36,117.3819808959961,,15.47088623046875
577,,36,852.1971435546875,,26.62353515625
578,,36,208.5061492919922,,13.8671875
579,,36,134.51600646972656,,1.49078369140625
580,,36,111.44510650634766,,6.51397705078125
581,,36,42.92371368408203,,7.84912109375
582,,36,99.068359375,,11.95526123046875
583,,36,65.53606414794922,,3.06549072265625
584,,36,155.87811279296875,,12.4786376953125
585,,36,146.24644470214844,,5.61065673828125
586,,36,124.21742248535156,,8.7005615234375
587,,36,83.01957702636719,,3.91998291015625
588,,36,106.49481201171875,,2.789306640625
589,,36,218.0252685546875,,2.5054931640625
590,,36,9.828031539916992,,8.31451416015625
591,,36,86.39192199707031,,6.96868896484375
,576,36,,12.216334342956543,15.84014892578125
,577,36,,12.233856201171875,17.2607421875
,578,36,,6.744940757751465,10.90240478515625
,579,36,,15.078825950622559,19.6441650390625
,580,36,,8.926124572753906,13.39569091796875
,581,36,,7.230818748474121,12.17041015625
,582,36,,14.116771697998047,18.5577392578125
,583,36,,10.093029022216797,13.7481689453125
,584,36,,10.278656005859375,13.9068603515625
,585,36,,11.221790313720703,16.04461669921875
,586,36,,9.43842601776123,12.91351318359375
,587,36,,11.66086483001709,15.8447265625
,588,36,,10.80514907836914,14.79034423828125
,589,36,,5.152500152587891,8.697509765625
,590,36,,7.204807281494141,11.60888671875
,591,36,,16.228511810302734,20.30792236328125
592,,37,53.64011764526367,,10.2081298828125
593,,37,48.246585845947266,,6.56585693359375
594,,37,269.71002197265625,,6.90155029296875
595,,37,131.9059600830078,,10.931396484375
596,,37,209.08958435058594,,12.25738525390625
597,,37,37.47002410888672,,11.4288330078125
598,,37,161.01812744140625,,14.30816650390625
599,,37,113.07005310058594,,8.41827392578125
600,,37,147.49441528320312,,6.0516357421875
601,,37,192.83518981933594,,3.25469970703125
602,,37,59.905189514160156,,11.05499267578125
603,,37,321.7275390625,,17.83447265625
604,,37,370.74969482421875,,22.76153564453125
605,,37,141.9276885986328,,12.97454833984375
606,,37,91.93377685546875,,6.96868896484375
607,,37,101.4910888671875,,8.8226318359375
,592,37,,9.273717880249023,13.70849609375
,593,37,,10.967534065246582,18.15948486328125
,594,37,,7.743593215942383,12.20855712890625
,595,37,,13.246313095092773,18.70269775390625
,596,37,,7.520208358764648,12.310791015625
,597,37,,10.280515670776367,14.41497802734375
,598,37,,7.010956287384033,11.627197265625
,599,37,,7.488776683807373,12.82501220703125
,600,37,,7.778182506561279,12.94097900390625
,601,37,,13.224847793579102,18.47991943359375
,602,37,,7.170535564422607,12.11395263671875
,603,37,,12.399455070495605,18.04351806640625
,604,37,,10.783479690551758,16.20330810546875
,605,37,,8.128202438354492,12.4664306640625
,606,37,,11.419915199279785,16.0980224609375
,607,37,,7.434958457946777,12.4603271484375
608,,38,333.8047790527344,,19.34814453125
609,,38,374.5191650390625,,16.56036376953125
610,,38,225.1194305419922,,4.16107177734375
611,,38,175.50294494628906,,6.44073486328125
612,,38,130.24227905273438,,8.15277099609375
613,,38,171.67726135253906,,5.45654296875
614,,38,149.4323272705078,,11.29608154296875
615,,38,147.615478515625,,2.75726318359375
616,,38,65.71748352050781,,7.80181884765625
617,,38,133.5375213623047,,5.64727783203125
618,,38,94.57461547851562,,14.2242431640625
619,,38,108.82212829589844,,6.28814697265625
620,,38,66.36676025390625,,6.378173828125
621,,38,355.5027770996094,,1.68304443359375
622,,38,669.774658203125,,20.184326171875
623,,38,329.4241638183594,,12.4664306640625
,608,38,,16.537837982177734,15.51361083984375
,609,38,,17.427383422851562,18.2647705078125
,610,38,,20.078859329223633,17.68035888671875
,611,38,,9.834637641906738,17.25921630859375
,612,38,,14.042407989501953,17.13714599609375
,613,38,,18.96016502380371,11.30218505859375
,614,38,,19.57931137084961,11.6729736328125
,615,38,,16.88896942138672,13.51470947265625
,616,38,,13.319679260253906,17.4468994140625
,617,38,,18.704410552978516,15.13214111328125
,618,38,,15.473796844482422,10.25390625
,619,38,,11.741195678710938,21.54693603515625
,620,38,,17.167007446289062,12.49542236328125
,621,38,,18.169384002685547,14.40277099609375
,622,38,,17.226348876953125,15.23895263671875
,623,38,,20.12731170654297,20.95184326171875
624,,39,746.3797607421875,,25.9246826171875
625,,39,194.19659423828125,,12.3565673828125
626,,39,86.78502655029297,,12.0635986328125
627,,39,202.50045776367188,,2.30255126953125
628,,39,201.15634155273438,,16.87469482421875
629,,39,141.53616333007812,,3.1982421875
630,,39,118.42942810058594,,7.4615478515625
631,,39,306.1520690917969,,12.11395263671875
632,,39,138.473876953125,,3.35693359375
633,,39,213.12965393066406,,17.87567138671875
634,,39,289.7086181640625,,17.083740234375
635,,39,279.91070556640625,,14.54010009765625
636,,39,75.88795471191406,,9.8541259765625
637,,39,180.01641845703125,,4.5562744140625
638,,39,194.3933868408203,,7.3028564453125
639,,39,67.73463439941406,,13.97857666015625
,624,39,,11.571435928344727,14.990234375
,625,39,,9.35319709777832,12.59002685546875
,626,39,,10.071107864379883,13.28582763671875
,627,39,,9.919733047485352,13.5101318359375
,628,39,,8.108793258666992,11.91558837890625
,629,39,,13.094955444335938,17.0654296875
,630,39,,12.503817558288574,16.95709228515625
,631,39,,14.291746139526367,19.12994384765625
,632,39,,8.507346153259277,11.86676025390625
,633,39,,10.046930313110352,14.50653076171875
,634,39,,9.890193939208984,13.05084228515625
,635,39,,11.573921203613281,14.93682861328125
,636,39,,11.635641098022461,15.0360107421875
,637,39,,15.247570037841797,19.8150634765625
,638,39,,10.455452919006348,15.05584716796875
,639,39,,10.774961471557617,15.6036376953125
640,,40,72.05433654785156,,8.6395263671875
641,,40,122.7939453125,,7.97119140625
642,,40,208.1947784423828,,15.277099609375
643,,40,168.915283203125,,9.295654296875
644,,40,101.89344787597656,,8.43658447265625
645,,40,83.17335510253906,,7.20672607421875
646,,40,79.15072631835938,,4.7210693359375
647,,40,90.11908721923828,,4.73480224609375
648,,40,94.27604675292969,,13.62152099609375
649,,40,250.01853942871094,,10.6170654296875
650,,40,178.2044677734375,,14.27459716796875
651,,40,624.0185546875,,23.08349609375
652,,40,763.135009765625,,23.443603515625
653,,40,156.62770080566406,,8.6578369140625
654,,40,63.787357330322266,,14.3035888671875
655,,40,114.20894622802734,,13.09661865234375
,640,40,,129.41067504882812,17.1173095703125
,641,40,,147.98756408691406,13.4979248046875
,642,40,,153.37838745117188,10.1287841796875
,643,40,,126.56233215332031,9.2559814453125
,644,40,,152.12037658691406,14.03350830078125
,645,40,,129.37936401367188,20.03021240234375
,646,40,,124.93962097167969,15.1702880859375
,647,40,,140.4564971923828,11.86981201171875
,648,40,,127.17655944824219,18.7652587890625
,649,40,,150.9189453125,12.74566650390625
,650,40,,160.31326293945312,7.269287109375
,651,40,,139.17572021484375,14.88800048828125
,652,40,,139.60238647460938,15.7989501953125
,653,40,,118.52863311767578,17.6727294921875
,654,40,,138.69552612304688,17.25006103515625
,655,40,,136.43136596679688,15.90423583984375
656,,41,91.40118408203125,,9.69696044921875
657,,41,177.9848175048828,,12.1124267578125
658,,41,222.04922485351562,,2.49481201171875
659,,41,64.31119537353516,,8.87908935546875
660,,41,136.55715942382812,,5.73577880859375
661,,41,146.98768615722656,,8.42132568359375
662,,41,216.05177307128906,,5.52978515625
663,,41,31.283016204833984,,9.3902587890625
664,,41,364.0778503417969,,21.7010498046875
665,,41,127.52040100097656,,5.53131103515625
666,,41,201.14610290527344,,3.436279296875
667,,41,80.74578857421875,,6.4483642578125
668,,41,121.82933807373047,,7.12738037109375
669,,41,66.9486083984375,,9.84954833984375
670,,41,269.0119323730469,,19.27032470703125
671,,41,20.02776336669922,,8.54339599609375
,656,41,,24.239274978637695,13.9404296875
,657,41,,30.597482681274414,14.9322509765625
,658,41,,22.38337516784668,16.12091064453125
,659,41,,23.23821258544922,14.801025390625
,660,41,,23.142040252685547,17.56744384765625
,661,41,,26.61020851135254,21.03271484375
,662,41,,20.310604095458984,12.91351318359375
,663,41,,22.690824508666992,16.1895751953125
,664,41,,29.651750564575195,16.70684814453125
,665,41,,20.637889862060547,21.1029052734375
,666,41,,21.73983383178711,20.2667236328125
,667,41,,29.374435424804688,13.739013671875
,668,41,,14.704658508300781,15.34271240234375
,669,41,,26.214136123657227,18.18389892578125
,670,41,,24.7847900390625,12.88604736328125
,671,41,,23.46390151977539,18.8262939453125
672,,42,31.467153549194336,,10.1593017578125
673,,42,42.0620002746582,,7.49359130859375
674,,42,42.029624938964844,,6.060791015625
675,,42,92.00909423828125,,5.45196533203125
676,,42,154.58351135253906,,8.12225341796875
677,,42,189.41656494140625,,12.43896484375
678,,42,62.42402648925781,,5.35430908203125
679,,42,467.4527282714844,,5.46417236328125
680,,42,244.0254364013672,,11.8072509765625
681,,42,73.57475280761719,,4.14886474609375
682,,42,120.8291244506836,,9.94720458984375
683,,42,38.29582977294922,,3.9581298828125
684,,42,376.3669128417969,,19.3603515625
685,,42,51.85932540893555,,3.78570556640625
686,,42,238.18408203125,,10.1287841796875
687,,42,69.7213363647461,,9.56268310546875
,672,42,,7.057675838470459,12.94708251953125
,673,42,,8.773627281188965,13.83514404296875
,674,42,,10.492778778076172,16.38031005859375
,675,42,,9.504509925842285,13.20037841796875
,676,42,,12.020061492919922,18.13201904296875
,677,42,,8.35654067993164,16.93572998046875
,678,42,,9.353065490722656,14.8712158203125
,679,42,,10.953653335571289,15.75775146484375
,680,42,,15.529552459716797,23.016357421875
,681,42,,7.79042911529541,11.3189697265625
,682,42,,9.359457015991211,14.0472412109375
,683,42,,7.859577178955078,12.6708984375
,684,42,,9.494609832763672,13.6627197265625
,685,42,,6.498820781707764,12.078857421875
,686,42,,13.515148162841797,19.66094970703125
,687,42,,6.185176372528076,9.91668701171875
688,,43,95.20510864257812,,2.35137939453125
689,,43,129.08180236816406,,12.25433349609375
690,,43,171.04034423828125,,3.32489013671875
691,,43,90.09748840332031,,6.7474365234375
692,,43,85.43589782714844,,2.392578125
693,,43,135.11387634277344,,12.7166748046875
694,,43,426.5031433105469,,15.95916748046875
695,,43,57.85726547241211,,8.58154296875
696,,43,39.375308990478516,,6.46514892578125
697,,43,374.63677978515625,,15.2130126953125
698,,43,301.5902404785156,,16.8548583984375
699,,43,194.90194702148438,,14.66827392578125
700,,43,31.412670135498047,,7.9010009765625
701,,43,87.17000579833984,,5.45501708984375
702,,43,157.7253875732422,,14.42108154296875
703,,43,263.8699951171875,,17.2210693359375
,688,43,,6.85508394241333,14.3798828125
,689,43,,10.033473014831543,18.4783935546875
,690,43,,8.896471977233887,16.35894775390625
,691,43,,12.797470092773438,16.54205322265625
,692,43,,8.849504470825195,13.6260986328125
,693,43,,9.834077835083008,15.289306640625
,694,43,,9.536969184875488,13.4735107421875
,695,43,,9.850085258483887,16.31622314453125
,696,43,,9.09041976928711,16.0125732421875
,697,43,,9.979087829589844,13.47198486328125
,698,43,,13.14545726776123,20.55511474609375
,699,43,,7.9079437255859375,13.67034912109375
,700,43,,10.290017127990723,17.376708984375
,701,43,,10.832475662231445,17.90313720703125
,702,43,,9.612770080566406,12.91961669921875
,703,43,,9.924614906311035,15.9423828125
704,,44,315.13946533203125,,19.72198486328125
705,,44,66.21581268310547,,7.40814208984375
706,,44,162.65670776367188,,3.73382568359375
707,,44,134.5332489013672,,3.81927490234375
708,,44,158.09034729003906,,5.81207275390625
709,,44,179.32435607910156,,8.1390380859375
710,,44,47.916805267333984,,9.60235595703125
711,,44,46.69267272949219,,7.35015869140625
712,,44,183.89068603515625,,4.23583984375
713,,44,245.4134521484375,,3.839111328125
714,,44,258.81494140625,,17.97637939453125
715,,44,203.03955078125,,8.37860107421875
716,,44,45.944725036621094,,5.15899658203125
717,,44,500.4632263183594,,7.46917724609375
718,,44,120.37760925292969,,11.2548828125
719,,44,27.675697326660156,,8.5906982421875
,704,44,,13.032560348510742,18.1121826171875
,705,44,,9.977940559387207,14.1021728515625
,706,44,,6.2509026527404785,9.04541015625
,707,44,,9.714797973632812,14.6209716796875
,708,44,,10.070207595825195,16.07818603515625
,709,44,,11.45869255065918,16.90673828125
,710,44,,10.08309268951416,14.6087646484375
,711,44,,9.759504318237305,13.80157470703125
,712,44,,15.433632850646973,22.1221923828125
,713,44,,10.35031795501709,14.898681640625
,714,44,,8.117570877075195,12.28485107421875
,715,44,,16.015869140625,21.38824462890625
,716,44,,8.596765518188477,13.54217529296875
,717,44,,8.833513259887695,13.83514404296875
,718,44,,6.053494453430176,10.49041748046875
,719,44,,10.693333625793457,16.75872802734375
720,,45,11.846107482910156,,7.00531005859375
721,,45,346.1004943847656,,18.89801025390625
722,,45,117.64127349853516,,11.56768798828125
723,,45,175.81607055664062,,9.11102294921875
724,,45,518.19384765625,,19.96307373046875
725,,45,276.8009338378906,,16.46881103515625
726,,45,325.38604736328125,,19.33746337890625
727,,45,76.7110595703125,,5.010986328125
728,,45,521.2935791015625,,20.6939697265625
729,,45,102.49148559570312,,7.69500732421875
730,,45,28.5618953704834,,7.24639892578125
731,,45,244.1685791015625,,7.88726806640625
732,,45,69.16143798828125,,10.10894775390625
733,,45,58.72311782836914,,11.68670654296875
734,,45,107.78044128417969,,12.86163330078125
735,,45,71.56109619140625,,11.39373779296875
,720,45,,12.528514862060547,17.31109619140625
,721,45,,14.589622497558594,18.67523193359375
,722,45,,10.239557266235352,13.7237548828125
,723,45,,13.745478630065918,17.2698974609375
,724,45,,10.038415908813477,14.3310546875
,725,45,,16.270763397216797,21.038818359375
,726,45,,12.510412216186523,17.205810546875
,727,45,,9.291887283325195,11.86676025390625
,728,45,,10.384902954101562,14.642333984375
,729,45,,8.348539352416992,11.810302734375
,730,45,,11.717487335205078,17.2119140625
,731,45,,9.198423385620117,13.42010498046875
,732,45,,14.907730102539062,19.8150634765625
,733,45,,12.160770416259766,15.68450927734375
,734,45,,8.744718551635742,13.03863525390625
,735,45,,9.227964401245117,13.96026611328125
736,,46,189.52337646484375,,5.74798583984375
737,,46,328.9608154296875,,6.9976806640625
738,,46,242.24903869628906,,4.6539306640625
739,,46,168.32464599609375,,13.348388671875
740,,46,78.80810546875,,13.59405517578125
741,,46,83.43510437011719,,5.40313720703125
742,,46,140.056396484375,,4.79278564453125
743,,46,26.205446243286133,,6.88629150390625
744,,46,100.31624603271484,,15.2618408203125
745,,46,346.00372314453125,,18.0328369140625
746,,46,130.83529663085938,,14.0838623046875
747,,46,162.67852783203125,,2.43988037109375
748,,46,92.04448699951172,,8.74786376953125
749,,46,71.35295867919922,,6.66351318359375
750,,46,94.05760955810547,,4.27398681640625
751,,46,410.4862060546875,,20.69244384765625
,736,46,,11.565149307250977,15.67535400390625
,737,46,,12.848691940307617,16.88995361328125
,738,46,,9.833096504211426,13.13018798828125
,739,46,,15.142626762390137,18.73779296875
,740,46,,13.698238372802734,16.37115478515625
,741,46,,13.910367012023926,18.55010986328125
,742,46,,6.217853546142578,10.16082763671875
,743,46,,13.174381256103516,17.9443359375
,744,46,,12.318268775939941,16.71142578125
,745,46,,16.439342498779297,19.77081298828125
,746,46,,11.554804801940918,13.7237548828125
,747,46,,13.357603073120117,16.83197021484375
,748,46,,9.158356666564941,11.95831298828125
,749,46,,12.071898460388184,16.18804931640625
,750,46,,13.722355842590332,18.68133544921875
,751,46,,13.470781326293945,16.9921875
752,,47,130.72235107421875,,4.77752685546875
753,,47,76.0211181640625,,13.995361328125
754,,47,250.81640625,,6.402587890625
755,,47,19.262483596801758,,7.23876953125
756,,47,585.4600830078125,,22.74932861328125
757,,47,167.6332550048828,,4.69207763671875
758,,47,237.50624084472656,,11.52191162109375
759,,47,54.48885726928711,,10.711669921875
760,,47,121.57171630859375,,8.8348388671875
761,,47,230.4437255859375,,15.38238525390625
762,,47,102.71127319335938,,5.34515380859375
763,,47,176.8256072998047,,3.16925048828125
764,,47,27.076025009155273,,7.92388916015625
765,,47,131.3619842529297,,9.5001220703125
766,,47,110.39327239990234,,8.4503173828125
767,,47,206.60447692871094,,5.108642578125
,752,47,,38.018470764160156,13.60626220703125
,753,47,,25.15261459350586,14.4256591796875
,754,47,,21.474510192871094,19.757080078125
,755,47,,25.9426326751709,16.0858154296875
,756,47,,28.426971435546875,16.510009765625
,757,47,,25.963462829589844,13.0828857421875
,758,47,,33.77006530761719,10.06011962890625
,759,47,,28.88968276977539,15.8935546875
,760,47,,31.720657348632812,13.91754150390625
,761,47,,36.22015380859375,14.7430419921875
,762,47,,23.49970245361328,20.1141357421875
,763,47,,29.576839447021484,16.0308837890625
,764,47,,26.313302993774414,20.96405029296875
,765,47,,28.706859588623047,11.8804931640625
,766,47,,29.167652130126953,16.7236328125
,767,47,,30.609710693359375,10.86578369140625
768,,48,175.20248413085938,,14.75067138671875
769,,48,149.12564086914062,,5.25665283203125
770,,48,59.858314514160156,,6.96868896484375
771,,48,114.40514373779297,,3.51409912109375
772,,48,45.69819641113281,,3.9520263671875
773,,48,174.8540802001953,,1.5625
774,,48,94.06656646728516,,4.72869873046875
775,,48,250.0672607421875,,16.55426025390625
776,,48,123.69600677490234,,7.2723388671875
777,,48,1634.5810546875,,31.707763671875
778,,48,30.48507308959961,,3.74755859375
779,,48,136.97177124023438,,9.01031494140625
780,,48,153.34600830078125,,9.80072021484375
781,,48,114.19755554199219,,1.65863037109375
782,,48,103.46626281738281,,6.33544921875
783,,48,348.3359680175781,,19.27642822265625
,768,48,,11.711904525756836,16.1163330078125
,769,48,,6.9361724853515625,10.5255126953125
,770,48,,8.832157135009766,12.67852783203125
,771,48,,12.181434631347656,18.01300048828125
,772,48,,7.784046649932861,10.723876953125
,773,48,,9.868459701538086,14.00146484375
,774,48,,15.389676094055176,19.6502685546875
,775,48,,11.048551559448242,15.911865234375
,776,48,,12.943647384643555,17.1722412109375
,777,48,,8.216971397399902,11.566162109375
,778,48,,14.105833053588867,20.46661376953125
,779,48,,13.433066368103027,17.05474853515625
,780,48,,13.760705947875977,20.05767822265625
,781,48,,11.280487060546875,15.04974365234375
,782,48,,12.569757461547852,17.0013427734375
,783,48,,8.50899887084961,11.00616455078125
784,,49,158.53118896484375,,13.8031005859375
785,,49,74.37223815917969,,10.93292236328125
786,,49,150.32247924804688,,12.64190673828125
787,,49,190.515869140625,,11.47003173828125
788,,49,67.19452667236328,,7.61566162109375
789,,49,68.8453140258789,,10.12725830078125
790,,49,177.62466430664062,,11.99798583984375
791,,49,92.48675537109375,,4.034423828125
792,,49,314.710205078125,,17.2515869140625
793,,49,102.44981384277344,,3.95660400390625
794,,49,91.62713623046875,,4.412841796875
795,,49,66.48880004882812,,5.9326171875
796,,49,60.59342956542969,,11.822509765625
797,,49,143.30653381347656,,9.07135009765625
798,,49,352.3282470703125,,22.09320068359375
799,,49,62.68153381347656,,7.8277587890625
,784,49,,78.78086853027344,18.3380126953125
,785,49,,77.97561645507812,16.15142822265625
,786,49,,94.10325622558594,12.9913330078125
,787,49,,70.50675964355469,16.204833984375
,788,49,,81.9746322631836,9.91058349609375
,789,49,,80.99644470214844,14.41802978515625
,790,49,,75.08291625976562,15.7379150390625
,791,49,,92.9791030883789,13.1561279296875
,792,49,,74.91014099121094,16.0430908203125
,793,49,,82.11274719238281,15.17486572265625
,794,49,,94.62736511230469,13.0523681640625
,795,49,,88.41514587402344,9.14154052734375
,796,49,,76.21935272216797,18.47076416015625
,797,49,,78.7321548461914,13.19122314453125
,798,49,,85.10311889648438,12.1307373046875
,799,49,,59.260433197021484,15.64178466796875
800,,50,284.400390625,,18.157958984375
801,,50,99.04141235351562,,12.2894287109375
802,,50,266.52264404296875,,10.96343994140625
803,,50,99.81426239013672,,11.517333984375
804,,50,89.76077270507812,,15.89508056640625
805,,50,61.98212814331055,,10.284423828125
806,,50,156.03851318359375,,9.228515625
807,,50,173.5267333984375,,6.42242431640625
808,,50,99.06903839111328,,18.3135986328125
809,,50,36.8839111328125,,11.18927001953125
810,,50,236.96884155273438,,2.33154296875
811,,50,149.4042510986328,,10.63079833984375
812,,50,82.88499450683594,,13.3544921875
813,,50,484.434814453125,,14.837646484375
814,,50,140.24525451660156,,13.09356689453125
815,,50,192.26710510253906,,17.56591796875
,800,50,,10.557151794433594,15.77606201171875
,801,50,,13.646116256713867,17.51861572265625
,802,50,,9.764972686767578,12.347412109375
,803,50,,10.243189811706543,12.8570556640625
,804,50,,13.980106353759766,13.8916015625
,805,50,,8.47578239440918,16.33453369140625
,806,50,,9.406196594238281,13.50860595703125
,807,50,,9.867658615112305,9.5184326171875
,808,50,,11.932243347167969,15.77301025390625
,809,50,,10.70374870300293,15.4998779296875
,810,50,,7.870218276977539,16.41693115234375
,811,50,,12.68116569519043,13.8275146484375
,812,50,,5.759781837463379,11.6058349609375
,813,50,,15.139802932739258,18.1427001953125
,814,50,,7.24417781829834,12.58392333984375
,815,50,,8.75762939453125,14.87579345703125
816,,51,210.4364013671875,,10.87646484375
817,,51,363.9977722167969,,3.5919189453125
818,,51,38.19536590576172,,15.42816162109375
819,,51,149.47100830078125,,7.3516845703125
820,,51,240.91709899902344,,11.80419921875
821,,51,229.63754272460938,,18.212890625
822,,51,186.94345092773438,,4.2694091796875
823,,51,76.97377014160156,,13.3087158203125
824,,51,100.8139419555664,,10.5743408203125
825,,51,278.06158447265625,,5.54962158203125
826,,51,166.5867919921875,,6.46209716796875
827,,51,335.057861328125,,0.6683349609375
828,,51,80.25912475585938,,10.19134521484375
829,,51,166.33499145507812,,4.6478271484375
830,,51,178.58224487304688,,2.410888671875
831,,51,149.1657257080078,,12.62664794921875
,816,51,,12.877864837646484,17.30804443359375
,817,51,,11.899164199829102,15.4022216796875
,818,51,,15.930778503417969,19.03076171875
,819,51,,12.892065048217773,16.01409912109375
,820,51,,9.179243087768555,12.77923583984375
,821,51,,15.872163772583008,21.13800048828125
,822,51,,15.160823822021484,19.0704345703125
,823,51,,13.416513442993164,16.015625
,824,51,,9.257928848266602,12.152099609375
,825,51,,12.482817649841309,15.9942626953125
,826,51,,8.046342849731445,11.19384765625
,827,51,,8.882132530212402,13.0035400390625
,828,51,,12.412309646606445,16.72210693359375
,829,51,,12.201043128967285,16.32537841796875
,830,51,,13.439668655395508,15.95611572265625
,831,51,,11.737340927124023,15.9637451171875
832,,52,306.9598388671875,,13.29803466796875
833,,52,180.065673828125,,12.5274658203125
834,,52,68.7469711303711,,9.3597412109375
835,,52,45.067352294921875,,4.01611328125
836,,52,12.639902114868164,,5.30242919921875
837,,52,87.46749877929688,,8.9569091796875
838,,52,116.1598129272461,,4.840087890625
839,,52,26.22296905517578,,2.76336669921875
840,,52,62.479530334472656,,9.6038818359375
841,,52,39.89744186401367,,4.2327880859375
842,,52,178.2340850830078,,11.8438720703125
843,,52,369.2393798828125,,15.1153564453125
844,,52,166.42723083496094,,11.68212890625
845,,52,80.66825103759766,,3.2928466796875
846,,52,794.4713745117188,,25.78582763671875
847,,52,77.34480285644531,,3.857421875
,832,52,,16.874042510986328,21.392822265625
,833,52,,9.189082145690918,12.51068115234375
,834,52,,9.624579429626465,11.5386962890625
,835,52,,8.282171249389648,13.51470947265625
,836,52,,9.335962295532227,17.27294921875
,837,52,,6.202692031860352,11.9354248046875
,838,52,,9.515199661254883,14.49737548828125
,839,52,,6.396246910095215,15.01007080078125
,840,52,,11.962553977966309,16.9830322265625
,841,52,,12.07274055480957,16.87469482421875
,842,52,,6.312694549560547,12.725830078125
,843,52,,13.300542831420898,18.865966796875
,844,52,,8.758418083190918,15.7684326171875
,845,52,,7.985118389129639,17.2088623046875
,846,52,,11.516880989074707,16.0614013671875
,847,52,,16.886791229248047,19.012451171875
848,,53,69.98114013671875,,1.79595947265625
849,,53,38.388912200927734,,5.1788330078125
850,,53,165.62582397460938,,15.3106689453125
851,,53,128.39854431152344,,4.19158935546875
852,,53,66.20601654052734,,1.7852783203125
853,,53,107.5390396118164,,13.0340576171875
854,,53,41.920413970947266,,9.06524658203125
855,,53,80.91053771972656,,9.59930419921875
856,,53,57.69447708129883,,4.30755615234375
857,,53,99.27201080322266,,10.08453369140625
858,,53,153.62005615234375,,13.41552734375
859,,53,33.92454528808594,,8.11767578125
860,,53,198.25274658203125,,12.4603271484375
861,,53,210.67404174804688,,11.93389892578125
862,,53,63.61370849609375,,8.97369384765625
863,,53,46.447059631347656,,8.9569091796875
,848,53,,12.137600898742676,17.59796142578125
,849,53,,12.866527557373047,12.82958984375
,850,53,,11.201261520385742,13.19732666015625
,851,53,,10.694658279418945,14.1876220703125
,852,53,,17.402475357055664,15.7073974609375
,853,53,,10.551543235778809,13.0462646484375
,854,53,,10.908218383789062,13.7969970703125
,855,53,,10.972034454345703,16.19720458984375
,856,53,,9.751983642578125,11.981201171875
,857,53,,15.623815536499023,12.88604736328125
,858,53,,15.425971984863281,13.9984130859375
,859,53,,15.248236656188965,15.78521728515625
,860,53,,10.649818420410156,16.6900634765625
,861,53,,13.335927963256836,15.960693359375
,862,53,,9.76024055480957,14.64385986328125
,863,53,,9.122180938720703,17.8009033203125
864,,54,36.127418518066406,,8.0596923828125
865,,54,159.89866638183594,,2.2491455078125
866,,54,72.5340576171875,,14.7308349609375
867,,54,234.97915649414062,,16.8701171875
868,,54,220.7985382080078,,17.8863525390625
869,,54,42.513206481933594,,12.48321533203125
870,,54,139.08612060546875,,4.05731201171875
871,,54,191.1648712158203,,3.790283203125
872,,54,35.50483322143555,,8.15582275390625
873,,54,468.6141052246094,,7.17620849609375
874,,54,133.2089385986328,,13.055419921875
875,,54,40.624534606933594,,13.531494140625
876,,54,22.274620056152344,,7.83233642578125
877,,54,93.82444763183594,,16.67022705078125
878,,54,33.32704162597656,,4.6112060546875
879,,54,150.0233917236328,,13.24615478515625
,864,54,,29.79330062866211,13.28277587890625
,865,54,,35.234657287597656,15.386962890625
,866,54,,15.42848014831543,18.87359619140625
,867,54,,17.6653995513916,19.47784423828125
,868,54,,19.73459815979004,13.86566162109375
,869,54,,19.435382843017578,19.71893310546875
,870,54,,23.0186767578125,16.949462890625
,871,54,,22.930770874023438,13.20037841796875
,872,54,,33.330116271972656,7.366943359375
,873,54,,24.3402099609375,13.22784423828125
,874,54,,23.92718505859375,8.60443115234375
,875,54,,21.412811279296875,18.96514892578125
,876,54,,22.82941436767578,11.58599853515625
,877,54,,21.76931381225586,14.4256591796875
,878,54,,16.811662673950195,13.51318359375
,879,54,,20.232402801513672,12.99591064453125
880,,55,152.94491577148438,,2.22320556640625
881,,55,114.19883728027344,,4.64935302734375
882,,55,225.18621826171875,,12.97149658203125
883,,55,274.61407470703125,,9.37652587890625
884,,55,83.23503112792969,,6.65435791015625
885,,55,79.88969421386719,,4.5989990234375
886,,55,231.47271728515625,,13.232421875
887,,55,142.60491943359375,,5.3680419921875
888,,55,391.7416687011719,,14.12811279296875
889,,55,50.435699462890625,,9.2681884765625
890,,55,134.52923583984375,,11.02447509765625
891,,55,174.49925231933594,,14.7430419921875
892,,55,74.61164855957031,,8.37860107421875
893,,55,132.28111267089844,,1.3092041015625
894,,55,39.731285095214844,,10.97869873046875
895,,55,22.287029266357422,,7.18231201171875
,880,55,,56.32120132446289,15.4571533203125
,881,55,,38.060550689697266,15.12451171875
,882,55,,50.13996505737305,19.68841552734375
,883,55,,59.57089614868164,11.0321044921875
,884,55,,42.18914794921875,17.28363037109375
,885,55,,46.212005615234375,11.28387451171875
,886,55,,50.9767951965332,11.077880859375
,887,55,,49.58048629760742,10.1318359375
,888,55,,59.896034240722656,11.43341064453125
,889,55,,50.44515609741211,15.6036376953125
,890,55,,58.240333557128906,10.05401611328125
,891,55,,38.8110237121582,17.23175048828125
,892,55,,34.561317443847656,13.8031005859375
,893,55,,49.60941696166992,14.3218994140625
,894,55,,51.81859588623047,13.01116943359375
,895,55,,52.75822448730469,13.946533203125
896,,56,104.982421875,,14.19525146484375
897,,56,495.121826171875,,21.2799072265625
898,,56,33.85048294067383,,10.1043701171875
899,,56,31.574710845947266,,10.14251708984375
900,,56,293.39654541015625,,18.29681396484375
901,,56,263.7391662597656,,1.1566162109375
902,,56,200.37017822265625,,5.70220947265625
903,,56,115.84898376464844,,4.6844482421875
904,,56,171.61851501464844,,13.67950439453125
905,,56,111.35943603515625,,5.68389892578125
906,,56,194.5533905029297,,5.22308349609375
907,,56,115.86936950683594,,15.03143310546875
908,,56,95.83605194091797,,6.61468505859375
909,,56,27.360973358154297,,4.5745849609375
910,,56,152.66683959960938,,5.77850341796875
911,,56,518.240234375,,17.3370361328125
,896,56,,8.365843772888184,10.70556640625
,897,56,,15.332733154296875,17.7215576171875
,898,56,,9.219541549682617,11.79046630859375
,899,56,,12.636701583862305,14.886474609375
,900,56,,11.553504943847656,13.86871337890625
,901,56,,9.637527465820312,11.70806884765625
,902,56,,10.425044059753418,13.226318359375
,903,56,,9.100381851196289,11.6119384765625
,904,56,,13.55978775024414,16.16363525390625
,905,56,,13.663162231445312,16.4886474609375
,906,56,,16.961566925048828,21.0418701171875
,907,56,,15.12667179107666,17.82684326171875
,908,56,,15.81882381439209,18.353271484375
,909,56,,11.217565536499023,13.946533203125
,910,56,,10.141605377197266,12.87384033203125
,911,56,,12.034283638000488,15.51513671875
912,,57,99.20162200927734,,6.329345703125
913,,57,344.0058288574219,,17.73529052734375
914,,57,47.528106689453125,,10.02044677734375
915,,57,253.96958923339844,,10.36224365234375
916,,57,227.3397216796875,,9.24835205078125
917,,57,121.30241394042969,,2.6519775390625
918,,57,77.05997467041016,,2.886962890625
919,,57,88.83173370361328,,4.11376953125
920,,57,28.27448081970215,,7.60955810546875
921,,57,108.2154769897461,,6.72760009765625
922,,57,196.92002868652344,,16.61376953125
923,,57,65.96072387695312,,5.87310791015625
924,,57,151.24049377441406,,12.80364990234375
925,,57,154.82235717773438,,4.32891845703125
926,,57,89.88041687011719,,10.10894775390625
927,,57,75.48204040527344,,10.56365966796875
,912,57,,32.2032585144043,21.6796875
,913,57,,40.955039978027344,15.61737060546875
,914,57,,38.03313064575195,17.97027587890625
,915,57,,39.051795959472656,14.69268798828125
,916,57,,38.03879165649414,18.2861328125
,917,57,,37.12262725830078,17.72308349609375
,918,57,,36.45410919189453,17.07916259765625
,919,57,,33.69579315185547,19.976806640625
,920,57,,32.04122543334961,20.361328125
,921,57,,37.260032653808594,15.94085693359375
,922,57,,39.53236389160156,13.20953369140625
,923,57,,37.568931579589844,14.6270751953125
,924,57,,44.082191467285156,9.814453125
,925,57,,39.44321060180664,14.3463134765625
,926,57,,40.136356353759766,16.46270751953125
,927,57,,42.695499420166016,15.89202880859375
928,,58,55.366188049316406,,10.64910888671875
929,,58,90.83811950683594,,10.85968017578125
930,,58,214.7591552734375,,1.7974853515625
931,,58,154.02603149414062,,14.62860107421875
932,,58,13.80007553100586,,8.03070068359375
933,,58,1137.2451171875,,31.634521484375
934,,58,24.08883285522461,,9.8907470703125
935,,58,622.8472290039062,,22.8851318359375
936,,58,89.29113006591797,,9.75189208984375
937,,58,107.22232055664062,,3.79180908203125
938,,58,68.0136947631836,,10.260009765625
939,,58,44.914085388183594,,12.213134765625
940,,58,307.42083740234375,,8.91876220703125
941,,58,1154.180908203125,,33.03985595703125
942,,58,370.75738525390625,,1.15814208984375
943,,58,247.62762451171875,,22.9827880859375
,928,58,,44.586181640625,14.8193359375
,929,58,,45.014862060546875,14.41802978515625
,930,58,,54.11317443847656,12.8875732421875
,931,58,,43.14337158203125,19.77081298828125
,932,58,,47.204833984375,12.86773681640625
,933,58,,50.60234832763672,16.1895751953125
,934,58,,55.981990814208984,13.702392578125
,935,58,,54.24055480957031,11.5966796875
,936,58,,47.34946823120117,15.142822265625
,937,58,,44.06556701660156,15.4998779296875
,938,58,,58.184837341308594,13.2110595703125
,939,58,,43.103614807128906,18.98040771484375
,940,58,,47.12491989135742,15.4205322265625
,941,58,,53.99203109741211,14.02587890625
,942,58,,49.93451690673828,18.603515625
,943,58,,47.90419006347656,13.27972412109375
944,,59,284.27752685546875,,10.42327880859375
945,,59,85.76268005371094,,16.16668701171875
946,,59,185.43429565429688,,7.830810546875
947,,59,313.9183349609375,,2.58636474609375
948,,59,133.08291625976562,,10.24932861328125
949,,59,238.15872192382812,,9.60693359375
950,,59,74.12210083007812,,8.6151123046875
951,,59,216.09228515625,,1.934814453125
952,,59,180.1900634765625,,15.5487060546875
953,,59,234.57598876953125,,16.290283203125
954,,59,227.01846313476562,,2.3773193359375
955,,59,78.91226196289062,,11.26251220703125
956,,59,200.7887420654297,,17.7764892578125
957,,59,78.66704559326172,,15.92254638671875
958,,59,128.03384399414062,,13.04168701171875
959,,59,99.52778625488281,,4.03900146484375
,944,59,,15.84701919555664,18.15185546875
,945,59,,8.075724601745605,14.37225341796875
,946,59,,13.76672649383545,12.35504150390625
,947,59,,11.874876022338867,14.6942138671875
,948,59,,8.928221702575684,17.84210205078125
,949,59,,12.893168449401855,14.45159912109375
,950,59,,13.22997760772705,18.47686767578125
,951,59,,11.845695495605469,18.47991943359375
,952,59,,10.012024879455566,12.44964599609375
,953,59,,12.362672805786133,15.4266357421875
,954,59,,15.365713119506836,15.289306640625
,955,59,,13.95305347442627,15.8599853515625
,956,59,,11.241612434387207,17.071533203125
,957,59,,13.173806190490723,10.78338623046875
,958,59,,10.238985061645508,13.80462646484375
,959,59,,12.99506950378418,17.04559326171875
960,,60,38.45640563964844,,12.847900390625
961,,60,142.15936279296875,,3.53546142578125
962,,60,55.722023010253906,,10.6903076171875
963,,60,48.17162322998047,,4.8736572265625
964,,60,47.23451232910156,,8.2183837890625
965,,60,56.43822479248047,,7.75299072265625
966,,60,103.70687866210938,,9.393310546875
967,,60,109.84831237792969,,3.900146484375
968,,60,172.4154052734375,,18.02978515625
969,,60,42.38908386230469,,11.3128662109375
970,,60,125.33364868164062,,10.26763916015625
971,,60,132.45863342285156,,16.41845703125
972,,60,172.7173614501953,,3.16925048828125
973,,60,313.77783203125,,19.99969482421875
974,,60,34.04436492919922,,10.15625
975,,60,53.047298431396484,,7.1929931640625
,960,60,,11.105033874511719,15.71807861328125
,961,60,,10.245413780212402,21.70867919921875
,962,60,,11.025375366210938,19.1436767578125
,963,60,,10.58673095703125,14.65911865234375
,964,60,,14.368959426879883,9.85260009765625
,965,60,,14.774187088012695,14.85443115234375
,966,60,,8.004721641540527,17.828369140625
,967,60,,8.245704650878906,13.7786865234375
,968,60,,8.03088092803955,15.54107666015625
,969,60,,13.727815628051758,12.542724609375
,970,60,,9.571983337402344,20.18890380859375
,971,60,,11.513914108276367,12.7899169921875
,972,60,,8.153093338012695,10.98785400390625
,973,60,,9.776690483093262,11.8316650390625
,974,60,,8.909141540527344,13.91448974609375
,975,60,,10.49699592590332,19.5220947265625
976,,61,18.664682388305664,,12.738037109375
977,,61,46.711002349853516,,14.89410400390625
978,,61,28.26153564453125,,7.6446533203125
979,,61,278.93426513671875,,15.47088623046875
980,,61,322.1110534667969,,0.54779052734375
981,,61,52.443111419677734,,15.6219482421875
982,,61,259.4134826660156,,5.40924072265625
983,,61,69.81489562988281,,10.17303466796875
984,,61,66.2955322265625,,10.75592041015625
985,,61,174.95932006835938,,16.8792724609375
986,,61,78.86471557617188,,11.39678955078125
987,,61,38.88874053955078,,8.8134765625
988,,61,180.2198028564453,,5.79376220703125
989,,61,19.50955581665039,,9.2254638671875
990,,61,445.64202880859375,,24.66888427734375
991,,61,482.66717529296875,,14.74609375
,976,61,,19.693132400512695,11.3494873046875
,977,61,,27.217187881469727,16.16973876953125
,978,61,,20.93862533569336,15.7073974609375
,979,61,,21.659608840942383,13.3270263671875
,980,61,,25.05544090270996,12.45880126953125
,981,61,,26.402145385742188,11.60736083984375
,982,61,,16.219249725341797,12.80059814453125
,983,61,,19.511280059814453,13.64898681640625
,984,61,,22.50333023071289,16.75567626953125
,985,61,,21.536346435546875,15.60211181640625
,986,61,,20.38304328918457,13.44757080078125
,987,61,,26.458309173583984,12.05596923828125
,988,61,,21.686843872070312,16.0064697265625
,989,61,,27.337787628173828,13.2568359375
,990,61,,16.2549991607666,20.57037353515625
,991,61,,17.980899810791016,14.3951416015625
992,,62,53.30616760253906,,5.28717041015625
993,,62,110.50230407714844,,5.04913330078125
994,,62,262.34576416015625,,18.438720703125
995,,62,99.81330871582031,,10.5438232421875
996,,62,194.01727294921875,,9.5550537109375
997,,62,284.00958251953125,,0.85296630859375
998,,62,196.5681915283203,,6.64215087890625
999,,62,25.139949798583984,,9.38873291015625
1000,,62,60.07455825805664,,11.21978759765625
1001,,62,172.3113555908203,,4.4525146484375
1002,,62,71.30117797851562,,8.7066650390625
1003,,62,58.26530456542969,,12.48016357421875
1004,,62,431.84521484375,,1.12152099609375
1005,,62,132.00257873535156,,15.4296875
1006,,62,39.45220947265625,,6.40869140625
1007,,62,192.21401977539062,,14.508056640625
,992,62,,7.938451766967773,11.529541015625
,993,62,,14.707505226135254,18.15643310546875
,994,62,,9.696617126464844,12.2894287109375
,995,62,,9.51794719696045,12.1002197265625
,996,62,,11.708364486694336,15.4541015625
,997,62,,11.53173828125,15.49530029296875
,998,62,,8.599601745605469,11.0107421875
,999,62,,7.872328758239746,10.3973388671875
,1000,62,,5.431572437286377,8.319091796875
,1001,62,,12.199373245239258,16.0308837890625
,1002,62,,9.913857460021973,12.908935546875
,1003,62,,12.052478790283203,13.9923095703125
,1004,62,,5.75063419342041,8.966064453125
,1005,62,,9.970791816711426,12.63580322265625
,1006,62,,12.438711166381836,15.5975341796875
,1007,62,,9.165173530578613,12.05902099609375
1008,,63,35.9072265625,,2.4658203125
1009,,63,225.6768798828125,,17.06695556640625
1010,,63,17.86786460876465,,5.31158447265625
1011,,63,86.16389465332031,,3.0853271484375
1012,,63,45.279296875,,6.12335205078125
1013,,63,401.37005615234375,,17.17376708984375
1014,,63,110.97772216796875,,13.72833251953125
1015,,63,62.103668212890625,,9.86480712890625
1016,,63,112.56968688964844,,10.26458740234375
1017,,63,75.39959716796875,,11.4471435546875
1018,,63,119.57249450683594,,1.66778564453125
1019,,63,80.45667266845703,,2.52227783203125
1020,,63,84.4627914428711,,9.87091064453125
1021,,63,115.72520446777344,,8.0230712890625
1022,,63,83.63348388671875,,6.45904541015625
1023,,63,54.84084701538086,,8.76922607421875
,1008,63,,8.276453018188477,15.1214599609375
,1009,63,,11.340455055236816,19.36798095703125
,1010,63,,8.859676361083984,14.79339599609375
,1011,63,,13.422761917114258,17.63916015625
,1012,63,,10.866217613220215,14.91546630859375
,1013,63,,8.454034805297852,14.3157958984375
,1014,63,,8.082088470458984,14.21356201171875
,1015,63,,12.345738410949707,17.97332763671875
,1016,63,,11.17199420928955,14.7979736328125
,1017,63,,14.902362823486328,24.28741455078125
,1018,63,,10.352259635925293,19.36798095703125
,1019,63,,9.927623748779297,16.387939453125
,1020,63,,11.506643295288086,15.924072265625
,1021,63,,8.418587684631348,13.7115478515625
,1022,63,,9.51363754272461,14.56756591796875
,1023,63,,7.758040428161621,12.14599609375
1024,,64,44.49588394165039,,5.57708740234375
1025,,64,5.250675678253174,,7.177734375
1026,,64,242.78778076171875,,16.34979248046875
1027,,64,58.57577133178711,,9.2071533203125
1028,,64,47.05811309814453,,3.3721923828125
1029,,64,26.31692886352539,,7.861328125
1030,,64,76.50774383544922,,6.99615478515625
1031,,64,30.621496200561523,,6.90460205078125
1032,,64,55.133697509765625,,11.4105224609375
1033,,64,101.98211669921875,,1.25732421875
1034,,64,93.27891540527344,,8.18023681640625
1035,,64,69.66149139404297,,4.87060546875
1036,,64,106.37217712402344,,11.36322021484375
1037,,64,31.25579071044922,,6.011962890625
1038,,64,99.62968444824219,,13.6627197265625
1039,,64,791.123046875,,25.32196044921875
,1024,64,,28.848567962646484,18.41888427734375
,1025,64,,28.81671905517578,15.67230224609375
,1026,64,,40.81476974487305,12.445068359375
,1027,64,,37.46544647216797,12.12310791015625
,1028,64,,40.70781707763672,13.2232666015625
,1029,64,,39.365020751953125,13.58489990234375
,1030,64,,30.623693466186523,13.580322265625
,1031,64,,31.678668975830078,17.1112060546875
,1032,64,,36.154090881347656,17.5537109375
,1033,64,,38.84758377075195,13.7969970703125
,1034,64,,43.04105758666992,14.7247314453125
,1035,64,,37.598331451416016,13.73138427734375
,1036,64,,33.07600784301758,17.1539306640625
,1037,64,,36.93122863769531,17.07916259765625
,1038,64,,28.51784324645996,16.1376953125
,1039,64,,34.57046890258789,14.83306884765625
1040,,65,45.465755462646484,,10.41107177734375
1041,,65,124.94300079345703,,15.4632568359375
1042,,65,68.37841033935547,,2.50244140625
1043,,65,44.348201751708984,,13.83819580078125
1044,,65,247.52740478515625,,2.39715576171875
1045,,65,41.922611236572266,,13.15155029296875
1046,,65,203.8186798095703,,2.56500244140625
1047,,65,104.23444366455078,,7.74688720703125
1048,,65,170.2149200439453,,11.75079345703125
1049,,65,168.97357177734375,,20.91217041015625
1050,,65,45.05662155151367,,8.05816650390625
1051,,65,24.401939392089844,,8.2275390625
1052,,65,252.114013671875,,14.996337890625
1053,,65,438.78570556640625,,21.5789794921875
1054,,65,217.17718505859375,,18.9910888671875
1055,,65,1264.3011474609375,,38.16070556640625
,1040,65,,16.460567474365234,23.34747314453125
,1041,65,,14.66706657409668,21.00830078125
,1042,65,,6.722966194152832,13.8671875
,1043,65,,5.439136505126953,9.796142578125
,1044,65,,13.320913314819336,18.548583984375
,1045,65,,11.406476020812988,16.10107421875
,1046,65,,11.096380233764648,15.96221923828125
,1047,65,,10.837139129638672,16.7724609375
,1048,65,,9.937956809997559,13.37432861328125
,1049,65,,13.292137145996094,16.290283203125
,1050,65,,13.170878410339355,18.4234619140625
,1051,65,,13.26397705078125,16.13616943359375
,1052,65,,14.59221363067627,20.71685791015625
,1053,65,,8.992956161499023,12.94403076171875
,1054,65,,7.162802696228027,10.5560302734375
,1055,65,,6.515218734741211,9.71527099609375
1056,,66,47.42820739746094,,10.7391357421875
1057,,66,87.96183013916016,,15.07415771484375
1058,,66,325.58966064453125,,16.21551513671875
1059,,66,175.61776733398438,,20.56121826171875
1060,,66,47.13409423828125,,14.5843505859375
1061,,66,35.38796615600586,,14.3035888671875
1062,,66,53.24479675292969,,12.3382568359375
1063,,66,235.3414306640625,,14.5477294921875
1064,,66,234.86172485351562,,5.963134765625
1065,,66,145.71726989746094,,13.9862060546875
1066,,66,50.350791931152344,,12.5091552734375
1067,,66,247.08578491210938,,5.00335693359375
1068,,66,210.05612182617188,,10.8673095703125
1069,,66,157.0887908935547,,16.278076171875
1070,,66,158.73167419433594,,3.8818359375
1071,,66,171.05149841308594,,10.01434326171875
,1056,66,,15.42391586303711,18.3258056640625
,1057,66,,12.427694320678711,14.5355224609375
,1058,66,,17.085716247558594,17.9534912109375
,1059,66,,15.725468635559082,14.55841064453125
,1060,66,,15.7057466506958,18.78509521484375
,1061,66,,14.303167343139648,15.7928466796875
,1062,66,,8.688188552856445,11.505126953125
,1063,66,,12.610368728637695,14.1998291015625
,1064,66,,15.917084693908691,16.14990234375
,1065,66,,16.6124324798584,22.14508056640625
,1066,66,,12.991752624511719,11.7889404296875
,1067,66,,14.754655838012695,18.90716552734375
,1068,66,,11.769388198852539,15.84625244140625
,1069,66,,13.752504348754883,14.2822265625
,1070,66,,12.562135696411133,16.0125732421875
,1071,66,,11.054956436157227,12.5335693359375
1072,,67,177.98048400878906,,8.5174560546875
1073,,67,126.29002380371094,,8.21380615234375
1074,,67,138.17471313476562,,7.3333740234375
1075,,67,78.97370147705078,,11.00311279296875
1076,,67,250.2755126953125,,4.13360595703125
1077,,67,101.200439453125,,4.8675537109375
1078,,67,141.39952087402344,,2.935791015625
1079,,67,50.09657287597656,,7.40203857421875
1080,,67,317.83380126953125,,11.480712890625
1081,,67,288.2838439941406,,11.93084716796875
1082,,67,228.5642852783203,,13.0767822265625
1083,,67,76.12113189697266,,5.29327392578125
1084,,67,6.7464799880981445,,6.97021484375
1085,,67,378.0433654785156,,19.19403076171875
1086,,67,331.77008056640625,,15.6829833984375
1087,,67,10.873970985412598,,6.976318359375
,1072,67,,89.61653137207031,13.3209228515625
,1073,67,,81.38692474365234,18.7530517578125
,1074,67,,65.22196960449219,19.12384033203125
,1075,67,,84.91004943847656,10.41717529296875
,1076,67,,73.71553039550781,17.55218505859375
,1077,67,,91.74037170410156,11.9598388671875
,1078,67,,82.55298614501953,13.55133056640625
,1079,67,,75.52871704101562,16.69158935546875
,1080,67,,83.95690155029297,12.07427978515625
,1081,67,,93.11056518554688,14.697265625
,1082,67,,88.58187866210938,13.1317138671875
,1083,67,,86.37850952148438,13.49945068359375
,1084,67,,83.04878234863281,14.9749755859375
,1085,67,,86.1004638671875,16.63665771484375
,1086,67,,78.4299087524414,14.55535888671875
,1087,67,,87.50889587402344,11.50665283203125
1088,,68,36.24230194091797,,8.06732177734375
1089,,68,104.08572387695312,,13.14697265625
1090,,68,76.59239959716797,,4.39453125
1091,,68,108.89408874511719,,6.353759765625
1092,,68,229.19046020507812,,6.6650390625
1093,,68,146.63092041015625,,15.6463623046875
1094,,68,72.8412094116211,,6.744384765625
1095,,68,650.7730712890625,,21.54693603515625
1096,,68,30.214284896850586,,8.04290771484375
1097,,68,155.00338745117188,,11.199951171875
1098,,68,47.61479949951172,,9.1400146484375
1099,,68,93.7667236328125,,7.45697021484375
1100,,68,288.0179443359375,,3.863525390625
1101,,68,63.73186492919922,,11.70654296875
1102,,68,272.5935974121094,,2.7099609375
1103,,68,279.2099609375,,12.5823974609375
,1088,68,,30.187816619873047,15.96221923828125
,1089,68,,29.975101470947266,9.564208984375
,1090,68,,26.71573257446289,20.6024169921875
,1091,68,,26.997583389282227,16.1376953125
,1092,68,,24.971948623657227,22.308349609375
,1093,68,,27.765682220458984,19.0277099609375
,1094,68,,30.311866760253906,15.118408203125
,1095,68,,32.626670837402344,15.27862548828125
,1096,68,,26.16069221496582,18.62030029296875
,1097,68,,31.44939422607422,13.055419921875
,1098,68,,26.335695266723633,16.192626953125
,1099,68,,25.113162994384766,21.51336669921875
,1100,68,,29.412368774414062,15.509033203125
,1101,68,,33.11393356323242,16.99981689453125
,1102,68,,25.524696350097656,13.44146728515625
,1103,68,,25.649009704589844,17.30499267578125
1104,,69,167.9313507080078,,2.36358642578125
1105,,69,51.400367736816406,,9.1156005859375
1106,,69,126.20757293701172,,2.81524658203125
1107,,69,531.818115234375,,16.7755126953125
1108,,69,421.8934326171875,,16.9677734375
1109,,69,266.4757080078125,,14.29595947265625
1110,,69,344.56231689453125,,10.0494384765625
1111,,69,275.9205627441406,,13.54522705078125
1112,,69,71.96731567382812,,10.77423095703125
1113,,69,93.99346160888672,,10.41717529296875
1114,,69,104.93328857421875,,3.08990478515625
1115,,69,18.969655990600586,,4.425048828125
1116,,69,259.3219909667969,,15.9088134765625
1117,,69,142.08413696289062,,0.77362060546875
1118,,69,156.13755798339844,,6.5460205078125
1119,,69,48.29431915283203,,11.0870361328125
,1104,69,,7.644999980926514,12.69683837890625
,1105,69,,10.627782821655273,16.650390625
,1106,69,,11.703025817871094,15.582275390625
,1107,69,,7.766610145568848,15.49835205078125
,1108,69,,10.601593017578125,16.0003662109375
,1109,69,,12.017865180969238,17.16461181640625
,1110,69,,12.481677055358887,18.3197021484375
,1111,69,,6.432485580444336,10.4888916015625
,1112,69,,10.207271575927734,14.03350830078125
,1113,69,,10.810895919799805,17.547607421875
,1114,69,,7.92941951751709,11.79046630859375
,1115,69,,10.490114212036133,15.3717041015625
,1116,69,,11.779031753540039,17.68646240234375
,1117,69,,13.34032917022705,17.02728271484375
,1118,69,,10.059347152709961,15.04364013671875
,1119,69,,17.047399520874023,20.0531005859375
1120,,70,180.93524169921875,,5.352783203125
1121,,70,114.00727081298828,,6.5521240234375
1122,,70,32.06544494628906,,7.48138427734375
1123,,70,337.66790771484375,,17.4468994140625
1124,,70,99.06143188476562,,3.93218994140625
1125,,70,298.940185546875,,19.4183349609375
1126,,70,64.15391540527344,,12.5091552734375
1127,,70,104.10110473632812,,8.98284912109375
1128,,70,82.23651123046875,,8.1268310546875
1129,,70,48.567787170410156,,7.98492431640625
1130,,70,76.55294799804688,,4.241943359375
1131,,70,112.702392578125,,4.5654296875
1132,,70,88.34846496582031,,5.78155517578125
1133,,70,152.98423767089844,,14.7674560546875
1134,,70,117.6687240600586,,14.09454345703125
1135,,70,114.1444091796875,,2.07366943359375
,1120,70,,9.387531280517578,14.1998291015625
,1121,70,,10.915247917175293,14.07318115234375
,1122,70,,12.71883773803711,15.78369140625
,1123,70,,12.988624572753906,15.60211181640625
,1124,70,,6.287288665771484,12.6800537109375
,1125,70,,12.43537425994873,17.1295166015625
,1126,70,,11.374998092651367,18.11065673828125
,1127,70,,7.9961113929748535,15.66009521484375
,1128,70,,14.500383377075195,17.58270263671875
,1129,70,,8.773962020874023,16.02325439453125
,1130,70,,9.079133987426758,14.97650146484375
,1131,70,,9.33228874206543,18.115234375
,1132,70,,10.577598571777344,14.71099853515625
,1133,70,,11.671542167663574,16.38641357421875
,1134,70,,17.359249114990234,20.0927734375
,1135,70,,8.048225402832031,11.93084716796875
1136,,71,222.04090881347656,,11.297607421875
1137,,71,212.36740112304688,,8.50830078125
1138,,71,23.519317626953125,,6.04400634765625
1139,,71,1032.474853515625,,26.2542724609375
1140,,71,47.31376266479492,,9.80987548828125
1141,,71,199.11947631835938,,11.66839599609375
1142,,71,29.991073608398438,,4.55322265625
1143,,71,43.93766403198242,,7.79571533203125
1144,,71,58.82879638671875,,8.45947265625
1145,,71,22.767986297607422,,8.807373046875
1146,,71,59.06441879272461,,8.624267578125
1147,,71,224.0050811767578,,2.73895263671875
1148,,71,115.87290954589844,,4.7027587890625
1149,,71,111.62811279296875,,5.61370849609375
1150,,71,90.92640686035156,,4.78973388671875
1151,,71,163.36727905273438,,4.11376953125
,1136,71,,31.44354248046875,18.94378662109375
,1137,71,,31.754676818847656,14.9444580078125
,1138,71,,44.45301055908203,12.50457763671875
,1139,71,,31.025272369384766,20.73974609375
,1140,71,,41.01905822753906,13.4765625
,1141,71,,29.457782745361328,17.7642822265625
,1142,71,,39.96974182128906,15.76690673828125
,1143,71,,29.276165008544922,18.292236328125
,1144,71,,29.553829193115234,16.70989990234375
,1145,71,,30.699871063232422,15.399169921875
,1146,71,,31.954376220703125,17.93670654296875
,1147,71,,42.198585510253906,13.71612548828125
,1148,71,,41.184425354003906,12.62969970703125
,1149,71,,34.98395538330078,15.8721923828125
,1150,71,,42.08065414428711,16.5191650390625
,1151,71,,31.56689453125,14.7552490234375
1152,,72,114.36566162109375,,12.939453125
1153,,72,213.60140991210938,,13.23089599609375
1154,,72,258.50946044921875,,14.7430419921875
1155,,72,67.31646728515625,,5.712890625
1156,,72,41.069557189941406,,5.7373046875
1157,,72,32.81972885131836,,6.9580078125
1158,,72,33.60983657836914,,7.720947265625
1159,,72,59.65299606323242,,3.89251708984375
1160,,72,120.22402954101562,,8.30535888671875
1161,,72,261.09149169921875,,15.16876220703125
1162,,72,158.43698120117188,,14.404296875
1163,,72,86.06881713867188,,9.552001953125
1164,,72,80.06517791748047,,6.20574951171875
1165,,72,31.014095306396484,,5.09490966796875
1166,,72,150.14492797851562,,13.67950439453125
1167,,72,61.13021469116211,,4.2938232421875
,1152,72,,8.548050880432129,10.211181640625
,1153,72,,11.236040115356445,13.45367431640625
,1154,72,,12.62929630279541,15.10162353515625
,1155,72,,14.1798677444458,17.22869873046875
,1156,72,,12.563858032226562,16.851806640625
,1157,72,,9.783309936523438,12.93792724609375
,1158,72,,6.1572160720825195,8.2855224609375
,1159,72,,16.466068267822266,20.30181884765625
,1160,72,,13.045499801635742,15.33355712890625
,1161,72,,15.734174728393555,19.27032470703125
,1162,72,,7.757936000823975,10.64453125
,1163,72,,8.639659881591797,11.8560791015625
,1164,72,,6.672916889190674,10.198974609375
,1165,72,,15.787637710571289,18.353271484375
,1166,72,,14.215986251831055,15.70892333984375
,1167,72,,10.742384910583496,12.4725341796875
1168,,73,100.78593444824219,,7.60345458984375
1169,,73,47.74613952636719,,7.5225830078125
1170,,73,240.65985107421875,,1.715087890625
1171,,73,425.82647705078125,,18.865966796875
1172,,73,149.5252685546875,,13.80615234375
1173,,73,23.061262130737305,,6.317138671875
1174,,73,550.5936279296875,,22.25341796875
1175,,73,81.27689361572266,,8.54949951171875
1176,,73,343.3954772949219,,18.3868408203125
1177,,73,148.93495178222656,,12.347412109375
1178,,73,34.5426139831543,,6.06842041015625
1179,,73,153.69007873535156,,13.99993896484375
1180,,73,72.01353454589844,,10.36376953125
1181,,73,77.30499267578125,,12.811279296875
1182,,73,105.77182006835938,,12.310791015625
1183,,73,65.35514068603516,,16.5435791015625
,1168,73,,16.17087745666504,18.66302490234375
,1169,73,,12.750784873962402,15.179443359375
,1170,73,,17.6353702545166,19.98748779296875
,1171,73,,12.758903503417969,14.727783203125
,1172,73,,13.956657409667969,16.41845703125
,1173,73,,12.655033111572266,14.6728515625
,1174,73,,11.649158477783203,13.87939453125
,1175,73,,13.647517204284668,16.47796630859375
,1176,73,,14.68659782409668,16.9708251953125
,1177,73,,18.57707405090332,20.751953125
,1178,73,,9.497093200683594,11.52801513671875
,1179,73,,9.96302318572998,12.25738525390625
,1180,73,,10.901202201843262,13.6932373046875
,1181,73,,13.825506210327148,16.0675048828125
,1182,73,,15.576910972595215,17.37213134765625
,1183,73,,12.741561889648438,14.70184326171875
1184,,74,83.36833190917969,,11.07177734375
1185,,74,81.93942260742188,,3.802490234375
1186,,74,20.560800552368164,,10.0799560546875
1187,,74,157.6012420654297,,3.2806396484375
1188,,74,108.57766723632812,,15.2008056640625
1189,,74,297.30255126953125,,3.55072021484375
1190,,74,58.257633209228516,,7.83233642578125
1191,,74,16.024856567382812,,10.29815673828125
1192,,74,112.04052734375,,19.439697265625
1193,,74,111.6641616821289,,9.8907470703125
1194,,74,77.59967803955078,,9.197998046875
1195,,74,95.54389190673828,,10.67352294921875
1196,,74,190.3720245361328,,19.85626220703125
1197,,74,107.74649047851562,,13.037109375
1198,,74,184.54539489746094,,10.4461669921875
1199,,74,60.568397521972656,,8.76617431640625
,1184,74,,11.850900650024414,16.3330078125
,1185,74,,12.243810653686523,16.6900634765625
,1186,74,,9.008529663085938,14.8895263671875
,1187,74,,10.9588623046875,14.556884765625
,1188,74,,11.64380168914795,16.83349609375
,1189,74,,8.27013874053955,12.79296875
,1190,74,,8.886490821838379,14.09759521484375
,1191,74,,7.342040061950684,12.0849609375
,1192,74,,10.696435928344727,14.69573974609375
,1193,74,,9.080740928649902,13.5711669921875
,1194,74,,9.198188781738281,16.72210693359375
,1195,74,,10.148820877075195,15.289306640625
,1196,74,,8.152488708496094,12.8692626953125
,1197,74,,8.276325225830078,13.0523681640625
,1198,74,,9.09858512878418,12.884521484375
,1199,74,,12.074455261230469,14.5721435546875
1200,,75,38.56456756591797,,7.89947509765625
1201,,75,346.2291259765625,,7.0465087890625
1202,,75,27.87411117553711,,10.6842041015625
1203,,75,22.015886306762695,,7.24334716796875
1204,,75,81.94725036621094,,2.55889892578125
1205,,75,74.33274841308594,,11.02752685546875
1206,,75,172.08505249023438,,16.74957275390625
1207,,75,53.017757415771484,,13.50250244140625
1208,,75,72.38250732421875,,13.32855224609375
1209,,75,96.23710632324219,,4.3365478515625
1210,,75,138.73219299316406,,16.06903076171875
1211,,75,129.072021484375,,6.97174072265625
1212,,75,36.95554733276367,,8.7310791015625
1213,,75,250.09815979003906,,19.1986083984375
1214,,75,226.69967651367188,,14.03350830078125
1215,,75,29.318769454956055,,6.19354248046875
,1200,75,,25.871776580810547,12.63275146484375
,1201,75,,24.74041748046875,11.40289306640625
,1202,75,,25.153640747070312,15.8111572265625
,1203,75,,23.98672103881836,11.23809814453125
,1204,75,,24.585262298583984,12.00103759765625
,1205,75,,26.673843383789062,12.0758056640625
,1206,75,,27.430606842041016,9.03472900390625
,1207,75,,17.63462257385254,16.3421630859375
,1208,75,,24.556705474853516,16.4215087890625
,1209,75,,13.319841384887695,20.22857666015625
,1210,75,,25.887296676635742,17.25921630859375
,1211,75,,26.117450714111328,10.35003662109375
,1212,75,,18.369888305664062,17.3431396484375
,1213,75,,17.356151580810547,17.218017578125
,1214,75,,20.629375457763672,18.9788818359375
,1215,75,,18.599811553955078,19.71435546875
1216,,76,63.91416931152344,,5.19256591796875
1217,,76,196.85610961914062,,16.2017822265625
1218,,76,106.09530639648438,,2.9266357421875
1219,,76,30.697837829589844,,10.63690185546875
1220,,76,22.834978103637695,,11.42425537109375
1221,,76,140.4017791748047,,5.38330078125
1222,,76,225.7910919189453,,9.844970703125
1223,,76,64.98600769042969,,4.974365234375
1224,,76,109.98104858398438,,12.3809814453125
1225,,76,74.70449829101562,,12.63427734375
1226,,76,140.27655029296875,,2.7008056640625
1227,,76,63.127132415771484,,15.26336669921875
1228,,76,139.17404174804688,,5.00335693359375
1229,,76,40.858516693115234,,8.83941650390625
1230,,76,143.06002807617188,,5.6304931640625
1231,,76,108.24789428710938,,5.33447265625
,1216,76,,10.089653015136719,11.4898681640625
,1217,76,,8.539162635803223,10.99090576171875
,1218,76,,9.869524002075195,11.96441650390625
,1219,76,,6.757272243499756,15.1336669921875
,1220,76,,13.423527717590332,12.84942626953125
,1221,76,,11.128194808959961,16.16668701171875
,1222,76,,11.871269226074219,17.095947265625
,1223,76,,10.652242660522461,14.12353515625
,1224,76,,11.02524185180664,12.9058837890625
,1225,76,,9.630428314208984,19.3115234375
,1226,76,,9.724189758300781,19.1375732421875
,1227,76,,12.20569133758545,11.8804931640625
,1228,76,,12.457679748535156,19.8638916015625
,1229,76,,10.708191871643066,16.5496826171875
,1230,76,,10.979631423950195,15.86761474609375
,1231,76,,10.408401489257812,15.10772705078125
1232,,77,85.65092468261719,,0.97808837890625
1233,,77,567.5777587890625,,22.4395751953125
1234,,77,141.98779296875,,12.4481201171875
1235,,77,530.2042236328125,,17.66357421875
1236,,77,106.08033752441406,,9.60845947265625
1237,,77,166.60430908203125,,12.55035400390625
1238,,77,237.37835693359375,,15.42816162109375
1239,,77,33.39601516723633,,9.9029541015625
1240,,77,145.19320678710938,,2.68096923828125
1241,,77,147.68133544921875,,15.3656005859375
1242,,77,111.61963653564453,,1.788330078125
1243,,77,152.80685424804688,,8.35723876953125
1244,,77,45.859214782714844,,10.4766845703125
1245,,77,118.1236572265625,,7.5897216796875
1246,,77,120.38174438476562,,10.94512939453125
1247,,77,168.8853759765625,,2.99072265625
,1232,77,,41.925575256347656,19.08416748046875
,1233,77,,36.39038848876953,20.6207275390625
,1234,77,,42.32597732543945,12.10174560546875
,1235,77,,38.95549011230469,12.91656494140625
,1236,77,,39.32715606689453,19.33746337890625
,1237,77,,50.469642639160156,11.0626220703125
,1238,77,,40.183406829833984,19.36798095703125
,1239,77,,36.635711669921875,15.338134765625
,1240,77,,40.90977096557617,18.6370849609375
,1241,77,,45.15095138549805,17.10205078125
,1242,77,,49.43288803100586,10.21728515625
,1243,77,,45.58957290649414,17.3004150390625
,1244,77,,39.11066436767578,21.83074951171875
,1245,77,,39.55250930786133,16.34674072265625
,1246,77,,41.740623474121094,18.9300537109375
,1247,77,,46.33263397216797,12.9638671875
1248,,78,156.83778381347656,,5.57403564453125
1249,,78,73.70360565185547,,12.70599365234375
1250,,78,246.1116485595703,,1.58843994140625
1251,,78,156.50938415527344,,10.626220703125
1252,,78,80.56289672851562,,10.92071533203125
1253,,78,100.60836791992188,,10.43853759765625
1254,,78,157.0721893310547,,16.96014404296875
1255,,78,90.01005554199219,,12.646484375
1256,,78,67.46621704101562,,4.5928955078125
1257,,78,77.20281982421875,,12.48931884765625
1258,,78,26.77930450439453,,10.0677490234375
1259,,78,37.619728088378906,,13.72222900390625
1260,,78,72.38225555419922,,8.43505859375
1261,,78,83.43511962890625,,2.51312255859375
1262,,78,73.9698257446289,,1.96380615234375
1263,,78,179.43397521972656,,13.555908203125
,1248,78,,11.93306827545166,13.78631591796875
,1249,78,,14.798722267150879,19.5526123046875
,1250,78,,13.300596237182617,18.048095703125
,1251,78,,6.793728351593018,7.81402587890625
,1252,78,,14.323800086975098,16.66107177734375
,1253,78,,8.9039945602417,12.90283203125
,1254,78,,10.916358947753906,11.8927001953125
,1255,78,,20.321046829223633,16.12701416015625
,1256,78,,13.601072311401367,14.9993896484375
,1257,78,,11.932480812072754,18.02215576171875
,1258,78,,11.212194442749023,16.20330810546875
,1259,78,,14.125703811645508,14.54010009765625
,1260,78,,12.412079811096191,15.86456298828125
,1261,78,,8.091293334960938,17.27294921875
,1262,78,,16.254568099975586,13.8458251953125
,1263,78,,13.61199951171875,15.82489013671875
1264,,79,272.32574462890625,,11.248779296875
1265,,79,50.156795501708984,,11.767578125
1266,,79,48.9825325012207,,10.0738525390625
1267,,79,170.94725036621094,,20.3826904296875
1268,,79,298.9104309082031,,7.28759765625
1269,,79,248.76055908203125,,14.0716552734375
1270,,79,114.96687316894531,,16.69158935546875
1271,,79,58.752838134765625,,12.1673583984375
1272,,79,76.62957763671875,,10.931396484375
1273,,79,33.588600158691406,,12.09259033203125
1274,,79,72.36512756347656,,8.77685546875
1275,,79,124.7659683227539,,10.66436767578125
1276,,79,282.82666015625,,20.062255859375
1277,,79,225.56735229492188,,6.25457763671875
1278,,79,79.00181579589844,,11.74468994140625
1279,,79,52.58089828491211,,12.42218017578125
,1264,79,,9.403374671936035,14.14642333984375
,1265,79,,7.304242134094238,12.67547607421875
,1266,79,,4.3967509269714355,8.60443115234375
,1267,79,,13.873756408691406,19.49005126953125
,1268,79,,9.45041275024414,10.77117919921875
,1269,79,,12.820098876953125,18.304443359375
,1270,79,,13.400426864624023,19.88983154296875
,1271,79,,11.214460372924805,18.08013916015625
,1272,79,,9.628129959106445,12.4542236328125
,1273,79,,8.001635551452637,9.326171875
,1274,79,,12.141914367675781,16.08428955078125
,1275,79,,9.87620735168457,13.58642578125
,1276,79,,6.716172218322754,11.3006591796875
,1277,79,,12.11125373840332,15.338134765625
,1278,79,,7.945773124694824,14.23492431640625
,1279,79,,7.382993698120117,12.750244140625
1280,,80,68.27796936035156,,9.44366455078125
1281,,80,48.66011047363281,,5.00335693359375
1282,,80,61.38602066040039,,10.36224365234375
1283,,80,113.7379150390625,,4.95452880859375
1284,,80,52.88514709472656,,7.95745849609375
1285,,80,302.2644958496094,,7.49053955078125
1286,,80,84.19412231445312,,6.69708251953125
1287,,80,266.5184631347656,,16.82891845703125
1288,,80,57.10969543457031,,11.9842529296875
1289,,80,40.360416412353516,,6.0028076171875
1290,,80,148.0375213623047,,7.098388671875
1291,,80,43.63975524902344,,8.7890625
1292,,80,79.75375366210938,,13.0767822265625
1293,,80,42.77466583251953,,1.78375244140625
1294,,80,219.84429931640625,,20.8282470703125
1295,,80,79.89141845703125,,12.93182373046875
,1280,80,,35.449806213378906,18.646240234375
,1281,80,,42.36654281616211,13.63372802734375
,1282,80,,37.84043502807617,15.948486328125
,1283,80,,32.674991607666016,17.93975830078125
,1284,80,,33.730682373046875,15.57159423828125
,1285,80,,38.294151306152344,12.76397705078125
,1286,80,,35.68760681152344,15.8050537109375
,1287,80,,42.941650390625,14.62554931640625
,1288,80,,35.722259521484375,14.5660400390625
,1289,80,,38.87098693847656,13.92059326171875
,1290,80,,38.360069274902344,13.08746337890625
,1291,80,,29.28266143798828,14.36309814453125
,1292,80,,42.9570198059082,11.86065673828125
,1293,80,,44.133338928222656,12.554931640625
,1294,80,,41.0684928894043,12.56256103515625
,1295,80,,45.739505767822266,13.56658935546875
1296,,81,188.29043579101562,,16.10107421875
1297,,81,16.808149337768555,,8.1939697265625
1298,,81,84.59786224365234,,9.6405029296875
1299,,81,136.809326171875,,7.05413818359375
1300,,81,95.2621078491211,,1.81732177734375
1301,,81,147.09088134765625,,16.32537841796875
1302,,81,24.98786163330078,,12.9913330078125
1303,,81,122.80828857421875,,9.033203125
1304,,81,771.279052734375,,27.8839111328125
1305,,81,108.07447814941406,,7.91778564453125
1306,,81,211.66787719726562,,13.0767822265625
1307,,81,96.07492065429688,,11.279296875
1308,,81,114.07099914550781,,4.87213134765625
1309,,81,172.79940795898438,,16.033935546875
1310,,81,48.094207763671875,,12.0269775390625
1311,,81,163.59976196289062,,5.3253173828125
,1296,81,,14.970945358276367,20.03936767578125
,1297,81,,7.576347351074219,14.64996337890625
,1298,81,,8.134464263916016,10.7330322265625
,1299,81,,10.773540496826172,17.98858642578125
,1300,81,,11.315711975097656,18.353271484375
,1301,81,,8.831615447998047,11.20452880859375
,1302,81,,8.411468505859375,11.98883056640625
,1303,81,,11.309599876403809,16.2445068359375
,1304,81,,10.680400848388672,16.90216064453125
,1305,81,,14.465997695922852,18.7896728515625
,1306,81,,8.271124839782715,13.665771484375
,1307,81,,11.05721664428711,15.95001220703125
,1308,81,,8.182392120361328,12.042236328125
,1309,81,,7.413068771362305,15.447998046875
,1310,81,,13.612174987792969,18.4722900390625
,1311,81,,11.582898139953613,14.4012451171875
1312,,82,475.26617431640625,,17.87567138671875
1313,,82,31.62830924987793,,10.33782958984375
1314,,82,49.57688903808594,,8.99505615234375
1315,,82,36.945465087890625,,13.2965087890625
1316,,82,235.54476928710938,,19.80438232421875
1317,,82,46.888126373291016,,14.239501953125
1318,,82,163.63232421875,,2.72064208984375
1319,,82,7.510275840759277,,11.44866943359375
1320,,82,163.80062866210938,,9.63134765625
1321,,82,120.63154602050781,,19.4305419921875
1322,,82,246.5408172607422,,1.91650390625
1323,,82,96.59527587890625,,15.887451171875
1324,,82,147.37803649902344,,9.1094970703125
1325,,82,32.07304382324219,,12.51220703125
1326,,82,45.22068786621094,,10.64910888671875
1327,,82,78.719970703125,,4.3914794921875
,1312,82,,9.88638973236084,16.4520263671875
,1313,82,,11.125604629516602,13.5772705078125
,1314,82,,12.21651554107666,15.43426513671875
,1315,82,,10.035810470581055,14.984130859375
,1316,82,,13.353806495666504,16.20635986328125
,1317,82,,8.638057708740234,13.2476806640625
,1318,82,,14.61190128326416,19.98291015625
,1319,82,,13.557554244995117,18.97125244140625
,1320,82,,10.827293395996094,13.04473876953125
,1321,82,,13.150476455688477,16.62139892578125
,1322,82,,7.094583511352539,11.4654541015625
,1323,82,,11.044740676879883,15.49224853515625
,1324,82,,10.102193832397461,14.66827392578125
,1325,82,,12.029850006103516,15.11383056640625
,1326,82,,10.558238983154297,13.77105712890625
,1327,82,,7.1274027824401855,9.735107421875
1328,,83,69.09497833251953,,15.05584716796875
1329,,83,115.04257202148438,,1.483154296875
1330,,83,108.43737030029297,,4.9163818359375
1331,,83,141.9325714111328,,17.9412841796875
1332,,83,61.42768096923828,,11.004638671875
1333,,83,75.95950317382812,,9.12322998046875
1334,,83,292.3700256347656,,6.71234130859375
1335,,83,30.490306854248047,,14.72930908203125
1336,,83,16.663734436035156,,4.522705078125
1337,,83,22.475746154785156,,3.04412841796875
1338,,83,28.2919979095459,,8.54339599609375
1339,,83,116.16217041015625,,14.72625732421875
1340,,83,25.342493057250977,,11.4349365234375
1341,,83,193.44293212890625,,9.78851318359375
1342,,83,49.90656661987305,,10.41412353515625
1343,,83,93.62767791748047,,7.69805908203125
,1328,83,,6.961421012878418,12.860107421875
,1329,83,,8.30372428894043,9.24530029296875
,1330,83,,10.243797302246094,14.2059326171875
,1331,83,,9.672394752502441,16.50848388671875
,1332,83,,7.330124378204346,11.236572265625
,1333,83,,10.01539421081543,14.8406982421875
,1334,83,,9.918018341064453,15.04669189453125
,1335,83,,9.10660457611084,13.46588134765625
,1336,83,,10.478490829467773,17.49420166015625
,1337,83,,11.123476028442383,18.24188232421875
,1338,83,,9.430595397949219,14.09912109375
,1339,83,,12.146729469299316,17.572021484375
,1340,83,,9.118436813354492,13.385009765625
,1341,83,,9.185343742370605,10.68878173828125
,1342,83,,7.9904937744140625,9.66796875
,1343,83,,11.934715270996094,14.52789306640625
1344,,84,119.0255126953125,,8.6578369140625
1345,,84,128.984130859375,,16.41693115234375
1346,,84,339.9231872558594,,12.860107421875
1347,,84,72.39505004882812,,14.92767333984375
1348,,84,179.4940643310547,,8.2855224609375
1349,,84,33.45552062988281,,9.13543701171875
1350,,84,237.19964599609375,,13.01116943359375
1351,,84,93.79685974121094,,14.48822021484375
1352,,84,105.9737319946289,,5.06439208984375
1353,,84,118.7940902709961,,7.19146728515625
1354,,84,19.758501052856445,,7.20062255859375
1355,,84,212.39939880371094,,3.40728759765625
1356,,84,42.364173889160156,,10.498046875
1357,,84,129.39291381835938,,12.95013427734375
1358,,84,154.9293212890625,,8.07647705078125
1359,,84,71.41450500488281,,8.4991455078125
,1344,84,,15.821967124938965,10.79559326171875
,1345,84,,16.660381317138672,18.2037353515625
,1346,84,,16.202123641967773,15.76690673828125
,1347,84,,13.851505279541016,15.47698974609375
,1348,84,,17.47996711730957,22.0672607421875
,1349,84,,15.835519790649414,20.7916259765625
,1350,84,,16.009357452392578,15.53192138671875
,1351,84,,20.26129913330078,12.17803955078125
,1352,84,,18.50851058959961,14.4439697265625
,1353,84,,16.409629821777344,13.89007568359375
,1354,84,,15.586862564086914,19.17266845703125
,1355,84,,24.42987632751465,12.1246337890625
,1356,84,,10.797648429870605,14.8284912109375
,1357,84,,17.031179428100586,11.14349365234375
,1358,84,,14.19140625,15.362548828125
,1359,84,,18.82541275024414,13.8671875
1360,,85,145.43446350097656,,15.70281982421875
1361,,85,70.62942504882812,,6.2347412109375
1362,,85,74.99464416503906,,6.689453125
1363,,85,51.14841079711914,,11.57989501953125
1364,,85,61.224700927734375,,2.68096923828125
1365,,85,44.98283004760742,,6.9915771484375
1366,,85,260.1811218261719,,14.59503173828125
1367,,85,409.80560302734375,,9.19647216796875
1368,,85,526.1900024414062,,11.98883056640625
1369,,85,172.1307373046875,,16.76177978515625
1370,,85,75.69650268554688,,13.33465576171875
1371,,85,70.67604064941406,,5.65338134765625
1372,,85,45.57451629638672,,6.99005126953125
1373,,85,91.15772247314453,,11.02752685546875
1374,,85,82.7425537109375,,12.45880126953125
1375,,85,373.15380859375,,6.1065673828125
,1360,85,,12.547314643859863,13.9617919921875
,1361,85,,12.537202835083008,15.667724609375
,1362,85,,10.139124870300293,15.14739990234375
,1363,85,,10.5816650390625,15.1031494140625
,1364,85,,13.208539962768555,12.5457763671875
,1365,85,,7.954893112182617,12.4359130859375
,1366,85,,9.467144012451172,15.48004150390625
,1367,85,,8.40261459350586,13.5223388671875
,1368,85,,12.477777481079102,16.448974609375
,1369,85,,16.256128311157227,17.71392822265625
,1370,85,,14.411809921264648,19.0826416015625
,1371,85,,8.65878963470459,13.3636474609375
,1372,85,,10.825691223144531,19.5953369140625
,1373,85,,12.347013473510742,15.93475341796875
,1374,85,,10.893193244934082,15.0634765625
,1375,85,,12.585509300231934,13.79241943359375
1376,,86,52.001739501953125,,8.1817626953125
1377,,86,48.875953674316406,,9.59320068359375
1378,,86,116.60073852539062,,7.275390625
1379,,86,207.0205078125,,15.716552734375
1380,,86,222.23294067382812,,18.46466064453125
1381,,86,34.12031555175781,,9.22088623046875
1382,,86,114.07080078125,,15.167236328125
1383,,86,217.4241180419922,,18.1640625
1384,,86,86.4053955078125,,15.52581787109375
1385,,86,30.23133087158203,,8.8592529296875
1386,,86,64.1432113647461,,4.52117919921875
1387,,86,229.90582275390625,,19.7296142578125
1388,,86,124.21488952636719,,12.82958984375
1389,,86,98.18816375732422,,12.28485107421875
1390,,86,163.34478759765625,,7.12432861328125
1391,,86,61.56793212890625,,12.1978759765625
,1376,86,,62.6656494140625,12.4114990234375
,1377,86,,63.273170471191406,13.97857666015625
,1378,86,,75.61628723144531,11.54632568359375
,1379,86,,70.77335357666016,13.4033203125
,1380,86,,61.842689514160156,15.66619873046875
,1381,86,,64.60440063476562,14.28070068359375
,1382,86,,68.44960021972656,18.45245361328125
,1383,86,,72.85324096679688,14.91851806640625
,1384,86,,63.27936553955078,14.01824951171875
,1385,86,,70.44076538085938,13.53759765625
,1386,86,,62.97770309448242,21.22344970703125
,1387,86,,70.18858337402344,11.97967529296875
,1388,86,,69.25633239746094,18.878173828125
,1389,86,,62.022216796875,16.59088134765625
,1390,86,,60.03873062133789,14.51263427734375
,1391,86,,65.67063903808594,14.16168212890625
1392,,87,252.5222930908203,,2.60162353515625
1393,,87,133.7547607421875,,12.286376953125
1394,,87,98.44489288330078,,7.13043212890625
1395,,87,57.090476989746094,,7.29827880859375
1396,,87,282.3031005859375,,1.64947509765625
1397,,87,52.945194244384766,,5.9814453125
1398,,87,25.347209930419922,,13.04779052734375
1399,,87,32.472900390625,,13.41094970703125
1400,,87,60.36524963378906,,11.26708984375
1401,,87,110.06375122070312,,15.90728759765625
1402,,87,33.04864501953125,,4.736328125
1403,,87,53.13300704956055,,2.8778076171875
1404,,87,60.54777526855469,,2.7099609375
1405,,87,161.90599060058594,,11.9049072265625
1406,,87,182.3674774169922,,12.43896484375
1407,,87,48.64733123779297,,5.06591796875
,1392,87,,8.246170997619629,12.408447265625
,1393,87,,15.042020797729492,19.80438232421875
,1394,87,,12.273531913757324,16.1590576171875
,1395,87,,9.074520111083984,11.6668701171875
,1396,87,,9.075222969055176,12.3504638671875
,1397,87,,14.16230583190918,20.3826904296875
,1398,87,,12.517438888549805,16.85791015625
,1399,87,,15.303014755249023,19.29473876953125
,1400,87,,13.355358123779297,16.41845703125
,1401,87,,14.280856132507324,18.548583984375
,1402,87,,12.8296480178833,16.56494140625
,1403,87,,12.526718139648438,16.55120849609375
,1404,87,,11.661355018615723,14.6942138671875
,1405,87,,10.066558837890625,13.18206787109375
,1406,87,,9.670459747314453,12.67852783203125
,1407,87,,9.949951171875,14.202880859375
1408,,88,109.84822845458984,,2.32086181640625
1409,,88,37.789939880371094,,4.52880859375
1410,,88,39.648868560791016,,4.4921875
1411,,88,29.30044937133789,,0.6378173828125
1412,,88,31.324188232421875,,11.1785888671875
1413,,88,74.40061950683594,,2.54669189453125
1414,,88,128.97866821289062,,11.541748046875
1415,,88,111.85708618164062,,9.05303955078125
1416,,88,1320.163818359375,,26.48162841796875
1417,,88,17.094501495361328,,2.54669189453125
1418,,88,34.75572204589844,,7.20977783203125
1419,,88,45.1082649230957,,6.6619873046875
1420,,88,104.63299560546875,,14.678955078125
1421,,88,62.592281341552734,,9.08355712890625
1422,,88,80.98255157470703,,6.268310546875
1423,,88,52.46746826171875,,1.55181884765625
,1408,88,,52.55247497558594,11.65313720703125
,1409,88,,44.172607421875,14.95513916015625
,1410,88,,41.55690002441406,10.1531982421875
,1411,88,,45.27255630493164,14.0594482421875
,1412,88,,43.36122131347656,10.85052490234375
,1413,88,,38.302528381347656,15.2008056640625
,1414,88,,41.493797302246094,13.751220703125
,1415,88,,49.30431365966797,17.02880859375
,1416,88,,41.268455505371094,14.68353271484375
,1417,88,,51.819847106933594,9.87548828125
,1418,88,,48.5920295715332,13.0859375
,1419,88,,43.89153289794922,10.5987548828125
,1420,88,,45.49871063232422,12.59002685546875
,1421,88,,41.858665466308594,18.11981201171875
,1422,88,,46.934547424316406,15.4571533203125
,1423,88,,45.09868621826172,15.24658203125
1424,,89,36.73835754394531,,8.74481201171875
1425,,89,9.194652557373047,,5.47027587890625
1426,,89,125.57653045654297,,10.07232666015625
1427,,89,222.80355834960938,,3.30963134765625
1428,,89,49.04479217529297,,5.7037353515625
1429,,89,507.3543395996094,,1.33514404296875
1430,,89,79.59406280517578,,8.807373046875
1431,,89,144.6318817138672,,12.1673583984375
1432,,89,104.17723083496094,,14.03656005859375
1433,,89,846.0615234375,,21.0113525390625
1434,,89,86.93058776855469,,9.9639892578125
1435,,89,147.79498291015625,,3.076171875
1436,,89,142.3966064453125,,10.56365966796875
1437,,89,36.83976364135742,,4.18243408203125
1438,,89,87.9305648803711,,3.9794921875
1439,,89,252.6693878173828,,15.19012451171875
,1424,89,,10.415285110473633,12.8570556640625
,1425,89,,10.316254615783691,15.53192138671875
,1426,89,,13.982820510864258,21.05712890625
,1427,89,,7.22824239730835,10.1287841796875
,1428,89,,8.87661361694336,13.06304931640625
,1429,89,,14.811541557312012,17.9718017578125
,1430,89,,10.145450592041016,17.071533203125
,1431,89,,8.833131790161133,13.76190185546875
,1432,89,,12.066293716430664,14.63470458984375
,1433,89,,15.584280014038086,20.79315185546875
,1434,89,,11.462175369262695,13.59405517578125
,1435,89,,12.315583229064941,17.55828857421875
,1436,89,,6.54688024520874,10.83831787109375
,1437,89,,8.972193717956543,13.3697509765625
,1438,89,,7.578649997711182,12.92724609375
,1439,89,,9.634801864624023,16.07208251953125
1440,,90,61.97354507446289,,3.0548095703125
1441,,90,97.97239685058594,,14.40887451171875
1442,,90,44.19871139526367,,11.2396240234375
1443,,90,134.31369018554688,,6.20574951171875
1444,,90,625.5364379882812,,25.128173828125
1445,,90,72.4367904663086,,13.0096435546875
1446,,90,176.327392578125,,4.24346923828125
1447,,90,204.7348175048828,,16.15753173828125
1448,,90,115.3086166381836,,3.52935791015625
1449,,90,82.02739715576172,,3.64532470703125
1450,,90,202.43736267089844,,9.00115966796875
1451,,90,60.070980072021484,,7.0953369140625
1452,,90,160.83877563476562,,11.77215576171875
1453,,90,41.9450798034668,,12.322998046875
1454,,90,151.24658203125,,15.28472900390625
1455,,90,69.06552124023438,,4.71038818359375
,1440,90,,10.115392684936523,14.605712890625
,1441,90,,12.935285568237305,15.86151123046875
,1442,90,,9.162216186523438,12.469482421875
,1443,90,,8.725139617919922,11.97967529296875
,1444,90,,15.524909973144531,19.49310302734375
,1445,90,,10.63998031616211,13.6627197265625
,1446,90,,14.070993423461914,17.90771484375
,1447,90,,10.120641708374023,15.02685546875
,1448,90,,10.485860824584961,14.9017333984375
,1449,90,,14.727289199829102,19.390869140625
,1450,90,,13.94670295715332,17.53692626953125
,1451,90,,8.868328094482422,11.71722412109375
,1452,90,,11.157997131347656,15.155029296875
,1453,90,,16.71186065673828,19.818115234375
,1454,90,,13.476530075073242,19.19708251953125
,1455,90,,8.62212085723877,12.8082275390625
1456,,91,116.69784545898438,,11.79962158203125
1457,,91,72.81013488769531,,5.1116943359375
1458,,91,45.095802307128906,,11.16790771484375
1459,,91,134.26364135742188,,6.9854736328125
1460,,91,92.1634292602539,,6.060791015625
1461,,91,105.706298828125,,6.68487548828125
1462,,91,65.78713989257812,,11.30523681640625
1463,,91,116.02862548828125,,14.508056640625
1464,,91,54.95751190185547,,6.00128173828125
1465,,91,72.19537353515625,,11.36932373046875
1466,,91,133.15171813964844,,14.99176025390625
1467,,91,44.280174255371094,,9.31243896484375
1468,,91,27.787124633789062,,9.38720703125
1469,,91,217.58384704589844,,2.22015380859375
1470,,91,114.85403442382812,,11.6485595703125
1471,,91,50.95695495605469,,1.04522705078125
,1456,91,,36.468833923339844,14.34326171875
,1457,91,,43.25163269042969,15.43121337890625
,1458,91,,45.30815505981445,11.90338134765625
,1459,91,,36.98210906982422,13.76190185546875
,1460,91,,40.420047760009766,15.7318115234375
,1461,91,,36.63801956176758,18.43109130859375
,1462,91,,34.34228515625,19.92340087890625
,1463,91,,35.159122467041016,16.07666015625
,1464,91,,34.86738204956055,17.21038818359375
,1465,91,,37.90647888183594,14.1845703125
,1466,91,,43.13313293457031,14.14794921875
,1467,91,,37.88140106201172,16.2139892578125
,1468,91,,35.83164978027344,15.6219482421875
,1469,91,,41.703338623046875,12.76092529296875
,1470,91,,37.7733154296875,16.60003662109375
,1471,91,,37.98450469970703,17.7642822265625
1472,,92,50.19213104248047,,6.8328857421875
1473,,92,53.35640335083008,,11.19384765625
1474,,92,67.59126281738281,,7.43560791015625
1475,,92,174.4325408935547,,16.534423828125
1476,,92,35.93619918823242,,9.64202880859375
1477,,92,198.10601806640625,,4.26483154296875
1478,,92,335.60650634765625,,16.6595458984375
1479,,92,257.18255615234375,,20.14923095703125
1480,,92,350.96875,,5.92498779296875
1481,,92,101.2792739868164,,9.1339111328125
1482,,92,148.45388793945312,,4.66766357421875
1483,,92,140.10787963867188,,15.91949462890625
1484,,92,86.93598175048828,,10.56976318359375
1485,,92,125.81088256835938,,12.9852294921875
1486,,92,30.283737182617188,,7.74383544921875
1487,,92,89.19158935546875,,5.1483154296875
,1472,92,,8.700252532958984,13.23394775390625
,1473,92,,7.763125419616699,13.018798828125
,1474,92,,8.696370124816895,12.71514892578125
,1475,92,,10.146547317504883,14.6575927734375
,1476,92,,8.972166061401367,13.0767822265625
,1477,92,,11.781323432922363,16.08734130859375
,1478,92,,11.269763946533203,14.251708984375
,1479,92,,8.470748901367188,15.0482177734375
,1480,92,,11.412296295166016,14.48211669921875
,1481,92,,6.348662376403809,9.33990478515625
,1482,92,,13.095357894897461,16.8609619140625
,1483,92,,11.424461364746094,16.2994384765625
,1484,92,,9.514906883239746,15.1611328125
,1485,92,,8.764326095581055,12.49237060546875
,1486,92,,16.899887084960938,19.81048583984375
,1487,92,,13.508213996887207,18.7225341796875
1488,,93,291.5393371582031,,19.4976806640625
1489,,93,41.90699005126953,,11.187744140625
1490,,93,73.33466339111328,,2.87933349609375
1491,,93,138.936279296875,,10.88104248046875
1492,,93,79.8636474609375,,6.6680908203125
1493,,93,93.61463928222656,,6.1248779296875
1494,,93,74.44703674316406,,9.43450927734375
1495,,93,114.38028717041016,,8.990478515625
1496,,93,48.75884246826172,,5.7281494140625
1497,,93,29.074506759643555,,5.8624267578125
1498,,93,94.06819915771484,,13.48114013671875
1499,,93,179.46878051757812,,10.1593017578125
1500,,93,107.64730072021484,,10.52093505859375
1501,,93,79.36325073242188,,6.9976806640625
1502,,93,104.58132934570312,,9.34295654296875
1503,,93,61.491539001464844,,12.3291015625
,1488,93,,8.633099555969238,14.8712158203125
,1489,93,,5.838431358337402,12.09716796875
,1490,93,,8.968531608581543,15.08331298828125
,1491,93,,9.951592445373535,13.5406494140625
,1492,93,,8.702266693115234,12.7838134765625
,1493,93,,11.797662734985352,17.62847900390625
,1494,93,,15.31212043762207,19.2626953125
,1495,93,,6.863215446472168,11.19842529296875
,1496,93,,8.044976234436035,12.24517822265625
,1497,93,,10.768484115600586,16.49169921875
,1498,93,,9.759880065917969,16.08428955078125
,1499,93,,7.52998161315918,9.9700927734375
,1500,93,,8.094557762145996,13.70086669921875
,1501,93,,12.86524486541748,16.119384765625
,1502,93,,10.707446098327637,14.715576171875
,1503,93,,10.08715534210205,13.66119384765625
1504,,94,167.93991088867188,,6.40106201171875
1505,,94,53.38391876220703,,7.42340087890625
1506,,94,204.8863525390625,,2.093505859375
1507,,94,66.59877014160156,,9.0423583984375
1508,,94,138.4171600341797,,9.6588134765625
1509,,94,416.68408203125,,22.55706787109375
1510,,94,16.183242797851562,,5.83038330078125
1511,,94,142.11497497558594,,9.18121337890625
1512,,94,242.7893524169922,,9.991455078125
1513,,94,44.642723083496094,,7.1563720703125
1514,,94,42.62384033203125,,2.398681640625
1515,,94,46.635475158691406,,4.2449951171875
1516,,94,85.2617416381836,,9.7808837890625
1517,,94,27.88808250427246,,5.853271484375
1518,,94,182.9591827392578,,9.7381591796875
1519,,94,156.9920196533203,,2.13165283203125
,1504,94,,14.863221168518066,10.56060791015625
,1505,94,,12.71737289428711,14.61181640625
,1506,94,,12.732151985168457,11.53411865234375
,1507,94,,12.519122123718262,12.8997802734375
,1508,94,,11.91145133972168,16.58172607421875
,1509,94,,13.11231517791748,18.939208984375
,1510,94,,13.302421569824219,13.99078369140625
,1511,94,,13.59535026550293,10.18829345703125
,1512,94,,13.097789764404297,8.148193359375
,1513,94,,11.193705558776855,19.45343017578125
,1514,94,,11.285009384155273,15.069580078125
,1515,94,,11.073091506958008,11.44561767578125
,1516,94,,9.403831481933594,16.1346435546875
,1517,94,,8.16940689086914,15.76080322265625
,1518,94,,12.76910400390625,10.6201171875
,1519,94,,14.023937225341797,14.30816650390625
1520,,95,76.8510513305664,,9.94720458984375
1521,,95,44.35232925415039,,8.8409423828125
1522,,95,121.24666595458984,,12.76397705078125
1523,,95,167.06948852539062,,17.72613525390625
1524,,95,75.7420425415039,,10.55145263671875
1525,,95,73.19015502929688,,10.60028076171875
1526,,95,229.97390747070312,,15.7501220703125
1527,,95,135.8022918701172,,12.64495849609375
1528,,95,82.23041534423828,,10.1226806640625
1529,,95,137.4801025390625,,17.4468994140625
1530,,95,165.6165008544922,,16.68853759765625
1531,,95,104.15140533447266,,5.99822998046875
1532,,95,118.21210479736328,,1.68304443359375
1533,,95,30.157424926757812,,10.21575927734375
1534,,95,228.78851318359375,,12.744140625
1535,,95,45.05278778076172,,11.32354736328125
,1520,95,,13.47623348236084,13.6138916015625
,1521,95,,11.696474075317383,17.02423095703125
,1522,95,,12.152030944824219,16.4093017578125
,1523,95,,13.45899486541748,15.4083251953125
,1524,95,,13.72986888885498,15.75469970703125
,1525,95,,21.063451766967773,7.80181884765625
,1526,95,,13.019047737121582,19.5709228515625
,1527,95,,13.54017162322998,15.33966064453125
,1528,95,,16.601627349853516,16.37420654296875
,1529,95,,12.731782913208008,11.9476318359375
,1530,95,,11.075139999389648,14.6697998046875
,1531,95,,12.695613861083984,15.9454345703125
,1532,95,,12.894966125488281,17.48809814453125
,1533,95,,13.410128593444824,14.76898193359375
,1534,95,,13.6998872756958,11.8988037109375
,1535,95,,14.176900863647461,15.4266357421875
1536,,96,29.431303024291992,,4.132080078125
1537,,96,64.98170471191406,,15.23284912109375
1538,,96,133.8855743408203,,3.6163330078125
1539,,96,202.9347686767578,,16.876220703125
1540,,96,34.55149459838867,,13.9678955078125
1541,,96,150.74403381347656,,22.41668701171875
1542,,96,78.82177734375,,7.75604248046875
1543,,96,37.831336975097656,,15.09246826171875
1544,,96,134.78878784179688,,8.18328857421875
1545,,96,238.19607543945312,,8.10394287109375
1546,,96,433.2440490722656,,21.86126708984375
1547,,96,99.05012512207031,,6.36444091796875
1548,,96,259.520751953125,,2.734375
1549,,96,128.79127502441406,,7.0526123046875
1550,,96,30.099571228027344,,10.36376953125
1551,,96,41.08528518676758,,4.16259765625
,1536,96,,12.605161666870117,15.79132080078125
,1537,96,,12.402793884277344,15.39459228515625
,1538,96,,7.331774711608887,11.11907958984375
,1539,96,,11.417145729064941,15.53802490234375
,1540,96,,8.694768905639648,11.993408203125
,1541,96,,9.950857162475586,14.87884521484375
,1542,96,,10.130922317504883,15.2435302734375
,1543,96,,13.127507209777832,16.8914794921875
,1544,96,,9.032880783081055,14.068603515625
,1545,96,,12.19171142578125,15.89813232421875
,1546,96,,6.947080135345459,10.58349609375
,1547,96,,11.488750457763672,15.65704345703125
,1548,96,,9.891748428344727,13.31024169921875
,1549,96,,9.088220596313477,12.45880126953125
,1550,96,,15.149270057678223,18.58367919921875
,1551,96,,12.984621047973633,16.1376953125
1552,,97,113.37393188476562,,6.71234130859375
1553,,97,33.430545806884766,,6.6497802734375
1554,,97,127.10382080078125,,7.13653564453125
1555,,97,42.08388137817383,,14.263916015625
1556,,97,112.53068542480469,,12.95166015625
1557,,97,144.81005859375,,19.22454833984375
1558,,97,227.5281524658203,,14.52789306640625
1559,,97,534.8485107421875,,21.929931640625
1560,,97,110.25,,15.97900390625
1561,,97,127.3892822265625,,7.42645263671875
1562,,97,76.42243957519531,,4.8492431640625
1563,,97,71.0638427734375,,5.96923828125
1564,,97,169.0875244140625,,21.06781005859375
1565,,97,68.31877899169922,,5.40618896484375
1566,,97,78.24495697021484,,10.00213623046875
1567,,97,110.71519470214844,,12.4755859375
,1552,97,,10.41724681854248,16.91436767578125
,1553,97,,14.324338912963867,18.780517578125
,1554,97,,15.285798072814941,18.40667724609375
,1555,97,,9.025961875915527,14.07012939453125
,1556,97,,7.030107498168945,10.479736328125
,1557,97,,9.118919372558594,13.46588134765625
,1558,97,,14.770888328552246,18.16253662109375
,1559,97,,9.816765785217285,13.42010498046875
,1560,97,,8.642305374145508,11.883544921875
,1561,97,,11.443177223205566,17.55218505859375
,1562,97,,8.706125259399414,12.5701904296875
,1563,97,,11.140201568603516,15.2679443359375
,1564,97,,6.769984245300293,12.091064453125
,1565,97,,10.773214340209961,13.2293701171875
,1566,97,,8.66726303100586,13.11492919921875
,1567,97,,9.452604293823242,13.04473876953125
1568,,98,64.70057678222656,,14.23797607421875
1569,,98,77.72547912597656,,10.9344482421875
1570,,98,240.7050018310547,,10.77117919921875
1571,,98,117.47767639160156,,6.512451171875
1572,,98,63.70964813232422,,6.99462890625
1573,,98,48.36193084716797,,9.6282958984375
1574,,98,427.3475341796875,,20.37811279296875
1575,,98,181.421875,,5.87615966796875
1576,,98,272.9205017089844,,16.71905517578125
1577,,98,42.264801025390625,,6.33697509765625
1578,,98,95.69122314453125,,10.29052734375
1579,,98,48.10760498046875,,9.423828125
1580,,98,94.71923828125,,6.11114501953125
1581,,98,56.321022033691406,,9.05914306640625
1582,,98,74.323974609375,,10.491943359375
1583,,98,61.18614196777344,,5.52520751953125
,1568,98,,13.398860931396484,18.58978271484375
,1569,98,,11.511428833007812,16.558837890625
,1570,98,,8.685979843139648,14.12353515625
,1571,98,,10.043882369995117,15.85235595703125
,1572,98,,11.649152755737305,16.38336181640625
,1573,98,,11.377080917358398,18.255615234375
,1574,98,,12.088007926940918,16.766357421875
,1575,98,,6.179378509521484,9.96856689453125
,1576,98,,12.142885208129883,16.80908203125
,1577,98,,8.993389129638672,12.652587890625
,1578,98,,8.888847351074219,13.140869140625
,1579,98,,9.16419506072998,13.53302001953125
,1580,98,,11.052492141723633,14.337158203125
,1581,98,,10.383099555969238,16.8670654296875
,1582,98,,8.131941795349121,12.80670166015625
,1583,98,,9.103996276855469,14.73541259765625
1584,,99,57.09193420410156,,5.694580078125
1585,,99,309.881591796875,,23.58245849609375
1586,,99,81.40176391601562,,13.336181640625
1587,,99,94.35198974609375,,11.9964599609375
1588,,99,27.770397186279297,,15.234375
1589,,99,158.1912841796875,,4.296875
1590,,99,118.26335144042969,,4.0618896484375
1591,,99,37.67746353149414,,4.23126220703125
1592,,99,128.03396606445312,,7.43560791015625
1593,,99,124.62747955322266,,14.36614990234375
1594,,99,90.52972412109375,,9.124755859375
1595,,99,121.54132080078125,,17.510986328125
1596,,99,92.79183197021484,,8.52203369140625
1597,,99,74.5455093383789,,3.27606201171875
1598,,99,161.86099243164062,,20.29266357421875
1599,,99,82.74922180175781,,9.10491943359375
,1584,99,,43.208126068115234,16.72515869140625
,1585,99,,44.58673858642578,9.8785400390625
,1586,99,,41.68213653564453,14.87579345703125
,1587,99,,37.666481018066406,16.4581298828125
,1588,99,,48.27113723754883,12.61444091796875
,1589,99,,40.63642501831055,19.43511962890625
,1590,99,,34.64426803588867,13.9923095703125
,1591,99,,48.23739242553711,11.93084716796875
,1592,99,,44.337249755859375,10.6414794921875
,1593,99,,41.71808624267578,13.20343017578125
,1594,99,,47.621253967285156,11.40899658203125
,1595,99,,46.68244171142578,12.7685546875
,1596,99,,43.72711944580078,19.12994384765625
,1597,99,,46.44512176513672,12.07427978515625
,1598,99,,37.25244140625,13.9373779296875
,1599,99,,36.39330291748047,24.0997314453125
1600,,100,62.4063720703125,,10.003662109375
1601,,100,59.931549072265625,,5.6304931640625
1602,,100,123.05131530761719,,12.24517822265625
1603,,100,43.71585464477539,,9.21783447265625
1604,,100,64.45018005371094,,9.8114013671875
1605,,100,150.6407470703125,,7.1990966796875
1606,,100,18.317424774169922,,10.70556640625
1607,,100,233.5993194580078,,18.0023193359375
1608,,100,69.72093200683594,,15.21759033203125
1609,,100,187.99684143066406,,8.33892822265625
1610,,100,39.904319763183594,,15.03143310546875
1611,,100,148.54078674316406,,16.815185546875
1612,,100,21.110454559326172,,5.5145263671875
1613,,100,49.13167953491211,,10.74981689453125
1614,,100,148.03445434570312,,10.211181640625
1615,,100,143.43922424316406,,10.11199951171875
,1600,100,,23.385761260986328,12.30010986328125
,1601,100,,26.50963592529297,14.44549560546875
,1602,100,,25.338520050048828,21.69952392578125
,1603,100,,23.49860382080078,13.4368896484375
,1604,100,,22.52393913269043,13.36822509765625
,1605,100,,24.865379333496094,15.08941650390625
,1606,100,,24.966773986816406,14.7979736328125
,1607,100,,23.214336395263672,11.846923828125
,1608,100,,24.03177261352539,16.30859375
,1609,100,,23.56417465209961,14.78424072265625
,1610,100,,22.054485321044922,13.24310302734375
,1611,100,,30.05390167236328,15.17181396484375
,1612,100,,16.209022521972656,15.53192138671875
,1613,100,,22.165327072143555,13.8641357421875
,1614,100,,25.262088775634766,15.8233642578125
,1615,100,,20.69771385192871,11.36016845703125
1616,,101,44.79381561279297,,8.5968017578125
1617,,101,25.493961334228516,,13.09051513671875
1618,,101,130.09942626953125,,5.023193359375
1619,,101,42.88039016723633,,7.92694091796875
1620,,101,64.2879638671875,,10.3729248046875
1621,,101,54.052772521972656,,13.8519287109375
1622,,101,135.6887969970703,,4.4677734375
1623,,101,49.05583190917969,,9.14764404296875
1624,,101,135.11570739746094,,18.87054443359375
1625,,101,28.156213760375977,,11.07330322265625
1626,,101,121.08626556396484,,9.65576171875
1627,,101,100.82666015625,,8.197021484375
1628,,101,398.3099060058594,,23.907470703125
1629,,101,21.362041473388672,,12.451171875
1630,,101,253.02853393554688,,7.769775390625
1631,,101,116.68199920654297,,6.658935546875
,1616,101,,12.650525093078613,15.05889892578125
,1617,101,,13.005953788757324,16.8304443359375
,1618,101,,14.309808731079102,19.757080078125
,1619,101,,11.635396957397461,15.92864990234375
,1620,101,,13.60890007019043,16.64886474609375
,1621,101,,16.337228775024414,18.96514892578125
,1622,101,,7.293259620666504,9.16900634765625
,1623,101,,10.339059829711914,14.6209716796875
,1624,101,,9.847082138061523,12.70599365234375
,1625,101,,15.587032318115234,19.91729736328125
,1626,101,,12.490188598632812,17.8924560546875
,1627,101,,16.634761810302734,19.18792724609375
,1628,101,,10.676517486572266,15.14434814453125
,1629,101,,12.341117858886719,16.80450439453125
,1630,101,,13.382621765136719,18.13507080078125
,1631,101,,10.565330505371094,15.21759033203125
1632,,102,28.554292678833008,,12.9486083984375
1633,,102,62.19233322143555,,3.81011962890625
1634,,102,81.84815979003906,,16.2078857421875
1635,,102,19.8630313873291,,5.0872802734375
1636,,102,57.110015869140625,,16.36505126953125
1637,,102,324.6111755371094,,5.2276611328125
1638,,102,32.33515548706055,,5.987548828125
1639,,102,30.6722412109375,,4.4342041015625
1640,,102,60.197898864746094,,9.5672607421875
1641,,102,128.69021606445312,,14.788818359375
1642,,102,130.75787353515625,,1.64337158203125
1643,,102,36.57261657714844,,9.320068359375
1644,,102,47.30062484741211,,8.11309814453125
1645,,102,11.7590913772583,,8.31756591796875
1646,,102,36.97346115112305,,10.4095458984375
1647,,102,87.60323333740234,,13.8427734375
,1632,102,,18.457496643066406,13.629150390625
,1633,102,,15.086265563964844,14.65301513671875
,1634,102,,9.119705200195312,15.313720703125
,1635,102,,20.122028350830078,16.55120849609375
,1636,102,,11.54358196258545,15.3778076171875
,1637,102,,19.423954010009766,20.6878662109375
,1638,102,,12.995067596435547,12.23297119140625
,1639,102,,18.805450439453125,15.64788818359375
,1640,102,,12.570426940917969,13.14697265625
,1641,102,,16.4862060546875,15.460205078125
,1642,102,,13.204023361206055,16.67022705078125
,1643,102,,20.3431339263916,15.74249267578125
,1644,102,,19.443355560302734,22.9034423828125
,1645,102,,15.714272499084473,16.3238525390625
,1646,102,,7.460517883300781,10.24627685546875
,1647,102,,22.757036209106445,18.27545166015625
1648,,103,70.30963134765625,,6.8023681640625
1649,,103,87.48625183105469,,7.04498291015625
1650,,103,71.22242736816406,,5.37109375
1651,,103,278.01324462890625,,19.72503662109375
1652,,103,188.61094665527344,,5.15899658203125
1653,,103,274.103759765625,,15.42510986328125
1654,,103,128.31317138671875,,3.64227294921875
1655,,103,68.28919982910156,,3.65753173828125
1656,,103,160.18319702148438,,10.076904296875
1657,,103,72.50782775878906,,12.16888427734375
1658,,103,5.403923034667969,,6.7291259765625
1659,,103,43.98989486694336,,4.2633056640625
1660,,103,233.2942352294922,,10.4278564453125
1661,,103,13.943163871765137,,4.62646484375
1662,,103,175.6025848388672,,10.38665771484375
1663,,103,106.59221649169922,,10.28900146484375
,1648,103,,9.685441970825195,14.72930908203125
,1649,103,,10.12177562713623,16.119384765625
,1650,103,,8.616791725158691,11.87286376953125
,1651,103,,10.83987808227539,15.66009521484375
,1652,103,,14.3215913772583,20.68023681640625
,1653,103,,7.31270694732666,12.5244140625
,1654,103,,11.441930770874023,17.53997802734375
,1655,103,,9.96214485168457,17.4896240234375
,1656,103,,6.361364364624023,11.6607666015625
,1657,103,,5.931859016418457,9.8846435546875
,1658,103,,10.98598861694336,15.55938720703125
,1659,103,,8.202201843261719,14.3585205078125
,1660,103,,11.469930648803711,18.7957763671875
,1661,103,,13.873539924621582,19.48394775390625
,1662,103,,7.58316707611084,13.73291015625
,1663,103,,13.358325958251953,17.81158447265625
1664,,104,49.273643493652344,,8.526611328125
1665,,104,99.0486068725586,,10.43701171875
1666,,104,10.641046524047852,,3.87725830078125
1667,,104,162.12887573242188,,5.0689697265625
1668,,104,59.73558044433594,,7.64312744140625
1669,,104,117.53816223144531,,15.87677001953125
1670,,104,241.80154418945312,,16.168212890625
1671,,104,367.1388854980469,,12.23602294921875
1672,,104,40.91495132446289,,6.1370849609375
1673,,104,86.64361572265625,,2.4322509765625
1674,,104,79.14671325683594,,3.8299560546875
1675,,104,79.99419403076172,,9.8236083984375
1676,,104,73.86541748046875,,8.70208740234375
1677,,104,303.6841735839844,,19.15740966796875
1678,,104,24.693099975585938,,9.79156494140625
1679,,104,46.39277648925781,,2.8106689453125
,1664,104,,40.107139587402344,17.08526611328125
,1665,104,,44.63077926635742,17.75054931640625
,1666,104,,44.61665344238281,15.6829833984375
,1667,104,,47.501014709472656,14.18304443359375
,1668,104,,41.75924301147461,16.66259765625
,1669,104,,46.012657165527344,14.0106201171875
,1670,104,,40.410797119140625,12.72735595703125
,1671,104,,39.70442581176758,17.06085205078125
,1672,104,,41.11143493652344,18.8201904296875
,1673,104,,48.65724182128906,13.00048828125
,1674,104,,42.268280029296875,15.50445556640625
,1675,104,,45.60992431640625,15.57464599609375
,1676,104,,43.64689254760742,11.614990234375
,1677,104,,41.07660675048828,17.9107666015625
,1678,104,,52.236881256103516,10.3668212890625
,1679,104,,45.93196105957031,15.093994140625
1680,,105,144.1826171875,,8.04290771484375
1681,,105,158.19027709960938,,5.62286376953125
1682,,105,166.28170776367188,,19.74945068359375
1683,,105,160.65660095214844,,18.5211181640625
1684,,105,37.83268737792969,,9.96551513671875
1685,,105,166.07095336914062,,1.0345458984375
1686,,105,32.65788269042969,,4.43267822265625
1687,,105,35.785560607910156,,15.03448486328125
1688,,105,154.25863647460938,,11.84234619140625
1689,,105,35.7385139465332,,9.16900634765625
1690,,105,166.8675079345703,,8.24127197265625
1691,,105,311.1671447753906,,4.23431396484375
1692,,105,65.56499481201172,,4.72869873046875
1693,,105,75.38225555419922,,11.95220947265625
1694,,105,255.15301513671875,,13.85650634765625
1695,,105,132.9873046875,,11.505126953125
,1680,105,,9.731962203979492,13.24310302734375
,1681,105,,11.401870727539062,14.837646484375
,1682,105,,6.337620735168457,9.91973876953125
,1683,105,,8.268768310546875,14.36920166015625
,1684,105,,5.646971225738525,9.82818603515625
,1685,105,,6.440588474273682,10.2569580078125
,1686,105,,13.365987777709961,17.73529052734375
,1687,105,,10.696907043457031,16.13311767578125
,1688,105,,6.1539435386657715,9.0972900390625
,1689,105,,16.124385833740234,20.39794921875
,1690,105,,8.598597526550293,12.33673095703125
,1691,105,,12.183679580688477,16.8609619140625
,1692,105,,7.877360820770264,10.3363037109375
,1693,105,,17.162071228027344,22.821044921875
,1694,105,,7.813639163970947,12.08953857421875
,1695,105,,12.80034065246582,16.4459228515625
1696,,106,115.72769165039062,,14.88494873046875
1697,,106,49.246002197265625,,10.25390625
1698,,106,51.770565032958984,,9.71832275390625
1699,,106,36.909751892089844,,7.77130126953125
1700,,106,223.8582763671875,,8.58154296875
1701,,106,81.7670669555664,,12.29095458984375
1702,,106,154.47991943359375,,8.07037353515625
1703,,106,57.73662567138672,,1.2603759765625
1704,,106,30.779766082763672,,3.88946533203125
1705,,106,51.60652160644531,,4.168701171875
1706,,106,108.20325469970703,,9.48638916015625
1707,,106,1081.632080078125,,30.72357177734375
1708,,106,62.154815673828125,,6.3720703125
1709,,106,150.8153533935547,,16.31622314453125
1710,,106,34.32573318481445,,2.50701904296875
1711,,106,47.333099365234375,,5.22918701171875
,1696,106,,17.570537567138672,13.079833984375
,1697,106,,17.067359924316406,19.04449462890625
,1698,106,,15.249765396118164,18.7164306640625
,1699,106,,16.73501968383789,14.38751220703125
,1700,106,,15.785776138305664,12.8875732421875
,1701,106,,20.793142318725586,17.46368408203125
,1702,106,,13.89699935913086,14.697265625
,1703,106,,14.476458549499512,20.3033447265625
,1704,106,,15.80744457244873,14.9078369140625
,1705,106,,18.134620666503906,13.26446533203125
,1706,106,,19.428112030029297,15.94696044921875
,1707,106,,21.17782211303711,9.72137451171875
,1708,106,,24.537487030029297,10.80169677734375
,1709,106,,15.396141052246094,13.19122314453125
,1710,106,,14.417739868164062,14.87884521484375
,1711,106,,17.615291595458984,10.37750244140625
1712,,107,145.7961883544922,,4.32586669921875
1713,,107,75.99467468261719,,8.36334228515625
1714,,107,35.68097686767578,,9.28955078125
1715,,107,339.43035888671875,,4.4708251953125
1716,,107,166.39291381835938,,6.9976806640625
1717,,107,29.138195037841797,,5.54656982421875
1718,,107,35.31922912597656,,7.14263916015625
1719,,107,36.158973693847656,,9.4940185546875
1720,,107,183.3352813720703,,6.8267822265625
1721,,107,146.2546844482422,,8.3099365234375
1722,,107,129.60801696777344,,5.16815185546875
1723,,107,138.40509033203125,,9.51690673828125
1724,,107,125.75749969482422,,10.46600341796875
1725,,107,28.67151641845703,,8.074951171875
1726,,107,121.04646301269531,,12.79754638671875
1727,,107,93.18819427490234,,9.7442626953125
,1712,107,,23.23576545715332,13.592529296875
,1713,107,,25.331836700439453,11.73248291015625
,1714,107,,24.852563858032227,17.70477294921875
,1715,107,,22.546894073486328,16.50543212890625
,1716,107,,25.068546295166016,15.69671630859375
,1717,107,,24.90480613708496,17.43927001953125
,1718,107,,26.640003204345703,17.20733642578125
,1719,107,,26.568443298339844,17.132568359375
,1720,107,,30.62620735168457,10.8306884765625
,1721,107,,20.610687255859375,14.77203369140625
,1722,107,,21.116601943969727,17.87872314453125
,1723,107,,24.79155921936035,15.12603759765625
,1724,107,,27.277156829833984,16.98150634765625
,1725,107,,24.298500061035156,19.60906982421875
,1726,107,,30.56199836730957,13.7176513671875
,1727,107,,25.851444244384766,12.81890869140625
1728,,108,47.64942169189453,,7.7667236328125
1729,,108,59.173133850097656,,9.3353271484375
1730,,108,161.11170959472656,,5.126953125
1731,,108,274.0834045410156,,14.52178955078125
1732,,108,133.3521728515625,,6.39495849609375
1733,,108,102.39141845703125,,10.174560546875
1734,,108,79.16265869140625,,7.2540283203125
1735,,108,84.88036346435547,,11.0809326171875
1736,,108,70.33619689941406,,11.8682861328125
1737,,108,361.02105712890625,,15.62957763671875
1738,,108,116.15531921386719,,10.11810302734375
1739,,108,131.92938232421875,,9.9395751953125
1740,,108,105.06387329101562,,8.5540771484375
1741,,108,61.047325134277344,,13.0462646484375
1742,,108,84.38240051269531,,2.4810791015625
1743,,108,69.1683349609375,,5.37109375
,1728,108,,6.095688819885254,13.7969970703125
,1729,108,,11.482294082641602,19.781494140625
,1730,108,,10.398285865783691,18.48297119140625
,1731,108,,10.341856002807617,18.7774658203125
,1732,108,,6.992283821105957,11.8804931640625
,1733,108,,9.009371757507324,18.3624267578125
,1734,108,,7.395659446716309,13.62762451171875
,1735,108,,7.445652484893799,12.53662109375
,1736,108,,6.3813982009887695,11.6912841796875
,1737,108,,7.8747172355651855,13.57574462890625
,1738,108,,8.344526290893555,11.75079345703125
,1739,108,,13.208985328674316,22.26715087890625
,1740,108,,8.987835884094238,17.06390380859375
,1741,108,,11.20012378692627,21.04949951171875
,1742,108,,8.391845703125,11.4227294921875
,1743,108,,8.655132293701172,15.2130126953125
1744,,109,52.44822692871094,,9.2254638671875
1745,,109,80.45999145507812,,7.7484130859375
1746,,109,60.46049118041992,,9.64813232421875
1747,,109,113.93299865722656,,12.10479736328125
1748,,109,80.5424575805664,,14.4439697265625
1749,,109,104.22101593017578,,2.081298828125
1750,,109,86.52351379394531,,8.70513916015625
1751,,109,66.56776428222656,,6.49566650390625
1752,,109,81.16567993164062,,17.16766357421875
1753,,109,228.61968994140625,,22.418212890625
1754,,109,44.749488830566406,,8.20465087890625
1755,,109,223.2383270263672,,18.34259033203125
1756,,109,37.63441467285156,,10.02655029296875
1757,,109,77.01222229003906,,13.9251708984375
1758,,109,53.785118103027344,,4.693603515625
1759,,109,183.7744598388672,,6.70166015625
,1744,109,,25.74588394165039,12.44354248046875
,1745,109,,13.72321891784668,11.85302734375
,1746,109,,14.91828441619873,16.912841796875
,1747,109,,15.238073348999023,13.41552734375
,1748,109,,15.697412490844727,14.49737548828125
,1749,109,,18.843027114868164,19.18792724609375
,1750,109,,12.860679626464844,11.65313720703125
,1751,109,,15.785856246948242,12.98370361328125
,1752,109,,10.672768592834473,15.3472900390625
,1753,109,,12.590608596801758,14.9444580078125
,1754,109,,13.900079727172852,11.5875244140625
,1755,109,,17.580032348632812,14.80712890625
,1756,109,,13.213827133178711,17.95806884765625
,1757,109,,18.56121826171875,13.08441162109375
,1758,109,,17.511699676513672,19.83489990234375
,1759,109,,16.82422637939453,15.4388427734375
1760,,110,39.20173263549805,,10.638427734375
1761,,110,119.27485656738281,,4.86297607421875
1762,,110,99.56446075439453,,2.40631103515625
1763,,110,144.30882263183594,,16.0491943359375
1764,,110,77.27249145507812,,4.8431396484375
1765,,110,134.73695373535156,,2.581787109375
1766,,110,87.45172119140625,,3.89251708984375
1767,,110,117.28914642333984,,14.6942138671875
1768,,110,54.862579345703125,,8.9141845703125
1769,,110,35.567378997802734,,5.27496337890625
1770,,110,123.69856262207031,,17.5750732421875
1771,,110,42.501747131347656,,8.69598388671875
1772,,110,262.66668701171875,,5.59539794921875
1773,,110,77.40097045898438,,4.62493896484375
1774,,110,31.994308471679688,,2.91290283203125
1775,,110,110.63111114501953,,7.4981689453125
,1760,110,,9.759782791137695,15.19927978515625
,1761,110,,9.551788330078125,15.4937744140625
,1762,110,,9.65755558013916,13.46588134765625
,1763,110,,10.871797561645508,15.5792236328125
,1764,110,,7.611987590789795,11.79656982421875
,1765,110,,12.016462326049805,16.05987548828125
,1766,110,,7.996603965759277,14.27001953125
,1767,110,,13.222049713134766,17.91534423828125
,1768,110,,10.02306842803955,15.66314697265625
,1769,110,,9.217351913452148,14.71710205078125
,1770,110,,7.853544235229492,12.76397705078125
,1771,110,,8.820059776306152,12.47100830078125
,1772,110,,8.565256118774414,12.98370361328125
,1773,110,,11.084442138671875,15.3350830078125
,1774,110,,11.08711051940918,16.94488525390625
,1775,110,,11.359785079956055,14.97650146484375
1776,,111,326.72015380859375,,12.95166015625
1777,,111,80.3256607055664,,5.48248291015625
1778,,111,56.60082244873047,,4.8309326171875
1779,,111,37.653167724609375,,2.03094482421875
1780,,111,394.6984558105469,,16.61376953125
1781,,111,87.19425964355469,,2.86865234375
1782,,111,11.35049057006836,,7.89794921875
1783,,111,57.38121032714844,,9.0484619140625
1784,,111,35.56133270263672,,6.25152587890625
1785,,111,50.63371276855469,,13.18511962890625
1786,,111,224.95941162109375,,12.00408935546875
1787,,111,104.4913330078125,,4.51507568359375
1788,,111,205.97218322753906,,4.85076904296875
1789,,111,50.07976150512695,,3.6346435546875
1790,,111,131.00694274902344,,16.35894775390625
1791,,111,73.92048645019531,,3.5919189453125
,1776,111,,10.460599899291992,16.14837646484375
,1777,111,,9.254611015319824,15.22979736328125
,1778,111,,11.982763290405273,20.5352783203125
,1779,111,,8.542681694030762,8.20465087890625
,1780,111,,13.1131591796875,17.46368408203125
,1781,111,,9.035722732543945,15.2496337890625
,1782,111,,12.871746063232422,17.2760009765625
,1783,111,,14.708898544311523,18.29833984375
,1784,111,,8.52183723449707,14.8101806640625
,1785,111,,9.200035095214844,12.85858154296875
,1786,111,,13.023640632629395,17.73834228515625
,1787,111,,7.253111839294434,12.48626708984375
,1788,111,,12.692538261413574,15.753173828125
,1789,111,,16.836519241333008,15.69976806640625
,1790,111,,5.567645072937012,9.90142822265625
,1791,111,,7.37867546081543,14.02587890625
1792,,112,143.46192932128906,,13.56964111328125
1793,,112,62.38408279418945,,3.07464599609375
1794,,112,275.2719421386719,,18.157958984375
1795,,112,134.705810546875,,10.4156494140625
1796,,112,48.703514099121094,,2.75726318359375
1797,,112,81.5154800415039,,11.44256591796875
1798,,112,91.9075927734375,,8.0291748046875
1799,,112,99.53986358642578,,13.1134033203125
1800,,112,33.87455749511719,,10.46142578125
1801,,112,100.47146606445312,,10.09521484375
1802,,112,134.023681640625,,12.0269775390625
1803,,112,104.5379867553711,,12.3260498046875
1804,,112,65.42805480957031,,12.58697509765625
1805,,112,153.36973571777344,,14.83612060546875
1806,,112,31.233562469482422,,16.1285400390625
1807,,112,143.52195739746094,,21.41571044921875
,1792,112,,10.511205673217773,13.1317138671875
,1793,112,,14.564132690429688,13.51776123046875
,1794,112,,8.349102973937988,11.88507080078125
,1795,112,,12.656585693359375,11.70806884765625
,1796,112,,11.326112747192383,18.49517822265625
,1797,112,,7.912726402282715,14.6270751953125
,1798,112,,12.669349670410156,13.43841552734375
,1799,112,,7.0463151931762695,15.3533935546875
,1800,112,,9.305229187011719,11.26861572265625
,1801,112,,9.710793495178223,20.43609619140625
,1802,112,,10.651652336120605,18.56231689453125
,1803,112,,11.105082511901855,8.5479736328125
,1804,112,,12.249200820922852,19.0521240234375
,1805,112,,11.597513198852539,17.4468994140625
,1806,112,,12.484004974365234,16.60003662109375
,1807,112,,9.469881057739258,11.88812255859375
1808,,113,78.70433044433594,,12.32452392578125
1809,,113,70.30569458007812,,8.52508544921875
1810,,113,172.7459716796875,,7.7880859375
1811,,113,25.065250396728516,,12.2955322265625
1812,,113,44.47676086425781,,6.57958984375
1813,,113,69.17748260498047,,1.39923095703125
1814,,113,229.28536987304688,,6.48193359375
1815,,113,137.8626251220703,,11.85150146484375
1816,,113,347.48699951171875,,13.33465576171875
1817,,113,79.98186492919922,,11.6790771484375
1818,,113,62.862701416015625,,2.3773193359375
1819,,113,139.03790283203125,,6.87713623046875
1820,,113,196.22775268554688,,0.7598876953125
1821,,113,61.071964263916016,,3.2745361328125
1822,,113,103.87275695800781,,9.89227294921875
1823,,113,49.211578369140625,,1.88140869140625
,1808,113,,17.748249053955078,19.65789794921875
,1809,113,,15.449941635131836,19.5068359375
,1810,113,,16.67327880859375,18.572998046875
,1811,113,,15.028959274291992,17.78717041015625
,1812,113,,16.33109474182129,17.8436279296875
,1813,113,,15.886408805847168,18.17779541015625
,1814,113,,15.485544204711914,18.3013916015625
,1815,113,,11.114694595336914,14.569091796875
,1816,113,,11.535680770874023,13.12255859375
,1817,113,,11.562278747558594,13.336181640625
,1818,113,,16.773414611816406,19.8028564453125
,1819,113,,14.199697494506836,15.4205322265625
,1820,113,,15.918258666992188,18.7255859375
,1821,113,,14.938334465026855,16.65496826171875
,1822,113,,10.17462158203125,13.2415771484375
,1823,113,,12.540328025817871,19.4305419921875
1824,,114,93.78376007080078,,5.7037353515625
1825,,114,36.05522155761719,,5.18798828125
1826,,114,57.25770950317383,,5.9112548828125
1827,,114,317.18475341796875,,10.98785400390625
1828,,114,150.63832092285156,,8.782958984375
1829,,114,43.26470947265625,,6.02264404296875
1830,,114,33.52552032470703,,5.90972900390625
1831,,114,37.40028381347656,,2.36358642578125
1832,,114,107.05901336669922,,8.63494873046875
1833,,114,211.987060546875,,15.32440185546875
1834,,114,39.18678283691406,,9.7198486328125
1835,,114,316.7658996582031,,18.51654052734375
1836,,114,51.936614990234375,,5.52978515625
1837,,114,91.9227066040039,,8.75244140625
1838,,114,137.52719116210938,,5.7861328125
1839,,114,431.9311218261719,,14.64996337890625
,1824,114,,29.53927230834961,19.927978515625
,1825,114,,28.18975257873535,15.29083251953125
,1826,114,,32.18645477294922,13.275146484375
,1827,114,,30.09914207458496,16.44287109375
,1828,114,,34.51701354980469,14.3890380859375
,1829,114,,28.029338836669922,17.27294921875
,1830,114,,30.4755859375,17.7581787109375
,1831,114,,43.17994689941406,13.2659912109375
,1832,114,,34.34308624267578,12.8936767578125
,1833,114,,30.417552947998047,19.305419921875
,1834,114,,31.77654457092285,13.4429931640625
,1835,114,,24.822607040405273,23.0377197265625
,1836,114,,35.78260040283203,17.169189453125
,1837,114,,31.914134979248047,16.25518798828125
,1838,114,,40.02637481689453,12.4176025390625
,1839,114,,29.02720069885254,17.3370361328125
1840,,115,69.98948669433594,,4.5989990234375
1841,,115,302.912841796875,,0.85296630859375
1842,,115,138.91171264648438,,11.88507080078125
1843,,115,147.38319396972656,,16.876220703125
1844,,115,28.22673225402832,,10.68572998046875
1845,,115,131.3723602294922,,11.9293212890625
1846,,115,78.44584655761719,,8.83331298828125
1847,,115,254.49371337890625,,4.840087890625
1848,,115,172.574951171875,,9.661865234375
1849,,115,21.40867805480957,,7.39593505859375
1850,,115,41.22938537597656,,8.6334228515625
1851,,115,81.55077362060547,,2.9022216796875
1852,,115,32.68497085571289,,7.79571533203125
1853,,115,94.09690856933594,,6.82830810546875
1854,,115,80.90870666503906,,4.82330322265625
1855,,115,69.26183319091797,,4.38690185546875
,1840,115,,11.060586929321289,13.2720947265625
,1841,115,,8.186028480529785,10.53314208984375
,1842,115,,17.892555236816406,19.70977783203125
,1843,115,,16.461030960083008,18.99261474609375
,1844,115,,13.983087539672852,16.229248046875
,1845,115,,14.231834411621094,16.7999267578125
,1846,115,,13.976689338684082,16.27960205078125
,1847,115,,12.006007194519043,14.4561767578125
,1848,115,,13.855189323425293,16.41845703125
,1849,115,,8.516426086425781,10.62469482421875
,1850,115,,17.129108428955078,19.6990966796875
,1851,115,,14.225337028503418,16.98455810546875
,1852,115,,15.351957321166992,18.19000244140625
,1853,115,,14.660321235656738,17.31719970703125
,1854,115,,12.973186492919922,15.521240234375
,1855,115,,17.703022003173828,20.49713134765625
1856,,116,224.50039672851562,,11.7279052734375
1857,,116,73.48167419433594,,11.38916015625
1858,,116,238.64706420898438,,12.0513916015625
1859,,116,83.95924377441406,,3.1036376953125
1860,,116,129.73106384277344,,9.5062255859375
1861,,116,57.52920913696289,,7.44781494140625
1862,,116,310.0417785644531,,15.57769775390625
1863,,116,69.67598724365234,,12.65716552734375
1864,,116,15.377462387084961,,8.06732177734375
1865,,116,71.19670867919922,,1.67694091796875
1866,,116,40.20521926879883,,11.1907958984375
1867,,116,247.67156982421875,,14.27001953125
1868,,116,37.782318115234375,,3.16925048828125
1869,,116,1422.80029296875,,35.9588623046875
1870,,116,149.91879272460938,,7.08160400390625
1871,,116,183.5607452392578,,4.547119140625
,1856,116,,48.5624885559082,15.28778076171875
,1857,116,,49.34569549560547,14.45465087890625
,1858,116,,45.35875701904297,14.959716796875
,1859,116,,43.925575256347656,19.36187744140625
,1860,116,,51.88608932495117,11.9110107421875
,1861,116,,47.64650344848633,12.1368408203125
,1862,116,,44.35205078125,16.839599609375
,1863,116,,36.43218231201172,20.46661376953125
,1864,116,,47.82726287841797,16.68548583984375
,1865,116,,44.5286865234375,16.66412353515625
,1866,116,,41.820899963378906,18.94378662109375
,1867,116,,54.23661804199219,11.1236572265625
,1868,116,,44.5014533996582,17.6605224609375
,1869,116,,52.826820373535156,14.81781005859375
,1870,116,,34.93414306640625,20.6390380859375
,1871,116,,41.675201416015625,18.26171875
1872,,117,110.17704772949219,,0.4730224609375
1873,,117,666.9700317382812,,27.9632568359375
1874,,117,16.185283660888672,,8.69903564453125
1875,,117,30.88758087158203,,7.672119140625
1876,,117,374.7647399902344,,8.172607421875
1877,,117,134.27914428710938,,11.407470703125
1878,,117,232.94125366210938,,6.9732666015625
1879,,117,33.73374938964844,,7.37457275390625
1880,,117,104.05889892578125,,15.1580810546875
1881,,117,64.55921936035156,,7.9803466796875
1882,,117,197.7527618408203,,12.73956298828125
1883,,117,102.00114440917969,,15.3656005859375
1884,,117,155.66510009765625,,8.01239013671875
1885,,117,127.69965362548828,,7.0709228515625
1886,,117,264.1684875488281,,19.69146728515625
1887,,117,366.8467712402344,,8.70819091796875
,1872,117,,6.298768520355225,14.64385986328125
,1873,117,,8.954044342041016,14.7796630859375
,1874,117,,9.726411819458008,13.677978515625
,1875,117,,9.401077270507812,15.49530029296875
,1876,117,,4.095516204833984,11.42730712890625
,1877,117,,8.602330207824707,18.408203125
,1878,117,,13.067607879638672,16.33758544921875
,1879,117,,12.386592864990234,20.98388671875
,1880,117,,8.495161056518555,14.4866943359375
,1881,117,,10.035723686218262,10.888671875
,1882,117,,11.17572021484375,17.42706298828125
,1883,117,,10.503463745117188,17.138671875
,1884,117,,11.650775909423828,13.3026123046875
,1885,117,,8.781814575195312,10.1043701171875
,1886,117,,7.5028395652771,17.42401123046875
,1887,117,,12.243707656860352,17.78717041015625
1888,,118,166.74166870117188,,4.83551025390625
1889,,118,220.77496337890625,,6.5277099609375
1890,,118,96.4106674194336,,7.7972412109375
1891,,118,48.032676696777344,,11.6790771484375
1892,,118,38.518272399902344,,6.10809326171875
1893,,118,85.79254150390625,,14.532470703125
1894,,118,133.76235961914062,,1.165771484375
1895,,118,266.73980712890625,,15.74859619140625
1896,,118,171.3247833251953,,14.58587646484375
1897,,118,256.26416015625,,1.67694091796875
1898,,118,152.40431213378906,,14.86968994140625
1899,,118,16.908058166503906,,11.97967529296875
1900,,118,10.306360244750977,,6.219482421875
1901,,118,52.46833419799805,,7.98187255859375
1902,,118,65.05750274658203,,10.41107177734375
1903,,118,12.779964447021484,,6.4697265625
,1888,118,,40.63245391845703,12.3321533203125
,1889,118,,45.759010314941406,17.8741455078125
,1890,118,,31.56877899169922,14.129638671875
,1891,118,,37.87816619873047,13.62457275390625
,1892,118,,31.91971206665039,15.46173095703125
,1893,118,,36.95930480957031,18.017578125
,1894,118,,36.975555419921875,18.87054443359375
,1895,118,,45.181365966796875,12.1673583984375
,1896,118,,27.884347915649414,21.258544921875
,1897,118,,35.684688568115234,14.53704833984375
,1898,118,,32.050323486328125,16.58172607421875
,1899,118,,39.58818435668945,14.16778564453125
,1900,118,,37.12018966674805,12.6800537109375
,1901,118,,31.754961013793945,14.38140869140625
,1902,118,,36.12089538574219,13.65203857421875
,1903,118,,43.89545440673828,12.82196044921875
1904,,119,105.20616149902344,,4.55780029296875
1905,,119,105.14759826660156,,8.9324951171875
1906,,119,41.396419525146484,,5.45196533203125
1907,,119,12.825750350952148,,11.96441650390625
1908,,119,27.88239860534668,,2.67181396484375
1909,,119,225.23574829101562,,9.93804931640625
1910,,119,150.91587829589844,,13.99993896484375
1911,,119,76.26923370361328,,1.42822265625
1912,,119,81.33786010742188,,14.33868408203125
1913,,119,19.70808982849121,,3.62701416015625
1914,,119,112.90140533447266,,18.15948486328125
1915,,119,174.62380981445312,,2.21099853515625
1916,,119,60.80701446533203,,7.3150634765625
1917,,119,92.42510986328125,,2.94647216796875
1918,,119,49.496238708496094,,2.9205322265625
1919,,119,100.07044982910156,,7.51953125
,1904,119,,10.145748138427734,13.56201171875
,1905,119,,12.644458770751953,15.325927734375
,1906,119,,11.905241966247559,15.99884033203125
,1907,119,,10.694557189941406,13.64593505859375
,1908,119,,8.803590774536133,11.749267578125
,1909,119,,9.873929023742676,12.38555908203125
,1910,119,,7.2610883712768555,11.1907958984375
,1911,119,,16.02740478515625,20.7672119140625
,1912,119,,14.152544021606445,16.796875
,1913,119,,9.231392860412598,14.15557861328125
,1914,119,,9.95706558227539,13.54522705078125
,1915,119,,9.374276161193848,13.1744384765625
,1916,119,,9.754354476928711,13.2659912109375
,1917,119,,9.16071891784668,12.65869140625
,1918,119,,17.054492950439453,20.9136962890625
,1919,119,,8.016803741455078,10.693359375
1920,,120,50.80542755126953,,3.60260009765625
1921,,120,89.35673522949219,,5.303955078125
1922,,120,318.0712585449219,,12.1063232421875
1923,,120,117.78230285644531,,7.4493408203125
1924,,120,16.9547176361084,,2.96630859375
1925,,120,145.54754638671875,,13.6505126953125
1926,,120,16.539594650268555,,7.3638916015625
1927,,120,199.1843719482422,,17.08831787109375
1928,,120,133.58021545410156,,13.360595703125
1929,,120,474.7370300292969,,22.24273681640625
1930,,120,216.40701293945312,,15.2862548828125
1931,,120,41.985084533691406,,5.93109130859375
1932,,120,18.686206817626953,,5.3619384765625
1933,,120,16.29047203063965,,7.17010498046875
1934,,120,58.91059875488281,,9.625244140625
1935,,120,42.9938850402832,,7.96356201171875
,1920,120,,9.297378540039062,14.0411376953125
,1921,120,,11.131257057189941,15.802001953125
,1922,120,,8.958860397338867,14.41192626953125
,1923,120,,11.22681999206543,14.28680419921875
,1924,120,,10.455574035644531,14.89410400390625
,1925,120,,9.668241500854492,15.2313232421875
,1926,120,,13.172506332397461,18.8720703125
,1927,120,,10.07094955444336,13.52386474609375
,1928,120,,11.258869171142578,15.74554443359375
,1929,120,,11.104204177856445,15.93170166015625
,1930,120,,5.696741104125977,8.43048095703125
,1931,120,,11.254822731018066,15.8355712890625
,1932,120,,11.387774467468262,15.6890869140625
,1933,120,,13.0156888961792,18.41888427734375
,1934,120,,8.255454063415527,13.89617919921875
,1935,120,,8.39349365234375,14.03961181640625
1936,,121,7.035015106201172,,3.63006591796875
1937,,121,63.85878372192383,,10.33172607421875
1938,,121,167.95919799804688,,12.40234375
1939,,121,94.24340057373047,,4.85076904296875
1940,,121,311.64202880859375,,23.382568359375
1941,,121,27.25295066833496,,8.001708984375
1942,,121,110.39410400390625,,15.40374755859375
1943,,121,115.59037780761719,,5.50079345703125
1944,,121,49.73073196411133,,3.22265625
1945,,121,306.12225341796875,,17.59033203125
1946,,121,301.62725830078125,,11.29608154296875
1947,,121,139.163818359375,,5.4718017578125
1948,,121,88.0508041381836,,3.216552734375
1949,,121,34.9702033996582,,8.8714599609375
1950,,121,27.969409942626953,,10.71319580078125
1951,,121,142.0525360107422,,5.9539794921875
,1936,121,,10.22982406616211,13.6627197265625
,1937,121,,7.583682060241699,12.03155517578125
,1938,121,,9.7366304397583,13.1866455078125
,1939,121,,10.92703628540039,17.85888671875
,1940,121,,8.733564376831055,11.80267333984375
,1941,121,,10.379999160766602,14.25933837890625
,1942,121,,8.35148811340332,11.69281005859375
,1943,121,,12.394563674926758,16.717529296875
,1944,121,,7.777469635009766,13.3636474609375
,1945,121,,9.499882698059082,13.78936767578125
,1946,121,,10.24479866027832,14.6759033203125
,1947,121,,12.81071949005127,16.387939453125
,1948,121,,8.020232200622559,15.478515625
,1949,121,,12.711353302001953,16.4794921875
,1950,121,,12.110690116882324,16.76025390625
,1951,121,,8.969778060913086,12.85400390625
1952,,122,99.664794921875,,5.10711669921875
1953,,122,210.2540740966797,,18.89495849609375
1954,,122,108.92784881591797,,11.43951416015625
1955,,122,90.97978973388672,,13.5467529296875
1956,,122,99.19306945800781,,4.43267822265625
1957,,122,127.24530029296875,,18.01910400390625
1958,,122,53.40151596069336,,14.87579345703125
1959,,122,77.2857437133789,,2.5177001953125
1960,,122,35.688175201416016,,14.17083740234375
1961,,122,122.01985931396484,,3.4515380859375
1962,,122,98.53424072265625,,11.04888916015625
1963,,122,78.40487670898438,,3.9581298828125
1964,,122,18.848018646240234,,10.91461181640625
1965,,122,91.5203628540039,,14.61944580078125
1966,,122,581.8411865234375,,22.05047607421875
1967,,122,35.0843620300293,,10.7513427734375
,1952,122,,11.449071884155273,15.16265869140625
,1953,122,,10.828729629516602,13.4124755859375
,1954,122,,11.385937690734863,15.863037109375
,1955,122,,9.429849624633789,11.39678955078125
,1956,122,,11.959975242614746,14.013671875
,1957,122,,8.22327709197998,10.51483154296875
,1958,122,,15.508476257324219,19.9676513671875
,1959,122,,9.43833065032959,12.69989013671875
,1960,122,,16.2297420501709,19.44732666015625
,1961,122,,10.627017974853516,15.130615234375
,1962,122,,7.843025207519531,11.9537353515625
,1963,122,,9.710957527160645,13.24005126953125
,1964,122,,8.978567123413086,11.79046630859375
,1965,122,,12.542145729064941,15.30609130859375
,1966,122,,13.860694885253906,16.65496826171875
,1967,122,,15.643434524536133,21.43096923828125
1968,,123,42.554649353027344,,3.814697265625
1969,,123,118.670166015625,,1.94549560546875
1970,,123,131.2644500732422,,9.26666259765625
1971,,123,22.414505004882812,,7.46917724609375
1972,,123,74.10617065429688,,1.751708984375
1973,,123,55.91801834106445,,4.4342041015625
1974,,123,35.51085662841797,,10.6201171875
1975,,123,42.75582504272461,,9.8785400390625
1976,,123,140.30604553222656,,2.7099609375
1977,,123,199.8402557373047,,10.0494384765625
1978,,123,58.626590728759766,,11.35101318359375
1979,,123,40.98118591308594,,3.057861328125
1980,,123,251.15213012695312,,16.50543212890625
1981,,123,56.26043701171875,,2.9449462890625
1982,,123,629.766357421875,,23.8800048828125
1983,,123,161.58615112304688,,15.78826904296875
,1968,123,,7.505804538726807,11.95831298828125
,1969,123,,14.076508522033691,16.4215087890625
,1970,123,,5.407123565673828,10.25390625
,1971,123,,8.518903732299805,14.20440673828125
,1972,123,,9.928312301635742,15.8843994140625
,1973,123,,13.582048416137695,16.9677734375
,1974,123,,12.704191207885742,19.06280517578125
,1975,123,,10.461633682250977,15.47088623046875
,1976,123,,10.752616882324219,18.6492919921875
,1977,123,,9.508172988891602,14.92767333984375
,1978,123,,5.336388111114502,8.4747314453125
,1979,123,,5.396809101104736,9.20562744140625
,1980,123,,8.985075950622559,13.15765380859375
,1981,123,,15.862251281738281,21.74835205078125
,1982,123,,9.826440811157227,13.4521484375
,1983,123,,13.259506225585938,20.84197998046875
1984,,124,68.31676483154297,,2.77862548828125
1985,,124,72.0523681640625,,6.83135986328125
1986,,124,116.31398010253906,,7.427978515625
1987,,124,44.38761520385742,,7.98492431640625
1988,,124,95.81668090820312,,14.74609375
1989,,124,48.40154266357422,,6.84814453125
1990,,124,60.136592864990234,,10.699462890625
1991,,124,257.9150085449219,,26.67694091796875
1992,,124,139.9827117919922,,9.912109375
1993,,124,70.01372528076172,,10.4278564453125
1994,,124,238.644287109375,,6.02874755859375
1995,,124,124.59529113769531,,4.534912109375
1996,,124,24.620452880859375,,9.51385498046875
1997,,124,53.4141731262207,,10.75592041015625
1998,,124,60.55494689941406,,3.10821533203125
1999,,124,106.5677490234375,,16.2139892578125
,1984,124,,41.26312255859375,14.0350341796875
,1985,124,,37.04807662963867,19.02313232421875
,1986,124,,41.837890625,14.40582275390625
,1987,124,,36.14664840698242,16.96319580078125
,1988,124,,50.463340759277344,10.943603515625
,1989,124,,46.66486740112305,13.427734375
,1990,124,,42.46730041503906,16.32080078125
,1991,124,,40.30964279174805,14.17236328125
,1992,124,,45.972991943359375,13.07373046875
,1993,124,,38.51593017578125,18.2861328125
,1994,124,,38.994667053222656,19.7845458984375
,1995,124,,42.35451126098633,15.9332275390625
,1996,124,,45.5284423828125,16.33758544921875
,1997,124,,40.305877685546875,10.2386474609375
,1998,124,,41.743865966796875,13.53607177734375
,1999,124,,45.08832550048828,15.96221923828125
2000,,125,111.4376220703125,,14.1571044921875
2001,,125,14.012537956237793,,6.95953369140625
2002,,125,34.92723846435547,,4.99114990234375
2003,,125,37.3232421875,,3.52325439453125
2004,,125,102.69049072265625,,1.60980224609375
2005,,125,59.90325927734375,,15.1580810546875
2006,,125,74.78762817382812,,15.0665283203125
2007,,125,34.37212371826172,,12.03460693359375
2008,,125,22.34482192993164,,7.82012939453125
2009,,125,22.084428787231445,,4.44183349609375
2010,,125,247.04234313964844,,5.28717041015625
2011,,125,129.93377685546875,,17.59796142578125
2012,,125,29.421255111694336,,8.81195068359375
2013,,125,75.59074401855469,,11.38153076171875
2014,,125,121.50335693359375,,6.15081787109375
2015,,125,117.94953918457031,,6.73828125
,2000,125,,18.096588134765625,18.91326904296875
,2001,125,,12.567195892333984,19.85015869140625
,2002,125,,15.202703475952148,18.3563232421875
,2003,125,,10.260956764221191,12.69073486328125
,2004,125,,10.240845680236816,14.7979736328125
,2005,125,,10.088293075561523,17.16461181640625
,2006,125,,11.725807189941406,19.0399169921875
,2007,125,,9.833715438842773,17.11273193359375
,2008,125,,9.42707633972168,17.37060546875
,2009,125,,14.273687362670898,14.1510009765625
,2010,125,,7.878207206726074,10.1348876953125
,2011,125,,9.378750801086426,13.07830810546875
,2012,125,,11.593320846557617,13.360595703125
,2013,125,,9.421957015991211,17.1173095703125
,2014,125,,13.32085132598877,13.77105712890625
,2015,125,,10.395129203796387,13.43536376953125
2016,,126,137.4079132080078,,13.323974609375
2017,,126,40.2698860168457,,7.745361328125
2018,,126,459.8977966308594,,8.0291748046875
2019,,126,191.55984497070312,,13.6138916015625
2020,,126,229.2717742919922,,2.5665283203125
2021,,126,73.9994125366211,,10.37445068359375
2022,,126,200.57583618164062,,12.603759765625
2023,,126,128.3741455078125,,13.61236572265625
2024,,126,72.5384750366211,,2.8564453125
2025,,126,760.9788818359375,,26.40838623046875
2026,,126,94.88429260253906,,12.76092529296875
2027,,126,34.093204498291016,,12.5152587890625
2028,,126,48.63847351074219,,12.054443359375
2029,,126,273.6655578613281,,8.30078125
2030,,126,63.57444381713867,,5.21697998046875
2031,,126,108.21898651123047,,15.4571533203125
,2016,126,,23.813495635986328,14.54620361328125
,2017,126,,17.388891220092773,18.43109130859375
,2018,126,,20.190221786499023,9.869384765625
,2019,126,,14.643084526062012,14.4622802734375
,2020,126,,19.202178955078125,14.2303466796875
,2021,126,,17.328237533569336,15.89202880859375
,2022,126,,14.013529777526855,18.26171875
,2023,126,,14.461349487304688,15.76995849609375
,2024,126,,19.055988311767578,15.22064208984375
,2025,126,,16.801908493041992,16.7724609375
,2026,126,,19.354721069335938,14.52484130859375
,2027,126,,15.939867973327637,15.9210205078125
,2028,126,,16.146377563476562,18.51806640625
,2029,126,,18.264507293701172,17.92449951171875
,2030,126,,21.225955963134766,13.35906982421875
,2031,126,,13.494161605834961,18.02215576171875
2032,,127,9.134713172912598,,9.393310546875
2033,,127,66.63743591308594,,4.25262451171875
2034,,127,157.25363159179688,,8.7890625
2035,,127,167.69308471679688,,2.5970458984375
2036,,127,271.4793395996094,,8.44573974609375
2037,,127,110.10417175292969,,16.92962646484375
2038,,127,115.03434753417969,,7.67974853515625
2039,,127,94.42390441894531,,3.81011962890625
2040,,127,36.856666564941406,,7.745361328125
2041,,127,29.470108032226562,,4.3212890625
2042,,127,40.387306213378906,,5.78765869140625
2043,,127,117.11051940917969,,14.495849609375
2044,,127,56.558658599853516,,12.48321533203125
2045,,127,178.17605590820312,,17.21649169921875
2046,,127,166.44436645507812,,11.26556396484375
2047,,127,34.13140106201172,,1.33514404296875
,2032,127,,10.235296249389648,13.6077880859375
,2033,127,,8.99888801574707,13.641357421875
,2034,127,,7.517742156982422,11.4349365234375
,2035,127,,10.917420387268066,15.94390869140625
,2036,127,,7.924010753631592,15.71502685546875
,2037,127,,9.544904708862305,12.94708251953125
,2038,127,,11.452607154846191,18.65081787109375
,2039,127,,10.56844711303711,16.46728515625
,2040,127,,12.84111213684082,18.61724853515625
,2041,127,,12.120488166809082,21.3134765625
,2042,127,,8.175069808959961,12.26959228515625
,2043,127,,11.852527618408203,19.4671630859375
,2044,127,,6.806613445281982,14.69573974609375
,2045,127,,8.942593574523926,15.08331298828125
,2046,127,,10.343194961547852,16.75567626953125
,2047,127,,10.261205673217773,17.97637939453125
2048,,128,270.802001953125,,19.34814453125
2049,,128,212.7183380126953,,20.8831787109375
2050,,128,117.599853515625,,4.44183349609375
2051,,128,297.0149841308594,,4.449462890625
2052,,128,431.4654846191406,,8.53424072265625
2053,,128,67.24922180175781,,2.32391357421875
2054,,128,77.58760070800781,,9.09881591796875
2055,,128,44.70146942138672,,11.5966796875
2056,,128,161.55685424804688,,10.63232421875
2057,,128,81.2569580078125,,8.38775634765625
2058,,128,198.60540771484375,,20.01800537109375
2059,,128,99.79854583740234,,6.0791015625
2060,,128,373.1825866699219,,15.2130126953125
2061,,128,164.0219268798828,,12.48931884765625
2062,,128,101.52605438232422,,4.1900634765625
2063,,128,93.25568389892578,,3.9703369140625
,2048,128,,8.325881958007812,13.34381103515625
,2049,128,,8.662687301635742,16.05987548828125
,2050,128,,9.437273979187012,17.3583984375
,2051,128,,10.609733581542969,16.59088134765625
,2052,128,,7.711114883422852,12.44354248046875
,2053,128,,7.233086585998535,14.7674560546875
,2054,128,,9.948036193847656,13.75885009765625
,2055,128,,7.817324161529541,13.93280029296875
,2056,128,,8.265475273132324,12.46490478515625
,2057,128,,9.907035827636719,14.34478759765625
,2058,128,,9.643155097961426,10.70709228515625
,2059,128,,9.146383285522461,13.27056884765625
,2060,128,,9.073991775512695,14.96429443359375
,2061,128,,8.430777549743652,15.00091552734375
,2062,128,,9.433752059936523,16.11175537109375
,2063,128,,10.30257797241211,13.68255615234375
2064,,129,108.75154113769531,,7.7972412109375
2065,,129,427.117431640625,,24.8870849609375
2066,,129,31.27642059326172,,7.15789794921875
2067,,129,66.37986755371094,,9.136962890625
2068,,129,61.535160064697266,,2.6641845703125
2069,,129,40.13874435424805,,8.16497802734375
2070,,129,77.67169189453125,,5.6427001953125
2071,,129,34.41398239135742,,5.65338134765625
2072,,129,43.28326416015625,,11.36474609375
2073,,129,107.12644958496094,,7.54547119140625
2074,,129,145.86801147460938,,6.0272216796875
2075,,129,22.52099609375,,8.160400390625
2076,,129,49.154258728027344,,6.7474365234375
2077,,129,104.19512176513672,,19.03228759765625
2078,,129,9.878643989562988,,10.1593017578125
2079,,129,238.39096069335938,,6.34307861328125
,2064,129,,43.175655364990234,14.90478515625
,2065,129,,61.07658386230469,10.96954345703125
,2066,129,,52.66741943359375,14.17999267578125
,2067,129,,56.534976959228516,13.48114013671875
,2068,129,,55.65180206298828,15.0604248046875
,2069,129,,60.5914306640625,13.49334716796875
,2070,129,,55.71425247192383,13.9923095703125
,2071,129,,62.11997604370117,12.9119873046875
,2072,129,,52.681068420410156,16.99981689453125
,2073,129,,46.468719482421875,19.47479248046875
,2074,129,,47.90199279785156,20.6024169921875
,2075,129,,49.426055908203125,14.056396484375
,2076,129,,51.305992126464844,15.81268310546875
,2077,129,,57.838531494140625,9.54132080078125
,2078,129,,52.39836883544922,11.54632568359375
,2079,129,,48.67000198364258,16.3543701171875
2080,,130,68.01495361328125,,6.695556640625
2081,,130,158.76193237304688,,7.0098876953125
2082,,130,147.57557678222656,,7.43865966796875
2083,,130,107.39544677734375,,3.62396240234375
2084,,130,194.91009521484375,,14.7796630859375
2085,,130,52.65415573120117,,3.71856689453125
2086,,130,242.51895141601562,,13.5955810546875
2087,,130,136.9731903076172,,4.17327880859375
2088,,130,123.90419006347656,,7.93914794921875
2089,,130,39.68748092651367,,6.781005859375
2090,,130,448.2838134765625,,21.86279296875
2091,,130,32.90060043334961,,4.49981689453125
2092,,130,72.66633605957031,,7.293701171875
2093,,130,233.4467010498047,,19.59228515625
2094,,130,114.59220886230469,,10.48431396484375
2095,,130,65.40411376953125,,5.57098388671875
,2080,130,,10.056120872497559,15.97442626953125
,2081,130,,19.294681549072266,14.38751220703125
,2082,130,,10.8314208984375,11.52801513671875
,2083,130,,14.207099914550781,14.22882080078125
,2084,130,,14.22900390625,12.2283935546875
,2085,130,,15.100349426269531,17.9473876953125
,2086,130,,12.365432739257812,14.9169921875
,2087,130,,18.41598129272461,13.56353759765625
,2088,130,,15.971794128417969,14.654541015625
,2089,130,,23.84817886352539,16.19110107421875
,2090,130,,12.86646556854248,15.3106689453125
,2091,130,,11.155399322509766,16.22772216796875
,2092,130,,20.134723663330078,17.9229736328125
,2093,130,,11.582823753356934,15.3472900390625
,2094,130,,24.02439308166504,20.95184326171875
,2095,130,,15.960661888122559,20.2117919921875
2096,,131,23.172496795654297,,2.62451171875
2097,,131,86.04853057861328,,16.7877197265625
2098,,131,60.6168098449707,,14.227294921875
2099,,131,59.886383056640625,,7.1807861328125
2100,,131,98.68165588378906,,4.9346923828125
2101,,131,109.1178207397461,,6.09893798828125
2102,,131,74.1898193359375,,12.4267578125
2103,,131,80.86499786376953,,10.17913818359375
2104,,131,37.97666931152344,,4.34112548828125
2105,,131,36.62337875366211,,7.05108642578125
2106,,131,203.5630645751953,,3.76434326171875
2107,,131,68.08696746826172,,12.19635009765625
2108,,131,63.91823959350586,,10.89935302734375
2109,,131,45.42219543457031,,5.5206298828125
2110,,131,47.975738525390625,,6.73980712890625
2111,,131,69.58566284179688,,13.96331787109375
,2096,131,,11.872492790222168,20.0164794921875
,2097,131,,10.01845932006836,13.4063720703125
,2098,131,,10.084529876708984,15.58685302734375
,2099,131,,8.313604354858398,14.3157958984375
,2100,131,,10.953818321228027,16.12701416015625
,2101,131,,8.832379341125488,14.14794921875
,2102,131,,11.582060813903809,16.278076171875
,2103,131,,10.52277946472168,17.73834228515625
,2104,131,,13.085277557373047,15.4144287109375
,2105,131,,6.573125839233398,13.14697265625
,2106,131,,7.527105331420898,14.9444580078125
,2107,131,,10.355812072753906,18.91326904296875
,2108,131,,12.57121753692627,17.36907958984375
,2109,131,,7.899383544921875,14.30206298828125
,2110,131,,6.712409019470215,14.6697998046875
,2111,131,,10.288968086242676,18.45855712890625
2112,,132,78.71186828613281,,6.72454833984375
2113,,132,169.31817626953125,,4.66461181640625
2114,,132,91.79556274414062,,2.3284912109375
2115,,132,74.23825073242188,,8.740234375
2116,,132,28.84894371032715,,5.0018310546875
2117,,132,479.7159423828125,,22.41058349609375
2118,,132,93.07203674316406,,15.1336669921875
2119,,132,6.455672264099121,,2.59246826171875
2120,,132,30.46921730041504,,2.75115966796875
2121,,132,202.24298095703125,,6.4697265625
2122,,132,57.17085266113281,,10.418701171875
2123,,132,37.533424377441406,,9.58404541015625
2124,,132,102.66551208496094,,14.49737548828125
2125,,132,57.63823318481445,,6.74591064453125
2126,,132,90.28955841064453,,9.99755859375
2127,,132,168.67819213867188,,18.51043701171875
,2112,132,,13.616427421569824,13.45672607421875
,2113,132,,18.506187438964844,17.840576171875
,2114,132,,22.616918563842773,10.968017578125
,2115,132,,9.342830657958984,19.4793701171875
,2116,132,,15.219505310058594,18.84918212890625
,2117,132,,19.52175521850586,14.1693115234375
,2118,132,,17.240713119506836,13.62762451171875
,2119,132,,17.27594757080078,10.08758544921875
,2120,132,,13.520108222961426,17.724609375
,2121,132,,15.324296951293945,14.404296875
,2122,132,,12.362619400024414,18.408203125
,2123,132,,23.446956634521484,18.08624267578125
,2124,132,,22.11302375793457,12.0361328125
,2125,132,,22.144851684570312,6.744384765625
,2126,132,,12.336204528808594,25.08544921875
,2127,132,,14.410990715026855,14.25018310546875
2128,,133,78.83892059326172,,11.21978759765625
2129,,133,35.680355072021484,,13.65814208984375
2130,,133,50.558197021484375,,8.087158203125
2131,,133,104.7400131225586,,7.28759765625
2132,,133,25.390775680541992,,8.08868408203125
2133,,133,114.09127807617188,,14.38140869140625
2134,,133,36.84165954589844,,10.1776123046875
2135,,133,10.43751049041748,,4.3670654296875
2136,,133,70.6830062866211,,10.39581298828125
2137,,133,45.35664749145508,,2.642822265625
2138,,133,95.15335083007812,,14.00146484375
2139,,133,37.71076965332031,,7.7545166015625
2140,,133,131.26092529296875,,15.75927734375
2141,,133,158.5662078857422,,3.5125732421875
2142,,133,12.56722640991211,,5.3375244140625
2143,,133,34.251731872558594,,4.86602783203125
,2128,133,,5.240464210510254,9.6435546875
,2129,133,,10.02607536315918,12.19329833984375
,2130,133,,10.706583023071289,18.82476806640625
,2131,133,,7.576263904571533,11.81488037109375
,2132,133,,9.438284873962402,14.13726806640625
,2133,133,,7.017261505126953,9.15374755859375
,2134,133,,9.647287368774414,12.95623779296875
,2135,133,,8.132655143737793,14.99786376953125
,2136,133,,7.051097393035889,13.60321044921875
,2137,133,,11.961731910705566,16.19720458984375
,2138,133,,10.449010848999023,16.796875
,2139,133,,10.338525772094727,14.19830322265625
,2140,133,,12.649620056152344,17.901611328125
,2141,133,,14.976730346679688,19.98138427734375
,2142,133,,6.885855674743652,8.1695556640625
,2143,133,,10.42639446258545,16.22772216796875
2144,,134,195.27291870117188,,18.58673095703125
2145,,134,37.24961853027344,,15.69061279296875
2146,,134,103.35426330566406,,10.24169921875
2147,,134,43.97034454345703,,15.20843505859375
2148,,134,71.59556579589844,,5.035400390625
2149,,134,17.190547943115234,,8.09783935546875
2150,,134,161.47467041015625,,6.7108154296875
2151,,134,79.76156616210938,,7.7667236328125
2152,,134,280.8247985839844,,11.773681640625
2153,,134,50.73175811767578,,8.58612060546875
2154,,134,56.76960754394531,,6.591796875
2155,,134,42.98420715332031,,7.989501953125
2156,,134,17.985204696655273,,11.89422607421875
2157,,134,25.390724182128906,,9.55810546875
2158,,134,32.1313591003418,,5.6854248046875
2159,,134,92.44231414794922,,12.76702880859375
,2144,134,,6.705812454223633,13.5284423828125
,2145,134,,10.735220909118652,17.16461181640625
,2146,134,,6.726659774780273,13.99688720703125
,2147,134,,11.146257400512695,15.4876708984375
,2148,134,,14.676103591918945,21.4599609375
,2149,134,,7.472133159637451,13.25531005859375
,2150,134,,10.780332565307617,15.4388427734375
,2151,134,,6.196598052978516,11.2457275390625
,2152,134,,10.312739372253418,14.923095703125
,2153,134,,7.788366317749023,14.6240234375
,2154,134,,11.909989356994629,16.47491455078125
,2155,134,,10.082967758178711,13.970947265625
,2156,134,,8.73046875,11.3433837890625
,2157,134,,9.659965515136719,14.61029052734375
,2158,134,,11.234519004821777,15.4052734375
,2159,134,,5.236073970794678,11.920166015625
2160,,135,54.857933044433594,,13.0645751953125
2161,,135,23.439010620117188,,3.58428955078125
2162,,135,259.6749572753906,,8.551025390625
2163,,135,51.983829498291016,,8.6639404296875
2164,,135,60.23381042480469,,5.4595947265625
2165,,135,30.298105239868164,,9.54132080078125
2166,,135,127.17843627929688,,4.083251953125
2167,,135,140.3560791015625,,8.477783203125
2168,,135,47.55072021484375,,9.56268310546875
2169,,135,134.58059692382812,,0.84991455078125
2170,,135,78.47172546386719,,7.6263427734375
2171,,135,196.1420135498047,,14.27459716796875
2172,,135,48.95793914794922,,4.0771484375
2173,,135,43.5896110534668,,6.988525390625
2174,,135,27.38766098022461,,5.2764892578125
2175,,135,167.48965454101562,,7.9315185546875
,2160,135,,16.170106887817383,19.36798095703125
,2161,135,,15.063467025756836,21.18682861328125
,2162,135,,13.085336685180664,15.8203125
,2163,135,,7.576510906219482,10.43853759765625
,2164,135,,7.178670883178711,10.2386474609375
,2165,135,,7.856991767883301,12.56866455078125
,2166,135,,11.288101196289062,15.10772705078125
,2167,135,,11.714847564697266,14.90478515625
,2168,135,,13.840599060058594,15.2069091796875
,2169,135,,12.12773609161377,16.4031982421875
,2170,135,,13.246671676635742,17.26531982421875
,2171,135,,8.872665405273438,11.74163818359375
,2172,135,,9.0723237991333,11.676025390625
,2173,135,,13.462080001831055,16.25518798828125
,2174,135,,10.670671463012695,14.2730712890625
,2175,135,,8.97521686553955,11.38458251953125
2176,,136,36.25355911254883,,7.74383544921875
2177,,136,38.20708465576172,,6.66046142578125
2178,,136,381.3547668457031,,24.73602294921875
2179,,136,9.612679481506348,,3.3203125
2180,,136,59.421173095703125,,5.230712890625
2181,,136,91.76748657226562,,4.42352294921875
2182,,136,89.61869049072266,,13.56353759765625
2183,,136,31.347620010375977,,11.19232177734375
2184,,136,71.44158172607422,,6.08673095703125
2185,,136,75.18531036376953,,6.9366455078125
2186,,136,68.16777038574219,,11.43798828125
2187,,136,43.965049743652344,,8.47930908203125
2188,,136,38.91587448120117,,11.8072509765625
2189,,136,241.71475219726562,,8.28704833984375
2190,,136,61.82100296020508,,5.34820556640625
2191,,136,63.79288101196289,,14.75830078125
,2176,136,,14.77330207824707,17.64373779296875
,2177,136,,9.905611038208008,13.00811767578125
,2178,136,,11.75819206237793,14.39056396484375
,2179,136,,9.054364204406738,12.2467041015625
,2180,136,,6.804659843444824,10.21728515625
,2181,136,,11.571783065795898,15.44036865234375
,2182,136,,17.807479858398438,20.96099853515625
,2183,136,,11.9378023147583,14.6209716796875
,2184,136,,16.037744522094727,18.890380859375
,2185,136,,12.989099502563477,16.09344482421875
,2186,136,,13.231176376342773,16.79534912109375
,2187,136,,8.84793758392334,13.41094970703125
,2188,136,,9.663952827453613,13.75885009765625
,2189,136,,15.73725700378418,18.8140869140625
,2190,136,,10.977810859680176,13.69781494140625
,2191,136,,8.956783294677734,11.92474365234375
2192,,137,219.9556884765625,,18.83087158203125
2193,,137,568.4358520507812,,29.00848388671875
2194,,137,50.48219299316406,,6.6650390625
2195,,137,32.765655517578125,,9.1583251953125
2196,,137,194.57078552246094,,15.80657958984375
2197,,137,44.03572082519531,,16.1041259765625
2198,,137,86.21775817871094,,11.7095947265625
2199,,137,19.71978759765625,,10.6231689453125
2200,,137,157.5819549560547,,5.39398193359375
2201,,137,53.748085021972656,,11.138916015625
2202,,137,554.636474609375,,16.766357421875
2203,,137,122.69249725341797,,15.5364990234375
2204,,137,142.27523803710938,,5.35125732421875
2205,,137,158.6710968017578,,7.403564453125
2206,,137,74.32440948486328,,11.72943115234375
2207,,137,196.65548706054688,,10.26763916015625
,2192,137,,73.35060119628906,12.73956298828125
,2193,137,,76.06320190429688,12.1063232421875
,2194,137,,70.33927917480469,14.72930908203125
,2195,137,,71.00189971923828,12.261962890625
,2196,137,,75.6019287109375,7.80029296875
,2197,137,,68.6790542602539,13.31024169921875
,2198,137,,63.564842224121094,19.63958740234375
,2199,137,,70.79153442382812,13.70086669921875
,2200,137,,67.817626953125,12.98370361328125
,2201,137,,60.93416213989258,21.76971435546875
,2202,137,,61.48896789550781,14.33563232421875
,2203,137,,73.75245666503906,11.065673828125
,2204,137,,69.08429718017578,12.5244140625
,2205,137,,69.03608703613281,14.8345947265625
,2206,137,,58.53660583496094,16.31622314453125
,2207,137,,74.17745971679688,14.70184326171875
2208,,138,43.814720153808594,,8.59375
2209,,138,308.2325134277344,,2.62298583984375
2210,,138,82.9484634399414,,9.27581787109375
2211,,138,35.02940368652344,,10.80474853515625
2212,,138,54.018699645996094,,6.6802978515625
2213,,138,61.32535934448242,,4.75921630859375
2214,,138,89.68751525878906,,7.6812744140625
2215,,138,96.27954864501953,,8.34808349609375
2216,,138,113.59052276611328,,6.31256103515625
2217,,138,183.66787719726562,,9.85870361328125
2218,,138,447.4566650390625,,12.6983642578125
2219,,138,28.921615600585938,,8.53118896484375
2220,,138,65.46453857421875,,12.28790283203125
2221,,138,52.16728210449219,,2.74810791015625
2222,,138,175.52139282226562,,9.71221923828125
2223,,138,44.531097412109375,,3.4637451171875
,2208,138,,12.806657791137695,15.36865234375
,2209,138,,14.029643058776855,16.02783203125
,2210,138,,12.398103713989258,15.41290283203125
,2211,138,,8.378067970275879,10.9039306640625
,2212,138,,15.587629318237305,17.94891357421875
,2213,138,,11.084805488586426,13.41552734375
,2214,138,,10.632770538330078,13.97247314453125
,2215,138,,8.213237762451172,11.12213134765625
,2216,138,,12.314555168151855,15.48004150390625
,2217,138,,17.181934356689453,19.6258544921875
,2218,138,,12.332550048828125,15.25115966796875
,2219,138,,11.786510467529297,14.288330078125
,2220,138,,13.815917015075684,16.34674072265625
,2221,138,,8.381383895874023,10.5377197265625
,2222,138,,15.339366912841797,17.79022216796875
,2223,138,,7.483032703399658,9.356689453125
2224,,139,354.90008544921875,,21.8994140625
2225,,139,90.23408508300781,,11.20147705078125
2226,,139,158.663330078125,,13.37890625
2227,,139,228.46742248535156,,12.38861083984375
2228,,139,111.42845916748047,,14.07012939453125
2229,,139,327.4733581542969,,25.18310546875
2230,,139,49.11491775512695,,7.27386474609375
2231,,139,103.564208984375,,5.7464599609375
2232,,139,52.926002502441406,,7.4066162109375
2233,,139,144.67330932617188,,5.08880615234375
2234,,139,65.70240783691406,,11.1541748046875
2235,,139,48.41176223754883,,2.33917236328125
2236,,139,61.696720123291016,,5.43365478515625
2237,,139,33.12168884277344,,4.290771484375
2238,,139,30.64359474182129,,12.548828125
2239,,139,161.03250122070312,,6.5155029296875
,2224,139,,24.773395538330078,17.33856201171875
,2225,139,,32.53654479980469,13.11798095703125
,2226,139,,31.366247177124023,12.02392578125
,2227,139,,24.869014739990234,19.97833251953125
,2228,139,,40.45729064941406,9.4268798828125
,2229,139,,31.426631927490234,13.01727294921875
,2230,139,,29.925498962402344,14.45159912109375
,2231,139,,29.35986328125,16.85943603515625
,2232,139,,26.945919036865234,21.35772705078125
,2233,139,,27.845294952392578,15.509033203125
,2234,139,,27.828113555908203,20.68939208984375
,2235,139,,22.693103790283203,22.85614013671875
,2236,139,,31.52001190185547,14.90478515625
,2237,139,,23.843765258789062,19.3603515625
,2238,139,,31.900081634521484,11.95831298828125
,2239,139,,33.512855529785156,11.92474365234375
2240,,140,30.923980712890625,,3.88946533203125
2241,,140,57.069820404052734,,8.06121826171875
2242,,140,30.296659469604492,,11.5203857421875
2243,,140,69.1368408203125,,6.96563720703125
2244,,140,73.41960144042969,,7.0159912109375
2245,,140,38.843544006347656,,3.5980224609375
2246,,140,90.67137145996094,,13.78326416015625
2247,,140,54.89521026611328,,9.332275390625
2248,,140,128.02178955078125,,13.97247314453125
2249,,140,61.635658264160156,,10.81390380859375
2250,,140,60.24411392211914,,14.5355224609375
2251,,140,157.38555908203125,,18.603515625
2252,,140,53.382930755615234,,10.0006103515625
2253,,140,51.796592712402344,,10.73455810546875
2254,,140,89.51366424560547,,8.0352783203125
2255,,140,132.11329650878906,,13.14849853515625
,2240,140,,13.74384593963623,17.91839599609375
,2241,140,,12.713457107543945,16.3818359375
,2242,140,,7.9458842277526855,12.07427978515625
,2243,140,,10.63292121887207,12.2161865234375
,2244,140,,14.741827011108398,18.89190673828125
,2245,140,,13.796228408813477,16.217041015625
,2246,140,,9.59038257598877,11.93389892578125
,2247,140,,12.350420951843262,15.01922607421875
,2248,140,,9.154825210571289,11.14349365234375
,2249,140,,11.51899242401123,13.427734375
,2250,140,,13.623603820800781,17.3248291015625
,2251,140,,13.208819389343262,16.7510986328125
,2252,140,,11.111820220947266,13.74969482421875
,2253,140,,7.1129913330078125,9.7320556640625
,2254,140,,11.062240600585938,13.37738037109375
,2255,140,,11.384135246276855,13.4490966796875
2256,,141,47.458641052246094,,7.55157470703125
2257,,141,294.8154296875,,13.861083984375
2258,,141,37.15702819824219,,8.6334228515625
2259,,141,32.84649658203125,,5.21240234375
2260,,141,140.79310607910156,,16.36810302734375
2261,,141,28.557308197021484,,6.512451171875
2262,,141,80.92035675048828,,11.78741455078125
2263,,141,121.99989318847656,,12.2833251953125
2264,,141,161.80679321289062,,15.14434814453125
2265,,141,34.664459228515625,,1.44195556640625
2266,,141,19.470230102539062,,11.29150390625
2267,,141,120.4766845703125,,13.60015869140625
2268,,141,53.681060791015625,,9.65576171875
2269,,141,75.50914001464844,,10.49041748046875
2270,,141,48.068389892578125,,11.883544921875
2271,,141,141.70147705078125,,3.1158447265625
,2256,141,,8.558082580566406,16.00189208984375
,2257,141,,6.103323459625244,9.85260009765625
,2258,141,,8.479277610778809,18.64166259765625
,2259,141,,11.538518905639648,14.18914794921875
,2260,141,,12.354373931884766,16.88690185546875
,2261,141,,10.714553833007812,19.01702880859375
,2262,141,,9.203079223632812,12.9364013671875
,2263,141,,7.862647533416748,10.3302001953125
,2264,141,,12.80565071105957,17.626953125
,2265,141,,9.073823928833008,12.40997314453125
,2266,141,,10.363081932067871,13.81988525390625
,2267,141,,7.2614521980285645,10.6292724609375
,2268,141,,7.655104637145996,16.81365966796875
,2269,141,,7.875568389892578,11.810302734375
,2270,141,,9.60530948638916,15.37933349609375
,2271,141,,8.899702072143555,14.1204833984375
2272,,142,253.58029174804688,,8.3770751953125
2273,,142,10.547953605651855,,11.3128662109375
2274,,142,149.3754425048828,,9.7991943359375
2275,,142,104.30272674560547,,16.021728515625
2276,,142,101.96371459960938,,11.23046875
2277,,142,80.02825164794922,,9.661865234375
2278,,142,102.11932373046875,,6.18133544921875
2279,,142,96.13610076904297,,15.7135009765625
2280,,142,102.04837036132812,,11.66839599609375
2281,,142,90.98139953613281,,17.21343994140625
2282,,142,92.4969711303711,,13.2720947265625
2283,,142,156.24630737304688,,19.5404052734375
2284,,142,430.1969299316406,,20.7794189453125
2285,,142,57.675636291503906,,0.76751708984375
2286,,142,44.587921142578125,,7.7728271484375
2287,,142,9.876540184020996,,9.613037109375
,2272,142,,39.370811462402344,17.08526611328125
,2273,142,,35.753196716308594,14.86053466796875
,2274,142,,43.92137908935547,14.22119140625
,2275,142,,37.2159538269043,15.2923583984375
,2276,142,,33.77577590942383,14.794921875
,2277,142,,47.567481994628906,11.9049072265625
,2278,142,,39.70478820800781,10.6597900390625
,2279,142,,40.68029022216797,13.89312744140625
,2280,142,,39.31395721435547,14.2578125
,2281,142,,43.05858612060547,13.58795166015625
,2282,142,,37.409339904785156,15.56854248046875
,2283,142,,32.454586029052734,16.5771484375
,2284,142,,32.53407669067383,17.9840087890625
,2285,142,,33.39599609375,15.704345703125
,2286,142,,38.331485748291016,16.70684814453125
,2287,142,,35.38426208496094,19.8211669921875
2288,,143,126.04898834228516,,4.901123046875
2289,,143,79.80561065673828,,9.588623046875
2290,,143,152.69329833984375,,17.5384521484375
2291,,143,165.33123779296875,,15.6890869140625
2292,,143,147.09262084960938,,4.7210693359375
2293,,143,107.10342407226562,,19.9005126953125
2294,,143,353.5272216796875,,7.54852294921875
2295,,143,114.0433349609375,,11.81182861328125
2296,,143,25.998594284057617,,11.0260009765625
2297,,143,49.82876205444336,,4.20684814453125
2298,,143,28.533935546875,,4.705810546875
2299,,143,62.8626708984375,,13.189697265625
2300,,143,121.40599060058594,,3.97491455078125
2301,,143,87.8420181274414,,2.00347900390625
2302,,143,77.23410034179688,,13.3270263671875
2303,,143,28.422321319580078,,8.3160400390625
,2288,143,,38.36963653564453,15.4510498046875
,2289,143,,43.37704849243164,13.458251953125
,2290,143,,40.68333435058594,16.82281494140625
,2291,143,,48.816062927246094,14.06402587890625
,2292,143,,44.87989807128906,14.48974609375
,2293,143,,44.26884460449219,15.4632568359375
,2294,143,,37.13554000854492,20.08514404296875
,2295,143,,36.28681945800781,18.73626708984375
,2296,143,,36.01073455810547,20.025634765625
,2297,143,,41.0163459777832,17.620849609375
,2298,143,,42.93073654174805,15.88897705078125
,2299,143,,36.92130661010742,16.48712158203125
,2300,143,,43.392616271972656,14.18304443359375
,2301,143,,46.26714324951172,11.04278564453125
,2302,143,,43.07316970825195,13.81683349609375
,2303,143,,46.14006042480469,13.2537841796875
2304,,144,16.526987075805664,,8.0902099609375
2305,,144,58.41864013671875,,9.5306396484375
2306,,144,16.133907318115234,,7.1014404296875
2307,,144,43.23779296875,,8.026123046875
2308,,144,90.86304473876953,,15.95916748046875
2309,,144,839.973388671875,,16.5283203125
2310,,144,249.0590362548828,,13.1805419921875
2311,,144,36.12053680419922,,6.951904296875
2312,,144,208.44287109375,,11.20452880859375
2313,,144,71.44158172607422,,4.06951904296875
2314,,144,24.339990615844727,,11.87744140625
2315,,144,74.67407989501953,,11.65008544921875
2316,,144,220.34251403808594,,4.6051025390625
2317,,144,168.5347900390625,,9.454345703125
2318,,144,183.7365264892578,,6.0546875
2319,,144,74.69721221923828,,10.7391357421875
,2304,144,,10.328181266784668,16.61834716796875
,2305,144,,3.553896427154541,8.8470458984375
,2306,144,,13.032374382019043,18.00384521484375
,2307,144,,10.404518127441406,17.059326171875
,2308,144,,10.459239959716797,16.6534423828125
,2309,144,,4.8721771240234375,9.735107421875
,2310,144,,9.209120750427246,14.5751953125
,2311,144,,9.75650405883789,14.70489501953125
,2312,144,,7.033534049987793,11.834716796875
,2313,144,,10.996459007263184,15.7379150390625
,2314,144,,12.722185134887695,19.47174072265625
,2315,144,,7.178590297698975,14.55841064453125
,2316,144,,10.178194999694824,15.093994140625
,2317,144,,12.835988998413086,18.6737060546875
,2318,144,,6.251101493835449,12.37030029296875
,2319,144,,8.8383207321167,15.8477783203125
2320,,145,48.31995391845703,,6.9793701171875
2321,,145,131.11688232421875,,5.462646484375
2322,,145,28.891813278198242,,5.1239013671875
2323,,145,73.67793273925781,,14.2059326171875
2324,,145,92.34496307373047,,4.24041748046875
2325,,145,42.112892150878906,,11.10687255859375
2326,,145,170.91702270507812,,2.64434814453125
2327,,145,112.12861633300781,,7.24334716796875
2328,,145,132.46490478515625,,12.6007080078125
2329,,145,47.22881317138672,,10.43243408203125
2330,,145,24.508888244628906,,3.564453125
2331,,145,118.46199035644531,,8.4259033203125
2332,,145,241.1026153564453,,13.751220703125
2333,,145,140.39425659179688,,12.70599365234375
2334,,145,17.309555053710938,,4.29840087890625
2335,,145,26.151824951171875,,7.6324462890625
,2320,145,,14.668858528137207,18.53485107421875
,2321,145,,9.110386848449707,13.3056640625
,2322,145,,11.560657501220703,16.43218994140625
,2323,145,,9.616056442260742,14.581298828125
,2324,145,,13.915565490722656,18.45855712890625
,2325,145,,12.709325790405273,16.7266845703125
,2326,145,,13.503774642944336,16.82891845703125
,2327,145,,12.361722946166992,14.68048095703125
,2328,145,,9.960379600524902,15.618896484375
,2329,145,,16.122705459594727,20.965576171875
,2330,145,,8.777145385742188,12.03460693359375
,2331,145,,13.107089042663574,16.424560546875
,2332,145,,12.095987319946289,17.401123046875
,2333,145,,9.549872398376465,12.664794921875
,2334,145,,7.795011043548584,11.9720458984375
,2335,145,,7.904376029968262,11.55242919921875
2336,,146,35.552303314208984,,8.1268310546875
2337,,146,90.51362609863281,,14.64996337890625
2338,,146,145.40792846679688,,12.37640380859375
2339,,146,266.7674560546875,,18.9422607421875
2340,,146,271.0091552734375,,2.1209716796875
2341,,146,17.314743041992188,,7.2052001953125
2342,,146,50.78047180175781,,7.09228515625
2343,,146,30.858604431152344,,7.77587890625
2344,,146,12.216379165649414,,9.3841552734375
2345,,146,59.82895278930664,,2.392578125
2346,,146,84.81755828857422,,6.99462890625
2347,,146,39.8662223815918,,3.4942626953125
2348,,146,43.67433166503906,,10.31494140625
2349,,146,58.88096237182617,,8.02459716796875
2350,,146,97.89801025390625,,15.008544921875
2351,,146,108.93824768066406,,13.45367431640625
,2336,146,,7.637594699859619,15.09246826171875
,2337,146,,8.51774787902832,15.1153564453125
,2338,146,,10.919464111328125,17.08221435546875
,2339,146,,11.511878967285156,18.42498779296875
,2340,146,,9.048261642456055,13.86871337890625
,2341,146,,11.799264907836914,16.80145263671875
,2342,146,,8.130049705505371,11.05804443359375
,2343,146,,9.722496032714844,13.89923095703125
,2344,146,,12.059945106506348,18.212890625
,2345,146,,8.842166900634766,13.19122314453125
,2346,146,,10.241842269897461,15.27099609375
,2347,146,,9.805604934692383,14.3829345703125
,2348,146,,11.234504699707031,16.43524169921875
,2349,146,,8.664963722229004,14.46990966796875
,2350,146,,12.325026512145996,18.2647705078125
,2351,146,,8.587175369262695,13.89007568359375
2352,,147,65.4200439453125,,9.92431640625
2353,,147,60.42117691040039,,13.5833740234375
2354,,147,80.0299301147461,,12.34588623046875
2355,,147,44.13642883300781,,12.06817626953125
2356,,147,60.607093811035156,,3.98406982421875
2357,,147,48.412235260009766,,13.22174072265625
2358,,147,180.69186401367188,,18.99566650390625
2359,,147,89.78201293945312,,7.3333740234375
2360,,147,44.0146484375,,11.15264892578125
2361,,147,91.88821411132812,,5.10406494140625
2362,,147,39.7807731628418,,9.88922119140625
2363,,147,266.80780029296875,,11.12823486328125
2364,,147,96.1099853515625,,10.28594970703125
2365,,147,81.68453979492188,,6.80999755859375
2366,,147,62.626792907714844,,8.6334228515625
2367,,147,31.07219696044922,,8.782958984375
,2352,147,,11.89657211303711,15.8843994140625
,2353,147,,19.207843780517578,18.81103515625
,2354,147,,13.891627311706543,23.18267822265625
,2355,147,,14.518455505371094,16.546630859375
,2356,147,,21.119638442993164,8.6273193359375
,2357,147,,14.983755111694336,14.3096923828125
,2358,147,,22.158178329467773,10.69793701171875
,2359,147,,19.30556869506836,11.53411865234375
,2360,147,,15.51765251159668,12.56561279296875
,2361,147,,16.375022888183594,12.43438720703125
,2362,147,,14.45612907409668,15.53497314453125
,2363,147,,14.199333190917969,18.26629638671875
,2364,147,,11.067684173583984,15.51055908203125
,2365,147,,15.56419563293457,17.58270263671875
,2366,147,,17.06682586669922,14.0167236328125
,2367,147,,14.660839080810547,17.29888916015625
2368,,148,110.23160552978516,,5.02166748046875
2369,,148,43.66437911987305,,9.1278076171875
2370,,148,301.35162353515625,,4.4219970703125
2371,,148,649.7860107421875,,23.773193359375
2372,,148,362.44354248046875,,6.84661865234375
2373,,148,29.237071990966797,,13.16070556640625
2374,,148,108.88304901123047,,7.4951171875
2375,,148,216.423828125,,4.61578369140625
2376,,148,427.0458984375,,23.2666015625
2377,,148,121.5082015991211,,5.05218505859375
2378,,148,90.11748504638672,,1.9622802734375
2379,,148,60.43841552734375,,5.426025390625
2380,,148,47.09969711303711,,6.9610595703125
2381,,148,54.48661804199219,,4.42352294921875
2382,,148,34.30396270751953,,6.6131591796875
2383,,148,77.04197692871094,,10.53924560546875
,2368,148,,41.09886169433594,17.10662841796875
,2369,148,,46.09050750732422,15.9271240234375
,2370,148,,45.48381805419922,13.80615234375
,2371,148,,47.804039001464844,15.04974365234375
,2372,148,,48.29582977294922,13.6993408203125
,2373,148,,38.185569763183594,21.343994140625
,2374,148,,40.025306701660156,15.35797119140625
,2375,148,,49.997989654541016,14.53857421875
,2376,148,,49.11553192138672,11.26861572265625
,2377,148,,48.28453826904297,14.60418701171875
,2378,148,,45.81322479248047,19.293212890625
,2379,148,,44.052982330322266,12.982177734375
,2380,148,,44.99836730957031,12.96234130859375
,2381,148,,46.638668060302734,14.05487060546875
,2382,148,,37.153167724609375,15.25421142578125
,2383,148,,49.25054168701172,11.28082275390625
2384,,149,117.89010620117188,,16.2994384765625
2385,,149,103.49882507324219,,1.5625
2386,,149,318.74688720703125,,18.28765869140625
2387,,149,286.8900146484375,,19.256591796875
2388,,149,250.9021453857422,,10.29510498046875
2389,,149,132.60462951660156,,14.94140625
2390,,149,108.52118682861328,,8.34503173828125
2391,,149,201.88784790039062,,0.27313232421875
2392,,149,55.56886291503906,,12.04986572265625
2393,,149,87.64108276367188,,6.3262939453125
2394,,149,52.155948638916016,,7.60345458984375
2395,,149,48.074119567871094,,4.85382080078125
2396,,149,70.36701965332031,,10.25238037109375
2397,,149,79.55818939208984,,9.21783447265625
2398,,149,128.51954650878906,,15.7257080078125
2399,,149,192.94793701171875,,13.4033203125
,2384,149,,13.202569007873535,16.4459228515625
,2385,149,,15.467684745788574,19.696044921875
,2386,149,,6.367403030395508,10.42633056640625
,2387,149,,7.642701148986816,11.004638671875
,2388,149,,10.73624038696289,14.66522216796875
,2389,149,,10.34813117980957,15.88897705078125
,2390,149,,8.165582656860352,12.8021240234375
,2391,149,,14.850153923034668,17.999267578125
,2392,149,,11.196680068969727,13.96942138671875
,2393,149,,12.91053295135498,15.6341552734375
,2394,149,,11.767294883728027,14.1387939453125
,2395,149,,9.574317932128906,11.724853515625
,2396,149,,11.782096862792969,16.83197021484375
,2397,149,,8.89559555053711,11.114501953125
,2398,149,,11.399484634399414,14.33563232421875
,2399,149,,8.215339660644531,10.9954833984375
2400,,150,101.88216400146484,,7.5286865234375
2401,,150,107.97624206542969,,13.134765625
2402,,150,380.60601806640625,,21.7010498046875
2403,,150,436.2388916015625,,17.822265625
2404,,150,163.03868103027344,,1.19781494140625
2405,,150,377.43017578125,,6.4544677734375
2406,,150,109.64585876464844,,21.6827392578125
2407,,150,218.15692138671875,,2.27203369140625
2408,,150,193.00930786132812,,7.4554443359375
2409,,150,335.50445556640625,,9.228515625
2410,,150,310.81451416015625,,13.12255859375
2411,,150,66.17851257324219,,14.77203369140625
2412,,150,204.85546875,,13.238525390625
2413,,150,233.36228942871094,,11.36322021484375
2414,,150,90.6735610961914,,11.75079345703125
2415,,150,92.29548645019531,,10.24627685546875
,2400,150,,39.617401123046875,15.31524658203125
,2401,150,,35.580162048339844,17.50946044921875
,2402,150,,29.28347396850586,13.3636474609375
,2403,150,,38.039390563964844,13.83819580078125
,2404,150,,38.94801330566406,16.5740966796875
,2405,150,,35.71515655517578,13.78631591796875
,2406,150,,44.70460510253906,13.88702392578125
,2407,150,,44.373191833496094,12.0697021484375
,2408,150,,40.271240234375,16.17889404296875
,2409,150,,35.52906799316406,15.61431884765625
,2410,150,,39.50041961669922,15.17791748046875
,2411,150,,41.698150634765625,10.3515625
,2412,150,,40.877098083496094,13.30108642578125
,2413,150,,28.240449905395508,21.03118896484375
,2414,150,,32.58309555053711,16.64886474609375
,2415,150,,41.8319091796875,14.111328125
2416,,151,33.11211013793945,,4.42047119140625
2417,,151,151.73873901367188,,4.8980712890625
2418,,151,117.05531311035156,,12.5885009765625
2419,,151,62.499488830566406,,6.488037109375
2420,,151,100.5069808959961,,6.60552978515625
2421,,151,200.4966278076172,,4.28314208984375
2422,,151,76.11386108398438,,9.55352783203125
2423,,151,110.29571533203125,,11.297607421875
2424,,151,194.59007263183594,,8.6944580078125
2425,,151,284.5617370605469,,22.393798828125
2426,,151,99.66767883300781,,7.19757080078125
2427,,151,373.74456787109375,,10.53619384765625
2428,,151,28.701663970947266,,2.4505615234375
2429,,151,159.67123413085938,,6.46820068359375
2430,,151,12.925802230834961,,2.3345947265625
2431,,151,178.61557006835938,,13.3758544921875
,2416,151,,10.305272102355957,15.41290283203125
,2417,151,,8.75108528137207,12.896728515625
,2418,151,,5.75537633895874,10.5804443359375
,2419,151,,8.677020072937012,14.66064453125
,2420,151,,11.29212760925293,14.5538330078125
,2421,151,,8.747831344604492,13.0157470703125
,2422,151,,8.716017723083496,14.6392822265625
,2423,151,,11.306724548339844,16.02325439453125
,2424,151,,8.096433639526367,13.3514404296875
,2425,151,,5.468750953674316,12.27264404296875
,2426,151,,11.297616958618164,14.8895263671875
,2427,151,,9.706865310668945,15.21759033203125
,2428,151,,5.848848342895508,11.32049560546875
,2429,151,,10.445640563964844,17.12799072265625
,2430,151,,7.583608627319336,11.52801513671875
,2431,151,,8.896333694458008,15.39154052734375
2432,,152,131.96035766601562,,8.52203369140625
2433,,152,132.37136840820312,,8.35723876953125
2434,,152,139.9822235107422,,3.8116455078125
2435,,152,96.65059661865234,,5.1910400390625
2436,,152,77.34104919433594,,13.8885498046875
2437,,152,121.02064514160156,,10.8184814453125
2438,,152,87.68312072753906,,3.97796630859375
2439,,152,328.6891174316406,,18.9300537109375
2440,,152,101.45721435546875,,8.0535888671875
2441,,152,165.39161682128906,,6.98394775390625
2442,,152,50.51091766357422,,8.23516845703125
2443,,152,128.38519287109375,,16.3482666015625
2444,,152,96.62385559082031,,6.2225341796875
2445,,152,63.438232421875,,6.24237060546875
2446,,152,56.710411071777344,,7.5897216796875
2447,,152,69.41920471191406,,8.21990966796875
,2432,152,,12.858196258544922,16.07208251953125
,2433,152,,12.530174255371094,16.7816162109375
,2434,152,,9.698765754699707,14.935302734375
,2435,152,,13.712589263916016,19.512939453125
,2436,152,,8.139434814453125,14.14031982421875
,2437,152,,6.8707475662231445,13.30718994140625
,2438,152,,11.145279884338379,15.14434814453125
,2439,152,,12.31431770324707,17.47894287109375
,2440,152,,11.868288040161133,16.71600341796875
,2441,152,,10.507255554199219,15.80657958984375
,2442,152,,12.579713821411133,17.8619384765625
,2443,152,,8.33627986907959,11.46392822265625
,2444,152,,13.3148832321167,17.99468994140625
,2445,152,,11.638260841369629,16.778564453125
,2446,152,,7.180581569671631,11.18927001953125
,2447,152,,11.438414573669434,16.8548583984375
2448,,153,82.22914123535156,,16.6351318359375
2449,,153,101.76521301269531,,3.387451171875
2450,,153,201.65403747558594,,22.38311767578125
2451,,153,44.057708740234375,,12.83111572265625
2452,,153,103.7166748046875,,11.12060546875
2453,,153,77.56885528564453,,10.63079833984375
2454,,153,242.71676635742188,,8.9019775390625
2455,,153,52.823421478271484,,10.79559326171875
2456,,153,94.6387939453125,,7.2265625
2457,,153,127.29573059082031,,3.41033935546875
2458,,153,29.763832092285156,,5.69000244140625
2459,,153,74.09825897216797,,10.37750244140625
2460,,153,441.08355712890625,,23.895263671875
2461,,153,159.93528747558594,,15.40985107421875
2462,,153,175.50625610351562,,7.99407958984375
2463,,153,24.648975372314453,,7.90863037109375
,2448,153,,12.603872299194336,17.83294677734375
,2449,153,,11.271126747131348,18.865966796875
,2450,153,,9.195013999938965,15.8233642578125
,2451,153,,10.002087593078613,19.256591796875
,2452,153,,8.641204833984375,13.46282958984375
,2453,153,,12.556069374084473,18.05419921875
,2454,153,,5.897996425628662,10.60638427734375
,2455,153,,6.771947860717773,10.32562255859375
,2456,153,,7.044529914855957,11.2945556640625
,2457,153,,8.253358840942383,13.95263671875
,2458,153,,7.293991565704346,12.22991943359375
,2459,153,,6.197392463684082,10.54534912109375
,2460,153,,9.143630981445312,15.7257080078125
,2461,153,,10.595934867858887,14.825439453125
,2462,153,,6.463579177856445,11.65924072265625
,2463,153,,10.59259033203125,14.2974853515625
2464,,154,117.35208129882812,,4.71954345703125
2465,,154,368.43048095703125,,10.73150634765625
2466,,154,56.723541259765625,,11.0626220703125
2467,,154,63.90947341918945,,11.67755126953125
2468,,154,114.77070617675781,,16.3330078125
2469,,154,105.74259185791016,,12.78533935546875
2470,,154,127.95608520507812,,17.69866943359375
2471,,154,342.0249938964844,,21.50726318359375
2472,,154,129.8645782470703,,14.6392822265625
2473,,154,113.33869934082031,,12.04986572265625
2474,,154,29.81868553161621,,8.5662841796875
2475,,154,108.2406234741211,,6.79931640625
2476,,154,110.51715087890625,,4.54254150390625
2477,,154,57.130096435546875,,10.4156494140625
2478,,154,250.9300079345703,,17.9962158203125
2479,,154,84.81405639648438,,11.70806884765625
,2464,154,,28.483455657958984,12.62359619140625
,2465,154,,25.974849700927734,14.0045166015625
,2466,154,,30.615928649902344,16.7236328125
,2467,154,,28.244426727294922,11.63177490234375
,2468,154,,21.017864227294922,15.3228759765625
,2469,154,,31.228618621826172,13.1195068359375
,2470,154,,26.825149536132812,12.98980712890625
,2471,154,,38.21485900878906,8.8104248046875
,2472,154,,27.021894454956055,14.10675048828125
,2473,154,,29.898263931274414,11.7767333984375
,2474,154,,27.47988510131836,13.18206787109375
,2475,154,,20.080169677734375,18.1976318359375
,2476,154,,22.43405532836914,12.99896240234375
,2477,154,,23.89691925048828,13.42620849609375
,2478,154,,33.92229461669922,11.773681640625
,2479,154,,26.72584342956543,14.05792236328125
2480,,155,66.18074035644531,,10.5072021484375
2481,,155,86.60220336914062,,4.40216064453125
2482,,155,25.216299057006836,,7.58819580078125
2483,,155,62.27278518676758,,6.243896484375
2484,,155,69.9581298828125,,7.7239990234375
2485,,155,113.77743530273438,,15.11077880859375
2486,,155,83.64615631103516,,13.4674072265625
2487,,155,81.77367401123047,,6.82525634765625
2488,,155,80.09690856933594,,7.13958740234375
2489,,155,300.2417297363281,,1.898193359375
2490,,155,54.848541259765625,,7.9742431640625
2491,,155,264.0697021484375,,8.80889892578125
2492,,155,71.44963073730469,,6.60552978515625
2493,,155,54.3122673034668,,7.3150634765625
2494,,155,27.61026382446289,,5.63201904296875
2495,,155,275.7608947753906,,11.56005859375
,2480,155,,11.340421676635742,17.633056640625
,2481,155,,9.88064956665039,15.61126708984375
,2482,155,,15.652425765991211,15.41900634765625
,2483,155,,12.524486541748047,16.15447998046875
,2484,155,,14.84762191772461,14.0777587890625
,2485,155,,15.850948333740234,13.12255859375
,2486,155,,13.663437843322754,19.0093994140625
,2487,155,,9.763927459716797,15.33355712890625
,2488,155,,10.573898315429688,14.12200927734375
,2489,155,,10.995101928710938,12.21923828125
,2490,155,,15.9761381149292,19.47784423828125
,2491,155,,8.769275665283203,14.44854736328125
,2492,155,,10.578697204589844,15.435791015625
,2493,155,,14.92258071899414,18.72406005859375
,2494,155,,9.05521011352539,17.19512939453125
,2495,155,,8.900444984436035,12.176513671875
2496,,156,59.413063049316406,,9.808349609375
2497,,156,225.0009765625,,8.39996337890625
2498,,156,107.08966064453125,,13.59405517578125
2499,,156,69.63690185546875,,7.672119140625
2500,,156,264.68133544921875,,18.48602294921875
2501,,156,32.9210090637207,,5.57708740234375
2502,,156,86.56108093261719,,8.13446044921875
2503,,156,118.07292175292969,,7.8338623046875
2504,,156,43.51596450805664,,8.8653564453125
2505,,156,29.381027221679688,,5.9051513671875
2506,,156,31.73289680480957,,1.96685791015625
2507,,156,106.35282135009766,,10.59112548828125
2508,,156,236.609619140625,,7.44781494140625
2509,,156,49.76749038696289,,8.02154541015625
2510,,156,194.84866333007812,,18.5211181640625
2511,,156,80.40452575683594,,9.5977783203125
,2496,156,,12.127935409545898,16.37115478515625
,2497,156,,12.236980438232422,14.15863037109375
,2498,156,,9.984743118286133,14.52789306640625
,2499,156,,8.401690483093262,12.6556396484375
,2500,156,,7.551612377166748,12.37030029296875
,2501,156,,16.210174560546875,16.86859130859375
,2502,156,,11.706905364990234,17.76580810546875
,2503,156,,7.674030780792236,13.24005126953125
,2504,156,,9.38186264038086,11.72637939453125
,2505,156,,10.469379425048828,12.7685546875
,2506,156,,9.211006164550781,11.90643310546875
,2507,156,,10.10971450805664,15.252685546875
,2508,156,,8.98968505859375,11.1724853515625
,2509,156,,12.201162338256836,14.2791748046875
,2510,156,,12.825935363769531,16.26129150390625
,2511,156,,8.31380844116211,10.51483154296875
2512,,157,236.6372528076172,,20.71380615234375
2513,,157,66.3985366821289,,7.02972412109375
2514,,157,32.73635482788086,,11.79962158203125
2515,,157,58.206661224365234,,8.642578125
2516,,157,27.76932716369629,,10.13641357421875
2517,,157,16.365020751953125,,11.95526123046875
2518,,157,233.02078247070312,,21.0205078125
2519,,157,63.53820037841797,,3.2928466796875
2520,,157,99.37239074707031,,3.28369140625
2521,,157,61.887691497802734,,8.61053466796875
2522,,157,88.625,,12.14447021484375
2523,,157,16.214508056640625,,10.11199951171875
2524,,157,311.6337585449219,,18.72100830078125
2525,,157,35.56932067871094,,8.45794677734375
2526,,157,34.93956756591797,,7.5225830078125
2527,,157,62.13105773925781,,3.826904296875
,2512,157,,27.75847053527832,15.667724609375
,2513,157,,23.107799530029297,14.25323486328125
,2514,157,,32.47437286376953,15.19317626953125
,2515,157,,29.170175552368164,12.6708984375
,2516,157,,22.06470489501953,19.927978515625
,2517,157,,16.879291534423828,19.72198486328125
,2518,157,,29.973724365234375,11.2518310546875
,2519,157,,32.63909149169922,15.7379150390625
,2520,157,,27.4035701751709,13.69171142578125
,2521,157,,36.71654510498047,17.4224853515625
,2522,157,,23.427879333496094,17.92449951171875
,2523,157,,30.408573150634766,16.28265380859375
,2524,157,,28.09018898010254,16.30706787109375
,2525,157,,37.149776458740234,10.9954833984375
,2526,157,,24.725587844848633,15.18096923828125
,2527,157,,29.99555778503418,13.63983154296875
2528,,158,112.00422668457031,,6.26678466796875
2529,,158,165.1524200439453,,9.2193603515625
2530,,158,113.56499481201172,,5.584716796875
2531,,158,98.73162841796875,,12.1551513671875
2532,,158,211.66204833984375,,8.2733154296875
2533,,158,65.38018798828125,,3.9825439453125
2534,,158,122.58314514160156,,17.7703857421875
2535,,158,63.30664825439453,,10.02044677734375
2536,,158,308.7030029296875,,5.83343505859375
2537,,158,33.39328384399414,,11.32965087890625
2538,,158,35.90929412841797,,5.69915771484375
2539,,158,102.01416015625,,7.989501953125
2540,,158,216.97299194335938,,17.82684326171875
2541,,158,39.65809631347656,,9.35516357421875
2542,,158,34.63287353515625,,8.38775634765625
2543,,158,145.37423706054688,,4.9957275390625
,2528,158,,10.716039657592773,9.32769775390625
,2529,158,,12.66082763671875,11.962890625
,2530,158,,12.025497436523438,20.3857421875
,2531,158,,11.397985458374023,16.73126220703125
,2532,158,,14.261999130249023,18.52569580078125
,2533,158,,8.192532539367676,11.58905029296875
,2534,158,,15.292768478393555,15.460205078125
,2535,158,,8.253847122192383,12.5946044921875
,2536,158,,9.704544067382812,13.2049560546875
,2537,158,,10.887505531311035,12.86773681640625
,2538,158,,12.603959083557129,15.0543212890625
,2539,158,,12.2144193649292,15.44036865234375
,2540,158,,12.945133209228516,16.351318359375
,2541,158,,10.628114700317383,16.01715087890625
,2542,158,,14.057138442993164,12.62664794921875
,2543,158,,11.336130142211914,16.9189453125
2544,,159,30.46963119506836,,11.04583740234375
2545,,159,218.0130615234375,,16.046142578125
2546,,159,230.83627319335938,,16.67938232421875
2547,,159,162.05856323242188,,3.1890869140625
2548,,159,435.530517578125,,21.7498779296875
2549,,159,335.6549072265625,,15.52886962890625
2550,,159,158.12474060058594,,15.04669189453125
2551,,159,74.1821060180664,,17.144775390625
2552,,159,25.087289810180664,,6.33544921875
2553,,159,45.28295135498047,,12.750244140625
2554,,159,112.3199234008789,,3.89404296875
2555,,159,203.87103271484375,,11.92626953125
2556,,159,134.48321533203125,,3.56903076171875
2557,,159,143.39410400390625,,15.71197509765625
2558,,159,63.714786529541016,,7.5927734375
2559,,159,45.13420867919922,,7.70416259765625
,2544,159,,9.12691879272461,15.27099609375
,2545,159,,10.237849235534668,17.16156005859375
,2546,159,,7.550532817840576,14.51416015625
,2547,159,,10.662202835083008,16.65191650390625
,2548,159,,8.333974838256836,11.60430908203125
,2549,159,,7.561760902404785,9.37957763671875
,2550,159,,10.2505464553833,15.49072265625
,2551,159,,7.9274582862854,13.20648193359375
,2552,159,,4.77787971496582,10.54840087890625
,2553,159,,9.783676147460938,14.10064697265625
,2554,159,,8.412412643432617,11.78131103515625
,2555,159,,8.626093864440918,12.91351318359375
,2556,159,,12.950212478637695,20.89385986328125
,2557,159,,6.454588890075684,11.8133544921875
,2558,159,,14.789899826049805,22.283935546875
,2559,159,,9.231941223144531,13.27972412109375
2560,,160,91.02095031738281,,4.229736328125
