global_train_step,global_val_step,epoch,train_loss,val_loss,z
0,,0,1.0283414812576568,,
1,,0,0.902737042885768,,
2,,0,1.0360954078263558,,
3,,0,0.7343872283191485,,
4,,0,0.97665800884591,,
5,,0,0.8827066889257013,,
6,,0,1.0761539109911449,,
7,,0,0.9377874077649575,,
8,,0,0.8901562677002117,,
9,,0,0.9256992742314096,,
10,,0,0.6936801539654367,,
11,,0,0.8742000320600878,,
12,,0,0.8814024140778749,,
13,,0,0.7170930573383298,,
14,,0,1.0364793639500962,,
15,,0,0.7459567632564628,,
16,,0,0.8429889042806347,,
17,,0,0.8184456316939228,,
18,,0,0.6603629709160919,,
19,,0,1.131765926282335,,
20,,0,0.978291998086456,,
21,,0,0.8660009052226667,,
22,,0,0.8873807071237035,,
23,,0,0.8761602530264097,,
24,,0,0.6933609594079562,,
25,,0,0.9821860975106059,,
26,,0,0.8624920137718368,,
27,,0,1.18180709494105,,
28,,0,0.9224191279680469,,
29,,0,0.8680426986288872,,
30,,0,1.0130951317410368,,
31,,0,1.0689074917462684,,
32,,0,0.6386433423059136,,
33,,0,0.6053921954423633,,
34,,0,0.8158614003509262,,
35,,0,0.9412159692034422,,
36,,0,0.7962170076752157,,
37,,0,0.5330468879432628,,
38,,0,0.6376611850564462,,
39,,0,0.7977354870955953,,
40,,0,0.6041874773255189,,
41,,0,0.7318998769543161,,
42,,0,0.5966012568992194,,
43,,0,0.9720253520333941,,
44,,0,0.8655225534099005,,
45,,0,0.808550022892889,,
46,,0,1.2823039656877002,,
47,,0,0.7930873324289852,,
48,,0,0.8235863935204623,,
49,,0,0.8075525918034462,,
50,,0,0.9384010480287645,,
51,,0,1.0164364148642846,,
52,,0,0.7664839067195501,,
53,,0,1.1076065113385354,,
54,,0,0.9230530023995209,,
55,,0,0.8354050693040117,,
56,,0,0.8167790344250899,,
57,,0,0.7762791134304236,,
58,,0,0.6848329523408273,,
59,,0,0.841266862015938,,
60,,0,0.7647364387870133,,
61,,0,1.2093511379286426,,
62,,0,0.7456465436352682,,
63,,0,0.7251424736388408,,
64,,0,0.6530657573239285,,
65,,0,0.8269712170823951,,
66,,0,0.9855536647687244,,
67,,0,0.9462592968876864,,
68,,0,0.5371855101472672,,
69,,0,0.5664544165800901,,
70,,0,0.9192508830864554,,
71,,0,0.748454774303883,,
72,,0,1.0455211691267825,,
73,,0,1.2310610590127733,,
74,,0,0.8488123811036781,,
75,,0,1.1714812852705416,,
76,,0,0.9783464120905326,,
77,,0,0.8529352008702104,,
78,,0,0.5922159443986812,,
79,,0,0.6537276292389219,,
80,,0,1.1215071236344334,,
81,,0,0.8351891015728775,,
82,,0,0.634498911966138,,
83,,0,0.5541239922844654,,
84,,0,0.8397422973471986,,
85,,0,0.6995801377921502,,
86,,0,0.6077681315448782,,
87,,0,0.5871121062531728,,
88,,0,0.9988983923109727,,
89,,0,0.9789909044177902,,
90,,0,0.5898695845677838,,
91,,0,0.8913226141010657,,
92,,0,0.6834641737646635,,
93,,0,0.6524324375063397,,
94,,0,0.9265003098021918,,
95,,0,0.8897417148922103,,
96,,0,0.7574813496473829,,
97,,0,0.6201769105987047,,
98,,0,1.018328248640206,,
99,,0,0.9085723982914022,,
100,,0,0.7140261634842379,,
101,,0,1.0731954020805967,,
102,,0,1.1208632261739802,,
103,,0,0.7214321062461408,,
104,,0,0.7754893963797833,,
105,,0,0.6725706205312942,,
106,,0,0.6746954146663745,,
107,,0,1.1193352674504986,,
108,,0,1.0407280275230657,,
109,,0,0.6552964553218346,,
110,,0,0.6886910801978813,,
111,,0,1.0433495080957846,,
112,,0,1.1125987112495919,,
113,,0,0.8438998387310548,,
114,,0,0.6449320813975221,,
115,,0,0.7157155176120824,,
116,,0,0.7961947233807957,,
117,,0,0.729716853280492,,
118,,0,0.8622520905288674,,
119,,0,1.0205704969219553,,
120,,0,0.6736148665721873,,
121,,0,0.6608981712065276,,
122,,0,0.8421171962071043,,
123,,0,1.0485680720073705,,
124,,0,0.8623408886237144,,
125,,0,0.7761512584787889,,
126,,0,0.5859254312358715,,
127,,0,0.6392766661655294,,
128,,0,0.7877910240732638,,
129,,0,0.6206738088597509,,
130,,0,0.5307274520162634,,
131,,0,0.9490846973913367,,
132,,0,0.7886126917009171,,
133,,0,0.815118633136928,,
134,,0,0.9037410563114912,,
135,,0,0.7872923908050995,,
136,,0,0.8588535278930373,,
137,,0,0.7588273610352767,,
138,,0,0.9392789550885476,,
139,,0,0.6833804801486687,,
140,,0,0.6733879601084989,,
141,,0,0.7092716624916499,,
142,,0,0.7432064255421906,,
143,,0,0.8958707972431773,,
144,,0,0.5244189680623175,,
145,,0,1.014730784332424,,
146,,0,0.5916939718560041,,
147,,0,1.098323776705693,,
148,,0,1.3039360489863143,,
149,,0,0.8144683791216206,,
150,,0,1.0048599466409922,,
151,,0,0.6114087806116301,,
152,,0,0.7746053627941711,,
153,,0,0.6394556086125791,,
154,,0,0.905519532354832,,
155,,0,0.5198842652198421,,
156,,0,0.8898445837393771,,
157,,0,0.7611982444695393,,
158,,0,0.8248363483717507,,
159,,0,0.7956589329166249,,
160,,0,0.808570698706301,,
161,,0,0.9838283701855071,,
162,,0,0.5794291826793987,,
163,,0,0.756684080503789,,
164,,0,0.6181830491983328,,
165,,0,1.0061947469965766,,
166,,0,0.6549877308952887,,
167,,0,0.9935900447078044,,
168,,0,0.46535489495976723,,
169,,0,0.9430695895413452,,
170,,0,0.6090327378271053,,
171,,0,0.6321054194467939,,
172,,0,0.8617700256880522,,
173,,0,0.9504962779342307,,
174,,0,0.7894223839244467,,
175,,0,0.9489754385069331,,
176,,0,1.017164714149126,,
177,,0,1.225507673468552,,
178,,0,0.6117137670538839,,
179,,0,0.8498190687959626,,
180,,0,0.8537560804251495,,
181,,0,0.7315416450040436,,
182,,0,0.5167345167485526,,
183,,0,0.8226235811162803,,
184,,0,0.5706769806284466,,
185,,0,0.705204113531948,,
186,,0,0.7796072267417888,,
187,,0,0.7084615742031981,,
188,,0,0.7594390886332638,,
189,,0,0.43341816133250854,,
190,,0,0.9966560121695529,,
191,,0,0.6460361973353894,,
192,,0,0.5926117872889083,,
193,,0,0.8787812568493002,,
194,,0,0.6490630346601237,,
195,,0,0.8499136919855008,,
196,,0,0.9786372259114406,,
197,,0,0.6582789309830833,,
198,,0,0.7387629801501966,,
199,,0,0.9212187529130533,,
200,,0,0.629517047188785,,
201,,0,0.6501278713960337,,
202,,0,0.8738951376706231,,
203,,0,0.9315735374331371,,
204,,0,0.7167750251200472,,
205,,0,0.5338773528399745,,
206,,0,0.6720369243280905,,
207,,0,0.5933442521850918,,
208,,0,0.7637386884425139,,
209,,0,0.9184023510570759,,
210,,0,0.6162979924546363,,
211,,0,0.5973926639297906,,
212,,0,0.8340891288670568,,
213,,0,0.9400298284162114,,
214,,0,0.6849648647484541,,
215,,0,0.656512571523686,,
216,,0,0.8632433388986974,,
217,,0,0.931783427223648,,
218,,0,0.6258343717971536,,
219,,0,0.6829437786825514,,
220,,0,0.9109278484941294,,
221,,0,0.8970609626712414,,
222,,0,0.7046899887309929,,
223,,0,0.9220656453516929,,
224,,0,0.8378793965117026,,
225,,0,0.9999781573135424,,
226,,0,0.639192648142302,,
227,,0,0.6270601942281953,,
228,,0,0.6275049061727973,,
229,,0,0.6355613804986158,,
230,,0,0.5894059222124948,,
231,,0,0.6196168473384409,,
232,,0,1.0061139101418015,,
233,,0,0.9072332770393527,,
234,,0,0.7934875708913738,,
235,,0,0.600066289874192,,
236,,0,0.5549353858319341,,
237,,0,0.7702425550147893,,
238,,0,0.8442305055230861,,
239,,0,1.1168972412572167,,
240,,0,0.820532274985082,,
241,,0,0.7222122727443463,,
242,,0,0.6037576986839657,,
243,,0,0.92171762550332,,
244,,0,0.6025715110723358,,
245,,0,0.6580849979451122,,
246,,0,0.8735334858918407,,
247,,0,0.9041432273005078,,
248,,0,0.5993876713505628,,
249,,0,0.6050543384101231,,
250,,0,0.7075471660745021,,
251,,0,0.8025525067213026,,
252,,0,0.8731134416188026,,
253,,0,0.9828555527347526,,
254,,0,0.7406816517299637,,
255,,0,0.9354786960784108,,
,0,0,,1.2941512961129629,
,1,0,,1.27658058484954,
,2,0,,1.2936433608830509,
,3,0,,1.2553130877269425,
,4,0,,1.2688092892698006,
,5,0,,1.275904365299985,
,6,0,,1.2424137559898094,
,7,0,,1.3120137253239508,
,8,0,,1.2870550845659274,
,9,0,,1.2847482480390595,
,10,0,,1.2857394031202651,
,11,0,,1.308457601728168,
,12,0,,1.2438741392142223,
,13,0,,1.3039280028433662,
,14,0,,1.2769164015292662,
,15,0,,1.2702041350891613,
256,,1,0.7421808523453577,,
257,,1,0.9635548399754927,,
258,,1,0.6391289718827061,,
259,,1,0.7763710036946404,,
260,,1,0.48730968563489707,,
261,,1,1.090243163320043,,
262,,1,0.8897722583082674,,
263,,1,0.8256045612315683,,
264,,1,1.176158462578421,,
265,,1,0.9656538296470863,,
266,,1,0.7856398247433649,,
267,,1,0.6818994275385633,,
268,,1,0.7467747762651675,,
269,,1,1.0481665587729365,,
270,,1,0.8479122221989519,,
271,,1,0.958940732604977,,
272,,1,0.7264654737568643,,
273,,1,0.6605021696591744,,
274,,1,0.7026539941385319,,
275,,1,0.9760967193422698,,
276,,1,0.6479879206812686,,
277,,1,0.8930805002654344,,
278,,1,0.6477136212105391,,
279,,1,1.000778010514291,,
280,,1,0.6875782823994199,,
281,,1,0.9560775263625706,,
282,,1,1.0160461522386681,,
283,,1,0.7623318540486281,,
284,,1,1.2656845217627988,,
285,,1,0.7035303253229676,,
286,,1,1.0028253384462507,,
287,,1,0.8078496642388995,,
288,,1,0.7715501299517099,,
289,,1,0.884662219179666,,
290,,1,0.8859856343789696,,
291,,1,0.6072536426840847,,
292,,1,0.8339545785898449,,
293,,1,0.8416233015020633,,
294,,1,0.7851072783577911,,
295,,1,0.8018757608603646,,
296,,1,0.5937722083297028,,
297,,1,0.9375231755268294,,
298,,1,0.6935005598377664,,
299,,1,0.7652100661169042,,
300,,1,0.7605643815402663,,
301,,1,0.7229629178774994,,
302,,1,0.8740512719509677,,
303,,1,0.7582697802569727,,
304,,1,0.607512629969428,,
305,,1,0.7574595833820643,,
306,,1,0.8464734709275783,,
307,,1,0.6546962144541948,,
308,,1,0.7589641782657269,,
309,,1,0.8588233386363784,,
310,,1,0.7179153656656374,,
311,,1,0.721198927653093,,
312,,1,0.7175472479412215,,
313,,1,0.7997032540672807,,
314,,1,1.0207547349833033,,
315,,1,0.6583140754981476,,
316,,1,0.6789878169505918,,
317,,1,0.9101006754781746,,
318,,1,0.7709325204240273,,
319,,1,0.727436162243016,,
320,,1,0.8656878013385688,,
321,,1,0.7198129719097979,,
322,,1,0.6815094366766374,,
323,,1,1.0793611151242353,,
324,,1,0.6574368010880066,,
325,,1,0.7936087436227677,,
326,,1,0.7481575211398482,,
327,,1,0.7060714791090437,,
328,,1,0.7864217890846277,,
329,,1,0.948843008231208,,
330,,1,0.9443530683348957,,
331,,1,1.1091892301868982,,
332,,1,0.7540031405374289,,
333,,1,1.071324676279385,,
334,,1,1.0171196783827918,,
335,,1,0.7417965725657886,,
336,,1,0.9050342742368113,,
337,,1,0.6752766112174862,,
338,,1,0.8876750889959372,,
339,,1,0.9222152267448198,,
340,,1,0.7744372852548089,,
341,,1,0.926663312829239,,
342,,1,0.7996193538664835,,
343,,1,0.6063364847544012,,
344,,1,0.7195219263717316,,
345,,1,0.9521410738471259,,
346,,1,0.904772068782041,,
347,,1,0.7890722406105107,,
348,,1,1.0946525542566605,,
349,,1,1.0909558622216138,,
350,,1,0.6274843922370366,,
351,,1,0.897091239708384,,
352,,1,1.610556960021892,,
353,,1,0.7715100050706215,,
354,,1,0.9556722904845667,,
355,,1,0.7381672707218112,,
356,,1,0.8539467191223948,,
357,,1,0.8247830699992502,,
358,,1,0.8681356273008827,,
359,,1,0.833192100007742,,
360,,1,0.7404996633107181,,
361,,1,1.0474151886912806,,
362,,1,0.9616712015661086,,
363,,1,0.9236489558589814,,
364,,1,0.7286396324653116,,
365,,1,0.6130919346002807,,
366,,1,0.5136466685593833,,
367,,1,0.6893092775672246,,
368,,1,1.2949392185766202,,
369,,1,0.4999753748097925,,
370,,1,0.6954133236126703,,
371,,1,0.6303515311351752,,
372,,1,1.1363118558697356,,
373,,1,0.5885941614392238,,
374,,1,0.6581123875018662,,
375,,1,0.9497645367397718,,
376,,1,0.6927462904813604,,
377,,1,1.2230941588279678,,
378,,1,0.6714712245954472,,
379,,1,0.9805301435988423,,
380,,1,0.8350710377472634,,
381,,1,0.6711812919746795,,
382,,1,0.8087518085481049,,
383,,1,0.9000174481077938,,
384,,1,0.7333041968387911,,
385,,1,0.7960916198429253,,
386,,1,0.7711939891227921,,
387,,1,0.5119851491996836,,
388,,1,0.7668420661072104,,
389,,1,0.9111069708854647,,
390,,1,0.6031005610724296,,
391,,1,0.9146273344534741,,
392,,1,0.7666783418590347,,
393,,1,0.9952221736113375,,
394,,1,0.7595600123842644,,
395,,1,0.7865801452070293,,
396,,1,0.8119810766201856,,
397,,1,0.7664163601407258,,
398,,1,0.49271772453273355,,
399,,1,0.8538202002572604,,
400,,1,0.8091544411801591,,
401,,1,0.6476109670454449,,
402,,1,0.923093716249682,,
403,,1,0.7158880135746861,,
404,,1,1.2220636394641518,,
405,,1,0.8116831007864882,,
406,,1,0.8825474203349433,,
407,,1,1.0698957531720206,,
408,,1,0.8873282440314038,,
409,,1,0.6633103755005757,,
410,,1,0.8016050626952028,,
411,,1,0.6934312461409751,,
412,,1,0.8497173557474007,,
413,,1,0.5831313501377813,,
414,,1,0.7254733866143611,,
415,,1,0.8948871220029233,,
416,,1,0.8643942875904718,,
417,,1,1.193162347679141,,
418,,1,0.9112971852013168,,
419,,1,1.2138875613312936,,
420,,1,0.7959529521326998,,
421,,1,0.6023814426008611,,
422,,1,0.6652476892017893,,
423,,1,0.831596742069074,,
424,,1,0.8084964059808915,,
425,,1,0.6880256340833892,,
426,,1,0.9902935739654211,,
427,,1,0.8339374631444372,,
428,,1,0.8698374068851407,,
429,,1,0.8252856931482135,,
430,,1,1.0919427726036317,,
431,,1,0.9552118830621723,,
432,,1,1.0282015818789696,,
433,,1,0.5023603267570305,,
434,,1,0.8601178446641327,,
435,,1,0.733738037305341,,
436,,1,1.0960307475889652,,
437,,1,0.643936324506476,,
438,,1,0.9642866525047366,,
439,,1,0.827620608050321,,
440,,1,0.9665024988652974,,
441,,1,0.5638614930150974,,
442,,1,0.8864946761465946,,
443,,1,0.9389059135849812,,
444,,1,0.7545846159160995,,
445,,1,0.763390785241093,,
446,,1,0.8483672794900224,,
447,,1,0.6164655365561822,,
448,,1,0.7492578488282757,,
449,,1,0.7727565967036338,,
450,,1,0.7135216779201574,,
451,,1,0.8185979102642484,,
452,,1,0.9413037834744712,,
453,,1,0.9462285888424657,,
454,,1,0.9322503001241611,,
455,,1,0.9371902544283297,,
456,,1,0.8657929138256201,,
457,,1,0.6153386823966629,,
458,,1,0.6004438612508453,,
459,,1,1.0923032780910797,,
460,,1,0.8397731397924455,,
461,,1,0.7155193292578863,,
462,,1,0.8932541764343549,,
463,,1,0.820908477446924,,
464,,1,0.7699805758658376,,
465,,1,0.8613640873968689,,
466,,1,0.7018726734884135,,
467,,1,0.8965453658225996,,
468,,1,1.0773213378577626,,
469,,1,1.0458062368897454,,
470,,1,0.8190651174571422,,
471,,1,1.0253916647082137,,
472,,1,0.8336058798243533,,
473,,1,0.7593050474179723,,
474,,1,0.574636222241043,,
475,,1,0.6710057143840482,,
476,,1,0.6818118746456072,,
477,,1,1.1220946065233455,,
478,,1,0.6837699038838091,,
479,,1,0.8453320438414865,,
480,,1,0.6769315915548187,,
481,,1,0.8641528620285639,,
482,,1,0.9794654000529859,,
483,,1,0.8632946697180319,,
484,,1,0.5876907308908605,,
485,,1,0.9720222477821361,,
486,,1,0.7261412745059493,,
487,,1,0.7444481678755555,,
488,,1,0.8814574078794882,,
489,,1,0.5643552567832482,,
490,,1,0.8652241267899897,,
491,,1,0.7007765316366177,,
492,,1,0.896659112565942,,
493,,1,0.8233294481659328,,
494,,1,0.9195216123485501,,
495,,1,0.7818276627329632,,
496,,1,0.9577524371140185,,
497,,1,0.9366407371975513,,
498,,1,0.8280544161753496,,
499,,1,0.8134206209699766,,
500,,1,0.601165005122402,,
501,,1,0.6855377331939188,,
502,,1,0.9387710206729707,,
503,,1,1.229262205564196,,
504,,1,0.9337369518253895,,
505,,1,0.6961845678072415,,
506,,1,0.7367649073949025,,
507,,1,0.6563659279847383,,
508,,1,0.7034985064541053,,
509,,1,0.742488161541041,,
510,,1,1.0097795160553151,,
511,,1,0.662259402921576,,
,16,1,,1.1886542528071253,
,17,1,,1.2079931827981973,
,18,1,,1.2105936767269059,
,19,1,,1.2449929466155134,
,20,1,,1.1919945590851828,
,21,1,,1.2107309056075646,
,22,1,,1.2076391296181264,
,23,1,,1.1976110591043856,
,24,1,,1.1902285072453784,
,25,1,,1.1592231578609136,
,26,1,,1.2396731180692127,
,27,1,,1.2357894051770364,
,28,1,,1.18049858500869,
,29,1,,1.2210387239585865,
,30,1,,1.2376676165493725,
,31,1,,1.2249236331663522,
512,,2,0.6849436738790937,,
513,,2,0.6501583564090798,,
514,,2,0.8189727484185824,,
515,,2,0.8835269772611796,,
516,,2,0.9826498533224642,,
517,,2,0.9293856460826648,,
518,,2,0.9211930254991163,,
519,,2,0.7553669156677181,,
520,,2,0.752151129799846,,
521,,2,0.7201393234951908,,
522,,2,0.7555095053323466,,
523,,2,0.7683940928705832,,
524,,2,0.814146092926386,,
525,,2,1.049102125024729,,
526,,2,0.9148487875169767,,
527,,2,0.6871773275532007,,
528,,2,0.8453852447281479,,
529,,2,0.708185022784658,,
530,,2,0.8745849555971704,,
531,,2,0.7812576692882969,,
532,,2,0.6953759617990976,,
533,,2,0.8037846479789645,,
534,,2,0.6347055944161892,,
535,,2,0.6930279840966709,,
536,,2,0.7468711610879604,,
537,,2,0.8899502739203142,,
538,,2,0.6512205776426476,,
539,,2,1.0614803975386777,,
540,,2,1.1657255970578198,,
541,,2,0.7268327484907777,,
542,,2,1.0655397000619389,,
543,,2,0.6946950352836927,,
544,,2,0.9652630852795816,,
545,,2,0.6665683749433967,,
546,,2,0.6627098614201739,,
547,,2,0.6886316118112795,,
548,,2,0.9085054225661766,,
549,,2,0.972725483658496,,
550,,2,0.6938304445241368,,
551,,2,1.1150409144069047,,
552,,2,1.0410428909375584,,
553,,2,1.0343528305901508,,
554,,2,1.2440027527353252,,
555,,2,0.9546678324816416,,
556,,2,0.6771780961952035,,
557,,2,0.8168996921541354,,
558,,2,0.8242884273094419,,
559,,2,0.8749411649265233,,
560,,2,0.5737937448784651,,
561,,2,1.1554627932327737,,
562,,2,0.7868215736611424,,
563,,2,0.7454130169267548,,
564,,2,0.5958889248901396,,
565,,2,0.6171262817371613,,
566,,2,0.6795301753352752,,
567,,2,0.5641508063951954,,
568,,2,0.8878796197240677,,
569,,2,0.5755631464896823,,
570,,2,1.0544720220808936,,
571,,2,0.6533629467272553,,
572,,2,0.6209494595749154,,
573,,2,0.9243377843695466,,
574,,2,0.7167877086482961,,
575,,2,0.984644509129404,,
576,,2,0.5669176953876507,,
577,,2,1.2528924474267735,,
578,,2,0.9870085536901222,,
579,,2,0.7199374066259898,,
580,,2,0.9014315818987907,,
581,,2,0.7582715174268945,,
582,,2,0.9917992566605133,,
583,,2,0.6353065496108625,,
584,,2,0.9926895103509272,,
585,,2,0.6666623556421704,,
586,,2,0.99184761525689,,
587,,2,0.6771253603696407,,
588,,2,0.7604823039268149,,
589,,2,1.112106688994889,,
590,,2,0.7690424141998915,,
591,,2,0.706126879539485,,
592,,2,0.5467827305827546,,
593,,2,0.9608241101717454,,
594,,2,0.7538341055706654,,
595,,2,0.9941750042778774,,
596,,2,0.644594374996653,,
597,,2,0.5861734177136981,,
598,,2,0.6435455831849737,,
599,,2,0.5948090184001509,,
600,,2,0.6657959343321723,,
601,,2,0.6538011078376841,,
602,,2,1.0062245260795764,,
603,,2,0.6807893333653535,,
604,,2,0.7860174307010116,,
605,,2,0.6349428310243204,,
606,,2,0.7649621010514744,,
607,,2,0.8282270018412247,,
608,,2,0.903108522998042,,
609,,2,0.6253924027043665,,
610,,2,0.7119214261000045,,
611,,2,0.5211642268349688,,
612,,2,0.7212372292716817,,
613,,2,0.8954989950425798,,
614,,2,0.9677641970134985,,
615,,2,0.6473957240200701,,
616,,2,0.6404272110016617,,
617,,2,0.9968479910609599,,
618,,2,0.7905363977204096,,
619,,2,0.7410167652185212,,
620,,2,0.6193584868222827,,
621,,2,0.8442200072464594,,
622,,2,1.0256358610477414,,
623,,2,0.7477375038274126,,
624,,2,0.6282595987702633,,
625,,2,0.7426739488315636,,
626,,2,0.7455230467273655,,
627,,2,0.7175965804933941,,
628,,2,0.7140943283015334,,
629,,2,0.8647348931377451,,
630,,2,1.1802369034694953,,
631,,2,0.721700610768018,,
632,,2,0.760781119251361,,
633,,2,0.6850427623600873,,
634,,2,0.944920665117917,,
635,,2,0.7276276453883448,,
636,,2,0.6855337681789667,,
637,,2,0.5639035960016301,,
638,,2,0.7563472701623313,,
639,,2,0.6788758057175719,,
640,,2,0.6942123192278111,,
641,,2,0.7835869348799911,,
642,,2,0.8017403996049324,,
643,,2,1.000844413815152,,
644,,2,0.8477486918546129,,
645,,2,0.6553528150749204,,
646,,2,1.3929787800868827,,
647,,2,0.6937587573176601,,
648,,2,0.6869703018785162,,
649,,2,0.8646899847712435,,
650,,2,0.9776069577147626,,
651,,2,1.2931987058553382,,
652,,2,0.8721984342989313,,
653,,2,0.7144479053773077,,
654,,2,0.6470334120516853,,
655,,2,0.8575243408504556,,
656,,2,0.7116401066010378,,
657,,2,0.9105229470327749,,
658,,2,0.8951386913122091,,
659,,2,0.9269654304192888,,
660,,2,0.7745878362285318,,
661,,2,0.8563450274730666,,
662,,2,0.8896211487998522,,
663,,2,0.7779642848982062,,
664,,2,0.6422090881688166,,
665,,2,0.8288085255433236,,
666,,2,1.039981145319778,,
667,,2,0.8301186264608968,,
668,,2,0.6848106821938584,,
669,,2,0.7877084761841422,,
670,,2,0.7721406018608082,,
671,,2,1.071197943069798,,
672,,2,0.8041427827786112,,
673,,2,1.1261939211369374,,
674,,2,0.9706805527771741,,
675,,2,0.8617139160444631,,
676,,2,0.5989654672117374,,
677,,2,0.683264958621087,,
678,,2,0.6954636440614201,,
679,,2,0.7447755550777988,,
680,,2,0.8826707119561457,,
681,,2,0.7377003508696056,,
682,,2,0.6398769874844201,,
683,,2,1.0929716968919672,,
684,,2,0.7198073637883855,,
685,,2,1.0639652891485483,,
686,,2,0.9052547262424053,,
687,,2,0.8814623975608923,,
688,,2,0.5189303553001557,,
689,,2,1.279696138355751,,
690,,2,0.6188617883067523,,
691,,2,0.6386352602941832,,
692,,2,0.6730193363672013,,
693,,2,0.9384554593977408,,
694,,2,0.7286726607011371,,
695,,2,0.6505216464237554,,
696,,2,0.8084755022495124,,
697,,2,0.741708007931862,,
698,,2,1.1655570463734586,,
699,,2,0.9044994806566758,,
700,,2,0.7874532045652783,,
701,,2,0.9253699737427021,,
702,,2,0.8405072232462685,,
703,,2,0.6889877916352447,,
704,,2,1.184025981982025,,
705,,2,0.6353618720497014,,
706,,2,0.9116667870570219,,
707,,2,0.7798027980160411,,
708,,2,0.6934308763533817,,
709,,2,1.0174430942176196,,
710,,2,0.8061133785169303,,
711,,2,0.50917631254404,,
712,,2,0.5892407470328876,,
713,,2,0.7522245007351289,,
714,,2,0.6228158403246004,,
715,,2,0.950862191119069,,
716,,2,0.7917867054038498,,
717,,2,0.7493858445341297,,
718,,2,0.7524698540380161,,
719,,2,0.8937272756239901,,
720,,2,0.8681817472399678,,
721,,2,0.6325572338621939,,
722,,2,0.7549047146350194,,
723,,2,0.9591557320529703,,
724,,2,0.781882802909335,,
725,,2,1.0495062274048204,,
726,,2,0.8549714884913767,,
727,,2,0.8968453611637459,,
728,,2,0.689626461645992,,
729,,2,0.7902143527898926,,
730,,2,1.2180072653431746,,
731,,2,0.7646660574251107,,
732,,2,0.9907166550266238,,
733,,2,0.559941966304444,,
734,,2,0.7739784882097047,,
735,,2,0.8690063015907669,,
736,,2,0.8181576796241142,,
737,,2,1.015215399152096,,
738,,2,0.8141131105264907,,
739,,2,0.7256101129160829,,
740,,2,0.8784311016970318,,
741,,2,0.6174185424460035,,
742,,2,0.9395838849785996,,
743,,2,0.5729275482038236,,
744,,2,0.7158878774005539,,
745,,2,0.9056766669989799,,
746,,2,0.9198861124707349,,
747,,2,0.6700216796883123,,
748,,2,0.5459516444366008,,
749,,2,0.780183129187667,,
750,,2,0.8532879068349329,,
751,,2,0.8941840478035135,,
752,,2,0.8370795851797812,,
753,,2,0.5733529291969534,,
754,,2,0.6584051344385062,,
755,,2,0.8837555940111557,,
756,,2,0.6854691326751414,,
757,,2,0.6666939434965915,,
758,,2,0.7312590481691503,,
759,,2,0.635861231976787,,
760,,2,0.963817085777267,,
761,,2,0.8642133417291753,,
762,,2,0.9581815602340011,,
763,,2,0.6711017706807736,,
764,,2,0.9897778734391963,,
765,,2,0.8195748102537002,,
766,,2,0.9564557831962524,,
767,,2,0.8240945639170727,,
,32,2,,1.2860835913162438,
,33,2,,1.2564409441906605,
,34,2,,1.253363306248,
,35,2,,1.248810926716735,
,36,2,,1.297951647775228,
,37,2,,1.2886345819566092,
,38,2,,1.277753527413153,
,39,2,,1.2723716212881444,
,40,2,,1.289151160400628,
,41,2,,1.2981107889879602,
,42,2,,1.2653578133052559,
,43,2,,1.3116309830425212,
,44,2,,1.271305910253742,
,45,2,,1.2537860079411782,
,46,2,,1.2743076661325792,
,47,2,,1.2627099201468572,
768,,3,0.6976423637128351,,
769,,3,0.7409391638192577,,
770,,3,0.6491723456015209,,
771,,3,0.9550221541296318,,
772,,3,0.729071589215118,,
773,,3,0.7043811980510706,,
774,,3,0.8961756090964415,,
775,,3,1.3610180573577275,,
776,,3,0.7526372491930406,,
777,,3,0.7105553759499937,,
778,,3,0.8109602010158155,,
779,,3,1.0150494959031848,,
780,,3,0.6257629446640571,,
781,,3,0.49705177820247226,,
782,,3,0.7795060717228157,,
783,,3,0.44928861723789393,,
784,,3,0.8514033331067394,,
785,,3,0.6416376357769323,,
786,,3,0.8014200273963628,,
787,,3,0.8143893531488573,,
788,,3,0.9675528535598019,,
789,,3,0.8855134516583296,,
790,,3,0.6314308118469452,,
791,,3,0.7802930740712635,,
792,,3,0.717474951856092,,
793,,3,0.9955362404940999,,
794,,3,0.9565569940168075,,
795,,3,0.7894424367361239,,
796,,3,0.8086833878950859,,
797,,3,0.9294896096583849,,
798,,3,0.9854238283512549,,
799,,3,0.6007804584511042,,
800,,3,0.4899755591319952,,
801,,3,0.587002444031589,,
802,,3,0.9770368193124623,,
803,,3,0.711394736919063,,
804,,3,0.732984496318263,,
805,,3,0.8235205430832849,,
806,,3,1.0002765580570907,,
807,,3,0.45296980915018914,,
808,,3,0.7113306763528883,,
809,,3,0.4581171763743384,,
810,,3,0.8440439952332632,,
811,,3,0.9071939134329334,,
812,,3,0.6220215165947808,,
813,,3,1.0815862377738035,,
814,,3,0.8341858581390011,,
815,,3,1.0834333742723734,,
816,,3,0.5885093518778393,,
817,,3,0.6802625979059842,,
818,,3,0.7480788793552937,,
819,,3,0.9076366407447424,,
820,,3,0.75932003481074,,
821,,3,0.9334151124107593,,
822,,3,0.8011193656589137,,
823,,3,0.7344104367487545,,
824,,3,0.6962139680891607,,
825,,3,0.9923605663647398,,
826,,3,1.302535447037941,,
827,,3,0.926553478524424,,
828,,3,0.9661040353257985,,
829,,3,0.9168548454423245,,
830,,3,0.6311552603359029,,
831,,3,0.7493897389072339,,
832,,3,0.9886202749564958,,
833,,3,0.615752384942974,,
834,,3,0.7465277475123813,,
835,,3,0.6545506785438467,,
836,,3,0.8229977715331194,,
837,,3,0.6956425931291977,,
838,,3,0.7034362171070052,,
839,,3,0.715375746539497,,
840,,3,1.0488555216498123,,
841,,3,0.7018425414245577,,
842,,3,0.8964251313253438,,
843,,3,1.070359637872067,,
844,,3,0.7277498832820412,,
845,,3,0.7349632241016885,,
846,,3,1.061380926885911,,
847,,3,0.5570242508299605,,
848,,3,0.9461130156901552,,
849,,3,0.6794797692058092,,
850,,3,0.8348685997674622,,
851,,3,0.9017640981442085,,
852,,3,0.8088998508257556,,
853,,3,0.6192795917326697,,
854,,3,0.6919663730798071,,
855,,3,0.8210870203940157,,
856,,3,0.8639580224137824,,
857,,3,0.5174842190819928,,
858,,3,0.8210644365474682,,
859,,3,0.7002829511173672,,
860,,3,0.6683155418702462,,
861,,3,0.65660118387755,,
862,,3,0.8438226864581987,,
863,,3,1.0428280472082232,,
864,,3,0.6853405009763982,,
865,,3,0.9095995260812861,,
866,,3,0.8282782941988678,,
867,,3,0.6755494865261986,,
868,,3,0.8190169989430942,,
869,,3,1.3352415092514356,,
870,,3,0.5834186210081347,,
871,,3,0.7669204906249748,,
872,,3,0.8987214672778463,,
873,,3,0.6574048897841722,,
874,,3,0.8142798416192637,,
875,,3,0.9371779679903716,,
876,,3,0.5077655346200853,,
877,,3,0.884532883886511,,
878,,3,0.632309124595692,,
879,,3,0.5583658082708535,,
880,,3,0.4937498746841474,,
881,,3,0.9168640378715129,,
882,,3,0.7739814492063133,,
883,,3,0.8313713474337265,,
884,,3,0.7087465264311185,,
885,,3,0.995932856662803,,
886,,3,0.6978670325336905,,
887,,3,0.9599538886955387,,
888,,3,0.6844905956789935,,
889,,3,0.6483632075405509,,
890,,3,0.7414471877311112,,
891,,3,0.7047603937257076,,
892,,3,0.5966857662392941,,
893,,3,0.9488117873135844,,
894,,3,0.7855313475145265,,
895,,3,0.7664593336891509,,
896,,3,0.5069423381453564,,
897,,3,0.6116232649911066,,
898,,3,0.9635783226115833,,
899,,3,0.7986563880772596,,
900,,3,0.7321702926928055,,
901,,3,1.0433910777605757,,
902,,3,0.8371298332316146,,
903,,3,1.016939818683698,,
904,,3,0.9406480815140859,,
905,,3,0.6708100729569979,,
906,,3,0.7563625549648753,,
907,,3,0.4251605920143452,,
908,,3,0.9832565008717392,,
909,,3,0.5715350175043457,,
910,,3,0.6381648011844707,,
911,,3,0.8868858190401756,,
912,,3,0.8402466101208416,,
913,,3,0.7924845045129079,,
914,,3,0.4867719652098761,,
915,,3,1.2258709749640606,,
916,,3,0.8867158090277233,,
917,,3,0.732970006573178,,
918,,3,0.8854221145390455,,
919,,3,0.420508261469582,,
920,,3,1.0434989585764916,,
921,,3,0.6627980593911527,,
922,,3,1.051627186547367,,
923,,3,0.9955303731934789,,
924,,3,0.7728570403435351,,
925,,3,0.6157812906098507,,
926,,3,0.4392597893575608,,
927,,3,0.5624394822023542,,
928,,3,1.3707744921544935,,
929,,3,0.8199189696716505,,
930,,3,0.9536682066421758,,
931,,3,0.746338101209569,,
932,,3,0.7328004673717468,,
933,,3,0.5893437736444269,,
934,,3,1.0063654005812577,,
935,,3,0.740370981787279,,
936,,3,1.3943253287302282,,
937,,3,0.6662960902044142,,
938,,3,0.6899055677280851,,
939,,3,0.7804871152699425,,
940,,3,0.9164962433752522,,
941,,3,0.5493001557503512,,
942,,3,1.0046055260462223,,
943,,3,0.8714304823679473,,
944,,3,0.852872451980309,,
945,,3,0.7420290913144143,,
946,,3,0.818675619327798,,
947,,3,0.7580775127009789,,
948,,3,0.895038678993834,,
949,,3,0.7071766238923536,,
950,,3,0.7471331294446266,,
951,,3,0.7290133978174052,,
952,,3,0.7797586071727085,,
953,,3,0.8254200313839528,,
954,,3,1.3048130867639725,,
955,,3,1.1898851327943545,,
956,,3,0.8618889048052125,,
957,,3,0.7989217772136641,,
958,,3,0.671940380849832,,
959,,3,0.7174923252067656,,
960,,3,1.16803472202014,,
961,,3,0.5209419225608236,,
962,,3,0.7936470005616059,,
963,,3,0.9841947539879623,,
964,,3,0.7701044375723876,,
965,,3,0.8091174991663803,,
966,,3,0.8435159666170327,,
967,,3,0.9071618499915415,,
968,,3,0.740754300312549,,
969,,3,0.7261399846180107,,
970,,3,0.9380952120668007,,
971,,3,0.7051381947121103,,
972,,3,0.7567225656121668,,
973,,3,0.7844364988067617,,
974,,3,0.6552842886959073,,
975,,3,0.7003778735708323,,
976,,3,0.903905190625702,,
977,,3,1.2898201902848108,,
978,,3,0.7980502018859205,,
979,,3,0.8898273154897893,,
980,,3,0.6262442727860571,,
981,,3,0.704822780269013,,
982,,3,0.7683835380803921,,
983,,3,0.7504789844968272,,
984,,3,0.6961866737902662,,
985,,3,0.7536827294850378,,
986,,3,0.6735982340982842,,
987,,3,0.9614440395368871,,
988,,3,1.1765247879916605,,
989,,3,0.6867777583692535,,
990,,3,0.92177743149528,,
991,,3,0.78717997358834,,
992,,3,0.9326368161167876,,
993,,3,0.6551916842958749,,
994,,3,0.6801211235492027,,
995,,3,0.7857371660449776,,
996,,3,1.0660777225297748,,
997,,3,0.6185677299586977,,
998,,3,0.806611060443126,,
999,,3,0.6625036154554619,,
1000,,3,0.6429867825272013,,
1001,,3,1.0475440913014966,,
1002,,3,0.8905189061593771,,
1003,,3,0.5998134880144316,,
1004,,3,0.8650638364472686,,
1005,,3,0.9416809155973215,,
1006,,3,0.8727215978694545,,
1007,,3,0.6552797612768322,,
1008,,3,0.748975528054104,,
1009,,3,0.6475629706593488,,
1010,,3,1.0359700857322365,,
1011,,3,0.847012508612478,,
1012,,3,0.7245608365249074,,
1013,,3,0.5491477654621154,,
1014,,3,0.5809028836214197,,
1015,,3,1.6639454570298498,,
1016,,3,0.9217842343883493,,
1017,,3,0.7046100632157791,,
1018,,3,0.64907237032124,,
1019,,3,0.672283375146038,,
1020,,3,0.567031496230678,,
1021,,3,0.9952216284089179,,
1022,,3,0.7090685366425717,,
1023,,3,0.8713484699739179,,
,48,3,,1.339895078344615,
,49,3,,1.3320494328419326,
,50,3,,1.3056952334721086,
,51,3,,1.2983431703247856,
,52,3,,1.345145116596667,
,53,3,,1.341182170282082,
,54,3,,1.3019075786211851,
,55,3,,1.3118138786262858,
,56,3,,1.335267220190945,
,57,3,,1.3644300133224814,
,58,3,,1.314997977132654,
,59,3,,1.3393198331000065,
,60,3,,1.2966092007504857,
,61,3,,1.267338744572289,
,62,3,,1.3144986892114239,
,63,3,,1.2885413897402245,
1024,,4,0.9581631309746653,,
1025,,4,0.8627335012315192,,
1026,,4,0.5970630288720753,,
1027,,4,0.5553400316611635,,
1028,,4,0.8589197791647504,,
1029,,4,1.0210017367337563,,
1030,,4,0.6858175306344352,,
1031,,4,0.7343246512924637,,
1032,,4,0.7660788571460039,,
1033,,4,0.8640622538705502,,
1034,,4,1.1164399847852744,,
1035,,4,0.9253976549556058,,
1036,,4,1.1983456957875074,,
1037,,4,0.7150641330667261,,
1038,,4,0.9035504726173534,,
1039,,4,0.7275074071208119,,
1040,,4,0.6959796740990856,,
1041,,4,0.7844519067836715,,
1042,,4,0.9162886123953516,,
1043,,4,0.5623103150879174,,
1044,,4,1.0566937743221776,,
1045,,4,0.7943273823377484,,
1046,,4,0.9328756535348428,,
1047,,4,0.7886001731691215,,
1048,,4,0.6310692008767325,,
1049,,4,0.62841433453228,,
1050,,4,0.7465657173968344,,
1051,,4,1.2581198241583884,,
1052,,4,0.6098096654393577,,
1053,,4,1.0582175266301441,,
1054,,4,0.9816537047833563,,
1055,,4,0.8385708288273538,,
1056,,4,0.9123366148934539,,
1057,,4,0.6194876024512591,,
1058,,4,0.7701257202695385,,
1059,,4,1.1389194631172717,,
1060,,4,0.790988030720323,,
1061,,4,0.5601894607624094,,
1062,,4,0.9105195166632705,,
1063,,4,0.8861029254675346,,
1064,,4,0.6375883675435655,,
1065,,4,0.9793481642510073,,
1066,,4,0.8106436236791712,,
1067,,4,1.0368500171309611,,
1068,,4,0.5845851948794503,,
1069,,4,0.8710699215357325,,
1070,,4,0.930206494952099,,
1071,,4,0.8234162411904112,,
1072,,4,0.7798875976969543,,
1073,,4,0.5968057389024952,,
1074,,4,0.803937288763523,,
1075,,4,0.9432348812052732,,
1076,,4,0.5265014929780599,,
1077,,4,0.7007738906344727,,
1078,,4,0.9685860247844179,,
1079,,4,1.027340524936366,,
1080,,4,0.7949456070825867,,
1081,,4,0.8131304586483772,,
1082,,4,0.7503812285063562,,
1083,,4,0.8861434940698971,,
1084,,4,0.9987397022085578,,
1085,,4,0.8552789577056636,,
1086,,4,0.7939849553880016,,
1087,,4,0.9240165218690362,,
1088,,4,0.7484866932357357,,
1089,,4,0.8026198679438595,,
1090,,4,0.9000566526930851,,
1091,,4,0.7513760397071565,,
1092,,4,0.7414469814133625,,
1093,,4,0.6738435003929301,,
1094,,4,0.7553070276790617,,
1095,,4,0.7881421625297064,,
1096,,4,1.0455139665382158,,
1097,,4,0.5131198825597358,,
1098,,4,0.7467979652858714,,
1099,,4,0.7861739223183277,,
1100,,4,0.6427171729061101,,
1101,,4,0.6969688269874521,,
1102,,4,0.9074223388313825,,
1103,,4,0.9416918689074169,,
1104,,4,1.1690108685297957,,
1105,,4,0.5418548316628023,,
1106,,4,1.3491106927566108,,
1107,,4,0.8818065271990394,,
1108,,4,0.7735122451910641,,
1109,,4,0.6055338401014588,,
1110,,4,0.8285110510833672,,
1111,,4,0.5808382405783813,,
1112,,4,0.6545318581865862,,
1113,,4,0.8022751610840665,,
1114,,4,0.7737052592511233,,
1115,,4,0.5442861019197218,,
1116,,4,0.9081654191043709,,
1117,,4,0.8711208304672171,,
1118,,4,1.0566141001775904,,
1119,,4,0.751807296637432,,
1120,,4,0.6962988410986917,,
1121,,4,0.7413476573099578,,
1122,,4,0.8842905737963846,,
1123,,4,0.48555241052932185,,
1124,,4,0.6621025268865337,,
1125,,4,0.5144891365721423,,
1126,,4,0.5894220518316498,,
1127,,4,0.7600890797409795,,
1128,,4,0.7474388881322338,,
1129,,4,0.7503438978694532,,
1130,,4,0.7671937060745726,,
1131,,4,0.8537092545369612,,
1132,,4,0.9351973673081098,,
1133,,4,0.8973184775606962,,
1134,,4,0.6414468294702873,,
1135,,4,0.5257065798307141,,
1136,,4,0.7227947876103583,,
1137,,4,0.6117269458805825,,
1138,,4,0.9029610795894439,,
1139,,4,0.854826201594665,,
1140,,4,1.072223201297025,,
1141,,4,0.9401740070749238,,
1142,,4,0.8223960958245113,,
1143,,4,0.7656350811717103,,
1144,,4,0.9247708080517351,,
1145,,4,0.8376272702613987,,
1146,,4,0.5455701625859618,,
1147,,4,0.6852495823025659,,
1148,,4,0.8347759136623619,,
1149,,4,0.764824454413423,,
1150,,4,0.6585477300600787,,
1151,,4,0.9964196424465319,,
1152,,4,0.7691543551401648,,
1153,,4,0.6941585580537899,,
1154,,4,0.8107608650135796,,
1155,,4,1.1058409633278776,,
1156,,4,1.0323685898559871,,
1157,,4,1.1977794695104746,,
1158,,4,0.7589387605130954,,
1159,,4,0.7204181534794387,,
1160,,4,0.7151546894235108,,
1161,,4,0.9808716066781865,,
1162,,4,0.6092743140608757,,
1163,,4,0.5271894919085237,,
1164,,4,1.0134086535889981,,
1165,,4,0.9623214906171296,,
1166,,4,0.8637778980460632,,
1167,,4,1.0018841000256264,,
1168,,4,0.8782684309369568,,
1169,,4,0.8287465189872725,,
1170,,4,0.7801011485651932,,
1171,,4,0.7014012836365993,,
1172,,4,0.7325523250557598,,
1173,,4,0.8637145883382936,,
1174,,4,0.825542217659788,,
1175,,4,0.7595122692233227,,
1176,,4,0.7102372567277282,,
1177,,4,0.7866888712321052,,
1178,,4,0.9249882304883832,,
1179,,4,1.0852754054737368,,
1180,,4,0.9431940712639535,,
1181,,4,0.727800420729826,,
1182,,4,0.6764598314780602,,
1183,,4,0.6539265843171305,,
1184,,4,0.7713635821660835,,
1185,,4,0.8678756389193552,,
1186,,4,0.9144340363858677,,
1187,,4,0.774045217318559,,
1188,,4,0.5448262334719188,,
1189,,4,0.6552232382828482,,
1190,,4,0.5758473451240558,,
1191,,4,0.7069231347339833,,
1192,,4,0.9009100407538819,,
1193,,4,0.6610722439787589,,
1194,,4,1.0471772070704337,,
1195,,4,1.0119642024797972,,
1196,,4,0.7861179418917495,,
1197,,4,1.3984696205263474,,
1198,,4,0.6697312784769954,,
1199,,4,0.9290505610341798,,
1200,,4,0.8978501689162269,,
1201,,4,0.6851264060153693,,
1202,,4,0.8694329343962443,,
1203,,4,0.9345360020394691,,
1204,,4,0.9788586568773576,,
1205,,4,0.43760974813986847,,
1206,,4,0.8912546702764695,,
1207,,4,0.7930027794277104,,
1208,,4,0.788287046378209,,
1209,,4,0.8094748088225684,,
1210,,4,0.675458986507544,,
1211,,4,0.7373275806554017,,
1212,,4,0.936998929749994,,
1213,,4,0.8388437961506023,,
1214,,4,0.5688049862848144,,
1215,,4,0.621915278241884,,
1216,,4,1.2122336008815489,,
1217,,4,0.9819812945432007,,
1218,,4,0.8432055145526511,,
1219,,4,0.8305075373766531,,
1220,,4,1.0118711948469044,,
1221,,4,0.894354872810426,,
1222,,4,0.6856612055984362,,
1223,,4,0.6794516732990215,,
1224,,4,1.0167745283912384,,
1225,,4,0.8518062495873783,,
1226,,4,0.8027310292520964,,
1227,,4,1.0415401052779754,,
1228,,4,0.9158534222080476,,
1229,,4,0.7458152214008728,,
1230,,4,0.5304740991453216,,
1231,,4,0.6208765372420975,,
1232,,4,0.681947785867128,,
1233,,4,0.8927110334906919,,
1234,,4,0.7200122960215174,,
1235,,4,0.9021912091057983,,
1236,,4,0.9587971424020838,,
1237,,4,0.6308641560389321,,
1238,,4,0.6173022997897062,,
1239,,4,0.6165889431535456,,
1240,,4,1.1175570178231007,,
1241,,4,0.7551622948904793,,
1242,,4,0.8693440824127476,,
1243,,4,0.988938708707321,,
1244,,4,0.83181709887665,,
1245,,4,0.9461745399797199,,
1246,,4,0.8994952819196353,,
1247,,4,0.8886625949768643,,
1248,,4,0.7599820987768983,,
1249,,4,0.768257446393338,,
1250,,4,0.7472496754157361,,
1251,,4,0.8872340309524962,,
1252,,4,0.847181595352065,,
1253,,4,0.6197652554642092,,
1254,,4,0.9415297783210358,,
1255,,4,0.9862180300287353,,
1256,,4,0.6195095482352662,,
1257,,4,0.5961432356630378,,
1258,,4,0.4965420406172423,,
1259,,4,0.4253719589458562,,
1260,,4,0.7453712538412338,,
1261,,4,0.6151132734563577,,
1262,,4,1.234382541193788,,
1263,,4,0.6621515684962311,,
1264,,4,0.6331148754135711,,
1265,,4,0.7663376689566255,,
1266,,4,0.7586633515540753,,
1267,,4,0.6217953476443049,,
1268,,4,0.9546511447819286,,
1269,,4,0.7099703653338925,,
1270,,4,0.9062763090287655,,
1271,,4,0.7337130997167504,,
1272,,4,0.5798742366270426,,
1273,,4,1.0182653160714814,,
1274,,4,0.8946264063611663,,
1275,,4,0.6802102215186858,,
1276,,4,0.7827140693531087,,
1277,,4,0.5548927216553454,,
1278,,4,1.0474543611126856,,
1279,,4,0.6786436318990844,,
,64,4,,1.3393270119470544,
,65,4,,1.3421388330930024,
,66,4,,1.3742739883017272,
,67,4,,1.345707818545661,
,68,4,,1.3339181718674578,
,69,4,,1.3334167985281113,
,70,4,,1.3680701927352659,
,71,4,,1.3466839748616355,
,72,4,,1.3668873343459702,
,73,4,,1.3550534845888316,
,74,4,,1.3471637971882484,
,75,4,,1.3645346286519122,
,76,4,,1.3211698619329664,
,77,4,,1.3501922495006815,
,78,4,,1.3231727481936144,
,79,4,,1.3725868406772639,
1280,,5,0.6016810534784058,,
1281,,5,0.896789813266901,,
1282,,5,0.7658130825702419,,
1283,,5,0.6144785584292236,,
1284,,5,0.750331931207279,,
1285,,5,0.7988152561222975,,
1286,,5,1.0034560858611203,,
1287,,5,0.588808197988387,,
1288,,5,0.7200797135342505,,
1289,,5,1.087912684041736,,
1290,,5,0.902008585064553,,
1291,,5,0.7993397746476021,,
1292,,5,0.473377474777796,,
1293,,5,0.6310681982303706,,
1294,,5,1.0291151775005676,,
1295,,5,0.7619583547709328,,
1296,,5,0.8054953037634519,,
1297,,5,0.7071599458932601,,
1298,,5,0.6738155247474236,,
1299,,5,0.9286902871634057,,
1300,,5,0.7830562670753092,,
1301,,5,0.6189394208789394,,
1302,,5,0.8079578474836612,,
1303,,5,1.0392725770086595,,
1304,,5,0.9866411604183156,,
1305,,5,0.5578755133550255,,
1306,,5,1.1452647899764654,,
1307,,5,0.5828745982825441,,
1308,,5,0.6542259899257906,,
1309,,5,0.7034717840741141,,
1310,,5,0.7318684860812283,,
1311,,5,0.7758296885465353,,
1312,,5,0.6315576355417878,,
1313,,5,0.7718725387346979,,
1314,,5,0.6610966413428786,,
1315,,5,0.8503181887684239,,
1316,,5,0.8019963191926235,,
1317,,5,0.5481526403169268,,
1318,,5,1.0350776397086394,,
1319,,5,1.3592926283985405,,
1320,,5,0.8800113465467799,,
1321,,5,1.0459977293663456,,
1322,,5,0.9473694550705299,,
1323,,5,0.8879609952687224,,
1324,,5,0.7641035568963135,,
1325,,5,1.0922533581267369,,
1326,,5,0.9360112749796317,,
1327,,5,1.034221306981012,,
1328,,5,0.9630635943492534,,
1329,,5,0.6556772794466967,,
1330,,5,0.6935305173560395,,
1331,,5,0.736311489866841,,
1332,,5,0.8314560924499428,,
1333,,5,0.7265835356041036,,
1334,,5,0.705160998064029,,
1335,,5,0.5623745294978055,,
1336,,5,0.8824837369557703,,
1337,,5,0.7992135262750415,,
1338,,5,0.7125749534038217,,
1339,,5,0.6537403784650238,,
1340,,5,0.7669920337689149,,
1341,,5,1.000931031834639,,
1342,,5,1.197651819326399,,
1343,,5,0.7903041616903745,,
1344,,5,0.7701393405034063,,
1345,,5,0.6493761149928206,,
1346,,5,0.7637542342393748,,
1347,,5,0.6583561510726776,,
1348,,5,0.8975219898495337,,
1349,,5,0.8207245908877798,,
1350,,5,0.6367576255984977,,
1351,,5,0.7654091427496839,,
1352,,5,0.9845653603094571,,
1353,,5,0.8635640775650689,,
1354,,5,0.6530973630081053,,
1355,,5,0.6686141699103435,,
1356,,5,0.8052071890503784,,
1357,,5,1.1608091983424424,,
1358,,5,0.6425341494963552,,
1359,,5,0.776204788931999,,
1360,,5,0.7264183264299469,,
1361,,5,1.0036079466126728,,
1362,,5,0.7875389547446405,,
1363,,5,0.5467441991303735,,
1364,,5,0.6061646286126352,,
1365,,5,0.6933378114136586,,
1366,,5,0.44632861345638264,,
1367,,5,0.6490357269133608,,
1368,,5,0.9692376115296952,,
1369,,5,0.7458368551468496,,
1370,,5,0.6606984983153781,,
1371,,5,0.7506498019078816,,
1372,,5,0.6445709816520053,,
1373,,5,0.7193451604606685,,
1374,,5,0.4850229960081678,,
1375,,5,0.6020167245888077,,
1376,,5,0.8675448163121589,,
1377,,5,1.0280729552993437,,
1378,,5,0.8517201547505567,,
1379,,5,0.6498912707318968,,
1380,,5,0.8000939299921003,,
1381,,5,0.754187565062329,,
1382,,5,0.6957088535767999,,
1383,,5,0.730753470040969,,
1384,,5,0.8878152258775156,,
1385,,5,0.7551064889532793,,
1386,,5,0.7371374449676723,,
1387,,5,0.52956857384253,,
1388,,5,0.6312215760423667,,
1389,,5,0.6772723097641072,,
1390,,5,0.615744778357006,,
1391,,5,0.5683521140502394,,
1392,,5,0.7679534951589357,,
1393,,5,0.5963770476256864,,
1394,,5,1.2260502486249742,,
1395,,5,0.5103998268890142,,
1396,,5,0.7846140158160042,,
1397,,5,0.7209378227332671,,
1398,,5,1.0657359633567416,,
1399,,5,0.8477404508327548,,
1400,,5,0.7113624556006404,,
1401,,5,1.0365610201241604,,
1402,,5,0.9868673251623515,,
1403,,5,0.8430976367024826,,
1404,,5,0.7014669308287849,,
1405,,5,0.6768555703701027,,
1406,,5,0.5191763384740402,,
1407,,5,0.6728543751408251,,
1408,,5,0.6840781683041183,,
1409,,5,1.1128393528637397,,
1410,,5,0.9455795894264272,,
1411,,5,0.7957044335161754,,
1412,,5,0.8946647881684624,,
1413,,5,0.581552430832304,,
1414,,5,1.3324444272566753,,
1415,,5,1.0943868078630685,,
1416,,5,0.6653982099669745,,
1417,,5,0.7518836679243248,,
1418,,5,0.8864669626144221,,
1419,,5,0.719575396839864,,
1420,,5,0.7803035168969888,,
1421,,5,0.45223704508990736,,
1422,,5,0.6981055953244578,,
1423,,5,0.6210134860027003,,
1424,,5,0.8868593289628335,,
1425,,5,0.5393109008581587,,
1426,,5,0.9078311626787618,,
1427,,5,0.9415301534196638,,
1428,,5,1.1887394527463466,,
1429,,5,0.6372623785360847,,
1430,,5,0.9221540721340225,,
1431,,5,1.1332501458047322,,
1432,,5,0.5809799529725962,,
1433,,5,0.6557059727681122,,
1434,,5,0.7761379536361472,,
1435,,5,0.9876750409925539,,
1436,,5,0.7662826556827391,,
1437,,5,1.2016789625021804,,
1438,,5,0.7359343865940302,,
1439,,5,0.637399071807966,,
1440,,5,0.6607324522051587,,
1441,,5,0.7410473820762686,,
1442,,5,0.7735127501570993,,
1443,,5,0.6055105931268587,,
1444,,5,0.7510883314245215,,
1445,,5,0.7334049175134725,,
1446,,5,0.6010759177355447,,
1447,,5,1.1208977669862557,,
1448,,5,0.4827141483461635,,
1449,,5,0.7538696097457113,,
1450,,5,0.8880897152919439,,
1451,,5,1.038537009548453,,
1452,,5,0.6242250044448461,,
1453,,5,0.7485966235619782,,
1454,,5,0.6704416172087411,,
1455,,5,1.0282765081692218,,
1456,,5,0.5837107256549483,,
1457,,5,1.0122555133895625,,
1458,,5,0.7647800257755903,,
1459,,5,0.5196288784882578,,
1460,,5,0.9443132049536876,,
1461,,5,0.7261473298450545,,
1462,,5,0.8099750812288089,,
1463,,5,0.44425131002466145,,
1464,,5,0.7374710710638601,,
1465,,5,0.91120207573964,,
1466,,5,1.0927246122236647,,
1467,,5,0.6026485436850401,,
1468,,5,0.9556794415525189,,
1469,,5,0.643484550443629,,
1470,,5,0.9540017055622926,,
1471,,5,0.663117173477744,,
1472,,5,0.877566120648432,,
1473,,5,0.9008018498072047,,
1474,,5,0.738745809058031,,
1475,,5,0.9712557140050455,,
1476,,5,0.6463338408900785,,
1477,,5,0.5807005447149872,,
1478,,5,0.833999890915534,,
1479,,5,0.6356703815143044,,
1480,,5,0.8577123890292069,,
1481,,5,0.7075234290269147,,
1482,,5,1.0618325965766262,,
1483,,5,0.8727187029937753,,
1484,,5,0.8078195641249027,,
1485,,5,0.6661087273369514,,
1486,,5,0.8188345574711597,,
1487,,5,0.7271065732619482,,
1488,,5,1.1320697894694876,,
1489,,5,0.9331979126302903,,
1490,,5,0.6797047888217256,,
1491,,5,0.9531736649808545,,
1492,,5,0.8891143221748524,,
1493,,5,0.7455075826006858,,
1494,,5,0.5132838904433992,,
1495,,5,0.8743163014288589,,
1496,,5,0.9284659199391954,,
1497,,5,0.7292984922022147,,
1498,,5,0.8082664003556186,,
1499,,5,0.596198732305845,,
1500,,5,0.7776144257159215,,
1501,,5,0.7393305313865046,,
1502,,5,0.7240642095202571,,
1503,,5,0.9958324808808219,,
1504,,5,0.4765222524903623,,
1505,,5,0.6514578460930569,,
1506,,5,0.6569721209601208,,
1507,,5,0.8292159782265078,,
1508,,5,0.8419277690400314,,
1509,,5,0.6967983072196869,,
1510,,5,0.5290097503879305,,
1511,,5,0.6938788096336943,,
1512,,5,0.849393322305283,,
1513,,5,0.8064028917896249,,
1514,,5,0.7143188409701506,,
1515,,5,0.5959348038940098,,
1516,,5,0.8931447122299861,,
1517,,5,0.8232670654489935,,
1518,,5,0.849976224873122,,
1519,,5,0.5933729620110004,,
1520,,5,0.7428603902894221,,
1521,,5,0.4316416704983794,,
1522,,5,0.9542551698684356,,
1523,,5,0.7112771411140628,,
1524,,5,0.9340396740259159,,
1525,,5,0.8636186057900608,,
1526,,5,1.0139045853393625,,
1527,,5,0.7498741785123502,,
1528,,5,0.7626651572985488,,
1529,,5,1.2788991311948854,,
1530,,5,0.9409039953312681,,
1531,,5,0.7638539559389314,,
1532,,5,0.5463458809788246,,
1533,,5,0.6157180525137856,,
1534,,5,0.5842463335979864,,
1535,,5,0.5347892955173343,,
,80,5,,1.3513738254058112,
,81,5,,1.3600416572276885,
,82,5,,1.3586634451654327,
,83,5,,1.3466973905288449,
,84,5,,1.3717448982992,
,85,5,,1.3285935974048284,
,86,5,,1.3303814192298358,
,87,5,,1.3348989317997915,
,88,5,,1.3416885425887224,
,89,5,,1.3789618426546175,
,90,5,,1.281381780710282,
,91,5,,1.302812448789939,
,92,5,,1.3152813798368372,
,93,5,,1.3188141486638503,
,94,5,,1.3375145967589184,
,95,5,,1.3967182211071887,
1536,,6,0.7157526264557961,,
1537,,6,1.0341868779731138,,
1538,,6,0.5598508342997386,,
1539,,6,0.7503962475961369,,
1540,,6,0.9779191123320472,,
1541,,6,0.7268841382235123,,
1542,,6,0.8391570386847454,,
1543,,6,0.7472587925152283,,
1544,,6,1.2143297840114036,,
1545,,6,0.5840240798639212,,
1546,,6,0.6996789113105729,,
1547,,6,0.6704233373703223,,
1548,,6,0.7585362310251386,,
1549,,6,1.0993980318885042,,
1550,,6,0.8143658176043208,,
1551,,6,0.7798367911549114,,
1552,,6,0.6596528412467311,,
1553,,6,0.6578333687844828,,
1554,,6,0.908481060211533,,
1555,,6,0.7692838176270105,,
1556,,6,1.2931958638789989,,
1557,,6,0.6473161252932604,,
1558,,6,0.6191185996579587,,
1559,,6,0.4655668638819151,,
1560,,6,0.59004856368183,,
1561,,6,0.5642752299507572,,
1562,,6,1.016456745533521,,
1563,,6,0.6816157325671593,,
1564,,6,1.2146271884569817,,
1565,,6,0.8869950808334697,,
1566,,6,0.90948228661812,,
1567,,6,1.2752203668251685,,
1568,,6,0.5602521695793999,,
1569,,6,0.7766246569792594,,
1570,,6,0.622606780037593,,
1571,,6,0.6374932573981548,,
1572,,6,0.6291953436729012,,
1573,,6,0.5891069769913063,,
1574,,6,0.9998060849254801,,
1575,,6,0.6925565677511584,,
1576,,6,1.047337258462312,,
1577,,6,0.697543826268877,,
1578,,6,0.5180704425708076,,
1579,,6,0.6329939229861576,,
1580,,6,0.6895193818673526,,
1581,,6,1.2705062872044244,,
1582,,6,0.785670104419488,,
1583,,6,0.4395823570306699,,
1584,,6,0.6399971074929186,,
1585,,6,1.0334147599945083,,
1586,,6,0.7136181623032443,,
1587,,6,1.3557163862896942,,
1588,,6,1.283474684202735,,
1589,,6,0.46666352839288205,,
1590,,6,0.579098383069688,,
1591,,6,0.6351407693395472,,
1592,,6,1.0158580461333397,,
1593,,6,0.6863426866098143,,
1594,,6,0.6328095701242101,,
1595,,6,0.6452360197389967,,
1596,,6,0.8206123714274716,,
1597,,6,0.9255793474934184,,
1598,,6,1.304051599774057,,
1599,,6,0.7197769489004726,,
1600,,6,0.7894706828245908,,
1601,,6,0.7290744717864821,,
1602,,6,0.7786796697373788,,
1603,,6,0.7056122920006171,,
1604,,6,0.7816713835362018,,
1605,,6,0.5351748353760537,,
1606,,6,0.7366485010559993,,
1607,,6,0.7285156898696976,,
1608,,6,0.8209961739227751,,
1609,,6,0.848944385869808,,
1610,,6,0.6632565858215118,,
1611,,6,1.0440551982698594,,
1612,,6,0.6756644576771356,,
1613,,6,0.6406467014511199,,
1614,,6,0.7517459211883353,,
1615,,6,1.0916192734448897,,
1616,,6,0.5236577549622896,,
1617,,6,0.9311627858525633,,
1618,,6,0.8484715241547287,,
1619,,6,0.9123106343183133,,
1620,,6,0.9294288038037598,,
1621,,6,1.0306880433119043,,
1622,,6,0.8885237002763984,,
1623,,6,1.053987067281721,,
1624,,6,0.9434081573739321,,
1625,,6,0.8881533609109052,,
1626,,6,0.6608834890416453,,
1627,,6,0.6448195754296568,,
1628,,6,1.2277937684021554,,
1629,,6,0.7789407775597877,,
1630,,6,0.8694507840848871,,
1631,,6,0.63730961933066,,
1632,,6,0.5466785706968108,,
1633,,6,0.5502017733104783,,
1634,,6,0.765712871935413,,
1635,,6,0.6512625351743327,,
1636,,6,0.6944094334115608,,
1637,,6,1.118250342851082,,
1638,,6,1.0278542271211315,,
1639,,6,0.5682452198493424,,
1640,,6,0.8932550776703743,,
1641,,6,0.8295872041479206,,
1642,,6,0.9933376106664112,,
1643,,6,0.6780741117354938,,
1644,,6,0.6738364346724213,,
1645,,6,0.72969633817267,,
1646,,6,0.8084539609510767,,
1647,,6,1.0690453064269207,,
1648,,6,0.7876363630579584,,
1649,,6,0.7322985713620934,,
1650,,6,0.8291267337519421,,
1651,,6,0.9907525578575497,,
1652,,6,1.186287644697082,,
1653,,6,0.8566589437025668,,
1654,,6,0.6629732605547535,,
1655,,6,0.9370075609110025,,
1656,,6,0.6945057542646197,,
1657,,6,0.6014722660691166,,
1658,,6,0.7903616397556301,,
1659,,6,0.5782350727819883,,
1660,,6,0.6694686748027725,,
1661,,6,0.8329936360857566,,
1662,,6,0.594163213157888,,
1663,,6,0.5730038665230972,,
1664,,6,0.9349969357700958,,
1665,,6,0.8092468376435923,,
1666,,6,1.1305743087067688,,
1667,,6,0.6221363264647,,
1668,,6,1.114318523284898,,
1669,,6,0.553258867994738,,
1670,,6,0.9065769278845848,,
1671,,6,0.6656447663678524,,
1672,,6,0.5013928898390849,,
1673,,6,0.9638498456372623,,
1674,,6,0.6919926460153795,,
1675,,6,0.786053184022576,,
1676,,6,0.8908774886096271,,
1677,,6,0.6029972675023814,,
1678,,6,0.5907070829618781,,
1679,,6,0.6828211715044299,,
1680,,6,0.5541101842952177,,
1681,,6,1.0108450739741488,,
1682,,6,0.9710474089067842,,
1683,,6,0.8537770592036333,,
1684,,6,0.9292319541845036,,
1685,,6,0.5944723229285893,,
1686,,6,1.2208841854742036,,
1687,,6,0.762715139651855,,
1688,,6,1.0564945397645324,,
1689,,6,0.5475417920413063,,
1690,,6,0.855584753979495,,
1691,,6,1.1188485594024096,,
1692,,6,1.096142820830166,,
1693,,6,0.9653200746381057,,
1694,,6,0.7200736024291368,,
1695,,6,0.8642555096558768,,
1696,,6,0.7255213712553088,,
1697,,6,1.0398841372058703,,
1698,,6,1.0113152379304395,,
1699,,6,1.11647413059266,,
1700,,6,1.0701458780963131,,
1701,,6,0.9115581926957607,,
1702,,6,0.5268828305957323,,
1703,,6,0.6421578626049755,,
1704,,6,0.7038702596990923,,
1705,,6,0.6696323521054547,,
1706,,6,0.7904940894330139,,
1707,,6,0.9065682943420651,,
1708,,6,0.5823286594049939,,
1709,,6,0.5585361274264546,,
1710,,6,0.6155064832833295,,
1711,,6,0.6862029088531753,,
1712,,6,1.0030593581476948,,
1713,,6,0.9275989781299943,,
1714,,6,0.9039121330965566,,
1715,,6,0.8776328491573315,,
1716,,6,0.6339923287889856,,
1717,,6,0.9338801508855831,,
1718,,6,0.481613264310502,,
1719,,6,0.7089107483623152,,
1720,,6,0.5237298002394886,,
1721,,6,1.0328151283100444,,
1722,,6,0.6655997845495487,,
1723,,6,0.7128509129866911,,
1724,,6,0.8357453455659989,,
1725,,6,0.4478362241747505,,
1726,,6,0.6806886925913634,,
1727,,6,1.20515128417608,,
1728,,6,1.3902914971382483,,
1729,,6,0.5976835863557789,,
1730,,6,0.6283484776057323,,
1731,,6,0.5805011310169138,,
1732,,6,0.6743847241177534,,
1733,,6,0.5863040547710463,,
1734,,6,1.1773331087283074,,
1735,,6,0.7339042273824493,,
1736,,6,0.940748894871587,,
1737,,6,0.8781060218498944,,
1738,,6,0.8637781659413332,,
1739,,6,0.6870004183195056,,
1740,,6,0.906275573580274,,
1741,,6,0.7001820394252977,,
1742,,6,0.670229181678153,,
1743,,6,0.4684303034680813,,
1744,,6,0.609362628980014,,
1745,,6,0.7003833077469175,,
1746,,6,0.8516084554810629,,
1747,,6,1.2122282415176135,,
1748,,6,0.7609642597047218,,
1749,,6,0.8916523929676067,,
1750,,6,0.7437768950512709,,
1751,,6,0.7054852759172692,,
1752,,6,0.5057121627903756,,
1753,,6,0.8055763450442672,,
1754,,6,0.73350198396492,,
1755,,6,0.6501100819003126,,
1756,,6,0.9227903227524268,,
1757,,6,0.8216973582437906,,
1758,,6,1.0229314030952423,,
1759,,6,0.6864522357087657,,
1760,,6,0.7100963859312197,,
1761,,6,1.0289627784081403,,
1762,,6,0.9839868002085087,,
1763,,6,1.0013402143508883,,
1764,,6,0.7549567644528867,,
1765,,6,0.7231147920975062,,
1766,,6,1.3154446469152217,,
1767,,6,0.8967915816964608,,
1768,,6,0.5351171347392514,,
1769,,6,0.8684047711400968,,
1770,,6,0.7312670769205503,,
1771,,6,0.6011016439488422,,
1772,,6,0.6081203649249687,,
1773,,6,0.6691964328558933,,
1774,,6,0.8119585827425212,,
1775,,6,0.7388407729731661,,
1776,,6,0.8659993732133122,,
1777,,6,0.8216813224533976,,
1778,,6,0.715673318424356,,
1779,,6,0.8749165670588074,,
1780,,6,0.6672953795854665,,
1781,,6,0.605603303229979,,
1782,,6,0.8340810552704158,,
1783,,6,0.6664575012895734,,
1784,,6,0.687458280595355,,
1785,,6,0.7738342961203162,,
1786,,6,0.6228288523056398,,
1787,,6,0.46935726372360503,,
1788,,6,0.6320353439258724,,
1789,,6,0.7286354433826934,,
1790,,6,0.5176324630813879,,
1791,,6,0.7186128861225393,,
,96,6,,1.2450932700911097,
,97,6,,1.2571345692200044,
,98,6,,1.2617917022780691,
,99,6,,1.2620478569467455,
,100,6,,1.240473120070343,
,101,6,,1.258905961190817,
,102,6,,1.2316902292121128,
,103,6,,1.2443400974688386,
,104,6,,1.2429287353297407,
,105,6,,1.2583296811907423,
,106,6,,1.258699323045837,
,107,6,,1.2730643830043922,
,108,6,,1.2518051415746103,
,109,6,,1.2716676831124811,
,110,6,,1.226065962225519,
,111,6,,1.245416522208731,
1792,,7,0.9313612025654031,,
1793,,7,0.764504446575138,,
1794,,7,0.46434270362004004,,
1795,,7,0.6882199685898815,,
1796,,7,0.6458696218920412,,
1797,,7,0.6972472565186081,,
1798,,7,0.6193487062216187,,
1799,,7,0.9919421908593826,,
1800,,7,0.6216385120703981,,
1801,,7,1.080538245397968,,
1802,,7,0.5882388996818554,,
1803,,7,0.7461562227487223,,
1804,,7,0.9408109648867431,,
1805,,7,0.5678549748841709,,
1806,,7,0.6282838120187254,,
1807,,7,0.6171733348218145,,
1808,,7,1.2143584459484758,,
1809,,7,0.7873711859853216,,
1810,,7,0.7414299976276367,,
1811,,7,0.7293847840132611,,
1812,,7,1.2075585112867393,,
1813,,7,0.8313004928906533,,
1814,,7,1.0614140797054328,,
1815,,7,0.676514547931336,,
1816,,7,0.6380701012690662,,
1817,,7,0.7810322181848606,,
1818,,7,0.7954519229677454,,
1819,,7,0.713184411663591,,
1820,,7,0.7912275882338591,,
1821,,7,0.637470193886488,,
1822,,7,0.6987145968861608,,
1823,,7,1.0280517497769028,,
1824,,7,0.7899271211594792,,
1825,,7,0.640839056577096,,
1826,,7,0.7221593956557691,,
1827,,7,0.6925811951646519,,
1828,,7,0.5815443258568338,,
1829,,7,0.8900782936160773,,
1830,,7,0.675042358492736,,
1831,,7,0.8396492881031309,,
1832,,7,0.8782518268683025,,
1833,,7,0.7566032462346572,,
1834,,7,0.8996681164258027,,
1835,,7,1.1042562888940162,,
1836,,7,0.9557247991891498,,
1837,,7,0.798437562413899,,
1838,,7,1.2224591845944104,,
1839,,7,0.8707603070202371,,
1840,,7,0.6788715485082767,,
1841,,7,0.9013439168922869,,
1842,,7,1.0925657033172937,,
1843,,7,0.7407177190363596,,
1844,,7,0.765315322289321,,
1845,,7,0.9151794201822638,,
1846,,7,0.6378972489586291,,
1847,,7,0.7323335113359069,,
1848,,7,1.2477085292305028,,
1849,,7,0.6208022832364236,,
1850,,7,0.9278009971998001,,
1851,,7,0.732122948364872,,
1852,,7,0.6700114043923288,,
1853,,7,0.6880006960885394,,
1854,,7,0.6495178937168699,,
1855,,7,0.7328105037430568,,
1856,,7,0.8525407383844318,,
1857,,7,0.9837711665461664,,
1858,,7,1.165024208278335,,
1859,,7,0.7578596605388693,,
1860,,7,0.6325223829420846,,
1861,,7,0.9603233360469174,,
1862,,7,0.769538388614627,,
1863,,7,0.922978097466528,,
1864,,7,0.7994347397430106,,
1865,,7,0.9891071749998497,,
1866,,7,0.8095519205783424,,
1867,,7,1.0832576504191151,,
1868,,7,0.6890609389428348,,
1869,,7,0.8978849662308993,,
1870,,7,0.921183167169584,,
1871,,7,0.48856904381884925,,
1872,,7,0.8558595574983014,,
1873,,7,0.7796213580874106,,
1874,,7,0.9411920734688093,,
1875,,7,1.1514374870596162,,
1876,,7,0.8405517487414418,,
1877,,7,0.7549577983202658,,
1878,,7,0.8489946515100284,,
1879,,7,0.7668873510809113,,
1880,,7,0.8364147412998204,,
1881,,7,0.8585299112958166,,
1882,,7,0.6773101743645299,,
1883,,7,0.8151478822786782,,
1884,,7,0.930083760039366,,
1885,,7,0.7024729646671499,,
1886,,7,0.7986495785459585,,
1887,,7,0.6029478692028434,,
1888,,7,0.5787371877768657,,
1889,,7,0.6845956681517223,,
1890,,7,0.8061359982296923,,
1891,,7,0.6207516231340217,,
1892,,7,1.1080497229853907,,
1893,,7,0.5984932757939712,,
1894,,7,0.6771053617632182,,
1895,,7,0.6762790610861837,,
1896,,7,1.2750643029280424,,
1897,,7,0.960221040661094,,
1898,,7,0.7847346656485704,,
1899,,7,0.6343231669047122,,
1900,,7,0.7911404042090805,,
1901,,7,0.6967415523144683,,
1902,,7,0.6819637042852446,,
1903,,7,0.5912538012692672,,
1904,,7,1.1282599492003107,,
1905,,7,0.5583525071294931,,
1906,,7,1.0738474962428932,,
1907,,7,0.673359555111618,,
1908,,7,0.621705430755018,,
1909,,7,0.9331265072304001,,
1910,,7,0.9253292497585579,,
1911,,7,1.3884708541899933,,
1912,,7,0.8903285496153277,,
1913,,7,0.9654489695675688,,
1914,,7,0.8014504467721466,,
1915,,7,0.5464262650089025,,
1916,,7,0.7433278426564365,,
1917,,7,0.8804944549486953,,
1918,,7,0.7741659826450249,,
1919,,7,0.8106190344169337,,
1920,,7,0.9693049011563115,,
1921,,7,0.6820981596332258,,
1922,,7,0.720577241952868,,
1923,,7,0.8900760228101277,,
1924,,7,0.668821464277349,,
1925,,7,0.7122900977227395,,
1926,,7,1.00240450154901,,
1927,,7,0.7132692890279277,,
1928,,7,0.4840381640013634,,
1929,,7,0.6269627851781745,,
1930,,7,0.6982732388088453,,
1931,,7,0.7399864550004903,,
1932,,7,0.6877439341333498,,
1933,,7,0.7341550056741989,,
1934,,7,0.7751985527479297,,
1935,,7,0.7580436242771409,,
1936,,7,1.0188053925794522,,
1937,,7,0.7126869339422317,,
1938,,7,0.6668222283709995,,
1939,,7,0.8294240074718466,,
1940,,7,0.7243694355478555,,
1941,,7,0.7513672261980872,,
1942,,7,1.1383763956559434,,
1943,,7,0.6250272022263114,,
1944,,7,0.7808708824352155,,
1945,,7,1.102770493696163,,
1946,,7,0.7971569068667674,,
1947,,7,0.7685637271718537,,
1948,,7,0.8156046445766671,,
1949,,7,0.770318954711602,,
1950,,7,1.3940413126152524,,
1951,,7,0.6056155520778057,,
1952,,7,0.7389833433172074,,
1953,,7,0.9163326398642173,,
1954,,7,1.0060792297716246,,
1955,,7,0.8630570942488272,,
1956,,7,0.7169857782993063,,
1957,,7,0.7904390646532559,,
1958,,7,0.8780088507725488,,
1959,,7,0.7764400468517101,,
1960,,7,0.8088487688330723,,
1961,,7,0.8127403901135768,,
1962,,7,1.0105796174117474,,
1963,,7,0.672046413610131,,
1964,,7,0.5178125512724386,,
1965,,7,0.8988271814285291,,
1966,,7,0.7862895050287042,,
1967,,7,0.5028986493010179,,
1968,,7,1.0820721554579957,,
1969,,7,0.7438781709260552,,
1970,,7,0.6954440210987163,,
1971,,7,0.5803736405715529,,
1972,,7,0.7707169981673117,,
1973,,7,0.7184498666397905,,
1974,,7,0.9346845381945453,,
1975,,7,0.6575511735415274,,
1976,,7,0.9223477784236597,,
1977,,7,0.8440607605904802,,
1978,,7,0.8419004094239997,,
1979,,7,0.5324617140703862,,
1980,,7,0.8295688571639792,,
1981,,7,0.9858297639615998,,
1982,,7,0.7771296670298146,,
1983,,7,0.6071114435563635,,
1984,,7,0.8950021567518821,,
1985,,7,0.8079322543636739,,
1986,,7,0.815095445693107,,
1987,,7,0.9376990873924221,,
1988,,7,0.7251177795950642,,
1989,,7,0.8397715490776805,,
1990,,7,0.5595959326587924,,
1991,,7,0.888233585273477,,
1992,,7,0.5816246883812446,,
1993,,7,0.7387529559151897,,
1994,,7,0.7920887097694538,,
1995,,7,0.5416522195798863,,
1996,,7,0.873998561724045,,
1997,,7,1.0262734848856339,,
1998,,7,0.8086688245693814,,
1999,,7,0.8007211103785183,,
2000,,7,0.8636362715396251,,
2001,,7,0.6512324830703926,,
2002,,7,0.9183228335556409,,
2003,,7,0.6355514956074534,,
2004,,7,0.6885793340365965,,
2005,,7,1.2898158150060581,,
2006,,7,0.5719849633027625,,
2007,,7,0.7914448216173785,,
2008,,7,0.7663474465751344,,
2009,,7,0.5424990145515298,,
2010,,7,0.5555556365608175,,
2011,,7,0.6985921746583671,,
2012,,7,0.8288466734452398,,
2013,,7,0.6977833171274777,,
2014,,7,0.8287933738917008,,
2015,,7,0.9255154209020455,,
2016,,7,0.6988115780571156,,
2017,,7,1.0126556798052395,,
2018,,7,0.7581337401949264,,
2019,,7,0.5902240047415556,,
2020,,7,0.5842280047174105,,
2021,,7,0.7103428682328664,,
2022,,7,0.8565559950618791,,
2023,,7,0.8664582211321902,,
2024,,7,0.7292696082992773,,
2025,,7,0.830466990507283,,
2026,,7,0.904183118237286,,
2027,,7,0.546306956037603,,
2028,,7,0.6019844965929371,,
2029,,7,0.7879984672314837,,
2030,,7,0.5796167887672988,,
2031,,7,0.8125070346328199,,
2032,,7,1.1900367417718034,,
2033,,7,1.0098595996112523,,
2034,,7,0.8111149682261269,,
2035,,7,0.8234219155770157,,
2036,,7,0.6462443036029623,,
2037,,7,1.0793964152553128,,
2038,,7,1.0168947878688928,,
2039,,7,1.040306165857051,,
2040,,7,0.774763403837343,,
2041,,7,0.6566752494134926,,
2042,,7,0.9120728196517194,,
2043,,7,1.025743292620103,,
2044,,7,0.6602462129765518,,
2045,,7,0.7757967177858163,,
2046,,7,0.6917404206621264,,
2047,,7,0.8520821238276605,,
,112,7,,1.2628638286445404,
,113,7,,1.29014476988897,
,114,7,,1.2703084794207335,
,115,7,,1.2616071258927493,
,116,7,,1.290641452524148,
,117,7,,1.2612312772329295,
,118,7,,1.2259260974075623,
,119,7,,1.2478262185382452,
,120,7,,1.2349597786272435,
,121,7,,1.2330237177566223,
,122,7,,1.285697212383515,
,123,7,,1.2708976978594952,
,124,7,,1.2794681682989981,
,125,7,,1.273751812923456,
,126,7,,1.2676505857085274,
,127,7,,1.2445184162761729,
2048,,8,0.5265866120183654,,
2049,,8,0.5176492152502878,,
2050,,8,0.5943460652354462,,
2051,,8,0.756770670968643,,
2052,,8,0.5387720606147421,,
2053,,8,0.7207910844968237,,
2054,,8,0.94008837205827,,
2055,,8,1.0464725771961185,,
2056,,8,0.5343828538152527,,
2057,,8,0.6586694269453499,,
2058,,8,0.6344928026604593,,
2059,,8,0.7954334308387159,,
2060,,8,0.8623946702028125,,
2061,,8,1.077222493944822,,
2062,,8,0.7398696198438615,,
2063,,8,0.8720379536449246,,
2064,,8,0.6753055868879487,,
2065,,8,0.7455849779031611,,
2066,,8,0.7342319360766063,,
2067,,8,0.8391655734394337,,
2068,,8,0.9543991821318023,,
2069,,8,1.0805616371254994,,
2070,,8,1.204098816015468,,
2071,,8,0.8874936785386793,,
2072,,8,0.6746718954325619,,
2073,,8,0.8503071294163119,,
2074,,8,0.6430391684926259,,
2075,,8,0.8073444519012704,,
2076,,8,0.9755857316059672,,
2077,,8,1.0221730978642258,,
2078,,8,0.7661199021222496,,
2079,,8,0.686613238334688,,
2080,,8,0.6632780149602432,,
2081,,8,1.0152876555168486,,
2082,,8,0.745348732087922,,
2083,,8,0.8129302730435368,,
2084,,8,0.7060709220641228,,
2085,,8,0.8678752839220749,,
2086,,8,0.49760975581360883,,
2087,,8,0.7553596866347672,,
2088,,8,0.8348420516609714,,
2089,,8,0.6542904100489979,,
2090,,8,0.7186230382016128,,
2091,,8,0.6782295437306021,,
2092,,8,0.7494300205131635,,
2093,,8,0.6611101644657787,,
2094,,8,0.5621791800203637,,
2095,,8,0.6049709913688806,,
2096,,8,0.5638429479924915,,
2097,,8,0.7344643837186126,,
2098,,8,1.1318576926271728,,
2099,,8,0.6937443186559884,,
2100,,8,1.0257886060546917,,
2101,,8,0.7213796168494625,,
2102,,8,0.7729419479789882,,
2103,,8,0.8013886417977969,,
2104,,8,0.6292991063731718,,
2105,,8,0.7753124041375604,,
2106,,8,0.7864852726074254,,
2107,,8,0.9004482962537007,,
2108,,8,1.271102542859778,,
2109,,8,0.8265713776659929,,
2110,,8,0.443390522313876,,
2111,,8,0.9392108841961222,,
2112,,8,0.9630700766742848,,
2113,,8,0.6866916101722169,,
2114,,8,1.3196143396413702,,
2115,,8,0.5532471299211872,,
2116,,8,0.9907154520648291,,
2117,,8,0.8800284990560572,,
2118,,8,0.8108733665485748,,
2119,,8,0.6179995971173307,,
2120,,8,0.9177442516915632,,
2121,,8,0.9606667301983114,,
2122,,8,0.9365961240494747,,
2123,,8,0.9070558572014951,,
2124,,8,1.0141227463854188,,
2125,,8,0.7107638163315381,,
2126,,8,0.7650862076782226,,
2127,,8,0.7544657383773228,,
2128,,8,0.7770316522420943,,
2129,,8,0.7764480273109919,,
2130,,8,0.6896435957300502,,
2131,,8,0.824580889052113,,
2132,,8,0.7461274604089827,,
2133,,8,1.137415229491719,,
2134,,8,0.8681063236821617,,
2135,,8,0.866625544309541,,
2136,,8,0.46824722436864474,,
2137,,8,0.6418653208820704,,
2138,,8,0.6591079445634023,,
2139,,8,0.8697467946281423,,
2140,,8,0.657182746013389,,
2141,,8,0.6504857320222323,,
2142,,8,0.7338938792774741,,
2143,,8,0.8422170613356761,,
2144,,8,0.652827773052465,,
2145,,8,0.8073810956675607,,
2146,,8,0.7967395596314725,,
2147,,8,0.9391291915157686,,
2148,,8,0.5987083639831765,,
2149,,8,0.9398265084837185,,
2150,,8,0.7913820466424433,,
2151,,8,0.8754279466929834,,
2152,,8,0.6667292376506018,,
2153,,8,0.8738513521837802,,
2154,,8,0.8066560341792185,,
2155,,8,0.8001671076275289,,
2156,,8,0.7822293289326936,,
2157,,8,0.5923393928134298,,
2158,,8,1.1013157708251962,,
2159,,8,0.6439939616727516,,
2160,,8,0.7058172692269225,,
2161,,8,0.6504993969481047,,
2162,,8,0.8181565524122998,,
2163,,8,0.9716057241741745,,
2164,,8,0.8081272785889736,,
2165,,8,0.6751098458098161,,
2166,,8,0.6312242595559533,,
2167,,8,0.5913106896593406,,
2168,,8,1.1097191676831737,,
2169,,8,0.8578659888776029,,
2170,,8,0.8942134527027156,,
2171,,8,0.6967646114123017,,
2172,,8,0.553256167261094,,
2173,,8,0.9225262217427211,,
2174,,8,0.7112884269660595,,
2175,,8,0.8986133017233673,,
2176,,8,0.7411161838401865,,
2177,,8,0.5128372967788019,,
2178,,8,0.9222143864940172,,
2179,,8,0.9154115571975702,,
2180,,8,1.1484199876662815,,
2181,,8,0.5215689719210042,,
2182,,8,1.3605332422534855,,
2183,,8,0.734010423468205,,
2184,,8,1.1335580863869477,,
2185,,8,1.0744389030389085,,
2186,,8,1.301630751850059,,
2187,,8,0.6647721124683309,,
2188,,8,0.6077895047851488,,
2189,,8,0.9745049025086454,,
2190,,8,0.9380843505761058,,
2191,,8,0.7563789672812826,,
2192,,8,0.8081016706570814,,
2193,,8,1.0986470220852675,,
2194,,8,0.7575110907088252,,
2195,,8,0.8241769906591836,,
2196,,8,1.0368869752011087,,
2197,,8,0.7563198735938974,,
2198,,8,0.7625581174298006,,
2199,,8,0.5178461211801328,,
2200,,8,0.6879271395832136,,
2201,,8,0.7332085559797834,,
2202,,8,1.1524449716835576,,
2203,,8,0.6630660319190299,,
2204,,8,0.7004619094945649,,
2205,,8,0.6745940556138037,,
2206,,8,0.5183471966490747,,
2207,,8,0.5674442606692873,,
2208,,8,0.6769595076202717,,
2209,,8,1.0848517317109119,,
2210,,8,0.7948293119897346,,
2211,,8,1.018911182137953,,
2212,,8,0.6703095905426634,,
2213,,8,0.5554984256076412,,
2214,,8,0.7455846514795247,,
2215,,8,0.7099686650914871,,
2216,,8,0.99860143403743,,
2217,,8,0.6158541358854939,,
2218,,8,0.7493560857015399,,
2219,,8,0.5301894578297474,,
2220,,8,0.8402722813593059,,
2221,,8,0.8721420562439564,,
2222,,8,0.8233332166162374,,
2223,,8,1.0208216298110875,,
2224,,8,0.7169247570153225,,
2225,,8,0.8008012425456563,,
2226,,8,0.4779516160583266,,
2227,,8,0.7970762148808055,,
2228,,8,0.777940860679418,,
2229,,8,1.2477379446231034,,
2230,,8,0.5766688338724569,,
2231,,8,0.9851791860488952,,
2232,,8,0.9057218713706249,,
2233,,8,0.6038203238072528,,
2234,,8,0.553097947892534,,
2235,,8,0.725092378839703,,
2236,,8,0.6705911930976761,,
2237,,8,0.925188836683836,,
2238,,8,0.7038084697180915,,
2239,,8,0.9920555561194586,,
2240,,8,0.5380486324274087,,
2241,,8,0.8232833447226513,,
2242,,8,0.6224396904450942,,
2243,,8,0.5439647281839275,,
2244,,8,0.9609263879001164,,
2245,,8,0.7215579883119707,,
2246,,8,0.739019789817686,,
2247,,8,0.6508135903045393,,
2248,,8,0.716791951158966,,
2249,,8,1.3596615583143645,,
2250,,8,0.683551818250599,,
2251,,8,0.7335987023783659,,
2252,,8,1.1151906206974629,,
2253,,8,1.2718454637703704,,
2254,,8,0.8980213222059403,,
2255,,8,0.7095277927114202,,
2256,,8,0.9592873841222117,,
2257,,8,0.6683587084608409,,
2258,,8,1.022943449008782,,
2259,,8,0.7381484318773018,,
2260,,8,0.841755665800518,,
2261,,8,0.7577756159952883,,
2262,,8,0.6879452347688146,,
2263,,8,0.8696828063989472,,
2264,,8,0.7567004071073642,,
2265,,8,0.7864895555041734,,
2266,,8,0.8146262299690062,,
2267,,8,0.6685268177326172,,
2268,,8,0.7807186651144662,,
2269,,8,0.5584949195799147,,
2270,,8,0.7094208219320235,,
2271,,8,0.7672812350855065,,
2272,,8,0.7493091355685457,,
2273,,8,0.7410540783235874,,
2274,,8,1.027465267236875,,
2275,,8,0.3571246505978749,,
2276,,8,0.6723240831032858,,
2277,,8,0.8581196731926172,,
2278,,8,0.9687837795083223,,
2279,,8,0.9123064356766333,,
2280,,8,0.7520157716598934,,
2281,,8,0.8712764866090239,,
2282,,8,1.0976725857432392,,
2283,,8,0.6588043882718317,,
2284,,8,0.6589669908846671,,
2285,,8,0.5811816276848651,,
2286,,8,0.6657378955883113,,
2287,,8,0.8419342014518101,,
2288,,8,0.6021199849307821,,
2289,,8,1.0530420866545738,,
2290,,8,0.7027324107942252,,
2291,,8,0.776423405564716,,
2292,,8,0.7865491336439452,,
2293,,8,0.7224583757058013,,
2294,,8,0.9717482846680643,,
2295,,8,0.8656292075852613,,
2296,,8,0.6994476345333189,,
2297,,8,0.8303585797431448,,
2298,,8,1.0796143052534197,,
2299,,8,0.8852602334871597,,
2300,,8,0.894366714012398,,
2301,,8,0.5632423725204543,,
2302,,8,0.6764310849868785,,
2303,,8,0.5608839912773596,,
,128,8,,1.2690578715582785,
,129,8,,1.2928936416068053,
,130,8,,1.2958090793944939,
,131,8,,1.3633107871410142,
,132,8,,1.3175538696909816,
,133,8,,1.2743755844584517,
,134,8,,1.3058346805102703,
,135,8,,1.3535107999386824,
,136,8,,1.3143930539467372,
,137,8,,1.268327906970256,
,138,8,,1.2906463236888501,
,139,8,,1.3237790481036755,
,140,8,,1.2977897377868077,
,141,8,,1.2939549544194917,
,142,8,,1.342057970144609,
,143,8,,1.3265723675231018,
2304,,9,0.8486903507607235,,
2305,,9,0.6079682488144498,,
2306,,9,0.7805505894056011,,
2307,,9,0.5673705150780434,,
2308,,9,0.6770119207807623,,
2309,,9,0.8320525016259426,,
2310,,9,0.9378134654124042,,
2311,,9,0.9119333125941887,,
2312,,9,0.6901652218953453,,
2313,,9,0.8111656271286392,,
2314,,9,0.698240532973705,,
2315,,9,0.5797258566883372,,
2316,,9,1.2199419346950224,,
2317,,9,0.8956871858827672,,
2318,,9,0.6836880722483007,,
2319,,9,0.9806668761249902,,
2320,,9,1.0415036650220622,,
2321,,9,0.6847978647989568,,
2322,,9,0.8223917294449328,,
2323,,9,0.9472765703857019,,
2324,,9,0.7114427450171427,,
2325,,9,0.9246198100917408,,
2326,,9,0.77996158890812,,
2327,,9,0.668818064504449,,
2328,,9,0.8972897777269161,,
2329,,9,0.635228668800903,,
2330,,9,0.6135087122997239,,
2331,,9,0.6550610094138898,,
2332,,9,0.7026194173337588,,
2333,,9,0.87749824377332,,
2334,,9,0.6096716947812291,,
2335,,9,0.7193361926829389,,
2336,,9,0.690621017957455,,
2337,,9,0.7812821511672359,,
2338,,9,0.833037684626504,,
2339,,9,1.0317085392808525,,
2340,,9,0.7334857601874686,,
2341,,9,0.7464964572178145,,
2342,,9,0.901711868953258,,
2343,,9,0.6295559491319584,,
2344,,9,0.8743980360977167,,
2345,,9,0.9278368910373296,,
2346,,9,0.9019821368731256,,
2347,,9,0.5920952632415539,,
2348,,9,0.9022608589427966,,
2349,,9,0.646129333618876,,
2350,,9,0.8007091034231812,,
2351,,9,0.7385898616751281,,
2352,,9,0.9454092711139365,,
2353,,9,0.7073999079245574,,
2354,,9,0.6717646240590593,,
2355,,9,0.8852920483223208,,
2356,,9,1.036559345466956,,
2357,,9,0.6775195112519925,,
2358,,9,0.8353219117626911,,
2359,,9,0.6092892113225395,,
2360,,9,0.9307805316424697,,
2361,,9,1.115395649748498,,
2362,,9,0.5435486078908423,,
2363,,9,1.0782689981907805,,
2364,,9,0.728816659410025,,
2365,,9,0.7790033412247288,,
2366,,9,0.8276749086794926,,
2367,,9,0.6769894451813832,,
2368,,9,0.7084456313599637,,
2369,,9,0.8236536029426371,,
2370,,9,0.7532182378607515,,
2371,,9,0.995208375001481,,
2372,,9,0.6572438948770305,,
2373,,9,0.6782744107027805,,
2374,,9,0.6598721311889761,,
2375,,9,0.7738141287326853,,
2376,,9,0.7111569825382076,,
2377,,9,0.5924931827817097,,
2378,,9,0.7024860385593793,,
2379,,9,0.6206639799112645,,
2380,,9,0.8578520059756741,,
2381,,9,0.8082744944671625,,
2382,,9,0.662638218959599,,
2383,,9,0.6713051492487955,,
2384,,9,0.6073991454642659,,
2385,,9,0.9477709704405204,,
2386,,9,1.0387789946531416,,
2387,,9,0.7278277435263929,,
2388,,9,1.055275444475301,,
2389,,9,1.1560313348435773,,
2390,,9,0.7374157444041742,,
2391,,9,1.0064871509738464,,
2392,,9,0.8461321386242698,,
2393,,9,1.2260049191760296,,
2394,,9,0.7259020982004462,,
2395,,9,0.6237454916565215,,
2396,,9,1.110767912295251,,
2397,,9,0.689097351338013,,
2398,,9,0.6876518559328888,,
2399,,9,1.079776256813019,,
2400,,9,0.9193292666972117,,
2401,,9,0.4997169594051812,,
2402,,9,0.733335755560503,,
2403,,9,0.7213769282038461,,
2404,,9,0.4907931529209608,,
2405,,9,0.713618465663358,,
2406,,9,0.8034264153955056,,
2407,,9,0.9230932421536183,,
2408,,9,0.9485700398132805,,
2409,,9,1.0730806812690576,,
2410,,9,0.8200588924464929,,
2411,,9,0.8005691605468761,,
2412,,9,0.7596344205369152,,
2413,,9,0.7750367632797737,,
2414,,9,0.5582472558566681,,
2415,,9,0.6064752068650954,,
2416,,9,1.0396721979659123,,
2417,,9,1.3500079313983229,,
2418,,9,1.424192568325526,,
2419,,9,1.0325311865396367,,
2420,,9,0.9015616159246745,,
2421,,9,0.9966644991310886,,
2422,,9,1.1057634575878241,,
2423,,9,1.0350854253287356,,
2424,,9,0.8928866165713605,,
2425,,9,0.8592503902004621,,
2426,,9,0.8745909436301103,,
2427,,9,0.8958240071032899,,
2428,,9,0.7241934600465463,,
2429,,9,0.5666097285603363,,
2430,,9,0.6418156954596239,,
2431,,9,0.8677794695406844,,
2432,,9,0.612750311394725,,
2433,,9,0.6136088811550467,,
2434,,9,1.0854638377783614,,
2435,,9,0.9034719427863227,,
2436,,9,0.9479108719498385,,
2437,,9,0.787524123495394,,
2438,,9,0.8132826346690492,,
2439,,9,0.7435839434707209,,
2440,,9,0.7936289002757537,,
2441,,9,0.5868937568638852,,
2442,,9,0.9257656866737962,,
2443,,9,0.5549058489151717,,
2444,,9,0.7349508727153031,,
2445,,9,0.6825877278353613,,
2446,,9,0.808065731652228,,
2447,,9,0.617496805927312,,
2448,,9,0.6917562206083231,,
2449,,9,0.7094838761825051,,
2450,,9,0.6471527437165038,,
2451,,9,1.009091585400087,,
2452,,9,0.6469982741878082,,
2453,,9,0.8520929800888745,,
2454,,9,0.735414571898044,,
2455,,9,0.7444310032159818,,
2456,,9,0.6998471114181444,,
2457,,9,0.6282878456278614,,
2458,,9,0.8202983855708939,,
2459,,9,0.8093686769892914,,
2460,,9,0.6269487129871402,,
2461,,9,0.7920645419104468,,
2462,,9,0.6912893363660892,,
2463,,9,0.8219186970841954,,
2464,,9,1.0012315171353698,,
2465,,9,0.8349375257950805,,
2466,,9,0.8495799519432398,,
2467,,9,0.8765732538186383,,
2468,,9,0.658325662178259,,
2469,,9,1.002459734836076,,
2470,,9,0.7486390403706198,,
2471,,9,1.2011024185162331,,
2472,,9,0.7418484054960583,,
2473,,9,0.6517520316591161,,
2474,,9,0.7757766901244759,,
2475,,9,0.9068719751081327,,
2476,,9,0.9853749426845031,,
2477,,9,0.612716671212271,,
2478,,9,0.5852659702030515,,
2479,,9,1.37830770304283,,
2480,,9,0.6646071762576784,,
2481,,9,0.6186343946749331,,
2482,,9,0.505858989667,,
2483,,9,0.90720847512478,,
2484,,9,0.9095297776090147,,
2485,,9,0.6668031552613175,,
2486,,9,0.798635415839337,,
2487,,9,0.8005425511474643,,
2488,,9,0.9405792019166477,,
2489,,9,0.7783014831966171,,
2490,,9,0.7296942331488854,,
2491,,9,0.8689723613996035,,
2492,,9,1.049123605443183,,
2493,,9,0.9560265244494561,,
2494,,9,0.7495114267740833,,
2495,,9,0.8776510375036715,,
2496,,9,1.2478757661854287,,
2497,,9,0.9141273079959428,,
2498,,9,0.8163216927923902,,
2499,,9,0.8089160597720024,,
2500,,9,0.8032621371454726,,
2501,,9,0.5273677708727587,,
2502,,9,0.9101631640762198,,
2503,,9,0.5608723085784268,,
2504,,9,0.756120728022562,,
2505,,9,0.7693135000404371,,
2506,,9,0.6619990005004417,,
2507,,9,0.8372705312206912,,
2508,,9,0.9899243185612111,,
2509,,9,0.902703820027422,,
2510,,9,1.0277598456551893,,
2511,,9,0.9907719328858905,,
2512,,9,0.7444015203039844,,
2513,,9,0.6053803769138026,,
2514,,9,1.2357163310061676,,
2515,,9,0.7401806354185319,,
2516,,9,0.7336838109850939,,
2517,,9,0.7824356801084354,,
2518,,9,0.6968483318014874,,
2519,,9,0.9790355986650005,,
2520,,9,0.633750826630028,,
2521,,9,0.7240486446051767,,
2522,,9,1.0964656276937759,,
2523,,9,0.7004232941923806,,
2524,,9,0.6109906390197675,,
2525,,9,0.8896968694663784,,
2526,,9,0.9434108488192567,,
2527,,9,0.7523019019027883,,
2528,,9,0.8157082573082592,,
2529,,9,0.9408446721612563,,
2530,,9,0.8390888621727207,,
2531,,9,0.9186488530363431,,
2532,,9,0.7893317987858498,,
2533,,9,0.8101020682005897,,
2534,,9,0.7500994626941215,,
2535,,9,0.7980747144658804,,
2536,,9,0.6186244261513363,,
2537,,9,1.1080534748859154,,
2538,,9,0.9575997828169238,,
2539,,9,0.8362168377152983,,
2540,,9,1.1972152176245816,,
2541,,9,0.5364570916886182,,
2542,,9,0.9603087293201474,,
2543,,9,0.7992198263902299,,
2544,,9,0.6181266117848877,,
2545,,9,0.7263604932343215,,
2546,,9,0.7161187964037568,,
2547,,9,0.9785153502861432,,
2548,,9,0.7590327533031386,,
2549,,9,0.5978162529640654,,
2550,,9,0.6270698112066768,,
2551,,9,0.948123937695069,,
2552,,9,0.7991906417595956,,
2553,,9,0.9783181586510656,,
2554,,9,0.758018515083819,,
2555,,9,0.6320207850517217,,
2556,,9,0.6704687763722186,,
2557,,9,0.9123953337405251,,
2558,,9,0.7199517125718071,,
2559,,9,0.580215681210671,,
,144,9,,1.2935815437512288,
,145,9,,1.2869240405067306,
,146,9,,1.3199536657468625,
,147,9,,1.2721158997839717,
,148,9,,1.3140216762303671,
,149,9,,1.3164751295795247,
,150,9,,1.2798252194568867,
,151,9,,1.291474080669966,
,152,9,,1.2927054209060085,
,153,9,,1.2778888111040465,
,154,9,,1.2848975232315314,
,155,9,,1.3189686472922761,
,156,9,,1.3072457291855686,
,157,9,,1.2722970308765746,
,158,9,,1.3200968705133074,
,159,9,,1.2745543041487184,
2560,,10,0.8209002247318493,,
2561,,10,0.7067810071953264,,
2562,,10,0.5367564786216574,,
2563,,10,0.6956520627328945,,
2564,,10,0.7476867676324972,,
2565,,10,0.7584928046116277,,
2566,,10,0.7713084966973823,,
2567,,10,0.6770134002096688,,
2568,,10,0.7781359713093077,,
2569,,10,0.7162439123585407,,
2570,,10,0.6766063987390255,,
2571,,10,0.8107781516418484,,
2572,,10,0.7060360895664661,,
2573,,10,1.1252132611211523,,
2574,,10,1.006710425615653,,
2575,,10,0.9716546330292336,,
2576,,10,0.9724763119710174,,
2577,,10,0.624094075848171,,
2578,,10,0.9911058874928186,,
2579,,10,0.6871286156419736,,
2580,,10,0.507378630292725,,
2581,,10,0.8515614077891873,,
2582,,10,0.9583043567152411,,
2583,,10,0.5116771424360592,,
2584,,10,0.7984158071006316,,
2585,,10,0.7254463789886785,,
2586,,10,0.5934846210159215,,
2587,,10,1.0693023364333807,,
2588,,10,0.7192625049535344,,
2589,,10,0.7117950646775404,,
2590,,10,0.7431925971299054,,
2591,,10,0.8997413088569892,,
2592,,10,0.7793746961981152,,
2593,,10,0.7747116598189048,,
2594,,10,0.9646921298294542,,
2595,,10,0.8303789557242901,,
2596,,10,1.1619785361183637,,
2597,,10,1.0221236071286541,,
2598,,10,0.8697535177714111,,
2599,,10,0.6466686327205773,,
2600,,10,0.5585907540602919,,
2601,,10,0.6782214545976021,,
2602,,10,0.9527143067293796,,
2603,,10,0.6446044972338548,,
2604,,10,0.7335416220106294,,
2605,,10,0.6440196780419681,,
2606,,10,0.7097185468976754,,
2607,,10,0.6628697071607283,,
2608,,10,1.1171023131568607,,
2609,,10,0.7198647867299794,,
2610,,10,0.4865569839416764,,
2611,,10,0.8050753673958682,,
2612,,10,0.6752769704807173,,
2613,,10,0.6524388083201886,,
2614,,10,0.6715678763071141,,
2615,,10,0.7513215691739625,,
2616,,10,0.8342286547138447,,
2617,,10,1.1384980415639379,,
2618,,10,1.0204412689297468,,
2619,,10,0.7936629760899889,,
2620,,10,0.5888545926928157,,
2621,,10,0.7571429048084504,,
2622,,10,0.767145919913075,,
2623,,10,0.7491142214381884,,
2624,,10,0.9239711113033394,,
2625,,10,0.6299062964452792,,
2626,,10,0.8748546207632499,,
2627,,10,0.7038438048027316,,
2628,,10,0.5991397068380248,,
2629,,10,0.864952321217079,,
2630,,10,0.5613349849984977,,
2631,,10,0.968599710748127,,
2632,,10,0.8538629735540125,,
2633,,10,1.1723602615657225,,
2634,,10,0.5507361045978632,,
2635,,10,0.7212110012603383,,
2636,,10,0.8729103461677987,,
2637,,10,1.0934566339584944,,
2638,,10,0.7502685957529318,,
2639,,10,0.6148026638495263,,
2640,,10,0.9243585019587585,,
2641,,10,1.013806214877933,,
2642,,10,0.8422452689563662,,
2643,,10,0.7760115445346841,,
2644,,10,0.6105339972113495,,
2645,,10,1.1114515043650912,,
2646,,10,0.849132681466086,,
2647,,10,0.7789472794767827,,
2648,,10,0.7532914916793457,,
2649,,10,0.5278453358385217,,
2650,,10,1.1877065289319093,,
2651,,10,0.8071090891577815,,
2652,,10,0.7044413021356886,,
2653,,10,0.7858924754821333,,
2654,,10,0.6775568024343156,,
2655,,10,0.5323166502753485,,
2656,,10,0.8446394557129071,,
2657,,10,0.823086962037338,,
2658,,10,0.837658554878233,,
2659,,10,0.7587283420433122,,
2660,,10,0.48171115950704413,,
2661,,10,0.8013239258794758,,
2662,,10,0.81657110288795,,
2663,,10,0.5776324861002161,,
2664,,10,0.6035205940013473,,
2665,,10,0.6288218700675785,,
2666,,10,0.7237813669604664,,
2667,,10,1.2299261300146278,,
2668,,10,0.8408481405312643,,
2669,,10,0.5895110930811585,,
2670,,10,0.9630924712910847,,
2671,,10,0.7197958119981245,,
2672,,10,0.8532497325231667,,
2673,,10,0.7302809877930745,,
2674,,10,0.9997306121978827,,
2675,,10,0.8690879813110307,,
2676,,10,0.7244546822355288,,
2677,,10,0.7410530955187383,,
2678,,10,0.9075887639067644,,
2679,,10,0.8258408030099629,,
2680,,10,0.6439062262660832,,
2681,,10,0.8247164130155202,,
2682,,10,0.6775241087720265,,
2683,,10,0.7067838254313412,,
2684,,10,0.7032850322616424,,
2685,,10,0.6807885647528629,,
2686,,10,0.600108778207867,,
2687,,10,0.6563611642398228,,
2688,,10,0.8859479818418174,,
2689,,10,0.8969121946481711,,
2690,,10,0.6806915385492007,,
2691,,10,0.8327996640695325,,
2692,,10,0.7322503565015381,,
2693,,10,0.6395640923306423,,
2694,,10,0.8002711113317603,,
2695,,10,0.8416993501714491,,
2696,,10,0.9620838891765896,,
2697,,10,0.6410767572255486,,
2698,,10,0.9924556251221663,,
2699,,10,0.5382323091466736,,
2700,,10,0.8036022620334442,,
2701,,10,0.5493049690739317,,
2702,,10,0.9109042716647081,,
2703,,10,0.6666285819219168,,
2704,,10,0.5246284962283541,,
2705,,10,0.6743461552297996,,
2706,,10,0.6133455799599462,,
2707,,10,0.7453665483332107,,
2708,,10,0.7748208127651199,,
2709,,10,1.0360067923534746,,
2710,,10,0.751802645847997,,
2711,,10,0.6768526299552224,,
2712,,10,0.7498442050577965,,
2713,,10,0.7665673168505185,,
2714,,10,0.6621160886089694,,
2715,,10,0.5249916511071184,,
2716,,10,0.6785635822378855,,
2717,,10,0.6929433864994957,,
2718,,10,0.8327593982726802,,
2719,,10,0.8714409744396123,,
2720,,10,0.7777083451527584,,
2721,,10,1.2720105397028367,,
2722,,10,0.9464166109958813,,
2723,,10,1.0083664035101567,,
2724,,10,0.8117280144545582,,
2725,,10,0.9896366625763876,,
2726,,10,0.7676563396143328,,
2727,,10,1.2016439930545215,,
2728,,10,0.5486085016488752,,
2729,,10,0.6086462055469194,,
2730,,10,0.8660411397493686,,
2731,,10,0.887476556970257,,
2732,,10,1.061262147478018,,
2733,,10,1.0613568726355758,,
2734,,10,0.6398973465017836,,
2735,,10,0.6939503958020516,,
2736,,10,0.8684937606589971,,
2737,,10,0.8411201305186715,,
2738,,10,0.9648747688014933,,
2739,,10,1.0811361586933081,,
2740,,10,1.1104384545567503,,
2741,,10,0.7689332155362358,,
2742,,10,0.6935482228103111,,
2743,,10,0.8204884339373099,,
2744,,10,0.9857203987858965,,
2745,,10,0.8269397032632104,,
2746,,10,0.7443788948225253,,
2747,,10,0.6294059607571252,,
2748,,10,0.6622496019077014,,
2749,,10,0.7545193571288591,,
2750,,10,0.6890317838056543,,
2751,,10,0.7852432737318816,,
2752,,10,0.9148514466538616,,
2753,,10,0.9165890625734319,,
2754,,10,0.6422474057435037,,
2755,,10,0.687779578914633,,
2756,,10,0.7718643927082525,,
2757,,10,0.6848038310446232,,
2758,,10,0.7364990538034637,,
2759,,10,0.749602170552844,,
2760,,10,0.7705412653085801,,
2761,,10,0.7839666057740425,,
2762,,10,0.6724419749645515,,
2763,,10,0.7990808179255988,,
2764,,10,0.7541517826462458,,
2765,,10,0.764382321215527,,
2766,,10,0.8649878745921247,,
2767,,10,0.744512665543412,,
2768,,10,1.3133998514636682,,
2769,,10,0.7043100368533608,,
2770,,10,0.8831178084677522,,
2771,,10,0.6119581548308141,,
2772,,10,0.6908403666938674,,
2773,,10,0.980981660867363,,
2774,,10,0.4963640349342323,,
2775,,10,0.9391120508357969,,
2776,,10,0.6938427167273054,,
2777,,10,0.5859924746383789,,
2778,,10,0.686755874432109,,
2779,,10,0.748422376142921,,
2780,,10,0.9153270865592044,,
2781,,10,1.0379971395081686,,
2782,,10,0.7578926779482753,,
2783,,10,0.5483602765357936,,
2784,,10,0.997545302973343,,
2785,,10,0.7499785101915444,,
2786,,10,0.6257903930833765,,
2787,,10,0.8265214233140499,,
2788,,10,0.8395875132501567,,
2789,,10,0.6764701904604458,,
2790,,10,0.8945751325549034,,
2791,,10,0.8173665046983803,,
2792,,10,0.5968479671954593,,
2793,,10,0.6333539899260221,,
2794,,10,0.6458446667208523,,
2795,,10,0.7171948165347155,,
2796,,10,0.8292117936864873,,
2797,,10,0.6402218271398802,,
2798,,10,0.7336609005565162,,
2799,,10,0.9920053477324015,,
2800,,10,0.817021671206841,,
2801,,10,0.9151043644670092,,
2802,,10,0.5451547852983278,,
2803,,10,0.8314841686398183,,
2804,,10,0.7168570874644857,,
2805,,10,0.7629597791482602,,
2806,,10,0.8166535753000361,,
2807,,10,0.7656888038232883,,
2808,,10,0.7115256188981403,,
2809,,10,0.8977861991477926,,
2810,,10,0.9475226022738498,,
2811,,10,0.4879719296277961,,
2812,,10,0.6084917712410876,,
2813,,10,0.7256991169896876,,
2814,,10,0.6998522472408375,,
2815,,10,1.0847866642170974,,
,160,10,,1.3164098836508722,
,161,10,,1.3202589254769699,
,162,10,,1.3488727222247683,
,163,10,,1.3267593708003131,
,164,10,,1.3537823938684928,
,165,10,,1.3193444348154615,
,166,10,,1.3516719604094622,
,167,10,,1.345828391929378,
,168,10,,1.3490399171362863,
,169,10,,1.3476541740901242,
,170,10,,1.3755403818994658,
,171,10,,1.3610259747249451,
,172,10,,1.343360886140152,
,173,10,,1.3307357087402192,
,174,10,,1.38826113326442,
,175,10,,1.3223743836504775,
2816,,11,0.8599307063259177,,
2817,,11,0.7282030934283386,,
2818,,11,0.9141098929278315,,
2819,,11,0.8546781092513485,,
2820,,11,0.6116462937823035,,
2821,,11,0.9713024652989217,,
2822,,11,0.5174690731606281,,
2823,,11,0.5433693689308081,,
2824,,11,0.804047545727147,,
2825,,11,0.900747073296905,,
2826,,11,0.765772974130624,,
2827,,11,1.0069456673385961,,
2828,,11,0.5710888194369272,,
2829,,11,1.1009099949763848,,
2830,,11,0.5627251521251964,,
2831,,11,0.5587935005289866,,
2832,,11,0.573970868811706,,
2833,,11,0.8367192459641194,,
2834,,11,0.5411289601182607,,
2835,,11,0.8885056968266245,,
2836,,11,0.7314893670283182,,
2837,,11,0.7884638237637642,,
2838,,11,0.9281814848675102,,
2839,,11,0.986179824433776,,
2840,,11,0.5469492278175179,,
2841,,11,0.6183609343737491,,
2842,,11,0.8820677498535208,,
2843,,11,0.4508214609398279,,
2844,,11,0.632236019896725,,
2845,,11,1.212917257740269,,
2846,,11,0.6087880849965661,,
2847,,11,0.7498006329756839,,
2848,,11,0.7802278854205147,,
2849,,11,0.8904280102844778,,
2850,,11,0.6659210594260876,,
2851,,11,0.954300217831169,,
2852,,11,0.779857122008391,,
2853,,11,0.8142037236252065,,
2854,,11,0.737446201552654,,
2855,,11,0.9462920446928386,,
2856,,11,0.7799552245758467,,
2857,,11,0.41630304836917187,,
2858,,11,0.8646739881302308,,
2859,,11,0.6282635168531944,,
2860,,11,1.341247462874581,,
2861,,11,0.9680684687026002,,
2862,,11,0.9091834042427349,,
2863,,11,0.665183261328262,,
2864,,11,0.905962319717085,,
2865,,11,0.6666819273386109,,
2866,,11,0.7586874209863688,,
2867,,11,1.0628069251108867,,
2868,,11,0.6566451688022,,
2869,,11,0.6644292148945545,,
2870,,11,0.6229416405852111,,
2871,,11,0.8480472182410784,,
2872,,11,0.9716001290209497,,
2873,,11,0.8734756974299829,,
2874,,11,0.7105606706295827,,
2875,,11,0.9582031186981067,,
2876,,11,0.5650942429216905,,
2877,,11,0.6150991737138114,,
2878,,11,0.7837451547474649,,
2879,,11,0.46406740776639827,,
2880,,11,1.1120320435906663,,
2881,,11,1.0138925747445118,,
2882,,11,0.6891384167879857,,
2883,,11,0.9851505498188852,,
2884,,11,0.8563537650636759,,
2885,,11,0.9500057075575198,,
2886,,11,0.7265468056119865,,
2887,,11,0.9813207815932412,,
2888,,11,0.6353771806783352,,
2889,,11,0.8500467204382428,,
2890,,11,0.787985578185656,,
2891,,11,1.0414797218116338,,
2892,,11,1.0581956369232965,,
2893,,11,0.7707411004734542,,
2894,,11,0.7239029737840674,,
2895,,11,0.5982818199621447,,
2896,,11,0.8937094480549701,,
2897,,11,0.6415296484887338,,
2898,,11,0.8520935464601622,,
2899,,11,0.5880625799720332,,
2900,,11,0.7223673631653186,,
2901,,11,0.6301204252504893,,
2902,,11,0.6395090926104634,,
2903,,11,0.9604360384135943,,
2904,,11,0.8270379993832538,,
2905,,11,0.7828087732262411,,
2906,,11,0.7756164005475076,,
2907,,11,0.6579428251515017,,
2908,,11,0.6448352690037306,,
2909,,11,1.0908404849817208,,
2910,,11,0.6527441737486338,,
2911,,11,0.8813940876035031,,
2912,,11,0.6825993572740503,,
2913,,11,0.5644150299713968,,
2914,,11,0.6112683087265119,,
2915,,11,0.6804658331977154,,
2916,,11,0.8266782808764811,,
2917,,11,0.8175274415092257,,
2918,,11,0.6075004254742163,,
2919,,11,0.6845652293992368,,
2920,,11,0.7508753594209573,,
2921,,11,0.9940211191156602,,
2922,,11,0.9002839806833904,,
2923,,11,0.7074946637950174,,
2924,,11,0.9898274610535275,,
2925,,11,0.725145673060299,,
2926,,11,0.6240718322665929,,
2927,,11,0.8585327749659811,,
2928,,11,0.7331656471283188,,
2929,,11,0.7444981249659298,,
2930,,11,0.6597750561788855,,
2931,,11,0.8002288294919475,,
2932,,11,0.9953379130387481,,
2933,,11,0.7987336767739285,,
2934,,11,0.6563334715784407,,
2935,,11,0.7213560576023659,,
2936,,11,0.7395117814846343,,
2937,,11,0.95757644641097,,
2938,,11,0.6516912430672501,,
2939,,11,0.6905944655390908,,
2940,,11,0.6946178427464652,,
2941,,11,0.8032501443631324,,
2942,,11,1.0044631036524088,,
2943,,11,0.9491084511233963,,
2944,,11,0.8776947743810652,,
2945,,11,1.0303104554474634,,
2946,,11,0.6816854267782682,,
2947,,11,0.8064524606687504,,
2948,,11,0.8123058162738214,,
2949,,11,0.5317877017349852,,
2950,,11,0.5259371450625333,,
2951,,11,1.0829545987365894,,
2952,,11,0.9936009681357248,,
2953,,11,0.7550342527157716,,
2954,,11,0.5269787277184439,,
2955,,11,1.08182919910195,,
2956,,11,0.6233263575035929,,
2957,,11,0.7710619143660562,,
2958,,11,0.9675531376360764,,
2959,,11,0.7621704862132843,,
2960,,11,0.5818993043216734,,
2961,,11,0.6052982517649077,,
2962,,11,0.7156170884750264,,
2963,,11,0.7453961805828794,,
2964,,11,1.097928322809426,,
2965,,11,0.8436836879870807,,
2966,,11,1.1587391710122206,,
2967,,11,0.7917411601969229,,
2968,,11,0.7558159319763877,,
2969,,11,0.6195717860299699,,
2970,,11,0.8915859340132275,,
2971,,11,0.8476995379658026,,
2972,,11,0.70733652176645,,
2973,,11,0.8459332103142512,,
2974,,11,0.7388018252257131,,
2975,,11,0.8936490537488112,,
2976,,11,0.9857298243316372,,
2977,,11,0.6237044071154308,,
2978,,11,0.5868725867603672,,
2979,,11,0.6167824855500629,,
2980,,11,0.726868873970965,,
2981,,11,0.7384562480696047,,
2982,,11,0.7896609457679624,,
2983,,11,0.8958470970583431,,
2984,,11,0.6444506854742029,,
2985,,11,0.7033852460937422,,
2986,,11,0.701903895669167,,
2987,,11,0.6728823695219411,,
2988,,11,0.5859685128976887,,
2989,,11,0.8637598001933531,,
2990,,11,0.863471237457286,,
2991,,11,0.9484843598632813,,
2992,,11,0.7086738366148939,,
2993,,11,0.6628918056641411,,
2994,,11,0.6553702216935141,,
2995,,11,0.5447594065153664,,
2996,,11,0.5425284494428896,,
2997,,11,0.7690270727961848,,
2998,,11,1.3475872741022297,,
2999,,11,0.5635042093299385,,
3000,,11,1.2150916736880317,,
3001,,11,0.8107300163420752,,
3002,,11,0.8490319385317717,,
3003,,11,0.6437311502148394,,
3004,,11,0.8325542371913538,,
3005,,11,0.543026313742301,,
3006,,11,0.9820251566710004,,
3007,,11,1.2021380476576287,,
3008,,11,1.2058055712765094,,
3009,,11,0.7301267371227607,,
3010,,11,1.0371393817425099,,
3011,,11,0.7686826012102965,,
3012,,11,0.6703434773044865,,
3013,,11,1.2462562160911883,,
3014,,11,0.7503026514445291,,
3015,,11,0.5246682408721706,,
3016,,11,0.9774732498285249,,
3017,,11,0.6267750753485677,,
3018,,11,0.8199064758126859,,
3019,,11,0.9191891965224734,,
3020,,11,0.7999237694435062,,
3021,,11,0.9140176575999408,,
3022,,11,0.7473597168526759,,
3023,,11,1.0911993575517869,,
3024,,11,0.8442428310041654,,
3025,,11,1.120283362284493,,
3026,,11,0.4769905365509966,,
3027,,11,0.6692808003065294,,
3028,,11,0.6740016534889689,,
3029,,11,0.7255844264335068,,
3030,,11,0.7632648076817445,,
3031,,11,0.9351615548882044,,
3032,,11,1.0483694075676748,,
3033,,11,1.1093670507780742,,
3034,,11,1.0787775832774003,,
3035,,11,0.45377498909827185,,
3036,,11,0.5706994812285371,,
3037,,11,0.8953397065860412,,
3038,,11,0.9168036014204068,,
3039,,11,0.903936979276169,,
3040,,11,0.6062437376993791,,
3041,,11,0.7505442321097094,,
3042,,11,0.866315244211153,,
3043,,11,0.9531635481655268,,
3044,,11,0.5869431612316834,,
3045,,11,0.7001505346044221,,
3046,,11,0.784995661055081,,
3047,,11,0.7278460160095872,,
3048,,11,0.9007191678508049,,
3049,,11,0.9047512536158744,,
3050,,11,0.5144417211442204,,
3051,,11,0.5873499014941199,,
3052,,11,0.6828779831584413,,
3053,,11,0.929169826857017,,
3054,,11,0.8265291522764239,,
3055,,11,0.9942203559419471,,
3056,,11,0.9717169176680317,,
3057,,11,0.8584006120377096,,
3058,,11,0.5999640444810475,,
3059,,11,0.9116316744955905,,
3060,,11,0.9084237512052075,,
3061,,11,0.8149650378534933,,
3062,,11,0.8713155309446617,,
3063,,11,1.097534481115923,,
3064,,11,0.9217936231151246,,
3065,,11,0.9818604627015128,,
3066,,11,0.6659544736275129,,
3067,,11,1.1301985337525031,,
3068,,11,0.8102871441578392,,
3069,,11,0.8687717710315948,,
3070,,11,0.9296459810846361,,
3071,,11,0.8931004594942633,,
,176,11,,1.2861626111487263,
,177,11,,1.2704881407898365,
,178,11,,1.2753358853730163,
,179,11,,1.2950524346642442,
,180,11,,1.2609387254769369,
,181,11,,1.2407464491460725,
,182,11,,1.2628474401674423,
,183,11,,1.3007598302447878,
,184,11,,1.258064052900865,
,185,11,,1.2534864870501965,
,186,11,,1.2835202402462031,
,187,11,,1.2462613457913727,
,188,11,,1.236364988464639,
,189,11,,1.2632647673824646,
,190,11,,1.3078862610687856,
,191,11,,1.2801463656279293,
3072,,12,0.6262370397330785,,
3073,,12,0.745016690666816,,
3074,,12,0.5741543337473552,,
3075,,12,0.6028325092811694,,
3076,,12,0.8929740258857032,,
3077,,12,0.8254987828691738,,
3078,,12,0.796596071850499,,
3079,,12,0.878972202942586,,
3080,,12,0.6634167401050155,,
3081,,12,0.8787535578608302,,
3082,,12,0.5783767484692843,,
3083,,12,0.7641844050554767,,
3084,,12,1.1098710304862722,,
3085,,12,0.49583483375244564,,
3086,,12,0.9910339250780005,,
3087,,12,0.8107073319691243,,
3088,,12,0.732472634570574,,
3089,,12,0.5069313019098487,,
3090,,12,0.7230555777182063,,
3091,,12,1.0439838323911261,,
3092,,12,0.5827426664694334,,
3093,,12,0.858151561143162,,
3094,,12,0.9373224349012755,,
3095,,12,0.664908362086911,,
3096,,12,0.7662144169017071,,
3097,,12,0.6985488650968176,,
3098,,12,0.6916382893643519,,
3099,,12,0.9129327173571996,,
3100,,12,0.7598960691286347,,
3101,,12,0.6328496165992445,,
3102,,12,0.5681530015751358,,
3103,,12,0.7456025755927362,,
3104,,12,0.5801384842680858,,
3105,,12,0.7617868687801987,,
3106,,12,0.7693056238380434,,
3107,,12,0.6664239146338073,,
3108,,12,0.7361710110516748,,
3109,,12,0.9037807735731166,,
3110,,12,0.7484453870499889,,
3111,,12,0.7659953256792689,,
3112,,12,0.8167139492218537,,
3113,,12,0.8288820231393027,,
3114,,12,0.8044992654795925,,
3115,,12,0.7999417036235004,,
3116,,12,0.5835789061456509,,
3117,,12,0.6550860678414808,,
3118,,12,0.686457346013798,,
3119,,12,0.6465872060839121,,
3120,,12,0.6861761561865798,,
3121,,12,0.883889123407637,,
3122,,12,0.7746424323054804,,
3123,,12,0.7683651816365289,,
3124,,12,0.7967984208735999,,
3125,,12,0.7347612339114316,,
3126,,12,0.9272086714093195,,
3127,,12,0.6674353065260359,,
3128,,12,0.6880319947607973,,
3129,,12,0.5963397501279595,,
3130,,12,0.70151389159596,,
3131,,12,0.5774536939707604,,
3132,,12,0.8555513482289385,,
3133,,12,0.62452176477027,,
3134,,12,0.6510084841197078,,
3135,,12,0.5704323349196956,,
3136,,12,0.7801275684873287,,
3137,,12,0.8597705024851481,,
3138,,12,1.1892388404343572,,
3139,,12,0.5445896445251496,,
3140,,12,0.6153958797916594,,
3141,,12,0.7510156296080408,,
3142,,12,0.6725541321631681,,
3143,,12,0.5495206472775567,,
3144,,12,0.9645124549723714,,
3145,,12,1.2137540126995927,,
3146,,12,0.5787264522023845,,
3147,,12,1.1329347073381315,,
3148,,12,0.7798204374545623,,
3149,,12,0.6815752606811022,,
3150,,12,0.7685693624091723,,
3151,,12,0.5152688089538922,,
3152,,12,0.6386280671430273,,
3153,,12,0.943226140180011,,
3154,,12,1.094641278240991,,
3155,,12,0.7388472496542731,,
3156,,12,1.0409004102713304,,
3157,,12,0.7472173315431636,,
3158,,12,0.5629367737391534,,
3159,,12,0.637882248088857,,
3160,,12,0.5345593836163547,,
3161,,12,0.914948421034617,,
3162,,12,0.5891512302016118,,
3163,,12,0.7688691060289723,,
3164,,12,0.7098033741923372,,
3165,,12,0.6392863689579223,,
3166,,12,0.7614384987614568,,
3167,,12,0.5867609564968583,,
3168,,12,1.1339753169199498,,
3169,,12,0.7189186539079224,,
3170,,12,0.6255396029509217,,
3171,,12,0.5663660860366039,,
3172,,12,0.6694547932480843,,
3173,,12,0.9331054518683084,,
3174,,12,1.12595542764087,,
3175,,12,0.6004654316347896,,
3176,,12,0.598154979535857,,
3177,,12,0.9044847814317243,,
3178,,12,1.2708823965088705,,
3179,,12,0.7516194085241497,,
3180,,12,0.8349356494151805,,
3181,,12,0.5596004896185669,,
3182,,12,0.9019172698579265,,
3183,,12,0.9167795713109014,,
3184,,12,0.8024322219999249,,
3185,,12,0.8627011481120697,,
3186,,12,0.6805487025097016,,
3187,,12,0.6741533306799822,,
3188,,12,1.0593617494549528,,
3189,,12,0.7461769177502499,,
3190,,12,1.0774141074127246,,
3191,,12,0.7329845874128482,,
3192,,12,0.7609464937323218,,
3193,,12,0.9007693770429978,,
3194,,12,0.7196217469154,,
3195,,12,1.1024692825060791,,
3196,,12,0.7906524185933558,,
3197,,12,0.9679325864498414,,
3198,,12,0.7763096722094153,,
3199,,12,0.8793754736064407,,
3200,,12,1.025623795351603,,
3201,,12,0.9612887656973209,,
3202,,12,0.7586132079807633,,
3203,,12,0.8147615511039572,,
3204,,12,0.5106122010414131,,
3205,,12,0.6731476082015689,,
3206,,12,0.7006544603107533,,
3207,,12,0.7193692072550701,,
3208,,12,1.0259588833915578,,
3209,,12,0.668209824686999,,
3210,,12,0.5912434937302156,,
3211,,12,0.594175506058441,,
3212,,12,0.7432089127958827,,
3213,,12,0.7027383334141446,,
3214,,12,0.6710867935892137,,
3215,,12,0.6952798236519859,,
3216,,12,0.6608036441201364,,
3217,,12,1.0072620806586468,,
3218,,12,0.9856280971602946,,
3219,,12,0.7885541647029943,,
3220,,12,1.0386875698185536,,
3221,,12,1.2288212872003026,,
3222,,12,0.8535550145886015,,
3223,,12,1.0322390432375257,,
3224,,12,0.676223725308444,,
3225,,12,0.6939691819223928,,
3226,,12,0.7966329199301143,,
3227,,12,0.6350925449758364,,
3228,,12,1.3356538074076814,,
3229,,12,0.6427224136433081,,
3230,,12,0.685730672177519,,
3231,,12,0.6319626868972273,,
3232,,12,0.8294882248490216,,
3233,,12,0.9903322705055333,,
3234,,12,0.8003339782440857,,
3235,,12,0.7095275158515333,,
3236,,12,0.8063551669532183,,
3237,,12,0.540273059419605,,
3238,,12,0.572361332448126,,
3239,,12,0.7859691955149088,,
3240,,12,0.6766072071999174,,
3241,,12,0.6373312289039889,,
3242,,12,0.4630567521378,,
3243,,12,0.7354472960539964,,
3244,,12,0.9366135944234817,,
3245,,12,0.707809608369185,,
3246,,12,0.7071284295826352,,
3247,,12,0.8514948517851162,,
3248,,12,0.6271715900658698,,
3249,,12,0.7082791195113884,,
3250,,12,0.7092320895122066,,
3251,,12,0.8789830093536392,,
3252,,12,0.7638009618334569,,
3253,,12,0.5829982171315333,,
3254,,12,0.6313478787430606,,
3255,,12,0.7229072576573146,,
3256,,12,0.6917916902124519,,
3257,,12,0.7611246254269757,,
3258,,12,0.9593679665695799,,
3259,,12,0.9062854622645805,,
3260,,12,0.7497313733686655,,
3261,,12,1.0097130650265842,,
3262,,12,0.7804498748916011,,
3263,,12,0.8117227115489546,,
3264,,12,0.9058856074172004,,
3265,,12,0.68998322163628,,
3266,,12,0.7984594315834805,,
3267,,12,0.6445833012036849,,
3268,,12,1.1114345135673127,,
3269,,12,0.867081092867066,,
3270,,12,0.5852935350709147,,
3271,,12,0.42809675015519577,,
3272,,12,0.7619074867512716,,
3273,,12,0.5121079682549798,,
3274,,12,0.7504238995961583,,
3275,,12,1.0251936583173547,,
3276,,12,0.6578639639259594,,
3277,,12,1.1959471793987497,,
3278,,12,1.0283100171571218,,
3279,,12,0.9194809029492976,,
3280,,12,0.7102091954166468,,
3281,,12,0.6780182894577328,,
3282,,12,0.5864887275813233,,
3283,,12,0.5329275184892875,,
3284,,12,0.6011596475613681,,
3285,,12,0.7969198876343822,,
3286,,12,0.6438493202214691,,
3287,,12,0.9126497749412112,,
3288,,12,0.633821996964016,,
3289,,12,0.8132387627950675,,
3290,,12,0.8696240415138213,,
3291,,12,0.7031650625124041,,
3292,,12,0.8853296371920931,,
3293,,12,0.6961483258737148,,
3294,,12,0.863023596650834,,
3295,,12,0.9655303392226005,,
3296,,12,0.6862981941013958,,
3297,,12,0.6965586719198266,,
3298,,12,0.6768647204358592,,
3299,,12,0.9938931625978432,,
3300,,12,0.6465827723211005,,
3301,,12,0.6818281552768287,,
3302,,12,1.1422509922835218,,
3303,,12,0.6986054750462085,,
3304,,12,1.1607373861437449,,
3305,,12,0.7490952011890643,,
3306,,12,0.7816812811607186,,
3307,,12,0.9784073650847585,,
3308,,12,0.6848418062705,,
3309,,12,1.0915917596955262,,
3310,,12,0.8408587599732417,,
3311,,12,0.8629630193123493,,
3312,,12,0.698999763865151,,
3313,,12,0.8138943823022531,,
3314,,12,0.8957477859131588,,
3315,,12,0.6285282566865273,,
3316,,12,0.8933840469346199,,
3317,,12,0.63046964329485,,
3318,,12,0.6729203421865027,,
3319,,12,0.9521311118169238,,
3320,,12,1.010580626613356,,
3321,,12,0.6528239932290841,,
3322,,12,0.5870270779219375,,
3323,,12,0.9109302856647166,,
3324,,12,0.8150214818578396,,
3325,,12,0.7629029317436304,,
3326,,12,0.741658681569804,,
3327,,12,0.8166143631617465,,
,192,12,,1.3342787945193868,
,193,12,,1.3346853070771527,
,194,12,,1.3010024847975523,
,195,12,,1.270732044033355,
,196,12,,1.314323842802561,
,197,12,,1.3405033539534523,
,198,12,,1.326575485520503,
,199,12,,1.3341397351898394,
,200,12,,1.332230362058493,
,201,12,,1.3092977877092644,
,202,12,,1.3353466442653108,
,203,12,,1.2938044001979307,
,204,12,,1.312143975766002,
,205,12,,1.2946496758627406,
,206,12,,1.3073929206200652,
,207,12,,1.334900403522487,
3328,,13,1.0325678181634927,,
3329,,13,0.8459072897321797,,
3330,,13,0.7774856716978698,,
3331,,13,0.6318557091338959,,
3332,,13,0.6335409137697001,,
3333,,13,0.8041246825923658,,
3334,,13,0.8205194153710904,,
3335,,13,0.9554904986264259,,
3336,,13,0.7831612827040884,,
3337,,13,0.7934662252897333,,
3338,,13,0.7026437710596435,,
3339,,13,0.863719471724165,,
3340,,13,1.2257640025986436,,
3341,,13,0.6102667955123497,,
3342,,13,0.7238635192479178,,
3343,,13,0.8915456395137327,,
3344,,13,0.8079664794318169,,
3345,,13,0.6407663801954295,,
3346,,13,1.0292426270179786,,
3347,,13,0.718529574307657,,
3348,,13,1.431780433637666,,
3349,,13,0.5742388182522017,,
3350,,13,0.8113441673448266,,
3351,,13,0.6645528340337646,,
3352,,13,0.6103394712766954,,
3353,,13,0.826201812932721,,
3354,,13,0.6971219136487307,,
3355,,13,0.75790902907919,,
3356,,13,0.5916565443174038,,
3357,,13,0.6067833593502845,,
3358,,13,0.7469796790663313,,
3359,,13,0.6312562882739416,,
3360,,13,1.0079012890062398,,
3361,,13,0.8441147112323654,,
3362,,13,0.5723499370502909,,
3363,,13,0.942525107646593,,
3364,,13,0.5720324114310593,,
3365,,13,0.776878817437963,,
3366,,13,0.7242803052262007,,
3367,,13,0.647803129619616,,
3368,,13,0.8914895446242084,,
3369,,13,0.8399565086907324,,
3370,,13,0.6529166565128011,,
3371,,13,0.8864881171315948,,
3372,,13,0.7248670571426441,,
3373,,13,1.006376514968835,,
3374,,13,1.0011785468048786,,
3375,,13,0.5426699810837319,,
3376,,13,0.6622219461287161,,
3377,,13,0.792119978795634,,
3378,,13,0.8765706971529303,,
3379,,13,0.9618510647690949,,
3380,,13,0.8599126412398193,,
3381,,13,0.7862962871891619,,
3382,,13,0.7390324488110643,,
3383,,13,0.6650561303254082,,
3384,,13,0.9915963100237004,,
3385,,13,0.6491730457756217,,
3386,,13,0.6315730127683601,,
3387,,13,0.9168177316653608,,
3388,,13,0.5711743452641558,,
3389,,13,1.0156199715412166,,
3390,,13,0.864576962941997,,
3391,,13,0.7808250180886653,,
3392,,13,0.54499266890597,,
3393,,13,0.622990451702924,,
3394,,13,0.8433777399720538,,
3395,,13,0.9332952824644396,,
3396,,13,0.8130045368049961,,
3397,,13,0.9458763071913685,,
3398,,13,0.6739556406036666,,
3399,,13,0.7202220809659302,,
3400,,13,0.6870426069133633,,
3401,,13,0.6600176522233117,,
3402,,13,0.6308335867997297,,
3403,,13,1.1261127157371986,,
3404,,13,1.137905159769799,,
3405,,13,0.8753751677370873,,
3406,,13,0.7653677850923654,,
3407,,13,0.77591832111305,,
3408,,13,0.5242770376489568,,
3409,,13,0.9237296877400016,,
3410,,13,1.0025452344106758,,
3411,,13,0.7411275721458692,,
3412,,13,0.5891429953188477,,
3413,,13,0.7182220256053669,,
3414,,13,0.7435924173137108,,
3415,,13,1.126032885581591,,
3416,,13,0.7517488228308951,,
3417,,13,0.8108333683266746,,
3418,,13,0.8966011852540146,,
3419,,13,0.7299733418849199,,
3420,,13,0.45828133495516693,,
3421,,13,0.9440284709955764,,
3422,,13,0.5738907074372014,,
3423,,13,0.8672508121845872,,
3424,,13,0.805272757673755,,
3425,,13,1.0387096031826104,,
3426,,13,0.8749414858472584,,
3427,,13,0.7310019949895873,,
3428,,13,0.666037305259437,,
3429,,13,0.9311731231190802,,
3430,,13,0.9267505252936152,,
3431,,13,0.8505143174588321,,
3432,,13,0.8713572605202948,,
3433,,13,0.6967583513428931,,
3434,,13,0.5870231749254075,,
3435,,13,0.8191487901723804,,
3436,,13,0.838609544647061,,
3437,,13,0.6845449132205521,,
3438,,13,0.9386964213089322,,
3439,,13,0.6836509423877353,,
3440,,13,0.6076890756174869,,
3441,,13,0.7986672849723104,,
3442,,13,0.6288732555176855,,
3443,,13,0.7777590902096048,,
3444,,13,0.7437072066317546,,
3445,,13,0.8753734302040522,,
3446,,13,0.9931466455299192,,
3447,,13,0.8810249050717418,,
3448,,13,0.9062431797747301,,
3449,,13,0.7192977725134548,,
3450,,13,0.6007816511383444,,
3451,,13,0.6873576945432243,,
3452,,13,0.6830757207051548,,
3453,,13,0.8379260373526961,,
3454,,13,0.5773623839721761,,
3455,,13,0.5915608586230922,,
3456,,13,0.8525999962794193,,
3457,,13,0.8832827733322219,,
3458,,13,1.386759224291433,,
3459,,13,0.9082321114345447,,
3460,,13,0.7479301379322152,,
3461,,13,0.721774715211045,,
3462,,13,0.5326586993347503,,
3463,,13,0.8141020386338724,,
3464,,13,0.9832079183698847,,
3465,,13,0.694560290576281,,
3466,,13,0.913013878999721,,
3467,,13,0.7369520863337758,,
3468,,13,0.8399349091836262,,
3469,,13,0.8553210912174944,,
3470,,13,0.8393537369915008,,
3471,,13,1.2316059771303371,,
3472,,13,0.8267409264490531,,
3473,,13,0.9285226625715401,,
3474,,13,0.6192163401710428,,
3475,,13,0.7866592092740677,,
3476,,13,0.8108770004434916,,
3477,,13,0.8895027806256742,,
3478,,13,0.7000486029351569,,
3479,,13,0.7915100976456074,,
3480,,13,1.0693574620286095,,
3481,,13,1.0062706569733804,,
3482,,13,0.6758485036856401,,
3483,,13,1.0653237406723526,,
3484,,13,0.7913644447271798,,
3485,,13,0.8758382719648862,,
3486,,13,0.7867094422943854,,
3487,,13,0.7987745533981259,,
3488,,13,0.8346891103491508,,
3489,,13,0.7174225834132111,,
3490,,13,0.7999220488318048,,
3491,,13,0.7980951480971703,,
3492,,13,0.7760958276799288,,
3493,,13,1.0417863573215191,,
3494,,13,0.8590981006642271,,
3495,,13,0.5772809785991742,,
3496,,13,0.6848317138005396,,
3497,,13,0.6334760855931727,,
3498,,13,0.5509780173532893,,
3499,,13,0.9576560730862269,,
3500,,13,0.9036164156233857,,
3501,,13,0.7572389859668395,,
3502,,13,0.7532731964247926,,
3503,,13,0.881951449593849,,
3504,,13,0.6084582742653087,,
3505,,13,0.5624218881079736,,
3506,,13,0.8352231032974418,,
3507,,13,0.8208942130062316,,
3508,,13,0.7173180321130377,,
3509,,13,0.753031998682365,,
3510,,13,1.0566223495406306,,
3511,,13,0.711714461334276,,
3512,,13,0.916735932400735,,
3513,,13,0.7097527009336231,,
3514,,13,0.8244013375452464,,
3515,,13,0.8515260230197497,,
3516,,13,0.80840436924587,,
3517,,13,0.7969343120572123,,
3518,,13,1.0358632892911146,,
3519,,13,0.638695452837476,,
3520,,13,1.0224994930070561,,
3521,,13,0.6766752813916762,,
3522,,13,0.7669858382302481,,
3523,,13,1.0558676151524449,,
3524,,13,1.0178372569835952,,
3525,,13,0.8328488967411707,,
3526,,13,0.6459180351514595,,
3527,,13,1.002467476522094,,
3528,,13,0.5798346175194541,,
3529,,13,1.0456363504906259,,
3530,,13,0.7587387616470487,,
3531,,13,0.9663255435420268,,
3532,,13,0.5817997520536147,,
3533,,13,0.8110903089934897,,
3534,,13,0.878133238442965,,
3535,,13,0.6744187795172172,,
3536,,13,0.7353129822961615,,
3537,,13,0.6370905370905705,,
3538,,13,0.7739165456950554,,
3539,,13,0.7249045626484079,,
3540,,13,0.8129145198394099,,
3541,,13,0.9443244430501834,,
3542,,13,0.7577074986420055,,
3543,,13,0.7219928032168458,,
3544,,13,0.709307726080998,,
3545,,13,0.9403258789965436,,
3546,,13,0.7267317789144663,,
3547,,13,0.7173630522677833,,
3548,,13,0.7800887957775662,,
3549,,13,0.6878472132879049,,
3550,,13,1.0952480210693754,,
3551,,13,0.736175481381518,,
3552,,13,0.8778927756030532,,
3553,,13,0.867286266026299,,
3554,,13,0.5855642947629366,,
3555,,13,0.7455798811797758,,
3556,,13,0.9748606807703795,,
3557,,13,0.7321296054188997,,
3558,,13,0.49019780994069234,,
3559,,13,0.920957315862502,,
3560,,13,0.7018000649468475,,
3561,,13,1.0119966316610405,,
3562,,13,0.7193346250158422,,
3563,,13,1.140677992542899,,
3564,,13,0.8471112020751634,,
3565,,13,0.6468876412542424,,
3566,,13,0.6198887091300358,,
3567,,13,0.5608233575270253,,
3568,,13,0.7090255039793698,,
3569,,13,0.4415375125948618,,
3570,,13,0.7048879193437602,,
3571,,13,0.8862108692444894,,
3572,,13,1.270089658794024,,
3573,,13,0.6423713565968008,,
3574,,13,0.6118135327758594,,
3575,,13,0.749415883726035,,
3576,,13,0.7671122560784129,,
3577,,13,0.7334286868139162,,
3578,,13,0.6846319660048883,,
3579,,13,0.8897019846684691,,
3580,,13,1.1232702828626862,,
3581,,13,0.7962254423712399,,
3582,,13,0.6154288324179105,,
3583,,13,0.44878010552417785,,
,208,13,,1.3420962847803566,
,209,13,,1.3258366665126189,
,210,13,,1.3158330695593778,
,211,13,,1.3503642203993018,
,212,13,,1.3442761263378427,
,213,13,,1.3272423072030528,
,214,13,,1.3188027063651542,
,215,13,,1.3420778778758033,
,216,13,,1.3293107494659546,
,217,13,,1.3408080328760432,
,218,13,,1.3207679655028832,
,219,13,,1.3383085547700038,
,220,13,,1.2780344768211507,
,221,13,,1.3174932072439083,
,222,13,,1.3795969694148553,
,223,13,,1.3176183506791066,
3584,,14,1.0363853062521693,,
3585,,14,0.73820479979142,,
3586,,14,0.6486396990772434,,
3587,,14,0.6097985192640506,,
3588,,14,1.3942358390657543,,
3589,,14,0.7330363630178267,,
3590,,14,0.5778262808892104,,
3591,,14,0.5926247564337813,,
3592,,14,0.6491186374477688,,
3593,,14,0.8546380884066735,,
3594,,14,0.6738380637197112,,
3595,,14,1.1351825886491285,,
3596,,14,0.9779847639770122,,
3597,,14,0.9737481264859348,,
3598,,14,0.7829468061716007,,
3599,,14,0.8073312251148256,,
3600,,14,0.7128916632086757,,
3601,,14,0.6943166143887087,,
3602,,14,0.7679418577204873,,
3603,,14,0.6422846563670337,,
3604,,14,0.6614200094440483,,
3605,,14,0.7544079308580223,,
3606,,14,0.5719141669963004,,
3607,,14,0.6968925069108748,,
3608,,14,0.8604919726788431,,
3609,,14,0.6022806999756489,,
3610,,14,0.4639620934258507,,
3611,,14,0.8049585475443946,,
3612,,14,1.293647608976559,,
3613,,14,0.5077564697330677,,
3614,,14,0.7246605308678806,,
3615,,14,0.7127930951575939,,
3616,,14,0.8565629451836199,,
3617,,14,0.744297520879548,,
3618,,14,1.055960378962131,,
3619,,14,0.5834610502599729,,
3620,,14,0.5628217436360036,,
3621,,14,1.084888417417065,,
3622,,14,0.8000016103893556,,
3623,,14,0.6874843136012043,,
3624,,14,0.6694579601616675,,
3625,,14,0.7584103414431042,,
3626,,14,0.6791422256094175,,
3627,,14,0.7066851535963559,,
3628,,14,0.6774748671307986,,
3629,,14,0.7798503910017238,,
3630,,14,0.9074727059178631,,
3631,,14,0.7068761280930485,,
3632,,14,0.9407663836116757,,
3633,,14,0.5621511920447353,,
3634,,14,0.701137330539052,,
3635,,14,0.8064320793014297,,
3636,,14,0.7607713331357218,,
3637,,14,0.7828030847227547,,
3638,,14,0.5490926721483024,,
3639,,14,0.9142747901313095,,
3640,,14,1.0207874319225514,,
3641,,14,0.778761565246756,,
3642,,14,0.5177516993149667,,
3643,,14,0.7654570771281174,,
3644,,14,0.8345256902311335,,
3645,,14,0.6794112460439978,,
3646,,14,0.6139234062140078,,
3647,,14,0.7554434621595945,,
3648,,14,0.9612645453708517,,
3649,,14,0.8804787101475733,,
3650,,14,0.790575014250851,,
3651,,14,0.6483803357206473,,
3652,,14,0.5447563986051012,,
3653,,14,0.8115045109215506,,
3654,,14,0.47223607838333925,,
3655,,14,0.8722581246754191,,
3656,,14,0.6777559134156101,,
3657,,14,1.1781742194181384,,
3658,,14,0.6633103684255711,,
3659,,14,0.7959432395364214,,
3660,,14,0.9120299186355023,,
3661,,14,0.4535772649344277,,
3662,,14,0.5777919521505642,,
3663,,14,0.9930323800859295,,
3664,,14,0.9030854344956945,,
3665,,14,0.770738044268124,,
3666,,14,0.9110510238520366,,
3667,,14,1.0680803761567224,,
3668,,14,0.7590522633703456,,
3669,,14,0.5331168118647247,,
3670,,14,0.6391874621544879,,
3671,,14,1.053960074566756,,
3672,,14,0.6093146558726779,,
3673,,14,0.9740446274861023,,
3674,,14,0.5276490478702988,,
3675,,14,0.5596195945257656,,
3676,,14,1.0250875402129922,,
3677,,14,0.8704651860134576,,
3678,,14,1.2081537832376887,,
3679,,14,0.9128007149929577,,
3680,,14,0.4802898983332389,,
3681,,14,0.9573605717917304,,
3682,,14,0.47844714233521596,,
3683,,14,0.8056717908904183,,
3684,,14,0.73187488553778,,
3685,,14,0.7128852916799779,,
3686,,14,0.8816532260340179,,
3687,,14,0.687687175936297,,
3688,,14,0.6885311103210636,,
3689,,14,0.5775369402601721,,
3690,,14,0.7613021545002858,,
3691,,14,0.6999876143547767,,
3692,,14,0.5661055448991725,,
3693,,14,0.6105262541754806,,
3694,,14,0.6418932550865676,,
3695,,14,1.1884223896362125,,
3696,,14,1.039834241864057,,
3697,,14,0.5171794843341333,,
3698,,14,0.722343385491363,,
3699,,14,0.8506917775312003,,
3700,,14,0.7413142240141986,,
3701,,14,0.8635138705873621,,
3702,,14,0.9280408725929763,,
3703,,14,1.0500445872413753,,
3704,,14,0.9536054894643692,,
3705,,14,0.7795690000049669,,
3706,,14,0.9060643745545405,,
3707,,14,0.9578991776305177,,
3708,,14,1.1092997962561721,,
3709,,14,0.8558299946542697,,
3710,,14,0.8227644962288402,,
3711,,14,0.6086486162628065,,
3712,,14,0.742055001930957,,
3713,,14,0.735017242936236,,
3714,,14,1.0912098545628592,,
3715,,14,1.0221110134141058,,
3716,,14,0.6693657788116412,,
3717,,14,0.7344190774816576,,
3718,,14,0.6966808460772029,,
3719,,14,0.7010080337331293,,
3720,,14,0.8272829493053753,,
3721,,14,0.7965834209809854,,
3722,,14,1.0860306614209156,,
3723,,14,0.5028982533108433,,
3724,,14,0.7052737869258765,,
3725,,14,1.1318377003439197,,
3726,,14,0.7233126084439686,,
3727,,14,0.9795965460460412,,
3728,,14,0.6990586437688311,,
3729,,14,0.8691814943272768,,
3730,,14,0.6074137218201335,,
3731,,14,0.8573866986793136,,
3732,,14,1.066942117790917,,
3733,,14,1.1780427450551425,,
3734,,14,1.223210148747207,,
3735,,14,1.1040450522524028,,
3736,,14,1.1028593970763363,,
3737,,14,0.9850883133914421,,
3738,,14,0.6270631491693963,,
3739,,14,0.7505733007238536,,
3740,,14,0.7615164750522849,,
3741,,14,0.9757772704824397,,
3742,,14,1.1388948639531122,,
3743,,14,0.7093618710421268,,
3744,,14,0.7039365946553479,,
3745,,14,1.0863998545878584,,
3746,,14,0.5273310580952684,,
3747,,14,1.0024396975689789,,
3748,,14,0.7659160452417808,,
3749,,14,0.8826389240544508,,
3750,,14,0.6903409161192063,,
3751,,14,0.6748337136627827,,
3752,,14,0.8987001008831046,,
3753,,14,0.8243217942730976,,
3754,,14,0.9829881615356891,,
3755,,14,0.747589387564767,,
3756,,14,0.8529093903359977,,
3757,,14,0.6366810919400341,,
3758,,14,0.7394213243416421,,
3759,,14,0.742124429764079,,
3760,,14,0.6839311006695598,,
3761,,14,0.5016721152977529,,
3762,,14,0.6505454473134382,,
3763,,14,0.6935657168014149,,
3764,,14,1.0048016013943073,,
3765,,14,0.7959845414604747,,
3766,,14,0.7274502132178636,,
3767,,14,1.0910402341787275,,
3768,,14,0.890371283275323,,
3769,,14,0.595284873396613,,
3770,,14,0.9809245654675453,,
3771,,14,0.6500842108703297,,
3772,,14,0.7387252994165984,,
3773,,14,0.8897797460019676,,
3774,,14,0.6173646344099828,,
3775,,14,0.5209707033102037,,
3776,,14,1.0975079344823586,,
3777,,14,0.7522660936645658,,
3778,,14,0.7107307341914322,,
3779,,14,0.582225592974123,,
3780,,14,0.657110445184372,,
3781,,14,0.5783693986003183,,
3782,,14,0.9432015466499806,,
3783,,14,0.6277966540040836,,
3784,,14,0.7720095238034316,,
3785,,14,0.7421357323521336,,
3786,,14,0.623855139436201,,
3787,,14,0.587148059643227,,
3788,,14,0.8079226381948363,,
3789,,14,0.9115392816040325,,
3790,,14,0.7843175690421822,,
3791,,14,0.61553513854176,,
3792,,14,0.6330347770830289,,
3793,,14,0.8348925781507819,,
3794,,14,0.6280439467929515,,
3795,,14,0.7090180738539245,,
3796,,14,0.7504095740249981,,
3797,,14,0.6241232677251094,,
3798,,14,0.47913062904778664,,
3799,,14,1.1925429356977781,,
3800,,14,0.7062438412886327,,
3801,,14,0.6304856537506928,,
3802,,14,1.1403357377242382,,
3803,,14,0.7902235699351811,,
3804,,14,0.7023688842769286,,
3805,,14,0.8956979365657803,,
3806,,14,0.7116389730392033,,
3807,,14,0.8861034112562427,,
3808,,14,0.6816249228308269,,
3809,,14,0.9673362784754943,,
3810,,14,0.7708743998745649,,
3811,,14,0.667128226413842,,
3812,,14,1.0338737484104645,,
3813,,14,1.0794765340253072,,
3814,,14,0.6483295080939833,,
3815,,14,0.9944998597645941,,
3816,,14,1.0615016244881619,,
3817,,14,1.1090426295063,,
3818,,14,0.4383425289739749,,
3819,,14,0.5299381704399109,,
3820,,14,0.6617684283360674,,
3821,,14,0.7222409613237512,,
3822,,14,1.1239588751068457,,
3823,,14,0.8852016081883247,,
3824,,14,0.8016308024058066,,
3825,,14,0.9130072863240355,,
3826,,14,0.6758580909633715,,
3827,,14,1.009144808894961,,
3828,,14,1.1405168123821283,,
3829,,14,0.6143850530787114,,
3830,,14,0.7067943385315139,,
3831,,14,0.6068009137486647,,
3832,,14,0.9801748640578618,,
3833,,14,0.6226322692358676,,
3834,,14,0.6920861890872201,,
3835,,14,0.9266095644059883,,
3836,,14,1.1207895858882868,,
3837,,14,0.7258407392475261,,
3838,,14,0.8798463953009771,,
3839,,14,0.6978604783264993,,
,224,14,,1.328926592908966,
,225,14,,1.3638853883138051,
,226,14,,1.3856875549439076,
,227,14,,1.366125326689808,
,228,14,,1.3964875249203694,
,229,14,,1.3502396049166745,
,230,14,,1.3242259968056693,
,231,14,,1.3563866317039992,
,232,14,,1.3423467218327922,
,233,14,,1.3581149404200663,
,234,14,,1.3660285599561157,
,235,14,,1.3259970982234166,
,236,14,,1.3569801492964957,
,237,14,,1.3685634766915478,
,238,14,,1.3514145876148325,
,239,14,,1.3331796571831813,
3840,,15,0.7510332041940284,,
3841,,15,0.9755287062299921,,
3842,,15,0.7227872223468534,,
3843,,15,0.8100141288533492,,
3844,,15,0.7135100220492344,,
3845,,15,0.8334336862421831,,
3846,,15,0.7890307748478815,,
3847,,15,0.6160372104086536,,
3848,,15,0.6502350645216655,,
3849,,15,0.9635534330381113,,
3850,,15,0.8879932316098392,,
3851,,15,1.039366032041599,,
3852,,15,0.8215753933348013,,
3853,,15,0.9202363589525807,,
3854,,15,0.9480618272008521,,
3855,,15,0.8990145966891184,,
3856,,15,0.9231266054799518,,
3857,,15,0.5941661926287459,,
3858,,15,0.8986753664029463,,
3859,,15,0.8745884563303266,,
3860,,15,0.5272929647604574,,
3861,,15,0.7650562115160409,,
3862,,15,0.8876918059185522,,
3863,,15,0.6088401095645717,,
3864,,15,0.7536652588961181,,
3865,,15,0.8859691597828495,,
3866,,15,0.826298377982425,,
3867,,15,0.5459656124218705,,
3868,,15,1.0471163535042267,,
3869,,15,0.8019806357887465,,
3870,,15,1.010875911452538,,
3871,,15,0.9486551373554073,,
3872,,15,0.604660723265974,,
3873,,15,0.7757454183157156,,
3874,,15,0.7672473909097208,,
3875,,15,0.6214606418192412,,
3876,,15,0.6169323348497484,,
3877,,15,0.811845033520262,,
3878,,15,0.47298033525698346,,
3879,,15,0.5787786823479882,,
3880,,15,0.9595963008203954,,
3881,,15,0.6252342407317297,,
3882,,15,0.6041227631488147,,
3883,,15,0.9206429979430715,,
3884,,15,0.7564788664366862,,
3885,,15,0.585138713902003,,
3886,,15,0.9024477728365399,,
3887,,15,0.5224939833989712,,
3888,,15,0.6624577769904034,,
3889,,15,0.8027138082935867,,
3890,,15,1.0077356198093794,,
3891,,15,0.961381175001415,,
3892,,15,0.6413086210228436,,
3893,,15,0.9388583204391305,,
3894,,15,0.9667548178146417,,
3895,,15,0.9178363951970728,,
3896,,15,0.7172571793954667,,
3897,,15,1.0490035505178308,,
3898,,15,0.8047635923629352,,
3899,,15,0.45334346355031024,,
3900,,15,1.0581445697627725,,
3901,,15,1.054115677855215,,
3902,,15,1.0693754872327104,,
3903,,15,0.699361419198784,,
3904,,15,1.1763529330707003,,
3905,,15,0.6898019362509435,,
3906,,15,1.1014982018291422,,
3907,,15,0.7800814185197537,,
3908,,15,0.7475069077242203,,
3909,,15,0.8508611314846029,,
3910,,15,1.0235294509344652,,
3911,,15,0.8844694329165411,,
3912,,15,0.8654274028405728,,
3913,,15,0.7273715122462712,,
3914,,15,0.6443009005069547,,
3915,,15,0.6827618527189789,,
3916,,15,0.6799968984892601,,
3917,,15,0.6106022442597563,,
3918,,15,0.7663058804904102,,
3919,,15,0.6696678323049158,,
3920,,15,0.7823034126621871,,
3921,,15,1.1087053795463337,,
3922,,15,0.9090920963161088,,
3923,,15,0.5867990213766958,,
3924,,15,0.7608140918748323,,
3925,,15,0.5867508992024596,,
3926,,15,0.9252806969142746,,
3927,,15,0.669937570755428,,
3928,,15,0.5491069860349039,,
3929,,15,0.8898665118821092,,
3930,,15,0.7116595229377675,,
3931,,15,1.051792527486284,,
3932,,15,1.1766523927089034,,
3933,,15,0.6889469830991974,,
3934,,15,0.589883530864838,,
3935,,15,0.5074520778897587,,
3936,,15,0.7112551971905987,,
3937,,15,0.9812234570557317,,
3938,,15,0.6458145610285857,,
3939,,15,0.7128577123559207,,
3940,,15,1.0273438513109947,,
3941,,15,0.7377268364745282,,
3942,,15,0.7208690092873713,,
3943,,15,1.2169458134603917,,
3944,,15,0.6737192767428306,,
3945,,15,0.7203006373426489,,
3946,,15,0.5870269694154608,,
3947,,15,0.7363039712719244,,
3948,,15,0.621271859706919,,
3949,,15,0.6051182683868789,,
3950,,15,0.4928878637981209,,
3951,,15,0.6755517024865806,,
3952,,15,0.8737264630539878,,
3953,,15,0.760711816022628,,
3954,,15,0.82167430249599,,
3955,,15,0.6059792292250066,,
3956,,15,0.6473227619290329,,
3957,,15,0.8472851147528191,,
3958,,15,0.9914341340473583,,
3959,,15,0.81862731991377,,
3960,,15,0.8647995777613542,,
3961,,15,0.6896625219426815,,
3962,,15,0.828069209915425,,
3963,,15,0.6917853423360724,,
3964,,15,0.8319733529943587,,
3965,,15,0.6613477078342642,,
3966,,15,0.45791757619890605,,
3967,,15,1.028988323907413,,
3968,,15,0.8110456073553616,,
3969,,15,0.815168652955197,,
3970,,15,0.6348645872327181,,
3971,,15,0.9222703013138471,,
3972,,15,0.765976109091496,,
3973,,15,0.4711610141419554,,
3974,,15,0.7683239104538815,,
3975,,15,0.7620634084187838,,
3976,,15,0.5800027322775608,,
3977,,15,0.6261159532596092,,
3978,,15,0.611581042135919,,
3979,,15,1.0449824851120066,,
3980,,15,0.9326138824088696,,
3981,,15,0.9782821648804552,,
3982,,15,0.6205560343211742,,
3983,,15,0.6823402080870242,,
3984,,15,0.7850276730310256,,
3985,,15,1.00956634208893,,
3986,,15,0.9395016463449283,,
3987,,15,0.8989641907011352,,
3988,,15,0.6722070676745516,,
3989,,15,0.7453230356998541,,
3990,,15,0.6946857817495143,,
3991,,15,0.8657554448871873,,
3992,,15,0.6102607740109991,,
3993,,15,0.8653159377497082,,
3994,,15,0.6067521862794367,,
3995,,15,0.6165276502384397,,
3996,,15,1.3104757672056166,,
3997,,15,0.7359875635153834,,
3998,,15,1.103758219505182,,
3999,,15,1.062470108988288,,
4000,,15,0.6710923570958702,,
4001,,15,1.2573114917434909,,
4002,,15,1.0389408306404389,,
4003,,15,0.8393861365836869,,
4004,,15,0.6861043544969987,,
4005,,15,0.8730443571048987,,
4006,,15,0.7024029815169271,,
4007,,15,1.0649908969038822,,
4008,,15,1.055479259169827,,
4009,,15,0.9180368567246546,,
4010,,15,0.8950271239515468,,
4011,,15,0.607536120425123,,
4012,,15,0.8920592006907226,,
4013,,15,0.8278008773965505,,
4014,,15,0.5612433939848847,,
4015,,15,0.6044579440156189,,
4016,,15,0.79540879054536,,
4017,,15,0.7227499207429451,,
4018,,15,0.8602640806186909,,
4019,,15,0.8507708483411693,,
4020,,15,0.8926374384921385,,
4021,,15,0.9087265216461136,,
4022,,15,0.9822884105113978,,
4023,,15,1.0190772684611331,,
4024,,15,0.6984124065884606,,
4025,,15,0.7088217699590055,,
4026,,15,1.041978882484555,,
4027,,15,0.9560820293208485,,
4028,,15,0.744379932606777,,
4029,,15,0.924736468146423,,
4030,,15,0.9705930687899305,,
4031,,15,0.6797996035053995,,
4032,,15,0.883077429122388,,
4033,,15,0.8639585284170935,,
4034,,15,1.0820658494229534,,
4035,,15,0.750270302399716,,
4036,,15,0.7217684257289578,,
4037,,15,0.7750079902178425,,
4038,,15,0.7317751225120973,,
4039,,15,0.6130598496061492,,
4040,,15,0.6516821563809497,,
4041,,15,0.6993734922916881,,
4042,,15,0.5594969242392355,,
4043,,15,0.5718252616666193,,
4044,,15,0.7374925112836933,,
4045,,15,0.8355921448405965,,
4046,,15,0.5729610287572648,,
4047,,15,0.5632997794116488,,
4048,,15,0.8257212117782,,
4049,,15,0.7032370718837058,,
4050,,15,0.7973982277289784,,
4051,,15,0.910681372487698,,
4052,,15,0.8721853843498799,,
4053,,15,0.6389434698372798,,
4054,,15,0.7321575812034241,,
4055,,15,0.9249856118609312,,
4056,,15,0.8681818386110455,,
4057,,15,0.6679486264807194,,
4058,,15,0.5827480688683162,,
4059,,15,0.9531630675700717,,
4060,,15,0.5983415879460063,,
4061,,15,1.0007759986598652,,
4062,,15,1.137637877371663,,
4063,,15,0.7730777548551575,,
4064,,15,0.7866819008899306,,
4065,,15,0.6584191356913781,,
4066,,15,1.0334390058946115,,
4067,,15,0.6142534804177102,,
4068,,15,0.6083137177849692,,
4069,,15,0.7659728229555643,,
4070,,15,0.6080088501214507,,
4071,,15,1.209757736110869,,
4072,,15,0.9676254419859445,,
4073,,15,0.5152659751454387,,
4074,,15,1.0616480567837454,,
4075,,15,0.7940420258522046,,
4076,,15,0.8960806650232561,,
4077,,15,0.6312126234660261,,
4078,,15,0.7029378694708243,,
4079,,15,1.0505410519213394,,
4080,,15,1.2875273441579853,,
4081,,15,1.0716492198687275,,
4082,,15,0.8332298917773733,,
4083,,15,0.847330306756759,,
4084,,15,0.9917808508816741,,
4085,,15,0.7804232663953471,,
4086,,15,0.5999350118961153,,
4087,,15,0.6641335129417945,,
4088,,15,0.47309052367794857,,
4089,,15,0.9082269822042172,,
4090,,15,0.8007225935939171,,
4091,,15,0.7939709741287935,,
4092,,15,0.9304566002973558,,
4093,,15,0.6342551023780338,,
4094,,15,0.7011765199841682,,
4095,,15,1.13451279342601,,
,240,15,,1.3319878579190274,
,241,15,,1.3484511586588113,
,242,15,,1.3799433720055305,
,243,15,,1.345980934956674,
,244,15,,1.3501951702066706,
,245,15,,1.336169340015558,
,246,15,,1.3191910653601857,
,247,15,,1.3665201955912365,
,248,15,,1.3699869733199865,
,249,15,,1.3542341513472291,
,250,15,,1.3311993343727546,
,251,15,,1.3733431643414629,
,252,15,,1.3907976409393386,
,253,15,,1.3361659583747703,
,254,15,,1.315335887240436,
,255,15,,1.3579397331849468,
4096,,16,0.9958091225753498,,
4097,,16,0.8531940649438476,,
4098,,16,0.693540053401196,,
4099,,16,0.7240220832608513,,
4100,,16,0.9005859831203669,,
4101,,16,0.6835801712922978,,
4102,,16,0.7013129705327117,,
4103,,16,0.7003931109244526,,
4104,,16,0.9146334801020518,,
4105,,16,0.9804042605998211,,
4106,,16,0.9189588712756294,,
4107,,16,0.49082364079040275,,
4108,,16,1.1570965306832468,,
4109,,16,0.6795651380171017,,
4110,,16,0.9603392642208389,,
4111,,16,0.6778429472084718,,
4112,,16,0.7999007195263963,,
4113,,16,0.6624633343529418,,
4114,,16,0.7527528957944561,,
4115,,16,0.6622023429628072,,
4116,,16,0.6627315034466476,,
4117,,16,0.6577167197804585,,
4118,,16,0.7854949930757013,,
4119,,16,0.6367889110545486,,
4120,,16,0.8950189870964462,,
4121,,16,1.0015006764631917,,
4122,,16,0.6844707053966772,,
4123,,16,0.8454075259558771,,
4124,,16,0.4667974296187075,,
4125,,16,0.5305389800479775,,
4126,,16,0.7102538996152561,,
4127,,16,0.5421017465332306,,
4128,,16,1.0620425681504155,,
4129,,16,0.6984192887840672,,
4130,,16,0.6203632495284565,,
4131,,16,0.9292983611551314,,
4132,,16,0.5598514026231863,,
4133,,16,0.90883835175022,,
4134,,16,0.8741902259641163,,
4135,,16,0.6202140417471901,,
4136,,16,0.8806354214540548,,
4137,,16,0.6018689768837541,,
4138,,16,1.2259461677762504,,
4139,,16,0.6455397676530512,,
4140,,16,0.7093026993403735,,
4141,,16,0.612814627065825,,
4142,,16,0.6284393813828875,,
4143,,16,0.8717127865419224,,
4144,,16,0.8818145974990395,,
4145,,16,0.7504448632985655,,
4146,,16,0.8422849032087096,,
4147,,16,0.7398393329523976,,
4148,,16,0.5354325538217037,,
4149,,16,0.772503719722868,,
4150,,16,0.812658088380069,,
4151,,16,0.8470971884433214,,
4152,,16,0.6301370522425467,,
4153,,16,0.7563817225149508,,
4154,,16,0.9705449288571952,,
4155,,16,0.9957306041313085,,
4156,,16,1.0354614614668696,,
4157,,16,0.6074763014787147,,
4158,,16,1.0915731419014172,,
4159,,16,0.8046684494022676,,
4160,,16,1.2053331499628936,,
4161,,16,1.2225041321675028,,
4162,,16,0.6436953868688953,,
4163,,16,0.5582200824743976,,
4164,,16,0.5841555203511677,,
4165,,16,0.7168347511915345,,
4166,,16,0.7703077652023147,,
4167,,16,0.7061982171434837,,
4168,,16,1.056324876106886,,
4169,,16,0.8834986937452756,,
4170,,16,0.6435881265513658,,
4171,,16,0.6054594059360681,,
4172,,16,0.8308827723070259,,
4173,,16,0.5563727409878501,,
4174,,16,0.6927881888711367,,
4175,,16,0.730630649915797,,
4176,,16,0.6476659465759014,,
4177,,16,0.6397640304250876,,
4178,,16,0.7471373107159043,,
4179,,16,0.6403028942299819,,
4180,,16,0.6354570221084472,,
4181,,16,0.7102528787342296,,
4182,,16,0.5210562525452169,,
4183,,16,1.0706863313691537,,
4184,,16,0.9153448252840459,,
4185,,16,1.0478403272412806,,
4186,,16,0.7278339948825643,,
4187,,16,0.6543819383207292,,
4188,,16,0.6115943883040424,,
4189,,16,0.7337275988238341,,
4190,,16,1.0329552925862582,,
4191,,16,0.9449272851193534,,
4192,,16,0.958462922833625,,
4193,,16,1.3893445085036737,,
4194,,16,0.624025142937957,,
4195,,16,0.6290568459374168,,
4196,,16,0.9558371001053043,,
4197,,16,0.8071692711224633,,
4198,,16,0.7506701328504282,,
4199,,16,0.6980610476801697,,
4200,,16,0.5102060385338236,,
4201,,16,0.6239765103325093,,
4202,,16,0.925418748886955,,
4203,,16,0.8188131487874979,,
4204,,16,1.3817817610992962,,
4205,,16,0.539926119574708,,
4206,,16,0.7963059816974829,,
4207,,16,0.7661835077798284,,
4208,,16,0.6847195262976522,,
4209,,16,0.9874205962542654,,
4210,,16,0.7679760338162003,,
4211,,16,0.7195315447360358,,
4212,,16,0.625634678754566,,
4213,,16,0.8646116031553892,,
4214,,16,0.6883478098308056,,
4215,,16,0.7347382382942402,,
4216,,16,0.6404336963701245,,
4217,,16,0.6146002993001554,,
4218,,16,1.0102395286534755,,
4219,,16,0.7513319925036624,,
4220,,16,0.8038199024268089,,
4221,,16,0.9057706418543416,,
4222,,16,0.7067262768915638,,
4223,,16,0.9675241971933297,,
4224,,16,0.8758961890390475,,
4225,,16,0.6677633810938406,,
4226,,16,0.8139416524165111,,
4227,,16,0.7293303468748316,,
4228,,16,0.8639588898352435,,
4229,,16,1.1514875475802278,,
4230,,16,1.2649384857123684,,
4231,,16,0.6012827781728358,,
4232,,16,0.9463022042890616,,
4233,,16,0.8747920774169331,,
4234,,16,0.8112571810583289,,
4235,,16,0.7931451650047618,,
4236,,16,0.6452999843991192,,
4237,,16,0.608983186547446,,
4238,,16,0.8656446534729102,,
4239,,16,0.8652835496981273,,
4240,,16,1.23784113581978,,
4241,,16,1.0052093482626365,,
4242,,16,0.6697616349309705,,
4243,,16,0.7469387019388722,,
4244,,16,0.7780923288934064,,
4245,,16,0.8399101897791877,,
4246,,16,0.7024163166007513,,
4247,,16,0.8201607220863896,,
4248,,16,0.8412518754747871,,
4249,,16,0.7406884774440836,,
4250,,16,0.8703914412835015,,
4251,,16,0.723750655479658,,
4252,,16,0.742325690137967,,
4253,,16,1.0104632239812266,,
4254,,16,0.7240197780143858,,
4255,,16,1.0815574962895886,,
4256,,16,0.818683081353214,,
4257,,16,0.8229845582223879,,
4258,,16,0.6937662600934076,,
4259,,16,0.7945213408290008,,
4260,,16,0.8497844961124527,,
4261,,16,0.7998682471643953,,
4262,,16,0.5517734671872444,,
4263,,16,1.263821778915462,,
4264,,16,0.8494429775578013,,
4265,,16,0.4556274824709865,,
4266,,16,0.5532257228554011,,
4267,,16,0.9488770031550786,,
4268,,16,0.6161894961885037,,
4269,,16,0.6220501276715349,,
4270,,16,0.7572780381113012,,
4271,,16,0.8814706852806788,,
4272,,16,0.8300544631235232,,
4273,,16,0.6202159671344167,,
4274,,16,0.6664305964218145,,
4275,,16,0.7378165602312726,,
4276,,16,0.7170030715928488,,
4277,,16,0.8445389210252439,,
4278,,16,0.8220201123843759,,
4279,,16,0.5672291852358319,,
4280,,16,0.6482716438509005,,
4281,,16,0.9157488577359996,,
4282,,16,0.7470881235732199,,
4283,,16,0.7679298444016611,,
4284,,16,0.7091115066860049,,
4285,,16,0.7421445651081919,,
4286,,16,0.6398481052519465,,
4287,,16,0.9065858826806236,,
4288,,16,0.4870621809828713,,
4289,,16,0.6887899656564245,,
4290,,16,0.7793425842885149,,
4291,,16,1.0691759308211328,,
4292,,16,0.7049409964020802,,
4293,,16,0.5594344318558107,,
4294,,16,0.7719960849178086,,
4295,,16,0.5434659885270008,,
4296,,16,1.0728676034601092,,
4297,,16,0.645361444260822,,
4298,,16,0.7294538438021535,,
4299,,16,1.0291754084748215,,
4300,,16,0.6529896793831674,,
4301,,16,0.5552193686309163,,
4302,,16,0.6751079096223492,,
4303,,16,0.6029965351421217,,
4304,,16,0.6334252680860938,,
4305,,16,1.350257351486395,,
4306,,16,1.2097969080230775,,
4307,,16,0.6447280896732495,,
4308,,16,0.6103595769885605,,
4309,,16,0.7372015992986067,,
4310,,16,1.298720343125011,,
4311,,16,0.8050035898079526,,
4312,,16,0.8292287553100324,,
4313,,16,0.6939248499960842,,
4314,,16,0.9909543498386315,,
4315,,16,0.8770484506317751,,
4316,,16,0.8135267375587244,,
4317,,16,0.8629569772419764,,
4318,,16,0.8549063341202847,,
4319,,16,0.5221947035406247,,
4320,,16,0.9268602088372777,,
4321,,16,0.6617225216069548,,
4322,,16,0.5030227427649457,,
4323,,16,0.5935948548465005,,
4324,,16,0.5863243337046626,,
4325,,16,0.6830358544956259,,
4326,,16,0.8572493259041837,,
4327,,16,0.8621928485160144,,
4328,,16,1.1097803295709803,,
4329,,16,0.7218771027647768,,
4330,,16,0.7111144262964102,,
4331,,16,0.5367561627496071,,
4332,,16,0.6016693009218518,,
4333,,16,0.9841620332680698,,
4334,,16,0.635830817147539,,
4335,,16,0.7456800413962803,,
4336,,16,0.6276803226945373,,
4337,,16,0.7498695737937858,,
4338,,16,0.8376003498707087,,
4339,,16,0.8533509051062984,,
4340,,16,0.758412948486869,,
4341,,16,0.9310281953515502,,
4342,,16,0.6155800370786683,,
4343,,16,1.0686741171925886,,
4344,,16,0.5638007653980621,,
4345,,16,1.032947365261263,,
4346,,16,0.9301192821244693,,
4347,,16,0.9915398400234269,,
4348,,16,0.8701869478042339,,
4349,,16,0.705820708495551,,
4350,,16,0.8125465490983765,,
4351,,16,0.7310415552397537,,
,256,16,,1.2619724713502198,
,257,16,,1.2520546136955795,
,258,16,,1.2460693254996777,
,259,16,,1.258940829692038,
,260,16,,1.2499313223867137,
,261,16,,1.2817390330568277,
,262,16,,1.257251802319882,
,263,16,,1.2674739252500906,
,264,16,,1.2960531993536022,
,265,16,,1.276374661474883,
,266,16,,1.272391108934526,
,267,16,,1.2754184941269198,
,268,16,,1.2765613587596747,
,269,16,,1.2504145466386443,
,270,16,,1.2600582310140043,
,271,16,,1.2783115056855543,
4352,,17,0.7339931948155691,,
4353,,17,0.8724450496698637,,
4354,,17,0.8407429593363847,,
4355,,17,0.675518808082235,,
4356,,17,0.7258076673335833,,
4357,,17,0.8769588216755132,,
4358,,17,1.0865307392543881,,
4359,,17,0.8109312333050533,,
4360,,17,0.5564314190746424,,
4361,,17,0.9348475906542264,,
4362,,17,0.7561669442259662,,
4363,,17,0.7253800144989713,,
4364,,17,0.667398142360046,,
4365,,17,0.6594224581773778,,
4366,,17,0.6456937318986263,,
4367,,17,0.6730267435393136,,
4368,,17,0.7547485247724988,,
4369,,17,0.6680090610126002,,
4370,,17,0.8532870973896254,,
4371,,17,1.0849915755847597,,
4372,,17,0.9897840322069238,,
4373,,17,0.8276090218434335,,
4374,,17,0.7088405867336742,,
4375,,17,0.6985370116595715,,
4376,,17,0.7834254163336795,,
4377,,17,0.6567153837151146,,
4378,,17,0.6895386676343538,,
4379,,17,0.6330348203906605,,
4380,,17,0.6570061349399111,,
4381,,17,0.688335663184531,,
4382,,17,1.0447404379562872,,
4383,,17,0.6428523293250873,,
4384,,17,1.0687151679071158,,
4385,,17,0.6203370902458358,,
4386,,17,0.9586724638730446,,
4387,,17,0.9121997926494668,,
4388,,17,0.4973885660898392,,
4389,,17,0.8406082312259793,,
4390,,17,0.6440315053962582,,
4391,,17,0.7969145520958716,,
4392,,17,0.5677879726254902,,
4393,,17,0.8078400054433743,,
4394,,17,0.628305664308324,,
4395,,17,0.5057007205344655,,
4396,,17,0.8658226828099806,,
4397,,17,0.7225314817792645,,
4398,,17,0.658497815009701,,
4399,,17,0.9707549435297247,,
4400,,17,0.7702638501324692,,
4401,,17,0.760182662744121,,
4402,,17,0.8161884842183604,,
4403,,17,0.758649677100667,,
4404,,17,0.618461242925179,,
4405,,17,1.2079374033784787,,
4406,,17,0.9254032421813939,,
4407,,17,0.6724392565102024,,
4408,,17,0.7425934782421841,,
4409,,17,1.0008763794858277,,
4410,,17,0.7187538447208445,,
4411,,17,0.9041820868482607,,
4412,,17,1.2480528584907713,,
4413,,17,0.7534213881746503,,
4414,,17,0.8317739115892013,,
4415,,17,1.0576111042603435,,
4416,,17,0.8424684187725632,,
4417,,17,0.7695110613775561,,
4418,,17,1.0808447413657865,,
4419,,17,0.5063000656598147,,
4420,,17,1.108734707187693,,
4421,,17,0.8158891323057255,,
4422,,17,0.569402830407556,,
4423,,17,0.6553846825120512,,
4424,,17,0.8106556485238441,,
4425,,17,0.40454839103955864,,
4426,,17,0.9751789525758557,,
4427,,17,0.7404041804218005,,
4428,,17,0.8406138441021549,,
4429,,17,1.1093500741133888,,
4430,,17,0.8668562095171138,,
4431,,17,0.9342871593393847,,
4432,,17,0.6878214731295872,,
4433,,17,0.7367516398372055,,
4434,,17,0.5692914966372273,,
4435,,17,1.0278378885282013,,
4436,,17,1.4432595177169993,,
4437,,17,0.7416595370047749,,
4438,,17,0.9496578445909428,,
4439,,17,0.699126817235004,,
4440,,17,0.8716227813024711,,
4441,,17,0.7991438153563035,,
4442,,17,0.8332727899371879,,
4443,,17,0.826426890083687,,
4444,,17,0.6840693404133399,,
4445,,17,0.937430774968049,,
4446,,17,0.676598894024616,,
4447,,17,0.9656740093924236,,
4448,,17,1.0709406564315993,,
4449,,17,0.6498443153772471,,
4450,,17,0.8550519933222527,,
4451,,17,0.6987658659342371,,
4452,,17,0.679395951153722,,
4453,,17,0.6763402147556123,,
4454,,17,1.2232735898908782,,
4455,,17,0.6043835404659932,,
4456,,17,0.5819944031249267,,
4457,,17,0.8514545928083697,,
4458,,17,1.06631817379309,,
4459,,17,0.49812944698606093,,
4460,,17,0.9121432721305267,,
4461,,17,0.8487095424845763,,
4462,,17,0.9172611864671687,,
4463,,17,0.7092022561776191,,
4464,,17,0.5832842894319176,,
4465,,17,0.8365284945644196,,
4466,,17,1.262743659709644,,
4467,,17,0.5164675586993436,,
4468,,17,0.8797692287322466,,
4469,,17,0.8203795692580969,,
4470,,17,1.0396385271145043,,
4471,,17,0.6415834567235893,,
4472,,17,0.5675387163692159,,
4473,,17,0.6493967660905482,,
4474,,17,0.8243124155603443,,
4475,,17,0.7044772070810885,,
4476,,17,0.5603576277365847,,
4477,,17,0.7973346825508376,,
4478,,17,0.7228773109618631,,
4479,,17,0.9031617611334899,,
4480,,17,0.608470947548776,,
4481,,17,0.9810666234086588,,
4482,,17,0.7774005062000264,,
4483,,17,0.9416058683531425,,
4484,,17,0.8934836503803927,,
4485,,17,0.8194130710482922,,
4486,,17,0.8974469168343262,,
4487,,17,0.6909904661466248,,
4488,,17,0.4246850492250144,,
4489,,17,0.8511972773409969,,
4490,,17,0.9799416720093045,,
4491,,17,0.5537712361043989,,
4492,,17,0.7011229332442976,,
4493,,17,0.8585483204023794,,
4494,,17,0.9005346050119757,,
4495,,17,0.6059301848118221,,
4496,,17,0.7589796931118136,,
4497,,17,0.8805202857228444,,
4498,,17,0.9103749549989892,,
4499,,17,0.9593538961776337,,
4500,,17,0.7934347068344306,,
4501,,17,0.9419849828453449,,
4502,,17,0.8520542474254555,,
4503,,17,0.6989793862543152,,
4504,,17,0.6130207029842626,,
4505,,17,0.5635917550155849,,
4506,,17,0.70194759497435,,
4507,,17,0.7284732108151184,,
4508,,17,0.832531991712401,,
4509,,17,0.9846569801789095,,
4510,,17,0.5927546109736964,,
4511,,17,1.1847844388863025,,
4512,,17,0.6851510424468825,,
4513,,17,0.5745469369696354,,
4514,,17,1.2609577054532208,,
4515,,17,0.667207230761258,,
4516,,17,0.82571238249133,,
4517,,17,0.6757527433540124,,
4518,,17,0.62113787559177,,
4519,,17,0.7325540300640135,,
4520,,17,0.5731186415919606,,
4521,,17,1.0268503194064202,,
4522,,17,0.6364764595209392,,
4523,,17,0.7055260341625816,,
4524,,17,0.8373674022858373,,
4525,,17,0.8672719960052229,,
4526,,17,0.8015425165219279,,
4527,,17,0.8629855293736082,,
4528,,17,0.5301692622182115,,
4529,,17,0.7189421676392584,,
4530,,17,0.7457442524055342,,
4531,,17,0.942238004141188,,
4532,,17,0.6529585855250223,,
4533,,17,0.7699649718959503,,
4534,,17,0.8696972797930922,,
4535,,17,1.2049230036515408,,
4536,,17,1.2318932725570622,,
4537,,17,0.7286994173363834,,
4538,,17,0.6795057679985457,,
4539,,17,0.5231678789224101,,
4540,,17,0.6875803920163783,,
4541,,17,0.6078751454414146,,
4542,,17,0.721599821204531,,
4543,,17,1.0486699803383739,,
4544,,17,0.5677945319275721,,
4545,,17,0.41882676796391805,,
4546,,17,0.8933217271087677,,
4547,,17,0.4574176948186319,,
4548,,17,0.7034547679162891,,
4549,,17,0.6709309337444878,,
4550,,17,0.8172504368724589,,
4551,,17,0.5722850359965024,,
4552,,17,0.6623430774866402,,
4553,,17,0.8935607565224728,,
4554,,17,0.8082648435447715,,
4555,,17,0.6475590897796751,,
4556,,17,0.6827124391933667,,
4557,,17,0.7877167325360135,,
4558,,17,0.662685474836573,,
4559,,17,0.6297297436455952,,
4560,,17,0.996810736521053,,
4561,,17,0.7236526644120087,,
4562,,17,0.6211789930085485,,
4563,,17,0.6844262454694869,,
4564,,17,0.6472845119026053,,
4565,,17,0.9653403341674209,,
4566,,17,0.717586130695668,,
4567,,17,0.7229945627380007,,
4568,,17,0.8214257060891805,,
4569,,17,1.0182036438144706,,
4570,,17,0.4943266986667353,,
4571,,17,0.8459160623181283,,
4572,,17,0.854335891767559,,
4573,,17,0.9301839475344515,,
4574,,17,0.7371305272035287,,
4575,,17,0.7898837139330803,,
4576,,17,0.9991271433338336,,
4577,,17,0.654098476310653,,
4578,,17,0.8179066080671549,,
4579,,17,0.6889645472113717,,
4580,,17,0.8830574550586885,,
4581,,17,0.9115614931874401,,
4582,,17,0.73872337808863,,
4583,,17,1.087418664165486,,
4584,,17,0.7914879767595775,,
4585,,17,0.6120736950242669,,
4586,,17,0.7093302082413369,,
4587,,17,1.1482161441897072,,
4588,,17,0.8075176871911696,,
4589,,17,0.954916517917671,,
4590,,17,0.9227532249478918,,
4591,,17,0.4774871466911506,,
4592,,17,0.7502798438534601,,
4593,,17,0.7485049825541685,,
4594,,17,0.7341532768646327,,
4595,,17,1.0818646243078787,,
4596,,17,0.86596632928321,,
4597,,17,0.8574024864863892,,
4598,,17,0.8097216031058545,,
4599,,17,0.913456609186202,,
4600,,17,0.7200828230211984,,
4601,,17,0.5549867637159648,,
4602,,17,1.0089659436572476,,
4603,,17,0.6684454296761176,,
4604,,17,0.7135964200243624,,
4605,,17,1.019222695315856,,
4606,,17,0.7718738293860556,,
4607,,17,0.6916531428747211,,
,272,17,,1.2728972970426842,
,273,17,,1.337876928299695,
,274,17,,1.2882450461389174,
,275,17,,1.317531703853646,
,276,17,,1.3230269584107113,
,277,17,,1.301285232244164,
,278,17,,1.304050470149726,
,279,17,,1.34243351724989,
,280,17,,1.3217842954765893,
,281,17,,1.3166273917203144,
,282,17,,1.3228732574034858,
,283,17,,1.2788625556227757,
,284,17,,1.324599911997078,
,285,17,,1.3596614574021721,
,286,17,,1.2665725932413212,
,287,17,,1.342482918682321,
4608,,18,0.6579005133585949,,
4609,,18,0.7398700103109528,,
4610,,18,0.6254226831280922,,
4611,,18,0.9334007937753476,,
4612,,18,0.7071840243261394,,
4613,,18,0.6090556130237156,,
4614,,18,0.7464956718015208,,
4615,,18,0.9361779813899128,,
4616,,18,1.0803116248048257,,
4617,,18,1.1405000509112198,,
4618,,18,0.616866458475042,,
4619,,18,1.0051036948540821,,
4620,,18,0.9277604385302554,,
4621,,18,0.9181535833112038,,
4622,,18,0.9529869111882283,,
4623,,18,0.7776476072095264,,
4624,,18,0.6504802326740446,,
4625,,18,0.7984752735952618,,
4626,,18,0.6990898345944816,,
4627,,18,0.7013887735984993,,
4628,,18,1.0662733663904218,,
4629,,18,0.8003043746699856,,
4630,,18,0.6511038555647419,,
4631,,18,1.019837618801576,,
4632,,18,0.876887972500697,,
4633,,18,1.2257006661255085,,
4634,,18,0.8171339656979324,,
4635,,18,0.8366790542611506,,
4636,,18,0.7830929004447658,,
4637,,18,0.6853930007185047,,
4638,,18,0.5769393048336044,,
4639,,18,1.0329748806897001,,
4640,,18,0.9178000259707477,,
4641,,18,0.799741819047366,,
4642,,18,0.7700018989504811,,
4643,,18,0.7796471838253616,,
4644,,18,0.5941898152920946,,
4645,,18,0.8178602419112493,,
4646,,18,0.7905403057643522,,
4647,,18,0.8526122860196852,,
4648,,18,0.7394387644912817,,
4649,,18,1.0031173854582198,,
4650,,18,1.0210420541108174,,
4651,,18,0.5004596406075768,,
4652,,18,1.0371117617267833,,
4653,,18,0.9863841355652025,,
4654,,18,0.8860404370274605,,
4655,,18,0.968629639987207,,
4656,,18,0.6687040309860467,,
4657,,18,0.5279869657555989,,
4658,,18,0.5728456568714491,,
4659,,18,0.6595847882637678,,
4660,,18,0.8351988280909297,,
4661,,18,0.9060776610797527,,
4662,,18,0.6942774493787304,,
4663,,18,0.6037348092271402,,
4664,,18,0.8440372602093895,,
4665,,18,0.6025419907657523,,
4666,,18,0.7361003545991457,,
4667,,18,1.2113191221569881,,
4668,,18,0.619418213475659,,
4669,,18,0.853227143228968,,
4670,,18,0.6021480986138026,,
4671,,18,0.7666225007268574,,
4672,,18,0.7346299005743522,,
4673,,18,0.856164453789515,,
4674,,18,0.5942739127604475,,
4675,,18,0.7664611824015946,,
4676,,18,1.041676483409133,,
4677,,18,0.7671325996177629,,
4678,,18,0.6551747653226433,,
4679,,18,0.6674112976139683,,
4680,,18,0.7817805775327975,,
4681,,18,0.8557006671762029,,
4682,,18,0.9802928670616939,,
4683,,18,0.9579390716323231,,
4684,,18,1.2200970581342276,,
4685,,18,0.7099167749688876,,
4686,,18,0.8029704980160768,,
4687,,18,0.697332190675158,,
4688,,18,1.2334734774338352,,
4689,,18,0.6899148612210846,,
4690,,18,0.9168077454346306,,
4691,,18,0.7562288794600835,,
4692,,18,0.5800355473128587,,
4693,,18,0.8678884631660587,,
4694,,18,1.0108794352008101,,
4695,,18,0.6817759256968126,,
4696,,18,0.8230571900340615,,
4697,,18,0.7100228857076083,,
4698,,18,0.7314870914330642,,
4699,,18,0.6634673694024347,,
4700,,18,1.1350013279792994,,
4701,,18,0.6339692859890993,,
4702,,18,0.775987352199188,,
4703,,18,0.7763302657610329,,
4704,,18,0.5013745920881503,,
4705,,18,1.0274585973808235,,
4706,,18,0.9496523809156999,,
4707,,18,0.6371104751924659,,
4708,,18,0.9018118538290049,,
4709,,18,0.9337680667275109,,
4710,,18,0.9060322806236396,,
4711,,18,1.1690255231357285,,
4712,,18,0.7091227130774325,,
4713,,18,0.6717983992491123,,
4714,,18,0.9267632314953032,,
4715,,18,0.8989283218894784,,
4716,,18,0.7592775050657574,,
4717,,18,0.7577405231822759,,
4718,,18,0.8232847728997049,,
4719,,18,0.7788128675980667,,
4720,,18,0.8559328351392115,,
4721,,18,0.5191484586692894,,
4722,,18,0.7399955481700503,,
4723,,18,0.6664112931193505,,
4724,,18,1.1765871216601307,,
4725,,18,0.7627252467994534,,
4726,,18,1.0032772310579612,,
4727,,18,0.7929352519561221,,
4728,,18,0.7268507130601277,,
4729,,18,0.7345152147312857,,
4730,,18,0.6037748584692391,,
4731,,18,1.0811093068532698,,
4732,,18,0.6176925902551924,,
4733,,18,0.6470165995546454,,
4734,,18,0.8552198388739527,,
4735,,18,1.1566361710437012,,
4736,,18,0.7334050111689093,,
4737,,18,0.7210100302262286,,
4738,,18,1.1621631469157048,,
4739,,18,0.5318380308198741,,
4740,,18,0.745385884566892,,
4741,,18,1.0519018523129906,,
4742,,18,0.9761066116943713,,
4743,,18,0.9581244745273422,,
4744,,18,0.7812244672163935,,
4745,,18,0.6353162890577038,,
4746,,18,0.7328039726286939,,
4747,,18,0.7765665389593455,,
4748,,18,0.47433873962487,,
4749,,18,0.8304002230163194,,
4750,,18,0.8593287770243372,,
4751,,18,0.9399114036199272,,
4752,,18,0.7599422851865315,,
4753,,18,0.7325886549180327,,
4754,,18,0.9539673041098822,,
4755,,18,0.6134580430852612,,
4756,,18,0.607719532115947,,
4757,,18,0.7508481816475525,,
4758,,18,0.6997141086006412,,
4759,,18,0.5377188198430074,,
4760,,18,0.9108637998604241,,
4761,,18,1.0385801133950867,,
4762,,18,0.9851726032348951,,
4763,,18,1.1815191545131285,,
4764,,18,0.8565786268351891,,
4765,,18,0.6923916994613718,,
4766,,18,0.7833009848111769,,
4767,,18,0.6020485101758457,,
4768,,18,0.6335351289209092,,
4769,,18,1.2156908556310062,,
4770,,18,0.8277327236820033,,
4771,,18,0.8031010350043968,,
4772,,18,0.816133095962294,,
4773,,18,0.6923643633157189,,
4774,,18,0.7284234315351208,,
4775,,18,0.58029489819559,,
4776,,18,0.968248272321334,,
4777,,18,0.7945774013407064,,
4778,,18,0.854464490624909,,
4779,,18,0.6770415104038322,,
4780,,18,0.6947100910715969,,
4781,,18,0.8147740742549079,,
4782,,18,0.8000611381432808,,
4783,,18,0.6758826710784726,,
4784,,18,0.6593613020631195,,
4785,,18,0.7482578757386916,,
4786,,18,0.9451296733625456,,
4787,,18,0.733129657700364,,
4788,,18,0.8373761134632747,,
4789,,18,0.6845512480306812,,
4790,,18,0.6908079435235732,,
4791,,18,0.6914350906999649,,
4792,,18,0.7153338128470599,,
4793,,18,1.0919939063838386,,
4794,,18,0.6235863340676492,,
4795,,18,0.6586593538144576,,
4796,,18,0.6693053334586043,,
4797,,18,0.6077800008163448,,
4798,,18,0.9455555196351442,,
4799,,18,0.7711875123399838,,
4800,,18,0.807388419751496,,
4801,,18,0.701773862914312,,
4802,,18,0.7872232888560113,,
4803,,18,1.305172895983996,,
4804,,18,0.9886191446588365,,
4805,,18,0.7405308818755107,,
4806,,18,0.5050306797446134,,
4807,,18,0.9568738141008788,,
4808,,18,0.6503922091039039,,
4809,,18,0.7692766040263754,,
4810,,18,0.8597850665103657,,
4811,,18,0.8761350259032394,,
4812,,18,0.9596300061575471,,
4813,,18,0.8209229794552769,,
4814,,18,0.8729571905310753,,
4815,,18,0.8585174921578258,,
4816,,18,0.598841089758376,,
4817,,18,1.1709217027352108,,
4818,,18,0.6265141703944883,,
4819,,18,0.7552133292297685,,
4820,,18,0.561914169076293,,
4821,,18,1.0143170444421097,,
4822,,18,0.6563687900961543,,
4823,,18,1.0257691444413215,,
4824,,18,0.9178954954910339,,
4825,,18,0.530000985032872,,
4826,,18,0.9443546197378923,,
4827,,18,0.7046094410557577,,
4828,,18,0.9725112723265262,,
4829,,18,0.5894478657395943,,
4830,,18,0.9136315236044699,,
4831,,18,0.7584149928047947,,
4832,,18,0.973826350489178,,
4833,,18,0.8618895607684947,,
4834,,18,0.6390996213308637,,
4835,,18,0.8243808186014407,,
4836,,18,0.6718720816115911,,
4837,,18,0.6024202191069743,,
4838,,18,1.1617656281567401,,
4839,,18,0.9036264286268565,,
4840,,18,0.989082102591762,,
4841,,18,0.5064094822296755,,
4842,,18,0.925176550767506,,
4843,,18,0.7329272764791164,,
4844,,18,0.6344948531330664,,
4845,,18,0.7092825224457698,,
4846,,18,1.1260083936721734,,
4847,,18,0.8800028913715453,,
4848,,18,1.2751967584837955,,
4849,,18,1.1994063016740026,,
4850,,18,1.037038558653527,,
4851,,18,0.7632748144385231,,
4852,,18,0.7880060340540253,,
4853,,18,0.7941304127476454,,
4854,,18,0.9539252132090837,,
4855,,18,0.7925537473305759,,
4856,,18,0.9437645222628872,,
4857,,18,0.8436297039191719,,
4858,,18,0.7296950580725121,,
4859,,18,0.6597595777242136,,
4860,,18,0.8202221682803528,,
4861,,18,0.657338394033699,,
4862,,18,0.8636972916450204,,
4863,,18,0.6838996371308623,,
,288,18,,1.3299484225722944,
,289,18,,1.333137030776597,
,290,18,,1.2884162541062194,
,291,18,,1.2951877041569855,
,292,18,,1.286062792686601,
,293,18,,1.289073871640146,
,294,18,,1.3033630245333987,
,295,18,,1.2840060562645652,
,296,18,,1.3326009023058052,
,297,18,,1.3096382558147712,
,298,18,,1.2850713060282937,
,299,18,,1.2604750788833303,
,300,18,,1.310841155778746,
,301,18,,1.2887695485577118,
,302,18,,1.305497348378292,
,303,18,,1.3087639690333097,
4864,,19,0.8516345826427166,,
4865,,19,0.6123741590737503,,
4866,,19,0.7616864011365212,,
4867,,19,0.6297599683498977,,
4868,,19,0.5113712025487861,,
4869,,19,0.7625482822733193,,
4870,,19,0.5606754817566131,,
4871,,19,0.8324733219849421,,
4872,,19,0.6662250226884554,,
4873,,19,0.7807886344769825,,
4874,,19,0.5310404687021925,,
4875,,19,1.0988379859947064,,
4876,,19,0.7388532230044857,,
4877,,19,0.8753065472700194,,
4878,,19,0.8029970772899413,,
4879,,19,0.8598076160947401,,
4880,,19,0.8549308752270692,,
4881,,19,0.8324928767416211,,
4882,,19,0.5674623603020211,,
4883,,19,0.46532665223278524,,
4884,,19,0.71243413330568,,
4885,,19,0.8147858607152876,,
4886,,19,0.6425778754395572,,
4887,,19,0.6573483857234136,,
4888,,19,0.8830936445532667,,
4889,,19,0.6570347437496304,,
4890,,19,0.9181547753809955,,
4891,,19,0.672390659981732,,
4892,,19,0.5586558591347767,,
4893,,19,0.7380251361508527,,
4894,,19,0.8508883399916023,,
4895,,19,0.6309666602923156,,
4896,,19,0.9219138225007999,,
4897,,19,0.7827325759166,,
4898,,19,0.8097764678021129,,
4899,,19,0.8467488809652166,,
4900,,19,0.7314133251138939,,
4901,,19,1.0150096301722393,,
4902,,19,0.5515429548555462,,
4903,,19,0.962539696207812,,
4904,,19,0.8283688721942668,,
4905,,19,0.8747896831773874,,
4906,,19,0.9892859569790211,,
4907,,19,0.7441696032111906,,
4908,,19,0.8331578381951577,,
4909,,19,0.5669936889125295,,
4910,,19,0.7549785212951738,,
4911,,19,0.5940934088108896,,
4912,,19,0.8859009284524864,,
4913,,19,0.7802362724270099,,
4914,,19,0.7226698252997475,,
4915,,19,0.825038909335641,,
4916,,19,0.6858412481524803,,
4917,,19,0.6057153363270926,,
4918,,19,0.9932192721400368,,
4919,,19,0.7766808064539805,,
4920,,19,0.9077307968346837,,
4921,,19,0.7162992873660619,,
4922,,19,0.733999896668959,,
4923,,19,0.7384904992053392,,
4924,,19,0.6406832983883763,,
4925,,19,0.6541051246128102,,
4926,,19,0.7339824682048178,,
4927,,19,0.7687237012072892,,
4928,,19,1.2455461662098202,,
4929,,19,0.8630366855973894,,
4930,,19,0.5640440607687146,,
4931,,19,0.9096834179964987,,
4932,,19,0.7862217364312452,,
4933,,19,0.7323499401744652,,
4934,,19,0.9508225025049134,,
4935,,19,0.6938399687221641,,
4936,,19,0.6473859099139815,,
4937,,19,0.830254789846977,,
4938,,19,0.5060921236186534,,
4939,,19,1.0721293306805075,,
4940,,19,0.8941577401358771,,
4941,,19,0.7238163576739552,,
4942,,19,0.6853532114131197,,
4943,,19,0.5165645349643804,,
4944,,19,0.6590349748524349,,
4945,,19,1.1814965732669926,,
4946,,19,0.6418846337475772,,
4947,,19,0.5508222737943695,,
4948,,19,0.667406371037815,,
4949,,19,0.851726711704762,,
4950,,19,0.5551451970246304,,
4951,,19,0.7381194813150734,,
4952,,19,0.7119673724402534,,
4953,,19,0.915412989520954,,
4954,,19,0.816975462959449,,
4955,,19,0.8227694816396749,,
4956,,19,0.7903566866037589,,
4957,,19,0.7615382655829542,,
4958,,19,0.6078496854947859,,
4959,,19,0.8228231070327929,,
4960,,19,0.6992210908257391,,
4961,,19,0.6345310344355501,,
4962,,19,0.5767623869446186,,
4963,,19,0.676231626035726,,
4964,,19,0.8308318385400544,,
4965,,19,0.7231848077499301,,
4966,,19,0.5775758649389251,,
4967,,19,0.5434937959203686,,
4968,,19,0.6222843542205674,,
4969,,19,0.5932386324546877,,
4970,,19,0.9569635294429812,,
4971,,19,0.9418185436806648,,
4972,,19,0.5063637992856436,,
4973,,19,0.7146154591387921,,
4974,,19,0.6361556510826244,,
4975,,19,0.5447729684389359,,
4976,,19,0.609275612295889,,
4977,,19,0.5664078750713158,,
4978,,19,0.8298812061855602,,
4979,,19,0.8238587616910161,,
4980,,19,0.6998485186599832,,
4981,,19,0.6156157756240708,,
4982,,19,1.0850420820208062,,
4983,,19,0.6465864191346357,,
4984,,19,0.5819759810806554,,
4985,,19,0.9270218688948889,,
4986,,19,0.8279305719693355,,
4987,,19,0.6840906136390418,,
4988,,19,1.4120645630556785,,
4989,,19,0.8621575611905895,,
4990,,19,1.0982515935079882,,
4991,,19,0.706241872179205,,
4992,,19,0.8823140548947409,,
4993,,19,0.6582332903973868,,
4994,,19,1.0816211355639291,,
4995,,19,0.6746974745039176,,
4996,,19,1.1827204053551905,,
4997,,19,0.5730446290098321,,
4998,,19,0.6488505710978849,,
4999,,19,0.9675114810782173,,
5000,,19,0.736135153376253,,
5001,,19,0.9182603490923729,,
5002,,19,0.6034756989294309,,
5003,,19,0.9277403076088122,,
5004,,19,1.010240316250193,,
5005,,19,1.126588850005016,,
5006,,19,0.7581077115967771,,
5007,,19,0.656732168222385,,
5008,,19,0.7412372296999067,,
5009,,19,0.9865963054914051,,
5010,,19,0.8619879491530362,,
5011,,19,0.6287997199730281,,
5012,,19,0.7353493159920822,,
5013,,19,1.0483589630708092,,
5014,,19,0.839590261679134,,
5015,,19,0.6292908670128209,,
5016,,19,0.7393665406303012,,
5017,,19,0.6909330718315603,,
5018,,19,0.8859456148200122,,
5019,,19,1.1795925507637388,,
5020,,19,0.920497542086671,,
5021,,19,0.8483785641942811,,
5022,,19,0.551941592336499,,
5023,,19,0.7143206513271367,,
5024,,19,0.7013492337017886,,
5025,,19,0.4803456868238748,,
5026,,19,0.5502927448877348,,
5027,,19,1.0597718488924257,,
5028,,19,0.7085383219759285,,
5029,,19,0.8661321091228404,,
5030,,19,0.768211473601074,,
5031,,19,0.929846144139289,,
5032,,19,0.9990737915919047,,
5033,,19,0.7643370191162175,,
5034,,19,0.8945218216257383,,
5035,,19,0.6835002742935039,,
5036,,19,1.0158074756586615,,
5037,,19,0.8935757814970908,,
5038,,19,0.6992635808467187,,
5039,,19,0.9669471490833934,,
5040,,19,0.7848678546592602,,
5041,,19,0.771415786487311,,
5042,,19,1.0688482301843216,,
5043,,19,0.6795252805744748,,
5044,,19,0.5875478856975884,,
5045,,19,0.8379031906839329,,
5046,,19,0.761961779845462,,
5047,,19,0.5896058367835011,,
5048,,19,0.7103148751003261,,
5049,,19,0.7364063716668428,,
5050,,19,0.8660382571302945,,
5051,,19,0.68154536448119,,
5052,,19,0.6834529050121916,,
5053,,19,0.7102599371531882,,
5054,,19,1.0395729799774962,,
5055,,19,1.0297543540370242,,
5056,,19,0.8120238963888919,,
5057,,19,0.7422395128343227,,
5058,,19,0.549135278650728,,
5059,,19,1.0287348248071597,,
5060,,19,0.925689581756768,,
5061,,19,0.6450853087395307,,
5062,,19,0.7835506089356814,,
5063,,19,0.9193088249017543,,
5064,,19,0.7891331352721461,,
5065,,19,0.9875377535086391,,
5066,,19,0.5051107668709357,,
5067,,19,0.7456884447868575,,
5068,,19,0.8396299878482081,,
5069,,19,0.7000884330871502,,
5070,,19,0.8130549963358159,,
5071,,19,0.8765209318550597,,
5072,,19,0.6154558868302968,,
5073,,19,0.7870347516464091,,
5074,,19,0.8946077829080186,,
5075,,19,0.9595350807190407,,
5076,,19,0.6436263717535877,,
5077,,19,0.5820675923705528,,
5078,,19,0.7474957495317798,,
5079,,19,0.8063048400906336,,
5080,,19,0.5195936074735745,,
5081,,19,1.0053573091530437,,
5082,,19,0.8745290136001063,,
5083,,19,0.8526986328096193,,
5084,,19,1.0629013276236314,,
5085,,19,0.6613543578318257,,
5086,,19,0.6815090553370764,,
5087,,19,0.8675253652513196,,
5088,,19,1.0660781977961382,,
5089,,19,0.647652497844853,,
5090,,19,0.7339157197067616,,
5091,,19,0.8296567117845921,,
5092,,19,0.6914904289304757,,
5093,,19,0.6149016271997796,,
5094,,19,0.7710871906456818,,
5095,,19,0.9530801219556274,,
5096,,19,0.8746130217250118,,
5097,,19,0.7425702917390155,,
5098,,19,0.8263001751438799,,
5099,,19,0.7179747373805363,,
5100,,19,0.8696518879797,,
5101,,19,0.7498473133896626,,
5102,,19,0.8623460879927057,,
5103,,19,0.9803177424320983,,
5104,,19,0.7624999239031365,,
5105,,19,0.5249337708685036,,
5106,,19,0.7910821737671629,,
5107,,19,0.7709314235170762,,
5108,,19,0.8376405265372022,,
5109,,19,0.8061759278893119,,
5110,,19,0.9343900476918325,,
5111,,19,0.6704210461325074,,
5112,,19,0.845810645760354,,
5113,,19,0.8837763265591653,,
5114,,19,0.7540081381206769,,
5115,,19,0.923086857390684,,
5116,,19,0.5078710533009675,,
5117,,19,0.996520684492322,,
5118,,19,0.8727056817521188,,
5119,,19,0.6917458821269072,,
,304,19,,1.3695435779178013,
,305,19,,1.3579215588959104,
,306,19,,1.3797618907890716,
,307,19,,1.3292243253143314,
,308,19,,1.3350691507922392,
,309,19,,1.3334814838676707,
,310,19,,1.3803021926709125,
,311,19,,1.3895190231698662,
,312,19,,1.374246930239631,
,313,19,,1.353144448291408,
,314,19,,1.360154610028171,
,315,19,,1.3681230114429686,
,316,19,,1.349495175037049,
,317,19,,1.3299082688010275,
,318,19,,1.366790757611636,
,319,19,,1.3050626326200003,
5120,,20,0.663295864488344,,
5121,,20,0.9098305632074946,,
5122,,20,0.736095173407542,,
5123,,20,0.8254234951358237,,
5124,,20,0.7480277541185046,,
5125,,20,0.8828451910260503,,
5126,,20,0.917281312876483,,
5127,,20,0.47254033482335367,,
5128,,20,0.6427307309529142,,
5129,,20,0.73370591319312,,
5130,,20,0.7195471864264551,,
5131,,20,0.710339602919408,,
5132,,20,0.629405013300608,,
5133,,20,1.3445357627774253,,
5134,,20,0.835753856203602,,
5135,,20,0.7529621834571355,,
5136,,20,0.6908355426686499,,
5137,,20,0.9300231591296693,,
5138,,20,0.8350768254633909,,
5139,,20,0.8607556663508591,,
5140,,20,1.3615416669780473,,
5141,,20,0.9473073921923236,,
5142,,20,0.6866396752282236,,
5143,,20,1.014194705283003,,
5144,,20,0.9918830440883811,,
5145,,20,0.8711413745701153,,
5146,,20,1.1709662210875345,,
5147,,20,0.9172751252803049,,
5148,,20,0.6470092404997528,,
5149,,20,0.685342162678283,,
5150,,20,0.8079826475303441,,
5151,,20,0.8807248758969242,,
5152,,20,1.0844910075234226,,
5153,,20,0.8863528132711151,,
5154,,20,0.4961745883086296,,
5155,,20,0.6227491304913944,,
5156,,20,0.7029512069016157,,
5157,,20,0.9826276503598024,,
5158,,20,0.5988501486694882,,
5159,,20,0.5853611002610346,,
5160,,20,0.7577539411103508,,
5161,,20,0.8975616110721832,,
5162,,20,0.9083833911830285,,
5163,,20,0.7942694419986254,,
5164,,20,0.6868594937324404,,
5165,,20,0.7262502404219966,,
5166,,20,0.9029001878389042,,
5167,,20,0.936279545617098,,
5168,,20,0.4749231039382945,,
5169,,20,0.6347139441132242,,
5170,,20,1.22654664340316,,
5171,,20,1.0687704152054434,,
5172,,20,0.7579574693601148,,
5173,,20,0.4931096828047268,,
5174,,20,1.0812327524584995,,
5175,,20,1.0444838848557247,,
5176,,20,0.7303116803456935,,
5177,,20,0.773064099715264,,
5178,,20,0.7078583524319765,,
5179,,20,0.46884956514930165,,
5180,,20,1.1508765966148715,,
5181,,20,0.8646999732383307,,
5182,,20,0.6735609562073295,,
5183,,20,1.2034003170649925,,
5184,,20,0.6784415089208728,,
5185,,20,0.7603125949066826,,
5186,,20,1.0993597441558658,,
5187,,20,0.7424482484901513,,
5188,,20,0.8307941929616722,,
5189,,20,0.6244431425383767,,
5190,,20,1.3406639192119174,,
5191,,20,0.6709307371379906,,
5192,,20,0.8044662383094192,,
5193,,20,0.5257892378136535,,
5194,,20,0.5803608890461283,,
5195,,20,0.9146296880721272,,
5196,,20,0.9176023451273907,,
5197,,20,0.8784898388691965,,
5198,,20,1.2192405804922353,,
5199,,20,1.0803695624724332,,
5200,,20,1.0514710182364122,,
5201,,20,0.99934712234794,,
5202,,20,1.2961311411523628,,
5203,,20,0.8080241025086989,,
5204,,20,0.7352312706877685,,
5205,,20,1.1779448397695087,,
5206,,20,0.6048837223565415,,
5207,,20,0.8325424152027594,,
5208,,20,0.7754532056703887,,
5209,,20,0.5512476040481398,,
5210,,20,0.7230049158573335,,
5211,,20,0.8227695751449824,,
5212,,20,0.6812753004182808,,
5213,,20,0.8143797340527605,,
5214,,20,0.7339311028870155,,
5215,,20,0.7683767110751557,,
5216,,20,0.8149057328941403,,
5217,,20,0.6734351003133964,,
5218,,20,0.8117840057070277,,
5219,,20,0.7478892524883047,,
5220,,20,0.8449209535694089,,
5221,,20,0.6866219077384598,,
5222,,20,1.101716036221989,,
5223,,20,0.6539926931555904,,
5224,,20,0.9486003158277324,,
5225,,20,0.6939221602903409,,
5226,,20,0.7399427801775379,,
5227,,20,0.9310217305890758,,
5228,,20,0.9430244921265093,,
5229,,20,0.7233733234206563,,
5230,,20,0.8328965330074786,,
5231,,20,0.903347242339761,,
5232,,20,0.719956651779567,,
5233,,20,0.6321236912641205,,
5234,,20,0.7600178927040165,,
5235,,20,0.48989482860736616,,
5236,,20,0.7617445863337098,,
5237,,20,1.0136726969950718,,
5238,,20,0.7165819274163345,,
5239,,20,0.5944868019550855,,
5240,,20,0.9124125025362582,,
5241,,20,0.6986363284745609,,
5242,,20,1.1782165640057163,,
5243,,20,0.7600475622106894,,
5244,,20,0.6004087815818748,,
5245,,20,0.9371704791346882,,
5246,,20,1.0221302978335687,,
5247,,20,0.6632673957973168,,
5248,,20,0.974271886300744,,
5249,,20,0.6560332252834247,,
5250,,20,1.0389532921076738,,
5251,,20,0.8283978673028282,,
5252,,20,0.8637500221160628,,
5253,,20,0.526548165077267,,
5254,,20,0.9178137177293522,,
5255,,20,0.5730799514302463,,
5256,,20,0.6625188720821273,,
5257,,20,0.6886281077068979,,
5258,,20,0.85034089481937,,
5259,,20,0.8156432892942985,,
5260,,20,0.6563241962755008,,
5261,,20,1.0322265771826307,,
5262,,20,0.7559988694470561,,
5263,,20,0.6917295758186601,,
5264,,20,0.7625004737623999,,
5265,,20,1.2457425268887286,,
5266,,20,0.8975462004204431,,
5267,,20,0.7493433435015995,,
5268,,20,0.48838426700839827,,
5269,,20,0.7484557844200196,,
5270,,20,0.7568114052439016,,
5271,,20,0.8093735893327425,,
5272,,20,0.6800221682570898,,
5273,,20,0.7118636377287693,,
5274,,20,0.732476252078403,,
5275,,20,0.9776471511078398,,
5276,,20,0.6391577882985985,,
5277,,20,0.6904550941896282,,
5278,,20,0.6042157408390899,,
5279,,20,0.6575800987933227,,
5280,,20,0.9310182182249839,,
5281,,20,0.8939213065507712,,
5282,,20,0.6932861520309592,,
5283,,20,0.6248902124883863,,
5284,,20,0.7166262938599965,,
5285,,20,0.6676811584293453,,
5286,,20,0.6334118279052507,,
5287,,20,0.8295315019097386,,
5288,,20,0.75610999570958,,
5289,,20,0.7711457921819784,,
5290,,20,1.07154768119565,,
5291,,20,0.5421551017070703,,
5292,,20,0.5860965537878405,,
5293,,20,0.5872296497217413,,
5294,,20,0.5591250330661319,,
5295,,20,0.952723417600959,,
5296,,20,0.6045579616777589,,
5297,,20,1.0516791402796544,,
5298,,20,0.5918078435357284,,
5299,,20,0.8807910154909103,,
5300,,20,0.7598744081610274,,
5301,,20,0.548979441236829,,
5302,,20,1.0221734030978062,,
5303,,20,0.9314543542130906,,
5304,,20,0.9095253584927706,,
5305,,20,0.598352944259395,,
5306,,20,0.5696071565970708,,
5307,,20,0.7593562589991154,,
5308,,20,0.6752116099823852,,
5309,,20,0.8078514714232761,,
5310,,20,0.6907511390842371,,
5311,,20,0.7780012619869012,,
5312,,20,0.5899578674778679,,
5313,,20,0.9248257548826306,,
5314,,20,0.5997456210981779,,
5315,,20,1.0817674595870876,,
5316,,20,0.47198030698309346,,
5317,,20,0.8909512190099209,,
5318,,20,0.7088569533416929,,
5319,,20,0.7030147929694218,,
5320,,20,1.0199054712613194,,
5321,,20,0.8610074574715691,,
5322,,20,0.7398860740590747,,
5323,,20,0.7471566642290792,,
5324,,20,0.7636641534679672,,
5325,,20,0.741433599871792,,
5326,,20,1.0912942905527636,,
5327,,20,0.666259723013284,,
5328,,20,0.5857630383050172,,
5329,,20,0.677468172344494,,
5330,,20,0.7206854719500516,,
5331,,20,0.9061243680338991,,
5332,,20,0.794464166389812,,
5333,,20,0.7314721477741811,,
5334,,20,0.8376655103817903,,
5335,,20,0.700637267741046,,
5336,,20,0.7994726521420198,,
5337,,20,0.8360217441331469,,
5338,,20,0.9060216862026316,,
5339,,20,0.8158091215096885,,
5340,,20,0.7951879707624837,,
5341,,20,0.6547449208756271,,
5342,,20,0.9831534907786412,,
5343,,20,0.6497625356156862,,
5344,,20,0.5668883439257305,,
5345,,20,0.6964235787366048,,
5346,,20,0.8916930070762457,,
5347,,20,0.6719340752381799,,
5348,,20,0.5793453185769751,,
5349,,20,0.7085960788097811,,
5350,,20,0.9795049379582892,,
5351,,20,0.8787911780820954,,
5352,,20,0.802756266296677,,
5353,,20,1.0630174588924501,,
5354,,20,0.9012376462327387,,
5355,,20,0.6696023844257983,,
5356,,20,0.8847781909884522,,
5357,,20,0.9922528073095143,,
5358,,20,0.8078157066099341,,
5359,,20,0.7875430119660127,,
5360,,20,0.8176902571468625,,
5361,,20,0.6679898210164303,,
5362,,20,1.061813128028807,,
5363,,20,1.2877982867315882,,
5364,,20,0.6581271409829658,,
5365,,20,0.7689182209606313,,
5366,,20,0.7512914508850923,,
5367,,20,0.6839092392173278,,
5368,,20,0.4758731634228413,,
5369,,20,0.6595817503142875,,
5370,,20,0.6574431470692513,,
5371,,20,0.9248490054937124,,
5372,,20,0.8178863708176897,,
5373,,20,0.8101597286140981,,
5374,,20,0.6839103348149917,,
5375,,20,0.6317305814845869,,
,320,20,,1.2962469339082356,
,321,20,,1.31103501550507,
,322,20,,1.3613227516820405,
,323,20,,1.308538311352783,
,324,20,,1.3239404060311286,
,325,20,,1.3169129303800926,
,326,20,,1.3381836830672829,
,327,20,,1.3435412639382511,
,328,20,,1.3318475962185496,
,329,20,,1.3205643095032207,
,330,20,,1.3038224446742928,
,331,20,,1.3001657997813734,
,332,20,,1.3326605350306775,
,333,20,,1.346119524218753,
,334,20,,1.341534308249822,
,335,20,,1.3245914114725141,
5376,,21,1.1347108400047419,,
5377,,21,1.1162668423282138,,
5378,,21,0.6249551001202238,,
5379,,21,0.7435890239496118,,
5380,,21,0.7795240831546947,,
5381,,21,0.8497100868895587,,
5382,,21,0.4927802729085614,,
5383,,21,0.9360703280915962,,
5384,,21,0.7085507879648836,,
5385,,21,0.8753564919317438,,
5386,,21,0.679445010195534,,
5387,,21,0.7872704181734402,,
5388,,21,0.9755298531231521,,
5389,,21,1.1109879090613377,,
5390,,21,0.6896097976305535,,
5391,,21,0.6512977358631169,,
5392,,21,0.6840842437289562,,
5393,,21,0.6466168548914639,,
5394,,21,0.8152499392533433,,
5395,,21,0.8600153436616262,,
5396,,21,0.7436450060909197,,
5397,,21,0.8771768799529142,,
5398,,21,1.0049771711947628,,
5399,,21,0.7211653687044965,,
5400,,21,0.9638362300457444,,
5401,,21,0.5058644459769315,,
5402,,21,0.5923103464892616,,
5403,,21,0.9611203663759339,,
5404,,21,0.6837786812828545,,
5405,,21,0.7503596723889308,,
5406,,21,0.7016816623095439,,
5407,,21,1.0729849001871428,,
5408,,21,0.5579036179135478,,
5409,,21,0.6518721970340497,,
5410,,21,0.49218540955000767,,
5411,,21,0.8163934134605646,,
5412,,21,0.5214185277216341,,
5413,,21,0.894562561761501,,
5414,,21,0.8329108124208334,,
5415,,21,1.1011884675073642,,
5416,,21,0.9680601302451624,,
5417,,21,0.5495373090366531,,
5418,,21,0.8782680791852263,,
5419,,21,0.9467406731330337,,
5420,,21,0.4298657347627639,,
5421,,21,0.9081285408974598,,
5422,,21,1.052224780344912,,
5423,,21,0.726387508263208,,
5424,,21,0.6890673960772876,,
5425,,21,0.8033578776244378,,
5426,,21,1.08961415316362,,
5427,,21,0.7659033818562382,,
5428,,21,0.813774512290764,,
5429,,21,0.7985502493516444,,
5430,,21,0.8683922795836907,,
5431,,21,0.7156007624649848,,
5432,,21,1.0189807590246325,,
5433,,21,0.8352528329434268,,
5434,,21,0.5956092979498664,,
5435,,21,0.7719670984714979,,
5436,,21,0.7048310587995898,,
5437,,21,0.7622723869835466,,
5438,,21,0.7014660496550419,,
5439,,21,0.6538320456312008,,
5440,,21,0.6785482379110772,,
5441,,21,0.6518434561124109,,
5442,,21,0.9236421028281697,,
5443,,21,0.7296132571819058,,
5444,,21,0.8492985451902584,,
5445,,21,0.9810828955621137,,
5446,,21,0.9360395395220431,,
5447,,21,0.6359976804818896,,
5448,,21,0.8062875745801913,,
5449,,21,0.6464058545835505,,
5450,,21,0.8563327561232846,,
5451,,21,0.5890352134852102,,
5452,,21,0.7962763440692792,,
5453,,21,0.6363359443401317,,
5454,,21,0.7840091866130099,,
5455,,21,0.5023866695753256,,
5456,,21,0.6760441409993085,,
5457,,21,0.4293198538404553,,
5458,,21,0.8980883789409263,,
5459,,21,0.8480748042154614,,
5460,,21,0.6751764328575983,,
5461,,21,1.011705525824531,,
5462,,21,1.0082856088266112,,
5463,,21,1.0790431485672825,,
5464,,21,0.5834879071198192,,
5465,,21,0.5904176618435997,,
5466,,21,0.6123468234730085,,
5467,,21,0.6342547965319285,,
5468,,21,0.6600856478499196,,
5469,,21,1.019620588465366,,
5470,,21,1.119296483410719,,
5471,,21,0.7918327022062265,,
5472,,21,0.5776092563802299,,
5473,,21,0.9152250745397925,,
5474,,21,1.1069962518141323,,
5475,,21,0.6166732696042332,,
5476,,21,0.8180243102441491,,
5477,,21,1.0404413245668627,,
5478,,21,1.5638213637604466,,
5479,,21,0.9004378783197886,,
5480,,21,0.7099462510702219,,
5481,,21,0.9882627250141219,,
5482,,21,0.6353698981795787,,
5483,,21,0.9571068489298812,,
5484,,21,0.852604457121355,,
5485,,21,0.7691595612471291,,
5486,,21,0.5457826740077817,,
5487,,21,1.0098587926253346,,
5488,,21,0.8658994435004482,,
5489,,21,0.549459552413428,,
5490,,21,0.6197640289546795,,
5491,,21,0.9764081692171107,,
5492,,21,0.8338461057727209,,
5493,,21,0.8680940026051427,,
5494,,21,0.9146936957571699,,
5495,,21,0.44043313148822955,,
5496,,21,0.7471855109518915,,
5497,,21,0.9858145280026603,,
5498,,21,0.6526033877663059,,
5499,,21,0.8020641835682049,,
5500,,21,0.686159638645136,,
5501,,21,1.0016736887542426,,
5502,,21,0.8103287297748782,,
5503,,21,1.0314145322425348,,
5504,,21,0.7043893068216998,,
5505,,21,0.8663690157122679,,
5506,,21,0.7216998302749138,,
5507,,21,1.065611759819946,,
5508,,21,0.9208381605734367,,
5509,,21,0.8529636067298412,,
5510,,21,0.7032046194636107,,
5511,,21,0.6744500075359371,,
5512,,21,0.730745622787458,,
5513,,21,0.6166805542064845,,
5514,,21,0.7662437183114863,,
5515,,21,0.8738968341981278,,
5516,,21,0.6562699967605374,,
5517,,21,0.7405895028867541,,
5518,,21,0.8603763032720724,,
5519,,21,1.4228007762467556,,
5520,,21,0.6442672072424181,,
5521,,21,0.4164136998858819,,
5522,,21,0.9953940086932029,,
5523,,21,0.6794891869195847,,
5524,,21,0.7548047656267448,,
5525,,21,0.8427733208815305,,
5526,,21,0.8038463814631186,,
5527,,21,0.784443973076814,,
5528,,21,0.6771628263625891,,
5529,,21,0.7547288847931869,,
5530,,21,0.8895489985082741,,
5531,,21,0.9939745218928546,,
5532,,21,0.8227546212023731,,
5533,,21,0.7555954434052756,,
5534,,21,0.7265062447139347,,
5535,,21,1.033819740126266,,
5536,,21,0.9665108987484878,,
5537,,21,0.8108927804615879,,
5538,,21,0.8836133738603071,,
5539,,21,0.8160160905849781,,
5540,,21,0.6599883320169029,,
5541,,21,0.6021557929242175,,
5542,,21,1.1559673331135276,,
5543,,21,0.655179672983498,,
5544,,21,0.82410140119138,,
5545,,21,0.7113309860519215,,
5546,,21,0.9774310681598447,,
5547,,21,1.0422283172690128,,
5548,,21,0.6708454848710176,,
5549,,21,0.6474034742101984,,
5550,,21,0.8216457312175335,,
5551,,21,0.694848093712615,,
5552,,21,0.8606861637873124,,
5553,,21,0.7102310996575729,,
5554,,21,0.8484746372293144,,
5555,,21,0.6670414739248451,,
5556,,21,0.6337971601838107,,
5557,,21,0.9384725932649023,,
5558,,21,0.754405368708694,,
5559,,21,0.7048609851122543,,
5560,,21,0.5043835776257499,,
5561,,21,1.1868710197558623,,
5562,,21,0.9088055609953365,,
5563,,21,0.645511274317409,,
5564,,21,0.749752705717188,,
5565,,21,0.8512637903977995,,
5566,,21,0.6960250750165222,,
5567,,21,0.7394490922668253,,
5568,,21,0.6912964912012561,,
5569,,21,0.6956526671117863,,
5570,,21,0.8188780597726302,,
5571,,21,0.7371033752801193,,
5572,,21,0.6141026557254075,,
5573,,21,0.8536804621229408,,
5574,,21,0.5598539949579961,,
5575,,21,0.6830613502872593,,
5576,,21,0.5095027364753879,,
5577,,21,0.7116639737290759,,
5578,,21,0.7372807421910743,,
5579,,21,1.167391145543456,,
5580,,21,0.7106653001958902,,
5581,,21,0.8320590016266944,,
5582,,21,0.7386258583000105,,
5583,,21,0.9652897783432849,,
5584,,21,0.8370168606669909,,
5585,,21,0.9174009134234297,,
5586,,21,0.8248092965500101,,
5587,,21,0.5696807348314026,,
5588,,21,0.8697042078107424,,
5589,,21,0.8110806767665042,,
5590,,21,0.8349115847693832,,
5591,,21,0.934156561331337,,
5592,,21,0.797006771774171,,
5593,,21,0.7793555155732351,,
5594,,21,0.5220638770054513,,
5595,,21,0.5674602408058771,,
5596,,21,0.5337392665320388,,
5597,,21,1.0451974398332187,,
5598,,21,0.6163281136715413,,
5599,,21,1.1237443256120212,,
5600,,21,0.6523026593952426,,
5601,,21,0.729962817401551,,
5602,,21,1.0863328148214415,,
5603,,21,0.7726335568659775,,
5604,,21,0.8754321571125843,,
5605,,21,1.1406566004383976,,
5606,,21,0.773708124725734,,
5607,,21,0.8382098338666619,,
5608,,21,0.6537764530496322,,
5609,,21,0.9003790227631314,,
5610,,21,0.8967957450870356,,
5611,,21,0.5272910591141706,,
5612,,21,1.5033946863555638,,
5613,,21,0.7373267769640194,,
5614,,21,1.3297371491012249,,
5615,,21,0.6556944809668798,,
5616,,21,0.7562411755011709,,
5617,,21,1.131913269803782,,
5618,,21,0.868619824082345,,
5619,,21,0.9062740287454011,,
5620,,21,0.9598440547659162,,
5621,,21,0.5843242984838862,,
5622,,21,0.8602950968581338,,
5623,,21,0.8284265203721649,,
5624,,21,0.5674788292823478,,
5625,,21,0.6644062142217331,,
5626,,21,1.0757012562244674,,
5627,,21,0.6117535615342351,,
5628,,21,0.7259311843196852,,
5629,,21,0.8526657818845174,,
5630,,21,0.9547995605510536,,
5631,,21,0.6351787215466869,,
,336,21,,1.3344987735710596,
,337,21,,1.274733828688307,
,338,21,,1.2874298419807069,
,339,21,,1.2835302733575318,
,340,21,,1.2800064445533492,
,341,21,,1.3016141357762179,
,342,21,,1.3053946210785958,
,343,21,,1.3265307833093523,
,344,21,,1.2943643522422281,
,345,21,,1.3186675696631258,
,346,21,,1.2878359096388112,
,347,21,,1.3009320551207495,
,348,21,,1.270453633844324,
,349,21,,1.2965482546339686,
,350,21,,1.322819483820884,
,351,21,,1.2992085197939922,
5632,,22,0.8597662266596535,,
5633,,22,1.1500559733549072,,
5634,,22,0.5678473901112142,,
5635,,22,0.7036386433254483,,
5636,,22,0.9323807944182232,,
5637,,22,0.589052638599257,,
5638,,22,0.6455219391989427,,
5639,,22,0.6001074384593837,,
5640,,22,0.783266111601639,,
5641,,22,0.7204588056659855,,
5642,,22,0.8204237950713138,,
5643,,22,0.7114955701180747,,
5644,,22,0.9314093100623616,,
5645,,22,0.793368578279712,,
5646,,22,1.035520746084525,,
5647,,22,0.7180683509334829,,
5648,,22,0.937011558758666,,
5649,,22,0.7606105520975943,,
5650,,22,0.7267005359954514,,
5651,,22,0.8179700826646954,,
5652,,22,0.6336652519813489,,
5653,,22,0.7676020070270742,,
5654,,22,0.7050276684631536,,
5655,,22,0.85723964353407,,
5656,,22,0.7186871916740635,,
5657,,22,0.7582434464950697,,
5658,,22,0.6047514672841716,,
5659,,22,0.6881627381523875,,
5660,,22,0.5987761371993426,,
5661,,22,0.905475918994132,,
5662,,22,0.8688919717085606,,
5663,,22,0.8000717413233502,,
5664,,22,0.7082740987641116,,
5665,,22,0.6535221746992972,,
5666,,22,0.601589925387459,,
5667,,22,0.6135750680217886,,
5668,,22,0.6751566370278074,,
5669,,22,0.7370530662530987,,
5670,,22,0.5448905419160661,,
5671,,22,0.7189691025789969,,
5672,,22,0.7883310570974968,,
5673,,22,0.5965439475787946,,
5674,,22,0.5840174660390476,,
5675,,22,0.749757376761818,,
5676,,22,0.7011528603324862,,
5677,,22,0.8770256662291942,,
5678,,22,0.7500136318051891,,
5679,,22,0.6240250469245417,,
5680,,22,0.7527963851456123,,
5681,,22,1.0456894488964497,,
5682,,22,0.6809282789680431,,
5683,,22,0.8961644670336645,,
5684,,22,1.146720838877933,,
5685,,22,0.6907903048212385,,
5686,,22,0.9365115986601114,,
5687,,22,0.5593906867504926,,
5688,,22,0.7884026547306819,,
5689,,22,0.9624188285577345,,
5690,,22,1.2808240219236642,,
5691,,22,0.5916402831775424,,
5692,,22,0.7797502812751841,,
5693,,22,0.7402130985181226,,
5694,,22,0.5909636753216077,,
5695,,22,0.6414790137426565,,
5696,,22,0.8906341873363706,,
5697,,22,0.7758252378112214,,
5698,,22,0.9079522107513928,,
5699,,22,0.9687717514147686,,
5700,,22,0.7571716910160728,,
5701,,22,0.7911674559533233,,
5702,,22,0.863841629366884,,
5703,,22,0.6702356948080184,,
5704,,22,0.7384061587535269,,
5705,,22,0.6049554353577854,,
5706,,22,0.7184970209672709,,
5707,,22,0.5129429485367416,,
5708,,22,0.6111265119676182,,
5709,,22,0.5600879317061321,,
5710,,22,0.8595309793629756,,
5711,,22,1.308834773277858,,
5712,,22,1.2744844443572136,,
5713,,22,0.5503683332234526,,
5714,,22,0.7335741728131772,,
5715,,22,0.6698184733498765,,
5716,,22,0.6615484572832449,,
5717,,22,1.04293596535473,,
5718,,22,0.5700290330577668,,
5719,,22,0.8181609170406716,,
5720,,22,0.6978409351755133,,
5721,,22,0.8607180576703131,,
5722,,22,0.7726587727108933,,
5723,,22,0.7421131923367371,,
5724,,22,0.8449890117083905,,
5725,,22,0.7157459900367711,,
5726,,22,0.6706288583139607,,
5727,,22,0.8600125308302247,,
5728,,22,0.7528522791194254,,
5729,,22,0.7213045067705057,,
5730,,22,0.5908887930586466,,
5731,,22,0.7110532086341803,,
5732,,22,0.7072139265682447,,
5733,,22,0.7111461362130372,,
5734,,22,0.7747987813703812,,
5735,,22,0.5031409431797413,,
5736,,22,0.7242026702399973,,
5737,,22,0.8864541241870776,,
5738,,22,0.9934731673742423,,
5739,,22,0.7281147757110521,,
5740,,22,0.6570989477503011,,
5741,,22,1.1008307099585428,,
5742,,22,0.6652925013633342,,
5743,,22,0.8566439549658726,,
5744,,22,0.6656219372589219,,
5745,,22,0.6644364845547643,,
5746,,22,0.9536219100260372,,
5747,,22,0.77240657213995,,
5748,,22,0.515904990426322,,
5749,,22,0.8772905831558023,,
5750,,22,0.5671279706071003,,
5751,,22,0.9142044908747862,,
5752,,22,0.8136093191428566,,
5753,,22,0.7346704941042947,,
5754,,22,0.6439618491903629,,
5755,,22,0.8876261644089505,,
5756,,22,0.6717708454625735,,
5757,,22,0.6521926033854402,,
5758,,22,0.6469541492989677,,
5759,,22,0.734400556875568,,
5760,,22,0.6964304948492771,,
5761,,22,0.8852898615734915,,
5762,,22,0.5650923779019968,,
5763,,22,0.9140239960326468,,
5764,,22,0.7858198467510752,,
5765,,22,0.7232385612120812,,
5766,,22,0.7939388094249855,,
5767,,22,1.0942415531079992,,
5768,,22,0.6631643442992636,,
5769,,22,0.8242690161275621,,
5770,,22,0.8175789436033792,,
5771,,22,0.7494070830263821,,
5772,,22,0.9161913404017394,,
5773,,22,0.9499156933683952,,
5774,,22,0.5080839284431133,,
5775,,22,0.6245031049247112,,
5776,,22,0.7680220641269522,,
5777,,22,0.5867240253722199,,
5778,,22,1.0487821954442085,,
5779,,22,0.8545102688398593,,
5780,,22,0.602275270057433,,
5781,,22,0.9504214430296876,,
5782,,22,0.7829896305942763,,
5783,,22,0.7433759653751839,,
5784,,22,0.8177083385638652,,
5785,,22,0.6957384968733953,,
5786,,22,0.5728814658326716,,
5787,,22,0.8185946025875517,,
5788,,22,0.7720320915153931,,
5789,,22,0.797065473755614,,
5790,,22,0.7201500181060689,,
5791,,22,0.6356124743480043,,
5792,,22,0.7997563216461577,,
5793,,22,0.6115139484122312,,
5794,,22,0.7691180302198825,,
5795,,22,1.0596315919677026,,
5796,,22,0.6446606967463919,,
5797,,22,0.9548062948743778,,
5798,,22,0.6354546977033536,,
5799,,22,0.6213981487857702,,
5800,,22,0.6643285671688486,,
5801,,22,0.7928580432727501,,
5802,,22,0.8179324210338056,,
5803,,22,0.7873583669947483,,
5804,,22,0.633045462469725,,
5805,,22,0.6898829624697812,,
5806,,22,0.846978479198033,,
5807,,22,1.006008958454974,,
5808,,22,0.859243152882438,,
5809,,22,1.0245797468345856,,
5810,,22,0.8181953752609245,,
5811,,22,0.704349619093261,,
5812,,22,0.8392793600023429,,
5813,,22,0.875706835633483,,
5814,,22,0.51586243106798,,
5815,,22,0.668202974055145,,
5816,,22,0.7562134499815258,,
5817,,22,0.6385058663959591,,
5818,,22,0.6960154173358957,,
5819,,22,0.7795235129558769,,
5820,,22,0.6963646486790891,,
5821,,22,1.0182181444421186,,
5822,,22,0.8540119487958551,,
5823,,22,0.836850512133724,,
5824,,22,0.7636316699989338,,
5825,,22,0.9559582287845199,,
5826,,22,1.0944160034154011,,
5827,,22,0.6616373001595761,,
5828,,22,0.6432125066679473,,
5829,,22,0.7059386233479087,,
5830,,22,0.7214808477022356,,
5831,,22,1.0659201225625528,,
5832,,22,0.9928731976582458,,
5833,,22,0.7813195776375881,,
5834,,22,0.617759485520231,,
5835,,22,0.763395687910503,,
5836,,22,0.8395853289740077,,
5837,,22,0.8157303345465585,,
5838,,22,0.5423691458883841,,
5839,,22,0.769699928321683,,
5840,,22,1.2199363460999324,,
5841,,22,0.7762428378770491,,
5842,,22,0.7483725190882122,,
5843,,22,0.7080628193160924,,
5844,,22,0.8906205451653733,,
5845,,22,0.9949804150406003,,
5846,,22,1.094204441579904,,
5847,,22,1.0222343398327274,,
5848,,22,0.7110475632717383,,
5849,,22,0.8093500447871668,,
5850,,22,0.6991378716932277,,
5851,,22,1.1515998482444605,,
5852,,22,0.9234273075348114,,
5853,,22,1.111520022388338,,
5854,,22,0.6572303911896118,,
5855,,22,0.8392877081971211,,
5856,,22,0.6160508245324798,,
5857,,22,0.6810153499887783,,
5858,,22,0.5602334924822358,,
5859,,22,0.8036406860853733,,
5860,,22,1.0057959766811484,,
5861,,22,0.8040364517519141,,
5862,,22,0.5205006196732778,,
5863,,22,1.1287560443615539,,
5864,,22,1.1440605114979925,,
5865,,22,0.6620034234623269,,
5866,,22,0.8605458938859076,,
5867,,22,0.595550520481163,,
5868,,22,1.0327804727440744,,
5869,,22,0.5371031776447761,,
5870,,22,0.8011142417891911,,
5871,,22,0.7867875450476403,,
5872,,22,1.1515853158539777,,
5873,,22,0.6597550747745557,,
5874,,22,0.5292086703483341,,
5875,,22,0.8619648886419877,,
5876,,22,0.7439758878044828,,
5877,,22,1.0241621142357158,,
5878,,22,0.7283365604882253,,
5879,,22,1.0146953973326007,,
5880,,22,0.5981364803082205,,
5881,,22,0.5699454561538455,,
5882,,22,0.8367926208891954,,
5883,,22,0.9604574276716359,,
5884,,22,0.6025223899462646,,
5885,,22,0.7891810619872821,,
5886,,22,0.6664462823259854,,
5887,,22,0.9681207716866944,,
,352,22,,1.3420420636966566,
,353,22,,1.331382602238444,
,354,22,,1.3495857037913872,
,355,22,,1.315770237899842,
,356,22,,1.2840179847976565,
,357,22,,1.3089342022522763,
,358,22,,1.314243869251143,
,359,22,,1.2958693871466975,
,360,22,,1.288144209852958,
,361,22,,1.3219152752019756,
,362,22,,1.329287152592194,
,363,22,,1.3222444001101552,
,364,22,,1.338157156377678,
,365,22,,1.2686294021951314,
,366,22,,1.2951895699562326,
,367,22,,1.321050771887374,
5888,,23,1.1011087526433676,,
5889,,23,0.7621698145780726,,
5890,,23,0.6411907920115598,,
5891,,23,1.0335697765808831,,
5892,,23,0.6318920131634653,,
5893,,23,0.6930504140240468,,
5894,,23,0.7417935501604559,,
5895,,23,0.8666410299311595,,
5896,,23,1.0004020871267043,,
5897,,23,1.0073300405079473,,
5898,,23,0.529705076934542,,
5899,,23,0.6156502276439167,,
5900,,23,0.5418637581513662,,
5901,,23,0.7750656699580715,,
5902,,23,0.7748721774250664,,
5903,,23,0.9596683911391463,,
5904,,23,0.8459735050758488,,
5905,,23,0.6850767034171845,,
5906,,23,0.6376287322887135,,
5907,,23,0.6632466401501027,,
5908,,23,0.811416019950812,,
5909,,23,0.7336292471211282,,
5910,,23,0.7493575243304289,,
5911,,23,0.8745091645813716,,
5912,,23,0.7621291507401144,,
5913,,23,0.7624517983750947,,
5914,,23,0.5025680670263768,,
5915,,23,0.8612068863255194,,
5916,,23,0.7224776287441605,,
5917,,23,0.8465588943792596,,
5918,,23,0.6559073144246302,,
5919,,23,0.5175780983250615,,
5920,,23,0.9219235752831472,,
5921,,23,0.5804962017546071,,
5922,,23,0.6921406914810193,,
5923,,23,1.2407075590373116,,
5924,,23,0.8603414155240243,,
5925,,23,0.6956122839573915,,
5926,,23,1.1171190726651055,,
5927,,23,0.7877213483957821,,
5928,,23,0.6835183545946097,,
5929,,23,0.9799911953642824,,
5930,,23,0.8893893123542806,,
5931,,23,0.7158900700008666,,
5932,,23,0.6788478704431077,,
5933,,23,0.8631359995444147,,
5934,,23,0.5573263219941343,,
5935,,23,0.9260074585911215,,
5936,,23,0.9736685748744027,,
5937,,23,0.6155624387766481,,
5938,,23,0.7740859256868529,,
5939,,23,1.1226264567890665,,
5940,,23,0.6451041288968421,,
5941,,23,0.8648130770407061,,
5942,,23,0.591516395286056,,
5943,,23,1.020621790472372,,
5944,,23,0.5584353854877614,,
5945,,23,0.9627811281711544,,
5946,,23,0.7531001408268058,,
5947,,23,0.7015970200754444,,
5948,,23,0.9410638962140739,,
5949,,23,0.7170465205745193,,
5950,,23,0.7864486769002066,,
5951,,23,1.0061210171909376,,
5952,,23,0.9821808405892926,,
5953,,23,1.1361137714158436,,
5954,,23,0.8020527215992921,,
5955,,23,0.9219199858735229,,
5956,,23,0.8955293294958114,,
5957,,23,0.6947022119510301,,
5958,,23,0.7849082331121365,,
5959,,23,0.9790895627754688,,
5960,,23,1.0389157821830677,,
5961,,23,0.660488786834216,,
5962,,23,0.6068319878095769,,
5963,,23,1.021242442927711,,
5964,,23,0.688099356349608,,
5965,,23,0.637107470360283,,
5966,,23,0.7495633103262437,,
5967,,23,0.8016060006338767,,
5968,,23,1.1018922014839598,,
5969,,23,0.6489248660133786,,
5970,,23,0.6906592192676856,,
5971,,23,0.688557205836125,,
5972,,23,1.1547300378927934,,
5973,,23,0.8190228191046428,,
5974,,23,0.8347049679664835,,
5975,,23,0.8078677079861675,,
5976,,23,0.8977975310269889,,
5977,,23,0.8269843712842333,,
5978,,23,0.5518427117583445,,
5979,,23,0.639056180067366,,
5980,,23,0.8505839117843692,,
5981,,23,0.6416681991122541,,
5982,,23,1.077485515214267,,
5983,,23,0.7975754307038021,,
5984,,23,0.9030821260256993,,
5985,,23,0.7763387080738126,,
5986,,23,0.7369330556233306,,
5987,,23,0.5513297105435773,,
5988,,23,0.7844606913160451,,
5989,,23,0.7595547957533464,,
5990,,23,0.8364613753979914,,
5991,,23,0.848341077248303,,
5992,,23,0.8658478659587088,,
5993,,23,0.8830821266646188,,
5994,,23,0.9216360911410177,,
5995,,23,0.6521394383160117,,
5996,,23,0.8876328039742785,,
5997,,23,0.9023366800192905,,
5998,,23,0.6053208338302732,,
5999,,23,0.8757399842941976,,
6000,,23,0.6788975229699427,,
6001,,23,0.7019433321760685,,
6002,,23,0.960229934581317,,
6003,,23,0.6540450560387356,,
6004,,23,1.0957565842959678,,
6005,,23,0.865766922927235,,
6006,,23,0.8110653930164489,,
6007,,23,0.7197481504918035,,
6008,,23,0.8373345861095871,,
6009,,23,0.6833941213563026,,
6010,,23,0.6627585318707537,,
6011,,23,1.1059674310141174,,
6012,,23,0.7335534035686458,,
6013,,23,0.6111422459392745,,
6014,,23,0.6423361783004266,,
6015,,23,0.7121991002034911,,
6016,,23,0.9220993713544641,,
6017,,23,0.7228055665228977,,
6018,,23,0.7289532440398114,,
6019,,23,1.2299408275922847,,
6020,,23,0.7859014762710542,,
6021,,23,1.0204305503893378,,
6022,,23,1.3239439550900831,,
6023,,23,0.9535760851119697,,
6024,,23,0.8071092472750103,,
6025,,23,0.8767147043590118,,
6026,,23,0.6246976792668948,,
6027,,23,0.754612248288661,,
6028,,23,0.5627428867633966,,
6029,,23,0.9621329101075602,,
6030,,23,0.6246457560891072,,
6031,,23,0.9227794306043036,,
6032,,23,0.7805819514262217,,
6033,,23,1.1511066944974746,,
6034,,23,0.8652053022349038,,
6035,,23,0.6312755429472295,,
6036,,23,0.7605382503588185,,
6037,,23,1.0031136446741908,,
6038,,23,1.0111036668707878,,
6039,,23,0.6060798231092295,,
6040,,23,0.7435939735651695,,
6041,,23,1.1282185584372457,,
6042,,23,0.637431689438755,,
6043,,23,0.8495223963082409,,
6044,,23,0.7049026051380501,,
6045,,23,1.2043044173903437,,
6046,,23,0.868072560039586,,
6047,,23,1.009571069403231,,
6048,,23,0.8359641938103503,,
6049,,23,0.8436995020477004,,
6050,,23,0.8004327793542739,,
6051,,23,0.9088764407238945,,
6052,,23,0.9260768719690652,,
6053,,23,0.8376365723759522,,
6054,,23,1.3073279815486665,,
6055,,23,0.7211972769119559,,
6056,,23,0.7432504081889606,,
6057,,23,0.9600995129254022,,
6058,,23,0.6196900098090043,,
6059,,23,0.9491514238339445,,
6060,,23,0.6826679586439167,,
6061,,23,1.110467441990528,,
6062,,23,1.0648285543886697,,
6063,,23,0.7663895307147317,,
6064,,23,0.7228026338847032,,
6065,,23,1.0825825411464798,,
6066,,23,0.8684928379499761,,
6067,,23,0.7533521705870566,,
6068,,23,0.8050612665681058,,
6069,,23,0.7215327241969863,,
6070,,23,1.0156997069355669,,
