Step,Epoch,Train Loss,Val Loss,Val MSE,Val PSNR
1,0,0.0,0.23147137463092804,0.0,0.0
2,0,0.0,0.48532891273498535,0.0,0.0
3,0,0.7297681570053101,0.48532891273498535,0.0,0.0
3,1,0.7297681570053101,0.48532891273498535,1.4626946449279785,tensor(-1.6515)
4,1,0.37969285249710083,0.48532891273498535,1.4626946449279785,tensor(-1.6515)
5,1,0.215622216463089,0.48532891273498535,1.4626946449279785,tensor(-1.6515)
6,1,0.012642167508602142,0.48532891273498535,1.4626946449279785,tensor(-1.6515)
7,1,0.14095765352249146,0.48532891273498535,1.4626946449279785,tensor(-1.6515)
8,1,1.172452449798584,0.48532891273498535,1.4626946449279785,tensor(-1.6515)
9,1,0.028140880167484283,0.48532891273498535,1.4626946449279785,tensor(-1.6515)
10,1,0.71735018491745,0.48532891273498535,1.4626946449279785,tensor(-1.6515)
11,1,0.21118853986263275,0.48532891273498535,1.4626946449279785,tensor(-1.6515)
12,1,0.18070954084396362,0.48532891273498535,1.4626946449279785,tensor(-1.6515)
13,1,0.09505477547645569,0.48532891273498535,1.4626946449279785,tensor(-1.6515)
14,1,0.013687768951058388,0.48532891273498535,1.4626946449279785,tensor(-1.6515)
15,1,0.03849120810627937,0.48532891273498535,1.4626946449279785,tensor(-1.6515)
16,1,0.570106029510498,0.48532891273498535,1.4626946449279785,tensor(-1.6515)
17,1,0.30550137162208557,0.48532891273498535,1.4626946449279785,tensor(-1.6515)
18,1,0.05283354967832565,0.48532891273498535,1.4626946449279785,tensor(-1.6515)
19,1,0.08106794208288193,0.48532891273498535,1.4626946449279785,tensor(-1.6515)
20,1,0.15964046120643616,0.48532891273498535,1.4626946449279785,tensor(-1.6515)
21,1,0.08527456223964691,0.48532891273498535,1.4626946449279785,tensor(-1.6515)
22,1,0.7534807324409485,0.48532891273498535,1.4626946449279785,tensor(-1.6515)
23,1,0.1562696099281311,0.48532891273498535,1.4626946449279785,tensor(-1.6515)
24,1,0.07332620024681091,0.48532891273498535,1.4626946449279785,tensor(-1.6515)
25,1,0.006310035474598408,0.48532891273498535,1.4626946449279785,tensor(-1.6515)
26,1,0.024732869118452072,0.48532891273498535,1.4626946449279785,tensor(-1.6515)
27,1,0.04021874815225601,0.48532891273498535,1.4626946449279785,tensor(-1.6515)
28,1,0.8168147802352905,0.48532891273498535,1.4626946449279785,tensor(-1.6515)
29,1,0.1774786114692688,0.48532891273498535,1.4626946449279785,tensor(-1.6515)
30,1,0.433230459690094,0.48532891273498535,1.4626946449279785,tensor(-1.6515)
31,1,0.49452900886535645,0.48532891273498535,1.4626946449279785,tensor(-1.6515)
32,1,0.021642325446009636,0.48532891273498535,1.4626946449279785,tensor(-1.6515)
33,1,0.10476508736610413,0.48532891273498535,1.4626946449279785,tensor(-1.6515)
34,1,0.0026130343321710825,0.48532891273498535,1.4626946449279785,tensor(-1.6515)
35,1,0.07015281915664673,0.48532891273498535,1.4626946449279785,tensor(-1.6515)
36,1,0.14191697537899017,0.48532891273498535,1.4626946449279785,tensor(-1.6515)
37,1,0.20004300773143768,0.48532891273498535,1.4626946449279785,tensor(-1.6515)
38,1,0.005615392234176397,0.48532891273498535,1.4626946449279785,tensor(-1.6515)
39,1,0.0669393539428711,0.48532891273498535,1.4626946449279785,tensor(-1.6515)
40,1,0.2929154932498932,0.48532891273498535,1.4626946449279785,tensor(-1.6515)
41,1,0.668634295463562,0.48532891273498535,1.4626946449279785,tensor(-1.6515)
42,1,0.14340528845787048,0.48532891273498535,1.4626946449279785,tensor(-1.6515)
43,1,0.008787205442786217,0.48532891273498535,1.4626946449279785,tensor(-1.6515)
44,1,0.47659027576446533,0.48532891273498535,1.4626946449279785,tensor(-1.6515)
45,1,0.015316973440349102,0.48532891273498535,1.4626946449279785,tensor(-1.6515)
46,1,0.00558583764359355,0.48532891273498535,1.4626946449279785,tensor(-1.6515)
47,1,0.5949695706367493,0.48532891273498535,1.4626946449279785,tensor(-1.6515)
48,1,1.1651430130004883,0.48532891273498535,1.4626946449279785,tensor(-1.6515)
49,1,0.14733749628067017,0.48532891273498535,1.4626946449279785,tensor(-1.6515)
50,1,0.16393131017684937,0.48532891273498535,1.4626946449279785,tensor(-1.6515)
51,1,1.037907600402832,0.48532891273498535,1.4626946449279785,tensor(-1.6515)
52,1,0.020314935594797134,0.48532891273498535,1.4626946449279785,tensor(-1.6515)
53,1,0.027584653347730637,0.48532891273498535,1.4626946449279785,tensor(-1.6515)
54,1,0.032750003039836884,0.48532891273498535,1.4626946449279785,tensor(-1.6515)
55,1,0.008098072372376919,0.48532891273498535,1.4626946449279785,tensor(-1.6515)
56,1,0.1752467006444931,0.48532891273498535,1.4626946449279785,tensor(-1.6515)
57,1,0.022538449615240097,0.48532891273498535,1.4626946449279785,tensor(-1.6515)
58,1,0.015855152159929276,0.48532891273498535,1.4626946449279785,tensor(-1.6515)
59,1,0.08503475785255432,0.48532891273498535,1.4626946449279785,tensor(-1.6515)
60,1,0.1016433984041214,0.48532891273498535,1.4626946449279785,tensor(-1.6515)
61,1,0.5130171775817871,0.48532891273498535,1.4626946449279785,tensor(-1.6515)
62,1,0.012968797236680984,0.48532891273498535,1.4626946449279785,tensor(-1.6515)
63,1,0.02794666960835457,0.48532891273498535,1.4626946449279785,tensor(-1.6515)
64,1,0.2246904969215393,0.48532891273498535,1.4626946449279785,tensor(-1.6515)
65,1,0.43502330780029297,0.48532891273498535,1.4626946449279785,tensor(-1.6515)
66,1,0.03825502097606659,0.48532891273498535,1.4626946449279785,tensor(-1.6515)
67,1,0.1947259157896042,0.48532891273498535,1.4626946449279785,tensor(-1.6515)
68,1,0.34670084714889526,0.48532891273498535,1.4626946449279785,tensor(-1.6515)
69,1,0.01817452721297741,0.48532891273498535,1.4626946449279785,tensor(-1.6515)
70,1,0.28975909948349,0.48532891273498535,1.4626946449279785,tensor(-1.6515)
71,1,0.017563600093126297,0.48532891273498535,1.4626946449279785,tensor(-1.6515)
72,1,0.2726548910140991,0.48532891273498535,1.4626946449279785,tensor(-1.6515)
73,1,0.07901406288146973,0.48532891273498535,1.4626946449279785,tensor(-1.6515)
74,1,0.05439002811908722,0.48532891273498535,1.4626946449279785,tensor(-1.6515)
75,1,0.07101844251155853,0.48532891273498535,1.4626946449279785,tensor(-1.6515)
76,1,0.38266199827194214,0.48532891273498535,1.4626946449279785,tensor(-1.6515)
77,1,0.3219497799873352,0.48532891273498535,1.4626946449279785,tensor(-1.6515)
78,1,0.031897932291030884,0.48532891273498535,1.4626946449279785,tensor(-1.6515)
79,1,0.09614378213882446,0.48532891273498535,1.4626946449279785,tensor(-1.6515)
80,1,0.5181792974472046,0.48532891273498535,1.4626946449279785,tensor(-1.6515)
81,1,0.039255086332559586,0.48532891273498535,1.4626946449279785,tensor(-1.6515)
82,1,0.09064528346061707,0.48532891273498535,1.4626946449279785,tensor(-1.6515)
83,1,0.15521609783172607,0.48532891273498535,1.4626946449279785,tensor(-1.6515)
84,1,0.12014804780483246,0.48532891273498535,1.4626946449279785,tensor(-1.6515)
85,1,0.23665356636047363,0.48532891273498535,1.4626946449279785,tensor(-1.6515)
86,1,0.05692623555660248,0.48532891273498535,1.4626946449279785,tensor(-1.6515)
87,1,0.3528532385826111,0.48532891273498535,1.4626946449279785,tensor(-1.6515)
88,1,0.01734050177037716,0.48532891273498535,1.4626946449279785,tensor(-1.6515)
89,1,0.07135607302188873,0.48532891273498535,1.4626946449279785,tensor(-1.6515)
90,1,0.43575674295425415,0.48532891273498535,1.4626946449279785,tensor(-1.6515)
91,1,0.005900578573346138,0.48532891273498535,1.4626946449279785,tensor(-1.6515)
92,1,0.5327504277229309,0.48532891273498535,1.4626946449279785,tensor(-1.6515)
93,1,0.011735482141375542,0.48532891273498535,1.4626946449279785,tensor(-1.6515)
94,1,0.017769135534763336,0.48532891273498535,1.4626946449279785,tensor(-1.6515)
95,1,0.005114336498081684,0.48532891273498535,1.4626946449279785,tensor(-1.6515)
96,1,0.12842582166194916,0.48532891273498535,1.4626946449279785,tensor(-1.6515)
97,1,0.1437532603740692,0.48532891273498535,1.4626946449279785,tensor(-1.6515)
98,1,0.05888955667614937,0.48532891273498535,1.4626946449279785,tensor(-1.6515)
99,1,0.02838468924164772,0.48532891273498535,1.4626946449279785,tensor(-1.6515)
100,1,0.007862444967031479,0.48532891273498535,1.4626946449279785,tensor(-1.6515)
101,1,0.1448689103126526,0.48532891273498535,1.4626946449279785,tensor(-1.6515)
102,1,0.005302470177412033,0.48532891273498535,1.4626946449279785,tensor(-1.6515)
103,1,0.005302470177412033,0.10363180935382843,1.4626946449279785,tensor(-1.6515)
104,1,0.005302470177412033,0.050378285348415375,1.4626946449279785,tensor(-1.6515)
105,1,0.06181725859642029,0.050378285348415375,1.4626946449279785,tensor(-1.6515)
105,2,0.06181725859642029,0.050378285348415375,0.12117034196853638,tensor(9.1660)
106,2,0.38819611072540283,0.050378285348415375,0.12117034196853638,tensor(9.1660)
107,2,0.009206104092299938,0.050378285348415375,0.12117034196853638,tensor(9.1660)
108,2,0.2633949816226959,0.050378285348415375,0.12117034196853638,tensor(9.1660)
109,2,0.00979052484035492,0.050378285348415375,0.12117034196853638,tensor(9.1660)
110,2,0.8136345744132996,0.050378285348415375,0.12117034196853638,tensor(9.1660)
111,2,0.21051917970180511,0.050378285348415375,0.12117034196853638,tensor(9.1660)
112,2,0.0071747698821127415,0.050378285348415375,0.12117034196853638,tensor(9.1660)
113,2,0.0885629653930664,0.050378285348415375,0.12117034196853638,tensor(9.1660)
114,2,0.2535091042518616,0.050378285348415375,0.12117034196853638,tensor(9.1660)
115,2,0.16727125644683838,0.050378285348415375,0.12117034196853638,tensor(9.1660)
116,2,0.007971417158842087,0.050378285348415375,0.12117034196853638,tensor(9.1660)
117,2,0.011498706415295601,0.050378285348415375,0.12117034196853638,tensor(9.1660)
118,2,0.015418412163853645,0.050378285348415375,0.12117034196853638,tensor(9.1660)
119,2,0.06024957448244095,0.050378285348415375,0.12117034196853638,tensor(9.1660)
120,2,0.4655788540840149,0.050378285348415375,0.12117034196853638,tensor(9.1660)
121,2,0.24430565536022186,0.050378285348415375,0.12117034196853638,tensor(9.1660)
122,2,0.10632380098104477,0.050378285348415375,0.12117034196853638,tensor(9.1660)
123,2,0.5658730864524841,0.050378285348415375,0.12117034196853638,tensor(9.1660)
124,2,0.5685276985168457,0.050378285348415375,0.12117034196853638,tensor(9.1660)
125,2,0.3421228229999542,0.050378285348415375,0.12117034196853638,tensor(9.1660)
126,2,0.17536503076553345,0.050378285348415375,0.12117034196853638,tensor(9.1660)
127,2,0.09521260857582092,0.050378285348415375,0.12117034196853638,tensor(9.1660)
128,2,0.0319778174161911,0.050378285348415375,0.12117034196853638,tensor(9.1660)
129,2,0.034482456743717194,0.050378285348415375,0.12117034196853638,tensor(9.1660)
130,2,0.4396175146102905,0.050378285348415375,0.12117034196853638,tensor(9.1660)
131,2,0.049609921872615814,0.050378285348415375,0.12117034196853638,tensor(9.1660)
132,2,0.12434025853872299,0.050378285348415375,0.12117034196853638,tensor(9.1660)
133,2,0.015641488134860992,0.050378285348415375,0.12117034196853638,tensor(9.1660)
134,2,0.00963809248059988,0.050378285348415375,0.12117034196853638,tensor(9.1660)
135,2,0.010794216766953468,0.050378285348415375,0.12117034196853638,tensor(9.1660)
136,2,0.00872059166431427,0.050378285348415375,0.12117034196853638,tensor(9.1660)
137,2,0.24190554022789001,0.050378285348415375,0.12117034196853638,tensor(9.1660)
138,2,0.03157734498381615,0.050378285348415375,0.12117034196853638,tensor(9.1660)
139,2,0.7218145132064819,0.050378285348415375,0.12117034196853638,tensor(9.1660)
140,2,0.11307687312364578,0.050378285348415375,0.12117034196853638,tensor(9.1660)
141,2,0.05326313525438309,0.050378285348415375,0.12117034196853638,tensor(9.1660)
142,2,0.0069050113670527935,0.050378285348415375,0.12117034196853638,tensor(9.1660)
143,2,0.312879353761673,0.050378285348415375,0.12117034196853638,tensor(9.1660)
144,2,0.18894335627555847,0.050378285348415375,0.12117034196853638,tensor(9.1660)
145,2,0.01514882780611515,0.050378285348415375,0.12117034196853638,tensor(9.1660)
146,2,0.027470745146274567,0.050378285348415375,0.12117034196853638,tensor(9.1660)
147,2,0.005609909538179636,0.050378285348415375,0.12117034196853638,tensor(9.1660)
148,2,0.2614423632621765,0.050378285348415375,0.12117034196853638,tensor(9.1660)
149,2,0.8306276798248291,0.050378285348415375,0.12117034196853638,tensor(9.1660)
150,2,1.062570571899414,0.050378285348415375,0.12117034196853638,tensor(9.1660)
151,2,0.049139589071273804,0.050378285348415375,0.12117034196853638,tensor(9.1660)
152,2,0.0105572659522295,0.050378285348415375,0.12117034196853638,tensor(9.1660)
153,2,0.09226755797863007,0.050378285348415375,0.12117034196853638,tensor(9.1660)
154,2,0.010164850391447544,0.050378285348415375,0.12117034196853638,tensor(9.1660)
155,2,0.3801102042198181,0.050378285348415375,0.12117034196853638,tensor(9.1660)
156,2,0.015060053206980228,0.050378285348415375,0.12117034196853638,tensor(9.1660)
157,2,0.01100833434611559,0.050378285348415375,0.12117034196853638,tensor(9.1660)
158,2,0.09940219670534134,0.050378285348415375,0.12117034196853638,tensor(9.1660)
159,2,0.02112465165555477,0.050378285348415375,0.12117034196853638,tensor(9.1660)
160,2,0.19297310709953308,0.050378285348415375,0.12117034196853638,tensor(9.1660)
161,2,0.1742100715637207,0.050378285348415375,0.12117034196853638,tensor(9.1660)
162,2,0.1636136770248413,0.050378285348415375,0.12117034196853638,tensor(9.1660)
163,2,0.22423407435417175,0.050378285348415375,0.12117034196853638,tensor(9.1660)
164,2,0.03141456097364426,0.050378285348415375,0.12117034196853638,tensor(9.1660)
165,2,0.06547627598047256,0.050378285348415375,0.12117034196853638,tensor(9.1660)
166,2,0.614545464515686,0.050378285348415375,0.12117034196853638,tensor(9.1660)
167,2,0.1305983066558838,0.050378285348415375,0.12117034196853638,tensor(9.1660)
168,2,0.10433128476142883,0.050378285348415375,0.12117034196853638,tensor(9.1660)
169,2,0.013852734118700027,0.050378285348415375,0.12117034196853638,tensor(9.1660)
170,2,0.006041279062628746,0.050378285348415375,0.12117034196853638,tensor(9.1660)
171,2,0.02363787218928337,0.050378285348415375,0.12117034196853638,tensor(9.1660)
172,2,0.005928377620875835,0.050378285348415375,0.12117034196853638,tensor(9.1660)
173,2,0.008859467692673206,0.050378285348415375,0.12117034196853638,tensor(9.1660)
174,2,0.019305285066366196,0.050378285348415375,0.12117034196853638,tensor(9.1660)
175,2,0.022709302604198456,0.050378285348415375,0.12117034196853638,tensor(9.1660)
176,2,0.12193676084280014,0.050378285348415375,0.12117034196853638,tensor(9.1660)
177,2,0.46056240797042847,0.050378285348415375,0.12117034196853638,tensor(9.1660)
178,2,0.006142742466181517,0.050378285348415375,0.12117034196853638,tensor(9.1660)
179,2,0.07687677443027496,0.050378285348415375,0.12117034196853638,tensor(9.1660)
180,2,0.20007306337356567,0.050378285348415375,0.12117034196853638,tensor(9.1660)
181,2,0.018179848790168762,0.050378285348415375,0.12117034196853638,tensor(9.1660)
182,2,0.28825244307518005,0.050378285348415375,0.12117034196853638,tensor(9.1660)
183,2,0.2207060158252716,0.050378285348415375,0.12117034196853638,tensor(9.1660)
184,2,0.04673942178487778,0.050378285348415375,0.12117034196853638,tensor(9.1660)
185,2,0.010016720741987228,0.050378285348415375,0.12117034196853638,tensor(9.1660)
186,2,0.11024145781993866,0.050378285348415375,0.12117034196853638,tensor(9.1660)
187,2,0.005588300060480833,0.050378285348415375,0.12117034196853638,tensor(9.1660)
188,2,0.2703483998775482,0.050378285348415375,0.12117034196853638,tensor(9.1660)
189,2,0.047329116612672806,0.050378285348415375,0.12117034196853638,tensor(9.1660)
190,2,0.36985597014427185,0.050378285348415375,0.12117034196853638,tensor(9.1660)
191,2,0.1793038696050644,0.050378285348415375,0.12117034196853638,tensor(9.1660)
192,2,0.041454240679740906,0.050378285348415375,0.12117034196853638,tensor(9.1660)
193,2,0.012820393778383732,0.050378285348415375,0.12117034196853638,tensor(9.1660)
194,2,0.3400433659553528,0.050378285348415375,0.12117034196853638,tensor(9.1660)
195,2,0.4848274886608124,0.050378285348415375,0.12117034196853638,tensor(9.1660)
196,2,0.002462690928950906,0.050378285348415375,0.12117034196853638,tensor(9.1660)
197,2,0.057455819100141525,0.050378285348415375,0.12117034196853638,tensor(9.1660)
198,2,0.07018227875232697,0.050378285348415375,0.12117034196853638,tensor(9.1660)
199,2,0.031889013946056366,0.050378285348415375,0.12117034196853638,tensor(9.1660)
200,2,0.2664215862751007,0.050378285348415375,0.12117034196853638,tensor(9.1660)
201,2,0.5086947083473206,0.050378285348415375,0.12117034196853638,tensor(9.1660)
202,2,0.2497483342885971,0.050378285348415375,0.12117034196853638,tensor(9.1660)
203,2,0.4890630841255188,0.050378285348415375,0.12117034196853638,tensor(9.1660)
204,2,0.3761969208717346,0.050378285348415375,0.12117034196853638,tensor(9.1660)
205,2,0.3761969208717346,0.018097272142767906,0.12117034196853638,tensor(9.1660)
206,2,0.3761969208717346,0.41727983951568604,0.12117034196853638,tensor(9.1660)
207,2,0.05876645818352699,0.41727983951568604,0.12117034196853638,tensor(9.1660)
207,3,0.05876645818352699,0.41727983951568604,0.3565307557582855,tensor(4.4790)
208,3,0.002608736976981163,0.41727983951568604,0.3565307557582855,tensor(4.4790)
209,3,0.4439643621444702,0.41727983951568604,0.3565307557582855,tensor(4.4790)
210,3,0.0050608497112989426,0.41727983951568604,0.3565307557582855,tensor(4.4790)
211,3,0.0409151092171669,0.41727983951568604,0.3565307557582855,tensor(4.4790)
212,3,0.011433757841587067,0.41727983951568604,0.3565307557582855,tensor(4.4790)
213,3,0.009874989278614521,0.41727983951568604,0.3565307557582855,tensor(4.4790)
214,3,0.019012128934264183,0.41727983951568604,0.3565307557582855,tensor(4.4790)
215,3,0.6684924364089966,0.41727983951568604,0.3565307557582855,tensor(4.4790)
216,3,0.003283996134996414,0.41727983951568604,0.3565307557582855,tensor(4.4790)
217,3,0.07190916687250137,0.41727983951568604,0.3565307557582855,tensor(4.4790)
218,3,0.01123210322111845,0.41727983951568604,0.3565307557582855,tensor(4.4790)
219,3,0.013891361653804779,0.41727983951568604,0.3565307557582855,tensor(4.4790)
220,3,0.023124653846025467,0.41727983951568604,0.3565307557582855,tensor(4.4790)
221,3,0.10597635060548782,0.41727983951568604,0.3565307557582855,tensor(4.4790)
222,3,0.004497332498431206,0.41727983951568604,0.3565307557582855,tensor(4.4790)
223,3,0.012270273640751839,0.41727983951568604,0.3565307557582855,tensor(4.4790)
224,3,0.046390701085329056,0.41727983951568604,0.3565307557582855,tensor(4.4790)
225,3,0.39601221680641174,0.41727983951568604,0.3565307557582855,tensor(4.4790)
226,3,0.2052183449268341,0.41727983951568604,0.3565307557582855,tensor(4.4790)
227,3,0.06283719837665558,0.41727983951568604,0.3565307557582855,tensor(4.4790)
228,3,0.006455942988395691,0.41727983951568604,0.3565307557582855,tensor(4.4790)
229,3,0.13009919226169586,0.41727983951568604,0.3565307557582855,tensor(4.4790)
230,3,0.02004310116171837,0.41727983951568604,0.3565307557582855,tensor(4.4790)
231,3,0.006254484876990318,0.41727983951568604,0.3565307557582855,tensor(4.4790)
232,3,0.18018294870853424,0.41727983951568604,0.3565307557582855,tensor(4.4790)
233,3,0.04586419835686684,0.41727983951568604,0.3565307557582855,tensor(4.4790)
234,3,0.011654515750706196,0.41727983951568604,0.3565307557582855,tensor(4.4790)
235,3,0.21119894087314606,0.41727983951568604,0.3565307557582855,tensor(4.4790)
236,3,0.020382944494485855,0.41727983951568604,0.3565307557582855,tensor(4.4790)
237,3,0.03074313886463642,0.41727983951568604,0.3565307557582855,tensor(4.4790)
238,3,0.012000802904367447,0.41727983951568604,0.3565307557582855,tensor(4.4790)
239,3,0.15550866723060608,0.41727983951568604,0.3565307557582855,tensor(4.4790)
240,3,0.2212996482849121,0.41727983951568604,0.3565307557582855,tensor(4.4790)
241,3,0.22927546501159668,0.41727983951568604,0.3565307557582855,tensor(4.4790)
242,3,0.05499643832445145,0.41727983951568604,0.3565307557582855,tensor(4.4790)
243,3,0.02662072516977787,0.41727983951568604,0.3565307557582855,tensor(4.4790)
244,3,0.07532474398612976,0.41727983951568604,0.3565307557582855,tensor(4.4790)
245,3,0.1345478892326355,0.41727983951568604,0.3565307557582855,tensor(4.4790)
246,3,0.012138767167925835,0.41727983951568604,0.3565307557582855,tensor(4.4790)
247,3,0.05548630282282829,0.41727983951568604,0.3565307557582855,tensor(4.4790)
248,3,0.6136274337768555,0.41727983951568604,0.3565307557582855,tensor(4.4790)
249,3,0.00901960488408804,0.41727983951568604,0.3565307557582855,tensor(4.4790)
250,3,0.06555455178022385,0.41727983951568604,0.3565307557582855,tensor(4.4790)
251,3,0.007778649218380451,0.41727983951568604,0.3565307557582855,tensor(4.4790)
252,3,0.3001498579978943,0.41727983951568604,0.3565307557582855,tensor(4.4790)
253,3,0.010409397073090076,0.41727983951568604,0.3565307557582855,tensor(4.4790)
254,3,0.055168330669403076,0.41727983951568604,0.3565307557582855,tensor(4.4790)
255,3,0.01573670096695423,0.41727983951568604,0.3565307557582855,tensor(4.4790)
256,3,0.20392367243766785,0.41727983951568604,0.3565307557582855,tensor(4.4790)
257,3,0.684645414352417,0.41727983951568604,0.3565307557582855,tensor(4.4790)
258,3,0.1488611102104187,0.41727983951568604,0.3565307557582855,tensor(4.4790)
259,3,0.016176046803593636,0.41727983951568604,0.3565307557582855,tensor(4.4790)
260,3,0.08715811371803284,0.41727983951568604,0.3565307557582855,tensor(4.4790)
261,3,0.11068908870220184,0.41727983951568604,0.3565307557582855,tensor(4.4790)
262,3,0.36453482508659363,0.41727983951568604,0.3565307557582855,tensor(4.4790)
263,3,0.1925765722990036,0.41727983951568604,0.3565307557582855,tensor(4.4790)
264,3,0.07665173709392548,0.41727983951568604,0.3565307557582855,tensor(4.4790)
265,3,0.04562782868742943,0.41727983951568604,0.3565307557582855,tensor(4.4790)
266,3,0.008198651485145092,0.41727983951568604,0.3565307557582855,tensor(4.4790)
267,3,0.029699942097067833,0.41727983951568604,0.3565307557582855,tensor(4.4790)
268,3,0.24796035885810852,0.41727983951568604,0.3565307557582855,tensor(4.4790)
269,3,0.4238015413284302,0.41727983951568604,0.3565307557582855,tensor(4.4790)
270,3,0.15056413412094116,0.41727983951568604,0.3565307557582855,tensor(4.4790)
271,3,0.007966972887516022,0.41727983951568604,0.3565307557582855,tensor(4.4790)
272,3,0.2253028154373169,0.41727983951568604,0.3565307557582855,tensor(4.4790)
273,3,0.6255640983581543,0.41727983951568604,0.3565307557582855,tensor(4.4790)
274,3,0.006609405856579542,0.41727983951568604,0.3565307557582855,tensor(4.4790)
275,3,0.4425303041934967,0.41727983951568604,0.3565307557582855,tensor(4.4790)
276,3,0.007662530522793531,0.41727983951568604,0.3565307557582855,tensor(4.4790)
277,3,0.3024492859840393,0.41727983951568604,0.3565307557582855,tensor(4.4790)
278,3,0.033217571675777435,0.41727983951568604,0.3565307557582855,tensor(4.4790)
279,3,0.2080509513616562,0.41727983951568604,0.3565307557582855,tensor(4.4790)
280,3,0.013078182004392147,0.41727983951568604,0.3565307557582855,tensor(4.4790)
281,3,0.2925204634666443,0.41727983951568604,0.3565307557582855,tensor(4.4790)
282,3,0.003798634745180607,0.41727983951568604,0.3565307557582855,tensor(4.4790)
283,3,0.05384993925690651,0.41727983951568604,0.3565307557582855,tensor(4.4790)
284,3,0.011917589232325554,0.41727983951568604,0.3565307557582855,tensor(4.4790)
285,3,0.00970418006181717,0.41727983951568604,0.3565307557582855,tensor(4.4790)
286,3,0.3445652425289154,0.41727983951568604,0.3565307557582855,tensor(4.4790)
287,3,0.9484834671020508,0.41727983951568604,0.3565307557582855,tensor(4.4790)
288,3,0.04123347997665405,0.41727983951568604,0.3565307557582855,tensor(4.4790)
289,3,0.3274037837982178,0.41727983951568604,0.3565307557582855,tensor(4.4790)
290,3,0.10891817510128021,0.41727983951568604,0.3565307557582855,tensor(4.4790)
291,3,0.010035945102572441,0.41727983951568604,0.3565307557582855,tensor(4.4790)
292,3,0.1499747931957245,0.41727983951568604,0.3565307557582855,tensor(4.4790)
293,3,0.007314370479434729,0.41727983951568604,0.3565307557582855,tensor(4.4790)
294,3,0.007093857973814011,0.41727983951568604,0.3565307557582855,tensor(4.4790)
295,3,0.17606177926063538,0.41727983951568604,0.3565307557582855,tensor(4.4790)
296,3,0.006075677461922169,0.41727983951568604,0.3565307557582855,tensor(4.4790)
297,3,0.21391241252422333,0.41727983951568604,0.3565307557582855,tensor(4.4790)
298,3,0.010883152484893799,0.41727983951568604,0.3565307557582855,tensor(4.4790)
299,3,0.2630566358566284,0.41727983951568604,0.3565307557582855,tensor(4.4790)
300,3,0.03837253153324127,0.41727983951568604,0.3565307557582855,tensor(4.4790)
301,3,0.021138258278369904,0.41727983951568604,0.3565307557582855,tensor(4.4790)
302,3,0.00889062974601984,0.41727983951568604,0.3565307557582855,tensor(4.4790)
303,3,0.38874393701553345,0.41727983951568604,0.3565307557582855,tensor(4.4790)
304,3,0.07302248477935791,0.41727983951568604,0.3565307557582855,tensor(4.4790)
305,3,0.04117916524410248,0.41727983951568604,0.3565307557582855,tensor(4.4790)
306,3,0.2661917209625244,0.41727983951568604,0.3565307557582855,tensor(4.4790)
307,3,0.2661917209625244,0.48039349913597107,0.3565307557582855,tensor(4.4790)
308,3,0.2661917209625244,0.03158228471875191,0.3565307557582855,tensor(4.4790)
309,3,0.006039012223482132,0.03158228471875191,0.3565307557582855,tensor(4.4790)
309,4,0.006039012223482132,0.03158228471875191,0.2875528037548065,tensor(5.4128)
310,4,0.036491766571998596,0.03158228471875191,0.2875528037548065,tensor(5.4128)
311,4,0.005490179173648357,0.03158228471875191,0.2875528037548065,tensor(5.4128)
312,4,0.15719662606716156,0.03158228471875191,0.2875528037548065,tensor(5.4128)
313,4,0.19526731967926025,0.03158228471875191,0.2875528037548065,tensor(5.4128)
314,4,0.019495582208037376,0.03158228471875191,0.2875528037548065,tensor(5.4128)
315,4,0.014751776121556759,0.03158228471875191,0.2875528037548065,tensor(5.4128)
316,4,0.020319700241088867,0.03158228471875191,0.2875528037548065,tensor(5.4128)
317,4,0.888960599899292,0.03158228471875191,0.2875528037548065,tensor(5.4128)
318,4,0.20176325738430023,0.03158228471875191,0.2875528037548065,tensor(5.4128)
319,4,0.1267831176519394,0.03158228471875191,0.2875528037548065,tensor(5.4128)
320,4,0.01311722956597805,0.03158228471875191,0.2875528037548065,tensor(5.4128)
321,4,0.07622411847114563,0.03158228471875191,0.2875528037548065,tensor(5.4128)
322,4,0.006776193622499704,0.03158228471875191,0.2875528037548065,tensor(5.4128)
323,4,0.011518639512360096,0.03158228471875191,0.2875528037548065,tensor(5.4128)
324,4,0.05142809823155403,0.03158228471875191,0.2875528037548065,tensor(5.4128)
325,4,0.1975826621055603,0.03158228471875191,0.2875528037548065,tensor(5.4128)
326,4,0.04412607476115227,0.03158228471875191,0.2875528037548065,tensor(5.4128)
327,4,0.0163920558989048,0.03158228471875191,0.2875528037548065,tensor(5.4128)
328,4,0.018716998398303986,0.03158228471875191,0.2875528037548065,tensor(5.4128)
329,4,0.3106147050857544,0.03158228471875191,0.2875528037548065,tensor(5.4128)
330,4,0.008378111757338047,0.03158228471875191,0.2875528037548065,tensor(5.4128)
331,4,0.013660261407494545,0.03158228471875191,0.2875528037548065,tensor(5.4128)
332,4,0.0260030347853899,0.03158228471875191,0.2875528037548065,tensor(5.4128)
333,4,0.0060770041309297085,0.03158228471875191,0.2875528037548065,tensor(5.4128)
334,4,0.022581608965992928,0.03158228471875191,0.2875528037548065,tensor(5.4128)
335,4,0.17828065156936646,0.03158228471875191,0.2875528037548065,tensor(5.4128)
336,4,0.284593403339386,0.03158228471875191,0.2875528037548065,tensor(5.4128)
337,4,0.019737623631954193,0.03158228471875191,0.2875528037548065,tensor(5.4128)
338,4,0.699947714805603,0.03158228471875191,0.2875528037548065,tensor(5.4128)
339,4,0.00683538569137454,0.03158228471875191,0.2875528037548065,tensor(5.4128)
340,4,0.028489533811807632,0.03158228471875191,0.2875528037548065,tensor(5.4128)
341,4,0.09847832471132278,0.03158228471875191,0.2875528037548065,tensor(5.4128)
342,4,0.06336971372365952,0.03158228471875191,0.2875528037548065,tensor(5.4128)
343,4,0.3891519010066986,0.03158228471875191,0.2875528037548065,tensor(5.4128)
344,4,0.03005528822541237,0.03158228471875191,0.2875528037548065,tensor(5.4128)
345,4,0.3383883237838745,0.03158228471875191,0.2875528037548065,tensor(5.4128)
346,4,0.02553465962409973,0.03158228471875191,0.2875528037548065,tensor(5.4128)
347,4,0.07009682059288025,0.03158228471875191,0.2875528037548065,tensor(5.4128)
348,4,0.014644831418991089,0.03158228471875191,0.2875528037548065,tensor(5.4128)
349,4,0.08661101758480072,0.03158228471875191,0.2875528037548065,tensor(5.4128)
350,4,0.006245494354516268,0.03158228471875191,0.2875528037548065,tensor(5.4128)
351,4,0.046671465039253235,0.03158228471875191,0.2875528037548065,tensor(5.4128)
352,4,0.012397831305861473,0.03158228471875191,0.2875528037548065,tensor(5.4128)
353,4,0.27193406224250793,0.03158228471875191,0.2875528037548065,tensor(5.4128)
354,4,0.01436620019376278,0.03158228471875191,0.2875528037548065,tensor(5.4128)
355,4,0.0661008358001709,0.03158228471875191,0.2875528037548065,tensor(5.4128)
356,4,0.011158802546560764,0.03158228471875191,0.2875528037548065,tensor(5.4128)
357,4,0.020594459027051926,0.03158228471875191,0.2875528037548065,tensor(5.4128)
358,4,0.1982012391090393,0.03158228471875191,0.2875528037548065,tensor(5.4128)
359,4,0.023263316601514816,0.03158228471875191,0.2875528037548065,tensor(5.4128)
360,4,0.02119220793247223,0.03158228471875191,0.2875528037548065,tensor(5.4128)
361,4,0.0031337602995336056,0.03158228471875191,0.2875528037548065,tensor(5.4128)
362,4,0.7722195386886597,0.03158228471875191,0.2875528037548065,tensor(5.4128)
363,4,0.16172558069229126,0.03158228471875191,0.2875528037548065,tensor(5.4128)
364,4,0.010848894715309143,0.03158228471875191,0.2875528037548065,tensor(5.4128)
365,4,0.1601954698562622,0.03158228471875191,0.2875528037548065,tensor(5.4128)
366,4,0.02998633123934269,0.03158228471875191,0.2875528037548065,tensor(5.4128)
367,4,0.021091893315315247,0.03158228471875191,0.2875528037548065,tensor(5.4128)
368,4,0.5489024519920349,0.03158228471875191,0.2875528037548065,tensor(5.4128)
369,4,0.1329992711544037,0.03158228471875191,0.2875528037548065,tensor(5.4128)
370,4,0.04241140931844711,0.03158228471875191,0.2875528037548065,tensor(5.4128)
371,4,0.23306933045387268,0.03158228471875191,0.2875528037548065,tensor(5.4128)
372,4,0.06375528872013092,0.03158228471875191,0.2875528037548065,tensor(5.4128)
373,4,0.059508658945560455,0.03158228471875191,0.2875528037548065,tensor(5.4128)
374,4,0.021316267549991608,0.03158228471875191,0.2875528037548065,tensor(5.4128)
375,4,0.1437883973121643,0.03158228471875191,0.2875528037548065,tensor(5.4128)
376,4,0.08193162083625793,0.03158228471875191,0.2875528037548065,tensor(5.4128)
377,4,0.15238863229751587,0.03158228471875191,0.2875528037548065,tensor(5.4128)
378,4,0.012493469752371311,0.03158228471875191,0.2875528037548065,tensor(5.4128)
379,4,0.03510736674070358,0.03158228471875191,0.2875528037548065,tensor(5.4128)
380,4,0.03787326067686081,0.03158228471875191,0.2875528037548065,tensor(5.4128)
381,4,0.15374162793159485,0.03158228471875191,0.2875528037548065,tensor(5.4128)
382,4,0.043492477387189865,0.03158228471875191,0.2875528037548065,tensor(5.4128)
383,4,0.020511509850621223,0.03158228471875191,0.2875528037548065,tensor(5.4128)
384,4,0.09465712308883667,0.03158228471875191,0.2875528037548065,tensor(5.4128)
385,4,0.08257897198200226,0.03158228471875191,0.2875528037548065,tensor(5.4128)
386,4,0.24894580245018005,0.03158228471875191,0.2875528037548065,tensor(5.4128)
387,4,0.0488545298576355,0.03158228471875191,0.2875528037548065,tensor(5.4128)
388,4,0.42888104915618896,0.03158228471875191,0.2875528037548065,tensor(5.4128)
389,4,0.06244157999753952,0.03158228471875191,0.2875528037548065,tensor(5.4128)
390,4,0.031434644013643265,0.03158228471875191,0.2875528037548065,tensor(5.4128)
391,4,0.14905774593353271,0.03158228471875191,0.2875528037548065,tensor(5.4128)
392,4,0.03371564298868179,0.03158228471875191,0.2875528037548065,tensor(5.4128)
393,4,0.05179402977228165,0.03158228471875191,0.2875528037548065,tensor(5.4128)
394,4,0.32280233502388,0.03158228471875191,0.2875528037548065,tensor(5.4128)
395,4,0.45034557580947876,0.03158228471875191,0.2875528037548065,tensor(5.4128)
396,4,0.3751058280467987,0.03158228471875191,0.2875528037548065,tensor(5.4128)
397,4,0.2833215892314911,0.03158228471875191,0.2875528037548065,tensor(5.4128)
398,4,0.010659897699952126,0.03158228471875191,0.2875528037548065,tensor(5.4128)
399,4,0.3080177903175354,0.03158228471875191,0.2875528037548065,tensor(5.4128)
400,4,0.018098071217536926,0.03158228471875191,0.2875528037548065,tensor(5.4128)
401,4,0.022111278027296066,0.03158228471875191,0.2875528037548065,tensor(5.4128)
402,4,0.026397448033094406,0.03158228471875191,0.2875528037548065,tensor(5.4128)
403,4,0.030361372977495193,0.03158228471875191,0.2875528037548065,tensor(5.4128)
404,4,0.04848402366042137,0.03158228471875191,0.2875528037548065,tensor(5.4128)
405,4,0.010194581001996994,0.03158228471875191,0.2875528037548065,tensor(5.4128)
406,4,0.007515833247452974,0.03158228471875191,0.2875528037548065,tensor(5.4128)
407,4,0.009965234436094761,0.03158228471875191,0.2875528037548065,tensor(5.4128)
408,4,0.26682454347610474,0.03158228471875191,0.2875528037548065,tensor(5.4128)
409,4,0.26682454347610474,0.017832830548286438,0.2875528037548065,tensor(5.4128)
410,4,0.26682454347610474,0.6566176414489746,0.2875528037548065,tensor(5.4128)
411,4,0.004570787772536278,0.6566176414489746,0.2875528037548065,tensor(5.4128)
411,5,0.004570787772536278,0.6566176414489746,0.08265815675258636,tensor(10.8271)
412,5,0.026312358677387238,0.6566176414489746,0.08265815675258636,tensor(10.8271)
413,5,0.1791161149740219,0.6566176414489746,0.08265815675258636,tensor(10.8271)
414,5,0.006261766888201237,0.6566176414489746,0.08265815675258636,tensor(10.8271)
415,5,0.0388040654361248,0.6566176414489746,0.08265815675258636,tensor(10.8271)
416,5,0.16434675455093384,0.6566176414489746,0.08265815675258636,tensor(10.8271)
417,5,0.4030461311340332,0.6566176414489746,0.08265815675258636,tensor(10.8271)
418,5,0.03419448435306549,0.6566176414489746,0.08265815675258636,tensor(10.8271)
419,5,0.0308484248816967,0.6566176414489746,0.08265815675258636,tensor(10.8271)
420,5,0.06727923452854156,0.6566176414489746,0.08265815675258636,tensor(10.8271)
421,5,0.547772228717804,0.6566176414489746,0.08265815675258636,tensor(10.8271)
422,5,0.04610225558280945,0.6566176414489746,0.08265815675258636,tensor(10.8271)
423,5,0.006392717827111483,0.6566176414489746,0.08265815675258636,tensor(10.8271)
424,5,0.021192368119955063,0.6566176414489746,0.08265815675258636,tensor(10.8271)
425,5,0.43809837102890015,0.6566176414489746,0.08265815675258636,tensor(10.8271)
426,5,0.010199833661317825,0.6566176414489746,0.08265815675258636,tensor(10.8271)
427,5,0.25357288122177124,0.6566176414489746,0.08265815675258636,tensor(10.8271)
428,5,0.04910622537136078,0.6566176414489746,0.08265815675258636,tensor(10.8271)
429,5,0.17034149169921875,0.6566176414489746,0.08265815675258636,tensor(10.8271)
430,5,0.1723143458366394,0.6566176414489746,0.08265815675258636,tensor(10.8271)
431,5,0.10537922382354736,0.6566176414489746,0.08265815675258636,tensor(10.8271)
432,5,0.03203004226088524,0.6566176414489746,0.08265815675258636,tensor(10.8271)
433,5,0.11427061259746552,0.6566176414489746,0.08265815675258636,tensor(10.8271)
434,5,0.04430115222930908,0.6566176414489746,0.08265815675258636,tensor(10.8271)
435,5,0.12396211922168732,0.6566176414489746,0.08265815675258636,tensor(10.8271)
436,5,0.6194823980331421,0.6566176414489746,0.08265815675258636,tensor(10.8271)
437,5,0.01646450161933899,0.6566176414489746,0.08265815675258636,tensor(10.8271)
438,5,0.003476708196103573,0.6566176414489746,0.08265815675258636,tensor(10.8271)
439,5,0.022899912670254707,0.6566176414489746,0.08265815675258636,tensor(10.8271)
440,5,0.336414098739624,0.6566176414489746,0.08265815675258636,tensor(10.8271)
441,5,0.02297675982117653,0.6566176414489746,0.08265815675258636,tensor(10.8271)
442,5,0.12062286585569382,0.6566176414489746,0.08265815675258636,tensor(10.8271)
443,5,0.17448759078979492,0.6566176414489746,0.08265815675258636,tensor(10.8271)
444,5,0.00582665903493762,0.6566176414489746,0.08265815675258636,tensor(10.8271)
445,5,0.23346351087093353,0.6566176414489746,0.08265815675258636,tensor(10.8271)
446,5,0.004799713380634785,0.6566176414489746,0.08265815675258636,tensor(10.8271)
447,5,0.09970018267631531,0.6566176414489746,0.08265815675258636,tensor(10.8271)
448,5,0.21614503860473633,0.6566176414489746,0.08265815675258636,tensor(10.8271)
449,5,0.2969938814640045,0.6566176414489746,0.08265815675258636,tensor(10.8271)
450,5,0.014555835165083408,0.6566176414489746,0.08265815675258636,tensor(10.8271)
451,5,0.00834769755601883,0.6566176414489746,0.08265815675258636,tensor(10.8271)
452,5,0.00922712404280901,0.6566176414489746,0.08265815675258636,tensor(10.8271)
453,5,0.006019336171448231,0.6566176414489746,0.08265815675258636,tensor(10.8271)
454,5,0.09462160617113113,0.6566176414489746,0.08265815675258636,tensor(10.8271)
455,5,0.02083689719438553,0.6566176414489746,0.08265815675258636,tensor(10.8271)
456,5,0.09894809126853943,0.6566176414489746,0.08265815675258636,tensor(10.8271)
457,5,0.04673875495791435,0.6566176414489746,0.08265815675258636,tensor(10.8271)
458,5,0.025772929191589355,0.6566176414489746,0.08265815675258636,tensor(10.8271)
459,5,0.013052565976977348,0.6566176414489746,0.08265815675258636,tensor(10.8271)
460,5,0.06921644508838654,0.6566176414489746,0.08265815675258636,tensor(10.8271)
461,5,0.08441883325576782,0.6566176414489746,0.08265815675258636,tensor(10.8271)
462,5,0.11266529560089111,0.6566176414489746,0.08265815675258636,tensor(10.8271)
463,5,0.25134795904159546,0.6566176414489746,0.08265815675258636,tensor(10.8271)
464,5,0.023669447749853134,0.6566176414489746,0.08265815675258636,tensor(10.8271)
465,5,0.01880308799445629,0.6566176414489746,0.08265815675258636,tensor(10.8271)
466,5,0.1947149932384491,0.6566176414489746,0.08265815675258636,tensor(10.8271)
467,5,0.11538293212652206,0.6566176414489746,0.08265815675258636,tensor(10.8271)
468,5,0.02467413619160652,0.6566176414489746,0.08265815675258636,tensor(10.8271)
469,5,0.09947198629379272,0.6566176414489746,0.08265815675258636,tensor(10.8271)
470,5,0.9405947923660278,0.6566176414489746,0.08265815675258636,tensor(10.8271)
471,5,0.1676039695739746,0.6566176414489746,0.08265815675258636,tensor(10.8271)
472,5,0.15498343110084534,0.6566176414489746,0.08265815675258636,tensor(10.8271)
473,5,0.15107081830501556,0.6566176414489746,0.08265815675258636,tensor(10.8271)
474,5,0.0039694891311228275,0.6566176414489746,0.08265815675258636,tensor(10.8271)
475,5,0.5186283588409424,0.6566176414489746,0.08265815675258636,tensor(10.8271)
476,5,0.6975976228713989,0.6566176414489746,0.08265815675258636,tensor(10.8271)
477,5,0.03145953267812729,0.6566176414489746,0.08265815675258636,tensor(10.8271)
478,5,0.006824171170592308,0.6566176414489746,0.08265815675258636,tensor(10.8271)
479,5,0.027151593938469887,0.6566176414489746,0.08265815675258636,tensor(10.8271)
480,5,0.204587921500206,0.6566176414489746,0.08265815675258636,tensor(10.8271)
481,5,0.21892300248146057,0.6566176414489746,0.08265815675258636,tensor(10.8271)
482,5,0.23731476068496704,0.6566176414489746,0.08265815675258636,tensor(10.8271)
483,5,0.07031508535146713,0.6566176414489746,0.08265815675258636,tensor(10.8271)
484,5,0.15838055312633514,0.6566176414489746,0.08265815675258636,tensor(10.8271)
485,5,0.007276921533048153,0.6566176414489746,0.08265815675258636,tensor(10.8271)
486,5,0.01068401150405407,0.6566176414489746,0.08265815675258636,tensor(10.8271)
487,5,0.11946026235818863,0.6566176414489746,0.08265815675258636,tensor(10.8271)
488,5,0.015721140429377556,0.6566176414489746,0.08265815675258636,tensor(10.8271)
489,5,0.008039360865950584,0.6566176414489746,0.08265815675258636,tensor(10.8271)
490,5,0.011652880348265171,0.6566176414489746,0.08265815675258636,tensor(10.8271)
491,5,0.4866083264350891,0.6566176414489746,0.08265815675258636,tensor(10.8271)
492,5,0.04188000410795212,0.6566176414489746,0.08265815675258636,tensor(10.8271)
493,5,0.1641041338443756,0.6566176414489746,0.08265815675258636,tensor(10.8271)
494,5,0.19277940690517426,0.6566176414489746,0.08265815675258636,tensor(10.8271)
495,5,0.026471707969903946,0.6566176414489746,0.08265815675258636,tensor(10.8271)
496,5,0.275590181350708,0.6566176414489746,0.08265815675258636,tensor(10.8271)
497,5,0.7626309394836426,0.6566176414489746,0.08265815675258636,tensor(10.8271)
498,5,0.03078802488744259,0.6566176414489746,0.08265815675258636,tensor(10.8271)
499,5,0.17426371574401855,0.6566176414489746,0.08265815675258636,tensor(10.8271)
500,5,0.3662019371986389,0.6566176414489746,0.08265815675258636,tensor(10.8271)
501,5,0.8720721006393433,0.6566176414489746,0.08265815675258636,tensor(10.8271)
502,5,0.014747755602002144,0.6566176414489746,0.08265815675258636,tensor(10.8271)
503,5,0.18424391746520996,0.6566176414489746,0.08265815675258636,tensor(10.8271)
504,5,0.021083198487758636,0.6566176414489746,0.08265815675258636,tensor(10.8271)
505,5,0.007819665595889091,0.6566176414489746,0.08265815675258636,tensor(10.8271)
506,5,0.06252867728471756,0.6566176414489746,0.08265815675258636,tensor(10.8271)
507,5,0.004382824990898371,0.6566176414489746,0.08265815675258636,tensor(10.8271)
508,5,0.02112673595547676,0.6566176414489746,0.08265815675258636,tensor(10.8271)
509,5,0.4951009452342987,0.6566176414489746,0.08265815675258636,tensor(10.8271)
510,5,0.0034884768538177013,0.6566176414489746,0.08265815675258636,tensor(10.8271)
511,5,0.0034884768538177013,0.19811517000198364,0.08265815675258636,tensor(10.8271)
512,5,0.0034884768538177013,0.01534789614379406,0.08265815675258636,tensor(10.8271)
513,5,0.45197558403015137,0.01534789614379406,0.08265815675258636,tensor(10.8271)
513,6,0.45197558403015137,0.01534789614379406,0.8490859866142273,tensor(0.7105)
514,6,0.011200256645679474,0.01534789614379406,0.8490859866142273,tensor(0.7105)
515,6,0.18310686945915222,0.01534789614379406,0.8490859866142273,tensor(0.7105)
516,6,0.3110436201095581,0.01534789614379406,0.8490859866142273,tensor(0.7105)
517,6,0.02328890562057495,0.01534789614379406,0.8490859866142273,tensor(0.7105)
518,6,0.3371298313140869,0.01534789614379406,0.8490859866142273,tensor(0.7105)
519,6,0.015848632901906967,0.01534789614379406,0.8490859866142273,tensor(0.7105)
520,6,0.006711313501000404,0.01534789614379406,0.8490859866142273,tensor(0.7105)
521,6,0.07934868335723877,0.01534789614379406,0.8490859866142273,tensor(0.7105)
522,6,0.08398537337779999,0.01534789614379406,0.8490859866142273,tensor(0.7105)
523,6,0.04457465559244156,0.01534789614379406,0.8490859866142273,tensor(0.7105)
524,6,0.029614601284265518,0.01534789614379406,0.8490859866142273,tensor(0.7105)
525,6,0.2142392098903656,0.01534789614379406,0.8490859866142273,tensor(0.7105)
526,6,0.15408580005168915,0.01534789614379406,0.8490859866142273,tensor(0.7105)
527,6,0.006094802636653185,0.01534789614379406,0.8490859866142273,tensor(0.7105)
528,6,0.010487434454262257,0.01534789614379406,0.8490859866142273,tensor(0.7105)
529,6,0.19068878889083862,0.01534789614379406,0.8490859866142273,tensor(0.7105)
530,6,0.04094112664461136,0.01534789614379406,0.8490859866142273,tensor(0.7105)
531,6,0.013832523487508297,0.01534789614379406,0.8490859866142273,tensor(0.7105)
532,6,0.07147189974784851,0.01534789614379406,0.8490859866142273,tensor(0.7105)
533,6,0.09551958739757538,0.01534789614379406,0.8490859866142273,tensor(0.7105)
534,6,0.3748515844345093,0.01534789614379406,0.8490859866142273,tensor(0.7105)
535,6,0.006368835456669331,0.01534789614379406,0.8490859866142273,tensor(0.7105)
536,6,0.18975888192653656,0.01534789614379406,0.8490859866142273,tensor(0.7105)
537,6,0.1429678052663803,0.01534789614379406,0.8490859866142273,tensor(0.7105)
538,6,0.048560015857219696,0.01534789614379406,0.8490859866142273,tensor(0.7105)
539,6,0.0472019724547863,0.01534789614379406,0.8490859866142273,tensor(0.7105)
540,6,0.06111615151166916,0.01534789614379406,0.8490859866142273,tensor(0.7105)
541,6,0.39352720975875854,0.01534789614379406,0.8490859866142273,tensor(0.7105)
542,6,0.0031463089399039745,0.01534789614379406,0.8490859866142273,tensor(0.7105)
543,6,0.2044319063425064,0.01534789614379406,0.8490859866142273,tensor(0.7105)
544,6,0.8677170276641846,0.01534789614379406,0.8490859866142273,tensor(0.7105)
545,6,0.3657844662666321,0.01534789614379406,0.8490859866142273,tensor(0.7105)
546,6,0.3617250323295593,0.01534789614379406,0.8490859866142273,tensor(0.7105)
547,6,0.1828635036945343,0.01534789614379406,0.8490859866142273,tensor(0.7105)
548,6,0.5135567784309387,0.01534789614379406,0.8490859866142273,tensor(0.7105)
549,6,0.7393276691436768,0.01534789614379406,0.8490859866142273,tensor(0.7105)
550,6,0.012918321415781975,0.01534789614379406,0.8490859866142273,tensor(0.7105)
551,6,0.25143563747406006,0.01534789614379406,0.8490859866142273,tensor(0.7105)
552,6,0.006917630322277546,0.01534789614379406,0.8490859866142273,tensor(0.7105)
553,6,0.03010130301117897,0.01534789614379406,0.8490859866142273,tensor(0.7105)
554,6,0.07951745390892029,0.01534789614379406,0.8490859866142273,tensor(0.7105)
555,6,0.11075818538665771,0.01534789614379406,0.8490859866142273,tensor(0.7105)
556,6,0.28951412439346313,0.01534789614379406,0.8490859866142273,tensor(0.7105)
557,6,0.419954389333725,0.01534789614379406,0.8490859866142273,tensor(0.7105)
558,6,0.34230348467826843,0.01534789614379406,0.8490859866142273,tensor(0.7105)
559,6,0.008659529499709606,0.01534789614379406,0.8490859866142273,tensor(0.7105)
560,6,0.08948978781700134,0.01534789614379406,0.8490859866142273,tensor(0.7105)
561,6,0.2049330472946167,0.01534789614379406,0.8490859866142273,tensor(0.7105)
562,6,0.03819401562213898,0.01534789614379406,0.8490859866142273,tensor(0.7105)
563,6,0.04590698331594467,0.01534789614379406,0.8490859866142273,tensor(0.7105)
564,6,0.0700201764702797,0.01534789614379406,0.8490859866142273,tensor(0.7105)
565,6,0.8119372129440308,0.01534789614379406,0.8490859866142273,tensor(0.7105)
566,6,0.02518097683787346,0.01534789614379406,0.8490859866142273,tensor(0.7105)
567,6,0.19124527275562286,0.01534789614379406,0.8490859866142273,tensor(0.7105)
568,6,0.19411933422088623,0.01534789614379406,0.8490859866142273,tensor(0.7105)
569,6,0.45014551281929016,0.01534789614379406,0.8490859866142273,tensor(0.7105)
570,6,0.03660082072019577,0.01534789614379406,0.8490859866142273,tensor(0.7105)
571,6,0.14101865887641907,0.01534789614379406,0.8490859866142273,tensor(0.7105)
572,6,0.3546391427516937,0.01534789614379406,0.8490859866142273,tensor(0.7105)
573,6,0.009841518476605415,0.01534789614379406,0.8490859866142273,tensor(0.7105)
574,6,0.009089693427085876,0.01534789614379406,0.8490859866142273,tensor(0.7105)
575,6,0.11416374891996384,0.01534789614379406,0.8490859866142273,tensor(0.7105)
576,6,0.013956932350993156,0.01534789614379406,0.8490859866142273,tensor(0.7105)
577,6,0.29593855142593384,0.01534789614379406,0.8490859866142273,tensor(0.7105)
578,6,0.30001020431518555,0.01534789614379406,0.8490859866142273,tensor(0.7105)
579,6,0.009610558860003948,0.01534789614379406,0.8490859866142273,tensor(0.7105)
580,6,1.0623905658721924,0.01534789614379406,0.8490859866142273,tensor(0.7105)
581,6,0.21572960913181305,0.01534789614379406,0.8490859866142273,tensor(0.7105)
582,6,0.010029197670519352,0.01534789614379406,0.8490859866142273,tensor(0.7105)
583,6,0.01112174242734909,0.01534789614379406,0.8490859866142273,tensor(0.7105)
584,6,0.050202541053295135,0.01534789614379406,0.8490859866142273,tensor(0.7105)
585,6,0.03032878413796425,0.01534789614379406,0.8490859866142273,tensor(0.7105)
586,6,0.010351579636335373,0.01534789614379406,0.8490859866142273,tensor(0.7105)
587,6,0.018124446272850037,0.01534789614379406,0.8490859866142273,tensor(0.7105)
588,6,0.03769318014383316,0.01534789614379406,0.8490859866142273,tensor(0.7105)
589,6,0.13593822717666626,0.01534789614379406,0.8490859866142273,tensor(0.7105)
590,6,0.2013302445411682,0.01534789614379406,0.8490859866142273,tensor(0.7105)
591,6,0.014344515278935432,0.01534789614379406,0.8490859866142273,tensor(0.7105)
592,6,0.15201105177402496,0.01534789614379406,0.8490859866142273,tensor(0.7105)
593,6,0.20992428064346313,0.01534789614379406,0.8490859866142273,tensor(0.7105)
594,6,0.005757832899689674,0.01534789614379406,0.8490859866142273,tensor(0.7105)
595,6,0.011347686871886253,0.01534789614379406,0.8490859866142273,tensor(0.7105)
596,6,0.09179862588644028,0.01534789614379406,0.8490859866142273,tensor(0.7105)
597,6,0.018134132027626038,0.01534789614379406,0.8490859866142273,tensor(0.7105)
598,6,0.05286501348018646,0.01534789614379406,0.8490859866142273,tensor(0.7105)
599,6,0.005195123143494129,0.01534789614379406,0.8490859866142273,tensor(0.7105)
600,6,0.12928175926208496,0.01534789614379406,0.8490859866142273,tensor(0.7105)
601,6,0.1427813172340393,0.01534789614379406,0.8490859866142273,tensor(0.7105)
602,6,0.11192204803228378,0.01534789614379406,0.8490859866142273,tensor(0.7105)
603,6,0.05809576064348221,0.01534789614379406,0.8490859866142273,tensor(0.7105)
604,6,0.012917546555399895,0.01534789614379406,0.8490859866142273,tensor(0.7105)
605,6,0.006952990777790546,0.01534789614379406,0.8490859866142273,tensor(0.7105)
606,6,0.23958957195281982,0.01534789614379406,0.8490859866142273,tensor(0.7105)
607,6,0.018942391499876976,0.01534789614379406,0.8490859866142273,tensor(0.7105)
608,6,0.09257736802101135,0.01534789614379406,0.8490859866142273,tensor(0.7105)
609,6,0.020604893565177917,0.01534789614379406,0.8490859866142273,tensor(0.7105)
610,6,0.07758523523807526,0.01534789614379406,0.8490859866142273,tensor(0.7105)
611,6,0.008396020159125328,0.01534789614379406,0.8490859866142273,tensor(0.7105)
612,6,0.5986826419830322,0.01534789614379406,0.8490859866142273,tensor(0.7105)
613,6,0.5986826419830322,0.105634406208992,0.8490859866142273,tensor(0.7105)
614,6,0.5986826419830322,0.5380332469940186,0.8490859866142273,tensor(0.7105)
615,6,0.13313448429107666,0.5380332469940186,0.8490859866142273,tensor(0.7105)
615,7,0.13313448429107666,0.5380332469940186,0.14836083352565765,tensor(8.2868)
616,7,0.0203789584338665,0.5380332469940186,0.14836083352565765,tensor(8.2868)
617,7,0.17159907519817352,0.5380332469940186,0.14836083352565765,tensor(8.2868)
618,7,0.16012728214263916,0.5380332469940186,0.14836083352565765,tensor(8.2868)
619,7,0.41184061765670776,0.5380332469940186,0.14836083352565765,tensor(8.2868)
620,7,0.006561098620295525,0.5380332469940186,0.14836083352565765,tensor(8.2868)
621,7,0.01890244148671627,0.5380332469940186,0.14836083352565765,tensor(8.2868)
622,7,0.05811617523431778,0.5380332469940186,0.14836083352565765,tensor(8.2868)
623,7,0.033109843730926514,0.5380332469940186,0.14836083352565765,tensor(8.2868)
624,7,0.08843892812728882,0.5380332469940186,0.14836083352565765,tensor(8.2868)
625,7,0.1868577003479004,0.5380332469940186,0.14836083352565765,tensor(8.2868)
626,7,0.32106924057006836,0.5380332469940186,0.14836083352565765,tensor(8.2868)
627,7,0.0883672833442688,0.5380332469940186,0.14836083352565765,tensor(8.2868)
628,7,0.006774792913347483,0.5380332469940186,0.14836083352565765,tensor(8.2868)
629,7,0.3231285512447357,0.5380332469940186,0.14836083352565765,tensor(8.2868)
630,7,0.19213107228279114,0.5380332469940186,0.14836083352565765,tensor(8.2868)
631,7,0.1379912793636322,0.5380332469940186,0.14836083352565765,tensor(8.2868)
632,7,0.006309010088443756,0.5380332469940186,0.14836083352565765,tensor(8.2868)
633,7,0.8396371006965637,0.5380332469940186,0.14836083352565765,tensor(8.2868)
634,7,0.24304147064685822,0.5380332469940186,0.14836083352565765,tensor(8.2868)
635,7,0.004126993473619223,0.5380332469940186,0.14836083352565765,tensor(8.2868)
636,7,0.004935361910611391,0.5380332469940186,0.14836083352565765,tensor(8.2868)
637,7,0.01881961151957512,0.5380332469940186,0.14836083352565765,tensor(8.2868)
638,7,0.07256060093641281,0.5380332469940186,0.14836083352565765,tensor(8.2868)
639,7,0.10660874843597412,0.5380332469940186,0.14836083352565765,tensor(8.2868)
640,7,0.010680180974304676,0.5380332469940186,0.14836083352565765,tensor(8.2868)
641,7,0.018434299156069756,0.5380332469940186,0.14836083352565765,tensor(8.2868)
642,7,0.015275281853973866,0.5380332469940186,0.14836083352565765,tensor(8.2868)
643,7,0.052696943283081055,0.5380332469940186,0.14836083352565765,tensor(8.2868)
644,7,0.014624504372477531,0.5380332469940186,0.14836083352565765,tensor(8.2868)
645,7,0.06822575628757477,0.5380332469940186,0.14836083352565765,tensor(8.2868)
646,7,0.18692094087600708,0.5380332469940186,0.14836083352565765,tensor(8.2868)
647,7,0.03329908102750778,0.5380332469940186,0.14836083352565765,tensor(8.2868)
648,7,0.008782828226685524,0.5380332469940186,0.14836083352565765,tensor(8.2868)
649,7,0.011328000575304031,0.5380332469940186,0.14836083352565765,tensor(8.2868)
650,7,0.03335645794868469,0.5380332469940186,0.14836083352565765,tensor(8.2868)
651,7,0.010173429735004902,0.5380332469940186,0.14836083352565765,tensor(8.2868)
652,7,0.738065779209137,0.5380332469940186,0.14836083352565765,tensor(8.2868)
653,7,0.4080774486064911,0.5380332469940186,0.14836083352565765,tensor(8.2868)
654,7,0.6375940442085266,0.5380332469940186,0.14836083352565765,tensor(8.2868)
655,7,0.01797271892428398,0.5380332469940186,0.14836083352565765,tensor(8.2868)
656,7,0.7410275340080261,0.5380332469940186,0.14836083352565765,tensor(8.2868)
657,7,0.043885454535484314,0.5380332469940186,0.14836083352565765,tensor(8.2868)
658,7,0.36688482761383057,0.5380332469940186,0.14836083352565765,tensor(8.2868)
659,7,0.033485379070043564,0.5380332469940186,0.14836083352565765,tensor(8.2868)
660,7,0.6713296175003052,0.5380332469940186,0.14836083352565765,tensor(8.2868)
661,7,0.05887255817651749,0.5380332469940186,0.14836083352565765,tensor(8.2868)
662,7,0.7863218784332275,0.5380332469940186,0.14836083352565765,tensor(8.2868)
663,7,0.44022899866104126,0.5380332469940186,0.14836083352565765,tensor(8.2868)
664,7,0.2759705185890198,0.5380332469940186,0.14836083352565765,tensor(8.2868)
665,7,0.03779231384396553,0.5380332469940186,0.14836083352565765,tensor(8.2868)
666,7,0.41656580567359924,0.5380332469940186,0.14836083352565765,tensor(8.2868)
667,7,0.02762194536626339,0.5380332469940186,0.14836083352565765,tensor(8.2868)
668,7,0.03571878373622894,0.5380332469940186,0.14836083352565765,tensor(8.2868)
669,7,0.01573849841952324,0.5380332469940186,0.14836083352565765,tensor(8.2868)
670,7,0.0448526032269001,0.5380332469940186,0.14836083352565765,tensor(8.2868)
671,7,0.0031150556169450283,0.5380332469940186,0.14836083352565765,tensor(8.2868)
672,7,0.2852697968482971,0.5380332469940186,0.14836083352565765,tensor(8.2868)
673,7,0.031189020723104477,0.5380332469940186,0.14836083352565765,tensor(8.2868)
674,7,0.6935061812400818,0.5380332469940186,0.14836083352565765,tensor(8.2868)
675,7,0.04753926023840904,0.5380332469940186,0.14836083352565765,tensor(8.2868)
676,7,0.2979854643344879,0.5380332469940186,0.14836083352565765,tensor(8.2868)
677,7,0.01791967637836933,0.5380332469940186,0.14836083352565765,tensor(8.2868)
678,7,0.592728853225708,0.5380332469940186,0.14836083352565765,tensor(8.2868)
679,7,0.2961159348487854,0.5380332469940186,0.14836083352565765,tensor(8.2868)
680,7,0.5488985180854797,0.5380332469940186,0.14836083352565765,tensor(8.2868)
681,7,0.0231082234531641,0.5380332469940186,0.14836083352565765,tensor(8.2868)
682,7,0.1081966906785965,0.5380332469940186,0.14836083352565765,tensor(8.2868)
683,7,0.17258259654045105,0.5380332469940186,0.14836083352565765,tensor(8.2868)
684,7,0.23851048946380615,0.5380332469940186,0.14836083352565765,tensor(8.2868)
685,7,0.07568128407001495,0.5380332469940186,0.14836083352565765,tensor(8.2868)
686,7,0.14967331290245056,0.5380332469940186,0.14836083352565765,tensor(8.2868)
687,7,0.07545927166938782,0.5380332469940186,0.14836083352565765,tensor(8.2868)
688,7,0.6444765329360962,0.5380332469940186,0.14836083352565765,tensor(8.2868)
689,7,0.13951027393341064,0.5380332469940186,0.14836083352565765,tensor(8.2868)
690,7,0.3427530527114868,0.5380332469940186,0.14836083352565765,tensor(8.2868)
691,7,0.4287188649177551,0.5380332469940186,0.14836083352565765,tensor(8.2868)
692,7,0.02295820228755474,0.5380332469940186,0.14836083352565765,tensor(8.2868)
693,7,0.013126315549015999,0.5380332469940186,0.14836083352565765,tensor(8.2868)
694,7,0.08057431876659393,0.5380332469940186,0.14836083352565765,tensor(8.2868)
695,7,0.02424944005906582,0.5380332469940186,0.14836083352565765,tensor(8.2868)
696,7,0.2399945855140686,0.5380332469940186,0.14836083352565765,tensor(8.2868)
697,7,0.08497580885887146,0.5380332469940186,0.14836083352565765,tensor(8.2868)
698,7,0.3959254026412964,0.5380332469940186,0.14836083352565765,tensor(8.2868)
699,7,0.022309565916657448,0.5380332469940186,0.14836083352565765,tensor(8.2868)
700,7,0.08217313140630722,0.5380332469940186,0.14836083352565765,tensor(8.2868)
701,7,0.0054650940001010895,0.5380332469940186,0.14836083352565765,tensor(8.2868)
702,7,0.4081423282623291,0.5380332469940186,0.14836083352565765,tensor(8.2868)
703,7,0.36322158575057983,0.5380332469940186,0.14836083352565765,tensor(8.2868)
704,7,0.15739154815673828,0.5380332469940186,0.14836083352565765,tensor(8.2868)
705,7,0.2348652482032776,0.5380332469940186,0.14836083352565765,tensor(8.2868)
706,7,0.3516395688056946,0.5380332469940186,0.14836083352565765,tensor(8.2868)
707,7,0.010335225611925125,0.5380332469940186,0.14836083352565765,tensor(8.2868)
708,7,0.00857121404260397,0.5380332469940186,0.14836083352565765,tensor(8.2868)
709,7,0.023024365305900574,0.5380332469940186,0.14836083352565765,tensor(8.2868)
710,7,0.21639633178710938,0.5380332469940186,0.14836083352565765,tensor(8.2868)
711,7,0.7580219507217407,0.5380332469940186,0.14836083352565765,tensor(8.2868)
712,7,0.05772268772125244,0.5380332469940186,0.14836083352565765,tensor(8.2868)
713,7,0.01598021760582924,0.5380332469940186,0.14836083352565765,tensor(8.2868)
714,7,0.14844682812690735,0.5380332469940186,0.14836083352565765,tensor(8.2868)
715,7,0.14844682812690735,0.4104282259941101,0.14836083352565765,tensor(8.2868)
716,7,0.14844682812690735,0.2048834264278412,0.14836083352565765,tensor(8.2868)
717,7,0.005523992236703634,0.2048834264278412,0.14836083352565765,tensor(8.2868)
717,8,0.005523992236703634,0.2048834264278412,0.08546363562345505,tensor(10.6822)
718,8,0.17385056614875793,0.2048834264278412,0.08546363562345505,tensor(10.6822)
719,8,0.020457159727811813,0.2048834264278412,0.08546363562345505,tensor(10.6822)
720,8,0.0037890938110649586,0.2048834264278412,0.08546363562345505,tensor(10.6822)
721,8,0.6113519072532654,0.2048834264278412,0.08546363562345505,tensor(10.6822)
722,8,0.03036210872232914,0.2048834264278412,0.08546363562345505,tensor(10.6822)
723,8,0.006499245762825012,0.2048834264278412,0.08546363562345505,tensor(10.6822)
724,8,0.6945906281471252,0.2048834264278412,0.08546363562345505,tensor(10.6822)
725,8,0.07684004306793213,0.2048834264278412,0.08546363562345505,tensor(10.6822)
726,8,0.3267815113067627,0.2048834264278412,0.08546363562345505,tensor(10.6822)
727,8,0.06939318776130676,0.2048834264278412,0.08546363562345505,tensor(10.6822)
728,8,0.012214969843626022,0.2048834264278412,0.08546363562345505,tensor(10.6822)
729,8,0.18831726908683777,0.2048834264278412,0.08546363562345505,tensor(10.6822)
730,8,0.30887162685394287,0.2048834264278412,0.08546363562345505,tensor(10.6822)
731,8,0.0062786368653178215,0.2048834264278412,0.08546363562345505,tensor(10.6822)
732,8,0.5447697639465332,0.2048834264278412,0.08546363562345505,tensor(10.6822)
733,8,0.019418232142925262,0.2048834264278412,0.08546363562345505,tensor(10.6822)
734,8,0.009222811087965965,0.2048834264278412,0.08546363562345505,tensor(10.6822)
735,8,0.05002876743674278,0.2048834264278412,0.08546363562345505,tensor(10.6822)
736,8,0.05029061436653137,0.2048834264278412,0.08546363562345505,tensor(10.6822)
737,8,0.05234391242265701,0.2048834264278412,0.08546363562345505,tensor(10.6822)
738,8,0.3553710877895355,0.2048834264278412,0.08546363562345505,tensor(10.6822)
739,8,0.0055982680059969425,0.2048834264278412,0.08546363562345505,tensor(10.6822)
740,8,0.017863452434539795,0.2048834264278412,0.08546363562345505,tensor(10.6822)
741,8,0.047366831451654434,0.2048834264278412,0.08546363562345505,tensor(10.6822)
742,8,0.01423813309520483,0.2048834264278412,0.08546363562345505,tensor(10.6822)
743,8,0.11814001202583313,0.2048834264278412,0.08546363562345505,tensor(10.6822)
744,8,0.017452605068683624,0.2048834264278412,0.08546363562345505,tensor(10.6822)
745,8,0.00410577654838562,0.2048834264278412,0.08546363562345505,tensor(10.6822)
746,8,0.12885001301765442,0.2048834264278412,0.08546363562345505,tensor(10.6822)
747,8,0.3043721318244934,0.2048834264278412,0.08546363562345505,tensor(10.6822)
748,8,0.10322362184524536,0.2048834264278412,0.08546363562345505,tensor(10.6822)
749,8,0.00504558440297842,0.2048834264278412,0.08546363562345505,tensor(10.6822)
750,8,0.2623848021030426,0.2048834264278412,0.08546363562345505,tensor(10.6822)
751,8,0.2987143099308014,0.2048834264278412,0.08546363562345505,tensor(10.6822)
752,8,0.30140864849090576,0.2048834264278412,0.08546363562345505,tensor(10.6822)
753,8,0.23517537117004395,0.2048834264278412,0.08546363562345505,tensor(10.6822)
754,8,0.035373836755752563,0.2048834264278412,0.08546363562345505,tensor(10.6822)
755,8,0.012233927845954895,0.2048834264278412,0.08546363562345505,tensor(10.6822)
756,8,0.008100379258394241,0.2048834264278412,0.08546363562345505,tensor(10.6822)
757,8,0.17237620055675507,0.2048834264278412,0.08546363562345505,tensor(10.6822)
758,8,0.012393292970955372,0.2048834264278412,0.08546363562345505,tensor(10.6822)
759,8,0.3097284138202667,0.2048834264278412,0.08546363562345505,tensor(10.6822)
760,8,0.06045501306653023,0.2048834264278412,0.08546363562345505,tensor(10.6822)
761,8,0.07006633281707764,0.2048834264278412,0.08546363562345505,tensor(10.6822)
762,8,0.01758221536874771,0.2048834264278412,0.08546363562345505,tensor(10.6822)
763,8,0.16635236144065857,0.2048834264278412,0.08546363562345505,tensor(10.6822)
764,8,0.07831233739852905,0.2048834264278412,0.08546363562345505,tensor(10.6822)
765,8,0.05170585960149765,0.2048834264278412,0.08546363562345505,tensor(10.6822)
766,8,0.1045408546924591,0.2048834264278412,0.08546363562345505,tensor(10.6822)
767,8,0.171505868434906,0.2048834264278412,0.08546363562345505,tensor(10.6822)
768,8,0.3131462037563324,0.2048834264278412,0.08546363562345505,tensor(10.6822)
769,8,0.01777726784348488,0.2048834264278412,0.08546363562345505,tensor(10.6822)
770,8,0.006379155442118645,0.2048834264278412,0.08546363562345505,tensor(10.6822)
771,8,0.40919172763824463,0.2048834264278412,0.08546363562345505,tensor(10.6822)
772,8,0.010448374785482883,0.2048834264278412,0.08546363562345505,tensor(10.6822)
773,8,0.02145017869770527,0.2048834264278412,0.08546363562345505,tensor(10.6822)
774,8,0.04375957325100899,0.2048834264278412,0.08546363562345505,tensor(10.6822)
775,8,0.037505101412534714,0.2048834264278412,0.08546363562345505,tensor(10.6822)
776,8,0.47768163681030273,0.2048834264278412,0.08546363562345505,tensor(10.6822)
777,8,0.01294272392988205,0.2048834264278412,0.08546363562345505,tensor(10.6822)
778,8,0.0425860695540905,0.2048834264278412,0.08546363562345505,tensor(10.6822)
779,8,0.6818591952323914,0.2048834264278412,0.08546363562345505,tensor(10.6822)
780,8,0.22985783219337463,0.2048834264278412,0.08546363562345505,tensor(10.6822)
781,8,0.03857645392417908,0.2048834264278412,0.08546363562345505,tensor(10.6822)
782,8,0.019177300855517387,0.2048834264278412,0.08546363562345505,tensor(10.6822)
783,8,0.27717605233192444,0.2048834264278412,0.08546363562345505,tensor(10.6822)
784,8,0.010969414375722408,0.2048834264278412,0.08546363562345505,tensor(10.6822)
785,8,0.5759497284889221,0.2048834264278412,0.08546363562345505,tensor(10.6822)
786,8,0.34275099635124207,0.2048834264278412,0.08546363562345505,tensor(10.6822)
787,8,0.1968766152858734,0.2048834264278412,0.08546363562345505,tensor(10.6822)
788,8,0.04871661588549614,0.2048834264278412,0.08546363562345505,tensor(10.6822)
789,8,0.5094712972640991,0.2048834264278412,0.08546363562345505,tensor(10.6822)
790,8,0.007732858881354332,0.2048834264278412,0.08546363562345505,tensor(10.6822)
791,8,0.07974450290203094,0.2048834264278412,0.08546363562345505,tensor(10.6822)
792,8,0.2988409101963043,0.2048834264278412,0.08546363562345505,tensor(10.6822)
793,8,0.3727880120277405,0.2048834264278412,0.08546363562345505,tensor(10.6822)
794,8,0.15029965341091156,0.2048834264278412,0.08546363562345505,tensor(10.6822)
795,8,0.09268899261951447,0.2048834264278412,0.08546363562345505,tensor(10.6822)
796,8,0.400116503238678,0.2048834264278412,0.08546363562345505,tensor(10.6822)
797,8,0.004673634190112352,0.2048834264278412,0.08546363562345505,tensor(10.6822)
798,8,0.16958186030387878,0.2048834264278412,0.08546363562345505,tensor(10.6822)
799,8,0.19338566064834595,0.2048834264278412,0.08546363562345505,tensor(10.6822)
800,8,0.23266220092773438,0.2048834264278412,0.08546363562345505,tensor(10.6822)
801,8,0.17423632740974426,0.2048834264278412,0.08546363562345505,tensor(10.6822)
802,8,0.1525697112083435,0.2048834264278412,0.08546363562345505,tensor(10.6822)
803,8,0.30004000663757324,0.2048834264278412,0.08546363562345505,tensor(10.6822)
804,8,0.21601879596710205,0.2048834264278412,0.08546363562345505,tensor(10.6822)
805,8,0.1029290184378624,0.2048834264278412,0.08546363562345505,tensor(10.6822)
806,8,0.8827844858169556,0.2048834264278412,0.08546363562345505,tensor(10.6822)
807,8,0.02208733558654785,0.2048834264278412,0.08546363562345505,tensor(10.6822)
808,8,0.04175253212451935,0.2048834264278412,0.08546363562345505,tensor(10.6822)
809,8,0.4407915472984314,0.2048834264278412,0.08546363562345505,tensor(10.6822)
810,8,0.0054937321692705154,0.2048834264278412,0.08546363562345505,tensor(10.6822)
811,8,0.36342689394950867,0.2048834264278412,0.08546363562345505,tensor(10.6822)
812,8,0.11799243837594986,0.2048834264278412,0.08546363562345505,tensor(10.6822)
813,8,0.00935831293463707,0.2048834264278412,0.08546363562345505,tensor(10.6822)
814,8,0.3522627353668213,0.2048834264278412,0.08546363562345505,tensor(10.6822)
815,8,0.014457005076110363,0.2048834264278412,0.08546363562345505,tensor(10.6822)
816,8,0.06909631192684174,0.2048834264278412,0.08546363562345505,tensor(10.6822)
817,8,0.06909631192684174,0.05498674511909485,0.08546363562345505,tensor(10.6822)
818,8,0.06909631192684174,0.010682398453354836,0.08546363562345505,tensor(10.6822)
819,8,0.23126128315925598,0.010682398453354836,0.08546363562345505,tensor(10.6822)
819,9,0.23126128315925598,0.010682398453354836,0.16878336668014526,tensor(7.7267)
820,9,0.022061781957745552,0.010682398453354836,0.16878336668014526,tensor(7.7267)
821,9,0.009331137873232365,0.010682398453354836,0.16878336668014526,tensor(7.7267)
822,9,0.007797677535563707,0.010682398453354836,0.16878336668014526,tensor(7.7267)
823,9,0.009116332046687603,0.010682398453354836,0.16878336668014526,tensor(7.7267)
824,9,0.5289211273193359,0.010682398453354836,0.16878336668014526,tensor(7.7267)
825,9,0.13320976495742798,0.010682398453354836,0.16878336668014526,tensor(7.7267)
826,9,0.09207212924957275,0.010682398453354836,0.16878336668014526,tensor(7.7267)
827,9,0.011854331009089947,0.010682398453354836,0.16878336668014526,tensor(7.7267)
828,9,0.028348710387945175,0.010682398453354836,0.16878336668014526,tensor(7.7267)
829,9,0.08794161677360535,0.010682398453354836,0.16878336668014526,tensor(7.7267)
830,9,0.05221167579293251,0.010682398453354836,0.16878336668014526,tensor(7.7267)
831,9,0.0491693951189518,0.010682398453354836,0.16878336668014526,tensor(7.7267)
832,9,0.11881859600543976,0.010682398453354836,0.16878336668014526,tensor(7.7267)
833,9,0.05379648506641388,0.010682398453354836,0.16878336668014526,tensor(7.7267)
834,9,0.0647817999124527,0.010682398453354836,0.16878336668014526,tensor(7.7267)
835,9,0.002922109328210354,0.010682398453354836,0.16878336668014526,tensor(7.7267)
836,9,0.01020260900259018,0.010682398453354836,0.16878336668014526,tensor(7.7267)
837,9,0.020243123173713684,0.010682398453354836,0.16878336668014526,tensor(7.7267)
838,9,0.3269607722759247,0.010682398453354836,0.16878336668014526,tensor(7.7267)
839,9,0.0044221533462405205,0.010682398453354836,0.16878336668014526,tensor(7.7267)
840,9,0.09396317601203918,0.010682398453354836,0.16878336668014526,tensor(7.7267)
841,9,0.5613964200019836,0.010682398453354836,0.16878336668014526,tensor(7.7267)
842,9,0.012168473564088345,0.010682398453354836,0.16878336668014526,tensor(7.7267)
843,9,0.04184909164905548,0.010682398453354836,0.16878336668014526,tensor(7.7267)
844,9,0.04822925478219986,0.010682398453354836,0.16878336668014526,tensor(7.7267)
845,9,0.01193392276763916,0.010682398453354836,0.16878336668014526,tensor(7.7267)
846,9,0.32095375657081604,0.010682398453354836,0.16878336668014526,tensor(7.7267)
847,9,0.17157931625843048,0.010682398453354836,0.16878336668014526,tensor(7.7267)
848,9,0.005305503495037556,0.010682398453354836,0.16878336668014526,tensor(7.7267)
849,9,0.009887587279081345,0.010682398453354836,0.16878336668014526,tensor(7.7267)
850,9,0.013439705595374107,0.010682398453354836,0.16878336668014526,tensor(7.7267)
851,9,0.03365614637732506,0.010682398453354836,0.16878336668014526,tensor(7.7267)
852,9,0.15002456307411194,0.010682398453354836,0.16878336668014526,tensor(7.7267)
853,9,0.007409193087369204,0.010682398453354836,0.16878336668014526,tensor(7.7267)
854,9,0.019556734710931778,0.010682398453354836,0.16878336668014526,tensor(7.7267)
855,9,0.369661420583725,0.010682398453354836,0.16878336668014526,tensor(7.7267)
856,9,0.02703917771577835,0.010682398453354836,0.16878336668014526,tensor(7.7267)
857,9,0.029111551120877266,0.010682398453354836,0.16878336668014526,tensor(7.7267)
858,9,0.015405954793095589,0.010682398453354836,0.16878336668014526,tensor(7.7267)
859,9,0.26755964756011963,0.010682398453354836,0.16878336668014526,tensor(7.7267)
860,9,0.01929304003715515,0.010682398453354836,0.16878336668014526,tensor(7.7267)
861,9,0.07615739107131958,0.010682398453354836,0.16878336668014526,tensor(7.7267)
862,9,0.22415791451931,0.010682398453354836,0.16878336668014526,tensor(7.7267)
863,9,0.18297643959522247,0.010682398453354836,0.16878336668014526,tensor(7.7267)
864,9,0.4951110780239105,0.010682398453354836,0.16878336668014526,tensor(7.7267)
865,9,0.40463417768478394,0.010682398453354836,0.16878336668014526,tensor(7.7267)
866,9,0.2374003827571869,0.010682398453354836,0.16878336668014526,tensor(7.7267)
867,9,0.0227377787232399,0.010682398453354836,0.16878336668014526,tensor(7.7267)
868,9,0.024259518831968307,0.010682398453354836,0.16878336668014526,tensor(7.7267)
869,9,0.012675361707806587,0.010682398453354836,0.16878336668014526,tensor(7.7267)
870,9,0.015343059785664082,0.010682398453354836,0.16878336668014526,tensor(7.7267)
871,9,0.1244218572974205,0.010682398453354836,0.16878336668014526,tensor(7.7267)
872,9,0.03237135708332062,0.010682398453354836,0.16878336668014526,tensor(7.7267)
873,9,0.01828894391655922,0.010682398453354836,0.16878336668014526,tensor(7.7267)
874,9,0.17185214161872864,0.010682398453354836,0.16878336668014526,tensor(7.7267)
875,9,0.2381458431482315,0.010682398453354836,0.16878336668014526,tensor(7.7267)
876,9,0.2133626639842987,0.010682398453354836,0.16878336668014526,tensor(7.7267)
877,9,0.014751582406461239,0.010682398453354836,0.16878336668014526,tensor(7.7267)
878,9,0.03407314419746399,0.010682398453354836,0.16878336668014526,tensor(7.7267)
879,9,0.024801617488265038,0.010682398453354836,0.16878336668014526,tensor(7.7267)
880,9,0.048787474632263184,0.010682398453354836,0.16878336668014526,tensor(7.7267)
881,9,0.016827140003442764,0.010682398453354836,0.16878336668014526,tensor(7.7267)
882,9,0.024316556751728058,0.010682398453354836,0.16878336668014526,tensor(7.7267)
883,9,0.19792678952217102,0.010682398453354836,0.16878336668014526,tensor(7.7267)
884,9,0.012846247293055058,0.010682398453354836,0.16878336668014526,tensor(7.7267)
885,9,0.03271462395787239,0.010682398453354836,0.16878336668014526,tensor(7.7267)
886,9,0.0026639760471880436,0.010682398453354836,0.16878336668014526,tensor(7.7267)
887,9,0.0042152609676122665,0.010682398453354836,0.16878336668014526,tensor(7.7267)
888,9,0.8306736946105957,0.010682398453354836,0.16878336668014526,tensor(7.7267)
889,9,0.08252644538879395,0.010682398453354836,0.16878336668014526,tensor(7.7267)
890,9,0.03805965930223465,0.010682398453354836,0.16878336668014526,tensor(7.7267)
891,9,0.011164473369717598,0.010682398453354836,0.16878336668014526,tensor(7.7267)
892,9,0.07429832965135574,0.010682398453354836,0.16878336668014526,tensor(7.7267)
893,9,0.7658095955848694,0.010682398453354836,0.16878336668014526,tensor(7.7267)
894,9,0.17285926640033722,0.010682398453354836,0.16878336668014526,tensor(7.7267)
895,9,0.4541158080101013,0.010682398453354836,0.16878336668014526,tensor(7.7267)
896,9,0.007308546453714371,0.010682398453354836,0.16878336668014526,tensor(7.7267)
897,9,0.010337185114622116,0.010682398453354836,0.16878336668014526,tensor(7.7267)
898,9,0.0857391431927681,0.010682398453354836,0.16878336668014526,tensor(7.7267)
899,9,0.14325222373008728,0.010682398453354836,0.16878336668014526,tensor(7.7267)
900,9,0.08476658910512924,0.010682398453354836,0.16878336668014526,tensor(7.7267)
901,9,0.53522789478302,0.010682398453354836,0.16878336668014526,tensor(7.7267)
902,9,0.9122616648674011,0.010682398453354836,0.16878336668014526,tensor(7.7267)
903,9,0.8522477149963379,0.010682398453354836,0.16878336668014526,tensor(7.7267)
904,9,0.9295462965965271,0.010682398453354836,0.16878336668014526,tensor(7.7267)
905,9,0.6852807402610779,0.010682398453354836,0.16878336668014526,tensor(7.7267)
906,9,0.9411458969116211,0.010682398453354836,0.16878336668014526,tensor(7.7267)
907,9,0.7986569404602051,0.010682398453354836,0.16878336668014526,tensor(7.7267)
908,9,0.6393595337867737,0.010682398453354836,0.16878336668014526,tensor(7.7267)
909,9,0.06229880824685097,0.010682398453354836,0.16878336668014526,tensor(7.7267)
910,9,0.1620774120092392,0.010682398453354836,0.16878336668014526,tensor(7.7267)
911,9,0.048608243465423584,0.010682398453354836,0.16878336668014526,tensor(7.7267)
912,9,0.016955342143774033,0.010682398453354836,0.16878336668014526,tensor(7.7267)
913,9,0.22481752932071686,0.010682398453354836,0.16878336668014526,tensor(7.7267)
914,9,0.019012518227100372,0.010682398453354836,0.16878336668014526,tensor(7.7267)
915,9,0.017720036208629608,0.010682398453354836,0.16878336668014526,tensor(7.7267)
916,9,0.036692213267087936,0.010682398453354836,0.16878336668014526,tensor(7.7267)
917,9,0.026412788778543472,0.010682398453354836,0.16878336668014526,tensor(7.7267)
918,9,0.029027558863162994,0.010682398453354836,0.16878336668014526,tensor(7.7267)
919,9,0.029027558863162994,0.11982588469982147,0.16878336668014526,tensor(7.7267)
920,9,0.029027558863162994,0.0071418103761971,0.16878336668014526,tensor(7.7267)
921,9,0.01841791719198227,0.0071418103761971,0.16878336668014526,tensor(7.7267)
921,10,0.01841791719198227,0.0071418103761971,2.025609254837036,tensor(-3.0656)
922,10,0.23008549213409424,0.0071418103761971,2.025609254837036,tensor(-3.0656)
923,10,0.3812583386898041,0.0071418103761971,2.025609254837036,tensor(-3.0656)
924,10,0.5306566953659058,0.0071418103761971,2.025609254837036,tensor(-3.0656)
925,10,0.031182721257209778,0.0071418103761971,2.025609254837036,tensor(-3.0656)
926,10,0.39746564626693726,0.0071418103761971,2.025609254837036,tensor(-3.0656)
927,10,0.20749476552009583,0.0071418103761971,2.025609254837036,tensor(-3.0656)
928,10,0.040399838238954544,0.0071418103761971,2.025609254837036,tensor(-3.0656)
929,10,0.020890142768621445,0.0071418103761971,2.025609254837036,tensor(-3.0656)
930,10,0.7159755825996399,0.0071418103761971,2.025609254837036,tensor(-3.0656)
931,10,0.07339464128017426,0.0071418103761971,2.025609254837036,tensor(-3.0656)
932,10,0.03601106256246567,0.0071418103761971,2.025609254837036,tensor(-3.0656)
933,10,0.009595688432455063,0.0071418103761971,2.025609254837036,tensor(-3.0656)
934,10,0.6132230758666992,0.0071418103761971,2.025609254837036,tensor(-3.0656)
935,10,0.01816723681986332,0.0071418103761971,2.025609254837036,tensor(-3.0656)
936,10,0.3873133063316345,0.0071418103761971,2.025609254837036,tensor(-3.0656)
937,10,0.06901522725820541,0.0071418103761971,2.025609254837036,tensor(-3.0656)
938,10,0.0442144051194191,0.0071418103761971,2.025609254837036,tensor(-3.0656)
939,10,0.9936791062355042,0.0071418103761971,2.025609254837036,tensor(-3.0656)
940,10,0.4324212670326233,0.0071418103761971,2.025609254837036,tensor(-3.0656)
941,10,0.008306721225380898,0.0071418103761971,2.025609254837036,tensor(-3.0656)
942,10,0.3407457172870636,0.0071418103761971,2.025609254837036,tensor(-3.0656)
943,10,0.06919980049133301,0.0071418103761971,2.025609254837036,tensor(-3.0656)
944,10,0.20366671681404114,0.0071418103761971,2.025609254837036,tensor(-3.0656)
945,10,0.103003591299057,0.0071418103761971,2.025609254837036,tensor(-3.0656)
946,10,0.1442692130804062,0.0071418103761971,2.025609254837036,tensor(-3.0656)
947,10,0.22288763523101807,0.0071418103761971,2.025609254837036,tensor(-3.0656)
948,10,0.03683771565556526,0.0071418103761971,2.025609254837036,tensor(-3.0656)
949,10,0.13323673605918884,0.0071418103761971,2.025609254837036,tensor(-3.0656)
950,10,0.0755028948187828,0.0071418103761971,2.025609254837036,tensor(-3.0656)
951,10,0.023538624867796898,0.0071418103761971,2.025609254837036,tensor(-3.0656)
952,10,0.34332549571990967,0.0071418103761971,2.025609254837036,tensor(-3.0656)
953,10,0.11003369092941284,0.0071418103761971,2.025609254837036,tensor(-3.0656)
954,10,0.03938042372465134,0.0071418103761971,2.025609254837036,tensor(-3.0656)
955,10,0.16446897387504578,0.0071418103761971,2.025609254837036,tensor(-3.0656)
956,10,0.009798468090593815,0.0071418103761971,2.025609254837036,tensor(-3.0656)
957,10,0.06456848978996277,0.0071418103761971,2.025609254837036,tensor(-3.0656)
958,10,0.2464059293270111,0.0071418103761971,2.025609254837036,tensor(-3.0656)
959,10,0.0933513343334198,0.0071418103761971,2.025609254837036,tensor(-3.0656)
960,10,0.15464389324188232,0.0071418103761971,2.025609254837036,tensor(-3.0656)
961,10,0.17155107855796814,0.0071418103761971,2.025609254837036,tensor(-3.0656)
962,10,0.06353795528411865,0.0071418103761971,2.025609254837036,tensor(-3.0656)
963,10,0.0984468013048172,0.0071418103761971,2.025609254837036,tensor(-3.0656)
964,10,0.2877584397792816,0.0071418103761971,2.025609254837036,tensor(-3.0656)
965,10,0.6819807291030884,0.0071418103761971,2.025609254837036,tensor(-3.0656)
966,10,0.033058684319257736,0.0071418103761971,2.025609254837036,tensor(-3.0656)
967,10,0.5395511388778687,0.0071418103761971,2.025609254837036,tensor(-3.0656)
968,10,0.057740218937397,0.0071418103761971,2.025609254837036,tensor(-3.0656)
969,10,0.03469906747341156,0.0071418103761971,2.025609254837036,tensor(-3.0656)
970,10,0.03000376559793949,0.0071418103761971,2.025609254837036,tensor(-3.0656)
971,10,0.020184936001896858,0.0071418103761971,2.025609254837036,tensor(-3.0656)
972,10,0.5823814868927002,0.0071418103761971,2.025609254837036,tensor(-3.0656)
973,10,0.07701818645000458,0.0071418103761971,2.025609254837036,tensor(-3.0656)
974,10,0.10993808507919312,0.0071418103761971,2.025609254837036,tensor(-3.0656)
975,10,0.005612639710307121,0.0071418103761971,2.025609254837036,tensor(-3.0656)
976,10,0.07536891847848892,0.0071418103761971,2.025609254837036,tensor(-3.0656)
977,10,0.05620478838682175,0.0071418103761971,2.025609254837036,tensor(-3.0656)
978,10,0.04187391698360443,0.0071418103761971,2.025609254837036,tensor(-3.0656)
979,10,0.014914131723344326,0.0071418103761971,2.025609254837036,tensor(-3.0656)
980,10,0.010110624134540558,0.0071418103761971,2.025609254837036,tensor(-3.0656)
981,10,0.01269584707915783,0.0071418103761971,2.025609254837036,tensor(-3.0656)
982,10,0.3810740113258362,0.0071418103761971,2.025609254837036,tensor(-3.0656)
983,10,0.12618140876293182,0.0071418103761971,2.025609254837036,tensor(-3.0656)
984,10,0.01746949553489685,0.0071418103761971,2.025609254837036,tensor(-3.0656)
985,10,0.013318362645804882,0.0071418103761971,2.025609254837036,tensor(-3.0656)
986,10,0.012855651788413525,0.0071418103761971,2.025609254837036,tensor(-3.0656)
987,10,0.027859658002853394,0.0071418103761971,2.025609254837036,tensor(-3.0656)
988,10,0.007597395218908787,0.0071418103761971,2.025609254837036,tensor(-3.0656)
989,10,0.11264225840568542,0.0071418103761971,2.025609254837036,tensor(-3.0656)
990,10,0.1837249994277954,0.0071418103761971,2.025609254837036,tensor(-3.0656)
991,10,0.017557522282004356,0.0071418103761971,2.025609254837036,tensor(-3.0656)
992,10,0.5581052899360657,0.0071418103761971,2.025609254837036,tensor(-3.0656)
993,10,0.01393832452595234,0.0071418103761971,2.025609254837036,tensor(-3.0656)
994,10,0.043104205280542374,0.0071418103761971,2.025609254837036,tensor(-3.0656)
995,10,0.03401854634284973,0.0071418103761971,2.025609254837036,tensor(-3.0656)
996,10,0.04069956764578819,0.0071418103761971,2.025609254837036,tensor(-3.0656)
997,10,0.03708731010556221,0.0071418103761971,2.025609254837036,tensor(-3.0656)
998,10,0.009018277749419212,0.0071418103761971,2.025609254837036,tensor(-3.0656)
999,10,0.005387827288359404,0.0071418103761971,2.025609254837036,tensor(-3.0656)
1000,10,0.05148271471261978,0.0071418103761971,2.025609254837036,tensor(-3.0656)
1001,10,0.8012362122535706,0.0071418103761971,2.025609254837036,tensor(-3.0656)
1002,10,0.06631655246019363,0.0071418103761971,2.025609254837036,tensor(-3.0656)
1003,10,0.29554566740989685,0.0071418103761971,2.025609254837036,tensor(-3.0656)
1004,10,0.03273114562034607,0.0071418103761971,2.025609254837036,tensor(-3.0656)
1005,10,0.018517011776566505,0.0071418103761971,2.025609254837036,tensor(-3.0656)
1006,10,0.20714327692985535,0.0071418103761971,2.025609254837036,tensor(-3.0656)
1007,10,0.004634463228285313,0.0071418103761971,2.025609254837036,tensor(-3.0656)
1008,10,0.020413435995578766,0.0071418103761971,2.025609254837036,tensor(-3.0656)
1009,10,0.0366368293762207,0.0071418103761971,2.025609254837036,tensor(-3.0656)
1010,10,0.029776355251669884,0.0071418103761971,2.025609254837036,tensor(-3.0656)
1011,10,0.08021275699138641,0.0071418103761971,2.025609254837036,tensor(-3.0656)
1012,10,0.15738490223884583,0.0071418103761971,2.025609254837036,tensor(-3.0656)
1013,10,0.017995309084653854,0.0071418103761971,2.025609254837036,tensor(-3.0656)
1014,10,0.25002968311309814,0.0071418103761971,2.025609254837036,tensor(-3.0656)
1015,10,0.01043400727212429,0.0071418103761971,2.025609254837036,tensor(-3.0656)
1016,10,0.9130789041519165,0.0071418103761971,2.025609254837036,tensor(-3.0656)
1017,10,0.20860469341278076,0.0071418103761971,2.025609254837036,tensor(-3.0656)
1018,10,0.5718940496444702,0.0071418103761971,2.025609254837036,tensor(-3.0656)
1019,10,0.17521455883979797,0.0071418103761971,2.025609254837036,tensor(-3.0656)
1020,10,0.09645931422710419,0.0071418103761971,2.025609254837036,tensor(-3.0656)
1021,10,0.09645931422710419,0.025033023208379745,2.025609254837036,tensor(-3.0656)
1022,10,0.09645931422710419,0.16239610314369202,2.025609254837036,tensor(-3.0656)
1023,10,0.030566729605197906,0.16239610314369202,2.025609254837036,tensor(-3.0656)
1023,11,0.030566729605197906,0.16239610314369202,0.05692858621478081,tensor(12.4467)
1024,11,0.0370955765247345,0.16239610314369202,0.05692858621478081,tensor(12.4467)
1025,11,0.11741411685943604,0.16239610314369202,0.05692858621478081,tensor(12.4467)
1026,11,0.02109868824481964,0.16239610314369202,0.05692858621478081,tensor(12.4467)
1027,11,0.012300240807235241,0.16239610314369202,0.05692858621478081,tensor(12.4467)
1028,11,0.10480231791734695,0.16239610314369202,0.05692858621478081,tensor(12.4467)
1029,11,0.1845885068178177,0.16239610314369202,0.05692858621478081,tensor(12.4467)
1030,11,0.24718889594078064,0.16239610314369202,0.05692858621478081,tensor(12.4467)
1031,11,0.008991250768303871,0.16239610314369202,0.05692858621478081,tensor(12.4467)
1032,11,0.21990147233009338,0.16239610314369202,0.05692858621478081,tensor(12.4467)
1033,11,0.10122990608215332,0.16239610314369202,0.05692858621478081,tensor(12.4467)
1034,11,0.01410171203315258,0.16239610314369202,0.05692858621478081,tensor(12.4467)
1035,11,0.14652875065803528,0.16239610314369202,0.05692858621478081,tensor(12.4467)
1036,11,0.45243364572525024,0.16239610314369202,0.05692858621478081,tensor(12.4467)
1037,11,0.008510665968060493,0.16239610314369202,0.05692858621478081,tensor(12.4467)
1038,11,0.19129791855812073,0.16239610314369202,0.05692858621478081,tensor(12.4467)
1039,11,0.5736285448074341,0.16239610314369202,0.05692858621478081,tensor(12.4467)
1040,11,0.04357563331723213,0.16239610314369202,0.05692858621478081,tensor(12.4467)
1041,11,0.25787898898124695,0.16239610314369202,0.05692858621478081,tensor(12.4467)
1042,11,0.2766211926937103,0.16239610314369202,0.05692858621478081,tensor(12.4467)
1043,11,0.012085611000657082,0.16239610314369202,0.05692858621478081,tensor(12.4467)
1044,11,0.01076964009553194,0.16239610314369202,0.05692858621478081,tensor(12.4467)
1045,11,0.605588972568512,0.16239610314369202,0.05692858621478081,tensor(12.4467)
1046,11,0.023693211376667023,0.16239610314369202,0.05692858621478081,tensor(12.4467)
1047,11,0.5295593738555908,0.16239610314369202,0.05692858621478081,tensor(12.4467)
1048,11,0.08001141995191574,0.16239610314369202,0.05692858621478081,tensor(12.4467)
1049,11,0.010165281593799591,0.16239610314369202,0.05692858621478081,tensor(12.4467)
1050,11,0.010510489344596863,0.16239610314369202,0.05692858621478081,tensor(12.4467)
1051,11,0.040834926068782806,0.16239610314369202,0.05692858621478081,tensor(12.4467)
1052,11,0.9395589828491211,0.16239610314369202,0.05692858621478081,tensor(12.4467)
1053,11,0.4111887812614441,0.16239610314369202,0.05692858621478081,tensor(12.4467)
1054,11,0.02872418612241745,0.16239610314369202,0.05692858621478081,tensor(12.4467)
1055,11,0.06107387691736221,0.16239610314369202,0.05692858621478081,tensor(12.4467)
1056,11,0.14373713731765747,0.16239610314369202,0.05692858621478081,tensor(12.4467)
1057,11,0.3705717921257019,0.16239610314369202,0.05692858621478081,tensor(12.4467)
1058,11,0.03930200636386871,0.16239610314369202,0.05692858621478081,tensor(12.4467)
1059,11,0.5553187131881714,0.16239610314369202,0.05692858621478081,tensor(12.4467)
1060,11,0.013581488281488419,0.16239610314369202,0.05692858621478081,tensor(12.4467)
1061,11,0.9031898379325867,0.16239610314369202,0.05692858621478081,tensor(12.4467)
1062,11,0.3797625005245209,0.16239610314369202,0.05692858621478081,tensor(12.4467)
1063,11,0.010990431532263756,0.16239610314369202,0.05692858621478081,tensor(12.4467)
1064,11,0.013653820380568504,0.16239610314369202,0.05692858621478081,tensor(12.4467)
1065,11,0.12673728168010712,0.16239610314369202,0.05692858621478081,tensor(12.4467)
1066,11,0.07326216250658035,0.16239610314369202,0.05692858621478081,tensor(12.4467)
1067,11,0.005402963608503342,0.16239610314369202,0.05692858621478081,tensor(12.4467)
1068,11,0.047691844403743744,0.16239610314369202,0.05692858621478081,tensor(12.4467)
1069,11,0.2982137203216553,0.16239610314369202,0.05692858621478081,tensor(12.4467)
1070,11,0.1262279748916626,0.16239610314369202,0.05692858621478081,tensor(12.4467)
1071,11,0.0644240602850914,0.16239610314369202,0.05692858621478081,tensor(12.4467)
1072,11,0.7570860385894775,0.16239610314369202,0.05692858621478081,tensor(12.4467)
1073,11,0.1491299867630005,0.16239610314369202,0.05692858621478081,tensor(12.4467)
1074,11,0.3724226951599121,0.16239610314369202,0.05692858621478081,tensor(12.4467)
1075,11,0.010641285218298435,0.16239610314369202,0.05692858621478081,tensor(12.4467)
1076,11,0.08241353929042816,0.16239610314369202,0.05692858621478081,tensor(12.4467)
1077,11,0.02062915824353695,0.16239610314369202,0.05692858621478081,tensor(12.4467)
1078,11,0.004522073082625866,0.16239610314369202,0.05692858621478081,tensor(12.4467)
1079,11,0.4451141357421875,0.16239610314369202,0.05692858621478081,tensor(12.4467)
1080,11,0.0071489932015538216,0.16239610314369202,0.05692858621478081,tensor(12.4467)
1081,11,0.04251784458756447,0.16239610314369202,0.05692858621478081,tensor(12.4467)
1082,11,0.005272102076560259,0.16239610314369202,0.05692858621478081,tensor(12.4467)
1083,11,0.029020005837082863,0.16239610314369202,0.05692858621478081,tensor(12.4467)
1084,11,0.3466125428676605,0.16239610314369202,0.05692858621478081,tensor(12.4467)
1085,11,0.2481962889432907,0.16239610314369202,0.05692858621478081,tensor(12.4467)
1086,11,0.06144414097070694,0.16239610314369202,0.05692858621478081,tensor(12.4467)
1087,11,0.2871810495853424,0.16239610314369202,0.05692858621478081,tensor(12.4467)
1088,11,0.03530891612172127,0.16239610314369202,0.05692858621478081,tensor(12.4467)
1089,11,0.34209996461868286,0.16239610314369202,0.05692858621478081,tensor(12.4467)
1090,11,0.03332291916012764,0.16239610314369202,0.05692858621478081,tensor(12.4467)
1091,11,0.03419288992881775,0.16239610314369202,0.05692858621478081,tensor(12.4467)
1092,11,0.12579622864723206,0.16239610314369202,0.05692858621478081,tensor(12.4467)
1093,11,0.018267067149281502,0.16239610314369202,0.05692858621478081,tensor(12.4467)
1094,11,0.02540551871061325,0.16239610314369202,0.05692858621478081,tensor(12.4467)
1095,11,0.25197404623031616,0.16239610314369202,0.05692858621478081,tensor(12.4467)
1096,11,0.6159920692443848,0.16239610314369202,0.05692858621478081,tensor(12.4467)
1097,11,0.024946214631199837,0.16239610314369202,0.05692858621478081,tensor(12.4467)
1098,11,0.7166240215301514,0.16239610314369202,0.05692858621478081,tensor(12.4467)
1099,11,0.9003023505210876,0.16239610314369202,0.05692858621478081,tensor(12.4467)
1100,11,0.003686015261337161,0.16239610314369202,0.05692858621478081,tensor(12.4467)
1101,11,0.058294013142585754,0.16239610314369202,0.05692858621478081,tensor(12.4467)
1102,11,0.07168903201818466,0.16239610314369202,0.05692858621478081,tensor(12.4467)
1103,11,0.0032807576935738325,0.16239610314369202,0.05692858621478081,tensor(12.4467)
1104,11,0.116492360830307,0.16239610314369202,0.05692858621478081,tensor(12.4467)
1105,11,0.20022983849048615,0.16239610314369202,0.05692858621478081,tensor(12.4467)
1106,11,0.03982793539762497,0.16239610314369202,0.05692858621478081,tensor(12.4467)
1107,11,0.02255615033209324,0.16239610314369202,0.05692858621478081,tensor(12.4467)
1108,11,0.42766618728637695,0.16239610314369202,0.05692858621478081,tensor(12.4467)
1109,11,0.03291232883930206,0.16239610314369202,0.05692858621478081,tensor(12.4467)
1110,11,0.25237226486206055,0.16239610314369202,0.05692858621478081,tensor(12.4467)
1111,11,0.3476482033729553,0.16239610314369202,0.05692858621478081,tensor(12.4467)
1112,11,0.020084671676158905,0.16239610314369202,0.05692858621478081,tensor(12.4467)
1113,11,0.26093313097953796,0.16239610314369202,0.05692858621478081,tensor(12.4467)
1114,11,0.510428786277771,0.16239610314369202,0.05692858621478081,tensor(12.4467)
1115,11,0.2739091217517853,0.16239610314369202,0.05692858621478081,tensor(12.4467)
1116,11,0.1067977324128151,0.16239610314369202,0.05692858621478081,tensor(12.4467)
1117,11,0.028892064467072487,0.16239610314369202,0.05692858621478081,tensor(12.4467)
1118,11,0.04994096979498863,0.16239610314369202,0.05692858621478081,tensor(12.4467)
1119,11,0.008647909387946129,0.16239610314369202,0.05692858621478081,tensor(12.4467)
1120,11,0.4526670575141907,0.16239610314369202,0.05692858621478081,tensor(12.4467)
1121,11,0.08352381736040115,0.16239610314369202,0.05692858621478081,tensor(12.4467)
1122,11,0.12664911150932312,0.16239610314369202,0.05692858621478081,tensor(12.4467)
1123,11,0.12664911150932312,0.01633530855178833,0.05692858621478081,tensor(12.4467)
1124,11,0.12664911150932312,0.6342008113861084,0.05692858621478081,tensor(12.4467)
1125,11,0.5387543439865112,0.6342008113861084,0.05692858621478081,tensor(12.4467)
1125,12,0.5387543439865112,0.6342008113861084,0.0715227946639061,tensor(11.4556)
1126,12,0.7972095012664795,0.6342008113861084,0.0715227946639061,tensor(11.4556)
1127,12,0.015196133404970169,0.6342008113861084,0.0715227946639061,tensor(11.4556)
1128,12,0.5110978484153748,0.6342008113861084,0.0715227946639061,tensor(11.4556)
1129,12,0.12703168392181396,0.6342008113861084,0.0715227946639061,tensor(11.4556)
1130,12,0.5085352063179016,0.6342008113861084,0.0715227946639061,tensor(11.4556)
1131,12,0.006643512286245823,0.6342008113861084,0.0715227946639061,tensor(11.4556)
1132,12,0.20671847462654114,0.6342008113861084,0.0715227946639061,tensor(11.4556)
1133,12,0.16555963456630707,0.6342008113861084,0.0715227946639061,tensor(11.4556)
1134,12,0.00532682565972209,0.6342008113861084,0.0715227946639061,tensor(11.4556)
1135,12,0.7129665017127991,0.6342008113861084,0.0715227946639061,tensor(11.4556)
1136,12,0.01008065789937973,0.6342008113861084,0.0715227946639061,tensor(11.4556)
1137,12,0.15057429671287537,0.6342008113861084,0.0715227946639061,tensor(11.4556)
1138,12,0.019571159034967422,0.6342008113861084,0.0715227946639061,tensor(11.4556)
1139,12,0.19014635682106018,0.6342008113861084,0.0715227946639061,tensor(11.4556)
1140,12,0.18510285019874573,0.6342008113861084,0.0715227946639061,tensor(11.4556)
1141,12,0.5497995615005493,0.6342008113861084,0.0715227946639061,tensor(11.4556)
1142,12,0.011593978852033615,0.6342008113861084,0.0715227946639061,tensor(11.4556)
1143,12,0.3455876111984253,0.6342008113861084,0.0715227946639061,tensor(11.4556)
1144,12,0.4206380844116211,0.6342008113861084,0.0715227946639061,tensor(11.4556)
1145,12,0.20402492582798004,0.6342008113861084,0.0715227946639061,tensor(11.4556)
1146,12,0.061705175787210464,0.6342008113861084,0.0715227946639061,tensor(11.4556)
1147,12,0.26397234201431274,0.6342008113861084,0.0715227946639061,tensor(11.4556)
1148,12,0.02307407557964325,0.6342008113861084,0.0715227946639061,tensor(11.4556)
1149,12,0.030785080045461655,0.6342008113861084,0.0715227946639061,tensor(11.4556)
1150,12,0.026528768241405487,0.6342008113861084,0.0715227946639061,tensor(11.4556)
1151,12,0.14287054538726807,0.6342008113861084,0.0715227946639061,tensor(11.4556)
1152,12,0.11868521571159363,0.6342008113861084,0.0715227946639061,tensor(11.4556)
1153,12,0.6095128059387207,0.6342008113861084,0.0715227946639061,tensor(11.4556)
1154,12,0.34240633249282837,0.6342008113861084,0.0715227946639061,tensor(11.4556)
1155,12,0.16010652482509613,0.6342008113861084,0.0715227946639061,tensor(11.4556)
1156,12,0.035290271043777466,0.6342008113861084,0.0715227946639061,tensor(11.4556)
1157,12,0.0078570656478405,0.6342008113861084,0.0715227946639061,tensor(11.4556)
1158,12,0.8194553852081299,0.6342008113861084,0.0715227946639061,tensor(11.4556)
1159,12,0.26044437289237976,0.6342008113861084,0.0715227946639061,tensor(11.4556)
1160,12,0.05239160731434822,0.6342008113861084,0.0715227946639061,tensor(11.4556)
1161,12,0.02654370851814747,0.6342008113861084,0.0715227946639061,tensor(11.4556)
1162,12,0.1265128254890442,0.6342008113861084,0.0715227946639061,tensor(11.4556)
1163,12,0.026952654123306274,0.6342008113861084,0.0715227946639061,tensor(11.4556)
1164,12,0.28011199831962585,0.6342008113861084,0.0715227946639061,tensor(11.4556)
1165,12,0.008616403676569462,0.6342008113861084,0.0715227946639061,tensor(11.4556)
1166,12,0.1668897122144699,0.6342008113861084,0.0715227946639061,tensor(11.4556)
1167,12,0.030040478333830833,0.6342008113861084,0.0715227946639061,tensor(11.4556)
1168,12,0.01717749610543251,0.6342008113861084,0.0715227946639061,tensor(11.4556)
1169,12,0.00325177819468081,0.6342008113861084,0.0715227946639061,tensor(11.4556)
1170,12,0.036436036229133606,0.6342008113861084,0.0715227946639061,tensor(11.4556)
1171,12,0.08549455553293228,0.6342008113861084,0.0715227946639061,tensor(11.4556)
1172,12,0.03463742136955261,0.6342008113861084,0.0715227946639061,tensor(11.4556)
1173,12,0.05086885392665863,0.6342008113861084,0.0715227946639061,tensor(11.4556)
1174,12,0.08956548571586609,0.6342008113861084,0.0715227946639061,tensor(11.4556)
1175,12,0.102725088596344,0.6342008113861084,0.0715227946639061,tensor(11.4556)
1176,12,0.5164393782615662,0.6342008113861084,0.0715227946639061,tensor(11.4556)
1177,12,0.1285708248615265,0.6342008113861084,0.0715227946639061,tensor(11.4556)
1178,12,0.01611368916928768,0.6342008113861084,0.0715227946639061,tensor(11.4556)
1179,12,0.0025431085377931595,0.6342008113861084,0.0715227946639061,tensor(11.4556)
1180,12,0.0028498556930571795,0.6342008113861084,0.0715227946639061,tensor(11.4556)
1181,12,0.002322311047464609,0.6342008113861084,0.0715227946639061,tensor(11.4556)
1182,12,0.6505000591278076,0.6342008113861084,0.0715227946639061,tensor(11.4556)
1183,12,0.015235807746648788,0.6342008113861084,0.0715227946639061,tensor(11.4556)
1184,12,0.1079535037279129,0.6342008113861084,0.0715227946639061,tensor(11.4556)
1185,12,0.05771074444055557,0.6342008113861084,0.0715227946639061,tensor(11.4556)
1186,12,0.13758280873298645,0.6342008113861084,0.0715227946639061,tensor(11.4556)
1187,12,0.9982816576957703,0.6342008113861084,0.0715227946639061,tensor(11.4556)
1188,12,0.03935955837368965,0.6342008113861084,0.0715227946639061,tensor(11.4556)
1189,12,0.9422574043273926,0.6342008113861084,0.0715227946639061,tensor(11.4556)
1190,12,0.516048014163971,0.6342008113861084,0.0715227946639061,tensor(11.4556)
1191,12,0.006648811511695385,0.6342008113861084,0.0715227946639061,tensor(11.4556)
1192,12,0.23870329558849335,0.6342008113861084,0.0715227946639061,tensor(11.4556)
1193,12,0.17685870826244354,0.6342008113861084,0.0715227946639061,tensor(11.4556)
1194,12,0.0038570603355765343,0.6342008113861084,0.0715227946639061,tensor(11.4556)
1195,12,0.05777810886502266,0.6342008113861084,0.0715227946639061,tensor(11.4556)
1196,12,0.01894385553896427,0.6342008113861084,0.0715227946639061,tensor(11.4556)
1197,12,0.014857573434710503,0.6342008113861084,0.0715227946639061,tensor(11.4556)
1198,12,0.08623401820659637,0.6342008113861084,0.0715227946639061,tensor(11.4556)
1199,12,0.4601672887802124,0.6342008113861084,0.0715227946639061,tensor(11.4556)
1200,12,0.00946757011115551,0.6342008113861084,0.0715227946639061,tensor(11.4556)
1201,12,0.009319676086306572,0.6342008113861084,0.0715227946639061,tensor(11.4556)
1202,12,0.002229857724159956,0.6342008113861084,0.0715227946639061,tensor(11.4556)
1203,12,0.22346463799476624,0.6342008113861084,0.0715227946639061,tensor(11.4556)
1204,12,0.8282426595687866,0.6342008113861084,0.0715227946639061,tensor(11.4556)
1205,12,0.004223833791911602,0.6342008113861084,0.0715227946639061,tensor(11.4556)
1206,12,0.00676722452044487,0.6342008113861084,0.0715227946639061,tensor(11.4556)
1207,12,0.07256190478801727,0.6342008113861084,0.0715227946639061,tensor(11.4556)
1208,12,0.034090183675289154,0.6342008113861084,0.0715227946639061,tensor(11.4556)
1209,12,0.5073416233062744,0.6342008113861084,0.0715227946639061,tensor(11.4556)
1210,12,0.3679293990135193,0.6342008113861084,0.0715227946639061,tensor(11.4556)
1211,12,0.07302778959274292,0.6342008113861084,0.0715227946639061,tensor(11.4556)
1212,12,0.4285943806171417,0.6342008113861084,0.0715227946639061,tensor(11.4556)
1213,12,0.48451757431030273,0.6342008113861084,0.0715227946639061,tensor(11.4556)
1214,12,0.11677003651857376,0.6342008113861084,0.0715227946639061,tensor(11.4556)
1215,12,0.4253804087638855,0.6342008113861084,0.0715227946639061,tensor(11.4556)
1216,12,0.09051783382892609,0.6342008113861084,0.0715227946639061,tensor(11.4556)
1217,12,0.016245609149336815,0.6342008113861084,0.0715227946639061,tensor(11.4556)
1218,12,0.005445342510938644,0.6342008113861084,0.0715227946639061,tensor(11.4556)
1219,12,0.07547213137149811,0.6342008113861084,0.0715227946639061,tensor(11.4556)
1220,12,0.09316276013851166,0.6342008113861084,0.0715227946639061,tensor(11.4556)
1221,12,0.05096633732318878,0.6342008113861084,0.0715227946639061,tensor(11.4556)
1222,12,0.5529454946517944,0.6342008113861084,0.0715227946639061,tensor(11.4556)
1223,12,0.004401166923344135,0.6342008113861084,0.0715227946639061,tensor(11.4556)
1224,12,0.43429112434387207,0.6342008113861084,0.0715227946639061,tensor(11.4556)
1225,12,0.43429112434387207,0.37755703926086426,0.0715227946639061,tensor(11.4556)
1226,12,0.43429112434387207,1.011807918548584,0.0715227946639061,tensor(11.4556)
1227,12,0.019005119800567627,1.011807918548584,0.0715227946639061,tensor(11.4556)
1227,13,0.019005119800567627,1.011807918548584,0.0654388889670372,tensor(11.8416)
1228,13,0.03436187654733658,1.011807918548584,0.0654388889670372,tensor(11.8416)
1229,13,0.0988340973854065,1.011807918548584,0.0654388889670372,tensor(11.8416)
1230,13,0.17611874639987946,1.011807918548584,0.0654388889670372,tensor(11.8416)
1231,13,0.003900510026142001,1.011807918548584,0.0654388889670372,tensor(11.8416)
1232,13,0.048370372503995895,1.011807918548584,0.0654388889670372,tensor(11.8416)
1233,13,0.03718884289264679,1.011807918548584,0.0654388889670372,tensor(11.8416)
1234,13,0.32934170961380005,1.011807918548584,0.0654388889670372,tensor(11.8416)
1235,13,0.02660168893635273,1.011807918548584,0.0654388889670372,tensor(11.8416)
1236,13,0.9161908626556396,1.011807918548584,0.0654388889670372,tensor(11.8416)
1237,13,0.01591787114739418,1.011807918548584,0.0654388889670372,tensor(11.8416)
1238,13,0.21227304637432098,1.011807918548584,0.0654388889670372,tensor(11.8416)
1239,13,0.5744982957839966,1.011807918548584,0.0654388889670372,tensor(11.8416)
1240,13,0.007428937125951052,1.011807918548584,0.0654388889670372,tensor(11.8416)
1241,13,0.154029980301857,1.011807918548584,0.0654388889670372,tensor(11.8416)
1242,13,0.03949544578790665,1.011807918548584,0.0654388889670372,tensor(11.8416)
1243,13,0.7245811223983765,1.011807918548584,0.0654388889670372,tensor(11.8416)
1244,13,0.2480689436197281,1.011807918548584,0.0654388889670372,tensor(11.8416)
1245,13,0.018648741766810417,1.011807918548584,0.0654388889670372,tensor(11.8416)
1246,13,0.12061190605163574,1.011807918548584,0.0654388889670372,tensor(11.8416)
1247,13,0.045688651502132416,1.011807918548584,0.0654388889670372,tensor(11.8416)
1248,13,0.30797654390335083,1.011807918548584,0.0654388889670372,tensor(11.8416)
1249,13,0.6208925247192383,1.011807918548584,0.0654388889670372,tensor(11.8416)
1250,13,0.026109909638762474,1.011807918548584,0.0654388889670372,tensor(11.8416)
1251,13,0.005545133724808693,1.011807918548584,0.0654388889670372,tensor(11.8416)
1252,13,0.00586266303434968,1.011807918548584,0.0654388889670372,tensor(11.8416)
1253,13,0.03587546944618225,1.011807918548584,0.0654388889670372,tensor(11.8416)
1254,13,0.01725447177886963,1.011807918548584,0.0654388889670372,tensor(11.8416)
1255,13,0.04455927759408951,1.011807918548584,0.0654388889670372,tensor(11.8416)
1256,13,0.09424270689487457,1.011807918548584,0.0654388889670372,tensor(11.8416)
1257,13,0.013095587491989136,1.011807918548584,0.0654388889670372,tensor(11.8416)
1258,13,0.00500392634421587,1.011807918548584,0.0654388889670372,tensor(11.8416)
1259,13,0.11431529372930527,1.011807918548584,0.0654388889670372,tensor(11.8416)
1260,13,0.24778670072555542,1.011807918548584,0.0654388889670372,tensor(11.8416)
1261,13,0.05608756095170975,1.011807918548584,0.0654388889670372,tensor(11.8416)
1262,13,0.04363222420215607,1.011807918548584,0.0654388889670372,tensor(11.8416)
1263,13,0.03272409737110138,1.011807918548584,0.0654388889670372,tensor(11.8416)
1264,13,0.025903979316353798,1.011807918548584,0.0654388889670372,tensor(11.8416)
1265,13,0.08940828591585159,1.011807918548584,0.0654388889670372,tensor(11.8416)
1266,13,0.05082467198371887,1.011807918548584,0.0654388889670372,tensor(11.8416)
1267,13,0.07020758092403412,1.011807918548584,0.0654388889670372,tensor(11.8416)
1268,13,0.08378356695175171,1.011807918548584,0.0654388889670372,tensor(11.8416)
1269,13,0.003121200017631054,1.011807918548584,0.0654388889670372,tensor(11.8416)
1270,13,0.005135905928909779,1.011807918548584,0.0654388889670372,tensor(11.8416)
1271,13,0.11462317407131195,1.011807918548584,0.0654388889670372,tensor(11.8416)
1272,13,0.32816287875175476,1.011807918548584,0.0654388889670372,tensor(11.8416)
1273,13,0.5010688304901123,1.011807918548584,0.0654388889670372,tensor(11.8416)
1274,13,0.03341563045978546,1.011807918548584,0.0654388889670372,tensor(11.8416)
1275,13,0.2456405609846115,1.011807918548584,0.0654388889670372,tensor(11.8416)
1276,13,0.03311282396316528,1.011807918548584,0.0654388889670372,tensor(11.8416)
1277,13,0.023819616064429283,1.011807918548584,0.0654388889670372,tensor(11.8416)
1278,13,0.005700003355741501,1.011807918548584,0.0654388889670372,tensor(11.8416)
1279,13,0.24282188713550568,1.011807918548584,0.0654388889670372,tensor(11.8416)
1280,13,0.25489699840545654,1.011807918548584,0.0654388889670372,tensor(11.8416)
1281,13,0.05425707995891571,1.011807918548584,0.0654388889670372,tensor(11.8416)
1282,13,0.007282753475010395,1.011807918548584,0.0654388889670372,tensor(11.8416)
1283,13,0.07987123727798462,1.011807918548584,0.0654388889670372,tensor(11.8416)
1284,13,0.08841463923454285,1.011807918548584,0.0654388889670372,tensor(11.8416)
1285,13,0.0040761432610452175,1.011807918548584,0.0654388889670372,tensor(11.8416)
1286,13,0.007511402014642954,1.011807918548584,0.0654388889670372,tensor(11.8416)
1287,13,0.44327419996261597,1.011807918548584,0.0654388889670372,tensor(11.8416)
1288,13,0.030210159718990326,1.011807918548584,0.0654388889670372,tensor(11.8416)
1289,13,0.014675933867692947,1.011807918548584,0.0654388889670372,tensor(11.8416)
1290,13,0.004403105936944485,1.011807918548584,0.0654388889670372,tensor(11.8416)
1291,13,0.22168582677841187,1.011807918548584,0.0654388889670372,tensor(11.8416)
1292,13,0.31004399061203003,1.011807918548584,0.0654388889670372,tensor(11.8416)
1293,13,0.06421422958374023,1.011807918548584,0.0654388889670372,tensor(11.8416)
1294,13,0.05231904238462448,1.011807918548584,0.0654388889670372,tensor(11.8416)
1295,13,0.025780638679862022,1.011807918548584,0.0654388889670372,tensor(11.8416)
1296,13,0.2250487208366394,1.011807918548584,0.0654388889670372,tensor(11.8416)
1297,13,0.7132666110992432,1.011807918548584,0.0654388889670372,tensor(11.8416)
1298,13,0.007626874838024378,1.011807918548584,0.0654388889670372,tensor(11.8416)
1299,13,0.04267863929271698,1.011807918548584,0.0654388889670372,tensor(11.8416)
1300,13,0.01995277777314186,1.011807918548584,0.0654388889670372,tensor(11.8416)
1301,13,0.4218890070915222,1.011807918548584,0.0654388889670372,tensor(11.8416)
1302,13,0.05121483653783798,1.011807918548584,0.0654388889670372,tensor(11.8416)
1303,13,0.2585771679878235,1.011807918548584,0.0654388889670372,tensor(11.8416)
1304,13,0.00628177123144269,1.011807918548584,0.0654388889670372,tensor(11.8416)
1305,13,0.08166550099849701,1.011807918548584,0.0654388889670372,tensor(11.8416)
1306,13,0.3666496276855469,1.011807918548584,0.0654388889670372,tensor(11.8416)
1307,13,0.041490375995635986,1.011807918548584,0.0654388889670372,tensor(11.8416)
1308,13,0.012914418242871761,1.011807918548584,0.0654388889670372,tensor(11.8416)
1309,13,0.010284621268510818,1.011807918548584,0.0654388889670372,tensor(11.8416)
1310,13,0.027438320219516754,1.011807918548584,0.0654388889670372,tensor(11.8416)
1311,13,0.12898583710193634,1.011807918548584,0.0654388889670372,tensor(11.8416)
1312,13,0.013859696686267853,1.011807918548584,0.0654388889670372,tensor(11.8416)
1313,13,0.016493719071149826,1.011807918548584,0.0654388889670372,tensor(11.8416)
1314,13,0.1248152032494545,1.011807918548584,0.0654388889670372,tensor(11.8416)
1315,13,0.009730187244713306,1.011807918548584,0.0654388889670372,tensor(11.8416)
1316,13,0.8921610116958618,1.011807918548584,0.0654388889670372,tensor(11.8416)
1317,13,0.039036624133586884,1.011807918548584,0.0654388889670372,tensor(11.8416)
1318,13,0.17287364602088928,1.011807918548584,0.0654388889670372,tensor(11.8416)
1319,13,0.03634617477655411,1.011807918548584,0.0654388889670372,tensor(11.8416)
1320,13,0.02172836661338806,1.011807918548584,0.0654388889670372,tensor(11.8416)
1321,13,0.014940711669623852,1.011807918548584,0.0654388889670372,tensor(11.8416)
1322,13,0.011673460714519024,1.011807918548584,0.0654388889670372,tensor(11.8416)
1323,13,0.028014130890369415,1.011807918548584,0.0654388889670372,tensor(11.8416)
1324,13,0.531279444694519,1.011807918548584,0.0654388889670372,tensor(11.8416)
1325,13,0.02933492511510849,1.011807918548584,0.0654388889670372,tensor(11.8416)
1326,13,1.0536497831344604,1.011807918548584,0.0654388889670372,tensor(11.8416)
1327,13,1.0536497831344604,0.01727292500436306,0.0654388889670372,tensor(11.8416)
1328,13,1.0536497831344604,0.05346912518143654,0.0654388889670372,tensor(11.8416)
1329,13,0.3469335436820984,0.05346912518143654,0.0654388889670372,tensor(11.8416)
1329,14,0.3469335436820984,0.05346912518143654,0.13014353811740875,tensor(8.8558)
1330,14,0.05154389888048172,0.05346912518143654,0.13014353811740875,tensor(8.8558)
1331,14,0.03822430223226547,0.05346912518143654,0.13014353811740875,tensor(8.8558)
1332,14,0.0034532600548118353,0.05346912518143654,0.13014353811740875,tensor(8.8558)
1333,14,0.018648874014616013,0.05346912518143654,0.13014353811740875,tensor(8.8558)
1334,14,0.00993361510336399,0.05346912518143654,0.13014353811740875,tensor(8.8558)
1335,14,1.076578974723816,0.05346912518143654,0.13014353811740875,tensor(8.8558)
1336,14,0.3719896972179413,0.05346912518143654,0.13014353811740875,tensor(8.8558)
1337,14,0.24124188721179962,0.05346912518143654,0.13014353811740875,tensor(8.8558)
1338,14,0.7303837537765503,0.05346912518143654,0.13014353811740875,tensor(8.8558)
1339,14,0.019094020128250122,0.05346912518143654,0.13014353811740875,tensor(8.8558)
1340,14,0.23634371161460876,0.05346912518143654,0.13014353811740875,tensor(8.8558)
1341,14,0.1704772710800171,0.05346912518143654,0.13014353811740875,tensor(8.8558)
1342,14,0.15950897336006165,0.05346912518143654,0.13014353811740875,tensor(8.8558)
1343,14,0.08638745546340942,0.05346912518143654,0.13014353811740875,tensor(8.8558)
1344,14,0.049566734582185745,0.05346912518143654,0.13014353811740875,tensor(8.8558)
1345,14,0.03273117542266846,0.05346912518143654,0.13014353811740875,tensor(8.8558)
1346,14,0.016205554828047752,0.05346912518143654,0.13014353811740875,tensor(8.8558)
1347,14,0.01299639418721199,0.05346912518143654,0.13014353811740875,tensor(8.8558)
1348,14,0.9960300922393799,0.05346912518143654,0.13014353811740875,tensor(8.8558)
1349,14,0.015402892604470253,0.05346912518143654,0.13014353811740875,tensor(8.8558)
1350,14,0.5034517645835876,0.05346912518143654,0.13014353811740875,tensor(8.8558)
1351,14,0.1214388981461525,0.05346912518143654,0.13014353811740875,tensor(8.8558)
1352,14,0.24660563468933105,0.05346912518143654,0.13014353811740875,tensor(8.8558)
1353,14,0.006544624455273151,0.05346912518143654,0.13014353811740875,tensor(8.8558)
1354,14,0.0513385534286499,0.05346912518143654,0.13014353811740875,tensor(8.8558)
1355,14,0.07213316112756729,0.05346912518143654,0.13014353811740875,tensor(8.8558)
1356,14,0.38469046354293823,0.05346912518143654,0.13014353811740875,tensor(8.8558)
1357,14,0.03872911259531975,0.05346912518143654,0.13014353811740875,tensor(8.8558)
1358,14,0.2570105493068695,0.05346912518143654,0.13014353811740875,tensor(8.8558)
1359,14,0.8130255937576294,0.05346912518143654,0.13014353811740875,tensor(8.8558)
1360,14,0.08177727460861206,0.05346912518143654,0.13014353811740875,tensor(8.8558)
1361,14,0.20785710215568542,0.05346912518143654,0.13014353811740875,tensor(8.8558)
1362,14,0.10386940836906433,0.05346912518143654,0.13014353811740875,tensor(8.8558)
1363,14,0.005117147229611874,0.05346912518143654,0.13014353811740875,tensor(8.8558)
1364,14,0.47038206458091736,0.05346912518143654,0.13014353811740875,tensor(8.8558)
1365,14,0.018840204924345016,0.05346912518143654,0.13014353811740875,tensor(8.8558)
1366,14,0.09591306000947952,0.05346912518143654,0.13014353811740875,tensor(8.8558)
1367,14,0.04895458742976189,0.05346912518143654,0.13014353811740875,tensor(8.8558)
1368,14,0.21794253587722778,0.05346912518143654,0.13014353811740875,tensor(8.8558)
1369,14,0.5835320949554443,0.05346912518143654,0.13014353811740875,tensor(8.8558)
1370,14,0.5289832949638367,0.05346912518143654,0.13014353811740875,tensor(8.8558)
1371,14,0.2490921914577484,0.05346912518143654,0.13014353811740875,tensor(8.8558)
1372,14,0.012396161444485188,0.05346912518143654,0.13014353811740875,tensor(8.8558)
1373,14,0.18544791638851166,0.05346912518143654,0.13014353811740875,tensor(8.8558)
1374,14,0.6937540173530579,0.05346912518143654,0.13014353811740875,tensor(8.8558)
1375,14,0.029064495116472244,0.05346912518143654,0.13014353811740875,tensor(8.8558)
1376,14,0.4449926018714905,0.05346912518143654,0.13014353811740875,tensor(8.8558)
1377,14,0.443317711353302,0.05346912518143654,0.13014353811740875,tensor(8.8558)
1378,14,0.5425813794136047,0.05346912518143654,0.13014353811740875,tensor(8.8558)
1379,14,0.259542316198349,0.05346912518143654,0.13014353811740875,tensor(8.8558)
1380,14,0.03294498100876808,0.05346912518143654,0.13014353811740875,tensor(8.8558)
1381,14,0.006661156192421913,0.05346912518143654,0.13014353811740875,tensor(8.8558)
1382,14,0.23808901011943817,0.05346912518143654,0.13014353811740875,tensor(8.8558)
1383,14,0.034862220287323,0.05346912518143654,0.13014353811740875,tensor(8.8558)
1384,14,0.012927243486046791,0.05346912518143654,0.13014353811740875,tensor(8.8558)
1385,14,0.007629837840795517,0.05346912518143654,0.13014353811740875,tensor(8.8558)
1386,14,0.014603011310100555,0.05346912518143654,0.13014353811740875,tensor(8.8558)
1387,14,0.4219766855239868,0.05346912518143654,0.13014353811740875,tensor(8.8558)
1388,14,0.033895693719387054,0.05346912518143654,0.13014353811740875,tensor(8.8558)
1389,14,0.023957734927535057,0.05346912518143654,0.13014353811740875,tensor(8.8558)
1390,14,0.08956342190504074,0.05346912518143654,0.13014353811740875,tensor(8.8558)
1391,14,0.005573500879108906,0.05346912518143654,0.13014353811740875,tensor(8.8558)
1392,14,0.01041005551815033,0.05346912518143654,0.13014353811740875,tensor(8.8558)
1393,14,0.004183047451078892,0.05346912518143654,0.13014353811740875,tensor(8.8558)
1394,14,0.17673391103744507,0.05346912518143654,0.13014353811740875,tensor(8.8558)
1395,14,0.014302991330623627,0.05346912518143654,0.13014353811740875,tensor(8.8558)
1396,14,0.05980750918388367,0.05346912518143654,0.13014353811740875,tensor(8.8558)
1397,14,0.031251344829797745,0.05346912518143654,0.13014353811740875,tensor(8.8558)
1398,14,0.12047864496707916,0.05346912518143654,0.13014353811740875,tensor(8.8558)
1399,14,0.15397320687770844,0.05346912518143654,0.13014353811740875,tensor(8.8558)
1400,14,0.11462286114692688,0.05346912518143654,0.13014353811740875,tensor(8.8558)
1401,14,0.12930572032928467,0.05346912518143654,0.13014353811740875,tensor(8.8558)
1402,14,0.47823911905288696,0.05346912518143654,0.13014353811740875,tensor(8.8558)
1403,14,0.12509724497795105,0.05346912518143654,0.13014353811740875,tensor(8.8558)
1404,14,0.13711267709732056,0.05346912518143654,0.13014353811740875,tensor(8.8558)
1405,14,0.3731605112552643,0.05346912518143654,0.13014353811740875,tensor(8.8558)
1406,14,0.10921770334243774,0.05346912518143654,0.13014353811740875,tensor(8.8558)
1407,14,0.05643909424543381,0.05346912518143654,0.13014353811740875,tensor(8.8558)
1408,14,0.234670490026474,0.05346912518143654,0.13014353811740875,tensor(8.8558)
1409,14,0.030409757047891617,0.05346912518143654,0.13014353811740875,tensor(8.8558)
1410,14,0.015560479834675789,0.05346912518143654,0.13014353811740875,tensor(8.8558)
1411,14,0.0710446685552597,0.05346912518143654,0.13014353811740875,tensor(8.8558)
1412,14,0.019219450652599335,0.05346912518143654,0.13014353811740875,tensor(8.8558)
1413,14,0.7095915079116821,0.05346912518143654,0.13014353811740875,tensor(8.8558)
1414,14,0.013987736776471138,0.05346912518143654,0.13014353811740875,tensor(8.8558)
1415,14,0.029391758143901825,0.05346912518143654,0.13014353811740875,tensor(8.8558)
1416,14,0.0967220813035965,0.05346912518143654,0.13014353811740875,tensor(8.8558)
1417,14,0.24551866948604584,0.05346912518143654,0.13014353811740875,tensor(8.8558)
1418,14,0.004230782389640808,0.05346912518143654,0.13014353811740875,tensor(8.8558)
1419,14,0.018297825008630753,0.05346912518143654,0.13014353811740875,tensor(8.8558)
1420,14,0.049074575304985046,0.05346912518143654,0.13014353811740875,tensor(8.8558)
1421,14,0.026303526014089584,0.05346912518143654,0.13014353811740875,tensor(8.8558)
1422,14,0.13752110302448273,0.05346912518143654,0.13014353811740875,tensor(8.8558)
1423,14,0.0261670034378767,0.05346912518143654,0.13014353811740875,tensor(8.8558)
1424,14,0.10103046894073486,0.05346912518143654,0.13014353811740875,tensor(8.8558)
1425,14,0.036313869059085846,0.05346912518143654,0.13014353811740875,tensor(8.8558)
1426,14,0.005990001372992992,0.05346912518143654,0.13014353811740875,tensor(8.8558)
1427,14,0.040275938808918,0.05346912518143654,0.13014353811740875,tensor(8.8558)
1428,14,0.010990133509039879,0.05346912518143654,0.13014353811740875,tensor(8.8558)
1429,14,0.010990133509039879,0.49976983666419983,0.13014353811740875,tensor(8.8558)
1430,14,0.010990133509039879,0.28590452671051025,0.13014353811740875,tensor(8.8558)
1431,14,0.09020671248435974,0.28590452671051025,0.13014353811740875,tensor(8.8558)
1431,15,0.09020671248435974,0.28590452671051025,0.20385022461414337,tensor(6.9069)
1432,15,0.3475147485733032,0.28590452671051025,0.20385022461414337,tensor(6.9069)
1433,15,0.015671003609895706,0.28590452671051025,0.20385022461414337,tensor(6.9069)
1434,15,0.049384765326976776,0.28590452671051025,0.20385022461414337,tensor(6.9069)
1435,15,0.040321044623851776,0.28590452671051025,0.20385022461414337,tensor(6.9069)
1436,15,0.008292632177472115,0.28590452671051025,0.20385022461414337,tensor(6.9069)
1437,15,0.010152596980333328,0.28590452671051025,0.20385022461414337,tensor(6.9069)
1438,15,0.22262194752693176,0.28590452671051025,0.20385022461414337,tensor(6.9069)
1439,15,0.094139963388443,0.28590452671051025,0.20385022461414337,tensor(6.9069)
1440,15,0.05070899799466133,0.28590452671051025,0.20385022461414337,tensor(6.9069)
1441,15,0.01228528656065464,0.28590452671051025,0.20385022461414337,tensor(6.9069)
1442,15,0.6822755336761475,0.28590452671051025,0.20385022461414337,tensor(6.9069)
1443,15,0.010932235047221184,0.28590452671051025,0.20385022461414337,tensor(6.9069)
1444,15,0.5890331864356995,0.28590452671051025,0.20385022461414337,tensor(6.9069)
1445,15,0.7586219906806946,0.28590452671051025,0.20385022461414337,tensor(6.9069)
1446,15,0.14278578758239746,0.28590452671051025,0.20385022461414337,tensor(6.9069)
1447,15,0.17410212755203247,0.28590452671051025,0.20385022461414337,tensor(6.9069)
1448,15,0.010858181864023209,0.28590452671051025,0.20385022461414337,tensor(6.9069)
1449,15,0.04382976517081261,0.28590452671051025,0.20385022461414337,tensor(6.9069)
1450,15,0.11629075556993484,0.28590452671051025,0.20385022461414337,tensor(6.9069)
1451,15,0.06384886056184769,0.28590452671051025,0.20385022461414337,tensor(6.9069)
1452,15,0.40441104769706726,0.28590452671051025,0.20385022461414337,tensor(6.9069)
1453,15,0.02429758384823799,0.28590452671051025,0.20385022461414337,tensor(6.9069)
1454,15,0.43099111318588257,0.28590452671051025,0.20385022461414337,tensor(6.9069)
1455,15,0.033514440059661865,0.28590452671051025,0.20385022461414337,tensor(6.9069)
1456,15,0.09440218657255173,0.28590452671051025,0.20385022461414337,tensor(6.9069)
1457,15,0.026631206274032593,0.28590452671051025,0.20385022461414337,tensor(6.9069)
1458,15,0.15350162982940674,0.28590452671051025,0.20385022461414337,tensor(6.9069)
1459,15,0.01631592959165573,0.28590452671051025,0.20385022461414337,tensor(6.9069)
1460,15,0.035064697265625,0.28590452671051025,0.20385022461414337,tensor(6.9069)
1461,15,0.008296852931380272,0.28590452671051025,0.20385022461414337,tensor(6.9069)
1462,15,0.04063381999731064,0.28590452671051025,0.20385022461414337,tensor(6.9069)
1463,15,0.39625513553619385,0.28590452671051025,0.20385022461414337,tensor(6.9069)
1464,15,0.27927905321121216,0.28590452671051025,0.20385022461414337,tensor(6.9069)
1465,15,0.3431476354598999,0.28590452671051025,0.20385022461414337,tensor(6.9069)
1466,15,0.009874839335680008,0.28590452671051025,0.20385022461414337,tensor(6.9069)
1467,15,0.036441147327423096,0.28590452671051025,0.20385022461414337,tensor(6.9069)
1468,15,0.027277713641524315,0.28590452671051025,0.20385022461414337,tensor(6.9069)
1469,15,0.013211807236075401,0.28590452671051025,0.20385022461414337,tensor(6.9069)
1470,15,0.2477329820394516,0.28590452671051025,0.20385022461414337,tensor(6.9069)
1471,15,0.4890943765640259,0.28590452671051025,0.20385022461414337,tensor(6.9069)
1472,15,0.1175464615225792,0.28590452671051025,0.20385022461414337,tensor(6.9069)
1473,15,0.01724366471171379,0.28590452671051025,0.20385022461414337,tensor(6.9069)
1474,15,0.01724066585302353,0.28590452671051025,0.20385022461414337,tensor(6.9069)
1475,15,0.1062094122171402,0.28590452671051025,0.20385022461414337,tensor(6.9069)
1476,15,0.009523624554276466,0.28590452671051025,0.20385022461414337,tensor(6.9069)
1477,15,0.014177177101373672,0.28590452671051025,0.20385022461414337,tensor(6.9069)
1478,15,0.039177991449832916,0.28590452671051025,0.20385022461414337,tensor(6.9069)
1479,15,0.007726456969976425,0.28590452671051025,0.20385022461414337,tensor(6.9069)
1480,15,0.7091951370239258,0.28590452671051025,0.20385022461414337,tensor(6.9069)
1481,15,0.6509838104248047,0.28590452671051025,0.20385022461414337,tensor(6.9069)
1482,15,0.11295969784259796,0.28590452671051025,0.20385022461414337,tensor(6.9069)
1483,15,0.01832977496087551,0.28590452671051025,0.20385022461414337,tensor(6.9069)
1484,15,0.02571962960064411,0.28590452671051025,0.20385022461414337,tensor(6.9069)
1485,15,0.046826787292957306,0.28590452671051025,0.20385022461414337,tensor(6.9069)
1486,15,0.009113031439483166,0.28590452671051025,0.20385022461414337,tensor(6.9069)
1487,15,0.0036354162730276585,0.28590452671051025,0.20385022461414337,tensor(6.9069)
1488,15,0.005235637072473764,0.28590452671051025,0.20385022461414337,tensor(6.9069)
1489,15,0.38265693187713623,0.28590452671051025,0.20385022461414337,tensor(6.9069)
1490,15,0.012102428823709488,0.28590452671051025,0.20385022461414337,tensor(6.9069)
1491,15,0.370286762714386,0.28590452671051025,0.20385022461414337,tensor(6.9069)
1492,15,0.002457244787365198,0.28590452671051025,0.20385022461414337,tensor(6.9069)
1493,15,0.3318811058998108,0.28590452671051025,0.20385022461414337,tensor(6.9069)
1494,15,0.04615173116326332,0.28590452671051025,0.20385022461414337,tensor(6.9069)
1495,15,0.021542329341173172,0.28590452671051025,0.20385022461414337,tensor(6.9069)
1496,15,0.2973420023918152,0.28590452671051025,0.20385022461414337,tensor(6.9069)
1497,15,0.7965096235275269,0.28590452671051025,0.20385022461414337,tensor(6.9069)
1498,15,0.4267900288105011,0.28590452671051025,0.20385022461414337,tensor(6.9069)
1499,15,0.5319679975509644,0.28590452671051025,0.20385022461414337,tensor(6.9069)
1500,15,0.035665255039930344,0.28590452671051025,0.20385022461414337,tensor(6.9069)
1501,15,0.03125979006290436,0.28590452671051025,0.20385022461414337,tensor(6.9069)
1502,15,0.02829546295106411,0.28590452671051025,0.20385022461414337,tensor(6.9069)
1503,15,0.4667692184448242,0.28590452671051025,0.20385022461414337,tensor(6.9069)
1504,15,0.21733620762825012,0.28590452671051025,0.20385022461414337,tensor(6.9069)
1505,15,0.006752088665962219,0.28590452671051025,0.20385022461414337,tensor(6.9069)
1506,15,0.13415798544883728,0.28590452671051025,0.20385022461414337,tensor(6.9069)
1507,15,0.04714507237076759,0.28590452671051025,0.20385022461414337,tensor(6.9069)
1508,15,0.10890819132328033,0.28590452671051025,0.20385022461414337,tensor(6.9069)
1509,15,0.33921724557876587,0.28590452671051025,0.20385022461414337,tensor(6.9069)
1510,15,0.232648566365242,0.28590452671051025,0.20385022461414337,tensor(6.9069)
1511,15,0.024264156818389893,0.28590452671051025,0.20385022461414337,tensor(6.9069)
1512,15,0.005824547726660967,0.28590452671051025,0.20385022461414337,tensor(6.9069)
1513,15,0.4583783745765686,0.28590452671051025,0.20385022461414337,tensor(6.9069)
1514,15,0.013453518971800804,0.28590452671051025,0.20385022461414337,tensor(6.9069)
1515,15,0.03976576402783394,0.28590452671051025,0.20385022461414337,tensor(6.9069)
1516,15,0.3900160789489746,0.28590452671051025,0.20385022461414337,tensor(6.9069)
1517,15,0.01898082159459591,0.28590452671051025,0.20385022461414337,tensor(6.9069)
1518,15,0.06669871509075165,0.28590452671051025,0.20385022461414337,tensor(6.9069)
1519,15,0.12377216666936874,0.28590452671051025,0.20385022461414337,tensor(6.9069)
1520,15,0.023347897455096245,0.28590452671051025,0.20385022461414337,tensor(6.9069)
1521,15,0.01664731465280056,0.28590452671051025,0.20385022461414337,tensor(6.9069)
1522,15,0.4772356152534485,0.28590452671051025,0.20385022461414337,tensor(6.9069)
1523,15,0.011911805719137192,0.28590452671051025,0.20385022461414337,tensor(6.9069)
1524,15,0.058693982660770416,0.28590452671051025,0.20385022461414337,tensor(6.9069)
1525,15,0.23077310621738434,0.28590452671051025,0.20385022461414337,tensor(6.9069)
1526,15,0.4169151484966278,0.28590452671051025,0.20385022461414337,tensor(6.9069)
1527,15,0.01207221020013094,0.28590452671051025,0.20385022461414337,tensor(6.9069)
1528,15,0.05968327075242996,0.28590452671051025,0.20385022461414337,tensor(6.9069)
1529,15,0.48463642597198486,0.28590452671051025,0.20385022461414337,tensor(6.9069)
1530,15,0.17490708827972412,0.28590452671051025,0.20385022461414337,tensor(6.9069)
1531,15,0.17490708827972412,0.23376807570457458,0.20385022461414337,tensor(6.9069)
1532,15,0.17490708827972412,0.05984625592827797,0.20385022461414337,tensor(6.9069)
1533,15,0.025779353454709053,0.05984625592827797,0.20385022461414337,tensor(6.9069)
1533,16,0.025779353454709053,0.05984625592827797,0.3729201853275299,tensor(4.2838)
1534,16,0.598540186882019,0.05984625592827797,0.3729201853275299,tensor(4.2838)
1535,16,0.11337040364742279,0.05984625592827797,0.3729201853275299,tensor(4.2838)
1536,16,0.2049972265958786,0.05984625592827797,0.3729201853275299,tensor(4.2838)
1537,16,0.006139526609331369,0.05984625592827797,0.3729201853275299,tensor(4.2838)
1538,16,0.05183029919862747,0.05984625592827797,0.3729201853275299,tensor(4.2838)
1539,16,0.911383330821991,0.05984625592827797,0.3729201853275299,tensor(4.2838)
1540,16,0.6007766723632812,0.05984625592827797,0.3729201853275299,tensor(4.2838)
1541,16,0.37516093254089355,0.05984625592827797,0.3729201853275299,tensor(4.2838)
1542,16,0.5062403678894043,0.05984625592827797,0.3729201853275299,tensor(4.2838)
1543,16,0.0814637541770935,0.05984625592827797,0.3729201853275299,tensor(4.2838)
1544,16,0.015548495575785637,0.05984625592827797,0.3729201853275299,tensor(4.2838)
1545,16,0.30008581280708313,0.05984625592827797,0.3729201853275299,tensor(4.2838)
1546,16,0.4401094317436218,0.05984625592827797,0.3729201853275299,tensor(4.2838)
1547,16,0.029582958668470383,0.05984625592827797,0.3729201853275299,tensor(4.2838)
1548,16,0.26860469579696655,0.05984625592827797,0.3729201853275299,tensor(4.2838)
1549,16,0.01071099005639553,0.05984625592827797,0.3729201853275299,tensor(4.2838)
1550,16,0.005979966372251511,0.05984625592827797,0.3729201853275299,tensor(4.2838)
1551,16,0.19726771116256714,0.05984625592827797,0.3729201853275299,tensor(4.2838)
1552,16,0.09508024901151657,0.05984625592827797,0.3729201853275299,tensor(4.2838)
1553,16,0.30058687925338745,0.05984625592827797,0.3729201853275299,tensor(4.2838)
1554,16,0.010443273931741714,0.05984625592827797,0.3729201853275299,tensor(4.2838)
1555,16,0.005892318673431873,0.05984625592827797,0.3729201853275299,tensor(4.2838)
1556,16,0.017997417598962784,0.05984625592827797,0.3729201853275299,tensor(4.2838)
1557,16,0.22331967949867249,0.05984625592827797,0.3729201853275299,tensor(4.2838)
1558,16,0.6287716031074524,0.05984625592827797,0.3729201853275299,tensor(4.2838)
1559,16,0.005869727581739426,0.05984625592827797,0.3729201853275299,tensor(4.2838)
1560,16,0.7306874990463257,0.05984625592827797,0.3729201853275299,tensor(4.2838)
1561,16,0.5250585079193115,0.05984625592827797,0.3729201853275299,tensor(4.2838)
1562,16,0.06657080352306366,0.05984625592827797,0.3729201853275299,tensor(4.2838)
1563,16,0.005440602079033852,0.05984625592827797,0.3729201853275299,tensor(4.2838)
1564,16,0.006540880538523197,0.05984625592827797,0.3729201853275299,tensor(4.2838)
1565,16,0.4437502920627594,0.05984625592827797,0.3729201853275299,tensor(4.2838)
1566,16,0.012239663861691952,0.05984625592827797,0.3729201853275299,tensor(4.2838)
1567,16,0.08492651581764221,0.05984625592827797,0.3729201853275299,tensor(4.2838)
1568,16,0.11834476888179779,0.05984625592827797,0.3729201853275299,tensor(4.2838)
1569,16,0.008475174196064472,0.05984625592827797,0.3729201853275299,tensor(4.2838)
1570,16,0.06528928875923157,0.05984625592827797,0.3729201853275299,tensor(4.2838)
1571,16,0.18974922597408295,0.05984625592827797,0.3729201853275299,tensor(4.2838)
1572,16,0.03133290261030197,0.05984625592827797,0.3729201853275299,tensor(4.2838)
1573,16,0.2902226448059082,0.05984625592827797,0.3729201853275299,tensor(4.2838)
1574,16,0.11384300142526627,0.05984625592827797,0.3729201853275299,tensor(4.2838)
1575,16,0.12237131595611572,0.05984625592827797,0.3729201853275299,tensor(4.2838)
1576,16,0.02407723106443882,0.05984625592827797,0.3729201853275299,tensor(4.2838)
1577,16,0.010021928697824478,0.05984625592827797,0.3729201853275299,tensor(4.2838)
1578,16,0.01056588627398014,0.05984625592827797,0.3729201853275299,tensor(4.2838)
1579,16,0.5135016441345215,0.05984625592827797,0.3729201853275299,tensor(4.2838)
1580,16,0.2947844862937927,0.05984625592827797,0.3729201853275299,tensor(4.2838)
1581,16,0.007311208173632622,0.05984625592827797,0.3729201853275299,tensor(4.2838)
1582,16,0.03538263216614723,0.05984625592827797,0.3729201853275299,tensor(4.2838)
1583,16,0.04909772425889969,0.05984625592827797,0.3729201853275299,tensor(4.2838)
1584,16,0.04216583073139191,0.05984625592827797,0.3729201853275299,tensor(4.2838)
1585,16,0.05948968231678009,0.05984625592827797,0.3729201853275299,tensor(4.2838)
1586,16,0.16778138279914856,0.05984625592827797,0.3729201853275299,tensor(4.2838)
1587,16,0.023659801110625267,0.05984625592827797,0.3729201853275299,tensor(4.2838)
1588,16,0.22916024923324585,0.05984625592827797,0.3729201853275299,tensor(4.2838)
1589,16,0.06519044935703278,0.05984625592827797,0.3729201853275299,tensor(4.2838)
1590,16,0.09517066180706024,0.05984625592827797,0.3729201853275299,tensor(4.2838)
1591,16,0.1180615946650505,0.05984625592827797,0.3729201853275299,tensor(4.2838)
1592,16,0.6588671207427979,0.05984625592827797,0.3729201853275299,tensor(4.2838)
1593,16,0.00530060101300478,0.05984625592827797,0.3729201853275299,tensor(4.2838)
1594,16,0.15294021368026733,0.05984625592827797,0.3729201853275299,tensor(4.2838)
1595,16,0.021657714620232582,0.05984625592827797,0.3729201853275299,tensor(4.2838)
1596,16,0.4050995111465454,0.05984625592827797,0.3729201853275299,tensor(4.2838)
1597,16,0.28995054960250854,0.05984625592827797,0.3729201853275299,tensor(4.2838)
1598,16,0.35756558179855347,0.05984625592827797,0.3729201853275299,tensor(4.2838)
1599,16,0.010788040235638618,0.05984625592827797,0.3729201853275299,tensor(4.2838)
1600,16,0.05597794055938721,0.05984625592827797,0.3729201853275299,tensor(4.2838)
1601,16,0.14775630831718445,0.05984625592827797,0.3729201853275299,tensor(4.2838)
1602,16,0.03742308169603348,0.05984625592827797,0.3729201853275299,tensor(4.2838)
1603,16,0.007261029444634914,0.05984625592827797,0.3729201853275299,tensor(4.2838)
1604,16,0.0038690930232405663,0.05984625592827797,0.3729201853275299,tensor(4.2838)
1605,16,0.008574719540774822,0.05984625592827797,0.3729201853275299,tensor(4.2838)
1606,16,0.004015750717371702,0.05984625592827797,0.3729201853275299,tensor(4.2838)
1607,16,0.0834520012140274,0.05984625592827797,0.3729201853275299,tensor(4.2838)
1608,16,0.17233020067214966,0.05984625592827797,0.3729201853275299,tensor(4.2838)
1609,16,0.01430126465857029,0.05984625592827797,0.3729201853275299,tensor(4.2838)
1610,16,0.1466953158378601,0.05984625592827797,0.3729201853275299,tensor(4.2838)
1611,16,1.0972850322723389,0.05984625592827797,0.3729201853275299,tensor(4.2838)
1612,16,0.02131909504532814,0.05984625592827797,0.3729201853275299,tensor(4.2838)
1613,16,0.008926876820623875,0.05984625592827797,0.3729201853275299,tensor(4.2838)
1614,16,0.1712304800748825,0.05984625592827797,0.3729201853275299,tensor(4.2838)
1615,16,0.006894025020301342,0.05984625592827797,0.3729201853275299,tensor(4.2838)
1616,16,0.007686241064220667,0.05984625592827797,0.3729201853275299,tensor(4.2838)
1617,16,0.003307498525828123,0.05984625592827797,0.3729201853275299,tensor(4.2838)
1618,16,0.0035665833856910467,0.05984625592827797,0.3729201853275299,tensor(4.2838)
1619,16,0.034753188490867615,0.05984625592827797,0.3729201853275299,tensor(4.2838)
1620,16,0.04913817346096039,0.05984625592827797,0.3729201853275299,tensor(4.2838)
1621,16,0.06054222583770752,0.05984625592827797,0.3729201853275299,tensor(4.2838)
1622,16,0.0177471861243248,0.05984625592827797,0.3729201853275299,tensor(4.2838)
1623,16,0.3373447060585022,0.05984625592827797,0.3729201853275299,tensor(4.2838)
1624,16,0.2847791314125061,0.05984625592827797,0.3729201853275299,tensor(4.2838)
1625,16,0.004683256149291992,0.05984625592827797,0.3729201853275299,tensor(4.2838)
1626,16,0.0266876257956028,0.05984625592827797,0.3729201853275299,tensor(4.2838)
1627,16,0.24914348125457764,0.05984625592827797,0.3729201853275299,tensor(4.2838)
1628,16,0.4227176308631897,0.05984625592827797,0.3729201853275299,tensor(4.2838)
1629,16,0.004901867359876633,0.05984625592827797,0.3729201853275299,tensor(4.2838)
1630,16,0.17563693225383759,0.05984625592827797,0.3729201853275299,tensor(4.2838)
1631,16,0.003931039944291115,0.05984625592827797,0.3729201853275299,tensor(4.2838)
1632,16,0.32278263568878174,0.05984625592827797,0.3729201853275299,tensor(4.2838)
1633,16,0.32278263568878174,0.06640513241291046,0.3729201853275299,tensor(4.2838)
1634,16,0.32278263568878174,0.8301790952682495,0.3729201853275299,tensor(4.2838)
1635,16,0.13390778005123138,0.8301790952682495,0.3729201853275299,tensor(4.2838)
1635,17,0.13390778005123138,0.8301790952682495,0.7926085591316223,tensor(1.0094)
1636,17,0.27607789635658264,0.8301790952682495,0.7926085591316223,tensor(1.0094)
1637,17,0.8187315464019775,0.8301790952682495,0.7926085591316223,tensor(1.0094)
1638,17,0.005189469084143639,0.8301790952682495,0.7926085591316223,tensor(1.0094)
1639,17,0.1597832888364792,0.8301790952682495,0.7926085591316223,tensor(1.0094)
1640,17,0.10580257326364517,0.8301790952682495,0.7926085591316223,tensor(1.0094)
1641,17,0.22603800892829895,0.8301790952682495,0.7926085591316223,tensor(1.0094)
1642,17,0.03570745512843132,0.8301790952682495,0.7926085591316223,tensor(1.0094)
1643,17,0.004018748644739389,0.8301790952682495,0.7926085591316223,tensor(1.0094)
1644,17,0.005413231905549765,0.8301790952682495,0.7926085591316223,tensor(1.0094)
1645,17,0.025258846580982208,0.8301790952682495,0.7926085591316223,tensor(1.0094)
1646,17,0.7567958831787109,0.8301790952682495,0.7926085591316223,tensor(1.0094)
1647,17,0.15142741799354553,0.8301790952682495,0.7926085591316223,tensor(1.0094)
1648,17,0.19717417657375336,0.8301790952682495,0.7926085591316223,tensor(1.0094)
1649,17,0.0038567534647881985,0.8301790952682495,0.7926085591316223,tensor(1.0094)
1650,17,0.014305908232927322,0.8301790952682495,0.7926085591316223,tensor(1.0094)
1651,17,0.018346503376960754,0.8301790952682495,0.7926085591316223,tensor(1.0094)
1652,17,0.021509990096092224,0.8301790952682495,0.7926085591316223,tensor(1.0094)
1653,17,0.07271479815244675,0.8301790952682495,0.7926085591316223,tensor(1.0094)
1654,17,0.011642087250947952,0.8301790952682495,0.7926085591316223,tensor(1.0094)
1655,17,0.026990417391061783,0.8301790952682495,0.7926085591316223,tensor(1.0094)
1656,17,0.05876041203737259,0.8301790952682495,0.7926085591316223,tensor(1.0094)
1657,17,0.3564354181289673,0.8301790952682495,0.7926085591316223,tensor(1.0094)
1658,17,0.31258946657180786,0.8301790952682495,0.7926085591316223,tensor(1.0094)
1659,17,0.018263258039951324,0.8301790952682495,0.7926085591316223,tensor(1.0094)
1660,17,0.13801845908164978,0.8301790952682495,0.7926085591316223,tensor(1.0094)
1661,17,0.019475838169455528,0.8301790952682495,0.7926085591316223,tensor(1.0094)
1662,17,0.0664004236459732,0.8301790952682495,0.7926085591316223,tensor(1.0094)
1663,17,0.33266761898994446,0.8301790952682495,0.7926085591316223,tensor(1.0094)
1664,17,0.04831564426422119,0.8301790952682495,0.7926085591316223,tensor(1.0094)
1665,17,0.029150253161787987,0.8301790952682495,0.7926085591316223,tensor(1.0094)
1666,17,0.14768704771995544,0.8301790952682495,0.7926085591316223,tensor(1.0094)
1667,17,0.015642361715435982,0.8301790952682495,0.7926085591316223,tensor(1.0094)
1668,17,0.011085365898907185,0.8301790952682495,0.7926085591316223,tensor(1.0094)
1669,17,0.00677854148671031,0.8301790952682495,0.7926085591316223,tensor(1.0094)
1670,17,0.09048281610012054,0.8301790952682495,0.7926085591316223,tensor(1.0094)
1671,17,0.13819903135299683,0.8301790952682495,0.7926085591316223,tensor(1.0094)
1672,17,0.006392132490873337,0.8301790952682495,0.7926085591316223,tensor(1.0094)
1673,17,0.09098726511001587,0.8301790952682495,0.7926085591316223,tensor(1.0094)
1674,17,0.17120668292045593,0.8301790952682495,0.7926085591316223,tensor(1.0094)
1675,17,0.021288562566041946,0.8301790952682495,0.7926085591316223,tensor(1.0094)
1676,17,0.2353323996067047,0.8301790952682495,0.7926085591316223,tensor(1.0094)
1677,17,0.1644137054681778,0.8301790952682495,0.7926085591316223,tensor(1.0094)
1678,17,0.0411197766661644,0.8301790952682495,0.7926085591316223,tensor(1.0094)
1679,17,0.13941225409507751,0.8301790952682495,0.7926085591316223,tensor(1.0094)
1680,17,0.11033185571432114,0.8301790952682495,0.7926085591316223,tensor(1.0094)
1681,17,0.0067139798775315285,0.8301790952682495,0.7926085591316223,tensor(1.0094)
1682,17,0.09770466387271881,0.8301790952682495,0.7926085591316223,tensor(1.0094)
1683,17,0.4556310772895813,0.8301790952682495,0.7926085591316223,tensor(1.0094)
1684,17,0.01602279022336006,0.8301790952682495,0.7926085591316223,tensor(1.0094)
1685,17,0.024494586512446404,0.8301790952682495,0.7926085591316223,tensor(1.0094)
1686,17,0.13094080984592438,0.8301790952682495,0.7926085591316223,tensor(1.0094)
1687,17,0.016284728422760963,0.8301790952682495,0.7926085591316223,tensor(1.0094)
1688,17,0.04116581380367279,0.8301790952682495,0.7926085591316223,tensor(1.0094)
1689,17,0.004752376116812229,0.8301790952682495,0.7926085591316223,tensor(1.0094)
1690,17,0.035441674292087555,0.8301790952682495,0.7926085591316223,tensor(1.0094)
1691,17,0.005241283215582371,0.8301790952682495,0.7926085591316223,tensor(1.0094)
1692,17,0.18083451688289642,0.8301790952682495,0.7926085591316223,tensor(1.0094)
1693,17,0.07515686005353928,0.8301790952682495,0.7926085591316223,tensor(1.0094)
1694,17,0.6896206140518188,0.8301790952682495,0.7926085591316223,tensor(1.0094)
1695,17,0.011773044243454933,0.8301790952682495,0.7926085591316223,tensor(1.0094)
1696,17,0.33603477478027344,0.8301790952682495,0.7926085591316223,tensor(1.0094)
1697,17,0.02306608483195305,0.8301790952682495,0.7926085591316223,tensor(1.0094)
1698,17,0.015730710700154305,0.8301790952682495,0.7926085591316223,tensor(1.0094)
1699,17,0.06138398125767708,0.8301790952682495,0.7926085591316223,tensor(1.0094)
1700,17,0.36697840690612793,0.8301790952682495,0.7926085591316223,tensor(1.0094)
1701,17,0.011953991837799549,0.8301790952682495,0.7926085591316223,tensor(1.0094)
1702,17,0.008312728255987167,0.8301790952682495,0.7926085591316223,tensor(1.0094)
1703,17,0.015327736735343933,0.8301790952682495,0.7926085591316223,tensor(1.0094)
1704,17,0.22356122732162476,0.8301790952682495,0.7926085591316223,tensor(1.0094)
1705,17,0.11197236180305481,0.8301790952682495,0.7926085591316223,tensor(1.0094)
1706,17,0.1278803050518036,0.8301790952682495,0.7926085591316223,tensor(1.0094)
1707,17,0.136980339884758,0.8301790952682495,0.7926085591316223,tensor(1.0094)
1708,17,0.26405957341194153,0.8301790952682495,0.7926085591316223,tensor(1.0094)
1709,17,0.055807843804359436,0.8301790952682495,0.7926085591316223,tensor(1.0094)
1710,17,0.1379460096359253,0.8301790952682495,0.7926085591316223,tensor(1.0094)
1711,17,0.08640412986278534,0.8301790952682495,0.7926085591316223,tensor(1.0094)
1712,17,0.10714647173881531,0.8301790952682495,0.7926085591316223,tensor(1.0094)
1713,17,0.6257924437522888,0.8301790952682495,0.7926085591316223,tensor(1.0094)
1714,17,0.23241537809371948,0.8301790952682495,0.7926085591316223,tensor(1.0094)
1715,17,0.03907740116119385,0.8301790952682495,0.7926085591316223,tensor(1.0094)
1716,17,0.003896051784977317,0.8301790952682495,0.7926085591316223,tensor(1.0094)
1717,17,0.17245011031627655,0.8301790952682495,0.7926085591316223,tensor(1.0094)
1718,17,0.016725433990359306,0.8301790952682495,0.7926085591316223,tensor(1.0094)
1719,17,0.0036521058063954115,0.8301790952682495,0.7926085591316223,tensor(1.0094)
1720,17,0.22474658489227295,0.8301790952682495,0.7926085591316223,tensor(1.0094)
1721,17,0.05583538860082626,0.8301790952682495,0.7926085591316223,tensor(1.0094)
1722,17,0.004747937433421612,0.8301790952682495,0.7926085591316223,tensor(1.0094)
1723,17,0.4719080328941345,0.8301790952682495,0.7926085591316223,tensor(1.0094)
1724,17,0.24183841049671173,0.8301790952682495,0.7926085591316223,tensor(1.0094)
1725,17,0.017068970948457718,0.8301790952682495,0.7926085591316223,tensor(1.0094)
1726,17,0.1677587926387787,0.8301790952682495,0.7926085591316223,tensor(1.0094)
1727,17,0.00485715176910162,0.8301790952682495,0.7926085591316223,tensor(1.0094)
1728,17,0.006742431782186031,0.8301790952682495,0.7926085591316223,tensor(1.0094)
1729,17,0.11978890001773834,0.8301790952682495,0.7926085591316223,tensor(1.0094)
1730,17,0.07556075602769852,0.8301790952682495,0.7926085591316223,tensor(1.0094)
1731,17,0.09302160888910294,0.8301790952682495,0.7926085591316223,tensor(1.0094)
1732,17,0.46047013998031616,0.8301790952682495,0.7926085591316223,tensor(1.0094)
1733,17,0.03379865735769272,0.8301790952682495,0.7926085591316223,tensor(1.0094)
1734,17,0.33446964621543884,0.8301790952682495,0.7926085591316223,tensor(1.0094)
1735,17,0.33446964621543884,0.029436467215418816,0.7926085591316223,tensor(1.0094)
1736,17,0.33446964621543884,0.19320985674858093,0.7926085591316223,tensor(1.0094)
1737,17,0.037887997925281525,0.19320985674858093,0.7926085591316223,tensor(1.0094)
1737,18,0.037887997925281525,0.19320985674858093,0.030881794169545174,tensor(15.1030)
1738,18,0.10244210064411163,0.19320985674858093,0.030881794169545174,tensor(15.1030)
1739,18,0.1223871186375618,0.19320985674858093,0.030881794169545174,tensor(15.1030)
1740,18,0.005667583085596561,0.19320985674858093,0.030881794169545174,tensor(15.1030)
1741,18,0.026784081012010574,0.19320985674858093,0.030881794169545174,tensor(15.1030)
1742,18,0.013059001415967941,0.19320985674858093,0.030881794169545174,tensor(15.1030)
1743,18,0.024547554552555084,0.19320985674858093,0.030881794169545174,tensor(15.1030)
1744,18,0.72678542137146,0.19320985674858093,0.030881794169545174,tensor(15.1030)
1745,18,0.006655700504779816,0.19320985674858093,0.030881794169545174,tensor(15.1030)
1746,18,0.02853337675333023,0.19320985674858093,0.030881794169545174,tensor(15.1030)
1747,18,0.06775808334350586,0.19320985674858093,0.030881794169545174,tensor(15.1030)
1748,18,0.18994462490081787,0.19320985674858093,0.030881794169545174,tensor(15.1030)
1749,18,0.04581776633858681,0.19320985674858093,0.030881794169545174,tensor(15.1030)
1750,18,0.19339540600776672,0.19320985674858093,0.030881794169545174,tensor(15.1030)
1751,18,0.026979394257068634,0.19320985674858093,0.030881794169545174,tensor(15.1030)
1752,18,0.3111961781978607,0.19320985674858093,0.030881794169545174,tensor(15.1030)
1753,18,0.009973839856684208,0.19320985674858093,0.030881794169545174,tensor(15.1030)
1754,18,0.287075400352478,0.19320985674858093,0.030881794169545174,tensor(15.1030)
1755,18,0.07850823551416397,0.19320985674858093,0.030881794169545174,tensor(15.1030)
1756,18,0.25211817026138306,0.19320985674858093,0.030881794169545174,tensor(15.1030)
1757,18,0.09512165188789368,0.19320985674858093,0.030881794169545174,tensor(15.1030)
1758,18,0.2694997787475586,0.19320985674858093,0.030881794169545174,tensor(15.1030)
1759,18,0.08547206223011017,0.19320985674858093,0.030881794169545174,tensor(15.1030)
1760,18,0.010145926848053932,0.19320985674858093,0.030881794169545174,tensor(15.1030)
1761,18,0.029854578897356987,0.19320985674858093,0.030881794169545174,tensor(15.1030)
1762,18,0.5368987321853638,0.19320985674858093,0.030881794169545174,tensor(15.1030)
1763,18,0.06481362879276276,0.19320985674858093,0.030881794169545174,tensor(15.1030)
1764,18,0.1114649847149849,0.19320985674858093,0.030881794169545174,tensor(15.1030)
1765,18,0.19625894725322723,0.19320985674858093,0.030881794169545174,tensor(15.1030)
1766,18,0.07421249896287918,0.19320985674858093,0.030881794169545174,tensor(15.1030)
1767,18,0.08225329220294952,0.19320985674858093,0.030881794169545174,tensor(15.1030)
1768,18,0.03233860060572624,0.19320985674858093,0.030881794169545174,tensor(15.1030)
1769,18,0.5938643217086792,0.19320985674858093,0.030881794169545174,tensor(15.1030)
1770,18,0.07457078993320465,0.19320985674858093,0.030881794169545174,tensor(15.1030)
1771,18,0.1901557296514511,0.19320985674858093,0.030881794169545174,tensor(15.1030)
1772,18,0.015742041170597076,0.19320985674858093,0.030881794169545174,tensor(15.1030)
1773,18,0.004750621505081654,0.19320985674858093,0.030881794169545174,tensor(15.1030)
1774,18,0.04726863652467728,0.19320985674858093,0.030881794169545174,tensor(15.1030)
1775,18,0.0052024684846401215,0.19320985674858093,0.030881794169545174,tensor(15.1030)
1776,18,0.014346351847052574,0.19320985674858093,0.030881794169545174,tensor(15.1030)
1777,18,0.17137974500656128,0.19320985674858093,0.030881794169545174,tensor(15.1030)
1778,18,0.08952358365058899,0.19320985674858093,0.030881794169545174,tensor(15.1030)
1779,18,0.004319353960454464,0.19320985674858093,0.030881794169545174,tensor(15.1030)
1780,18,0.03084404766559601,0.19320985674858093,0.030881794169545174,tensor(15.1030)
1781,18,0.08302141726016998,0.19320985674858093,0.030881794169545174,tensor(15.1030)
1782,18,0.07374915480613708,0.19320985674858093,0.030881794169545174,tensor(15.1030)
1783,18,0.019335467368364334,0.19320985674858093,0.030881794169545174,tensor(15.1030)
1784,18,0.3004489541053772,0.19320985674858093,0.030881794169545174,tensor(15.1030)
1785,18,0.04894564300775528,0.19320985674858093,0.030881794169545174,tensor(15.1030)
1786,18,0.00619863485917449,0.19320985674858093,0.030881794169545174,tensor(15.1030)
1787,18,0.12556985020637512,0.19320985674858093,0.030881794169545174,tensor(15.1030)
1788,18,0.026212798431515694,0.19320985674858093,0.030881794169545174,tensor(15.1030)
1789,18,0.7095431685447693,0.19320985674858093,0.030881794169545174,tensor(15.1030)
1790,18,0.5513666868209839,0.19320985674858093,0.030881794169545174,tensor(15.1030)
1791,18,0.14322198927402496,0.19320985674858093,0.030881794169545174,tensor(15.1030)
1792,18,0.3549724221229553,0.19320985674858093,0.030881794169545174,tensor(15.1030)
1793,18,0.18471357226371765,0.19320985674858093,0.030881794169545174,tensor(15.1030)
1794,18,0.339385062456131,0.19320985674858093,0.030881794169545174,tensor(15.1030)
1795,18,0.3171522915363312,0.19320985674858093,0.030881794169545174,tensor(15.1030)
1796,18,0.024245522916316986,0.19320985674858093,0.030881794169545174,tensor(15.1030)
1797,18,0.0975472629070282,0.19320985674858093,0.030881794169545174,tensor(15.1030)
1798,18,0.025806492194533348,0.19320985674858093,0.030881794169545174,tensor(15.1030)
1799,18,0.17899906635284424,0.19320985674858093,0.030881794169545174,tensor(15.1030)
1800,18,0.4450633227825165,0.19320985674858093,0.030881794169545174,tensor(15.1030)
1801,18,0.08516967296600342,0.19320985674858093,0.030881794169545174,tensor(15.1030)
1802,18,0.060280997306108475,0.19320985674858093,0.030881794169545174,tensor(15.1030)
1803,18,0.07203008979558945,0.19320985674858093,0.030881794169545174,tensor(15.1030)
1804,18,1.0776901245117188,0.19320985674858093,0.030881794169545174,tensor(15.1030)
1805,18,0.01974666677415371,0.19320985674858093,0.030881794169545174,tensor(15.1030)
1806,18,0.12126985937356949,0.19320985674858093,0.030881794169545174,tensor(15.1030)
1807,18,0.5124397277832031,0.19320985674858093,0.030881794169545174,tensor(15.1030)
1808,18,0.004221735522150993,0.19320985674858093,0.030881794169545174,tensor(15.1030)
1809,18,0.19830532371997833,0.19320985674858093,0.030881794169545174,tensor(15.1030)
1810,18,0.010760992765426636,0.19320985674858093,0.030881794169545174,tensor(15.1030)
1811,18,0.06572617590427399,0.19320985674858093,0.030881794169545174,tensor(15.1030)
1812,18,0.01604086346924305,0.19320985674858093,0.030881794169545174,tensor(15.1030)
1813,18,0.018887925893068314,0.19320985674858093,0.030881794169545174,tensor(15.1030)
1814,18,0.007748746313154697,0.19320985674858093,0.030881794169545174,tensor(15.1030)
1815,18,0.9780707955360413,0.19320985674858093,0.030881794169545174,tensor(15.1030)
1816,18,0.060311269015073776,0.19320985674858093,0.030881794169545174,tensor(15.1030)
1817,18,0.552444338798523,0.19320985674858093,0.030881794169545174,tensor(15.1030)
1818,18,0.009282012470066547,0.19320985674858093,0.030881794169545174,tensor(15.1030)
1819,18,0.009981825947761536,0.19320985674858093,0.030881794169545174,tensor(15.1030)
1820,18,0.005660219117999077,0.19320985674858093,0.030881794169545174,tensor(15.1030)
1821,18,0.061876747757196426,0.19320985674858093,0.030881794169545174,tensor(15.1030)
1822,18,0.015663612633943558,0.19320985674858093,0.030881794169545174,tensor(15.1030)
1823,18,0.031452346593141556,0.19320985674858093,0.030881794169545174,tensor(15.1030)
1824,18,0.008099664002656937,0.19320985674858093,0.030881794169545174,tensor(15.1030)
1825,18,0.02445675991475582,0.19320985674858093,0.030881794169545174,tensor(15.1030)
1826,18,0.2813194692134857,0.19320985674858093,0.030881794169545174,tensor(15.1030)
1827,18,0.3361471891403198,0.19320985674858093,0.030881794169545174,tensor(15.1030)
1828,18,0.3574329912662506,0.19320985674858093,0.030881794169545174,tensor(15.1030)
1829,18,0.08423231542110443,0.19320985674858093,0.030881794169545174,tensor(15.1030)
1830,18,0.04536120593547821,0.19320985674858093,0.030881794169545174,tensor(15.1030)
1831,18,0.7452138662338257,0.19320985674858093,0.030881794169545174,tensor(15.1030)
1832,18,0.012457020580768585,0.19320985674858093,0.030881794169545174,tensor(15.1030)
1833,18,0.27860748767852783,0.19320985674858093,0.030881794169545174,tensor(15.1030)
1834,18,0.030309561640024185,0.19320985674858093,0.030881794169545174,tensor(15.1030)
1835,18,0.07276253402233124,0.19320985674858093,0.030881794169545174,tensor(15.1030)
1836,18,0.33443689346313477,0.19320985674858093,0.030881794169545174,tensor(15.1030)
1837,18,0.33443689346313477,0.16562476754188538,0.030881794169545174,tensor(15.1030)
1838,18,0.33443689346313477,0.04215666651725769,0.030881794169545174,tensor(15.1030)
1839,18,0.04259486496448517,0.04215666651725769,0.030881794169545174,tensor(15.1030)
1839,19,0.04259486496448517,0.04215666651725769,0.030637532472610474,tensor(15.1375)
1840,19,0.010315685532987118,0.04215666651725769,0.030637532472610474,tensor(15.1375)
1841,19,0.0455353781580925,0.04215666651725769,0.030637532472610474,tensor(15.1375)
1842,19,0.07556448131799698,0.04215666651725769,0.030637532472610474,tensor(15.1375)
1843,19,0.11587560176849365,0.04215666651725769,0.030637532472610474,tensor(15.1375)
1844,19,0.250987708568573,0.04215666651725769,0.030637532472610474,tensor(15.1375)
1845,19,0.0049353670328855515,0.04215666651725769,0.030637532472610474,tensor(15.1375)
1846,19,0.1160268485546112,0.04215666651725769,0.030637532472610474,tensor(15.1375)
1847,19,0.5849989652633667,0.04215666651725769,0.030637532472610474,tensor(15.1375)
1848,19,0.087094746530056,0.04215666651725769,0.030637532472610474,tensor(15.1375)
1849,19,0.04407703876495361,0.04215666651725769,0.030637532472610474,tensor(15.1375)
1850,19,0.005628624465316534,0.04215666651725769,0.030637532472610474,tensor(15.1375)
1851,19,0.1492861807346344,0.04215666651725769,0.030637532472610474,tensor(15.1375)
1852,19,0.07491734623908997,0.04215666651725769,0.030637532472610474,tensor(15.1375)
1853,19,0.2902367115020752,0.04215666651725769,0.030637532472610474,tensor(15.1375)
1854,19,0.4551957845687866,0.04215666651725769,0.030637532472610474,tensor(15.1375)
1855,19,0.32471972703933716,0.04215666651725769,0.030637532472610474,tensor(15.1375)
1856,19,0.008592847734689713,0.04215666651725769,0.030637532472610474,tensor(15.1375)
1857,19,0.6654866933822632,0.04215666651725769,0.030637532472610474,tensor(15.1375)
1858,19,0.27046024799346924,0.04215666651725769,0.030637532472610474,tensor(15.1375)
1859,19,0.07631101459264755,0.04215666651725769,0.030637532472610474,tensor(15.1375)
1860,19,0.007337349466979504,0.04215666651725769,0.030637532472610474,tensor(15.1375)
1861,19,0.1776132732629776,0.04215666651725769,0.030637532472610474,tensor(15.1375)
1862,19,0.0055329641327261925,0.04215666651725769,0.030637532472610474,tensor(15.1375)
1863,19,0.046412140130996704,0.04215666651725769,0.030637532472610474,tensor(15.1375)
1864,19,0.003297636052593589,0.04215666651725769,0.030637532472610474,tensor(15.1375)
1865,19,0.2668761909008026,0.04215666651725769,0.030637532472610474,tensor(15.1375)
1866,19,0.4843539297580719,0.04215666651725769,0.030637532472610474,tensor(15.1375)
1867,19,0.033289000391960144,0.04215666651725769,0.030637532472610474,tensor(15.1375)
1868,19,0.039564624428749084,0.04215666651725769,0.030637532472610474,tensor(15.1375)
1869,19,0.04696507751941681,0.04215666651725769,0.030637532472610474,tensor(15.1375)
1870,19,0.48172757029533386,0.04215666651725769,0.030637532472610474,tensor(15.1375)
1871,19,0.22458985447883606,0.04215666651725769,0.030637532472610474,tensor(15.1375)
1872,19,0.004344272427260876,0.04215666651725769,0.030637532472610474,tensor(15.1375)
1873,19,0.011990414001047611,0.04215666651725769,0.030637532472610474,tensor(15.1375)
1874,19,0.5914474129676819,0.04215666651725769,0.030637532472610474,tensor(15.1375)
1875,19,0.22168517112731934,0.04215666651725769,0.030637532472610474,tensor(15.1375)
1876,19,0.03546767681837082,0.04215666651725769,0.030637532472610474,tensor(15.1375)
1877,19,0.10670879483222961,0.04215666651725769,0.030637532472610474,tensor(15.1375)
1878,19,0.27635955810546875,0.04215666651725769,0.030637532472610474,tensor(15.1375)
1879,19,0.016402270644903183,0.04215666651725769,0.030637532472610474,tensor(15.1375)
1880,19,0.015408061444759369,0.04215666651725769,0.030637532472610474,tensor(15.1375)
1881,19,0.05341042950749397,0.04215666651725769,0.030637532472610474,tensor(15.1375)
1882,19,0.03418919816613197,0.04215666651725769,0.030637532472610474,tensor(15.1375)
1883,19,0.062668576836586,0.04215666651725769,0.030637532472610474,tensor(15.1375)
1884,19,0.004158512223511934,0.04215666651725769,0.030637532472610474,tensor(15.1375)
1885,19,0.13267475366592407,0.04215666651725769,0.030637532472610474,tensor(15.1375)
1886,19,0.007653756067156792,0.04215666651725769,0.030637532472610474,tensor(15.1375)
1887,19,0.0391145721077919,0.04215666651725769,0.030637532472610474,tensor(15.1375)
1888,19,0.04522254690527916,0.04215666651725769,0.030637532472610474,tensor(15.1375)
1889,19,0.20001864433288574,0.04215666651725769,0.030637532472610474,tensor(15.1375)
1890,19,0.021243099123239517,0.04215666651725769,0.030637532472610474,tensor(15.1375)
1891,19,0.021007802337408066,0.04215666651725769,0.030637532472610474,tensor(15.1375)
1892,19,0.29999279975891113,0.04215666651725769,0.030637532472610474,tensor(15.1375)
1893,19,0.23808979988098145,0.04215666651725769,0.030637532472610474,tensor(15.1375)
1894,19,0.046736083924770355,0.04215666651725769,0.030637532472610474,tensor(15.1375)
1895,19,0.3986763656139374,0.04215666651725769,0.030637532472610474,tensor(15.1375)
1896,19,0.7485513091087341,0.04215666651725769,0.030637532472610474,tensor(15.1375)
1897,19,0.005568074993789196,0.04215666651725769,0.030637532472610474,tensor(15.1375)
1898,19,0.0566287562251091,0.04215666651725769,0.030637532472610474,tensor(15.1375)
1899,19,0.22160780429840088,0.04215666651725769,0.030637532472610474,tensor(15.1375)
1900,19,0.03642665594816208,0.04215666651725769,0.030637532472610474,tensor(15.1375)
1901,19,0.39377570152282715,0.04215666651725769,0.030637532472610474,tensor(15.1375)
1902,19,0.03491652011871338,0.04215666651725769,0.030637532472610474,tensor(15.1375)
1903,19,0.0073352293111383915,0.04215666651725769,0.030637532472610474,tensor(15.1375)
1904,19,0.007816401310265064,0.04215666651725769,0.030637532472610474,tensor(15.1375)
1905,19,0.05291809141635895,0.04215666651725769,0.030637532472610474,tensor(15.1375)
1906,19,0.1349952220916748,0.04215666651725769,0.030637532472610474,tensor(15.1375)
1907,19,0.21448570489883423,0.04215666651725769,0.030637532472610474,tensor(15.1375)
1908,19,0.04175509512424469,0.04215666651725769,0.030637532472610474,tensor(15.1375)
1909,19,0.18992683291435242,0.04215666651725769,0.030637532472610474,tensor(15.1375)
1910,19,0.0353722870349884,0.04215666651725769,0.030637532472610474,tensor(15.1375)
1911,19,0.30134230852127075,0.04215666651725769,0.030637532472610474,tensor(15.1375)
1912,19,0.01950061321258545,0.04215666651725769,0.030637532472610474,tensor(15.1375)
1913,19,0.18018251657485962,0.04215666651725769,0.030637532472610474,tensor(15.1375)
1914,19,0.2598695755004883,0.04215666651725769,0.030637532472610474,tensor(15.1375)
1915,19,0.004311324562877417,0.04215666651725769,0.030637532472610474,tensor(15.1375)
1916,19,0.25774073600769043,0.04215666651725769,0.030637532472610474,tensor(15.1375)
1917,19,0.004263025242835283,0.04215666651725769,0.030637532472610474,tensor(15.1375)
1918,19,0.004014034755527973,0.04215666651725769,0.030637532472610474,tensor(15.1375)
1919,19,0.2468929886817932,0.04215666651725769,0.030637532472610474,tensor(15.1375)
1920,19,0.00651192432269454,0.04215666651725769,0.030637532472610474,tensor(15.1375)
1921,19,0.06915706396102905,0.04215666651725769,0.030637532472610474,tensor(15.1375)
1922,19,0.031645167618989944,0.04215666651725769,0.030637532472610474,tensor(15.1375)
1923,19,0.5245498418807983,0.04215666651725769,0.030637532472610474,tensor(15.1375)
1924,19,0.018910888582468033,0.04215666651725769,0.030637532472610474,tensor(15.1375)
1925,19,0.010924816131591797,0.04215666651725769,0.030637532472610474,tensor(15.1375)
1926,19,0.033936936408281326,0.04215666651725769,0.030637532472610474,tensor(15.1375)
1927,19,0.1886228322982788,0.04215666651725769,0.030637532472610474,tensor(15.1375)
1928,19,0.22648738324642181,0.04215666651725769,0.030637532472610474,tensor(15.1375)
1929,19,0.03680940717458725,0.04215666651725769,0.030637532472610474,tensor(15.1375)
1930,19,0.10241938382387161,0.04215666651725769,0.030637532472610474,tensor(15.1375)
1931,19,0.006212989799678326,0.04215666651725769,0.030637532472610474,tensor(15.1375)
1932,19,0.005119772627949715,0.04215666651725769,0.030637532472610474,tensor(15.1375)
1933,19,0.17581401765346527,0.04215666651725769,0.030637532472610474,tensor(15.1375)
1934,19,0.1416056752204895,0.04215666651725769,0.030637532472610474,tensor(15.1375)
1935,19,0.17305821180343628,0.04215666651725769,0.030637532472610474,tensor(15.1375)
1936,19,0.3931453824043274,0.04215666651725769,0.030637532472610474,tensor(15.1375)
1937,19,0.0834566205739975,0.04215666651725769,0.030637532472610474,tensor(15.1375)
1938,19,0.04848477616906166,0.04215666651725769,0.030637532472610474,tensor(15.1375)
1939,19,0.04848477616906166,0.2353750765323639,0.030637532472610474,tensor(15.1375)
1940,19,0.04848477616906166,0.3864614963531494,0.030637532472610474,tensor(15.1375)
1941,19,0.00844867154955864,0.3864614963531494,0.030637532472610474,tensor(15.1375)
1941,20,0.00844867154955864,0.3864614963531494,0.1348004788160324,tensor(8.7031)
1942,20,0.025448612868785858,0.3864614963531494,0.1348004788160324,tensor(8.7031)
1943,20,0.024964570999145508,0.3864614963531494,0.1348004788160324,tensor(8.7031)
1944,20,0.34377652406692505,0.3864614963531494,0.1348004788160324,tensor(8.7031)
1945,20,0.029187582433223724,0.3864614963531494,0.1348004788160324,tensor(8.7031)
1946,20,0.27494311332702637,0.3864614963531494,0.1348004788160324,tensor(8.7031)
1947,20,0.12877412140369415,0.3864614963531494,0.1348004788160324,tensor(8.7031)
1948,20,0.0822346955537796,0.3864614963531494,0.1348004788160324,tensor(8.7031)
1949,20,0.1641315370798111,0.3864614963531494,0.1348004788160324,tensor(8.7031)
1950,20,0.016211412847042084,0.3864614963531494,0.1348004788160324,tensor(8.7031)
1951,20,0.03180725872516632,0.3864614963531494,0.1348004788160324,tensor(8.7031)
1952,20,0.7610642313957214,0.3864614963531494,0.1348004788160324,tensor(8.7031)
1953,20,0.6107339262962341,0.3864614963531494,0.1348004788160324,tensor(8.7031)
1954,20,0.024579036980867386,0.3864614963531494,0.1348004788160324,tensor(8.7031)
1955,20,0.04414690285921097,0.3864614963531494,0.1348004788160324,tensor(8.7031)
1956,20,0.04348716139793396,0.3864614963531494,0.1348004788160324,tensor(8.7031)
1957,20,0.030818967148661613,0.3864614963531494,0.1348004788160324,tensor(8.7031)
1958,20,0.08580084145069122,0.3864614963531494,0.1348004788160324,tensor(8.7031)
1959,20,0.09951522201299667,0.3864614963531494,0.1348004788160324,tensor(8.7031)
1960,20,0.2192397117614746,0.3864614963531494,0.1348004788160324,tensor(8.7031)
1961,20,0.14805737137794495,0.3864614963531494,0.1348004788160324,tensor(8.7031)
1962,20,0.03973839432001114,0.3864614963531494,0.1348004788160324,tensor(8.7031)
1963,20,0.06343849748373032,0.3864614963531494,0.1348004788160324,tensor(8.7031)
1964,20,0.9317342042922974,0.3864614963531494,0.1348004788160324,tensor(8.7031)
1965,20,0.015305332839488983,0.3864614963531494,0.1348004788160324,tensor(8.7031)
1966,20,0.0804840475320816,0.3864614963531494,0.1348004788160324,tensor(8.7031)
1967,20,0.020175591111183167,0.3864614963531494,0.1348004788160324,tensor(8.7031)
1968,20,0.19734913110733032,0.3864614963531494,0.1348004788160324,tensor(8.7031)
1969,20,0.16231337189674377,0.3864614963531494,0.1348004788160324,tensor(8.7031)
1970,20,0.005360952578485012,0.3864614963531494,0.1348004788160324,tensor(8.7031)
1971,20,0.19275671243667603,0.3864614963531494,0.1348004788160324,tensor(8.7031)
1972,20,0.42335188388824463,0.3864614963531494,0.1348004788160324,tensor(8.7031)
1973,20,0.00620506564155221,0.3864614963531494,0.1348004788160324,tensor(8.7031)
1974,20,0.16133281588554382,0.3864614963531494,0.1348004788160324,tensor(8.7031)
1975,20,0.00838652066886425,0.3864614963531494,0.1348004788160324,tensor(8.7031)
1976,20,0.30720284581184387,0.3864614963531494,0.1348004788160324,tensor(8.7031)
1977,20,0.47631949186325073,0.3864614963531494,0.1348004788160324,tensor(8.7031)
1978,20,0.006369768641889095,0.3864614963531494,0.1348004788160324,tensor(8.7031)
1979,20,0.005924649070948362,0.3864614963531494,0.1348004788160324,tensor(8.7031)
1980,20,0.00567217729985714,0.3864614963531494,0.1348004788160324,tensor(8.7031)
1981,20,0.4242096245288849,0.3864614963531494,0.1348004788160324,tensor(8.7031)
1982,20,0.021577447652816772,0.3864614963531494,0.1348004788160324,tensor(8.7031)
1983,20,0.027514154091477394,0.3864614963531494,0.1348004788160324,tensor(8.7031)
1984,20,0.0029128005262464285,0.3864614963531494,0.1348004788160324,tensor(8.7031)
1985,20,0.13553762435913086,0.3864614963531494,0.1348004788160324,tensor(8.7031)
1986,20,0.006195355206727982,0.3864614963531494,0.1348004788160324,tensor(8.7031)
1987,20,0.012378644198179245,0.3864614963531494,0.1348004788160324,tensor(8.7031)
1988,20,0.02277200296521187,0.3864614963531494,0.1348004788160324,tensor(8.7031)
1989,20,0.006505246739834547,0.3864614963531494,0.1348004788160324,tensor(8.7031)
1990,20,0.33202308416366577,0.3864614963531494,0.1348004788160324,tensor(8.7031)
1991,20,0.4598104655742645,0.3864614963531494,0.1348004788160324,tensor(8.7031)
1992,20,0.3026478886604309,0.3864614963531494,0.1348004788160324,tensor(8.7031)
1993,20,0.036608289927244186,0.3864614963531494,0.1348004788160324,tensor(8.7031)
1994,20,0.0031992013100534678,0.3864614963531494,0.1348004788160324,tensor(8.7031)
1995,20,0.023411722853779793,0.3864614963531494,0.1348004788160324,tensor(8.7031)
1996,20,0.2660958170890808,0.3864614963531494,0.1348004788160324,tensor(8.7031)
1997,20,0.06416505575180054,0.3864614963531494,0.1348004788160324,tensor(8.7031)
1998,20,0.8357726335525513,0.3864614963531494,0.1348004788160324,tensor(8.7031)
1999,20,0.10769287496805191,0.3864614963531494,0.1348004788160324,tensor(8.7031)
2000,20,0.059837471693754196,0.3864614963531494,0.1348004788160324,tensor(8.7031)
2001,20,0.01036373432725668,0.3864614963531494,0.1348004788160324,tensor(8.7031)
2002,20,0.13886278867721558,0.3864614963531494,0.1348004788160324,tensor(8.7031)
2003,20,0.08390079438686371,0.3864614963531494,0.1348004788160324,tensor(8.7031)
2004,20,0.006292745471000671,0.3864614963531494,0.1348004788160324,tensor(8.7031)
2005,20,0.809467077255249,0.3864614963531494,0.1348004788160324,tensor(8.7031)
2006,20,0.4463839530944824,0.3864614963531494,0.1348004788160324,tensor(8.7031)
2007,20,0.377712607383728,0.3864614963531494,0.1348004788160324,tensor(8.7031)
2008,20,0.11148570477962494,0.3864614963531494,0.1348004788160324,tensor(8.7031)
2009,20,0.016234567388892174,0.3864614963531494,0.1348004788160324,tensor(8.7031)
2010,20,0.2784574031829834,0.3864614963531494,0.1348004788160324,tensor(8.7031)
2011,20,0.22334468364715576,0.3864614963531494,0.1348004788160324,tensor(8.7031)
2012,20,0.02588004246354103,0.3864614963531494,0.1348004788160324,tensor(8.7031)
2013,20,0.24595974385738373,0.3864614963531494,0.1348004788160324,tensor(8.7031)
2014,20,0.07200708985328674,0.3864614963531494,0.1348004788160324,tensor(8.7031)
2015,20,0.05275924503803253,0.3864614963531494,0.1348004788160324,tensor(8.7031)
2016,20,0.008413566276431084,0.3864614963531494,0.1348004788160324,tensor(8.7031)
2017,20,0.4682045578956604,0.3864614963531494,0.1348004788160324,tensor(8.7031)
2018,20,0.35256534814834595,0.3864614963531494,0.1348004788160324,tensor(8.7031)
2019,20,0.3177947998046875,0.3864614963531494,0.1348004788160324,tensor(8.7031)
2020,20,0.009140510112047195,0.3864614963531494,0.1348004788160324,tensor(8.7031)
2021,20,0.035022880882024765,0.3864614963531494,0.1348004788160324,tensor(8.7031)
2022,20,0.5662875771522522,0.3864614963531494,0.1348004788160324,tensor(8.7031)
2023,20,0.24776038527488708,0.3864614963531494,0.1348004788160324,tensor(8.7031)
2024,20,0.05555050075054169,0.3864614963531494,0.1348004788160324,tensor(8.7031)
2025,20,0.18609784543514252,0.3864614963531494,0.1348004788160324,tensor(8.7031)
2026,20,0.030149318277835846,0.3864614963531494,0.1348004788160324,tensor(8.7031)
2027,20,0.14642032980918884,0.3864614963531494,0.1348004788160324,tensor(8.7031)
2028,20,0.004298047162592411,0.3864614963531494,0.1348004788160324,tensor(8.7031)
2029,20,0.06919796764850616,0.3864614963531494,0.1348004788160324,tensor(8.7031)
2030,20,0.7745015621185303,0.3864614963531494,0.1348004788160324,tensor(8.7031)
2031,20,0.6452094316482544,0.3864614963531494,0.1348004788160324,tensor(8.7031)
2032,20,0.17933498322963715,0.3864614963531494,0.1348004788160324,tensor(8.7031)
2033,20,0.32640573382377625,0.3864614963531494,0.1348004788160324,tensor(8.7031)
2034,20,0.008347949013113976,0.3864614963531494,0.1348004788160324,tensor(8.7031)
2035,20,0.08977200090885162,0.3864614963531494,0.1348004788160324,tensor(8.7031)
2036,20,0.14066819846630096,0.3864614963531494,0.1348004788160324,tensor(8.7031)
2037,20,0.009390970692038536,0.3864614963531494,0.1348004788160324,tensor(8.7031)
2038,20,0.17956724762916565,0.3864614963531494,0.1348004788160324,tensor(8.7031)
2039,20,0.6062259078025818,0.3864614963531494,0.1348004788160324,tensor(8.7031)
2040,20,0.08584586530923843,0.3864614963531494,0.1348004788160324,tensor(8.7031)
2041,20,0.08584586530923843,0.08202064782381058,0.1348004788160324,tensor(8.7031)
2042,20,0.08584586530923843,0.011782266199588776,0.1348004788160324,tensor(8.7031)
2043,20,0.04936084896326065,0.011782266199588776,0.1348004788160324,tensor(8.7031)
2043,21,0.04936084896326065,0.011782266199588776,0.13672277331352234,tensor(8.6416)
2044,21,0.005216820165514946,0.011782266199588776,0.13672277331352234,tensor(8.6416)
2045,21,0.02277269959449768,0.011782266199588776,0.13672277331352234,tensor(8.6416)
2046,21,0.14697331190109253,0.011782266199588776,0.13672277331352234,tensor(8.6416)
2047,21,0.4135182499885559,0.011782266199588776,0.13672277331352234,tensor(8.6416)
2048,21,0.11744576692581177,0.011782266199588776,0.13672277331352234,tensor(8.6416)
2049,21,0.07289309799671173,0.011782266199588776,0.13672277331352234,tensor(8.6416)
2050,21,0.23469874262809753,0.011782266199588776,0.13672277331352234,tensor(8.6416)
2051,21,0.10540782660245895,0.011782266199588776,0.13672277331352234,tensor(8.6416)
2052,21,0.01950255036354065,0.011782266199588776,0.13672277331352234,tensor(8.6416)
2053,21,0.18692126870155334,0.011782266199588776,0.13672277331352234,tensor(8.6416)
2054,21,0.21232791244983673,0.011782266199588776,0.13672277331352234,tensor(8.6416)
2055,21,0.009569482877850533,0.011782266199588776,0.13672277331352234,tensor(8.6416)
2056,21,0.07558949291706085,0.011782266199588776,0.13672277331352234,tensor(8.6416)
2057,21,0.07138985395431519,0.011782266199588776,0.13672277331352234,tensor(8.6416)
2058,21,0.15601709485054016,0.011782266199588776,0.13672277331352234,tensor(8.6416)
2059,21,0.007785012945532799,0.011782266199588776,0.13672277331352234,tensor(8.6416)
2060,21,0.3853312134742737,0.011782266199588776,0.13672277331352234,tensor(8.6416)
2061,21,0.09064747393131256,0.011782266199588776,0.13672277331352234,tensor(8.6416)
2062,21,0.01828661933541298,0.011782266199588776,0.13672277331352234,tensor(8.6416)
2063,21,0.03812146931886673,0.011782266199588776,0.13672277331352234,tensor(8.6416)
2064,21,0.32401758432388306,0.011782266199588776,0.13672277331352234,tensor(8.6416)
2065,21,0.027908502146601677,0.011782266199588776,0.13672277331352234,tensor(8.6416)
2066,21,0.21178968250751495,0.011782266199588776,0.13672277331352234,tensor(8.6416)
2067,21,0.0053565423004329205,0.011782266199588776,0.13672277331352234,tensor(8.6416)
2068,21,0.005473450291901827,0.011782266199588776,0.13672277331352234,tensor(8.6416)
2069,21,0.007607754319906235,0.011782266199588776,0.13672277331352234,tensor(8.6416)
2070,21,0.5574489831924438,0.011782266199588776,0.13672277331352234,tensor(8.6416)
2071,21,0.0123983696103096,0.011782266199588776,0.13672277331352234,tensor(8.6416)
2072,21,0.013779736123979092,0.011782266199588776,0.13672277331352234,tensor(8.6416)
2073,21,0.16990023851394653,0.011782266199588776,0.13672277331352234,tensor(8.6416)
2074,21,0.5351418256759644,0.011782266199588776,0.13672277331352234,tensor(8.6416)
2075,21,0.008418689481914043,0.011782266199588776,0.13672277331352234,tensor(8.6416)
2076,21,0.038224875926971436,0.011782266199588776,0.13672277331352234,tensor(8.6416)
2077,21,0.009708527475595474,0.011782266199588776,0.13672277331352234,tensor(8.6416)
2078,21,0.24461135268211365,0.011782266199588776,0.13672277331352234,tensor(8.6416)
2079,21,0.060400575399398804,0.011782266199588776,0.13672277331352234,tensor(8.6416)
2080,21,0.015006708912551403,0.011782266199588776,0.13672277331352234,tensor(8.6416)
2081,21,0.00490768626332283,0.011782266199588776,0.13672277331352234,tensor(8.6416)
2082,21,0.024157389998435974,0.011782266199588776,0.13672277331352234,tensor(8.6416)
2083,21,0.007216435391455889,0.011782266199588776,0.13672277331352234,tensor(8.6416)
2084,21,0.6410706043243408,0.011782266199588776,0.13672277331352234,tensor(8.6416)
2085,21,0.01339329406619072,0.011782266199588776,0.13672277331352234,tensor(8.6416)
2086,21,0.01590723544359207,0.011782266199588776,0.13672277331352234,tensor(8.6416)
2087,21,0.04360421746969223,0.011782266199588776,0.13672277331352234,tensor(8.6416)
2088,21,0.13332772254943848,0.011782266199588776,0.13672277331352234,tensor(8.6416)
2089,21,0.008127579465508461,0.011782266199588776,0.13672277331352234,tensor(8.6416)
2090,21,0.45950230956077576,0.011782266199588776,0.13672277331352234,tensor(8.6416)
2091,21,0.1118527203798294,0.011782266199588776,0.13672277331352234,tensor(8.6416)
2092,21,0.05261211469769478,0.011782266199588776,0.13672277331352234,tensor(8.6416)
2093,21,0.01095615979284048,0.011782266199588776,0.13672277331352234,tensor(8.6416)
2094,21,0.39816197752952576,0.011782266199588776,0.13672277331352234,tensor(8.6416)
2095,21,0.3039435148239136,0.011782266199588776,0.13672277331352234,tensor(8.6416)
2096,21,0.22754311561584473,0.011782266199588776,0.13672277331352234,tensor(8.6416)
2097,21,0.044797420501708984,0.011782266199588776,0.13672277331352234,tensor(8.6416)
2098,21,0.003943375777453184,0.011782266199588776,0.13672277331352234,tensor(8.6416)
2099,21,1.0106306076049805,0.011782266199588776,0.13672277331352234,tensor(8.6416)
2100,21,0.004224094562232494,0.011782266199588776,0.13672277331352234,tensor(8.6416)
2101,21,0.5635756254196167,0.011782266199588776,0.13672277331352234,tensor(8.6416)
2102,21,0.14142653346061707,0.011782266199588776,0.13672277331352234,tensor(8.6416)
2103,21,0.06837697327136993,0.011782266199588776,0.13672277331352234,tensor(8.6416)
2104,21,0.31378379464149475,0.011782266199588776,0.13672277331352234,tensor(8.6416)
2105,21,0.06175446882843971,0.011782266199588776,0.13672277331352234,tensor(8.6416)
2106,21,0.007630407344549894,0.011782266199588776,0.13672277331352234,tensor(8.6416)
2107,21,0.0960429459810257,0.011782266199588776,0.13672277331352234,tensor(8.6416)
2108,21,0.05334846302866936,0.011782266199588776,0.13672277331352234,tensor(8.6416)
2109,21,0.015562083572149277,0.011782266199588776,0.13672277331352234,tensor(8.6416)
2110,21,0.03246421366930008,0.011782266199588776,0.13672277331352234,tensor(8.6416)
2111,21,0.031011149287223816,0.011782266199588776,0.13672277331352234,tensor(8.6416)
2112,21,0.11232426762580872,0.011782266199588776,0.13672277331352234,tensor(8.6416)
2113,21,0.2004590630531311,0.011782266199588776,0.13672277331352234,tensor(8.6416)
2114,21,0.38053447008132935,0.011782266199588776,0.13672277331352234,tensor(8.6416)
2115,21,0.5700962543487549,0.011782266199588776,0.13672277331352234,tensor(8.6416)
2116,21,0.4364742040634155,0.011782266199588776,0.13672277331352234,tensor(8.6416)
2117,21,0.03605324774980545,0.011782266199588776,0.13672277331352234,tensor(8.6416)
2118,21,0.13801345229148865,0.011782266199588776,0.13672277331352234,tensor(8.6416)
2119,21,0.007185820024460554,0.011782266199588776,0.13672277331352234,tensor(8.6416)
2120,21,0.09332922846078873,0.011782266199588776,0.13672277331352234,tensor(8.6416)
2121,21,0.5769983530044556,0.011782266199588776,0.13672277331352234,tensor(8.6416)
2122,21,0.010556686669588089,0.011782266199588776,0.13672277331352234,tensor(8.6416)
2123,21,0.026866313070058823,0.011782266199588776,0.13672277331352234,tensor(8.6416)
2124,21,0.009837009944021702,0.011782266199588776,0.13672277331352234,tensor(8.6416)
2125,21,0.07893902063369751,0.011782266199588776,0.13672277331352234,tensor(8.6416)
2126,21,0.0037673793267458677,0.011782266199588776,0.13672277331352234,tensor(8.6416)
2127,21,0.02963981404900551,0.011782266199588776,0.13672277331352234,tensor(8.6416)
2128,21,0.11133089661598206,0.011782266199588776,0.13672277331352234,tensor(8.6416)
2129,21,0.14495813846588135,0.011782266199588776,0.13672277331352234,tensor(8.6416)
2130,21,0.21911072731018066,0.011782266199588776,0.13672277331352234,tensor(8.6416)
2131,21,0.037808433175086975,0.011782266199588776,0.13672277331352234,tensor(8.6416)
2132,21,0.005992986727505922,0.011782266199588776,0.13672277331352234,tensor(8.6416)
2133,21,0.11211088299751282,0.011782266199588776,0.13672277331352234,tensor(8.6416)
2134,21,0.008488718420267105,0.011782266199588776,0.13672277331352234,tensor(8.6416)
2135,21,0.003230360336601734,0.011782266199588776,0.13672277331352234,tensor(8.6416)
2136,21,0.07181326299905777,0.011782266199588776,0.13672277331352234,tensor(8.6416)
2137,21,0.21007847785949707,0.011782266199588776,0.13672277331352234,tensor(8.6416)
2138,21,0.018429215997457504,0.011782266199588776,0.13672277331352234,tensor(8.6416)
2139,21,0.06054539605975151,0.011782266199588776,0.13672277331352234,tensor(8.6416)
2140,21,0.004059763625264168,0.011782266199588776,0.13672277331352234,tensor(8.6416)
2141,21,0.012527494691312313,0.011782266199588776,0.13672277331352234,tensor(8.6416)
2142,21,0.47488564252853394,0.011782266199588776,0.13672277331352234,tensor(8.6416)
2143,21,0.47488564252853394,0.23032687604427338,0.13672277331352234,tensor(8.6416)
2144,21,0.47488564252853394,0.5897361040115356,0.13672277331352234,tensor(8.6416)
2145,21,0.006770530249923468,0.5897361040115356,0.13672277331352234,tensor(8.6416)
2145,22,0.006770530249923468,0.5897361040115356,0.23404638469219208,tensor(6.3070)
2146,22,0.012951742857694626,0.5897361040115356,0.23404638469219208,tensor(6.3070)
2147,22,0.405267596244812,0.5897361040115356,0.23404638469219208,tensor(6.3070)
2148,22,0.009567607194185257,0.5897361040115356,0.23404638469219208,tensor(6.3070)
2149,22,0.011885810643434525,0.5897361040115356,0.23404638469219208,tensor(6.3070)
2150,22,0.24576599895954132,0.5897361040115356,0.23404638469219208,tensor(6.3070)
2151,22,0.0185563825070858,0.5897361040115356,0.23404638469219208,tensor(6.3070)
2152,22,0.02560378424823284,0.5897361040115356,0.23404638469219208,tensor(6.3070)
2153,22,0.1955479085445404,0.5897361040115356,0.23404638469219208,tensor(6.3070)
2154,22,0.003930543549358845,0.5897361040115356,0.23404638469219208,tensor(6.3070)
2155,22,0.04469558596611023,0.5897361040115356,0.23404638469219208,tensor(6.3070)
2156,22,0.5551009774208069,0.5897361040115356,0.23404638469219208,tensor(6.3070)
2157,22,0.024433022364974022,0.5897361040115356,0.23404638469219208,tensor(6.3070)
2158,22,0.6529191732406616,0.5897361040115356,0.23404638469219208,tensor(6.3070)
2159,22,0.05142344906926155,0.5897361040115356,0.23404638469219208,tensor(6.3070)
2160,22,0.045420967042446136,0.5897361040115356,0.23404638469219208,tensor(6.3070)
2161,22,0.07042274624109268,0.5897361040115356,0.23404638469219208,tensor(6.3070)
2162,22,0.02468172460794449,0.5897361040115356,0.23404638469219208,tensor(6.3070)
2163,22,0.028354104608297348,0.5897361040115356,0.23404638469219208,tensor(6.3070)
2164,22,0.2808836102485657,0.5897361040115356,0.23404638469219208,tensor(6.3070)
2165,22,0.03211452066898346,0.5897361040115356,0.23404638469219208,tensor(6.3070)
2166,22,0.4668797254562378,0.5897361040115356,0.23404638469219208,tensor(6.3070)
2167,22,0.2930522561073303,0.5897361040115356,0.23404638469219208,tensor(6.3070)
2168,22,0.24920181930065155,0.5897361040115356,0.23404638469219208,tensor(6.3070)
2169,22,0.010679518803954124,0.5897361040115356,0.23404638469219208,tensor(6.3070)
2170,22,0.5575036406517029,0.5897361040115356,0.23404638469219208,tensor(6.3070)
2171,22,0.3971427083015442,0.5897361040115356,0.23404638469219208,tensor(6.3070)
2172,22,0.06350120157003403,0.5897361040115356,0.23404638469219208,tensor(6.3070)
2173,22,0.006054552271962166,0.5897361040115356,0.23404638469219208,tensor(6.3070)
2174,22,0.46412283182144165,0.5897361040115356,0.23404638469219208,tensor(6.3070)
2175,22,0.23269306123256683,0.5897361040115356,0.23404638469219208,tensor(6.3070)
2176,22,0.35154157876968384,0.5897361040115356,0.23404638469219208,tensor(6.3070)
2177,22,0.0070256576873362064,0.5897361040115356,0.23404638469219208,tensor(6.3070)
2178,22,0.0037279268726706505,0.5897361040115356,0.23404638469219208,tensor(6.3070)
2179,22,0.10648110508918762,0.5897361040115356,0.23404638469219208,tensor(6.3070)
2180,22,0.018376901745796204,0.5897361040115356,0.23404638469219208,tensor(6.3070)
2181,22,0.019011542201042175,0.5897361040115356,0.23404638469219208,tensor(6.3070)
2182,22,0.44429123401641846,0.5897361040115356,0.23404638469219208,tensor(6.3070)
2183,22,0.5198706388473511,0.5897361040115356,0.23404638469219208,tensor(6.3070)
2184,22,0.004757888149470091,0.5897361040115356,0.23404638469219208,tensor(6.3070)
2185,22,0.0174777340143919,0.5897361040115356,0.23404638469219208,tensor(6.3070)
2186,22,0.009046869352459908,0.5897361040115356,0.23404638469219208,tensor(6.3070)
2187,22,0.0870218276977539,0.5897361040115356,0.23404638469219208,tensor(6.3070)
2188,22,0.004936997313052416,0.5897361040115356,0.23404638469219208,tensor(6.3070)
2189,22,0.007988820783793926,0.5897361040115356,0.23404638469219208,tensor(6.3070)
2190,22,0.01842869259417057,0.5897361040115356,0.23404638469219208,tensor(6.3070)
2191,22,0.0830773413181305,0.5897361040115356,0.23404638469219208,tensor(6.3070)
2192,22,0.23868729174137115,0.5897361040115356,0.23404638469219208,tensor(6.3070)
2193,22,0.5245029926300049,0.5897361040115356,0.23404638469219208,tensor(6.3070)
2194,22,0.008665289729833603,0.5897361040115356,0.23404638469219208,tensor(6.3070)
2195,22,0.08384810388088226,0.5897361040115356,0.23404638469219208,tensor(6.3070)
2196,22,0.3529624342918396,0.5897361040115356,0.23404638469219208,tensor(6.3070)
2197,22,0.03186424449086189,0.5897361040115356,0.23404638469219208,tensor(6.3070)
2198,22,0.063730388879776,0.5897361040115356,0.23404638469219208,tensor(6.3070)
2199,22,0.4753355085849762,0.5897361040115356,0.23404638469219208,tensor(6.3070)
2200,22,0.03296646103262901,0.5897361040115356,0.23404638469219208,tensor(6.3070)
2201,22,0.017938505858182907,0.5897361040115356,0.23404638469219208,tensor(6.3070)
2202,22,0.029393721371889114,0.5897361040115356,0.23404638469219208,tensor(6.3070)
2203,22,0.12820133566856384,0.5897361040115356,0.23404638469219208,tensor(6.3070)
2204,22,0.061858683824539185,0.5897361040115356,0.23404638469219208,tensor(6.3070)
2205,22,0.10090674459934235,0.5897361040115356,0.23404638469219208,tensor(6.3070)
2206,22,0.03855236619710922,0.5897361040115356,0.23404638469219208,tensor(6.3070)
2207,22,0.19200481474399567,0.5897361040115356,0.23404638469219208,tensor(6.3070)
2208,22,0.010646769776940346,0.5897361040115356,0.23404638469219208,tensor(6.3070)
2209,22,0.6146152019500732,0.5897361040115356,0.23404638469219208,tensor(6.3070)
2210,22,0.1051805391907692,0.5897361040115356,0.23404638469219208,tensor(6.3070)
2211,22,0.008640129119157791,0.5897361040115356,0.23404638469219208,tensor(6.3070)
2212,22,0.5124272108078003,0.5897361040115356,0.23404638469219208,tensor(6.3070)
2213,22,0.03497552126646042,0.5897361040115356,0.23404638469219208,tensor(6.3070)
2214,22,0.1221984475851059,0.5897361040115356,0.23404638469219208,tensor(6.3070)
2215,22,0.031499315053224564,0.5897361040115356,0.23404638469219208,tensor(6.3070)
2216,22,0.0487210676074028,0.5897361040115356,0.23404638469219208,tensor(6.3070)
2217,22,0.49787572026252747,0.5897361040115356,0.23404638469219208,tensor(6.3070)
2218,22,0.18091794848442078,0.5897361040115356,0.23404638469219208,tensor(6.3070)
2219,22,0.6568983197212219,0.5897361040115356,0.23404638469219208,tensor(6.3070)
2220,22,0.0037436902057379484,0.5897361040115356,0.23404638469219208,tensor(6.3070)
2221,22,0.013090058229863644,0.5897361040115356,0.23404638469219208,tensor(6.3070)
2222,22,0.24448293447494507,0.5897361040115356,0.23404638469219208,tensor(6.3070)
2223,22,0.015194782055914402,0.5897361040115356,0.23404638469219208,tensor(6.3070)
2224,22,0.27906686067581177,0.5897361040115356,0.23404638469219208,tensor(6.3070)
2225,22,0.0024593863636255264,0.5897361040115356,0.23404638469219208,tensor(6.3070)
2226,22,0.6415249109268188,0.5897361040115356,0.23404638469219208,tensor(6.3070)
2227,22,0.2454301118850708,0.5897361040115356,0.23404638469219208,tensor(6.3070)
2228,22,0.22784565389156342,0.5897361040115356,0.23404638469219208,tensor(6.3070)
2229,22,0.014862634241580963,0.5897361040115356,0.23404638469219208,tensor(6.3070)
2230,22,0.44594597816467285,0.5897361040115356,0.23404638469219208,tensor(6.3070)
2231,22,0.05862737447023392,0.5897361040115356,0.23404638469219208,tensor(6.3070)
2232,22,0.6518347263336182,0.5897361040115356,0.23404638469219208,tensor(6.3070)
2233,22,0.40189749002456665,0.5897361040115356,0.23404638469219208,tensor(6.3070)
2234,22,0.07317359745502472,0.5897361040115356,0.23404638469219208,tensor(6.3070)
2235,22,0.005324481055140495,0.5897361040115356,0.23404638469219208,tensor(6.3070)
2236,22,0.0321994312107563,0.5897361040115356,0.23404638469219208,tensor(6.3070)
2237,22,0.021514929831027985,0.5897361040115356,0.23404638469219208,tensor(6.3070)
2238,22,0.08980082720518112,0.5897361040115356,0.23404638469219208,tensor(6.3070)
2239,22,0.04006308317184448,0.5897361040115356,0.23404638469219208,tensor(6.3070)
2240,22,0.1807742416858673,0.5897361040115356,0.23404638469219208,tensor(6.3070)
2241,22,0.010115880519151688,0.5897361040115356,0.23404638469219208,tensor(6.3070)
2242,22,0.3462178707122803,0.5897361040115356,0.23404638469219208,tensor(6.3070)
2243,22,0.04337562620639801,0.5897361040115356,0.23404638469219208,tensor(6.3070)
2244,22,0.014898935332894325,0.5897361040115356,0.23404638469219208,tensor(6.3070)
2245,22,0.014898935332894325,0.0675777941942215,0.23404638469219208,tensor(6.3070)
2246,22,0.014898935332894325,0.0496845468878746,0.23404638469219208,tensor(6.3070)
2247,22,0.11131082475185394,0.0496845468878746,0.23404638469219208,tensor(6.3070)
2247,23,0.11131082475185394,0.0496845468878746,0.22966502606868744,tensor(6.3891)
2248,23,0.6335943341255188,0.0496845468878746,0.22966502606868744,tensor(6.3891)
2249,23,0.040999382734298706,0.0496845468878746,0.22966502606868744,tensor(6.3891)
2250,23,0.20487669110298157,0.0496845468878746,0.22966502606868744,tensor(6.3891)
2251,23,0.05339899659156799,0.0496845468878746,0.22966502606868744,tensor(6.3891)
2252,23,0.022919394075870514,0.0496845468878746,0.22966502606868744,tensor(6.3891)
2253,23,0.008590985089540482,0.0496845468878746,0.22966502606868744,tensor(6.3891)
2254,23,0.4613194465637207,0.0496845468878746,0.22966502606868744,tensor(6.3891)
2255,23,0.022897489368915558,0.0496845468878746,0.22966502606868744,tensor(6.3891)
2256,23,0.00923350639641285,0.0496845468878746,0.22966502606868744,tensor(6.3891)
2257,23,0.3696807026863098,0.0496845468878746,0.22966502606868744,tensor(6.3891)
2258,23,0.02437671460211277,0.0496845468878746,0.22966502606868744,tensor(6.3891)
2259,23,0.24044269323349,0.0496845468878746,0.22966502606868744,tensor(6.3891)
2260,23,0.26877957582473755,0.0496845468878746,0.22966502606868744,tensor(6.3891)
2261,23,0.4816236197948456,0.0496845468878746,0.22966502606868744,tensor(6.3891)
2262,23,0.580328106880188,0.0496845468878746,0.22966502606868744,tensor(6.3891)
2263,23,0.008953770622611046,0.0496845468878746,0.22966502606868744,tensor(6.3891)
2264,23,0.14502334594726562,0.0496845468878746,0.22966502606868744,tensor(6.3891)
2265,23,0.33596524596214294,0.0496845468878746,0.22966502606868744,tensor(6.3891)
2266,23,0.42913055419921875,0.0496845468878746,0.22966502606868744,tensor(6.3891)
2267,23,0.11748068034648895,0.0496845468878746,0.22966502606868744,tensor(6.3891)
2268,23,0.12752336263656616,0.0496845468878746,0.22966502606868744,tensor(6.3891)
2269,23,0.2036028355360031,0.0496845468878746,0.22966502606868744,tensor(6.3891)
2270,23,0.015753358602523804,0.0496845468878746,0.22966502606868744,tensor(6.3891)
2271,23,0.0822368785738945,0.0496845468878746,0.22966502606868744,tensor(6.3891)
2272,23,0.02431625872850418,0.0496845468878746,0.22966502606868744,tensor(6.3891)
2273,23,0.0037631469313055277,0.0496845468878746,0.22966502606868744,tensor(6.3891)
2274,23,0.10787977278232574,0.0496845468878746,0.22966502606868744,tensor(6.3891)
2275,23,0.04288776218891144,0.0496845468878746,0.22966502606868744,tensor(6.3891)
2276,23,0.0033821547403931618,0.0496845468878746,0.22966502606868744,tensor(6.3891)
2277,23,0.061494965106248856,0.0496845468878746,0.22966502606868744,tensor(6.3891)
2278,23,0.016114728525280952,0.0496845468878746,0.22966502606868744,tensor(6.3891)
2279,23,0.07676383852958679,0.0496845468878746,0.22966502606868744,tensor(6.3891)
2280,23,0.20611706376075745,0.0496845468878746,0.22966502606868744,tensor(6.3891)
2281,23,0.0709918737411499,0.0496845468878746,0.22966502606868744,tensor(6.3891)
2282,23,0.18258264660835266,0.0496845468878746,0.22966502606868744,tensor(6.3891)
2283,23,0.036814700812101364,0.0496845468878746,0.22966502606868744,tensor(6.3891)
2284,23,0.020029280334711075,0.0496845468878746,0.22966502606868744,tensor(6.3891)
2285,23,0.31511884927749634,0.0496845468878746,0.22966502606868744,tensor(6.3891)
2286,23,0.018864724785089493,0.0496845468878746,0.22966502606868744,tensor(6.3891)
2287,23,0.27485549449920654,0.0496845468878746,0.22966502606868744,tensor(6.3891)
2288,23,0.0031598329078406096,0.0496845468878746,0.22966502606868744,tensor(6.3891)
2289,23,0.39600294828414917,0.0496845468878746,0.22966502606868744,tensor(6.3891)
2290,23,0.16126999258995056,0.0496845468878746,0.22966502606868744,tensor(6.3891)
2291,23,0.1956023871898651,0.0496845468878746,0.22966502606868744,tensor(6.3891)
2292,23,0.36686843633651733,0.0496845468878746,0.22966502606868744,tensor(6.3891)
2293,23,0.0369572788476944,0.0496845468878746,0.22966502606868744,tensor(6.3891)
2294,23,0.23925530910491943,0.0496845468878746,0.22966502606868744,tensor(6.3891)
2295,23,0.007591476198285818,0.0496845468878746,0.22966502606868744,tensor(6.3891)
2296,23,0.20632289350032806,0.0496845468878746,0.22966502606868744,tensor(6.3891)
2297,23,0.4595104157924652,0.0496845468878746,0.22966502606868744,tensor(6.3891)
2298,23,0.08711975812911987,0.0496845468878746,0.22966502606868744,tensor(6.3891)
2299,23,0.09611894935369492,0.0496845468878746,0.22966502606868744,tensor(6.3891)
2300,23,0.021270936354994774,0.0496845468878746,0.22966502606868744,tensor(6.3891)
2301,23,0.237812802195549,0.0496845468878746,0.22966502606868744,tensor(6.3891)
2302,23,0.4825456738471985,0.0496845468878746,0.22966502606868744,tensor(6.3891)
2303,23,0.056046828627586365,0.0496845468878746,0.22966502606868744,tensor(6.3891)
2304,23,0.00668314378708601,0.0496845468878746,0.22966502606868744,tensor(6.3891)
2305,23,0.015588507987558842,0.0496845468878746,0.22966502606868744,tensor(6.3891)
2306,23,0.384971559047699,0.0496845468878746,0.22966502606868744,tensor(6.3891)
2307,23,0.1261373609304428,0.0496845468878746,0.22966502606868744,tensor(6.3891)
2308,23,0.02102951519191265,0.0496845468878746,0.22966502606868744,tensor(6.3891)
2309,23,0.16968460381031036,0.0496845468878746,0.22966502606868744,tensor(6.3891)
2310,23,0.38732391595840454,0.0496845468878746,0.22966502606868744,tensor(6.3891)
2311,23,0.11026494204998016,0.0496845468878746,0.22966502606868744,tensor(6.3891)
2312,23,0.6336873173713684,0.0496845468878746,0.22966502606868744,tensor(6.3891)
2313,23,0.3394414782524109,0.0496845468878746,0.22966502606868744,tensor(6.3891)
2314,23,0.010836666449904442,0.0496845468878746,0.22966502606868744,tensor(6.3891)
2315,23,0.1314048320055008,0.0496845468878746,0.22966502606868744,tensor(6.3891)
2316,23,0.11097694933414459,0.0496845468878746,0.22966502606868744,tensor(6.3891)
2317,23,0.1379997432231903,0.0496845468878746,0.22966502606868744,tensor(6.3891)
2318,23,0.009813191369175911,0.0496845468878746,0.22966502606868744,tensor(6.3891)
2319,23,0.29217809438705444,0.0496845468878746,0.22966502606868744,tensor(6.3891)
2320,23,0.030886080116033554,0.0496845468878746,0.22966502606868744,tensor(6.3891)
2321,23,0.3351261615753174,0.0496845468878746,0.22966502606868744,tensor(6.3891)
2322,23,0.013247762806713581,0.0496845468878746,0.22966502606868744,tensor(6.3891)
2323,23,0.0787196010351181,0.0496845468878746,0.22966502606868744,tensor(6.3891)
2324,23,0.01911064237356186,0.0496845468878746,0.22966502606868744,tensor(6.3891)
2325,23,0.006738838739693165,0.0496845468878746,0.22966502606868744,tensor(6.3891)
2326,23,0.5644276142120361,0.0496845468878746,0.22966502606868744,tensor(6.3891)
2327,23,0.2654266953468323,0.0496845468878746,0.22966502606868744,tensor(6.3891)
2328,23,0.015036175958812237,0.0496845468878746,0.22966502606868744,tensor(6.3891)
2329,23,0.03713415190577507,0.0496845468878746,0.22966502606868744,tensor(6.3891)
2330,23,0.005714788101613522,0.0496845468878746,0.22966502606868744,tensor(6.3891)
2331,23,0.11504656076431274,0.0496845468878746,0.22966502606868744,tensor(6.3891)
2332,23,0.1439783275127411,0.0496845468878746,0.22966502606868744,tensor(6.3891)
2333,23,0.01260734349489212,0.0496845468878746,0.22966502606868744,tensor(6.3891)
2334,23,0.26302510499954224,0.0496845468878746,0.22966502606868744,tensor(6.3891)
2335,23,0.024535037577152252,0.0496845468878746,0.22966502606868744,tensor(6.3891)
2336,23,0.08301433175802231,0.0496845468878746,0.22966502606868744,tensor(6.3891)
2337,23,0.02448614314198494,0.0496845468878746,0.22966502606868744,tensor(6.3891)
2338,23,0.00796770304441452,0.0496845468878746,0.22966502606868744,tensor(6.3891)
2339,23,0.022272905334830284,0.0496845468878746,0.22966502606868744,tensor(6.3891)
2340,23,0.052400343120098114,0.0496845468878746,0.22966502606868744,tensor(6.3891)
2341,23,0.06773380935192108,0.0496845468878746,0.22966502606868744,tensor(6.3891)
2342,23,0.004515711218118668,0.0496845468878746,0.22966502606868744,tensor(6.3891)
2343,23,0.0613519623875618,0.0496845468878746,0.22966502606868744,tensor(6.3891)
2344,23,0.009376595728099346,0.0496845468878746,0.22966502606868744,tensor(6.3891)
2345,23,0.8285864591598511,0.0496845468878746,0.22966502606868744,tensor(6.3891)
2346,23,0.006649943068623543,0.0496845468878746,0.22966502606868744,tensor(6.3891)
2347,23,0.006649943068623543,0.05117117241024971,0.22966502606868744,tensor(6.3891)
2348,23,0.006649943068623543,0.004510188475251198,0.22966502606868744,tensor(6.3891)
2349,23,0.5875533819198608,0.004510188475251198,0.22966502606868744,tensor(6.3891)
2349,24,0.5875533819198608,0.004510188475251198,0.04522222653031349,tensor(13.4465)
2350,24,0.009633560664951801,0.004510188475251198,0.04522222653031349,tensor(13.4465)
2351,24,0.1547006368637085,0.004510188475251198,0.04522222653031349,tensor(13.4465)
2352,24,0.0052458858117461205,0.004510188475251198,0.04522222653031349,tensor(13.4465)
2353,24,0.4600622057914734,0.004510188475251198,0.04522222653031349,tensor(13.4465)
2354,24,0.006270178593695164,0.004510188475251198,0.04522222653031349,tensor(13.4465)
2355,24,0.15751992166042328,0.004510188475251198,0.04522222653031349,tensor(13.4465)
2356,24,0.09029441326856613,0.004510188475251198,0.04522222653031349,tensor(13.4465)
2357,24,0.09348476678133011,0.004510188475251198,0.04522222653031349,tensor(13.4465)
2358,24,0.05385587364435196,0.004510188475251198,0.04522222653031349,tensor(13.4465)
2359,24,0.02528267726302147,0.004510188475251198,0.04522222653031349,tensor(13.4465)
2360,24,0.6714506149291992,0.004510188475251198,0.04522222653031349,tensor(13.4465)
2361,24,0.017949048429727554,0.004510188475251198,0.04522222653031349,tensor(13.4465)
2362,24,0.024014588445425034,0.004510188475251198,0.04522222653031349,tensor(13.4465)
2363,24,0.2897953987121582,0.004510188475251198,0.04522222653031349,tensor(13.4465)
2364,24,0.023821279406547546,0.004510188475251198,0.04522222653031349,tensor(13.4465)
2365,24,0.02091841772198677,0.004510188475251198,0.04522222653031349,tensor(13.4465)
2366,24,0.9914429187774658,0.004510188475251198,0.04522222653031349,tensor(13.4465)
2367,24,0.15299195051193237,0.004510188475251198,0.04522222653031349,tensor(13.4465)
2368,24,0.17959065735340118,0.004510188475251198,0.04522222653031349,tensor(13.4465)
2369,24,0.029211707413196564,0.004510188475251198,0.04522222653031349,tensor(13.4465)
2370,24,1.0780632495880127,0.004510188475251198,0.04522222653031349,tensor(13.4465)
2371,24,0.011010805144906044,0.004510188475251198,0.04522222653031349,tensor(13.4465)
2372,24,0.3202323615550995,0.004510188475251198,0.04522222653031349,tensor(13.4465)
2373,24,0.03682759404182434,0.004510188475251198,0.04522222653031349,tensor(13.4465)
2374,24,0.11517957597970963,0.004510188475251198,0.04522222653031349,tensor(13.4465)
2375,24,0.010057901032269001,0.004510188475251198,0.04522222653031349,tensor(13.4465)
2376,24,0.13690465688705444,0.004510188475251198,0.04522222653031349,tensor(13.4465)
2377,24,0.21282172203063965,0.004510188475251198,0.04522222653031349,tensor(13.4465)
2378,24,0.011966906487941742,0.004510188475251198,0.04522222653031349,tensor(13.4465)
2379,24,0.008245660923421383,0.004510188475251198,0.04522222653031349,tensor(13.4465)
2380,24,0.11900018155574799,0.004510188475251198,0.04522222653031349,tensor(13.4465)
2381,24,0.5009179711341858,0.004510188475251198,0.04522222653031349,tensor(13.4465)
2382,24,0.17133288085460663,0.004510188475251198,0.04522222653031349,tensor(13.4465)
2383,24,0.00470639718696475,0.004510188475251198,0.04522222653031349,tensor(13.4465)
2384,24,0.0041528791189193726,0.004510188475251198,0.04522222653031349,tensor(13.4465)
2385,24,0.39871883392333984,0.004510188475251198,0.04522222653031349,tensor(13.4465)
2386,24,0.33350837230682373,0.004510188475251198,0.04522222653031349,tensor(13.4465)
2387,24,0.121552012860775,0.004510188475251198,0.04522222653031349,tensor(13.4465)
2388,24,0.11732497811317444,0.004510188475251198,0.04522222653031349,tensor(13.4465)
2389,24,0.048678211867809296,0.004510188475251198,0.04522222653031349,tensor(13.4465)
2390,24,0.12779560685157776,0.004510188475251198,0.04522222653031349,tensor(13.4465)
2391,24,0.007190006785094738,0.004510188475251198,0.04522222653031349,tensor(13.4465)
2392,24,0.17133048176765442,0.004510188475251198,0.04522222653031349,tensor(13.4465)
2393,24,0.9814027547836304,0.004510188475251198,0.04522222653031349,tensor(13.4465)
2394,24,0.06750458478927612,0.004510188475251198,0.04522222653031349,tensor(13.4465)
2395,24,0.39881691336631775,0.004510188475251198,0.04522222653031349,tensor(13.4465)
2396,24,0.2659861445426941,0.004510188475251198,0.04522222653031349,tensor(13.4465)
2397,24,0.09827330708503723,0.004510188475251198,0.04522222653031349,tensor(13.4465)
2398,24,0.01988528110086918,0.004510188475251198,0.04522222653031349,tensor(13.4465)
2399,24,0.006381928455084562,0.004510188475251198,0.04522222653031349,tensor(13.4465)
2400,24,0.29883402585983276,0.004510188475251198,0.04522222653031349,tensor(13.4465)
2401,24,0.2727122902870178,0.004510188475251198,0.04522222653031349,tensor(13.4465)
2402,24,0.01130160503089428,0.004510188475251198,0.04522222653031349,tensor(13.4465)
2403,24,0.27894434332847595,0.004510188475251198,0.04522222653031349,tensor(13.4465)
2404,24,0.1295219361782074,0.004510188475251198,0.04522222653031349,tensor(13.4465)
2405,24,0.020619796589016914,0.004510188475251198,0.04522222653031349,tensor(13.4465)
2406,24,0.25274667143821716,0.004510188475251198,0.04522222653031349,tensor(13.4465)
2407,24,0.0361594557762146,0.004510188475251198,0.04522222653031349,tensor(13.4465)
2408,24,0.33261072635650635,0.004510188475251198,0.04522222653031349,tensor(13.4465)
2409,24,0.29236024618148804,0.004510188475251198,0.04522222653031349,tensor(13.4465)
2410,24,0.019363395869731903,0.004510188475251198,0.04522222653031349,tensor(13.4465)
2411,24,0.14494924247264862,0.004510188475251198,0.04522222653031349,tensor(13.4465)
2412,24,0.1785515397787094,0.004510188475251198,0.04522222653031349,tensor(13.4465)
2413,24,0.020713932812213898,0.004510188475251198,0.04522222653031349,tensor(13.4465)
2414,24,0.21753323078155518,0.004510188475251198,0.04522222653031349,tensor(13.4465)
2415,24,0.12277285009622574,0.004510188475251198,0.04522222653031349,tensor(13.4465)
2416,24,0.01202097162604332,0.004510188475251198,0.04522222653031349,tensor(13.4465)
2417,24,0.10631167888641357,0.004510188475251198,0.04522222653031349,tensor(13.4465)
2418,24,0.036271169781684875,0.004510188475251198,0.04522222653031349,tensor(13.4465)
2419,24,0.031776927411556244,0.004510188475251198,0.04522222653031349,tensor(13.4465)
2420,24,0.018945124000310898,0.004510188475251198,0.04522222653031349,tensor(13.4465)
2421,24,0.0265047587454319,0.004510188475251198,0.04522222653031349,tensor(13.4465)
2422,24,0.10748517513275146,0.004510188475251198,0.04522222653031349,tensor(13.4465)
2423,24,0.005535495467483997,0.004510188475251198,0.04522222653031349,tensor(13.4465)
2424,24,0.2050870805978775,0.004510188475251198,0.04522222653031349,tensor(13.4465)
2425,24,0.09386131912469864,0.004510188475251198,0.04522222653031349,tensor(13.4465)
2426,24,0.13184769451618195,0.004510188475251198,0.04522222653031349,tensor(13.4465)
2427,24,0.18834945559501648,0.004510188475251198,0.04522222653031349,tensor(13.4465)
2428,24,0.046668440103530884,0.004510188475251198,0.04522222653031349,tensor(13.4465)
2429,24,0.025665119290351868,0.004510188475251198,0.04522222653031349,tensor(13.4465)
2430,24,0.36803585290908813,0.004510188475251198,0.04522222653031349,tensor(13.4465)
2431,24,0.8048334121704102,0.004510188475251198,0.04522222653031349,tensor(13.4465)
2432,24,0.24164974689483643,0.004510188475251198,0.04522222653031349,tensor(13.4465)
2433,24,0.010176802054047585,0.004510188475251198,0.04522222653031349,tensor(13.4465)
2434,24,0.14527808129787445,0.004510188475251198,0.04522222653031349,tensor(13.4465)
2435,24,0.0039954776875674725,0.004510188475251198,0.04522222653031349,tensor(13.4465)
2436,24,0.020564742386341095,0.004510188475251198,0.04522222653031349,tensor(13.4465)
2437,24,0.038265664130449295,0.004510188475251198,0.04522222653031349,tensor(13.4465)
2438,24,0.07718457281589508,0.004510188475251198,0.04522222653031349,tensor(13.4465)
2439,24,0.2343538999557495,0.004510188475251198,0.04522222653031349,tensor(13.4465)
2440,24,0.028121672570705414,0.004510188475251198,0.04522222653031349,tensor(13.4465)
2441,24,0.005034300498664379,0.004510188475251198,0.04522222653031349,tensor(13.4465)
2442,24,0.037820544093847275,0.004510188475251198,0.04522222653031349,tensor(13.4465)
2443,24,0.3638549745082855,0.004510188475251198,0.04522222653031349,tensor(13.4465)
2444,24,0.011064468882977962,0.004510188475251198,0.04522222653031349,tensor(13.4465)
2445,24,0.4166606068611145,0.004510188475251198,0.04522222653031349,tensor(13.4465)
2446,24,0.0029222017619758844,0.004510188475251198,0.04522222653031349,tensor(13.4465)
2447,24,0.010813180357217789,0.004510188475251198,0.04522222653031349,tensor(13.4465)
2448,24,0.39296257495880127,0.004510188475251198,0.04522222653031349,tensor(13.4465)
2449,24,0.39296257495880127,0.003682276699692011,0.04522222653031349,tensor(13.4465)
2450,24,0.39296257495880127,0.1374603658914566,0.04522222653031349,tensor(13.4465)
2451,24,0.5717048048973083,0.1374603658914566,0.04522222653031349,tensor(13.4465)
2451,25,0.5717048048973083,0.1374603658914566,0.061617493629455566,tensor(12.1030)
2452,25,0.09215244650840759,0.1374603658914566,0.061617493629455566,tensor(12.1030)
2453,25,0.041357360780239105,0.1374603658914566,0.061617493629455566,tensor(12.1030)
2454,25,0.003403882961720228,0.1374603658914566,0.061617493629455566,tensor(12.1030)
2455,25,0.6731613874435425,0.1374603658914566,0.061617493629455566,tensor(12.1030)
2456,25,0.012583758682012558,0.1374603658914566,0.061617493629455566,tensor(12.1030)
2457,25,0.24381007254123688,0.1374603658914566,0.061617493629455566,tensor(12.1030)
2458,25,0.07918891310691833,0.1374603658914566,0.061617493629455566,tensor(12.1030)
2459,25,0.005479831714183092,0.1374603658914566,0.061617493629455566,tensor(12.1030)
2460,25,0.17842435836791992,0.1374603658914566,0.061617493629455566,tensor(12.1030)
2461,25,0.0076343584805727005,0.1374603658914566,0.061617493629455566,tensor(12.1030)
2462,25,0.00635537737980485,0.1374603658914566,0.061617493629455566,tensor(12.1030)
2463,25,0.03816123679280281,0.1374603658914566,0.061617493629455566,tensor(12.1030)
2464,25,0.012523354031145573,0.1374603658914566,0.061617493629455566,tensor(12.1030)
2465,25,0.05584050342440605,0.1374603658914566,0.061617493629455566,tensor(12.1030)
2466,25,0.19455665349960327,0.1374603658914566,0.061617493629455566,tensor(12.1030)
2467,25,0.0022574346512556076,0.1374603658914566,0.061617493629455566,tensor(12.1030)
2468,25,0.24978165328502655,0.1374603658914566,0.061617493629455566,tensor(12.1030)
2469,25,0.299759179353714,0.1374603658914566,0.061617493629455566,tensor(12.1030)
2470,25,0.008191939443349838,0.1374603658914566,0.061617493629455566,tensor(12.1030)
2471,25,0.14777998626232147,0.1374603658914566,0.061617493629455566,tensor(12.1030)
2472,25,0.4412194788455963,0.1374603658914566,0.061617493629455566,tensor(12.1030)
2473,25,0.13566264510154724,0.1374603658914566,0.061617493629455566,tensor(12.1030)
2474,25,0.18961606919765472,0.1374603658914566,0.061617493629455566,tensor(12.1030)
2475,25,0.005473755300045013,0.1374603658914566,0.061617493629455566,tensor(12.1030)
2476,25,0.011616058647632599,0.1374603658914566,0.061617493629455566,tensor(12.1030)
2477,25,0.03137769550085068,0.1374603658914566,0.061617493629455566,tensor(12.1030)
2478,25,0.01052840892225504,0.1374603658914566,0.061617493629455566,tensor(12.1030)
2479,25,0.003992856480181217,0.1374603658914566,0.061617493629455566,tensor(12.1030)
2480,25,0.019577864557504654,0.1374603658914566,0.061617493629455566,tensor(12.1030)
2481,25,0.010813224129378796,0.1374603658914566,0.061617493629455566,tensor(12.1030)
2482,25,0.2281593233346939,0.1374603658914566,0.061617493629455566,tensor(12.1030)
2483,25,0.0026626265607774258,0.1374603658914566,0.061617493629455566,tensor(12.1030)
2484,25,0.026866719126701355,0.1374603658914566,0.061617493629455566,tensor(12.1030)
2485,25,0.21195869147777557,0.1374603658914566,0.061617493629455566,tensor(12.1030)
2486,25,0.08168497681617737,0.1374603658914566,0.061617493629455566,tensor(12.1030)
2487,25,0.10183191299438477,0.1374603658914566,0.061617493629455566,tensor(12.1030)
2488,25,0.005885884165763855,0.1374603658914566,0.061617493629455566,tensor(12.1030)
2489,25,0.055645205080509186,0.1374603658914566,0.061617493629455566,tensor(12.1030)
2490,25,0.07043434679508209,0.1374603658914566,0.061617493629455566,tensor(12.1030)
2491,25,0.02921176329255104,0.1374603658914566,0.061617493629455566,tensor(12.1030)
2492,25,0.11391769349575043,0.1374603658914566,0.061617493629455566,tensor(12.1030)
2493,25,0.2710916996002197,0.1374603658914566,0.061617493629455566,tensor(12.1030)
2494,25,0.4776044487953186,0.1374603658914566,0.061617493629455566,tensor(12.1030)
2495,25,0.07200329005718231,0.1374603658914566,0.061617493629455566,tensor(12.1030)
2496,25,0.007929414510726929,0.1374603658914566,0.061617493629455566,tensor(12.1030)
2497,25,0.00931011326611042,0.1374603658914566,0.061617493629455566,tensor(12.1030)
2498,25,0.20029671490192413,0.1374603658914566,0.061617493629455566,tensor(12.1030)
2499,25,0.0775885283946991,0.1374603658914566,0.061617493629455566,tensor(12.1030)
2500,25,0.06729607284069061,0.1374603658914566,0.061617493629455566,tensor(12.1030)
2501,25,0.010391883552074432,0.1374603658914566,0.061617493629455566,tensor(12.1030)
2502,25,0.00286738108843565,0.1374603658914566,0.061617493629455566,tensor(12.1030)
2503,25,0.05262425169348717,0.1374603658914566,0.061617493629455566,tensor(12.1030)
2504,25,0.050129037350416183,0.1374603658914566,0.061617493629455566,tensor(12.1030)
2505,25,0.006316539831459522,0.1374603658914566,0.061617493629455566,tensor(12.1030)
2506,25,0.0769767239689827,0.1374603658914566,0.061617493629455566,tensor(12.1030)
2507,25,0.1531534343957901,0.1374603658914566,0.061617493629455566,tensor(12.1030)
2508,25,0.09753455966711044,0.1374603658914566,0.061617493629455566,tensor(12.1030)
2509,25,0.3037228584289551,0.1374603658914566,0.061617493629455566,tensor(12.1030)
2510,25,0.21427306532859802,0.1374603658914566,0.061617493629455566,tensor(12.1030)
2511,25,0.3074488937854767,0.1374603658914566,0.061617493629455566,tensor(12.1030)
2512,25,0.008831220678985119,0.1374603658914566,0.061617493629455566,tensor(12.1030)
2513,25,0.016049377620220184,0.1374603658914566,0.061617493629455566,tensor(12.1030)
2514,25,0.00826285034418106,0.1374603658914566,0.061617493629455566,tensor(12.1030)
2515,25,0.5101317167282104,0.1374603658914566,0.061617493629455566,tensor(12.1030)
2516,25,0.039475925266742706,0.1374603658914566,0.061617493629455566,tensor(12.1030)
2517,25,0.07596884667873383,0.1374603658914566,0.061617493629455566,tensor(12.1030)
2518,25,0.03643563762307167,0.1374603658914566,0.061617493629455566,tensor(12.1030)
2519,25,0.13268356025218964,0.1374603658914566,0.061617493629455566,tensor(12.1030)
2520,25,0.5433554649353027,0.1374603658914566,0.061617493629455566,tensor(12.1030)
2521,25,0.0730552226305008,0.1374603658914566,0.061617493629455566,tensor(12.1030)
2522,25,0.014042052440345287,0.1374603658914566,0.061617493629455566,tensor(12.1030)
2523,25,0.10449297726154327,0.1374603658914566,0.061617493629455566,tensor(12.1030)
2524,25,0.0068306210450828075,0.1374603658914566,0.061617493629455566,tensor(12.1030)
2525,25,0.3473246395587921,0.1374603658914566,0.061617493629455566,tensor(12.1030)
2526,25,0.10958852618932724,0.1374603658914566,0.061617493629455566,tensor(12.1030)
2527,25,0.016039017587900162,0.1374603658914566,0.061617493629455566,tensor(12.1030)
2528,25,0.06638393551111221,0.1374603658914566,0.061617493629455566,tensor(12.1030)
2529,25,0.003298243973404169,0.1374603658914566,0.061617493629455566,tensor(12.1030)
2530,25,0.05208234488964081,0.1374603658914566,0.061617493629455566,tensor(12.1030)
2531,25,0.09932327270507812,0.1374603658914566,0.061617493629455566,tensor(12.1030)
2532,25,0.4672563076019287,0.1374603658914566,0.061617493629455566,tensor(12.1030)
2533,25,0.26793310046195984,0.1374603658914566,0.061617493629455566,tensor(12.1030)
2534,25,0.12421815097332001,0.1374603658914566,0.061617493629455566,tensor(12.1030)
2535,25,0.004772922024130821,0.1374603658914566,0.061617493629455566,tensor(12.1030)
2536,25,0.009543828666210175,0.1374603658914566,0.061617493629455566,tensor(12.1030)
2537,25,0.0766204223036766,0.1374603658914566,0.061617493629455566,tensor(12.1030)
2538,25,0.0859653502702713,0.1374603658914566,0.061617493629455566,tensor(12.1030)
2539,25,0.3179789185523987,0.1374603658914566,0.061617493629455566,tensor(12.1030)
2540,25,0.007336912676692009,0.1374603658914566,0.061617493629455566,tensor(12.1030)
2541,25,0.17857898771762848,0.1374603658914566,0.061617493629455566,tensor(12.1030)
2542,25,0.02196587808430195,0.1374603658914566,0.061617493629455566,tensor(12.1030)
2543,25,0.0075665926560759544,0.1374603658914566,0.061617493629455566,tensor(12.1030)
2544,25,0.1014547199010849,0.1374603658914566,0.061617493629455566,tensor(12.1030)
2545,25,0.0028325384482741356,0.1374603658914566,0.061617493629455566,tensor(12.1030)
2546,25,0.2246476709842682,0.1374603658914566,0.061617493629455566,tensor(12.1030)
2547,25,0.007939894683659077,0.1374603658914566,0.061617493629455566,tensor(12.1030)
2548,25,0.01878512278199196,0.1374603658914566,0.061617493629455566,tensor(12.1030)
2549,25,0.4379374384880066,0.1374603658914566,0.061617493629455566,tensor(12.1030)
2550,25,0.013375752605497837,0.1374603658914566,0.061617493629455566,tensor(12.1030)
2551,25,0.013375752605497837,0.091146320104599,0.061617493629455566,tensor(12.1030)
2552,25,0.013375752605497837,0.027541384100914,0.061617493629455566,tensor(12.1030)
2553,25,0.8732527494430542,0.027541384100914,0.061617493629455566,tensor(12.1030)
2553,26,0.8732527494430542,0.027541384100914,0.048942193388938904,tensor(13.1032)
2554,26,0.1210198923945427,0.027541384100914,0.048942193388938904,tensor(13.1032)
2555,26,0.03970485180616379,0.027541384100914,0.048942193388938904,tensor(13.1032)
2556,26,0.2077280580997467,0.027541384100914,0.048942193388938904,tensor(13.1032)
2557,26,0.02032814919948578,0.027541384100914,0.048942193388938904,tensor(13.1032)
2558,26,0.19099804759025574,0.027541384100914,0.048942193388938904,tensor(13.1032)
2559,26,0.5622978210449219,0.027541384100914,0.048942193388938904,tensor(13.1032)
2560,26,0.009466555900871754,0.027541384100914,0.048942193388938904,tensor(13.1032)
2561,26,0.2449742555618286,0.027541384100914,0.048942193388938904,tensor(13.1032)
2562,26,0.014200104400515556,0.027541384100914,0.048942193388938904,tensor(13.1032)
2563,26,0.23675581812858582,0.027541384100914,0.048942193388938904,tensor(13.1032)
2564,26,0.14640091359615326,0.027541384100914,0.048942193388938904,tensor(13.1032)
2565,26,0.003419072600081563,0.027541384100914,0.048942193388938904,tensor(13.1032)
2566,26,0.04155411571264267,0.027541384100914,0.048942193388938904,tensor(13.1032)
2567,26,0.03692519664764404,0.027541384100914,0.048942193388938904,tensor(13.1032)
2568,26,0.20592695474624634,0.027541384100914,0.048942193388938904,tensor(13.1032)
2569,26,0.0044863587245345116,0.027541384100914,0.048942193388938904,tensor(13.1032)
2570,26,0.012848468497395515,0.027541384100914,0.048942193388938904,tensor(13.1032)
2571,26,0.3452792763710022,0.027541384100914,0.048942193388938904,tensor(13.1032)
2572,26,0.02500069886445999,0.027541384100914,0.048942193388938904,tensor(13.1032)
2573,26,0.19547390937805176,0.027541384100914,0.048942193388938904,tensor(13.1032)
2574,26,0.0865674838423729,0.027541384100914,0.048942193388938904,tensor(13.1032)
2575,26,0.06247256323695183,0.027541384100914,0.048942193388938904,tensor(13.1032)
2576,26,0.3440270721912384,0.027541384100914,0.048942193388938904,tensor(13.1032)
2577,26,0.0441824272274971,0.027541384100914,0.048942193388938904,tensor(13.1032)
2578,26,0.09794262051582336,0.027541384100914,0.048942193388938904,tensor(13.1032)
2579,26,0.007046365644782782,0.027541384100914,0.048942193388938904,tensor(13.1032)
2580,26,0.08366945385932922,0.027541384100914,0.048942193388938904,tensor(13.1032)
2581,26,0.017321038991212845,0.027541384100914,0.048942193388938904,tensor(13.1032)
2582,26,0.019416818395256996,0.027541384100914,0.048942193388938904,tensor(13.1032)
2583,26,0.26942503452301025,0.027541384100914,0.048942193388938904,tensor(13.1032)
2584,26,0.04479627311229706,0.027541384100914,0.048942193388938904,tensor(13.1032)
2585,26,0.3123600482940674,0.027541384100914,0.048942193388938904,tensor(13.1032)
2586,26,0.03533659875392914,0.027541384100914,0.048942193388938904,tensor(13.1032)
2587,26,0.7317473292350769,0.027541384100914,0.048942193388938904,tensor(13.1032)
2588,26,0.18417850136756897,0.027541384100914,0.048942193388938904,tensor(13.1032)
2589,26,0.23351779580116272,0.027541384100914,0.048942193388938904,tensor(13.1032)
2590,26,0.11090511083602905,0.027541384100914,0.048942193388938904,tensor(13.1032)
2591,26,0.06109447032213211,0.027541384100914,0.048942193388938904,tensor(13.1032)
2592,26,0.007916836068034172,0.027541384100914,0.048942193388938904,tensor(13.1032)
2593,26,0.0972537100315094,0.027541384100914,0.048942193388938904,tensor(13.1032)
2594,26,0.09242422878742218,0.027541384100914,0.048942193388938904,tensor(13.1032)
2595,26,0.008090687915682793,0.027541384100914,0.048942193388938904,tensor(13.1032)
2596,26,0.09149129688739777,0.027541384100914,0.048942193388938904,tensor(13.1032)
2597,26,0.040345415472984314,0.027541384100914,0.048942193388938904,tensor(13.1032)
2598,26,0.010081305168569088,0.027541384100914,0.048942193388938904,tensor(13.1032)
2599,26,0.05591030418872833,0.027541384100914,0.048942193388938904,tensor(13.1032)
2600,26,0.008172054775059223,0.027541384100914,0.048942193388938904,tensor(13.1032)
2601,26,0.02182876691222191,0.027541384100914,0.048942193388938904,tensor(13.1032)
2602,26,0.24241818487644196,0.027541384100914,0.048942193388938904,tensor(13.1032)
2603,26,0.317558616399765,0.027541384100914,0.048942193388938904,tensor(13.1032)
2604,26,0.32578742504119873,0.027541384100914,0.048942193388938904,tensor(13.1032)
2605,26,0.0339689701795578,0.027541384100914,0.048942193388938904,tensor(13.1032)
2606,26,0.05604216456413269,0.027541384100914,0.048942193388938904,tensor(13.1032)
2607,26,0.5409904718399048,0.027541384100914,0.048942193388938904,tensor(13.1032)
2608,26,0.030660612508654594,0.027541384100914,0.048942193388938904,tensor(13.1032)
2609,26,0.015767332166433334,0.027541384100914,0.048942193388938904,tensor(13.1032)
2610,26,0.028455402702093124,0.027541384100914,0.048942193388938904,tensor(13.1032)
2611,26,0.05153428018093109,0.027541384100914,0.048942193388938904,tensor(13.1032)
2612,26,0.1605169028043747,0.027541384100914,0.048942193388938904,tensor(13.1032)
2613,26,0.010422411374747753,0.027541384100914,0.048942193388938904,tensor(13.1032)
2614,26,0.29445457458496094,0.027541384100914,0.048942193388938904,tensor(13.1032)
2615,26,0.007185378577560186,0.027541384100914,0.048942193388938904,tensor(13.1032)
2616,26,0.06461697816848755,0.027541384100914,0.048942193388938904,tensor(13.1032)
2617,26,0.01130442600697279,0.027541384100914,0.048942193388938904,tensor(13.1032)
2618,26,0.005008978769183159,0.027541384100914,0.048942193388938904,tensor(13.1032)
2619,26,0.1171945258975029,0.027541384100914,0.048942193388938904,tensor(13.1032)
2620,26,0.02146201580762863,0.027541384100914,0.048942193388938904,tensor(13.1032)
2621,26,0.10530674457550049,0.027541384100914,0.048942193388938904,tensor(13.1032)
2622,26,0.20543316006660461,0.027541384100914,0.048942193388938904,tensor(13.1032)
2623,26,0.459240198135376,0.027541384100914,0.048942193388938904,tensor(13.1032)
2624,26,0.1645435392856598,0.027541384100914,0.048942193388938904,tensor(13.1032)
2625,26,0.6649658679962158,0.027541384100914,0.048942193388938904,tensor(13.1032)
2626,26,0.23561686277389526,0.027541384100914,0.048942193388938904,tensor(13.1032)
2627,26,0.02420741319656372,0.027541384100914,0.048942193388938904,tensor(13.1032)
2628,26,0.027257706969976425,0.027541384100914,0.048942193388938904,tensor(13.1032)
2629,26,0.01029767096042633,0.027541384100914,0.048942193388938904,tensor(13.1032)
2630,26,0.008570663630962372,0.027541384100914,0.048942193388938904,tensor(13.1032)
2631,26,0.006077436730265617,0.027541384100914,0.048942193388938904,tensor(13.1032)
2632,26,0.03895719349384308,0.027541384100914,0.048942193388938904,tensor(13.1032)
2633,26,0.17044375836849213,0.027541384100914,0.048942193388938904,tensor(13.1032)
2634,26,0.008057352155447006,0.027541384100914,0.048942193388938904,tensor(13.1032)
2635,26,0.22743633389472961,0.027541384100914,0.048942193388938904,tensor(13.1032)
2636,26,0.3431776463985443,0.027541384100914,0.048942193388938904,tensor(13.1032)
2637,26,0.05993160232901573,0.027541384100914,0.048942193388938904,tensor(13.1032)
2638,26,0.126814067363739,0.027541384100914,0.048942193388938904,tensor(13.1032)
2639,26,0.3889896869659424,0.027541384100914,0.048942193388938904,tensor(13.1032)
2640,26,0.32384753227233887,0.027541384100914,0.048942193388938904,tensor(13.1032)
2641,26,0.014667537994682789,0.027541384100914,0.048942193388938904,tensor(13.1032)
2642,26,0.014277179725468159,0.027541384100914,0.048942193388938904,tensor(13.1032)
2643,26,0.25454944372177124,0.027541384100914,0.048942193388938904,tensor(13.1032)
2644,26,0.5384125113487244,0.027541384100914,0.048942193388938904,tensor(13.1032)
2645,26,0.0030718864873051643,0.027541384100914,0.048942193388938904,tensor(13.1032)
2646,26,0.011619707569479942,0.027541384100914,0.048942193388938904,tensor(13.1032)
2647,26,0.058880724012851715,0.027541384100914,0.048942193388938904,tensor(13.1032)
2648,26,0.0047373780980706215,0.027541384100914,0.048942193388938904,tensor(13.1032)
2649,26,0.18061572313308716,0.027541384100914,0.048942193388938904,tensor(13.1032)
2650,26,0.049061574041843414,0.027541384100914,0.048942193388938904,tensor(13.1032)
2651,26,0.037854742258787155,0.027541384100914,0.048942193388938904,tensor(13.1032)
2652,26,0.006154588423669338,0.027541384100914,0.048942193388938904,tensor(13.1032)
2653,26,0.006154588423669338,0.051317065954208374,0.048942193388938904,tensor(13.1032)
2654,26,0.006154588423669338,0.0651509240269661,0.048942193388938904,tensor(13.1032)
2655,26,0.9574135541915894,0.0651509240269661,0.048942193388938904,tensor(13.1032)
2655,27,0.9574135541915894,0.0651509240269661,0.03041999600827694,tensor(15.1684)
2656,27,0.09647803008556366,0.0651509240269661,0.03041999600827694,tensor(15.1684)
2657,27,0.01334324199706316,0.0651509240269661,0.03041999600827694,tensor(15.1684)
2658,27,0.41670945286750793,0.0651509240269661,0.03041999600827694,tensor(15.1684)
2659,27,0.12813693284988403,0.0651509240269661,0.03041999600827694,tensor(15.1684)
2660,27,0.05122319608926773,0.0651509240269661,0.03041999600827694,tensor(15.1684)
2661,27,0.00791026372462511,0.0651509240269661,0.03041999600827694,tensor(15.1684)
2662,27,0.05744744837284088,0.0651509240269661,0.03041999600827694,tensor(15.1684)
2663,27,0.43574097752571106,0.0651509240269661,0.03041999600827694,tensor(15.1684)
2664,27,0.006590106058865786,0.0651509240269661,0.03041999600827694,tensor(15.1684)
2665,27,0.02207936719059944,0.0651509240269661,0.03041999600827694,tensor(15.1684)
2666,27,0.05032871663570404,0.0651509240269661,0.03041999600827694,tensor(15.1684)
2667,27,0.0038943151012063026,0.0651509240269661,0.03041999600827694,tensor(15.1684)
2668,27,0.017194561660289764,0.0651509240269661,0.03041999600827694,tensor(15.1684)
2669,27,0.3296405076980591,0.0651509240269661,0.03041999600827694,tensor(15.1684)
2670,27,0.09164093434810638,0.0651509240269661,0.03041999600827694,tensor(15.1684)
2671,27,0.26635175943374634,0.0651509240269661,0.03041999600827694,tensor(15.1684)
2672,27,0.15458416938781738,0.0651509240269661,0.03041999600827694,tensor(15.1684)
2673,27,0.021717894822359085,0.0651509240269661,0.03041999600827694,tensor(15.1684)
2674,27,0.10612085461616516,0.0651509240269661,0.03041999600827694,tensor(15.1684)
2675,27,0.1048736646771431,0.0651509240269661,0.03041999600827694,tensor(15.1684)
2676,27,0.003273948561400175,0.0651509240269661,0.03041999600827694,tensor(15.1684)
2677,27,0.011572759598493576,0.0651509240269661,0.03041999600827694,tensor(15.1684)
2678,27,0.01692125014960766,0.0651509240269661,0.03041999600827694,tensor(15.1684)
2679,27,0.7949761152267456,0.0651509240269661,0.03041999600827694,tensor(15.1684)
2680,27,0.3442870080471039,0.0651509240269661,0.03041999600827694,tensor(15.1684)
2681,27,0.009587911888957024,0.0651509240269661,0.03041999600827694,tensor(15.1684)
2682,27,0.7529466152191162,0.0651509240269661,0.03041999600827694,tensor(15.1684)
2683,27,0.11334379762411118,0.0651509240269661,0.03041999600827694,tensor(15.1684)
2684,27,0.010783519595861435,0.0651509240269661,0.03041999600827694,tensor(15.1684)
2685,27,0.7628572583198547,0.0651509240269661,0.03041999600827694,tensor(15.1684)
2686,27,0.006202908232808113,0.0651509240269661,0.03041999600827694,tensor(15.1684)
2687,27,0.028424860909581184,0.0651509240269661,0.03041999600827694,tensor(15.1684)
2688,27,0.042789120227098465,0.0651509240269661,0.03041999600827694,tensor(15.1684)
2689,27,0.19919781386852264,0.0651509240269661,0.03041999600827694,tensor(15.1684)
2690,27,0.12979012727737427,0.0651509240269661,0.03041999600827694,tensor(15.1684)
2691,27,0.04634615778923035,0.0651509240269661,0.03041999600827694,tensor(15.1684)
2692,27,0.225864440202713,0.0651509240269661,0.03041999600827694,tensor(15.1684)
2693,27,0.11348873376846313,0.0651509240269661,0.03041999600827694,tensor(15.1684)
2694,27,0.058062463998794556,0.0651509240269661,0.03041999600827694,tensor(15.1684)
2695,27,0.004993371665477753,0.0651509240269661,0.03041999600827694,tensor(15.1684)
2696,27,0.2944751977920532,0.0651509240269661,0.03041999600827694,tensor(15.1684)
2697,27,0.037765342742204666,0.0651509240269661,0.03041999600827694,tensor(15.1684)
2698,27,0.128959059715271,0.0651509240269661,0.03041999600827694,tensor(15.1684)
2699,27,0.2530989646911621,0.0651509240269661,0.03041999600827694,tensor(15.1684)
2700,27,0.24840185046195984,0.0651509240269661,0.03041999600827694,tensor(15.1684)
2701,27,0.2222909778356552,0.0651509240269661,0.03041999600827694,tensor(15.1684)
2702,27,0.1468769907951355,0.0651509240269661,0.03041999600827694,tensor(15.1684)
2703,27,0.017278043553233147,0.0651509240269661,0.03041999600827694,tensor(15.1684)
2704,27,0.005670315120369196,0.0651509240269661,0.03041999600827694,tensor(15.1684)
2705,27,0.606610894203186,0.0651509240269661,0.03041999600827694,tensor(15.1684)
2706,27,0.07461664080619812,0.0651509240269661,0.03041999600827694,tensor(15.1684)
2707,27,0.24693243205547333,0.0651509240269661,0.03041999600827694,tensor(15.1684)
2708,27,0.03810139000415802,0.0651509240269661,0.03041999600827694,tensor(15.1684)
2709,27,0.026173368096351624,0.0651509240269661,0.03041999600827694,tensor(15.1684)
2710,27,0.10852062702178955,0.0651509240269661,0.03041999600827694,tensor(15.1684)
2711,27,0.004453463479876518,0.0651509240269661,0.03041999600827694,tensor(15.1684)
2712,27,0.015050316229462624,0.0651509240269661,0.03041999600827694,tensor(15.1684)
2713,27,0.18300822377204895,0.0651509240269661,0.03041999600827694,tensor(15.1684)
2714,27,0.4658268094062805,0.0651509240269661,0.03041999600827694,tensor(15.1684)
2715,27,0.006233171559870243,0.0651509240269661,0.03041999600827694,tensor(15.1684)
2716,27,0.042847611010074615,0.0651509240269661,0.03041999600827694,tensor(15.1684)
2717,27,0.0785614401102066,0.0651509240269661,0.03041999600827694,tensor(15.1684)
2718,27,0.004954981151968241,0.0651509240269661,0.03041999600827694,tensor(15.1684)
2719,27,0.42821580171585083,0.0651509240269661,0.03041999600827694,tensor(15.1684)
2720,27,0.22553348541259766,0.0651509240269661,0.03041999600827694,tensor(15.1684)
2721,27,0.7966277599334717,0.0651509240269661,0.03041999600827694,tensor(15.1684)
2722,27,0.2148008644580841,0.0651509240269661,0.03041999600827694,tensor(15.1684)
2723,27,0.021268676966428757,0.0651509240269661,0.03041999600827694,tensor(15.1684)
2724,27,0.04120276868343353,0.0651509240269661,0.03041999600827694,tensor(15.1684)
2725,27,0.24587154388427734,0.0651509240269661,0.03041999600827694,tensor(15.1684)
2726,27,0.6161374449729919,0.0651509240269661,0.03041999600827694,tensor(15.1684)
2727,27,0.302653431892395,0.0651509240269661,0.03041999600827694,tensor(15.1684)
2728,27,0.125381201505661,0.0651509240269661,0.03041999600827694,tensor(15.1684)
2729,27,0.27700477838516235,0.0651509240269661,0.03041999600827694,tensor(15.1684)
2730,27,0.00555305415764451,0.0651509240269661,0.03041999600827694,tensor(15.1684)
2731,27,0.0774463415145874,0.0651509240269661,0.03041999600827694,tensor(15.1684)
2732,27,0.013022247701883316,0.0651509240269661,0.03041999600827694,tensor(15.1684)
2733,27,0.10713695734739304,0.0651509240269661,0.03041999600827694,tensor(15.1684)
2734,27,0.016697898507118225,0.0651509240269661,0.03041999600827694,tensor(15.1684)
2735,27,0.06692993640899658,0.0651509240269661,0.03041999600827694,tensor(15.1684)
2736,27,0.1545717567205429,0.0651509240269661,0.03041999600827694,tensor(15.1684)
2737,27,0.002566196955740452,0.0651509240269661,0.03041999600827694,tensor(15.1684)
2738,27,0.7138255834579468,0.0651509240269661,0.03041999600827694,tensor(15.1684)
2739,27,0.20634055137634277,0.0651509240269661,0.03041999600827694,tensor(15.1684)
2740,27,0.011719707399606705,0.0651509240269661,0.03041999600827694,tensor(15.1684)
2741,27,0.07343846559524536,0.0651509240269661,0.03041999600827694,tensor(15.1684)
2742,27,0.1163889616727829,0.0651509240269661,0.03041999600827694,tensor(15.1684)
2743,27,0.0038187766913324594,0.0651509240269661,0.03041999600827694,tensor(15.1684)
2744,27,0.005389861762523651,0.0651509240269661,0.03041999600827694,tensor(15.1684)
2745,27,0.03514547646045685,0.0651509240269661,0.03041999600827694,tensor(15.1684)
2746,27,0.01332867331802845,0.0651509240269661,0.03041999600827694,tensor(15.1684)
2747,27,0.003894645953550935,0.0651509240269661,0.03041999600827694,tensor(15.1684)
2748,27,0.0511288046836853,0.0651509240269661,0.03041999600827694,tensor(15.1684)
2749,27,0.1208542138338089,0.0651509240269661,0.03041999600827694,tensor(15.1684)
2750,27,0.8574267625808716,0.0651509240269661,0.03041999600827694,tensor(15.1684)
2751,27,0.01264926791191101,0.0651509240269661,0.03041999600827694,tensor(15.1684)
2752,27,0.33471357822418213,0.0651509240269661,0.03041999600827694,tensor(15.1684)
2753,27,0.058284759521484375,0.0651509240269661,0.03041999600827694,tensor(15.1684)
2754,27,0.172590434551239,0.0651509240269661,0.03041999600827694,tensor(15.1684)
2755,27,0.172590434551239,0.4991174340248108,0.03041999600827694,tensor(15.1684)
2756,27,0.172590434551239,0.009567691013216972,0.03041999600827694,tensor(15.1684)
2757,27,0.0991831049323082,0.009567691013216972,0.03041999600827694,tensor(15.1684)
2757,28,0.0991831049323082,0.009567691013216972,0.06413072347640991,tensor(11.9293)
2758,28,0.6809991598129272,0.009567691013216972,0.06413072347640991,tensor(11.9293)
2759,28,0.5697090029716492,0.009567691013216972,0.06413072347640991,tensor(11.9293)
2760,28,0.0042364709079265594,0.009567691013216972,0.06413072347640991,tensor(11.9293)
2761,28,0.9346572160720825,0.009567691013216972,0.06413072347640991,tensor(11.9293)
2762,28,0.03799177333712578,0.009567691013216972,0.06413072347640991,tensor(11.9293)
2763,28,0.11274618655443192,0.009567691013216972,0.06413072347640991,tensor(11.9293)
2764,28,0.044721201062202454,0.009567691013216972,0.06413072347640991,tensor(11.9293)
2765,28,0.09595047682523727,0.009567691013216972,0.06413072347640991,tensor(11.9293)
2766,28,0.09380495548248291,0.009567691013216972,0.06413072347640991,tensor(11.9293)
2767,28,0.003744477406144142,0.009567691013216972,0.06413072347640991,tensor(11.9293)
2768,28,0.06939096748828888,0.009567691013216972,0.06413072347640991,tensor(11.9293)
2769,28,0.03888801485300064,0.009567691013216972,0.06413072347640991,tensor(11.9293)
2770,28,0.1278216689825058,0.009567691013216972,0.06413072347640991,tensor(11.9293)
2771,28,0.3514547348022461,0.009567691013216972,0.06413072347640991,tensor(11.9293)
2772,28,0.17543251812458038,0.009567691013216972,0.06413072347640991,tensor(11.9293)
2773,28,0.9639676809310913,0.009567691013216972,0.06413072347640991,tensor(11.9293)
2774,28,0.13242194056510925,0.009567691013216972,0.06413072347640991,tensor(11.9293)
2775,28,0.15910018980503082,0.009567691013216972,0.06413072347640991,tensor(11.9293)
2776,28,0.01343409065157175,0.009567691013216972,0.06413072347640991,tensor(11.9293)
2777,28,0.08516287058591843,0.009567691013216972,0.06413072347640991,tensor(11.9293)
2778,28,0.057904377579689026,0.009567691013216972,0.06413072347640991,tensor(11.9293)
2779,28,0.01229669526219368,0.009567691013216972,0.06413072347640991,tensor(11.9293)
2780,28,0.6347877979278564,0.009567691013216972,0.06413072347640991,tensor(11.9293)
2781,28,0.4482673704624176,0.009567691013216972,0.06413072347640991,tensor(11.9293)
2782,28,0.5188888311386108,0.009567691013216972,0.06413072347640991,tensor(11.9293)
2783,28,0.02208331599831581,0.009567691013216972,0.06413072347640991,tensor(11.9293)
2784,28,0.09444575011730194,0.009567691013216972,0.06413072347640991,tensor(11.9293)
2785,28,0.016998296603560448,0.009567691013216972,0.06413072347640991,tensor(11.9293)
2786,28,0.009469184093177319,0.009567691013216972,0.06413072347640991,tensor(11.9293)
2787,28,0.3415282964706421,0.009567691013216972,0.06413072347640991,tensor(11.9293)
2788,28,0.01629885472357273,0.009567691013216972,0.06413072347640991,tensor(11.9293)
2789,28,0.24753700196743011,0.009567691013216972,0.06413072347640991,tensor(11.9293)
2790,28,0.12771490216255188,0.009567691013216972,0.06413072347640991,tensor(11.9293)
2791,28,0.4072246551513672,0.009567691013216972,0.06413072347640991,tensor(11.9293)
2792,28,0.1271352618932724,0.009567691013216972,0.06413072347640991,tensor(11.9293)
2793,28,0.0036818524822592735,0.009567691013216972,0.06413072347640991,tensor(11.9293)
2794,28,0.03547636419534683,0.009567691013216972,0.06413072347640991,tensor(11.9293)
2795,28,0.04602587968111038,0.009567691013216972,0.06413072347640991,tensor(11.9293)
2796,28,0.33450847864151,0.009567691013216972,0.06413072347640991,tensor(11.9293)
2797,28,0.011813415214419365,0.009567691013216972,0.06413072347640991,tensor(11.9293)
2798,28,0.08589926362037659,0.009567691013216972,0.06413072347640991,tensor(11.9293)
2799,28,0.026012172922492027,0.009567691013216972,0.06413072347640991,tensor(11.9293)
2800,28,0.01251792162656784,0.009567691013216972,0.06413072347640991,tensor(11.9293)
2801,28,0.02505544200539589,0.009567691013216972,0.06413072347640991,tensor(11.9293)
2802,28,0.4799066185951233,0.009567691013216972,0.06413072347640991,tensor(11.9293)
2803,28,0.27561235427856445,0.009567691013216972,0.06413072347640991,tensor(11.9293)
2804,28,0.060052040964365005,0.009567691013216972,0.06413072347640991,tensor(11.9293)
2805,28,0.041850946843624115,0.009567691013216972,0.06413072347640991,tensor(11.9293)
2806,28,0.05160405486822128,0.009567691013216972,0.06413072347640991,tensor(11.9293)
2807,28,0.07385909557342529,0.009567691013216972,0.06413072347640991,tensor(11.9293)
2808,28,0.16679272055625916,0.009567691013216972,0.06413072347640991,tensor(11.9293)
2809,28,0.08816254884004593,0.009567691013216972,0.06413072347640991,tensor(11.9293)
2810,28,0.15825185179710388,0.009567691013216972,0.06413072347640991,tensor(11.9293)
2811,28,0.005245042033493519,0.009567691013216972,0.06413072347640991,tensor(11.9293)
2812,28,0.48701053857803345,0.009567691013216972,0.06413072347640991,tensor(11.9293)
2813,28,0.015977689996361732,0.009567691013216972,0.06413072347640991,tensor(11.9293)
2814,28,0.025266889482736588,0.009567691013216972,0.06413072347640991,tensor(11.9293)
2815,28,0.00587946642190218,0.009567691013216972,0.06413072347640991,tensor(11.9293)
2816,28,0.9454406499862671,0.009567691013216972,0.06413072347640991,tensor(11.9293)
2817,28,0.15037289261817932,0.009567691013216972,0.06413072347640991,tensor(11.9293)
2818,28,0.09576892852783203,0.009567691013216972,0.06413072347640991,tensor(11.9293)
2819,28,0.005307462997734547,0.009567691013216972,0.06413072347640991,tensor(11.9293)
2820,28,0.014484921470284462,0.009567691013216972,0.06413072347640991,tensor(11.9293)
2821,28,0.3975457549095154,0.009567691013216972,0.06413072347640991,tensor(11.9293)
2822,28,0.03131905570626259,0.009567691013216972,0.06413072347640991,tensor(11.9293)
2823,28,0.11521398276090622,0.009567691013216972,0.06413072347640991,tensor(11.9293)
2824,28,0.07799001783132553,0.009567691013216972,0.06413072347640991,tensor(11.9293)
2825,28,0.009266555309295654,0.009567691013216972,0.06413072347640991,tensor(11.9293)
2826,28,0.008316371589899063,0.009567691013216972,0.06413072347640991,tensor(11.9293)
2827,28,0.1621924191713333,0.009567691013216972,0.06413072347640991,tensor(11.9293)
2828,28,0.5316935181617737,0.009567691013216972,0.06413072347640991,tensor(11.9293)
2829,28,0.011180203408002853,0.009567691013216972,0.06413072347640991,tensor(11.9293)
2830,28,0.02824539877474308,0.009567691013216972,0.06413072347640991,tensor(11.9293)
2831,28,0.07929156720638275,0.009567691013216972,0.06413072347640991,tensor(11.9293)
2832,28,0.3774632513523102,0.009567691013216972,0.06413072347640991,tensor(11.9293)
2833,28,0.005973926745355129,0.009567691013216972,0.06413072347640991,tensor(11.9293)
2834,28,0.004552491009235382,0.009567691013216972,0.06413072347640991,tensor(11.9293)
2835,28,0.05600458383560181,0.009567691013216972,0.06413072347640991,tensor(11.9293)
2836,28,0.053216829895973206,0.009567691013216972,0.06413072347640991,tensor(11.9293)
2837,28,0.06026522442698479,0.009567691013216972,0.06413072347640991,tensor(11.9293)
2838,28,0.1798534393310547,0.009567691013216972,0.06413072347640991,tensor(11.9293)
2839,28,0.006172227207571268,0.009567691013216972,0.06413072347640991,tensor(11.9293)
2840,28,0.9353350400924683,0.009567691013216972,0.06413072347640991,tensor(11.9293)
2841,28,0.02279520407319069,0.009567691013216972,0.06413072347640991,tensor(11.9293)
2842,28,0.0053505371324718,0.009567691013216972,0.06413072347640991,tensor(11.9293)
2843,28,0.11489438265562057,0.009567691013216972,0.06413072347640991,tensor(11.9293)
2844,28,0.22368675470352173,0.009567691013216972,0.06413072347640991,tensor(11.9293)
2845,28,0.10430474579334259,0.009567691013216972,0.06413072347640991,tensor(11.9293)
2846,28,0.6626508235931396,0.009567691013216972,0.06413072347640991,tensor(11.9293)
2847,28,0.11032077670097351,0.009567691013216972,0.06413072347640991,tensor(11.9293)
2848,28,0.004717366304248571,0.009567691013216972,0.06413072347640991,tensor(11.9293)
2849,28,0.014907089993357658,0.009567691013216972,0.06413072347640991,tensor(11.9293)
2850,28,0.12786293029785156,0.009567691013216972,0.06413072347640991,tensor(11.9293)
2851,28,0.1372344195842743,0.009567691013216972,0.06413072347640991,tensor(11.9293)
2852,28,0.010558374226093292,0.009567691013216972,0.06413072347640991,tensor(11.9293)
2853,28,0.7822980880737305,0.009567691013216972,0.06413072347640991,tensor(11.9293)
2854,28,0.008029300719499588,0.009567691013216972,0.06413072347640991,tensor(11.9293)
2855,28,0.6507071256637573,0.009567691013216972,0.06413072347640991,tensor(11.9293)
2856,28,0.19274061918258667,0.009567691013216972,0.06413072347640991,tensor(11.9293)
2857,28,0.19274061918258667,0.06409572809934616,0.06413072347640991,tensor(11.9293)
2858,28,0.19274061918258667,0.6654328107833862,0.06413072347640991,tensor(11.9293)
2859,28,0.0034383353777229786,0.6654328107833862,0.06413072347640991,tensor(11.9293)
2859,29,0.0034383353777229786,0.6654328107833862,0.019689297303557396,tensor(17.0577)
2860,29,0.5389822721481323,0.6654328107833862,0.019689297303557396,tensor(17.0577)
2861,29,0.7074997425079346,0.6654328107833862,0.019689297303557396,tensor(17.0577)
2862,29,0.6606682538986206,0.6654328107833862,0.019689297303557396,tensor(17.0577)
2863,29,0.21536841988563538,0.6654328107833862,0.019689297303557396,tensor(17.0577)
2864,29,0.09839990735054016,0.6654328107833862,0.019689297303557396,tensor(17.0577)
2865,29,0.006033833138644695,0.6654328107833862,0.019689297303557396,tensor(17.0577)
2866,29,0.055735260248184204,0.6654328107833862,0.019689297303557396,tensor(17.0577)
2867,29,0.005345477722585201,0.6654328107833862,0.019689297303557396,tensor(17.0577)
2868,29,0.6398879289627075,0.6654328107833862,0.019689297303557396,tensor(17.0577)
2869,29,0.1458066999912262,0.6654328107833862,0.019689297303557396,tensor(17.0577)
2870,29,0.010288486257195473,0.6654328107833862,0.019689297303557396,tensor(17.0577)
2871,29,0.4783950448036194,0.6654328107833862,0.019689297303557396,tensor(17.0577)
2872,29,0.2559650242328644,0.6654328107833862,0.019689297303557396,tensor(17.0577)
2873,29,0.039865124970674515,0.6654328107833862,0.019689297303557396,tensor(17.0577)
2874,29,0.015872977674007416,0.6654328107833862,0.019689297303557396,tensor(17.0577)
2875,29,0.005110699683427811,0.6654328107833862,0.019689297303557396,tensor(17.0577)
2876,29,0.14777064323425293,0.6654328107833862,0.019689297303557396,tensor(17.0577)
2877,29,0.31616640090942383,0.6654328107833862,0.019689297303557396,tensor(17.0577)
2878,29,0.3453062176704407,0.6654328107833862,0.019689297303557396,tensor(17.0577)
2879,29,0.22963540256023407,0.6654328107833862,0.019689297303557396,tensor(17.0577)
2880,29,0.1685469001531601,0.6654328107833862,0.019689297303557396,tensor(17.0577)
2881,29,0.3089163303375244,0.6654328107833862,0.019689297303557396,tensor(17.0577)
2882,29,0.19327795505523682,0.6654328107833862,0.019689297303557396,tensor(17.0577)
2883,29,0.43069130182266235,0.6654328107833862,0.019689297303557396,tensor(17.0577)
2884,29,0.3386465311050415,0.6654328107833862,0.019689297303557396,tensor(17.0577)
2885,29,0.011838497593998909,0.6654328107833862,0.019689297303557396,tensor(17.0577)
2886,29,0.007164665497839451,0.6654328107833862,0.019689297303557396,tensor(17.0577)
2887,29,0.004918956197798252,0.6654328107833862,0.019689297303557396,tensor(17.0577)
2888,29,0.3096488118171692,0.6654328107833862,0.019689297303557396,tensor(17.0577)
2889,29,0.2245693951845169,0.6654328107833862,0.019689297303557396,tensor(17.0577)
2890,29,0.044386427849531174,0.6654328107833862,0.019689297303557396,tensor(17.0577)
2891,29,0.2853401005268097,0.6654328107833862,0.019689297303557396,tensor(17.0577)
2892,29,0.08889323472976685,0.6654328107833862,0.019689297303557396,tensor(17.0577)
2893,29,0.1434347927570343,0.6654328107833862,0.019689297303557396,tensor(17.0577)
2894,29,0.013458693400025368,0.6654328107833862,0.019689297303557396,tensor(17.0577)
2895,29,0.003654136322438717,0.6654328107833862,0.019689297303557396,tensor(17.0577)
2896,29,0.21809646487236023,0.6654328107833862,0.019689297303557396,tensor(17.0577)
2897,29,0.004379823803901672,0.6654328107833862,0.019689297303557396,tensor(17.0577)
2898,29,0.012727852910757065,0.6654328107833862,0.019689297303557396,tensor(17.0577)
2899,29,0.13930504024028778,0.6654328107833862,0.019689297303557396,tensor(17.0577)
2900,29,0.027549482882022858,0.6654328107833862,0.019689297303557396,tensor(17.0577)
2901,29,0.4341790974140167,0.6654328107833862,0.019689297303557396,tensor(17.0577)
2902,29,0.14975878596305847,0.6654328107833862,0.019689297303557396,tensor(17.0577)
2903,29,0.032823577523231506,0.6654328107833862,0.019689297303557396,tensor(17.0577)
2904,29,0.1415492445230484,0.6654328107833862,0.019689297303557396,tensor(17.0577)
2905,29,0.007548837456852198,0.6654328107833862,0.019689297303557396,tensor(17.0577)
2906,29,0.28415581583976746,0.6654328107833862,0.019689297303557396,tensor(17.0577)
2907,29,0.22474850714206696,0.6654328107833862,0.019689297303557396,tensor(17.0577)
2908,29,0.014177000150084496,0.6654328107833862,0.019689297303557396,tensor(17.0577)
2909,29,0.031235981732606888,0.6654328107833862,0.019689297303557396,tensor(17.0577)
2910,29,0.016571132466197014,0.6654328107833862,0.019689297303557396,tensor(17.0577)
2911,29,0.4265691637992859,0.6654328107833862,0.019689297303557396,tensor(17.0577)
2912,29,0.023363210260868073,0.6654328107833862,0.019689297303557396,tensor(17.0577)
2913,29,0.0033324756659567356,0.6654328107833862,0.019689297303557396,tensor(17.0577)
2914,29,0.018558664247393608,0.6654328107833862,0.019689297303557396,tensor(17.0577)
2915,29,0.5525816679000854,0.6654328107833862,0.019689297303557396,tensor(17.0577)
2916,29,0.009059653617441654,0.6654328107833862,0.019689297303557396,tensor(17.0577)
2917,29,0.8598441481590271,0.6654328107833862,0.019689297303557396,tensor(17.0577)
2918,29,0.06792046129703522,0.6654328107833862,0.019689297303557396,tensor(17.0577)
2919,29,0.01310763694345951,0.6654328107833862,0.019689297303557396,tensor(17.0577)
2920,29,0.016226578503847122,0.6654328107833862,0.019689297303557396,tensor(17.0577)
2921,29,0.014696955680847168,0.6654328107833862,0.019689297303557396,tensor(17.0577)
2922,29,0.004669538699090481,0.6654328107833862,0.019689297303557396,tensor(17.0577)
2923,29,0.12767204642295837,0.6654328107833862,0.019689297303557396,tensor(17.0577)
2924,29,0.024631524458527565,0.6654328107833862,0.019689297303557396,tensor(17.0577)
2925,29,0.9166887998580933,0.6654328107833862,0.019689297303557396,tensor(17.0577)
2926,29,0.003546455642208457,0.6654328107833862,0.019689297303557396,tensor(17.0577)
2927,29,0.009913895279169083,0.6654328107833862,0.019689297303557396,tensor(17.0577)
2928,29,0.06996249407529831,0.6654328107833862,0.019689297303557396,tensor(17.0577)
2929,29,0.02855091542005539,0.6654328107833862,0.019689297303557396,tensor(17.0577)
2930,29,0.03560599684715271,0.6654328107833862,0.019689297303557396,tensor(17.0577)
2931,29,0.014742836356163025,0.6654328107833862,0.019689297303557396,tensor(17.0577)
2932,29,0.589357852935791,0.6654328107833862,0.019689297303557396,tensor(17.0577)
2933,29,0.2195216715335846,0.6654328107833862,0.019689297303557396,tensor(17.0577)
2934,29,0.1547086238861084,0.6654328107833862,0.019689297303557396,tensor(17.0577)
2935,29,0.009412845596671104,0.6654328107833862,0.019689297303557396,tensor(17.0577)
2936,29,0.05588614568114281,0.6654328107833862,0.019689297303557396,tensor(17.0577)
2937,29,0.034982889890670776,0.6654328107833862,0.019689297303557396,tensor(17.0577)
2938,29,0.3300487995147705,0.6654328107833862,0.019689297303557396,tensor(17.0577)
2939,29,0.29367098212242126,0.6654328107833862,0.019689297303557396,tensor(17.0577)
2940,29,0.01072702370584011,0.6654328107833862,0.019689297303557396,tensor(17.0577)
2941,29,0.0046811033971607685,0.6654328107833862,0.019689297303557396,tensor(17.0577)
2942,29,0.40949586033821106,0.6654328107833862,0.019689297303557396,tensor(17.0577)
2943,29,0.25155022740364075,0.6654328107833862,0.019689297303557396,tensor(17.0577)
2944,29,0.2809652090072632,0.6654328107833862,0.019689297303557396,tensor(17.0577)
2945,29,0.05284438654780388,0.6654328107833862,0.019689297303557396,tensor(17.0577)
2946,29,0.10760665684938431,0.6654328107833862,0.019689297303557396,tensor(17.0577)
2947,29,0.21941611170768738,0.6654328107833862,0.019689297303557396,tensor(17.0577)
2948,29,0.014688696712255478,0.6654328107833862,0.019689297303557396,tensor(17.0577)
2949,29,0.19350844621658325,0.6654328107833862,0.019689297303557396,tensor(17.0577)
2950,29,0.130478173494339,0.6654328107833862,0.019689297303557396,tensor(17.0577)
2951,29,0.5035373568534851,0.6654328107833862,0.019689297303557396,tensor(17.0577)
2952,29,0.004934513010084629,0.6654328107833862,0.019689297303557396,tensor(17.0577)
2953,29,0.11096811294555664,0.6654328107833862,0.019689297303557396,tensor(17.0577)
2954,29,0.009966294281184673,0.6654328107833862,0.019689297303557396,tensor(17.0577)
2955,29,0.4550595283508301,0.6654328107833862,0.019689297303557396,tensor(17.0577)
2956,29,0.15120205283164978,0.6654328107833862,0.019689297303557396,tensor(17.0577)
2957,29,0.45361173152923584,0.6654328107833862,0.019689297303557396,tensor(17.0577)
2958,29,0.04994227737188339,0.6654328107833862,0.019689297303557396,tensor(17.0577)
2959,29,0.04994227737188339,0.0624803863465786,0.019689297303557396,tensor(17.0577)
2960,29,0.04994227737188339,0.07328581809997559,0.019689297303557396,tensor(17.0577)
2961,29,0.006553856190294027,0.07328581809997559,0.019689297303557396,tensor(17.0577)
2961,30,0.006553856190294027,0.07328581809997559,0.5078731775283813,tensor(2.9424)
2962,30,0.23072859644889832,0.07328581809997559,0.5078731775283813,tensor(2.9424)
2963,30,0.028801055625081062,0.07328581809997559,0.5078731775283813,tensor(2.9424)
2964,30,0.0026401588693261147,0.07328581809997559,0.5078731775283813,tensor(2.9424)
2965,30,0.00505809485912323,0.07328581809997559,0.5078731775283813,tensor(2.9424)
2966,30,0.26149484515190125,0.07328581809997559,0.5078731775283813,tensor(2.9424)
2967,30,0.052159667015075684,0.07328581809997559,0.5078731775283813,tensor(2.9424)
2968,30,0.1245267316699028,0.07328581809997559,0.5078731775283813,tensor(2.9424)
2969,30,0.0025155621115118265,0.07328581809997559,0.5078731775283813,tensor(2.9424)
2970,30,0.012182608246803284,0.07328581809997559,0.5078731775283813,tensor(2.9424)
2971,30,0.012490939348936081,0.07328581809997559,0.5078731775283813,tensor(2.9424)
2972,30,0.013467466458678246,0.07328581809997559,0.5078731775283813,tensor(2.9424)
2973,30,0.013975347392261028,0.07328581809997559,0.5078731775283813,tensor(2.9424)
2974,30,0.14522530138492584,0.07328581809997559,0.5078731775283813,tensor(2.9424)
2975,30,0.06791389733552933,0.07328581809997559,0.5078731775283813,tensor(2.9424)
2976,30,0.001918212859891355,0.07328581809997559,0.5078731775283813,tensor(2.9424)
2977,30,0.10051894932985306,0.07328581809997559,0.5078731775283813,tensor(2.9424)
2978,30,0.013876907527446747,0.07328581809997559,0.5078731775283813,tensor(2.9424)
2979,30,0.011309254914522171,0.07328581809997559,0.5078731775283813,tensor(2.9424)
2980,30,0.0234488844871521,0.07328581809997559,0.5078731775283813,tensor(2.9424)
2981,30,0.6403894424438477,0.07328581809997559,0.5078731775283813,tensor(2.9424)
2982,30,0.011421656236052513,0.07328581809997559,0.5078731775283813,tensor(2.9424)
2983,30,0.10925395786762238,0.07328581809997559,0.5078731775283813,tensor(2.9424)
2984,30,0.057462338358163834,0.07328581809997559,0.5078731775283813,tensor(2.9424)
2985,30,0.026306498795747757,0.07328581809997559,0.5078731775283813,tensor(2.9424)
2986,30,0.05799113214015961,0.07328581809997559,0.5078731775283813,tensor(2.9424)
2987,30,0.027867097407579422,0.07328581809997559,0.5078731775283813,tensor(2.9424)
2988,30,0.017149779945611954,0.07328581809997559,0.5078731775283813,tensor(2.9424)
2989,30,0.02979692816734314,0.07328581809997559,0.5078731775283813,tensor(2.9424)
2990,30,0.16869403421878815,0.07328581809997559,0.5078731775283813,tensor(2.9424)
2991,30,0.053904175758361816,0.07328581809997559,0.5078731775283813,tensor(2.9424)
2992,30,0.00263748737052083,0.07328581809997559,0.5078731775283813,tensor(2.9424)
2993,30,0.26584282517433167,0.07328581809997559,0.5078731775283813,tensor(2.9424)
2994,30,0.09182028472423553,0.07328581809997559,0.5078731775283813,tensor(2.9424)
2995,30,0.023200932890176773,0.07328581809997559,0.5078731775283813,tensor(2.9424)
2996,30,0.09938047081232071,0.07328581809997559,0.5078731775283813,tensor(2.9424)
2997,30,0.14765839278697968,0.07328581809997559,0.5078731775283813,tensor(2.9424)
2998,30,0.0697205439209938,0.07328581809997559,0.5078731775283813,tensor(2.9424)
2999,30,0.26309388875961304,0.07328581809997559,0.5078731775283813,tensor(2.9424)
3000,30,0.006917398422956467,0.07328581809997559,0.5078731775283813,tensor(2.9424)
3001,30,0.4502553939819336,0.07328581809997559,0.5078731775283813,tensor(2.9424)
3002,30,0.18645966053009033,0.07328581809997559,0.5078731775283813,tensor(2.9424)
3003,30,0.5796594619750977,0.07328581809997559,0.5078731775283813,tensor(2.9424)
3004,30,0.031330984085798264,0.07328581809997559,0.5078731775283813,tensor(2.9424)
3005,30,0.09009316563606262,0.07328581809997559,0.5078731775283813,tensor(2.9424)
3006,30,0.011883428320288658,0.07328581809997559,0.5078731775283813,tensor(2.9424)
3007,30,0.05710028484463692,0.07328581809997559,0.5078731775283813,tensor(2.9424)
3008,30,0.005747799761593342,0.07328581809997559,0.5078731775283813,tensor(2.9424)
3009,30,0.3421310782432556,0.07328581809997559,0.5078731775283813,tensor(2.9424)
3010,30,0.006020409055054188,0.07328581809997559,0.5078731775283813,tensor(2.9424)
3011,30,0.0044212969951331615,0.07328581809997559,0.5078731775283813,tensor(2.9424)
3012,30,0.03995679318904877,0.07328581809997559,0.5078731775283813,tensor(2.9424)
3013,30,0.008577801287174225,0.07328581809997559,0.5078731775283813,tensor(2.9424)
3014,30,0.7777615189552307,0.07328581809997559,0.5078731775283813,tensor(2.9424)
3015,30,0.005639673210680485,0.07328581809997559,0.5078731775283813,tensor(2.9424)
3016,30,0.004745953716337681,0.07328581809997559,0.5078731775283813,tensor(2.9424)
3017,30,0.014084136113524437,0.07328581809997559,0.5078731775283813,tensor(2.9424)
3018,30,0.3804219961166382,0.07328581809997559,0.5078731775283813,tensor(2.9424)
3019,30,0.27284395694732666,0.07328581809997559,0.5078731775283813,tensor(2.9424)
3020,30,0.003423016518354416,0.07328581809997559,0.5078731775283813,tensor(2.9424)
3021,30,0.04900059849023819,0.07328581809997559,0.5078731775283813,tensor(2.9424)
3022,30,0.2741047143936157,0.07328581809997559,0.5078731775283813,tensor(2.9424)
3023,30,0.004526913166046143,0.07328581809997559,0.5078731775283813,tensor(2.9424)
3024,30,0.24288785457611084,0.07328581809997559,0.5078731775283813,tensor(2.9424)
3025,30,0.005819505080580711,0.07328581809997559,0.5078731775283813,tensor(2.9424)
3026,30,0.10290919989347458,0.07328581809997559,0.5078731775283813,tensor(2.9424)
3027,30,0.02242133766412735,0.07328581809997559,0.5078731775283813,tensor(2.9424)
3028,30,0.005061380565166473,0.07328581809997559,0.5078731775283813,tensor(2.9424)
3029,30,0.5624082684516907,0.07328581809997559,0.5078731775283813,tensor(2.9424)
3030,30,0.12914414703845978,0.07328581809997559,0.5078731775283813,tensor(2.9424)
3031,30,0.011409693397581577,0.07328581809997559,0.5078731775283813,tensor(2.9424)
3032,30,0.15689386427402496,0.07328581809997559,0.5078731775283813,tensor(2.9424)
3033,30,0.2348899096250534,0.07328581809997559,0.5078731775283813,tensor(2.9424)
3034,30,0.08273348212242126,0.07328581809997559,0.5078731775283813,tensor(2.9424)
3035,30,0.006141035817563534,0.07328581809997559,0.5078731775283813,tensor(2.9424)
3036,30,0.020497770980000496,0.07328581809997559,0.5078731775283813,tensor(2.9424)
3037,30,0.04423590004444122,0.07328581809997559,0.5078731775283813,tensor(2.9424)
3038,30,0.002857150975614786,0.07328581809997559,0.5078731775283813,tensor(2.9424)
3039,30,0.45186638832092285,0.07328581809997559,0.5078731775283813,tensor(2.9424)
3040,30,0.06909897178411484,0.07328581809997559,0.5078731775283813,tensor(2.9424)
3041,30,0.00376878515817225,0.07328581809997559,0.5078731775283813,tensor(2.9424)
3042,30,0.019570384174585342,0.07328581809997559,0.5078731775283813,tensor(2.9424)
3043,30,0.1257607638835907,0.07328581809997559,0.5078731775283813,tensor(2.9424)
3044,30,0.0031060962937772274,0.07328581809997559,0.5078731775283813,tensor(2.9424)
3045,30,0.19950754940509796,0.07328581809997559,0.5078731775283813,tensor(2.9424)
3046,30,0.1294041872024536,0.07328581809997559,0.5078731775283813,tensor(2.9424)
3047,30,0.01645403541624546,0.07328581809997559,0.5078731775283813,tensor(2.9424)
3048,30,0.11023001372814178,0.07328581809997559,0.5078731775283813,tensor(2.9424)
3049,30,0.0049196043983101845,0.07328581809997559,0.5078731775283813,tensor(2.9424)
3050,30,0.015302393585443497,0.07328581809997559,0.5078731775283813,tensor(2.9424)
3051,30,0.15030959248542786,0.07328581809997559,0.5078731775283813,tensor(2.9424)
3052,30,0.004703705199062824,0.07328581809997559,0.5078731775283813,tensor(2.9424)
3053,30,0.12365946918725967,0.07328581809997559,0.5078731775283813,tensor(2.9424)
3054,30,0.31243979930877686,0.07328581809997559,0.5078731775283813,tensor(2.9424)
3055,30,0.11857298016548157,0.07328581809997559,0.5078731775283813,tensor(2.9424)
3056,30,0.07911883294582367,0.07328581809997559,0.5078731775283813,tensor(2.9424)
3057,30,0.013944106176495552,0.07328581809997559,0.5078731775283813,tensor(2.9424)
3058,30,0.01392804179340601,0.07328581809997559,0.5078731775283813,tensor(2.9424)
3059,30,0.2106676995754242,0.07328581809997559,0.5078731775283813,tensor(2.9424)
3060,30,0.5326380729675293,0.07328581809997559,0.5078731775283813,tensor(2.9424)
3061,30,0.5326380729675293,0.0867166817188263,0.5078731775283813,tensor(2.9424)
3062,30,0.5326380729675293,0.005963991396129131,0.5078731775283813,tensor(2.9424)
3063,30,0.007240271661430597,0.005963991396129131,0.5078731775283813,tensor(2.9424)
3063,31,0.007240271661430597,0.005963991396129131,0.01796080730855465,tensor(17.4567)
3064,31,0.00564859714359045,0.005963991396129131,0.01796080730855465,tensor(17.4567)
3065,31,0.04943676292896271,0.005963991396129131,0.01796080730855465,tensor(17.4567)
3066,31,0.16301777958869934,0.005963991396129131,0.01796080730855465,tensor(17.4567)
3067,31,0.035173721611499786,0.005963991396129131,0.01796080730855465,tensor(17.4567)
3068,31,0.005757481791079044,0.005963991396129131,0.01796080730855465,tensor(17.4567)
3069,31,0.3454285264015198,0.005963991396129131,0.01796080730855465,tensor(17.4567)
3070,31,0.003352105151861906,0.005963991396129131,0.01796080730855465,tensor(17.4567)
3071,31,0.008020750246942043,0.005963991396129131,0.01796080730855465,tensor(17.4567)
3072,31,0.004116535186767578,0.005963991396129131,0.01796080730855465,tensor(17.4567)
3073,31,0.15165331959724426,0.005963991396129131,0.01796080730855465,tensor(17.4567)
3074,31,0.011591233313083649,0.005963991396129131,0.01796080730855465,tensor(17.4567)
3075,31,0.011059969663619995,0.005963991396129131,0.01796080730855465,tensor(17.4567)
3076,31,0.39311254024505615,0.005963991396129131,0.01796080730855465,tensor(17.4567)
3077,31,0.08507752418518066,0.005963991396129131,0.01796080730855465,tensor(17.4567)
3078,31,0.08448423445224762,0.005963991396129131,0.01796080730855465,tensor(17.4567)
3079,31,0.00664230901747942,0.005963991396129131,0.01796080730855465,tensor(17.4567)
3080,31,0.4170376658439636,0.005963991396129131,0.01796080730855465,tensor(17.4567)
3081,31,0.00848394725471735,0.005963991396129131,0.01796080730855465,tensor(17.4567)
3082,31,0.13128094375133514,0.005963991396129131,0.01796080730855465,tensor(17.4567)
3083,31,0.0753120630979538,0.005963991396129131,0.01796080730855465,tensor(17.4567)
3084,31,0.1031707227230072,0.005963991396129131,0.01796080730855465,tensor(17.4567)
3085,31,0.0016987166600301862,0.005963991396129131,0.01796080730855465,tensor(17.4567)
3086,31,0.05410042405128479,0.005963991396129131,0.01796080730855465,tensor(17.4567)
3087,31,0.053685154765844345,0.005963991396129131,0.01796080730855465,tensor(17.4567)
3088,31,0.3965572714805603,0.005963991396129131,0.01796080730855465,tensor(17.4567)
3089,31,0.006932680960744619,0.005963991396129131,0.01796080730855465,tensor(17.4567)
3090,31,0.3609137535095215,0.005963991396129131,0.01796080730855465,tensor(17.4567)
3091,31,0.003335647750645876,0.005963991396129131,0.01796080730855465,tensor(17.4567)
3092,31,0.05355612933635712,0.005963991396129131,0.01796080730855465,tensor(17.4567)
3093,31,0.04566269740462303,0.005963991396129131,0.01796080730855465,tensor(17.4567)
3094,31,0.15041989088058472,0.005963991396129131,0.01796080730855465,tensor(17.4567)
3095,31,0.29338961839675903,0.005963991396129131,0.01796080730855465,tensor(17.4567)
3096,31,0.1228463351726532,0.005963991396129131,0.01796080730855465,tensor(17.4567)
3097,31,0.10932837426662445,0.005963991396129131,0.01796080730855465,tensor(17.4567)
3098,31,0.06167051941156387,0.005963991396129131,0.01796080730855465,tensor(17.4567)
3099,31,0.08277849107980728,0.005963991396129131,0.01796080730855465,tensor(17.4567)
3100,31,0.26331382989883423,0.005963991396129131,0.01796080730855465,tensor(17.4567)
3101,31,0.3823073208332062,0.005963991396129131,0.01796080730855465,tensor(17.4567)
3102,31,0.021815042942762375,0.005963991396129131,0.01796080730855465,tensor(17.4567)
3103,31,0.00866490788757801,0.005963991396129131,0.01796080730855465,tensor(17.4567)
3104,31,0.058218374848365784,0.005963991396129131,0.01796080730855465,tensor(17.4567)
3105,31,0.004738308489322662,0.005963991396129131,0.01796080730855465,tensor(17.4567)
3106,31,0.0038016969338059425,0.005963991396129131,0.01796080730855465,tensor(17.4567)
3107,31,0.11791704595088959,0.005963991396129131,0.01796080730855465,tensor(17.4567)
3108,31,0.410331666469574,0.005963991396129131,0.01796080730855465,tensor(17.4567)
3109,31,0.09438550472259521,0.005963991396129131,0.01796080730855465,tensor(17.4567)
3110,31,0.056672289967536926,0.005963991396129131,0.01796080730855465,tensor(17.4567)
3111,31,0.6827268004417419,0.005963991396129131,0.01796080730855465,tensor(17.4567)
3112,31,0.25629356503486633,0.005963991396129131,0.01796080730855465,tensor(17.4567)
3113,31,0.07033582031726837,0.005963991396129131,0.01796080730855465,tensor(17.4567)
3114,31,0.02668318711221218,0.005963991396129131,0.01796080730855465,tensor(17.4567)
3115,31,0.38892507553100586,0.005963991396129131,0.01796080730855465,tensor(17.4567)
3116,31,0.04000639170408249,0.005963991396129131,0.01796080730855465,tensor(17.4567)
3117,31,0.02784115821123123,0.005963991396129131,0.01796080730855465,tensor(17.4567)
3118,31,0.007870741188526154,0.005963991396129131,0.01796080730855465,tensor(17.4567)
3119,31,0.07597608864307404,0.005963991396129131,0.01796080730855465,tensor(17.4567)
3120,31,0.005988858640193939,0.005963991396129131,0.01796080730855465,tensor(17.4567)
3121,31,0.060034096240997314,0.005963991396129131,0.01796080730855465,tensor(17.4567)
3122,31,0.34671059250831604,0.005963991396129131,0.01796080730855465,tensor(17.4567)
3123,31,0.0745633989572525,0.005963991396129131,0.01796080730855465,tensor(17.4567)
3124,31,0.09614834934473038,0.005963991396129131,0.01796080730855465,tensor(17.4567)
3125,31,0.044176965951919556,0.005963991396129131,0.01796080730855465,tensor(17.4567)
3126,31,0.05677826330065727,0.005963991396129131,0.01796080730855465,tensor(17.4567)
3127,31,0.0037591985892504454,0.005963991396129131,0.01796080730855465,tensor(17.4567)
3128,31,0.16747838258743286,0.005963991396129131,0.01796080730855465,tensor(17.4567)
3129,31,0.0283920057117939,0.005963991396129131,0.01796080730855465,tensor(17.4567)
3130,31,0.11382308602333069,0.005963991396129131,0.01796080730855465,tensor(17.4567)
3131,31,0.05408792942762375,0.005963991396129131,0.01796080730855465,tensor(17.4567)
3132,31,0.42031049728393555,0.005963991396129131,0.01796080730855465,tensor(17.4567)
3133,31,0.23389315605163574,0.005963991396129131,0.01796080730855465,tensor(17.4567)
3134,31,0.14943085610866547,0.005963991396129131,0.01796080730855465,tensor(17.4567)
3135,31,0.018454264849424362,0.005963991396129131,0.01796080730855465,tensor(17.4567)
3136,31,0.015100649558007717,0.005963991396129131,0.01796080730855465,tensor(17.4567)
3137,31,0.26108741760253906,0.005963991396129131,0.01796080730855465,tensor(17.4567)
3138,31,0.01704031229019165,0.005963991396129131,0.01796080730855465,tensor(17.4567)
3139,31,0.13822036981582642,0.005963991396129131,0.01796080730855465,tensor(17.4567)
3140,31,0.04267255216836929,0.005963991396129131,0.01796080730855465,tensor(17.4567)
3141,31,0.1522563397884369,0.005963991396129131,0.01796080730855465,tensor(17.4567)
3142,31,0.013028711080551147,0.005963991396129131,0.01796080730855465,tensor(17.4567)
3143,31,0.4955630898475647,0.005963991396129131,0.01796080730855465,tensor(17.4567)
3144,31,0.13989609479904175,0.005963991396129131,0.01796080730855465,tensor(17.4567)
3145,31,0.049974359571933746,0.005963991396129131,0.01796080730855465,tensor(17.4567)
3146,31,0.46192610263824463,0.005963991396129131,0.01796080730855465,tensor(17.4567)
3147,31,0.16776558756828308,0.005963991396129131,0.01796080730855465,tensor(17.4567)
3148,31,0.013826298527419567,0.005963991396129131,0.01796080730855465,tensor(17.4567)
3149,31,0.27006596326828003,0.005963991396129131,0.01796080730855465,tensor(17.4567)
3150,31,0.3462905287742615,0.005963991396129131,0.01796080730855465,tensor(17.4567)
3151,31,0.22077655792236328,0.005963991396129131,0.01796080730855465,tensor(17.4567)
3152,31,0.11151441931724548,0.005963991396129131,0.01796080730855465,tensor(17.4567)
3153,31,0.0037002391181886196,0.005963991396129131,0.01796080730855465,tensor(17.4567)
3154,31,0.025856733322143555,0.005963991396129131,0.01796080730855465,tensor(17.4567)
3155,31,0.0256792102009058,0.005963991396129131,0.01796080730855465,tensor(17.4567)
3156,31,0.09181694686412811,0.005963991396129131,0.01796080730855465,tensor(17.4567)
3157,31,0.10228350013494492,0.005963991396129131,0.01796080730855465,tensor(17.4567)
3158,31,0.06255649775266647,0.005963991396129131,0.01796080730855465,tensor(17.4567)
3159,31,0.030398234724998474,0.005963991396129131,0.01796080730855465,tensor(17.4567)
3160,31,0.004176718648523092,0.005963991396129131,0.01796080730855465,tensor(17.4567)
3161,31,0.06882205605506897,0.005963991396129131,0.01796080730855465,tensor(17.4567)
3162,31,0.433038592338562,0.005963991396129131,0.01796080730855465,tensor(17.4567)
3163,31,0.433038592338562,0.04158063977956772,0.01796080730855465,tensor(17.4567)
3164,31,0.433038592338562,0.027645140886306763,0.01796080730855465,tensor(17.4567)
3165,31,0.07094231992959976,0.027645140886306763,0.01796080730855465,tensor(17.4567)
3165,32,0.07094231992959976,0.027645140886306763,0.31406286358833313,tensor(5.0298)
3166,32,0.040469251573085785,0.027645140886306763,0.31406286358833313,tensor(5.0298)
3167,32,0.0032991094049066305,0.027645140886306763,0.31406286358833313,tensor(5.0298)
3168,32,0.005062568001449108,0.027645140886306763,0.31406286358833313,tensor(5.0298)
3169,32,0.3865665793418884,0.027645140886306763,0.31406286358833313,tensor(5.0298)
3170,32,0.023642567917704582,0.027645140886306763,0.31406286358833313,tensor(5.0298)
3171,32,0.04269523173570633,0.027645140886306763,0.31406286358833313,tensor(5.0298)
3172,32,0.004349929746240377,0.027645140886306763,0.31406286358833313,tensor(5.0298)
3173,32,0.055441148579120636,0.027645140886306763,0.31406286358833313,tensor(5.0298)
3174,32,0.0039975447580218315,0.027645140886306763,0.31406286358833313,tensor(5.0298)
3175,32,0.004522278904914856,0.027645140886306763,0.31406286358833313,tensor(5.0298)
3176,32,0.3107019066810608,0.027645140886306763,0.31406286358833313,tensor(5.0298)
3177,32,0.08353625982999802,0.027645140886306763,0.31406286358833313,tensor(5.0298)
3178,32,0.03907247632741928,0.027645140886306763,0.31406286358833313,tensor(5.0298)
3179,32,0.10310646146535873,0.027645140886306763,0.31406286358833313,tensor(5.0298)
3180,32,0.011704051867127419,0.027645140886306763,0.31406286358833313,tensor(5.0298)
3181,32,0.3001762926578522,0.027645140886306763,0.31406286358833313,tensor(5.0298)
3182,32,0.41337332129478455,0.027645140886306763,0.31406286358833313,tensor(5.0298)
3183,32,0.2794860005378723,0.027645140886306763,0.31406286358833313,tensor(5.0298)
3184,32,0.3661271333694458,0.027645140886306763,0.31406286358833313,tensor(5.0298)
3185,32,0.746310830116272,0.027645140886306763,0.31406286358833313,tensor(5.0298)
3186,32,0.008743839338421822,0.027645140886306763,0.31406286358833313,tensor(5.0298)
3187,32,0.005390507634729147,0.027645140886306763,0.31406286358833313,tensor(5.0298)
3188,32,0.012634399347007275,0.027645140886306763,0.31406286358833313,tensor(5.0298)
3189,32,0.03149037808179855,0.027645140886306763,0.31406286358833313,tensor(5.0298)
3190,32,0.07205239683389664,0.027645140886306763,0.31406286358833313,tensor(5.0298)
3191,32,0.06829716265201569,0.027645140886306763,0.31406286358833313,tensor(5.0298)
3192,32,0.10071448981761932,0.027645140886306763,0.31406286358833313,tensor(5.0298)
3193,32,0.3897533118724823,0.027645140886306763,0.31406286358833313,tensor(5.0298)
3194,32,0.0200481079518795,0.027645140886306763,0.31406286358833313,tensor(5.0298)
3195,32,0.036252159625291824,0.027645140886306763,0.31406286358833313,tensor(5.0298)
3196,32,0.08494211733341217,0.027645140886306763,0.31406286358833313,tensor(5.0298)
3197,32,0.028680481016635895,0.027645140886306763,0.31406286358833313,tensor(5.0298)
3198,32,0.508225679397583,0.027645140886306763,0.31406286358833313,tensor(5.0298)
3199,32,0.234657421708107,0.027645140886306763,0.31406286358833313,tensor(5.0298)
3200,32,0.08898063749074936,0.027645140886306763,0.31406286358833313,tensor(5.0298)
3201,32,0.5207464694976807,0.027645140886306763,0.31406286358833313,tensor(5.0298)
3202,32,0.1522981822490692,0.027645140886306763,0.31406286358833313,tensor(5.0298)
3203,32,0.06435980647802353,0.027645140886306763,0.31406286358833313,tensor(5.0298)
3204,32,0.10294510424137115,0.027645140886306763,0.31406286358833313,tensor(5.0298)
3205,32,0.021725941449403763,0.027645140886306763,0.31406286358833313,tensor(5.0298)
3206,32,0.007352146320044994,0.027645140886306763,0.31406286358833313,tensor(5.0298)
3207,32,0.026199286803603172,0.027645140886306763,0.31406286358833313,tensor(5.0298)
3208,32,0.008752090856432915,0.027645140886306763,0.31406286358833313,tensor(5.0298)
3209,32,0.18590231239795685,0.027645140886306763,0.31406286358833313,tensor(5.0298)
3210,32,0.011554410681128502,0.027645140886306763,0.31406286358833313,tensor(5.0298)
3211,32,0.00566316582262516,0.027645140886306763,0.31406286358833313,tensor(5.0298)
3212,32,0.02455040067434311,0.027645140886306763,0.31406286358833313,tensor(5.0298)
3213,32,0.0037734101060777903,0.027645140886306763,0.31406286358833313,tensor(5.0298)
3214,32,0.020926162600517273,0.027645140886306763,0.31406286358833313,tensor(5.0298)
3215,32,0.4396612346172333,0.027645140886306763,0.31406286358833313,tensor(5.0298)
3216,32,0.15449632704257965,0.027645140886306763,0.31406286358833313,tensor(5.0298)
3217,32,0.007066116668283939,0.027645140886306763,0.31406286358833313,tensor(5.0298)
3218,32,0.021614648401737213,0.027645140886306763,0.31406286358833313,tensor(5.0298)
3219,32,0.01772991381585598,0.027645140886306763,0.31406286358833313,tensor(5.0298)
3220,32,0.27467724680900574,0.027645140886306763,0.31406286358833313,tensor(5.0298)
3221,32,0.2953018546104431,0.027645140886306763,0.31406286358833313,tensor(5.0298)
3222,32,0.07248479127883911,0.027645140886306763,0.31406286358833313,tensor(5.0298)
3223,32,0.06024185195565224,0.027645140886306763,0.31406286358833313,tensor(5.0298)
3224,32,0.10605216771364212,0.027645140886306763,0.31406286358833313,tensor(5.0298)
3225,32,0.02241021767258644,0.027645140886306763,0.31406286358833313,tensor(5.0298)
3226,32,0.008023601025342941,0.027645140886306763,0.31406286358833313,tensor(5.0298)
3227,32,0.05353972315788269,0.027645140886306763,0.31406286358833313,tensor(5.0298)
3228,32,0.38892418146133423,0.027645140886306763,0.31406286358833313,tensor(5.0298)
3229,32,0.005748082883656025,0.027645140886306763,0.31406286358833313,tensor(5.0298)
3230,32,0.00420105317607522,0.027645140886306763,0.31406286358833313,tensor(5.0298)
3231,32,0.2560282051563263,0.027645140886306763,0.31406286358833313,tensor(5.0298)
3232,32,0.15149031579494476,0.027645140886306763,0.31406286358833313,tensor(5.0298)
3233,32,0.011870138347148895,0.027645140886306763,0.31406286358833313,tensor(5.0298)
3234,32,0.18314792215824127,0.027645140886306763,0.31406286358833313,tensor(5.0298)
3235,32,0.020275229588150978,0.027645140886306763,0.31406286358833313,tensor(5.0298)
3236,32,0.011132517829537392,0.027645140886306763,0.31406286358833313,tensor(5.0298)
3237,32,0.20177915692329407,0.027645140886306763,0.31406286358833313,tensor(5.0298)
3238,32,0.008004232309758663,0.027645140886306763,0.31406286358833313,tensor(5.0298)
3239,32,0.5655754208564758,0.027645140886306763,0.31406286358833313,tensor(5.0298)
3240,32,0.1285654753446579,0.027645140886306763,0.31406286358833313,tensor(5.0298)
3241,32,0.014440950937569141,0.027645140886306763,0.31406286358833313,tensor(5.0298)
3242,32,0.29593831300735474,0.027645140886306763,0.31406286358833313,tensor(5.0298)
3243,32,0.16523483395576477,0.027645140886306763,0.31406286358833313,tensor(5.0298)
3244,32,0.05571082979440689,0.027645140886306763,0.31406286358833313,tensor(5.0298)
3245,32,0.0176121536642313,0.027645140886306763,0.31406286358833313,tensor(5.0298)
3246,32,0.07902667671442032,0.027645140886306763,0.31406286358833313,tensor(5.0298)
3247,32,0.6074100732803345,0.027645140886306763,0.31406286358833313,tensor(5.0298)
3248,32,0.012450013309717178,0.027645140886306763,0.31406286358833313,tensor(5.0298)
3249,32,0.007240039296448231,0.027645140886306763,0.31406286358833313,tensor(5.0298)
3250,32,0.09592978656291962,0.027645140886306763,0.31406286358833313,tensor(5.0298)
3251,32,0.5010617971420288,0.027645140886306763,0.31406286358833313,tensor(5.0298)
3252,32,0.014868492260575294,0.027645140886306763,0.31406286358833313,tensor(5.0298)
3253,32,0.7712613344192505,0.027645140886306763,0.31406286358833313,tensor(5.0298)
3254,32,0.08482850342988968,0.027645140886306763,0.31406286358833313,tensor(5.0298)
3255,32,0.018867988139390945,0.027645140886306763,0.31406286358833313,tensor(5.0298)
3256,32,0.3241739869117737,0.027645140886306763,0.31406286358833313,tensor(5.0298)
3257,32,0.17849105596542358,0.027645140886306763,0.31406286358833313,tensor(5.0298)
3258,32,0.11270476877689362,0.027645140886306763,0.31406286358833313,tensor(5.0298)
3259,32,0.012034360319375992,0.027645140886306763,0.31406286358833313,tensor(5.0298)
3260,32,0.3551783263683319,0.027645140886306763,0.31406286358833313,tensor(5.0298)
3261,32,0.12323655933141708,0.027645140886306763,0.31406286358833313,tensor(5.0298)
3262,32,0.4290323853492737,0.027645140886306763,0.31406286358833313,tensor(5.0298)
3263,32,0.039165571331977844,0.027645140886306763,0.31406286358833313,tensor(5.0298)
3264,32,0.11374182999134064,0.027645140886306763,0.31406286358833313,tensor(5.0298)
3265,32,0.11374182999134064,0.05213227868080139,0.31406286358833313,tensor(5.0298)
3266,32,0.11374182999134064,0.017887268215417862,0.31406286358833313,tensor(5.0298)
3267,32,0.429077684879303,0.017887268215417862,0.31406286358833313,tensor(5.0298)
3267,33,0.429077684879303,0.017887268215417862,0.9230220913887024,tensor(0.3479)
3268,33,0.008140699937939644,0.017887268215417862,0.9230220913887024,tensor(0.3479)
3269,33,0.5037252902984619,0.017887268215417862,0.9230220913887024,tensor(0.3479)
3270,33,0.33009660243988037,0.017887268215417862,0.9230220913887024,tensor(0.3479)
3271,33,0.005281970836222172,0.017887268215417862,0.9230220913887024,tensor(0.3479)
3272,33,0.4629467725753784,0.017887268215417862,0.9230220913887024,tensor(0.3479)
3273,33,0.06657776236534119,0.017887268215417862,0.9230220913887024,tensor(0.3479)
3274,33,0.09790125489234924,0.017887268215417862,0.9230220913887024,tensor(0.3479)
3275,33,0.3041480779647827,0.017887268215417862,0.9230220913887024,tensor(0.3479)
3276,33,0.0075659919530153275,0.017887268215417862,0.9230220913887024,tensor(0.3479)
3277,33,0.011468525044620037,0.017887268215417862,0.9230220913887024,tensor(0.3479)
3278,33,0.011232169345021248,0.017887268215417862,0.9230220913887024,tensor(0.3479)
3279,33,0.012264009565114975,0.017887268215417862,0.9230220913887024,tensor(0.3479)
3280,33,0.012610295787453651,0.017887268215417862,0.9230220913887024,tensor(0.3479)
3281,33,0.24833185970783234,0.017887268215417862,0.9230220913887024,tensor(0.3479)
3282,33,0.19209294021129608,0.017887268215417862,0.9230220913887024,tensor(0.3479)
3283,33,0.22397559881210327,0.017887268215417862,0.9230220913887024,tensor(0.3479)
3284,33,0.0261115450412035,0.017887268215417862,0.9230220913887024,tensor(0.3479)
3285,33,0.1791328489780426,0.017887268215417862,0.9230220913887024,tensor(0.3479)
3286,33,0.2708278298377991,0.017887268215417862,0.9230220913887024,tensor(0.3479)
3287,33,0.017850050702691078,0.017887268215417862,0.9230220913887024,tensor(0.3479)
3288,33,0.01023910753428936,0.017887268215417862,0.9230220913887024,tensor(0.3479)
3289,33,0.04738364368677139,0.017887268215417862,0.9230220913887024,tensor(0.3479)
3290,33,0.6261037588119507,0.017887268215417862,0.9230220913887024,tensor(0.3479)
3291,33,0.08667045831680298,0.017887268215417862,0.9230220913887024,tensor(0.3479)
3292,33,0.023519322276115417,0.017887268215417862,0.9230220913887024,tensor(0.3479)
3293,33,0.00426753843203187,0.017887268215417862,0.9230220913887024,tensor(0.3479)
3294,33,0.010294526815414429,0.017887268215417862,0.9230220913887024,tensor(0.3479)
3295,33,0.6439745426177979,0.017887268215417862,0.9230220913887024,tensor(0.3479)
3296,33,0.36985114216804504,0.017887268215417862,0.9230220913887024,tensor(0.3479)
3297,33,0.009197687730193138,0.017887268215417862,0.9230220913887024,tensor(0.3479)
3298,33,0.0038311288226395845,0.017887268215417862,0.9230220913887024,tensor(0.3479)
3299,33,0.026934482157230377,0.017887268215417862,0.9230220913887024,tensor(0.3479)
3300,33,0.5128966569900513,0.017887268215417862,0.9230220913887024,tensor(0.3479)
3301,33,0.3473230004310608,0.017887268215417862,0.9230220913887024,tensor(0.3479)
3302,33,0.0031355773098766804,0.017887268215417862,0.9230220913887024,tensor(0.3479)
3303,33,0.003255062736570835,0.017887268215417862,0.9230220913887024,tensor(0.3479)
3304,33,0.018901705741882324,0.017887268215417862,0.9230220913887024,tensor(0.3479)
3305,33,0.2944164276123047,0.017887268215417862,0.9230220913887024,tensor(0.3479)
3306,33,0.10311973094940186,0.017887268215417862,0.9230220913887024,tensor(0.3479)
3307,33,0.1682862639427185,0.017887268215417862,0.9230220913887024,tensor(0.3479)
3308,33,0.7575787305831909,0.017887268215417862,0.9230220913887024,tensor(0.3479)
3309,33,0.01917368359863758,0.017887268215417862,0.9230220913887024,tensor(0.3479)
3310,33,0.24177438020706177,0.017887268215417862,0.9230220913887024,tensor(0.3479)
3311,33,0.11842864751815796,0.017887268215417862,0.9230220913887024,tensor(0.3479)
3312,33,0.5023305416107178,0.017887268215417862,0.9230220913887024,tensor(0.3479)
3313,33,0.021335147321224213,0.017887268215417862,0.9230220913887024,tensor(0.3479)
3314,33,0.011168966069817543,0.017887268215417862,0.9230220913887024,tensor(0.3479)
3315,33,0.015346242114901543,0.017887268215417862,0.9230220913887024,tensor(0.3479)
3316,33,0.3517637848854065,0.017887268215417862,0.9230220913887024,tensor(0.3479)
3317,33,0.008214134722948074,0.017887268215417862,0.9230220913887024,tensor(0.3479)
3318,33,0.0032688272185623646,0.017887268215417862,0.9230220913887024,tensor(0.3479)
3319,33,0.3333791196346283,0.017887268215417862,0.9230220913887024,tensor(0.3479)
3320,33,0.48722997307777405,0.017887268215417862,0.9230220913887024,tensor(0.3479)
3321,33,0.27834200859069824,0.017887268215417862,0.9230220913887024,tensor(0.3479)
3322,33,0.5462321639060974,0.017887268215417862,0.9230220913887024,tensor(0.3479)
3323,33,0.012652799487113953,0.017887268215417862,0.9230220913887024,tensor(0.3479)
3324,33,0.3634767234325409,0.017887268215417862,0.9230220913887024,tensor(0.3479)
3325,33,0.053774505853652954,0.017887268215417862,0.9230220913887024,tensor(0.3479)
3326,33,0.1837252974510193,0.017887268215417862,0.9230220913887024,tensor(0.3479)
3327,33,0.006281241774559021,0.017887268215417862,0.9230220913887024,tensor(0.3479)
3328,33,0.4277696907520294,0.017887268215417862,0.9230220913887024,tensor(0.3479)
3329,33,0.10732372105121613,0.017887268215417862,0.9230220913887024,tensor(0.3479)
3330,33,0.03491291403770447,0.017887268215417862,0.9230220913887024,tensor(0.3479)
3331,33,0.010148722678422928,0.017887268215417862,0.9230220913887024,tensor(0.3479)
3332,33,0.053627580404281616,0.017887268215417862,0.9230220913887024,tensor(0.3479)
3333,33,0.01508804690092802,0.017887268215417862,0.9230220913887024,tensor(0.3479)
3334,33,0.08464580029249191,0.017887268215417862,0.9230220913887024,tensor(0.3479)
3335,33,0.5038739442825317,0.017887268215417862,0.9230220913887024,tensor(0.3479)
3336,33,1.1260591745376587,0.017887268215417862,0.9230220913887024,tensor(0.3479)
3337,33,0.022383149713277817,0.017887268215417862,0.9230220913887024,tensor(0.3479)
3338,33,0.004726077429950237,0.017887268215417862,0.9230220913887024,tensor(0.3479)
3339,33,0.8795124888420105,0.017887268215417862,0.9230220913887024,tensor(0.3479)
3340,33,0.045144110918045044,0.017887268215417862,0.9230220913887024,tensor(0.3479)
3341,33,0.3926146626472473,0.017887268215417862,0.9230220913887024,tensor(0.3479)
3342,33,0.2664678692817688,0.017887268215417862,0.9230220913887024,tensor(0.3479)
3343,33,0.773048996925354,0.017887268215417862,0.9230220913887024,tensor(0.3479)
3344,33,0.48416268825531006,0.017887268215417862,0.9230220913887024,tensor(0.3479)
3345,33,0.1458536833524704,0.017887268215417862,0.9230220913887024,tensor(0.3479)
3346,33,0.11719903349876404,0.017887268215417862,0.9230220913887024,tensor(0.3479)
3347,33,0.2031465470790863,0.017887268215417862,0.9230220913887024,tensor(0.3479)
3348,33,0.046034105122089386,0.017887268215417862,0.9230220913887024,tensor(0.3479)
3349,33,0.04961419105529785,0.017887268215417862,0.9230220913887024,tensor(0.3479)
3350,33,0.15747621655464172,0.017887268215417862,0.9230220913887024,tensor(0.3479)
3351,33,0.026926172897219658,0.017887268215417862,0.9230220913887024,tensor(0.3479)
3352,33,0.02729196287691593,0.017887268215417862,0.9230220913887024,tensor(0.3479)
3353,33,0.03452150523662567,0.017887268215417862,0.9230220913887024,tensor(0.3479)
3354,33,0.08858653903007507,0.017887268215417862,0.9230220913887024,tensor(0.3479)
3355,33,0.010017402470111847,0.017887268215417862,0.9230220913887024,tensor(0.3479)
3356,33,0.026608839631080627,0.017887268215417862,0.9230220913887024,tensor(0.3479)
3357,33,0.02417117729783058,0.017887268215417862,0.9230220913887024,tensor(0.3479)
3358,33,0.007398380897939205,0.017887268215417862,0.9230220913887024,tensor(0.3479)
3359,33,0.05461009591817856,0.017887268215417862,0.9230220913887024,tensor(0.3479)
3360,33,0.019695201888680458,0.017887268215417862,0.9230220913887024,tensor(0.3479)
3361,33,0.30451932549476624,0.017887268215417862,0.9230220913887024,tensor(0.3479)
3362,33,0.020304100587964058,0.017887268215417862,0.9230220913887024,tensor(0.3479)
3363,33,0.521865725517273,0.017887268215417862,0.9230220913887024,tensor(0.3479)
3364,33,0.055961549282073975,0.017887268215417862,0.9230220913887024,tensor(0.3479)
3365,33,0.009482406079769135,0.017887268215417862,0.9230220913887024,tensor(0.3479)
3366,33,0.030022725462913513,0.017887268215417862,0.9230220913887024,tensor(0.3479)
3367,33,0.030022725462913513,0.3909054398536682,0.9230220913887024,tensor(0.3479)
3368,33,0.030022725462913513,0.12477093935012817,0.9230220913887024,tensor(0.3479)
3369,33,0.09170766174793243,0.12477093935012817,0.9230220913887024,tensor(0.3479)
3369,34,0.09170766174793243,0.12477093935012817,0.06144505739212036,tensor(12.1151)
3370,34,0.04864605888724327,0.12477093935012817,0.06144505739212036,tensor(12.1151)
3371,34,0.03913451358675957,0.12477093935012817,0.06144505739212036,tensor(12.1151)
3372,34,0.010309293866157532,0.12477093935012817,0.06144505739212036,tensor(12.1151)
3373,34,0.1398562490940094,0.12477093935012817,0.06144505739212036,tensor(12.1151)
3374,34,0.0779450461268425,0.12477093935012817,0.06144505739212036,tensor(12.1151)
3375,34,0.05409587174654007,0.12477093935012817,0.06144505739212036,tensor(12.1151)
3376,34,0.08460089564323425,0.12477093935012817,0.06144505739212036,tensor(12.1151)
3377,34,0.5586773753166199,0.12477093935012817,0.06144505739212036,tensor(12.1151)
3378,34,0.20469608902931213,0.12477093935012817,0.06144505739212036,tensor(12.1151)
3379,34,0.02596629597246647,0.12477093935012817,0.06144505739212036,tensor(12.1151)
3380,34,0.017226308584213257,0.12477093935012817,0.06144505739212036,tensor(12.1151)
3381,34,0.03193783015012741,0.12477093935012817,0.06144505739212036,tensor(12.1151)
3382,34,0.452086865901947,0.12477093935012817,0.06144505739212036,tensor(12.1151)
3383,34,0.23200365900993347,0.12477093935012817,0.06144505739212036,tensor(12.1151)
3384,34,0.011875664815306664,0.12477093935012817,0.06144505739212036,tensor(12.1151)
3385,34,0.2578071355819702,0.12477093935012817,0.06144505739212036,tensor(12.1151)
3386,34,0.013290153816342354,0.12477093935012817,0.06144505739212036,tensor(12.1151)
3387,34,0.32582926750183105,0.12477093935012817,0.06144505739212036,tensor(12.1151)
3388,34,0.010242270305752754,0.12477093935012817,0.06144505739212036,tensor(12.1151)
3389,34,0.11849144101142883,0.12477093935012817,0.06144505739212036,tensor(12.1151)
3390,34,0.42041733860969543,0.12477093935012817,0.06144505739212036,tensor(12.1151)
3391,34,0.48120561242103577,0.12477093935012817,0.06144505739212036,tensor(12.1151)
3392,34,0.03406589478254318,0.12477093935012817,0.06144505739212036,tensor(12.1151)
3393,34,0.6307520270347595,0.12477093935012817,0.06144505739212036,tensor(12.1151)
3394,34,0.02768760174512863,0.12477093935012817,0.06144505739212036,tensor(12.1151)
3395,34,0.022323135286569595,0.12477093935012817,0.06144505739212036,tensor(12.1151)
3396,34,0.05186554789543152,0.12477093935012817,0.06144505739212036,tensor(12.1151)
3397,34,0.6923794150352478,0.12477093935012817,0.06144505739212036,tensor(12.1151)
3398,34,0.9066668152809143,0.12477093935012817,0.06144505739212036,tensor(12.1151)
3399,34,0.046913351863622665,0.12477093935012817,0.06144505739212036,tensor(12.1151)
3400,34,0.023484567180275917,0.12477093935012817,0.06144505739212036,tensor(12.1151)
3401,34,0.027818167582154274,0.12477093935012817,0.06144505739212036,tensor(12.1151)
3402,34,0.6298014521598816,0.12477093935012817,0.06144505739212036,tensor(12.1151)
3403,34,0.15484651923179626,0.12477093935012817,0.06144505739212036,tensor(12.1151)
3404,34,0.24513238668441772,0.12477093935012817,0.06144505739212036,tensor(12.1151)
3405,34,0.0440010204911232,0.12477093935012817,0.06144505739212036,tensor(12.1151)
3406,34,0.0310046449303627,0.12477093935012817,0.06144505739212036,tensor(12.1151)
3407,34,0.07757797837257385,0.12477093935012817,0.06144505739212036,tensor(12.1151)
3408,34,0.030712060630321503,0.12477093935012817,0.06144505739212036,tensor(12.1151)
3409,34,0.2214238941669464,0.12477093935012817,0.06144505739212036,tensor(12.1151)
3410,34,0.5481586456298828,0.12477093935012817,0.06144505739212036,tensor(12.1151)
3411,34,0.4917019009590149,0.12477093935012817,0.06144505739212036,tensor(12.1151)
3412,34,0.014128481969237328,0.12477093935012817,0.06144505739212036,tensor(12.1151)
3413,34,0.03449369594454765,0.12477093935012817,0.06144505739212036,tensor(12.1151)
3414,34,0.010781784541904926,0.12477093935012817,0.06144505739212036,tensor(12.1151)
3415,34,0.3008140027523041,0.12477093935012817,0.06144505739212036,tensor(12.1151)
3416,34,0.04364725947380066,0.12477093935012817,0.06144505739212036,tensor(12.1151)
3417,34,0.06300300359725952,0.12477093935012817,0.06144505739212036,tensor(12.1151)
3418,34,0.24529771506786346,0.12477093935012817,0.06144505739212036,tensor(12.1151)
3419,34,0.11843859404325485,0.12477093935012817,0.06144505739212036,tensor(12.1151)
3420,34,0.22885408997535706,0.12477093935012817,0.06144505739212036,tensor(12.1151)
3421,34,0.07551288604736328,0.12477093935012817,0.06144505739212036,tensor(12.1151)
3422,34,0.7190268635749817,0.12477093935012817,0.06144505739212036,tensor(12.1151)
3423,34,0.38388779759407043,0.12477093935012817,0.06144505739212036,tensor(12.1151)
3424,34,0.20097598433494568,0.12477093935012817,0.06144505739212036,tensor(12.1151)
3425,34,0.3191218972206116,0.12477093935012817,0.06144505739212036,tensor(12.1151)
3426,34,0.12095314264297485,0.12477093935012817,0.06144505739212036,tensor(12.1151)
3427,34,0.0485396608710289,0.12477093935012817,0.06144505739212036,tensor(12.1151)
3428,34,0.270049512386322,0.12477093935012817,0.06144505739212036,tensor(12.1151)
3429,34,0.030539067462086678,0.12477093935012817,0.06144505739212036,tensor(12.1151)
3430,34,0.012083934620022774,0.12477093935012817,0.06144505739212036,tensor(12.1151)
3431,34,0.1726260930299759,0.12477093935012817,0.06144505739212036,tensor(12.1151)
3432,34,0.054881442338228226,0.12477093935012817,0.06144505739212036,tensor(12.1151)
3433,34,0.6597705483436584,0.12477093935012817,0.06144505739212036,tensor(12.1151)
3434,34,0.011692633852362633,0.12477093935012817,0.06144505739212036,tensor(12.1151)
3435,34,0.2826880216598511,0.12477093935012817,0.06144505739212036,tensor(12.1151)
3436,34,0.08550520241260529,0.12477093935012817,0.06144505739212036,tensor(12.1151)
3437,34,0.1383070945739746,0.12477093935012817,0.06144505739212036,tensor(12.1151)
3438,34,0.04463759809732437,0.12477093935012817,0.06144505739212036,tensor(12.1151)
3439,34,0.08823789656162262,0.12477093935012817,0.06144505739212036,tensor(12.1151)
3440,34,0.09547580778598785,0.12477093935012817,0.06144505739212036,tensor(12.1151)
3441,34,0.008747533895075321,0.12477093935012817,0.06144505739212036,tensor(12.1151)
3442,34,0.06614178419113159,0.12477093935012817,0.06144505739212036,tensor(12.1151)
3443,34,0.22981031239032745,0.12477093935012817,0.06144505739212036,tensor(12.1151)
3444,34,0.679767370223999,0.12477093935012817,0.06144505739212036,tensor(12.1151)
3445,34,0.009025810286402702,0.12477093935012817,0.06144505739212036,tensor(12.1151)
3446,34,0.3695146143436432,0.12477093935012817,0.06144505739212036,tensor(12.1151)
3447,34,0.011097969487309456,0.12477093935012817,0.06144505739212036,tensor(12.1151)
3448,34,0.3254677653312683,0.12477093935012817,0.06144505739212036,tensor(12.1151)
3449,34,0.05089676007628441,0.12477093935012817,0.06144505739212036,tensor(12.1151)
3450,34,0.025967556983232498,0.12477093935012817,0.06144505739212036,tensor(12.1151)
3451,34,0.35493963956832886,0.12477093935012817,0.06144505739212036,tensor(12.1151)
3452,34,0.6502153873443604,0.12477093935012817,0.06144505739212036,tensor(12.1151)
3453,34,0.1609545201063156,0.12477093935012817,0.06144505739212036,tensor(12.1151)
3454,34,0.04387408494949341,0.12477093935012817,0.06144505739212036,tensor(12.1151)
3455,34,0.054850053042173386,0.12477093935012817,0.06144505739212036,tensor(12.1151)
3456,34,0.020428547635674477,0.12477093935012817,0.06144505739212036,tensor(12.1151)
3457,34,0.07772784680128098,0.12477093935012817,0.06144505739212036,tensor(12.1151)
3458,34,0.007935797795653343,0.12477093935012817,0.06144505739212036,tensor(12.1151)
3459,34,0.2760564088821411,0.12477093935012817,0.06144505739212036,tensor(12.1151)
3460,34,0.07865302264690399,0.12477093935012817,0.06144505739212036,tensor(12.1151)
3461,34,0.10729093104600906,0.12477093935012817,0.06144505739212036,tensor(12.1151)
3462,34,0.06045147031545639,0.12477093935012817,0.06144505739212036,tensor(12.1151)
3463,34,0.005586907267570496,0.12477093935012817,0.06144505739212036,tensor(12.1151)
3464,34,0.061183907091617584,0.12477093935012817,0.06144505739212036,tensor(12.1151)
3465,34,0.004063440952450037,0.12477093935012817,0.06144505739212036,tensor(12.1151)
3466,34,0.10105447471141815,0.12477093935012817,0.06144505739212036,tensor(12.1151)
3467,34,0.06513532996177673,0.12477093935012817,0.06144505739212036,tensor(12.1151)
3468,34,0.012482758611440659,0.12477093935012817,0.06144505739212036,tensor(12.1151)
3469,34,0.012482758611440659,0.07941873371601105,0.06144505739212036,tensor(12.1151)
3470,34,0.012482758611440659,0.3169483542442322,0.06144505739212036,tensor(12.1151)
3471,34,0.2219376564025879,0.3169483542442322,0.06144505739212036,tensor(12.1151)
3471,35,0.2219376564025879,0.3169483542442322,0.4286290109157562,tensor(3.6792)
3472,35,0.47811824083328247,0.3169483542442322,0.4286290109157562,tensor(3.6792)
3473,35,0.013847959227859974,0.3169483542442322,0.4286290109157562,tensor(3.6792)
3474,35,0.06832508742809296,0.3169483542442322,0.4286290109157562,tensor(3.6792)
3475,35,0.007982398383319378,0.3169483542442322,0.4286290109157562,tensor(3.6792)
3476,35,0.05585596710443497,0.3169483542442322,0.4286290109157562,tensor(3.6792)
3477,35,0.018943868577480316,0.3169483542442322,0.4286290109157562,tensor(3.6792)
3478,35,0.013948829844594002,0.3169483542442322,0.4286290109157562,tensor(3.6792)
3479,35,0.08288706094026566,0.3169483542442322,0.4286290109157562,tensor(3.6792)
3480,35,0.3299524784088135,0.3169483542442322,0.4286290109157562,tensor(3.6792)
3481,35,1.0243809223175049,0.3169483542442322,0.4286290109157562,tensor(3.6792)
3482,35,0.11833417415618896,0.3169483542442322,0.4286290109157562,tensor(3.6792)
3483,35,0.01796613074839115,0.3169483542442322,0.4286290109157562,tensor(3.6792)
3484,35,0.011556437239050865,0.3169483542442322,0.4286290109157562,tensor(3.6792)
3485,35,0.1485903114080429,0.3169483542442322,0.4286290109157562,tensor(3.6792)
3486,35,0.21325349807739258,0.3169483542442322,0.4286290109157562,tensor(3.6792)
3487,35,0.6158046126365662,0.3169483542442322,0.4286290109157562,tensor(3.6792)
3488,35,0.3001042604446411,0.3169483542442322,0.4286290109157562,tensor(3.6792)
3489,35,0.02140139415860176,0.3169483542442322,0.4286290109157562,tensor(3.6792)
3490,35,0.022808603942394257,0.3169483542442322,0.4286290109157562,tensor(3.6792)
3491,35,0.008403120562434196,0.3169483542442322,0.4286290109157562,tensor(3.6792)
3492,35,0.30018359422683716,0.3169483542442322,0.4286290109157562,tensor(3.6792)
3493,35,0.008167829364538193,0.3169483542442322,0.4286290109157562,tensor(3.6792)
3494,35,0.006002013571560383,0.3169483542442322,0.4286290109157562,tensor(3.6792)
3495,35,0.003920340910553932,0.3169483542442322,0.4286290109157562,tensor(3.6792)
3496,35,0.02349904179573059,0.3169483542442322,0.4286290109157562,tensor(3.6792)
3497,35,0.27454835176467896,0.3169483542442322,0.4286290109157562,tensor(3.6792)
3498,35,0.14254283905029297,0.3169483542442322,0.4286290109157562,tensor(3.6792)
3499,35,0.06915917247533798,0.3169483542442322,0.4286290109157562,tensor(3.6792)
3500,35,0.4046563506126404,0.3169483542442322,0.4286290109157562,tensor(3.6792)
3501,35,0.028751177713274956,0.3169483542442322,0.4286290109157562,tensor(3.6792)
3502,35,0.00744153605774045,0.3169483542442322,0.4286290109157562,tensor(3.6792)
3503,35,0.03358529508113861,0.3169483542442322,0.4286290109157562,tensor(3.6792)
3504,35,0.022822299972176552,0.3169483542442322,0.4286290109157562,tensor(3.6792)
3505,35,0.1067238375544548,0.3169483542442322,0.4286290109157562,tensor(3.6792)
3506,35,0.0164959579706192,0.3169483542442322,0.4286290109157562,tensor(3.6792)
3507,35,0.10713347792625427,0.3169483542442322,0.4286290109157562,tensor(3.6792)
3508,35,0.43005600571632385,0.3169483542442322,0.4286290109157562,tensor(3.6792)
3509,35,0.004941741935908794,0.3169483542442322,0.4286290109157562,tensor(3.6792)
3510,35,0.007073708809912205,0.3169483542442322,0.4286290109157562,tensor(3.6792)
3511,35,0.7430135011672974,0.3169483542442322,0.4286290109157562,tensor(3.6792)
3512,35,0.009218819439411163,0.3169483542442322,0.4286290109157562,tensor(3.6792)
3513,35,0.10516612976789474,0.3169483542442322,0.4286290109157562,tensor(3.6792)
3514,35,0.019925285130739212,0.3169483542442322,0.4286290109157562,tensor(3.6792)
3515,35,0.1900981366634369,0.3169483542442322,0.4286290109157562,tensor(3.6792)
3516,35,0.029704954475164413,0.3169483542442322,0.4286290109157562,tensor(3.6792)
3517,35,0.03274475410580635,0.3169483542442322,0.4286290109157562,tensor(3.6792)
3518,35,0.02925325743854046,0.3169483542442322,0.4286290109157562,tensor(3.6792)
3519,35,0.013702054508030415,0.3169483542442322,0.4286290109157562,tensor(3.6792)
3520,35,0.024235771968960762,0.3169483542442322,0.4286290109157562,tensor(3.6792)
3521,35,0.008671614341437817,0.3169483542442322,0.4286290109157562,tensor(3.6792)
3522,35,0.015466663986444473,0.3169483542442322,0.4286290109157562,tensor(3.6792)
3523,35,0.22698047757148743,0.3169483542442322,0.4286290109157562,tensor(3.6792)
3524,35,0.2708529531955719,0.3169483542442322,0.4286290109157562,tensor(3.6792)
3525,35,0.0024720863439142704,0.3169483542442322,0.4286290109157562,tensor(3.6792)
3526,35,0.009344191290438175,0.3169483542442322,0.4286290109157562,tensor(3.6792)
3527,35,0.017804745584726334,0.3169483542442322,0.4286290109157562,tensor(3.6792)
3528,35,0.015347488224506378,0.3169483542442322,0.4286290109157562,tensor(3.6792)
3529,35,0.01679486781358719,0.3169483542442322,0.4286290109157562,tensor(3.6792)
3530,35,0.0031694876961410046,0.3169483542442322,0.4286290109157562,tensor(3.6792)
3531,35,0.046018119901418686,0.3169483542442322,0.4286290109157562,tensor(3.6792)
3532,35,0.32542598247528076,0.3169483542442322,0.4286290109157562,tensor(3.6792)
3533,35,0.13956600427627563,0.3169483542442322,0.4286290109157562,tensor(3.6792)
3534,35,0.08852002769708633,0.3169483542442322,0.4286290109157562,tensor(3.6792)
3535,35,0.003736154641956091,0.3169483542442322,0.4286290109157562,tensor(3.6792)
3536,35,0.4748334288597107,0.3169483542442322,0.4286290109157562,tensor(3.6792)
3537,35,0.1741827130317688,0.3169483542442322,0.4286290109157562,tensor(3.6792)
3538,35,0.619353175163269,0.3169483542442322,0.4286290109157562,tensor(3.6792)
3539,35,0.0315760001540184,0.3169483542442322,0.4286290109157562,tensor(3.6792)
3540,35,0.015535684302449226,0.3169483542442322,0.4286290109157562,tensor(3.6792)
3541,35,0.4276258647441864,0.3169483542442322,0.4286290109157562,tensor(3.6792)
3542,35,0.08397185802459717,0.3169483542442322,0.4286290109157562,tensor(3.6792)
3543,35,0.012438993901014328,0.3169483542442322,0.4286290109157562,tensor(3.6792)
3544,35,0.022449614480137825,0.3169483542442322,0.4286290109157562,tensor(3.6792)
3545,35,0.3003878593444824,0.3169483542442322,0.4286290109157562,tensor(3.6792)
3546,35,0.007572610396891832,0.3169483542442322,0.4286290109157562,tensor(3.6792)
3547,35,0.21716272830963135,0.3169483542442322,0.4286290109157562,tensor(3.6792)
3548,35,0.0036196336150169373,0.3169483542442322,0.4286290109157562,tensor(3.6792)
3549,35,0.006460455246269703,0.3169483542442322,0.4286290109157562,tensor(3.6792)
3550,35,0.02567232772707939,0.3169483542442322,0.4286290109157562,tensor(3.6792)
3551,35,0.4919937252998352,0.3169483542442322,0.4286290109157562,tensor(3.6792)
3552,35,0.28380703926086426,0.3169483542442322,0.4286290109157562,tensor(3.6792)
3553,35,0.21068814396858215,0.3169483542442322,0.4286290109157562,tensor(3.6792)
3554,35,0.007467625197023153,0.3169483542442322,0.4286290109157562,tensor(3.6792)
3555,35,0.13342125713825226,0.3169483542442322,0.4286290109157562,tensor(3.6792)
3556,35,0.8562548160552979,0.3169483542442322,0.4286290109157562,tensor(3.6792)
3557,35,0.03732265532016754,0.3169483542442322,0.4286290109157562,tensor(3.6792)
3558,35,0.04258861392736435,0.3169483542442322,0.4286290109157562,tensor(3.6792)
3559,35,0.03483119606971741,0.3169483542442322,0.4286290109157562,tensor(3.6792)
3560,35,0.003259575692936778,0.3169483542442322,0.4286290109157562,tensor(3.6792)
3561,35,0.3455355167388916,0.3169483542442322,0.4286290109157562,tensor(3.6792)
3562,35,0.003172420896589756,0.3169483542442322,0.4286290109157562,tensor(3.6792)
3563,35,0.1148415356874466,0.3169483542442322,0.4286290109157562,tensor(3.6792)
3564,35,0.048628613352775574,0.3169483542442322,0.4286290109157562,tensor(3.6792)
3565,35,0.02909040078520775,0.3169483542442322,0.4286290109157562,tensor(3.6792)
3566,35,0.21074017882347107,0.3169483542442322,0.4286290109157562,tensor(3.6792)
3567,35,0.004895188380032778,0.3169483542442322,0.4286290109157562,tensor(3.6792)
3568,35,0.003243605373427272,0.3169483542442322,0.4286290109157562,tensor(3.6792)
3569,35,0.167343407869339,0.3169483542442322,0.4286290109157562,tensor(3.6792)
3570,35,0.051458366215229034,0.3169483542442322,0.4286290109157562,tensor(3.6792)
3571,35,0.051458366215229034,0.024190260097384453,0.4286290109157562,tensor(3.6792)
3572,35,0.051458366215229034,0.5184946060180664,0.4286290109157562,tensor(3.6792)
3573,35,0.009339351207017899,0.5184946060180664,0.4286290109157562,tensor(3.6792)
3573,36,0.009339351207017899,0.5184946060180664,0.19936954975128174,tensor(7.0034)
3574,36,0.02729625068604946,0.5184946060180664,0.19936954975128174,tensor(7.0034)
3575,36,0.019914094358682632,0.5184946060180664,0.19936954975128174,tensor(7.0034)
3576,36,0.011797165498137474,0.5184946060180664,0.19936954975128174,tensor(7.0034)
3577,36,0.011801541782915592,0.5184946060180664,0.19936954975128174,tensor(7.0034)
3578,36,0.009564908221364021,0.5184946060180664,0.19936954975128174,tensor(7.0034)
3579,36,0.006254339590668678,0.5184946060180664,0.19936954975128174,tensor(7.0034)
3580,36,0.02789771929383278,0.5184946060180664,0.19936954975128174,tensor(7.0034)
3581,36,0.5750716924667358,0.5184946060180664,0.19936954975128174,tensor(7.0034)
3582,36,0.0032314294949173927,0.5184946060180664,0.19936954975128174,tensor(7.0034)
3583,36,0.027386313304305077,0.5184946060180664,0.19936954975128174,tensor(7.0034)
3584,36,0.01720803789794445,0.5184946060180664,0.19936954975128174,tensor(7.0034)
3585,36,0.3000572919845581,0.5184946060180664,0.19936954975128174,tensor(7.0034)
3586,36,0.3639591932296753,0.5184946060180664,0.19936954975128174,tensor(7.0034)
3587,36,0.11311715096235275,0.5184946060180664,0.19936954975128174,tensor(7.0034)
3588,36,0.03001805767416954,0.5184946060180664,0.19936954975128174,tensor(7.0034)
3589,36,0.4934678375720978,0.5184946060180664,0.19936954975128174,tensor(7.0034)
3590,36,0.2503488063812256,0.5184946060180664,0.19936954975128174,tensor(7.0034)
3591,36,0.03571416437625885,0.5184946060180664,0.19936954975128174,tensor(7.0034)
3592,36,0.06024124473333359,0.5184946060180664,0.19936954975128174,tensor(7.0034)
3593,36,0.006009147502481937,0.5184946060180664,0.19936954975128174,tensor(7.0034)
3594,36,0.35284775495529175,0.5184946060180664,0.19936954975128174,tensor(7.0034)
3595,36,0.007853599265217781,0.5184946060180664,0.19936954975128174,tensor(7.0034)
3596,36,0.003955583553761244,0.5184946060180664,0.19936954975128174,tensor(7.0034)
3597,36,0.39045077562332153,0.5184946060180664,0.19936954975128174,tensor(7.0034)
3598,36,0.7748267650604248,0.5184946060180664,0.19936954975128174,tensor(7.0034)
3599,36,0.00923036690801382,0.5184946060180664,0.19936954975128174,tensor(7.0034)
3600,36,0.07390129566192627,0.5184946060180664,0.19936954975128174,tensor(7.0034)
3601,36,0.19966080784797668,0.5184946060180664,0.19936954975128174,tensor(7.0034)
3602,36,0.006380416452884674,0.5184946060180664,0.19936954975128174,tensor(7.0034)
3603,36,0.01984451338648796,0.5184946060180664,0.19936954975128174,tensor(7.0034)
3604,36,0.005444933194667101,0.5184946060180664,0.19936954975128174,tensor(7.0034)
3605,36,0.05708885192871094,0.5184946060180664,0.19936954975128174,tensor(7.0034)
3606,36,0.009649978019297123,0.5184946060180664,0.19936954975128174,tensor(7.0034)
3607,36,0.21172714233398438,0.5184946060180664,0.19936954975128174,tensor(7.0034)
3608,36,0.07247449457645416,0.5184946060180664,0.19936954975128174,tensor(7.0034)
3609,36,0.012899541296064854,0.5184946060180664,0.19936954975128174,tensor(7.0034)
3610,36,0.025169849395751953,0.5184946060180664,0.19936954975128174,tensor(7.0034)
3611,36,0.013901148922741413,0.5184946060180664,0.19936954975128174,tensor(7.0034)
3612,36,0.0719224214553833,0.5184946060180664,0.19936954975128174,tensor(7.0034)
3613,36,0.5733252763748169,0.5184946060180664,0.19936954975128174,tensor(7.0034)
3614,36,0.21109047532081604,0.5184946060180664,0.19936954975128174,tensor(7.0034)
3615,36,0.005300599150359631,0.5184946060180664,0.19936954975128174,tensor(7.0034)
3616,36,0.08362184464931488,0.5184946060180664,0.19936954975128174,tensor(7.0034)
3617,36,0.12822586297988892,0.5184946060180664,0.19936954975128174,tensor(7.0034)
3618,36,0.6228078007698059,0.5184946060180664,0.19936954975128174,tensor(7.0034)
3619,36,0.02206571213901043,0.5184946060180664,0.19936954975128174,tensor(7.0034)
3620,36,0.19004803895950317,0.5184946060180664,0.19936954975128174,tensor(7.0034)
3621,36,0.017777854576706886,0.5184946060180664,0.19936954975128174,tensor(7.0034)
3622,36,0.08643744885921478,0.5184946060180664,0.19936954975128174,tensor(7.0034)
3623,36,0.010015623643994331,0.5184946060180664,0.19936954975128174,tensor(7.0034)
3624,36,0.08257200568914413,0.5184946060180664,0.19936954975128174,tensor(7.0034)
3625,36,0.024273615330457687,0.5184946060180664,0.19936954975128174,tensor(7.0034)
3626,36,0.0033269901759922504,0.5184946060180664,0.19936954975128174,tensor(7.0034)
3627,36,0.08654921501874924,0.5184946060180664,0.19936954975128174,tensor(7.0034)
3628,36,0.3019171953201294,0.5184946060180664,0.19936954975128174,tensor(7.0034)
3629,36,0.24792052805423737,0.5184946060180664,0.19936954975128174,tensor(7.0034)
3630,36,0.03382198512554169,0.5184946060180664,0.19936954975128174,tensor(7.0034)
3631,36,0.05499036982655525,0.5184946060180664,0.19936954975128174,tensor(7.0034)
3632,36,0.003552607260644436,0.5184946060180664,0.19936954975128174,tensor(7.0034)
3633,36,0.040426552295684814,0.5184946060180664,0.19936954975128174,tensor(7.0034)
3634,36,0.014895307831466198,0.5184946060180664,0.19936954975128174,tensor(7.0034)
3635,36,0.04338449984788895,0.5184946060180664,0.19936954975128174,tensor(7.0034)
3636,36,0.005691626109182835,0.5184946060180664,0.19936954975128174,tensor(7.0034)
3637,36,0.022222256287932396,0.5184946060180664,0.19936954975128174,tensor(7.0034)
3638,36,0.05756836757063866,0.5184946060180664,0.19936954975128174,tensor(7.0034)
3639,36,0.09743338823318481,0.5184946060180664,0.19936954975128174,tensor(7.0034)
3640,36,0.8955527544021606,0.5184946060180664,0.19936954975128174,tensor(7.0034)
3641,36,0.01036920491605997,0.5184946060180664,0.19936954975128174,tensor(7.0034)
3642,36,0.2235417366027832,0.5184946060180664,0.19936954975128174,tensor(7.0034)
3643,36,0.101364366710186,0.5184946060180664,0.19936954975128174,tensor(7.0034)
3644,36,0.2637149691581726,0.5184946060180664,0.19936954975128174,tensor(7.0034)
3645,36,0.5197180509567261,0.5184946060180664,0.19936954975128174,tensor(7.0034)
3646,36,0.004726234823465347,0.5184946060180664,0.19936954975128174,tensor(7.0034)
3647,36,0.20955222845077515,0.5184946060180664,0.19936954975128174,tensor(7.0034)
3648,36,0.027521345764398575,0.5184946060180664,0.19936954975128174,tensor(7.0034)
3649,36,0.007601841818541288,0.5184946060180664,0.19936954975128174,tensor(7.0034)
3650,36,0.10370665788650513,0.5184946060180664,0.19936954975128174,tensor(7.0034)
3651,36,0.0048046535812318325,0.5184946060180664,0.19936954975128174,tensor(7.0034)
3652,36,0.009258360601961613,0.5184946060180664,0.19936954975128174,tensor(7.0034)
3653,36,0.004689602646976709,0.5184946060180664,0.19936954975128174,tensor(7.0034)
3654,36,0.011941151693463326,0.5184946060180664,0.19936954975128174,tensor(7.0034)
3655,36,0.1111937016248703,0.5184946060180664,0.19936954975128174,tensor(7.0034)
3656,36,0.2589184045791626,0.5184946060180664,0.19936954975128174,tensor(7.0034)
3657,36,0.1832091510295868,0.5184946060180664,0.19936954975128174,tensor(7.0034)
3658,36,0.14658577740192413,0.5184946060180664,0.19936954975128174,tensor(7.0034)
3659,36,0.5040930509567261,0.5184946060180664,0.19936954975128174,tensor(7.0034)
3660,36,0.13182097673416138,0.5184946060180664,0.19936954975128174,tensor(7.0034)
3661,36,0.10688796639442444,0.5184946060180664,0.19936954975128174,tensor(7.0034)
3662,36,0.8393087983131409,0.5184946060180664,0.19936954975128174,tensor(7.0034)
3663,36,0.16937974095344543,0.5184946060180664,0.19936954975128174,tensor(7.0034)
3664,36,0.09811844676733017,0.5184946060180664,0.19936954975128174,tensor(7.0034)
3665,36,0.010473278351128101,0.5184946060180664,0.19936954975128174,tensor(7.0034)
3666,36,0.07435555756092072,0.5184946060180664,0.19936954975128174,tensor(7.0034)
3667,36,0.021288445219397545,0.5184946060180664,0.19936954975128174,tensor(7.0034)
3668,36,0.0053258249536156654,0.5184946060180664,0.19936954975128174,tensor(7.0034)
3669,36,0.11769932508468628,0.5184946060180664,0.19936954975128174,tensor(7.0034)
3670,36,0.1398696005344391,0.5184946060180664,0.19936954975128174,tensor(7.0034)
3671,36,0.0486854650080204,0.5184946060180664,0.19936954975128174,tensor(7.0034)
3672,36,0.016060885041952133,0.5184946060180664,0.19936954975128174,tensor(7.0034)
3673,36,0.016060885041952133,0.03061850741505623,0.19936954975128174,tensor(7.0034)
3674,36,0.016060885041952133,0.011287370696663857,0.19936954975128174,tensor(7.0034)
3675,36,0.0731508880853653,0.011287370696663857,0.19936954975128174,tensor(7.0034)
3675,37,0.0731508880853653,0.011287370696663857,0.11561316251754761,tensor(9.3699)
3676,37,0.03736163675785065,0.011287370696663857,0.11561316251754761,tensor(9.3699)
3677,37,0.07324869185686111,0.011287370696663857,0.11561316251754761,tensor(9.3699)
3678,37,0.08153396844863892,0.011287370696663857,0.11561316251754761,tensor(9.3699)
3679,37,0.41046372056007385,0.011287370696663857,0.11561316251754761,tensor(9.3699)
3680,37,0.08365863561630249,0.011287370696663857,0.11561316251754761,tensor(9.3699)
3681,37,0.005726327188313007,0.011287370696663857,0.11561316251754761,tensor(9.3699)
3682,37,0.42038923501968384,0.011287370696663857,0.11561316251754761,tensor(9.3699)
3683,37,0.13007023930549622,0.011287370696663857,0.11561316251754761,tensor(9.3699)
3684,37,0.005628636572510004,0.011287370696663857,0.11561316251754761,tensor(9.3699)
3685,37,0.25188368558883667,0.011287370696663857,0.11561316251754761,tensor(9.3699)
3686,37,0.02023455873131752,0.011287370696663857,0.11561316251754761,tensor(9.3699)
3687,37,0.11389341950416565,0.011287370696663857,0.11561316251754761,tensor(9.3699)
3688,37,0.011682690121233463,0.011287370696663857,0.11561316251754761,tensor(9.3699)
3689,37,0.00434075715020299,0.011287370696663857,0.11561316251754761,tensor(9.3699)
3690,37,0.1774759292602539,0.011287370696663857,0.11561316251754761,tensor(9.3699)
3691,37,0.009615857154130936,0.011287370696663857,0.11561316251754761,tensor(9.3699)
3692,37,0.007998978719115257,0.011287370696663857,0.11561316251754761,tensor(9.3699)
3693,37,0.09809884428977966,0.011287370696663857,0.11561316251754761,tensor(9.3699)
3694,37,0.6997910737991333,0.011287370696663857,0.11561316251754761,tensor(9.3699)
3695,37,0.05505011975765228,0.011287370696663857,0.11561316251754761,tensor(9.3699)
3696,37,0.03420572355389595,0.011287370696663857,0.11561316251754761,tensor(9.3699)
3697,37,0.6632863879203796,0.011287370696663857,0.11561316251754761,tensor(9.3699)
3698,37,0.135782390832901,0.011287370696663857,0.11561316251754761,tensor(9.3699)
3699,37,0.23064693808555603,0.011287370696663857,0.11561316251754761,tensor(9.3699)
3700,37,0.023829802870750427,0.011287370696663857,0.11561316251754761,tensor(9.3699)
3701,37,0.009337274357676506,0.011287370696663857,0.11561316251754761,tensor(9.3699)
3702,37,0.10828197002410889,0.011287370696663857,0.11561316251754761,tensor(9.3699)
3703,37,0.011465221643447876,0.011287370696663857,0.11561316251754761,tensor(9.3699)
3704,37,0.010601326823234558,0.011287370696663857,0.11561316251754761,tensor(9.3699)
3705,37,0.1837823987007141,0.011287370696663857,0.11561316251754761,tensor(9.3699)
3706,37,0.008905064314603806,0.011287370696663857,0.11561316251754761,tensor(9.3699)
3707,37,0.030069619417190552,0.011287370696663857,0.11561316251754761,tensor(9.3699)
3708,37,0.22299250960350037,0.011287370696663857,0.11561316251754761,tensor(9.3699)
3709,37,0.18060284852981567,0.011287370696663857,0.11561316251754761,tensor(9.3699)
3710,37,0.006518465466797352,0.011287370696663857,0.11561316251754761,tensor(9.3699)
3711,37,0.1920851767063141,0.011287370696663857,0.11561316251754761,tensor(9.3699)
3712,37,0.04466219246387482,0.011287370696663857,0.11561316251754761,tensor(9.3699)
3713,37,0.1360001564025879,0.011287370696663857,0.11561316251754761,tensor(9.3699)
3714,37,0.11836618185043335,0.011287370696663857,0.11561316251754761,tensor(9.3699)
3715,37,0.023996660485863686,0.011287370696663857,0.11561316251754761,tensor(9.3699)
3716,37,0.017828132957220078,0.011287370696663857,0.11561316251754761,tensor(9.3699)
3717,37,0.11250321567058563,0.011287370696663857,0.11561316251754761,tensor(9.3699)
3718,37,0.011694412678480148,0.011287370696663857,0.11561316251754761,tensor(9.3699)
3719,37,0.13093042373657227,0.011287370696663857,0.11561316251754761,tensor(9.3699)
3720,37,0.014076925814151764,0.011287370696663857,0.11561316251754761,tensor(9.3699)
3721,37,0.5372055768966675,0.011287370696663857,0.11561316251754761,tensor(9.3699)
3722,37,0.025454342365264893,0.011287370696663857,0.11561316251754761,tensor(9.3699)
3723,37,0.0035890794824808836,0.011287370696663857,0.11561316251754761,tensor(9.3699)
3724,37,0.11498386412858963,0.011287370696663857,0.11561316251754761,tensor(9.3699)
3725,37,0.038343317806720734,0.011287370696663857,0.11561316251754761,tensor(9.3699)
3726,37,0.014573045074939728,0.011287370696663857,0.11561316251754761,tensor(9.3699)
3727,37,0.07523186504840851,0.011287370696663857,0.11561316251754761,tensor(9.3699)
3728,37,0.4889436364173889,0.011287370696663857,0.11561316251754761,tensor(9.3699)
3729,37,0.11957253515720367,0.011287370696663857,0.11561316251754761,tensor(9.3699)
3730,37,0.26009100675582886,0.011287370696663857,0.11561316251754761,tensor(9.3699)
3731,37,0.006338544189929962,0.011287370696663857,0.11561316251754761,tensor(9.3699)
3732,37,0.034443262964487076,0.011287370696663857,0.11561316251754761,tensor(9.3699)
3733,37,0.05264642462134361,0.011287370696663857,0.11561316251754761,tensor(9.3699)
3734,37,0.5590968728065491,0.011287370696663857,0.11561316251754761,tensor(9.3699)
3735,37,0.006651642732322216,0.011287370696663857,0.11561316251754761,tensor(9.3699)
3736,37,0.4590672254562378,0.011287370696663857,0.11561316251754761,tensor(9.3699)
3737,37,0.09177562594413757,0.011287370696663857,0.11561316251754761,tensor(9.3699)
3738,37,0.1397116631269455,0.011287370696663857,0.11561316251754761,tensor(9.3699)
3739,37,0.02679072692990303,0.011287370696663857,0.11561316251754761,tensor(9.3699)
3740,37,0.489022433757782,0.011287370696663857,0.11561316251754761,tensor(9.3699)
3741,37,0.004186185542494059,0.011287370696663857,0.11561316251754761,tensor(9.3699)
3742,37,0.057661063969135284,0.011287370696663857,0.11561316251754761,tensor(9.3699)
3743,37,0.07415814697742462,0.011287370696663857,0.11561316251754761,tensor(9.3699)
3744,37,0.10894470661878586,0.011287370696663857,0.11561316251754761,tensor(9.3699)
3745,37,0.008629243820905685,0.011287370696663857,0.11561316251754761,tensor(9.3699)
3746,37,0.042982980608940125,0.011287370696663857,0.11561316251754761,tensor(9.3699)
3747,37,0.40415525436401367,0.011287370696663857,0.11561316251754761,tensor(9.3699)
3748,37,0.01142222248017788,0.011287370696663857,0.11561316251754761,tensor(9.3699)
3749,37,0.02872389554977417,0.011287370696663857,0.11561316251754761,tensor(9.3699)
3750,37,0.22329506278038025,0.011287370696663857,0.11561316251754761,tensor(9.3699)
3751,37,0.12812578678131104,0.011287370696663857,0.11561316251754761,tensor(9.3699)
3752,37,0.2837850749492645,0.011287370696663857,0.11561316251754761,tensor(9.3699)
3753,37,0.6784144043922424,0.011287370696663857,0.11561316251754761,tensor(9.3699)
3754,37,0.005990066099911928,0.011287370696663857,0.11561316251754761,tensor(9.3699)
3755,37,0.005715630017220974,0.011287370696663857,0.11561316251754761,tensor(9.3699)
3756,37,0.06314000487327576,0.011287370696663857,0.11561316251754761,tensor(9.3699)
3757,37,0.011003796011209488,0.011287370696663857,0.11561316251754761,tensor(9.3699)
3758,37,0.026146316900849342,0.011287370696663857,0.11561316251754761,tensor(9.3699)
3759,37,0.05530586093664169,0.011287370696663857,0.11561316251754761,tensor(9.3699)
3760,37,0.006072650663554668,0.011287370696663857,0.11561316251754761,tensor(9.3699)
3761,37,0.579496443271637,0.011287370696663857,0.11561316251754761,tensor(9.3699)
3762,37,0.0808752030134201,0.011287370696663857,0.11561316251754761,tensor(9.3699)
3763,37,0.17852666974067688,0.011287370696663857,0.11561316251754761,tensor(9.3699)
3764,37,0.039408281445503235,0.011287370696663857,0.11561316251754761,tensor(9.3699)
3765,37,0.09490706026554108,0.011287370696663857,0.11561316251754761,tensor(9.3699)
3766,37,0.2732759118080139,0.011287370696663857,0.11561316251754761,tensor(9.3699)
3767,37,0.10850565135478973,0.011287370696663857,0.11561316251754761,tensor(9.3699)
3768,37,0.09366592764854431,0.011287370696663857,0.11561316251754761,tensor(9.3699)
3769,37,0.01649835892021656,0.011287370696663857,0.11561316251754761,tensor(9.3699)
3770,37,0.008034661412239075,0.011287370696663857,0.11561316251754761,tensor(9.3699)
3771,37,0.061661720275878906,0.011287370696663857,0.11561316251754761,tensor(9.3699)
3772,37,0.00330534391105175,0.011287370696663857,0.11561316251754761,tensor(9.3699)
3773,37,0.6779669523239136,0.011287370696663857,0.11561316251754761,tensor(9.3699)
3774,37,0.5963422656059265,0.011287370696663857,0.11561316251754761,tensor(9.3699)
3775,37,0.5963422656059265,0.13184763491153717,0.11561316251754761,tensor(9.3699)
3776,37,0.5963422656059265,0.7586190104484558,0.11561316251754761,tensor(9.3699)
3777,37,0.019825294613838196,0.7586190104484558,0.11561316251754761,tensor(9.3699)
3777,38,0.019825294613838196,0.7586190104484558,0.534000813961029,tensor(2.7246)
3778,38,0.06555656343698502,0.7586190104484558,0.534000813961029,tensor(2.7246)
3779,38,0.034891773015260696,0.7586190104484558,0.534000813961029,tensor(2.7246)
3780,38,0.1659151315689087,0.7586190104484558,0.534000813961029,tensor(2.7246)
3781,38,0.09839367866516113,0.7586190104484558,0.534000813961029,tensor(2.7246)
3782,38,0.04533606767654419,0.7586190104484558,0.534000813961029,tensor(2.7246)
3783,38,0.1468672752380371,0.7586190104484558,0.534000813961029,tensor(2.7246)
3784,38,0.034269098192453384,0.7586190104484558,0.534000813961029,tensor(2.7246)
3785,38,0.3367733359336853,0.7586190104484558,0.534000813961029,tensor(2.7246)
3786,38,0.06295721232891083,0.7586190104484558,0.534000813961029,tensor(2.7246)
3787,38,0.10057920217514038,0.7586190104484558,0.534000813961029,tensor(2.7246)
3788,38,0.4446502923965454,0.7586190104484558,0.534000813961029,tensor(2.7246)
3789,38,0.09609828889369965,0.7586190104484558,0.534000813961029,tensor(2.7246)
3790,38,0.01684623211622238,0.7586190104484558,0.534000813961029,tensor(2.7246)
3791,38,0.013223388232290745,0.7586190104484558,0.534000813961029,tensor(2.7246)
3792,38,0.015857718884944916,0.7586190104484558,0.534000813961029,tensor(2.7246)
3793,38,0.025825388729572296,0.7586190104484558,0.534000813961029,tensor(2.7246)
3794,38,0.034878358244895935,0.7586190104484558,0.534000813961029,tensor(2.7246)
3795,38,0.05465361475944519,0.7586190104484558,0.534000813961029,tensor(2.7246)
3796,38,0.22266261279582977,0.7586190104484558,0.534000813961029,tensor(2.7246)
3797,38,0.1258869171142578,0.7586190104484558,0.534000813961029,tensor(2.7246)
3798,38,0.011553408578038216,0.7586190104484558,0.534000813961029,tensor(2.7246)
3799,38,0.2792370915412903,0.7586190104484558,0.534000813961029,tensor(2.7246)
3800,38,0.13512712717056274,0.7586190104484558,0.534000813961029,tensor(2.7246)
3801,38,0.03044929727911949,0.7586190104484558,0.534000813961029,tensor(2.7246)
3802,38,0.009362295269966125,0.7586190104484558,0.534000813961029,tensor(2.7246)
3803,38,0.008928682655096054,0.7586190104484558,0.534000813961029,tensor(2.7246)
3804,38,0.00449821911752224,0.7586190104484558,0.534000813961029,tensor(2.7246)
3805,38,0.0055031543597579,0.7586190104484558,0.534000813961029,tensor(2.7246)
3806,38,0.002866867696866393,0.7586190104484558,0.534000813961029,tensor(2.7246)
3807,38,0.07226500660181046,0.7586190104484558,0.534000813961029,tensor(2.7246)
3808,38,0.660402774810791,0.7586190104484558,0.534000813961029,tensor(2.7246)
3809,38,0.03462078794836998,0.7586190104484558,0.534000813961029,tensor(2.7246)
3810,38,0.020808996632695198,0.7586190104484558,0.534000813961029,tensor(2.7246)
3811,38,0.42442643642425537,0.7586190104484558,0.534000813961029,tensor(2.7246)
3812,38,0.06310299783945084,0.7586190104484558,0.534000813961029,tensor(2.7246)
3813,38,0.19416725635528564,0.7586190104484558,0.534000813961029,tensor(2.7246)
3814,38,0.12677672505378723,0.7586190104484558,0.534000813961029,tensor(2.7246)
3815,38,0.1388055384159088,0.7586190104484558,0.534000813961029,tensor(2.7246)
3816,38,0.4842590093612671,0.7586190104484558,0.534000813961029,tensor(2.7246)
3817,38,0.005110512487590313,0.7586190104484558,0.534000813961029,tensor(2.7246)
3818,38,0.11739937961101532,0.7586190104484558,0.534000813961029,tensor(2.7246)
3819,38,0.39260125160217285,0.7586190104484558,0.534000813961029,tensor(2.7246)
3820,38,0.5381168127059937,0.7586190104484558,0.534000813961029,tensor(2.7246)
3821,38,0.010970077477395535,0.7586190104484558,0.534000813961029,tensor(2.7246)
3822,38,0.009512023068964481,0.7586190104484558,0.534000813961029,tensor(2.7246)
3823,38,0.002804836491122842,0.7586190104484558,0.534000813961029,tensor(2.7246)
3824,38,0.13025939464569092,0.7586190104484558,0.534000813961029,tensor(2.7246)
3825,38,0.012249686755239964,0.7586190104484558,0.534000813961029,tensor(2.7246)
3826,38,0.06764020025730133,0.7586190104484558,0.534000813961029,tensor(2.7246)
3827,38,0.47226768732070923,0.7586190104484558,0.534000813961029,tensor(2.7246)
3828,38,0.13730567693710327,0.7586190104484558,0.534000813961029,tensor(2.7246)
3829,38,0.24052147567272186,0.7586190104484558,0.534000813961029,tensor(2.7246)
3830,38,0.0670216754078865,0.7586190104484558,0.534000813961029,tensor(2.7246)
3831,38,0.08805537223815918,0.7586190104484558,0.534000813961029,tensor(2.7246)
3832,38,0.05256345123052597,0.7586190104484558,0.534000813961029,tensor(2.7246)
3833,38,0.12540303170681,0.7586190104484558,0.534000813961029,tensor(2.7246)
3834,38,0.19921553134918213,0.7586190104484558,0.534000813961029,tensor(2.7246)
3835,38,0.10457028448581696,0.7586190104484558,0.534000813961029,tensor(2.7246)
3836,38,0.09842592477798462,0.7586190104484558,0.534000813961029,tensor(2.7246)
3837,38,0.6275572776794434,0.7586190104484558,0.534000813961029,tensor(2.7246)
3838,38,0.016603514552116394,0.7586190104484558,0.534000813961029,tensor(2.7246)
3839,38,0.21362349390983582,0.7586190104484558,0.534000813961029,tensor(2.7246)
3840,38,0.07698611170053482,0.7586190104484558,0.534000813961029,tensor(2.7246)
3841,38,0.20587295293807983,0.7586190104484558,0.534000813961029,tensor(2.7246)
3842,38,0.1317201405763626,0.7586190104484558,0.534000813961029,tensor(2.7246)
3843,38,0.6509153246879578,0.7586190104484558,0.534000813961029,tensor(2.7246)
3844,38,0.10716849565505981,0.7586190104484558,0.534000813961029,tensor(2.7246)
3845,38,0.2521797716617584,0.7586190104484558,0.534000813961029,tensor(2.7246)
3846,38,0.012671164236962795,0.7586190104484558,0.534000813961029,tensor(2.7246)
3847,38,0.1281767040491104,0.7586190104484558,0.534000813961029,tensor(2.7246)
3848,38,0.005499562714248896,0.7586190104484558,0.534000813961029,tensor(2.7246)
3849,38,0.004173044115304947,0.7586190104484558,0.534000813961029,tensor(2.7246)
3850,38,0.006994298659265041,0.7586190104484558,0.534000813961029,tensor(2.7246)
3851,38,0.029871728271245956,0.7586190104484558,0.534000813961029,tensor(2.7246)
3852,38,0.003847370622679591,0.7586190104484558,0.534000813961029,tensor(2.7246)
3853,38,0.02385590225458145,0.7586190104484558,0.534000813961029,tensor(2.7246)
3854,38,0.09606598317623138,0.7586190104484558,0.534000813961029,tensor(2.7246)
3855,38,0.05055636912584305,0.7586190104484558,0.534000813961029,tensor(2.7246)
3856,38,0.1081552803516388,0.7586190104484558,0.534000813961029,tensor(2.7246)
3857,38,0.009507985785603523,0.7586190104484558,0.534000813961029,tensor(2.7246)
3858,38,0.014827430248260498,0.7586190104484558,0.534000813961029,tensor(2.7246)
3859,38,0.2485685795545578,0.7586190104484558,0.534000813961029,tensor(2.7246)
3860,38,0.09675343334674835,0.7586190104484558,0.534000813961029,tensor(2.7246)
3861,38,0.012524770572781563,0.7586190104484558,0.534000813961029,tensor(2.7246)
3862,38,0.003854045644402504,0.7586190104484558,0.534000813961029,tensor(2.7246)
3863,38,0.6470065116882324,0.7586190104484558,0.534000813961029,tensor(2.7246)
3864,38,0.004526644479483366,0.7586190104484558,0.534000813961029,tensor(2.7246)
3865,38,0.10188775509595871,0.7586190104484558,0.534000813961029,tensor(2.7246)
3866,38,0.033461667597293854,0.7586190104484558,0.534000813961029,tensor(2.7246)
3867,38,0.010558735579252243,0.7586190104484558,0.534000813961029,tensor(2.7246)
3868,38,0.6296011209487915,0.7586190104484558,0.534000813961029,tensor(2.7246)
3869,38,0.0533895380795002,0.7586190104484558,0.534000813961029,tensor(2.7246)
3870,38,0.07456324249505997,0.7586190104484558,0.534000813961029,tensor(2.7246)
3871,38,0.0801391452550888,0.7586190104484558,0.534000813961029,tensor(2.7246)
3872,38,0.01685219071805477,0.7586190104484558,0.534000813961029,tensor(2.7246)
3873,38,0.01635102741420269,0.7586190104484558,0.534000813961029,tensor(2.7246)
3874,38,0.05871099978685379,0.7586190104484558,0.534000813961029,tensor(2.7246)
3875,38,0.282848060131073,0.7586190104484558,0.534000813961029,tensor(2.7246)
3876,38,0.4502626359462738,0.7586190104484558,0.534000813961029,tensor(2.7246)
3877,38,0.4502626359462738,0.00561878876760602,0.534000813961029,tensor(2.7246)
3878,38,0.4502626359462738,0.004018498118966818,0.534000813961029,tensor(2.7246)
3879,38,0.2161647379398346,0.004018498118966818,0.534000813961029,tensor(2.7246)
3879,39,0.2161647379398346,0.004018498118966818,0.29593324661254883,tensor(5.2881)
3880,39,0.006073412485420704,0.004018498118966818,0.29593324661254883,tensor(5.2881)
3881,39,0.20634110271930695,0.004018498118966818,0.29593324661254883,tensor(5.2881)
3882,39,0.06753130257129669,0.004018498118966818,0.29593324661254883,tensor(5.2881)
3883,39,0.7034396529197693,0.004018498118966818,0.29593324661254883,tensor(5.2881)
3884,39,0.6373932957649231,0.004018498118966818,0.29593324661254883,tensor(5.2881)
3885,39,0.04142259061336517,0.004018498118966818,0.29593324661254883,tensor(5.2881)
3886,39,0.026000086218118668,0.004018498118966818,0.29593324661254883,tensor(5.2881)
3887,39,0.329209566116333,0.004018498118966818,0.29593324661254883,tensor(5.2881)
3888,39,0.051812004297971725,0.004018498118966818,0.29593324661254883,tensor(5.2881)
3889,39,0.010506875813007355,0.004018498118966818,0.29593324661254883,tensor(5.2881)
3890,39,0.5980833768844604,0.004018498118966818,0.29593324661254883,tensor(5.2881)
3891,39,0.28414034843444824,0.004018498118966818,0.29593324661254883,tensor(5.2881)
3892,39,0.24855221807956696,0.004018498118966818,0.29593324661254883,tensor(5.2881)
3893,39,0.025766495615243912,0.004018498118966818,0.29593324661254883,tensor(5.2881)
3894,39,0.4808536767959595,0.004018498118966818,0.29593324661254883,tensor(5.2881)
3895,39,0.05187837779521942,0.004018498118966818,0.29593324661254883,tensor(5.2881)
3896,39,0.38326430320739746,0.004018498118966818,0.29593324661254883,tensor(5.2881)
3897,39,0.08940012753009796,0.004018498118966818,0.29593324661254883,tensor(5.2881)
3898,39,0.07452630251646042,0.004018498118966818,0.29593324661254883,tensor(5.2881)
3899,39,0.08124905824661255,0.004018498118966818,0.29593324661254883,tensor(5.2881)
3900,39,0.011850055307149887,0.004018498118966818,0.29593324661254883,tensor(5.2881)
3901,39,0.19210493564605713,0.004018498118966818,0.29593324661254883,tensor(5.2881)
3902,39,0.012273024767637253,0.004018498118966818,0.29593324661254883,tensor(5.2881)
3903,39,0.5240036249160767,0.004018498118966818,0.29593324661254883,tensor(5.2881)
3904,39,0.0480254627764225,0.004018498118966818,0.29593324661254883,tensor(5.2881)
3905,39,0.005160022526979446,0.004018498118966818,0.29593324661254883,tensor(5.2881)
3906,39,0.6461086273193359,0.004018498118966818,0.29593324661254883,tensor(5.2881)
3907,39,0.0776822566986084,0.004018498118966818,0.29593324661254883,tensor(5.2881)
3908,39,0.0054930513724684715,0.004018498118966818,0.29593324661254883,tensor(5.2881)
3909,39,0.0058408575132489204,0.004018498118966818,0.29593324661254883,tensor(5.2881)
3910,39,0.050786830484867096,0.004018498118966818,0.29593324661254883,tensor(5.2881)
3911,39,0.15853650867938995,0.004018498118966818,0.29593324661254883,tensor(5.2881)
3912,39,0.01654844917356968,0.004018498118966818,0.29593324661254883,tensor(5.2881)
3913,39,0.008577656000852585,0.004018498118966818,0.29593324661254883,tensor(5.2881)
3914,39,0.02695273794233799,0.004018498118966818,0.29593324661254883,tensor(5.2881)
3915,39,0.0055085839703679085,0.004018498118966818,0.29593324661254883,tensor(5.2881)
3916,39,0.14381349086761475,0.004018498118966818,0.29593324661254883,tensor(5.2881)
3917,39,0.07753459364175797,0.004018498118966818,0.29593324661254883,tensor(5.2881)
3918,39,0.15334895253181458,0.004018498118966818,0.29593324661254883,tensor(5.2881)
3919,39,0.10617875307798386,0.004018498118966818,0.29593324661254883,tensor(5.2881)
3920,39,0.028430286794900894,0.004018498118966818,0.29593324661254883,tensor(5.2881)
3921,39,0.18734890222549438,0.004018498118966818,0.29593324661254883,tensor(5.2881)
3922,39,0.1218310296535492,0.004018498118966818,0.29593324661254883,tensor(5.2881)
3923,39,0.04218157008290291,0.004018498118966818,0.29593324661254883,tensor(5.2881)
3924,39,0.01366122905164957,0.004018498118966818,0.29593324661254883,tensor(5.2881)
3925,39,0.007605134975165129,0.004018498118966818,0.29593324661254883,tensor(5.2881)
3926,39,0.006381637416779995,0.004018498118966818,0.29593324661254883,tensor(5.2881)
3927,39,0.018890757113695145,0.004018498118966818,0.29593324661254883,tensor(5.2881)
3928,39,0.07589319348335266,0.004018498118966818,0.29593324661254883,tensor(5.2881)
3929,39,0.012098644860088825,0.004018498118966818,0.29593324661254883,tensor(5.2881)
3930,39,0.009284038096666336,0.004018498118966818,0.29593324661254883,tensor(5.2881)
3931,39,0.0043236929923295975,0.004018498118966818,0.29593324661254883,tensor(5.2881)
3932,39,0.004693257622420788,0.004018498118966818,0.29593324661254883,tensor(5.2881)
3933,39,0.04507777839899063,0.004018498118966818,0.29593324661254883,tensor(5.2881)
3934,39,0.3893808424472809,0.004018498118966818,0.29593324661254883,tensor(5.2881)
3935,39,0.0027779708616435528,0.004018498118966818,0.29593324661254883,tensor(5.2881)
3936,39,0.0168679840862751,0.004018498118966818,0.29593324661254883,tensor(5.2881)
3937,39,0.20120927691459656,0.004018498118966818,0.29593324661254883,tensor(5.2881)
3938,39,0.005398774519562721,0.004018498118966818,0.29593324661254883,tensor(5.2881)
3939,39,0.09036415815353394,0.004018498118966818,0.29593324661254883,tensor(5.2881)
3940,39,0.008387492969632149,0.004018498118966818,0.29593324661254883,tensor(5.2881)
3941,39,0.04204736277461052,0.004018498118966818,0.29593324661254883,tensor(5.2881)
3942,39,0.0024531602393835783,0.004018498118966818,0.29593324661254883,tensor(5.2881)
3943,39,0.141130268573761,0.004018498118966818,0.29593324661254883,tensor(5.2881)
3944,39,0.5246846675872803,0.004018498118966818,0.29593324661254883,tensor(5.2881)
3945,39,0.041936032474040985,0.004018498118966818,0.29593324661254883,tensor(5.2881)
3946,39,0.473929226398468,0.004018498118966818,0.29593324661254883,tensor(5.2881)
3947,39,0.09477894008159637,0.004018498118966818,0.29593324661254883,tensor(5.2881)
3948,39,0.010348279029130936,0.004018498118966818,0.29593324661254883,tensor(5.2881)
3949,39,0.04775325581431389,0.004018498118966818,0.29593324661254883,tensor(5.2881)
3950,39,0.09010995179414749,0.004018498118966818,0.29593324661254883,tensor(5.2881)
3951,39,0.0022771365474909544,0.004018498118966818,0.29593324661254883,tensor(5.2881)
3952,39,0.24527272582054138,0.004018498118966818,0.29593324661254883,tensor(5.2881)
3953,39,0.05326637625694275,0.004018498118966818,0.29593324661254883,tensor(5.2881)
3954,39,1.0104515552520752,0.004018498118966818,0.29593324661254883,tensor(5.2881)
3955,39,0.011012069880962372,0.004018498118966818,0.29593324661254883,tensor(5.2881)
3956,39,0.31523817777633667,0.004018498118966818,0.29593324661254883,tensor(5.2881)
3957,39,0.030698345974087715,0.004018498118966818,0.29593324661254883,tensor(5.2881)
3958,39,0.028454463928937912,0.004018498118966818,0.29593324661254883,tensor(5.2881)
3959,39,0.0046170614659786224,0.004018498118966818,0.29593324661254883,tensor(5.2881)
3960,39,0.0949137955904007,0.004018498118966818,0.29593324661254883,tensor(5.2881)
3961,39,0.012344863265752792,0.004018498118966818,0.29593324661254883,tensor(5.2881)
3962,39,0.25645720958709717,0.004018498118966818,0.29593324661254883,tensor(5.2881)
3963,39,0.006275525316596031,0.004018498118966818,0.29593324661254883,tensor(5.2881)
3964,39,0.008907487615942955,0.004018498118966818,0.29593324661254883,tensor(5.2881)
3965,39,0.3149198889732361,0.004018498118966818,0.29593324661254883,tensor(5.2881)
3966,39,0.006240546703338623,0.004018498118966818,0.29593324661254883,tensor(5.2881)
3967,39,0.48194262385368347,0.004018498118966818,0.29593324661254883,tensor(5.2881)
3968,39,0.05416986346244812,0.004018498118966818,0.29593324661254883,tensor(5.2881)
3969,39,0.31956106424331665,0.004018498118966818,0.29593324661254883,tensor(5.2881)
3970,39,0.14034663140773773,0.004018498118966818,0.29593324661254883,tensor(5.2881)
3971,39,0.2235877513885498,0.004018498118966818,0.29593324661254883,tensor(5.2881)
3972,39,0.2418236881494522,0.004018498118966818,0.29593324661254883,tensor(5.2881)
3973,39,0.05774473398923874,0.004018498118966818,0.29593324661254883,tensor(5.2881)
3974,39,0.36860936880111694,0.004018498118966818,0.29593324661254883,tensor(5.2881)
3975,39,0.004652579315006733,0.004018498118966818,0.29593324661254883,tensor(5.2881)
3976,39,0.0075509799644351006,0.004018498118966818,0.29593324661254883,tensor(5.2881)
3977,39,0.00777321495115757,0.004018498118966818,0.29593324661254883,tensor(5.2881)
3978,39,0.2552167475223541,0.004018498118966818,0.29593324661254883,tensor(5.2881)
3979,39,0.2552167475223541,0.03319729492068291,0.29593324661254883,tensor(5.2881)
3980,39,0.2552167475223541,0.015031525865197182,0.29593324661254883,tensor(5.2881)
3981,39,0.04258567839860916,0.015031525865197182,0.29593324661254883,tensor(5.2881)
3981,40,0.04258567839860916,0.015031525865197182,0.8686978220939636,tensor(0.6113)
3982,40,0.07418936491012573,0.015031525865197182,0.8686978220939636,tensor(0.6113)
3983,40,0.012349002063274384,0.015031525865197182,0.8686978220939636,tensor(0.6113)
3984,40,0.5670596361160278,0.015031525865197182,0.8686978220939636,tensor(0.6113)
3985,40,0.1434270143508911,0.015031525865197182,0.8686978220939636,tensor(0.6113)
3986,40,0.009241854771971703,0.015031525865197182,0.8686978220939636,tensor(0.6113)
3987,40,0.005967571400105953,0.015031525865197182,0.8686978220939636,tensor(0.6113)
3988,40,0.009052040055394173,0.015031525865197182,0.8686978220939636,tensor(0.6113)
3989,40,0.21647924184799194,0.015031525865197182,0.8686978220939636,tensor(0.6113)
3990,40,0.06884753704071045,0.015031525865197182,0.8686978220939636,tensor(0.6113)
3991,40,0.24513669312000275,0.015031525865197182,0.8686978220939636,tensor(0.6113)
3992,40,0.002281195018440485,0.015031525865197182,0.8686978220939636,tensor(0.6113)
3993,40,0.09835976362228394,0.015031525865197182,0.8686978220939636,tensor(0.6113)
3994,40,0.009674742817878723,0.015031525865197182,0.8686978220939636,tensor(0.6113)
3995,40,0.0059933727607131,0.015031525865197182,0.8686978220939636,tensor(0.6113)
3996,40,0.04713653028011322,0.015031525865197182,0.8686978220939636,tensor(0.6113)
3997,40,0.0372428297996521,0.015031525865197182,0.8686978220939636,tensor(0.6113)
3998,40,0.10174260288476944,0.015031525865197182,0.8686978220939636,tensor(0.6113)
3999,40,0.09461163729429245,0.015031525865197182,0.8686978220939636,tensor(0.6113)
4000,40,0.009318239986896515,0.015031525865197182,0.8686978220939636,tensor(0.6113)
4001,40,0.05144921690225601,0.015031525865197182,0.8686978220939636,tensor(0.6113)
4002,40,0.6209169626235962,0.015031525865197182,0.8686978220939636,tensor(0.6113)
4003,40,0.006502524949610233,0.015031525865197182,0.8686978220939636,tensor(0.6113)
4004,40,0.10677561908960342,0.015031525865197182,0.8686978220939636,tensor(0.6113)
4005,40,0.11228346824645996,0.015031525865197182,0.8686978220939636,tensor(0.6113)
4006,40,0.010512868873775005,0.015031525865197182,0.8686978220939636,tensor(0.6113)
4007,40,0.015123873017728329,0.015031525865197182,0.8686978220939636,tensor(0.6113)
4008,40,0.002842279616743326,0.015031525865197182,0.8686978220939636,tensor(0.6113)
4009,40,0.4683401584625244,0.015031525865197182,0.8686978220939636,tensor(0.6113)
4010,40,0.2083858996629715,0.015031525865197182,0.8686978220939636,tensor(0.6113)
4011,40,0.05172789841890335,0.015031525865197182,0.8686978220939636,tensor(0.6113)
4012,40,0.37075236439704895,0.015031525865197182,0.8686978220939636,tensor(0.6113)
4013,40,0.19784723222255707,0.015031525865197182,0.8686978220939636,tensor(0.6113)
4014,40,0.1896161437034607,0.015031525865197182,0.8686978220939636,tensor(0.6113)
4015,40,0.10968558490276337,0.015031525865197182,0.8686978220939636,tensor(0.6113)
4016,40,0.20965278148651123,0.015031525865197182,0.8686978220939636,tensor(0.6113)
4017,40,0.2202693670988083,0.015031525865197182,0.8686978220939636,tensor(0.6113)
4018,40,0.20459353923797607,0.015031525865197182,0.8686978220939636,tensor(0.6113)
4019,40,0.2732217609882355,0.015031525865197182,0.8686978220939636,tensor(0.6113)
4020,40,0.22028538584709167,0.015031525865197182,0.8686978220939636,tensor(0.6113)
4021,40,0.005122323986142874,0.015031525865197182,0.8686978220939636,tensor(0.6113)
4022,40,0.0071677956730127335,0.015031525865197182,0.8686978220939636,tensor(0.6113)
4023,40,0.05881073325872421,0.015031525865197182,0.8686978220939636,tensor(0.6113)
4024,40,0.008871790952980518,0.015031525865197182,0.8686978220939636,tensor(0.6113)
4025,40,0.3561091125011444,0.015031525865197182,0.8686978220939636,tensor(0.6113)
4026,40,0.29562681913375854,0.015031525865197182,0.8686978220939636,tensor(0.6113)
4027,40,0.29712724685668945,0.015031525865197182,0.8686978220939636,tensor(0.6113)
4028,40,0.004776746034622192,0.015031525865197182,0.8686978220939636,tensor(0.6113)
4029,40,0.21438124775886536,0.015031525865197182,0.8686978220939636,tensor(0.6113)
4030,40,0.31499332189559937,0.015031525865197182,0.8686978220939636,tensor(0.6113)
4031,40,0.007337314076721668,0.015031525865197182,0.8686978220939636,tensor(0.6113)
4032,40,0.016316331923007965,0.015031525865197182,0.8686978220939636,tensor(0.6113)
4033,40,0.02904994785785675,0.015031525865197182,0.8686978220939636,tensor(0.6113)
4034,40,0.02226252667605877,0.015031525865197182,0.8686978220939636,tensor(0.6113)
4035,40,0.05770126357674599,0.015031525865197182,0.8686978220939636,tensor(0.6113)
4036,40,0.2234591692686081,0.015031525865197182,0.8686978220939636,tensor(0.6113)
4037,40,0.006394167430698872,0.015031525865197182,0.8686978220939636,tensor(0.6113)
4038,40,0.03436841070652008,0.015031525865197182,0.8686978220939636,tensor(0.6113)
4039,40,0.00480272201821208,0.015031525865197182,0.8686978220939636,tensor(0.6113)
4040,40,0.044646963477134705,0.015031525865197182,0.8686978220939636,tensor(0.6113)
4041,40,0.14563331007957458,0.015031525865197182,0.8686978220939636,tensor(0.6113)
4042,40,0.25945085287094116,0.015031525865197182,0.8686978220939636,tensor(0.6113)
4043,40,0.48223984241485596,0.015031525865197182,0.8686978220939636,tensor(0.6113)
4044,40,0.021228190511465073,0.015031525865197182,0.8686978220939636,tensor(0.6113)
4045,40,0.06280752271413803,0.015031525865197182,0.8686978220939636,tensor(0.6113)
4046,40,0.017635028809309006,0.015031525865197182,0.8686978220939636,tensor(0.6113)
4047,40,0.007539569865912199,0.015031525865197182,0.8686978220939636,tensor(0.6113)
4048,40,0.07888711988925934,0.015031525865197182,0.8686978220939636,tensor(0.6113)
4049,40,0.032548755407333374,0.015031525865197182,0.8686978220939636,tensor(0.6113)
4050,40,0.011264024302363396,0.015031525865197182,0.8686978220939636,tensor(0.6113)
4051,40,0.00552847096696496,0.015031525865197182,0.8686978220939636,tensor(0.6113)
4052,40,0.07708118855953217,0.015031525865197182,0.8686978220939636,tensor(0.6113)
4053,40,0.008751384913921356,0.015031525865197182,0.8686978220939636,tensor(0.6113)
4054,40,0.30652546882629395,0.015031525865197182,0.8686978220939636,tensor(0.6113)
4055,40,0.1977025270462036,0.015031525865197182,0.8686978220939636,tensor(0.6113)
4056,40,0.33291366696357727,0.015031525865197182,0.8686978220939636,tensor(0.6113)
4057,40,0.01931319385766983,0.015031525865197182,0.8686978220939636,tensor(0.6113)
4058,40,0.04739002138376236,0.015031525865197182,0.8686978220939636,tensor(0.6113)
4059,40,0.08202680945396423,0.015031525865197182,0.8686978220939636,tensor(0.6113)
4060,40,0.0042516207322478294,0.015031525865197182,0.8686978220939636,tensor(0.6113)
4061,40,0.09382185339927673,0.015031525865197182,0.8686978220939636,tensor(0.6113)
4062,40,0.0033229500986635685,0.015031525865197182,0.8686978220939636,tensor(0.6113)
4063,40,0.4837242066860199,0.015031525865197182,0.8686978220939636,tensor(0.6113)
4064,40,0.008064121007919312,0.015031525865197182,0.8686978220939636,tensor(0.6113)
4065,40,0.011098247021436691,0.015031525865197182,0.8686978220939636,tensor(0.6113)
4066,40,0.09693969041109085,0.015031525865197182,0.8686978220939636,tensor(0.6113)
4067,40,0.06876955926418304,0.015031525865197182,0.8686978220939636,tensor(0.6113)
4068,40,0.13564960658550262,0.015031525865197182,0.8686978220939636,tensor(0.6113)
4069,40,0.15448229014873505,0.015031525865197182,0.8686978220939636,tensor(0.6113)
4070,40,0.06630940735340118,0.015031525865197182,0.8686978220939636,tensor(0.6113)
4071,40,0.037893980741500854,0.015031525865197182,0.8686978220939636,tensor(0.6113)
4072,40,0.24242046475410461,0.015031525865197182,0.8686978220939636,tensor(0.6113)
4073,40,0.02477673813700676,0.015031525865197182,0.8686978220939636,tensor(0.6113)
4074,40,0.1956930011510849,0.015031525865197182,0.8686978220939636,tensor(0.6113)
4075,40,0.3401143550872803,0.015031525865197182,0.8686978220939636,tensor(0.6113)
4076,40,0.01880411058664322,0.015031525865197182,0.8686978220939636,tensor(0.6113)
4077,40,0.004001705441623926,0.015031525865197182,0.8686978220939636,tensor(0.6113)
4078,40,0.015439268201589584,0.015031525865197182,0.8686978220939636,tensor(0.6113)
4079,40,0.5118601322174072,0.015031525865197182,0.8686978220939636,tensor(0.6113)
4080,40,0.06773588061332703,0.015031525865197182,0.8686978220939636,tensor(0.6113)
4081,40,0.06773588061332703,0.223140150308609,0.8686978220939636,tensor(0.6113)
4082,40,0.06773588061332703,0.6042092442512512,0.8686978220939636,tensor(0.6113)
4083,40,0.0637410432100296,0.6042092442512512,0.8686978220939636,tensor(0.6113)
4083,41,0.0637410432100296,0.6042092442512512,0.051387298852205276,tensor(12.8914)
4084,41,0.2627352476119995,0.6042092442512512,0.051387298852205276,tensor(12.8914)
4085,41,0.014605093747377396,0.6042092442512512,0.051387298852205276,tensor(12.8914)
4086,41,0.0084302369505167,0.6042092442512512,0.051387298852205276,tensor(12.8914)
4087,41,0.3960476517677307,0.6042092442512512,0.051387298852205276,tensor(12.8914)
4088,41,0.008289633318781853,0.6042092442512512,0.051387298852205276,tensor(12.8914)
4089,41,0.07878807187080383,0.6042092442512512,0.051387298852205276,tensor(12.8914)
4090,41,0.006433736998587847,0.6042092442512512,0.051387298852205276,tensor(12.8914)
4091,41,0.532692551612854,0.6042092442512512,0.051387298852205276,tensor(12.8914)
4092,41,0.1019231379032135,0.6042092442512512,0.051387298852205276,tensor(12.8914)
4093,41,0.19704961776733398,0.6042092442512512,0.051387298852205276,tensor(12.8914)
4094,41,0.012558231130242348,0.6042092442512512,0.051387298852205276,tensor(12.8914)
4095,41,0.07912947237491608,0.6042092442512512,0.051387298852205276,tensor(12.8914)
4096,41,0.05299297720193863,0.6042092442512512,0.051387298852205276,tensor(12.8914)
4097,41,0.004713024478405714,0.6042092442512512,0.051387298852205276,tensor(12.8914)
4098,41,0.004312991630285978,0.6042092442512512,0.051387298852205276,tensor(12.8914)
4099,41,0.003633488668128848,0.6042092442512512,0.051387298852205276,tensor(12.8914)
4100,41,0.012857943773269653,0.6042092442512512,0.051387298852205276,tensor(12.8914)
4101,41,0.013773472979664803,0.6042092442512512,0.051387298852205276,tensor(12.8914)
4102,41,0.009020594879984856,0.6042092442512512,0.051387298852205276,tensor(12.8914)
4103,41,0.3767416477203369,0.6042092442512512,0.051387298852205276,tensor(12.8914)
4104,41,0.2598631680011749,0.6042092442512512,0.051387298852205276,tensor(12.8914)
4105,41,0.18879219889640808,0.6042092442512512,0.051387298852205276,tensor(12.8914)
4106,41,0.029926195740699768,0.6042092442512512,0.051387298852205276,tensor(12.8914)
4107,41,0.09373917430639267,0.6042092442512512,0.051387298852205276,tensor(12.8914)
4108,41,0.007007676176726818,0.6042092442512512,0.051387298852205276,tensor(12.8914)
4109,41,0.01902887597680092,0.6042092442512512,0.051387298852205276,tensor(12.8914)
4110,41,0.07039036601781845,0.6042092442512512,0.051387298852205276,tensor(12.8914)
4111,41,0.134833425283432,0.6042092442512512,0.051387298852205276,tensor(12.8914)
4112,41,0.006477455608546734,0.6042092442512512,0.051387298852205276,tensor(12.8914)
4113,41,0.1750507950782776,0.6042092442512512,0.051387298852205276,tensor(12.8914)
4114,41,0.015273884870111942,0.6042092442512512,0.051387298852205276,tensor(12.8914)
4115,41,0.2628059685230255,0.6042092442512512,0.051387298852205276,tensor(12.8914)
4116,41,0.005571434739977121,0.6042092442512512,0.051387298852205276,tensor(12.8914)
4117,41,0.06636665016412735,0.6042092442512512,0.051387298852205276,tensor(12.8914)
4118,41,0.009759578853845596,0.6042092442512512,0.051387298852205276,tensor(12.8914)
4119,41,0.23008887469768524,0.6042092442512512,0.051387298852205276,tensor(12.8914)
4120,41,0.28936678171157837,0.6042092442512512,0.051387298852205276,tensor(12.8914)
4121,41,0.2545204162597656,0.6042092442512512,0.051387298852205276,tensor(12.8914)
4122,41,0.5042815208435059,0.6042092442512512,0.051387298852205276,tensor(12.8914)
4123,41,0.15630237758159637,0.6042092442512512,0.051387298852205276,tensor(12.8914)
4124,41,0.5936961770057678,0.6042092442512512,0.051387298852205276,tensor(12.8914)
4125,41,0.011278068646788597,0.6042092442512512,0.051387298852205276,tensor(12.8914)
4126,41,0.04706485569477081,0.6042092442512512,0.051387298852205276,tensor(12.8914)
4127,41,0.01572699472308159,0.6042092442512512,0.051387298852205276,tensor(12.8914)
4128,41,0.009829377755522728,0.6042092442512512,0.051387298852205276,tensor(12.8914)
4129,41,0.03503134101629257,0.6042092442512512,0.051387298852205276,tensor(12.8914)
4130,41,0.1086740493774414,0.6042092442512512,0.051387298852205276,tensor(12.8914)
4131,41,0.36037376523017883,0.6042092442512512,0.051387298852205276,tensor(12.8914)
4132,41,0.4826880097389221,0.6042092442512512,0.051387298852205276,tensor(12.8914)
4133,41,0.01702631078660488,0.6042092442512512,0.051387298852205276,tensor(12.8914)
4134,41,0.5230652093887329,0.6042092442512512,0.051387298852205276,tensor(12.8914)
4135,41,0.017517484724521637,0.6042092442512512,0.051387298852205276,tensor(12.8914)
4136,41,0.056555718183517456,0.6042092442512512,0.051387298852205276,tensor(12.8914)
4137,41,0.008801179938018322,0.6042092442512512,0.051387298852205276,tensor(12.8914)
4138,41,0.1462748646736145,0.6042092442512512,0.051387298852205276,tensor(12.8914)
4139,41,0.7133181095123291,0.6042092442512512,0.051387298852205276,tensor(12.8914)
4140,41,0.2093570977449417,0.6042092442512512,0.051387298852205276,tensor(12.8914)
4141,41,0.03402019292116165,0.6042092442512512,0.051387298852205276,tensor(12.8914)
4142,41,0.38682979345321655,0.6042092442512512,0.051387298852205276,tensor(12.8914)
4143,41,0.005509186536073685,0.6042092442512512,0.051387298852205276,tensor(12.8914)
4144,41,0.12391258776187897,0.6042092442512512,0.051387298852205276,tensor(12.8914)
4145,41,0.082822784781456,0.6042092442512512,0.051387298852205276,tensor(12.8914)
4146,41,0.3274361193180084,0.6042092442512512,0.051387298852205276,tensor(12.8914)
4147,41,0.1863732933998108,0.6042092442512512,0.051387298852205276,tensor(12.8914)
4148,41,0.1486351191997528,0.6042092442512512,0.051387298852205276,tensor(12.8914)
4149,41,0.1514391303062439,0.6042092442512512,0.051387298852205276,tensor(12.8914)
4150,41,0.16040489077568054,0.6042092442512512,0.051387298852205276,tensor(12.8914)
4151,41,0.022867880761623383,0.6042092442512512,0.051387298852205276,tensor(12.8914)
4152,41,0.0394347719848156,0.6042092442512512,0.051387298852205276,tensor(12.8914)
4153,41,0.4150797724723816,0.6042092442512512,0.051387298852205276,tensor(12.8914)
4154,41,0.07593601942062378,0.6042092442512512,0.051387298852205276,tensor(12.8914)
4155,41,0.006174995098263025,0.6042092442512512,0.051387298852205276,tensor(12.8914)
4156,41,0.004102054052054882,0.6042092442512512,0.051387298852205276,tensor(12.8914)
4157,41,0.06198041886091232,0.6042092442512512,0.051387298852205276,tensor(12.8914)
4158,41,0.01855216920375824,0.6042092442512512,0.051387298852205276,tensor(12.8914)
4159,41,0.11181263625621796,0.6042092442512512,0.051387298852205276,tensor(12.8914)
4160,41,0.029497377574443817,0.6042092442512512,0.051387298852205276,tensor(12.8914)
4161,41,0.049520738422870636,0.6042092442512512,0.051387298852205276,tensor(12.8914)
4162,41,0.024745825678110123,0.6042092442512512,0.051387298852205276,tensor(12.8914)
4163,41,0.05327131226658821,0.6042092442512512,0.051387298852205276,tensor(12.8914)
4164,41,0.225663959980011,0.6042092442512512,0.051387298852205276,tensor(12.8914)
4165,41,0.0835866779088974,0.6042092442512512,0.051387298852205276,tensor(12.8914)
4166,41,0.052484337240457535,0.6042092442512512,0.051387298852205276,tensor(12.8914)
4167,41,0.4346240162849426,0.6042092442512512,0.051387298852205276,tensor(12.8914)
4168,41,0.1597481667995453,0.6042092442512512,0.051387298852205276,tensor(12.8914)
4169,41,0.003946706186980009,0.6042092442512512,0.051387298852205276,tensor(12.8914)
4170,41,0.009049111045897007,0.6042092442512512,0.051387298852205276,tensor(12.8914)
4171,41,0.06978970766067505,0.6042092442512512,0.051387298852205276,tensor(12.8914)
4172,41,0.27008113265037537,0.6042092442512512,0.051387298852205276,tensor(12.8914)
4173,41,0.5226308107376099,0.6042092442512512,0.051387298852205276,tensor(12.8914)
4174,41,0.008862942457199097,0.6042092442512512,0.051387298852205276,tensor(12.8914)
4175,41,0.005794542841613293,0.6042092442512512,0.051387298852205276,tensor(12.8914)
4176,41,0.03408188372850418,0.6042092442512512,0.051387298852205276,tensor(12.8914)
4177,41,0.0117139657959342,0.6042092442512512,0.051387298852205276,tensor(12.8914)
4178,41,0.3006235957145691,0.6042092442512512,0.051387298852205276,tensor(12.8914)
4179,41,0.009732216596603394,0.6042092442512512,0.051387298852205276,tensor(12.8914)
4180,41,0.009592373855412006,0.6042092442512512,0.051387298852205276,tensor(12.8914)
4181,41,0.6970531940460205,0.6042092442512512,0.051387298852205276,tensor(12.8914)
4182,41,0.16929423809051514,0.6042092442512512,0.051387298852205276,tensor(12.8914)
4183,41,0.16929423809051514,0.11729845404624939,0.051387298852205276,tensor(12.8914)
4184,41,0.16929423809051514,0.13319841027259827,0.051387298852205276,tensor(12.8914)
4185,41,0.009884065017104149,0.13319841027259827,0.051387298852205276,tensor(12.8914)
4185,42,0.009884065017104149,0.13319841027259827,0.013857278972864151,tensor(18.5832)
4186,42,0.2462642341852188,0.13319841027259827,0.013857278972864151,tensor(18.5832)
4187,42,0.03661823272705078,0.13319841027259827,0.013857278972864151,tensor(18.5832)
4188,42,0.4587041139602661,0.13319841027259827,0.013857278972864151,tensor(18.5832)
4189,42,0.528927206993103,0.13319841027259827,0.013857278972864151,tensor(18.5832)
4190,42,0.11072874814271927,0.13319841027259827,0.013857278972864151,tensor(18.5832)
4191,42,0.023532457649707794,0.13319841027259827,0.013857278972864151,tensor(18.5832)
4192,42,0.04515824466943741,0.13319841027259827,0.013857278972864151,tensor(18.5832)
4193,42,0.11324980854988098,0.13319841027259827,0.013857278972864151,tensor(18.5832)
4194,42,0.031377941370010376,0.13319841027259827,0.013857278972864151,tensor(18.5832)
4195,42,0.017025459557771683,0.13319841027259827,0.013857278972864151,tensor(18.5832)
4196,42,0.3534015119075775,0.13319841027259827,0.013857278972864151,tensor(18.5832)
4197,42,0.38656947016716003,0.13319841027259827,0.013857278972864151,tensor(18.5832)
4198,42,0.09592418372631073,0.13319841027259827,0.013857278972864151,tensor(18.5832)
4199,42,0.03903305158019066,0.13319841027259827,0.013857278972864151,tensor(18.5832)
4200,42,0.1715107560157776,0.13319841027259827,0.013857278972864151,tensor(18.5832)
4201,42,0.05578123778104782,0.13319841027259827,0.013857278972864151,tensor(18.5832)
4202,42,0.012342056259512901,0.13319841027259827,0.013857278972864151,tensor(18.5832)
4203,42,0.26305091381073,0.13319841027259827,0.013857278972864151,tensor(18.5832)
4204,42,0.09591478109359741,0.13319841027259827,0.013857278972864151,tensor(18.5832)
4205,42,0.026458822190761566,0.13319841027259827,0.013857278972864151,tensor(18.5832)
4206,42,0.035078439861536026,0.13319841027259827,0.013857278972864151,tensor(18.5832)
4207,42,0.8170776963233948,0.13319841027259827,0.013857278972864151,tensor(18.5832)
4208,42,0.015898458659648895,0.13319841027259827,0.013857278972864151,tensor(18.5832)
4209,42,0.0052608707919716835,0.13319841027259827,0.013857278972864151,tensor(18.5832)
4210,42,0.024732321500778198,0.13319841027259827,0.013857278972864151,tensor(18.5832)
4211,42,0.030276775360107422,0.13319841027259827,0.013857278972864151,tensor(18.5832)
4212,42,0.004790616687387228,0.13319841027259827,0.013857278972864151,tensor(18.5832)
4213,42,0.018327895551919937,0.13319841027259827,0.013857278972864151,tensor(18.5832)
4214,42,0.10944830626249313,0.13319841027259827,0.013857278972864151,tensor(18.5832)
4215,42,0.002518998458981514,0.13319841027259827,0.013857278972864151,tensor(18.5832)
4216,42,0.5258861780166626,0.13319841027259827,0.013857278972864151,tensor(18.5832)
4217,42,0.3743464946746826,0.13319841027259827,0.013857278972864151,tensor(18.5832)
4218,42,0.05746336653828621,0.13319841027259827,0.013857278972864151,tensor(18.5832)
4219,42,0.14668771624565125,0.13319841027259827,0.013857278972864151,tensor(18.5832)
4220,42,0.05498205125331879,0.13319841027259827,0.013857278972864151,tensor(18.5832)
4221,42,0.4842125177383423,0.13319841027259827,0.013857278972864151,tensor(18.5832)
4222,42,0.011579301208257675,0.13319841027259827,0.013857278972864151,tensor(18.5832)
4223,42,0.30586785078048706,0.13319841027259827,0.013857278972864151,tensor(18.5832)
4224,42,0.4672894775867462,0.13319841027259827,0.013857278972864151,tensor(18.5832)
4225,42,0.005789969582110643,0.13319841027259827,0.013857278972864151,tensor(18.5832)
4226,42,0.012951023876667023,0.13319841027259827,0.013857278972864151,tensor(18.5832)
4227,42,0.24596703052520752,0.13319841027259827,0.013857278972864151,tensor(18.5832)
4228,42,0.4409092664718628,0.13319841027259827,0.013857278972864151,tensor(18.5832)
4229,42,0.009249739348888397,0.13319841027259827,0.013857278972864151,tensor(18.5832)
4230,42,0.01901567168533802,0.13319841027259827,0.013857278972864151,tensor(18.5832)
4231,42,0.5126449465751648,0.13319841027259827,0.013857278972864151,tensor(18.5832)
4232,42,0.12191569805145264,0.13319841027259827,0.013857278972864151,tensor(18.5832)
4233,42,0.14496026933193207,0.13319841027259827,0.013857278972864151,tensor(18.5832)
4234,42,0.005571942310780287,0.13319841027259827,0.013857278972864151,tensor(18.5832)
4235,42,0.008484549820423126,0.13319841027259827,0.013857278972864151,tensor(18.5832)
4236,42,0.07397016882896423,0.13319841027259827,0.013857278972864151,tensor(18.5832)
4237,42,0.0032440409995615482,0.13319841027259827,0.013857278972864151,tensor(18.5832)
4238,42,0.10370968282222748,0.13319841027259827,0.013857278972864151,tensor(18.5832)
4239,42,0.1519712507724762,0.13319841027259827,0.013857278972864151,tensor(18.5832)
4240,42,0.11548395454883575,0.13319841027259827,0.013857278972864151,tensor(18.5832)
4241,42,0.018421702086925507,0.13319841027259827,0.013857278972864151,tensor(18.5832)
4242,42,0.053653739392757416,0.13319841027259827,0.013857278972864151,tensor(18.5832)
4243,42,0.026681695133447647,0.13319841027259827,0.013857278972864151,tensor(18.5832)
4244,42,0.008533922955393791,0.13319841027259827,0.013857278972864151,tensor(18.5832)
4245,42,0.19558946788311005,0.13319841027259827,0.013857278972864151,tensor(18.5832)
4246,42,0.11320184171199799,0.13319841027259827,0.013857278972864151,tensor(18.5832)
4247,42,0.16151386499404907,0.13319841027259827,0.013857278972864151,tensor(18.5832)
4248,42,0.23430615663528442,0.13319841027259827,0.013857278972864151,tensor(18.5832)
4249,42,0.005917617119848728,0.13319841027259827,0.013857278972864151,tensor(18.5832)
4250,42,0.9952044486999512,0.13319841027259827,0.013857278972864151,tensor(18.5832)
4251,42,0.11922036111354828,0.13319841027259827,0.013857278972864151,tensor(18.5832)
4252,42,0.31592610478401184,0.13319841027259827,0.013857278972864151,tensor(18.5832)
4253,42,0.0029010772705078125,0.13319841027259827,0.013857278972864151,tensor(18.5832)
4254,42,0.3528776168823242,0.13319841027259827,0.013857278972864151,tensor(18.5832)
4255,42,0.28440526127815247,0.13319841027259827,0.013857278972864151,tensor(18.5832)
4256,42,0.10615598410367966,0.13319841027259827,0.013857278972864151,tensor(18.5832)
4257,42,0.16667775809764862,0.13319841027259827,0.013857278972864151,tensor(18.5832)
4258,42,0.10784614831209183,0.13319841027259827,0.013857278972864151,tensor(18.5832)
4259,42,0.026414677500724792,0.13319841027259827,0.013857278972864151,tensor(18.5832)
4260,42,0.02621202915906906,0.13319841027259827,0.013857278972864151,tensor(18.5832)
4261,42,0.00917414017021656,0.13319841027259827,0.013857278972864151,tensor(18.5832)
4262,42,0.00884184893220663,0.13319841027259827,0.013857278972864151,tensor(18.5832)
4263,42,0.7082027196884155,0.13319841027259827,0.013857278972864151,tensor(18.5832)
4264,42,0.05721554905176163,0.13319841027259827,0.013857278972864151,tensor(18.5832)
4265,42,0.06504298746585846,0.13319841027259827,0.013857278972864151,tensor(18.5832)
4266,42,0.6377725601196289,0.13319841027259827,0.013857278972864151,tensor(18.5832)
4267,42,0.046234190464019775,0.13319841027259827,0.013857278972864151,tensor(18.5832)
4268,42,0.015559738501906395,0.13319841027259827,0.013857278972864151,tensor(18.5832)
4269,42,0.025117337703704834,0.13319841027259827,0.013857278972864151,tensor(18.5832)
4270,42,0.03895998001098633,0.13319841027259827,0.013857278972864151,tensor(18.5832)
4271,42,0.3434852361679077,0.13319841027259827,0.013857278972864151,tensor(18.5832)
4272,42,0.010130558162927628,0.13319841027259827,0.013857278972864151,tensor(18.5832)
4273,42,0.10255874693393707,0.13319841027259827,0.013857278972864151,tensor(18.5832)
4274,42,0.0926075279712677,0.13319841027259827,0.013857278972864151,tensor(18.5832)
4275,42,0.027563124895095825,0.13319841027259827,0.013857278972864151,tensor(18.5832)
4276,42,0.05086437612771988,0.13319841027259827,0.013857278972864151,tensor(18.5832)
4277,42,0.1448003053665161,0.13319841027259827,0.013857278972864151,tensor(18.5832)
4278,42,0.009570893831551075,0.13319841027259827,0.013857278972864151,tensor(18.5832)
4279,42,0.2810382843017578,0.13319841027259827,0.013857278972864151,tensor(18.5832)
4280,42,0.19717879593372345,0.13319841027259827,0.013857278972864151,tensor(18.5832)
4281,42,0.552384614944458,0.13319841027259827,0.013857278972864151,tensor(18.5832)
4282,42,0.711429238319397,0.13319841027259827,0.013857278972864151,tensor(18.5832)
4283,42,0.026355791836977005,0.13319841027259827,0.013857278972864151,tensor(18.5832)
4284,42,0.02026742696762085,0.13319841027259827,0.013857278972864151,tensor(18.5832)
4285,42,0.02026742696762085,0.004462684039026499,0.013857278972864151,tensor(18.5832)
4286,42,0.02026742696762085,0.48170047998428345,0.013857278972864151,tensor(18.5832)
4287,42,0.038732558488845825,0.48170047998428345,0.013857278972864151,tensor(18.5832)
4287,43,0.038732558488845825,0.48170047998428345,0.02299177646636963,tensor(16.3843)
4288,43,0.04861213266849518,0.48170047998428345,0.02299177646636963,tensor(16.3843)
4289,43,0.7078990340232849,0.48170047998428345,0.02299177646636963,tensor(16.3843)
4290,43,0.7710926532745361,0.48170047998428345,0.02299177646636963,tensor(16.3843)
4291,43,0.6374651193618774,0.48170047998428345,0.02299177646636963,tensor(16.3843)
4292,43,0.01201084814965725,0.48170047998428345,0.02299177646636963,tensor(16.3843)
4293,43,0.04401814192533493,0.48170047998428345,0.02299177646636963,tensor(16.3843)
4294,43,0.046454332768917084,0.48170047998428345,0.02299177646636963,tensor(16.3843)
4295,43,0.3687412142753601,0.48170047998428345,0.02299177646636963,tensor(16.3843)
4296,43,0.05763435363769531,0.48170047998428345,0.02299177646636963,tensor(16.3843)
4297,43,0.0817888081073761,0.48170047998428345,0.02299177646636963,tensor(16.3843)
4298,43,0.009893852286040783,0.48170047998428345,0.02299177646636963,tensor(16.3843)
4299,43,0.005870194174349308,0.48170047998428345,0.02299177646636963,tensor(16.3843)
4300,43,0.014697710983455181,0.48170047998428345,0.02299177646636963,tensor(16.3843)
4301,43,0.008208109997212887,0.48170047998428345,0.02299177646636963,tensor(16.3843)
4302,43,0.005793825723230839,0.48170047998428345,0.02299177646636963,tensor(16.3843)
4303,43,0.007970232516527176,0.48170047998428345,0.02299177646636963,tensor(16.3843)
4304,43,0.00705776596441865,0.48170047998428345,0.02299177646636963,tensor(16.3843)
4305,43,0.10956336557865143,0.48170047998428345,0.02299177646636963,tensor(16.3843)
4306,43,0.4685381054878235,0.48170047998428345,0.02299177646636963,tensor(16.3843)
4307,43,0.6528459787368774,0.48170047998428345,0.02299177646636963,tensor(16.3843)
4308,43,0.4749714136123657,0.48170047998428345,0.02299177646636963,tensor(16.3843)
4309,43,0.1820749044418335,0.48170047998428345,0.02299177646636963,tensor(16.3843)
4310,43,0.3759157359600067,0.48170047998428345,0.02299177646636963,tensor(16.3843)
4311,43,0.48741939663887024,0.48170047998428345,0.02299177646636963,tensor(16.3843)
4312,43,0.024194912984967232,0.48170047998428345,0.02299177646636963,tensor(16.3843)
4313,43,0.09624959528446198,0.48170047998428345,0.02299177646636963,tensor(16.3843)
4314,43,0.00784519873559475,0.48170047998428345,0.02299177646636963,tensor(16.3843)
4315,43,0.2212362289428711,0.48170047998428345,0.02299177646636963,tensor(16.3843)
4316,43,0.1900443583726883,0.48170047998428345,0.02299177646636963,tensor(16.3843)
4317,43,0.010105904191732407,0.48170047998428345,0.02299177646636963,tensor(16.3843)
4318,43,0.02266143262386322,0.48170047998428345,0.02299177646636963,tensor(16.3843)
4319,43,0.03525926172733307,0.48170047998428345,0.02299177646636963,tensor(16.3843)
4320,43,0.2345973253250122,0.48170047998428345,0.02299177646636963,tensor(16.3843)
4321,43,0.014558336697518826,0.48170047998428345,0.02299177646636963,tensor(16.3843)
4322,43,0.01674366369843483,0.48170047998428345,0.02299177646636963,tensor(16.3843)
4323,43,0.005049475003033876,0.48170047998428345,0.02299177646636963,tensor(16.3843)
4324,43,0.5802296996116638,0.48170047998428345,0.02299177646636963,tensor(16.3843)
4325,43,0.40325862169265747,0.48170047998428345,0.02299177646636963,tensor(16.3843)
4326,43,0.49761831760406494,0.48170047998428345,0.02299177646636963,tensor(16.3843)
4327,43,0.27160441875457764,0.48170047998428345,0.02299177646636963,tensor(16.3843)
4328,43,0.02633673883974552,0.48170047998428345,0.02299177646636963,tensor(16.3843)
4329,43,0.06257876753807068,0.48170047998428345,0.02299177646636963,tensor(16.3843)
4330,43,0.014869924634695053,0.48170047998428345,0.02299177646636963,tensor(16.3843)
4331,43,0.051131073385477066,0.48170047998428345,0.02299177646636963,tensor(16.3843)
4332,43,0.030252542346715927,0.48170047998428345,0.02299177646636963,tensor(16.3843)
4333,43,0.13244253396987915,0.48170047998428345,0.02299177646636963,tensor(16.3843)
4334,43,0.21793612837791443,0.48170047998428345,0.02299177646636963,tensor(16.3843)
4335,43,0.5617560148239136,0.48170047998428345,0.02299177646636963,tensor(16.3843)
4336,43,0.8425160646438599,0.48170047998428345,0.02299177646636963,tensor(16.3843)
4337,43,0.023085808381438255,0.48170047998428345,0.02299177646636963,tensor(16.3843)
4338,43,0.32596370577812195,0.48170047998428345,0.02299177646636963,tensor(16.3843)
4339,43,0.3443407714366913,0.48170047998428345,0.02299177646636963,tensor(16.3843)
4340,43,0.04478047043085098,0.48170047998428345,0.02299177646636963,tensor(16.3843)
4341,43,0.08293662220239639,0.48170047998428345,0.02299177646636963,tensor(16.3843)
4342,43,1.0374865531921387,0.48170047998428345,0.02299177646636963,tensor(16.3843)
4343,43,0.0033182825427502394,0.48170047998428345,0.02299177646636963,tensor(16.3843)
4344,43,0.29388776421546936,0.48170047998428345,0.02299177646636963,tensor(16.3843)
4345,43,0.06687884032726288,0.48170047998428345,0.02299177646636963,tensor(16.3843)
4346,43,0.2192610800266266,0.48170047998428345,0.02299177646636963,tensor(16.3843)
4347,43,0.008467269130051136,0.48170047998428345,0.02299177646636963,tensor(16.3843)
4348,43,0.42118796706199646,0.48170047998428345,0.02299177646636963,tensor(16.3843)
4349,43,0.006008822936564684,0.48170047998428345,0.02299177646636963,tensor(16.3843)
4350,43,0.019412249326705933,0.48170047998428345,0.02299177646636963,tensor(16.3843)
4351,43,0.20657673478126526,0.48170047998428345,0.02299177646636963,tensor(16.3843)
4352,43,0.44192105531692505,0.48170047998428345,0.02299177646636963,tensor(16.3843)
4353,43,0.03908964991569519,0.48170047998428345,0.02299177646636963,tensor(16.3843)
4354,43,0.004119482822716236,0.48170047998428345,0.02299177646636963,tensor(16.3843)
4355,43,0.40151435136795044,0.48170047998428345,0.02299177646636963,tensor(16.3843)
4356,43,0.4189414083957672,0.48170047998428345,0.02299177646636963,tensor(16.3843)
4357,43,0.03383137285709381,0.48170047998428345,0.02299177646636963,tensor(16.3843)
4358,43,0.011796636506915092,0.48170047998428345,0.02299177646636963,tensor(16.3843)
4359,43,0.25691938400268555,0.48170047998428345,0.02299177646636963,tensor(16.3843)
4360,43,0.5335980653762817,0.48170047998428345,0.02299177646636963,tensor(16.3843)
4361,43,0.5734221935272217,0.48170047998428345,0.02299177646636963,tensor(16.3843)
4362,43,0.010324005037546158,0.48170047998428345,0.02299177646636963,tensor(16.3843)
4363,43,0.38716965913772583,0.48170047998428345,0.02299177646636963,tensor(16.3843)
4364,43,0.5736026167869568,0.48170047998428345,0.02299177646636963,tensor(16.3843)
4365,43,0.016118619590997696,0.48170047998428345,0.02299177646636963,tensor(16.3843)
4366,43,0.07708525657653809,0.48170047998428345,0.02299177646636963,tensor(16.3843)
4367,43,0.5023881793022156,0.48170047998428345,0.02299177646636963,tensor(16.3843)
4368,43,0.03743521869182587,0.48170047998428345,0.02299177646636963,tensor(16.3843)
4369,43,0.01091623306274414,0.48170047998428345,0.02299177646636963,tensor(16.3843)
4370,43,0.042228031903505325,0.48170047998428345,0.02299177646636963,tensor(16.3843)
4371,43,0.01743287220597267,0.48170047998428345,0.02299177646636963,tensor(16.3843)
4372,43,0.035092104226350784,0.48170047998428345,0.02299177646636963,tensor(16.3843)
4373,43,0.006856396794319153,0.48170047998428345,0.02299177646636963,tensor(16.3843)
4374,43,0.08468861132860184,0.48170047998428345,0.02299177646636963,tensor(16.3843)
4375,43,0.01602781191468239,0.48170047998428345,0.02299177646636963,tensor(16.3843)
4376,43,0.010366619564592838,0.48170047998428345,0.02299177646636963,tensor(16.3843)
4377,43,0.2872436046600342,0.48170047998428345,0.02299177646636963,tensor(16.3843)
4378,43,0.028015341609716415,0.48170047998428345,0.02299177646636963,tensor(16.3843)
4379,43,0.1176290363073349,0.48170047998428345,0.02299177646636963,tensor(16.3843)
4380,43,0.011785218492150307,0.48170047998428345,0.02299177646636963,tensor(16.3843)
4381,43,0.3550383448600769,0.48170047998428345,0.02299177646636963,tensor(16.3843)
4382,43,0.04933558776974678,0.48170047998428345,0.02299177646636963,tensor(16.3843)
4383,43,0.04523590952157974,0.48170047998428345,0.02299177646636963,tensor(16.3843)
4384,43,0.02498369850218296,0.48170047998428345,0.02299177646636963,tensor(16.3843)
4385,43,0.3100733160972595,0.48170047998428345,0.02299177646636963,tensor(16.3843)
4386,43,0.18789061903953552,0.48170047998428345,0.02299177646636963,tensor(16.3843)
4387,43,0.18789061903953552,0.007656268775463104,0.02299177646636963,tensor(16.3843)
4388,43,0.18789061903953552,0.14021606743335724,0.02299177646636963,tensor(16.3843)
4389,43,0.05757696181535721,0.14021606743335724,0.02299177646636963,tensor(16.3843)
4389,44,0.05757696181535721,0.14021606743335724,0.25490567088127136,tensor(5.9362)
4390,44,0.12126464396715164,0.14021606743335724,0.25490567088127136,tensor(5.9362)
4391,44,0.003186205867677927,0.14021606743335724,0.25490567088127136,tensor(5.9362)
4392,44,0.0035132202319800854,0.14021606743335724,0.25490567088127136,tensor(5.9362)
4393,44,0.34642210602760315,0.14021606743335724,0.25490567088127136,tensor(5.9362)
4394,44,0.4574599266052246,0.14021606743335724,0.25490567088127136,tensor(5.9362)
4395,44,0.2863044738769531,0.14021606743335724,0.25490567088127136,tensor(5.9362)
4396,44,0.1330500692129135,0.14021606743335724,0.25490567088127136,tensor(5.9362)
4397,44,0.2731320261955261,0.14021606743335724,0.25490567088127136,tensor(5.9362)
4398,44,0.009494630619883537,0.14021606743335724,0.25490567088127136,tensor(5.9362)
4399,44,0.019196555018424988,0.14021606743335724,0.25490567088127136,tensor(5.9362)
4400,44,0.11164717376232147,0.14021606743335724,0.25490567088127136,tensor(5.9362)
4401,44,0.008255990222096443,0.14021606743335724,0.25490567088127136,tensor(5.9362)
4402,44,0.2294929176568985,0.14021606743335724,0.25490567088127136,tensor(5.9362)
4403,44,0.15082630515098572,0.14021606743335724,0.25490567088127136,tensor(5.9362)
4404,44,0.029249202460050583,0.14021606743335724,0.25490567088127136,tensor(5.9362)
4405,44,0.00720797386020422,0.14021606743335724,0.25490567088127136,tensor(5.9362)
4406,44,0.5532650947570801,0.14021606743335724,0.25490567088127136,tensor(5.9362)
4407,44,0.3562279939651489,0.14021606743335724,0.25490567088127136,tensor(5.9362)
4408,44,0.0036661005578935146,0.14021606743335724,0.25490567088127136,tensor(5.9362)
4409,44,0.038917314261198044,0.14021606743335724,0.25490567088127136,tensor(5.9362)
4410,44,0.08392839133739471,0.14021606743335724,0.25490567088127136,tensor(5.9362)
4411,44,0.2755294740200043,0.14021606743335724,0.25490567088127136,tensor(5.9362)
4412,44,0.493887722492218,0.14021606743335724,0.25490567088127136,tensor(5.9362)
4413,44,0.10992352664470673,0.14021606743335724,0.25490567088127136,tensor(5.9362)
4414,44,0.19894570112228394,0.14021606743335724,0.25490567088127136,tensor(5.9362)
4415,44,0.8997693061828613,0.14021606743335724,0.25490567088127136,tensor(5.9362)
4416,44,0.43609359860420227,0.14021606743335724,0.25490567088127136,tensor(5.9362)
4417,44,0.26674243807792664,0.14021606743335724,0.25490567088127136,tensor(5.9362)
4418,44,0.160680890083313,0.14021606743335724,0.25490567088127136,tensor(5.9362)
4419,44,0.04183042794466019,0.14021606743335724,0.25490567088127136,tensor(5.9362)
4420,44,0.12448300421237946,0.14021606743335724,0.25490567088127136,tensor(5.9362)
4421,44,0.004031134769320488,0.14021606743335724,0.25490567088127136,tensor(5.9362)
4422,44,0.084862619638443,0.14021606743335724,0.25490567088127136,tensor(5.9362)
4423,44,0.20085403323173523,0.14021606743335724,0.25490567088127136,tensor(5.9362)
4424,44,0.006504334509372711,0.14021606743335724,0.25490567088127136,tensor(5.9362)
4425,44,0.1369299739599228,0.14021606743335724,0.25490567088127136,tensor(5.9362)
4426,44,0.04623567312955856,0.14021606743335724,0.25490567088127136,tensor(5.9362)
4427,44,0.07976801693439484,0.14021606743335724,0.25490567088127136,tensor(5.9362)
4428,44,0.39404308795928955,0.14021606743335724,0.25490567088127136,tensor(5.9362)
4429,44,0.23149780929088593,0.14021606743335724,0.25490567088127136,tensor(5.9362)
4430,44,0.0030902428552508354,0.14021606743335724,0.25490567088127136,tensor(5.9362)
4431,44,0.09818505495786667,0.14021606743335724,0.25490567088127136,tensor(5.9362)
4432,44,0.5307427644729614,0.14021606743335724,0.25490567088127136,tensor(5.9362)
4433,44,0.13444045186042786,0.14021606743335724,0.25490567088127136,tensor(5.9362)
4434,44,0.03207256644964218,0.14021606743335724,0.25490567088127136,tensor(5.9362)
4435,44,0.022839944809675217,0.14021606743335724,0.25490567088127136,tensor(5.9362)
4436,44,0.051137007772922516,0.14021606743335724,0.25490567088127136,tensor(5.9362)
4437,44,0.1452840268611908,0.14021606743335724,0.25490567088127136,tensor(5.9362)
4438,44,0.11731564998626709,0.14021606743335724,0.25490567088127136,tensor(5.9362)
4439,44,0.10439258813858032,0.14021606743335724,0.25490567088127136,tensor(5.9362)
4440,44,0.402690589427948,0.14021606743335724,0.25490567088127136,tensor(5.9362)
4441,44,0.02064746990799904,0.14021606743335724,0.25490567088127136,tensor(5.9362)
4442,44,0.8990515470504761,0.14021606743335724,0.25490567088127136,tensor(5.9362)
4443,44,0.0799042209982872,0.14021606743335724,0.25490567088127136,tensor(5.9362)
4444,44,0.018756473436951637,0.14021606743335724,0.25490567088127136,tensor(5.9362)
4445,44,0.005601667799055576,0.14021606743335724,0.25490567088127136,tensor(5.9362)
4446,44,0.14381732046604156,0.14021606743335724,0.25490567088127136,tensor(5.9362)
4447,44,0.024476591497659683,0.14021606743335724,0.25490567088127136,tensor(5.9362)
4448,44,0.059054456651210785,0.14021606743335724,0.25490567088127136,tensor(5.9362)
4449,44,0.009793787263333797,0.14021606743335724,0.25490567088127136,tensor(5.9362)
4450,44,0.029486125335097313,0.14021606743335724,0.25490567088127136,tensor(5.9362)
4451,44,0.7590312957763672,0.14021606743335724,0.25490567088127136,tensor(5.9362)
4452,44,0.005011342465877533,0.14021606743335724,0.25490567088127136,tensor(5.9362)
4453,44,0.24110855162143707,0.14021606743335724,0.25490567088127136,tensor(5.9362)
4454,44,0.009832797572016716,0.14021606743335724,0.25490567088127136,tensor(5.9362)
4455,44,0.09333688020706177,0.14021606743335724,0.25490567088127136,tensor(5.9362)
4456,44,0.058050937950611115,0.14021606743335724,0.25490567088127136,tensor(5.9362)
4457,44,0.007154147140681744,0.14021606743335724,0.25490567088127136,tensor(5.9362)
4458,44,0.3683137893676758,0.14021606743335724,0.25490567088127136,tensor(5.9362)
4459,44,0.23601475358009338,0.14021606743335724,0.25490567088127136,tensor(5.9362)
4460,44,0.015806863084435463,0.14021606743335724,0.25490567088127136,tensor(5.9362)
4461,44,0.04421788454055786,0.14021606743335724,0.25490567088127136,tensor(5.9362)
4462,44,0.037805505096912384,0.14021606743335724,0.25490567088127136,tensor(5.9362)
4463,44,0.02816161885857582,0.14021606743335724,0.25490567088127136,tensor(5.9362)
4464,44,0.18125194311141968,0.14021606743335724,0.25490567088127136,tensor(5.9362)
4465,44,0.1944095641374588,0.14021606743335724,0.25490567088127136,tensor(5.9362)
4466,44,0.06275947391986847,0.14021606743335724,0.25490567088127136,tensor(5.9362)
4467,44,0.17311903834342957,0.14021606743335724,0.25490567088127136,tensor(5.9362)
4468,44,0.0607750378549099,0.14021606743335724,0.25490567088127136,tensor(5.9362)
4469,44,0.002592266770079732,0.14021606743335724,0.25490567088127136,tensor(5.9362)
4470,44,0.048322245478630066,0.14021606743335724,0.25490567088127136,tensor(5.9362)
4471,44,0.10710588097572327,0.14021606743335724,0.25490567088127136,tensor(5.9362)
4472,44,0.009732536040246487,0.14021606743335724,0.25490567088127136,tensor(5.9362)
4473,44,0.09574171900749207,0.14021606743335724,0.25490567088127136,tensor(5.9362)
4474,44,0.5941395163536072,0.14021606743335724,0.25490567088127136,tensor(5.9362)
4475,44,0.005529860034584999,0.14021606743335724,0.25490567088127136,tensor(5.9362)
4476,44,0.03652982786297798,0.14021606743335724,0.25490567088127136,tensor(5.9362)
4477,44,0.018897132948040962,0.14021606743335724,0.25490567088127136,tensor(5.9362)
4478,44,0.111928790807724,0.14021606743335724,0.25490567088127136,tensor(5.9362)
4479,44,0.01635853573679924,0.14021606743335724,0.25490567088127136,tensor(5.9362)
4480,44,0.11526332795619965,0.14021606743335724,0.25490567088127136,tensor(5.9362)
4481,44,0.0035850987769663334,0.14021606743335724,0.25490567088127136,tensor(5.9362)
4482,44,0.008380955085158348,0.14021606743335724,0.25490567088127136,tensor(5.9362)
4483,44,0.019132619723677635,0.14021606743335724,0.25490567088127136,tensor(5.9362)
4484,44,0.033889565616846085,0.14021606743335724,0.25490567088127136,tensor(5.9362)
4485,44,0.29591554403305054,0.14021606743335724,0.25490567088127136,tensor(5.9362)
4486,44,0.02537166327238083,0.14021606743335724,0.25490567088127136,tensor(5.9362)
4487,44,0.03034001588821411,0.14021606743335724,0.25490567088127136,tensor(5.9362)
4488,44,0.12157225608825684,0.14021606743335724,0.25490567088127136,tensor(5.9362)
4489,44,0.12157225608825684,0.2321576476097107,0.25490567088127136,tensor(5.9362)
4490,44,0.12157225608825684,0.3037128448486328,0.25490567088127136,tensor(5.9362)
4491,44,0.22975262999534607,0.3037128448486328,0.25490567088127136,tensor(5.9362)
4491,45,0.22975262999534607,0.3037128448486328,0.02377530373632908,tensor(16.2387)
4492,45,0.21796166896820068,0.3037128448486328,0.02377530373632908,tensor(16.2387)
4493,45,0.01197112537920475,0.3037128448486328,0.02377530373632908,tensor(16.2387)
4494,45,0.2884523272514343,0.3037128448486328,0.02377530373632908,tensor(16.2387)
4495,45,0.0061755795031785965,0.3037128448486328,0.02377530373632908,tensor(16.2387)
4496,45,0.05339933931827545,0.3037128448486328,0.02377530373632908,tensor(16.2387)
4497,45,0.22952896356582642,0.3037128448486328,0.02377530373632908,tensor(16.2387)
4498,45,0.024140378460288048,0.3037128448486328,0.02377530373632908,tensor(16.2387)
4499,45,0.13274292647838593,0.3037128448486328,0.02377530373632908,tensor(16.2387)
4500,45,0.2981942296028137,0.3037128448486328,0.02377530373632908,tensor(16.2387)
4501,45,0.3703182339668274,0.3037128448486328,0.02377530373632908,tensor(16.2387)
4502,45,0.11890237033367157,0.3037128448486328,0.02377530373632908,tensor(16.2387)
4503,45,0.3728491961956024,0.3037128448486328,0.02377530373632908,tensor(16.2387)
4504,45,0.027736928313970566,0.3037128448486328,0.02377530373632908,tensor(16.2387)
4505,45,0.020497623831033707,0.3037128448486328,0.02377530373632908,tensor(16.2387)
4506,45,0.020973224192857742,0.3037128448486328,0.02377530373632908,tensor(16.2387)
4507,45,0.015651894733309746,0.3037128448486328,0.02377530373632908,tensor(16.2387)
4508,45,0.2308565378189087,0.3037128448486328,0.02377530373632908,tensor(16.2387)
4509,45,0.07152605801820755,0.3037128448486328,0.02377530373632908,tensor(16.2387)
4510,45,0.05827799439430237,0.3037128448486328,0.02377530373632908,tensor(16.2387)
4511,45,0.6627820134162903,0.3037128448486328,0.02377530373632908,tensor(16.2387)
4512,45,0.005702420137822628,0.3037128448486328,0.02377530373632908,tensor(16.2387)
4513,45,0.004483895376324654,0.3037128448486328,0.02377530373632908,tensor(16.2387)
4514,45,0.2567393183708191,0.3037128448486328,0.02377530373632908,tensor(16.2387)
4515,45,0.05319087952375412,0.3037128448486328,0.02377530373632908,tensor(16.2387)
4516,45,0.026151375845074654,0.3037128448486328,0.02377530373632908,tensor(16.2387)
4517,45,0.6451931595802307,0.3037128448486328,0.02377530373632908,tensor(16.2387)
4518,45,0.1625438630580902,0.3037128448486328,0.02377530373632908,tensor(16.2387)
4519,45,0.0725836455821991,0.3037128448486328,0.02377530373632908,tensor(16.2387)
4520,45,0.007591291330754757,0.3037128448486328,0.02377530373632908,tensor(16.2387)
4521,45,0.1111404150724411,0.3037128448486328,0.02377530373632908,tensor(16.2387)
4522,45,0.02129165083169937,0.3037128448486328,0.02377530373632908,tensor(16.2387)
4523,45,0.20725351572036743,0.3037128448486328,0.02377530373632908,tensor(16.2387)
4524,45,0.5542701482772827,0.3037128448486328,0.02377530373632908,tensor(16.2387)
4525,45,0.01277235522866249,0.3037128448486328,0.02377530373632908,tensor(16.2387)
4526,45,0.3655429482460022,0.3037128448486328,0.02377530373632908,tensor(16.2387)
4527,45,0.00635530985891819,0.3037128448486328,0.02377530373632908,tensor(16.2387)
4528,45,0.06470748782157898,0.3037128448486328,0.02377530373632908,tensor(16.2387)
4529,45,0.005801917519420385,0.3037128448486328,0.02377530373632908,tensor(16.2387)
4530,45,0.08123044669628143,0.3037128448486328,0.02377530373632908,tensor(16.2387)
4531,45,0.06746496260166168,0.3037128448486328,0.02377530373632908,tensor(16.2387)
4532,45,0.8359967470169067,0.3037128448486328,0.02377530373632908,tensor(16.2387)
4533,45,0.0621417835354805,0.3037128448486328,0.02377530373632908,tensor(16.2387)
4534,45,0.004475550726056099,0.3037128448486328,0.02377530373632908,tensor(16.2387)
4535,45,0.46729713678359985,0.3037128448486328,0.02377530373632908,tensor(16.2387)
4536,45,0.005957397632300854,0.3037128448486328,0.02377530373632908,tensor(16.2387)
4537,45,0.41952231526374817,0.3037128448486328,0.02377530373632908,tensor(16.2387)
4538,45,0.5371726751327515,0.3037128448486328,0.02377530373632908,tensor(16.2387)
4539,45,0.09305468946695328,0.3037128448486328,0.02377530373632908,tensor(16.2387)
4540,45,0.20349296927452087,0.3037128448486328,0.02377530373632908,tensor(16.2387)
4541,45,0.009066899307072163,0.3037128448486328,0.02377530373632908,tensor(16.2387)
4542,45,0.10061328858137131,0.3037128448486328,0.02377530373632908,tensor(16.2387)
4543,45,0.09039710462093353,0.3037128448486328,0.02377530373632908,tensor(16.2387)
4544,45,0.0868491679430008,0.3037128448486328,0.02377530373632908,tensor(16.2387)
4545,45,0.09850049763917923,0.3037128448486328,0.02377530373632908,tensor(16.2387)
4546,45,0.06856779754161835,0.3037128448486328,0.02377530373632908,tensor(16.2387)
4547,45,0.023911472409963608,0.3037128448486328,0.02377530373632908,tensor(16.2387)
4548,45,0.6566802263259888,0.3037128448486328,0.02377530373632908,tensor(16.2387)
4549,45,0.16107839345932007,0.3037128448486328,0.02377530373632908,tensor(16.2387)
4550,45,0.10995443165302277,0.3037128448486328,0.02377530373632908,tensor(16.2387)
4551,45,0.1131790280342102,0.3037128448486328,0.02377530373632908,tensor(16.2387)
4552,45,0.3479613661766052,0.3037128448486328,0.02377530373632908,tensor(16.2387)
4553,45,0.007767869625240564,0.3037128448486328,0.02377530373632908,tensor(16.2387)
4554,45,0.04245441406965256,0.3037128448486328,0.02377530373632908,tensor(16.2387)
4555,45,0.020165201276540756,0.3037128448486328,0.02377530373632908,tensor(16.2387)
4556,45,0.09430494904518127,0.3037128448486328,0.02377530373632908,tensor(16.2387)
4557,45,0.02872614562511444,0.3037128448486328,0.02377530373632908,tensor(16.2387)
4558,45,0.20799344778060913,0.3037128448486328,0.02377530373632908,tensor(16.2387)
4559,45,0.6202118396759033,0.3037128448486328,0.02377530373632908,tensor(16.2387)
4560,45,0.10353882610797882,0.3037128448486328,0.02377530373632908,tensor(16.2387)
4561,45,0.016888149082660675,0.3037128448486328,0.02377530373632908,tensor(16.2387)
4562,45,0.014592515304684639,0.3037128448486328,0.02377530373632908,tensor(16.2387)
4563,45,0.1628766506910324,0.3037128448486328,0.02377530373632908,tensor(16.2387)
4564,45,0.07728786766529083,0.3037128448486328,0.02377530373632908,tensor(16.2387)
4565,45,0.01597418636083603,0.3037128448486328,0.02377530373632908,tensor(16.2387)
4566,45,0.1034797728061676,0.3037128448486328,0.02377530373632908,tensor(16.2387)
4567,45,0.03224083036184311,0.3037128448486328,0.02377530373632908,tensor(16.2387)
4568,45,0.008196006529033184,0.3037128448486328,0.02377530373632908,tensor(16.2387)
4569,45,0.005077969282865524,0.3037128448486328,0.02377530373632908,tensor(16.2387)
4570,45,0.1891329288482666,0.3037128448486328,0.02377530373632908,tensor(16.2387)
4571,45,0.005471839569509029,0.3037128448486328,0.02377530373632908,tensor(16.2387)
4572,45,0.18230150640010834,0.3037128448486328,0.02377530373632908,tensor(16.2387)
4573,45,0.031759992241859436,0.3037128448486328,0.02377530373632908,tensor(16.2387)
4574,45,0.8472496867179871,0.3037128448486328,0.02377530373632908,tensor(16.2387)
4575,45,0.46835947036743164,0.3037128448486328,0.02377530373632908,tensor(16.2387)
4576,45,0.22872838377952576,0.3037128448486328,0.02377530373632908,tensor(16.2387)
4577,45,0.2144961953163147,0.3037128448486328,0.02377530373632908,tensor(16.2387)
4578,45,0.2738277316093445,0.3037128448486328,0.02377530373632908,tensor(16.2387)
4579,45,0.04338475316762924,0.3037128448486328,0.02377530373632908,tensor(16.2387)
4580,45,0.7309026718139648,0.3037128448486328,0.02377530373632908,tensor(16.2387)
4581,45,0.7632683515548706,0.3037128448486328,0.02377530373632908,tensor(16.2387)
4582,45,0.3067960739135742,0.3037128448486328,0.02377530373632908,tensor(16.2387)
4583,45,0.008013772778213024,0.3037128448486328,0.02377530373632908,tensor(16.2387)
4584,45,0.05590406805276871,0.3037128448486328,0.02377530373632908,tensor(16.2387)
4585,45,0.08009051531553268,0.3037128448486328,0.02377530373632908,tensor(16.2387)
4586,45,0.002884873189032078,0.3037128448486328,0.02377530373632908,tensor(16.2387)
4587,45,0.5796180367469788,0.3037128448486328,0.02377530373632908,tensor(16.2387)
4588,45,0.02669413760304451,0.3037128448486328,0.02377530373632908,tensor(16.2387)
4589,45,0.08107176423072815,0.3037128448486328,0.02377530373632908,tensor(16.2387)
4590,45,0.005224623717367649,0.3037128448486328,0.02377530373632908,tensor(16.2387)
4591,45,0.005224623717367649,0.35257643461227417,0.02377530373632908,tensor(16.2387)
4592,45,0.005224623717367649,0.32749634981155396,0.02377530373632908,tensor(16.2387)
4593,45,0.04682575538754463,0.32749634981155396,0.02377530373632908,tensor(16.2387)
4593,46,0.04682575538754463,0.32749634981155396,0.1200903058052063,tensor(9.2049)
4594,46,0.004645108245313168,0.32749634981155396,0.1200903058052063,tensor(9.2049)
4595,46,0.07784304022789001,0.32749634981155396,0.1200903058052063,tensor(9.2049)
4596,46,0.07366655021905899,0.32749634981155396,0.1200903058052063,tensor(9.2049)
4597,46,0.2648547291755676,0.32749634981155396,0.1200903058052063,tensor(9.2049)
4598,46,0.100674107670784,0.32749634981155396,0.1200903058052063,tensor(9.2049)
4599,46,0.013548036105930805,0.32749634981155396,0.1200903058052063,tensor(9.2049)
4600,46,0.31920963525772095,0.32749634981155396,0.1200903058052063,tensor(9.2049)
4601,46,0.12627427279949188,0.32749634981155396,0.1200903058052063,tensor(9.2049)
4602,46,0.02694038301706314,0.32749634981155396,0.1200903058052063,tensor(9.2049)
4603,46,0.02863480895757675,0.32749634981155396,0.1200903058052063,tensor(9.2049)
4604,46,0.01032022200524807,0.32749634981155396,0.1200903058052063,tensor(9.2049)
4605,46,0.004338921047747135,0.32749634981155396,0.1200903058052063,tensor(9.2049)
4606,46,0.05370953679084778,0.32749634981155396,0.1200903058052063,tensor(9.2049)
4607,46,0.17070406675338745,0.32749634981155396,0.1200903058052063,tensor(9.2049)
4608,46,0.13261860609054565,0.32749634981155396,0.1200903058052063,tensor(9.2049)
4609,46,0.4881032109260559,0.32749634981155396,0.1200903058052063,tensor(9.2049)
4610,46,0.008615916594862938,0.32749634981155396,0.1200903058052063,tensor(9.2049)
4611,46,0.0046712616458535194,0.32749634981155396,0.1200903058052063,tensor(9.2049)
4612,46,0.13366037607192993,0.32749634981155396,0.1200903058052063,tensor(9.2049)
4613,46,0.1342831552028656,0.32749634981155396,0.1200903058052063,tensor(9.2049)
4614,46,0.01371152512729168,0.32749634981155396,0.1200903058052063,tensor(9.2049)
4615,46,0.17005927860736847,0.32749634981155396,0.1200903058052063,tensor(9.2049)
4616,46,0.06584011763334274,0.32749634981155396,0.1200903058052063,tensor(9.2049)
4617,46,0.09458658844232559,0.32749634981155396,0.1200903058052063,tensor(9.2049)
4618,46,0.010343298316001892,0.32749634981155396,0.1200903058052063,tensor(9.2049)
4619,46,0.012377887964248657,0.32749634981155396,0.1200903058052063,tensor(9.2049)
4620,46,0.07127846777439117,0.32749634981155396,0.1200903058052063,tensor(9.2049)
4621,46,0.06801915168762207,0.32749634981155396,0.1200903058052063,tensor(9.2049)
4622,46,0.0033969245851039886,0.32749634981155396,0.1200903058052063,tensor(9.2049)
4623,46,0.06666167080402374,0.32749634981155396,0.1200903058052063,tensor(9.2049)
4624,46,0.34653621912002563,0.32749634981155396,0.1200903058052063,tensor(9.2049)
4625,46,0.11596311628818512,0.32749634981155396,0.1200903058052063,tensor(9.2049)
4626,46,0.21116456389427185,0.32749634981155396,0.1200903058052063,tensor(9.2049)
4627,46,0.0174181517213583,0.32749634981155396,0.1200903058052063,tensor(9.2049)
4628,46,0.0025037641171365976,0.32749634981155396,0.1200903058052063,tensor(9.2049)
4629,46,0.4660645127296448,0.32749634981155396,0.1200903058052063,tensor(9.2049)
4630,46,0.0929887443780899,0.32749634981155396,0.1200903058052063,tensor(9.2049)
4631,46,0.0035797941964119673,0.32749634981155396,0.1200903058052063,tensor(9.2049)
4632,46,0.06891699880361557,0.32749634981155396,0.1200903058052063,tensor(9.2049)
4633,46,0.09399062395095825,0.32749634981155396,0.1200903058052063,tensor(9.2049)
4634,46,0.10362984240055084,0.32749634981155396,0.1200903058052063,tensor(9.2049)
4635,46,0.0031912000849843025,0.32749634981155396,0.1200903058052063,tensor(9.2049)
4636,46,0.00720240268856287,0.32749634981155396,0.1200903058052063,tensor(9.2049)
4637,46,0.0846354067325592,0.32749634981155396,0.1200903058052063,tensor(9.2049)
4638,46,0.055061329156160355,0.32749634981155396,0.1200903058052063,tensor(9.2049)
4639,46,0.006861031521111727,0.32749634981155396,0.1200903058052063,tensor(9.2049)
4640,46,0.018103206530213356,0.32749634981155396,0.1200903058052063,tensor(9.2049)
4641,46,0.033082760870456696,0.32749634981155396,0.1200903058052063,tensor(9.2049)
4642,46,0.28004416823387146,0.32749634981155396,0.1200903058052063,tensor(9.2049)
4643,46,0.024792511016130447,0.32749634981155396,0.1200903058052063,tensor(9.2049)
4644,46,0.01736811175942421,0.32749634981155396,0.1200903058052063,tensor(9.2049)
4645,46,0.04123515635728836,0.32749634981155396,0.1200903058052063,tensor(9.2049)
4646,46,0.007032688707113266,0.32749634981155396,0.1200903058052063,tensor(9.2049)
4647,46,0.06147565692663193,0.32749634981155396,0.1200903058052063,tensor(9.2049)
4648,46,0.7619572877883911,0.32749634981155396,0.1200903058052063,tensor(9.2049)
4649,46,0.050693877041339874,0.32749634981155396,0.1200903058052063,tensor(9.2049)
4650,46,0.02824717015028,0.32749634981155396,0.1200903058052063,tensor(9.2049)
4651,46,0.05345096439123154,0.32749634981155396,0.1200903058052063,tensor(9.2049)
4652,46,0.011015597730875015,0.32749634981155396,0.1200903058052063,tensor(9.2049)
4653,46,0.03554607182741165,0.32749634981155396,0.1200903058052063,tensor(9.2049)
4654,46,0.09537068009376526,0.32749634981155396,0.1200903058052063,tensor(9.2049)
4655,46,0.2161976397037506,0.32749634981155396,0.1200903058052063,tensor(9.2049)
4656,46,0.02008368819952011,0.32749634981155396,0.1200903058052063,tensor(9.2049)
4657,46,0.07001461833715439,0.32749634981155396,0.1200903058052063,tensor(9.2049)
4658,46,0.11175490915775299,0.32749634981155396,0.1200903058052063,tensor(9.2049)
4659,46,0.33569270372390747,0.32749634981155396,0.1200903058052063,tensor(9.2049)
4660,46,0.1079631820321083,0.32749634981155396,0.1200903058052063,tensor(9.2049)
4661,46,0.009737508371472359,0.32749634981155396,0.1200903058052063,tensor(9.2049)
4662,46,0.09309899806976318,0.32749634981155396,0.1200903058052063,tensor(9.2049)
4663,46,0.21552106738090515,0.32749634981155396,0.1200903058052063,tensor(9.2049)
4664,46,0.002824316266924143,0.32749634981155396,0.1200903058052063,tensor(9.2049)
4665,46,0.13191291689872742,0.32749634981155396,0.1200903058052063,tensor(9.2049)
4666,46,0.12342922389507294,0.32749634981155396,0.1200903058052063,tensor(9.2049)
4667,46,0.0032801185734570026,0.32749634981155396,0.1200903058052063,tensor(9.2049)
4668,46,0.011921606957912445,0.32749634981155396,0.1200903058052063,tensor(9.2049)
4669,46,0.7284272909164429,0.32749634981155396,0.1200903058052063,tensor(9.2049)
4670,46,0.006215374451130629,0.32749634981155396,0.1200903058052063,tensor(9.2049)
4671,46,0.06561892479658127,0.32749634981155396,0.1200903058052063,tensor(9.2049)
4672,46,0.18416179716587067,0.32749634981155396,0.1200903058052063,tensor(9.2049)
4673,46,0.028642384335398674,0.32749634981155396,0.1200903058052063,tensor(9.2049)
4674,46,0.253034770488739,0.32749634981155396,0.1200903058052063,tensor(9.2049)
4675,46,0.0430673286318779,0.32749634981155396,0.1200903058052063,tensor(9.2049)
4676,46,0.004363752901554108,0.32749634981155396,0.1200903058052063,tensor(9.2049)
4677,46,0.16376978158950806,0.32749634981155396,0.1200903058052063,tensor(9.2049)
4678,46,0.3357214033603668,0.32749634981155396,0.1200903058052063,tensor(9.2049)
4679,46,0.10404688119888306,0.32749634981155396,0.1200903058052063,tensor(9.2049)
4680,46,0.013602576218545437,0.32749634981155396,0.1200903058052063,tensor(9.2049)
4681,46,0.004081353545188904,0.32749634981155396,0.1200903058052063,tensor(9.2049)
4682,46,0.007631868589669466,0.32749634981155396,0.1200903058052063,tensor(9.2049)
4683,46,0.017900243401527405,0.32749634981155396,0.1200903058052063,tensor(9.2049)
4684,46,0.009363013319671154,0.32749634981155396,0.1200903058052063,tensor(9.2049)
4685,46,0.13943231105804443,0.32749634981155396,0.1200903058052063,tensor(9.2049)
4686,46,0.19749405980110168,0.32749634981155396,0.1200903058052063,tensor(9.2049)
4687,46,0.05366569012403488,0.32749634981155396,0.1200903058052063,tensor(9.2049)
4688,46,0.05491570755839348,0.32749634981155396,0.1200903058052063,tensor(9.2049)
4689,46,0.3452962338924408,0.32749634981155396,0.1200903058052063,tensor(9.2049)
4690,46,0.025287389755249023,0.32749634981155396,0.1200903058052063,tensor(9.2049)
4691,46,0.014903618022799492,0.32749634981155396,0.1200903058052063,tensor(9.2049)
4692,46,0.02362964302301407,0.32749634981155396,0.1200903058052063,tensor(9.2049)
4693,46,0.02362964302301407,0.09887219965457916,0.1200903058052063,tensor(9.2049)
4694,46,0.02362964302301407,0.011986155062913895,0.1200903058052063,tensor(9.2049)
4695,46,0.13879656791687012,0.011986155062913895,0.1200903058052063,tensor(9.2049)
4695,47,0.13879656791687012,0.011986155062913895,0.050937067717313766,tensor(12.9297)
4696,47,0.11498494446277618,0.011986155062913895,0.050937067717313766,tensor(12.9297)
4697,47,0.6743230223655701,0.011986155062913895,0.050937067717313766,tensor(12.9297)
4698,47,0.0692589282989502,0.011986155062913895,0.050937067717313766,tensor(12.9297)
4699,47,0.14755861461162567,0.011986155062913895,0.050937067717313766,tensor(12.9297)
4700,47,0.1542886197566986,0.011986155062913895,0.050937067717313766,tensor(12.9297)
4701,47,0.14937275648117065,0.011986155062913895,0.050937067717313766,tensor(12.9297)
4702,47,0.004326792899519205,0.011986155062913895,0.050937067717313766,tensor(12.9297)
4703,47,0.002743498422205448,0.011986155062913895,0.050937067717313766,tensor(12.9297)
4704,47,0.34607967734336853,0.011986155062913895,0.050937067717313766,tensor(12.9297)
4705,47,0.0038473617751151323,0.011986155062913895,0.050937067717313766,tensor(12.9297)
4706,47,0.002771378494799137,0.011986155062913895,0.050937067717313766,tensor(12.9297)
4707,47,0.05793052166700363,0.011986155062913895,0.050937067717313766,tensor(12.9297)
4708,47,0.12111334502696991,0.011986155062913895,0.050937067717313766,tensor(12.9297)
4709,47,0.007068314589560032,0.011986155062913895,0.050937067717313766,tensor(12.9297)
4710,47,0.006509312894195318,0.011986155062913895,0.050937067717313766,tensor(12.9297)
4711,47,0.03471877798438072,0.011986155062913895,0.050937067717313766,tensor(12.9297)
4712,47,0.013242028653621674,0.011986155062913895,0.050937067717313766,tensor(12.9297)
4713,47,0.009650464169681072,0.011986155062913895,0.050937067717313766,tensor(12.9297)
4714,47,0.010796915739774704,0.011986155062913895,0.050937067717313766,tensor(12.9297)
4715,47,0.3529964089393616,0.011986155062913895,0.050937067717313766,tensor(12.9297)
4716,47,0.4228186011314392,0.011986155062913895,0.050937067717313766,tensor(12.9297)
4717,47,0.015127251856029034,0.011986155062913895,0.050937067717313766,tensor(12.9297)
4718,47,0.004048885777592659,0.011986155062913895,0.050937067717313766,tensor(12.9297)
4719,47,0.008588247001171112,0.011986155062913895,0.050937067717313766,tensor(12.9297)
4720,47,0.03380293399095535,0.011986155062913895,0.050937067717313766,tensor(12.9297)
4721,47,0.10951446741819382,0.011986155062913895,0.050937067717313766,tensor(12.9297)
4722,47,0.0024031326174736023,0.011986155062913895,0.050937067717313766,tensor(12.9297)
4723,47,0.32921767234802246,0.011986155062913895,0.050937067717313766,tensor(12.9297)
4724,47,0.1571371853351593,0.011986155062913895,0.050937067717313766,tensor(12.9297)
4725,47,0.08141499012708664,0.011986155062913895,0.050937067717313766,tensor(12.9297)
4726,47,0.00682341493666172,0.011986155062913895,0.050937067717313766,tensor(12.9297)
4727,47,0.22774288058280945,0.011986155062913895,0.050937067717313766,tensor(12.9297)
4728,47,0.03186459094285965,0.011986155062913895,0.050937067717313766,tensor(12.9297)
4729,47,0.11540497839450836,0.011986155062913895,0.050937067717313766,tensor(12.9297)
4730,47,0.02340441197156906,0.011986155062913895,0.050937067717313766,tensor(12.9297)
4731,47,0.07380624860525131,0.011986155062913895,0.050937067717313766,tensor(12.9297)
4732,47,0.13227468729019165,0.011986155062913895,0.050937067717313766,tensor(12.9297)
4733,47,0.007626233156770468,0.011986155062913895,0.050937067717313766,tensor(12.9297)
4734,47,0.4188987612724304,0.011986155062913895,0.050937067717313766,tensor(12.9297)
4735,47,0.05723568797111511,0.011986155062913895,0.050937067717313766,tensor(12.9297)
4736,47,0.10453462600708008,0.011986155062913895,0.050937067717313766,tensor(12.9297)
4737,47,0.016918547451496124,0.011986155062913895,0.050937067717313766,tensor(12.9297)
4738,47,0.013577085919678211,0.011986155062913895,0.050937067717313766,tensor(12.9297)
4739,47,0.07428018748760223,0.011986155062913895,0.050937067717313766,tensor(12.9297)
4740,47,0.07460679113864899,0.011986155062913895,0.050937067717313766,tensor(12.9297)
4741,47,0.0068518053740262985,0.011986155062913895,0.050937067717313766,tensor(12.9297)
4742,47,0.05790730565786362,0.011986155062913895,0.050937067717313766,tensor(12.9297)
4743,47,0.25863540172576904,0.011986155062913895,0.050937067717313766,tensor(12.9297)
4744,47,0.5690535306930542,0.011986155062913895,0.050937067717313766,tensor(12.9297)
4745,47,0.5294204354286194,0.011986155062913895,0.050937067717313766,tensor(12.9297)
4746,47,0.03877617418766022,0.011986155062913895,0.050937067717313766,tensor(12.9297)
4747,47,0.1366160809993744,0.011986155062913895,0.050937067717313766,tensor(12.9297)
4748,47,0.13627707958221436,0.011986155062913895,0.050937067717313766,tensor(12.9297)
4749,47,0.022608526051044464,0.011986155062913895,0.050937067717313766,tensor(12.9297)
4750,47,0.6196001768112183,0.011986155062913895,0.050937067717313766,tensor(12.9297)
4751,47,0.004845628514885902,0.011986155062913895,0.050937067717313766,tensor(12.9297)
4752,47,0.10407769680023193,0.011986155062913895,0.050937067717313766,tensor(12.9297)
4753,47,0.5931733846664429,0.011986155062913895,0.050937067717313766,tensor(12.9297)
4754,47,0.09567438066005707,0.011986155062913895,0.050937067717313766,tensor(12.9297)
4755,47,0.6723130941390991,0.011986155062913895,0.050937067717313766,tensor(12.9297)
4756,47,0.06100175529718399,0.011986155062913895,0.050937067717313766,tensor(12.9297)
4757,47,0.31854262948036194,0.011986155062913895,0.050937067717313766,tensor(12.9297)
4758,47,0.024995924904942513,0.011986155062913895,0.050937067717313766,tensor(12.9297)
4759,47,0.005178173538297415,0.011986155062913895,0.050937067717313766,tensor(12.9297)
4760,47,0.22292140126228333,0.011986155062913895,0.050937067717313766,tensor(12.9297)
4761,47,0.08405014872550964,0.011986155062913895,0.050937067717313766,tensor(12.9297)
4762,47,0.04537446051836014,0.011986155062913895,0.050937067717313766,tensor(12.9297)
4763,47,0.5493581295013428,0.011986155062913895,0.050937067717313766,tensor(12.9297)
4764,47,0.09678450226783752,0.011986155062913895,0.050937067717313766,tensor(12.9297)
4765,47,0.01564876176416874,0.011986155062913895,0.050937067717313766,tensor(12.9297)
4766,47,0.11069569736719131,0.011986155062913895,0.050937067717313766,tensor(12.9297)
4767,47,0.05514245107769966,0.011986155062913895,0.050937067717313766,tensor(12.9297)
4768,47,0.003319310024380684,0.011986155062913895,0.050937067717313766,tensor(12.9297)
4769,47,0.7521334886550903,0.011986155062913895,0.050937067717313766,tensor(12.9297)
4770,47,0.2047518789768219,0.011986155062913895,0.050937067717313766,tensor(12.9297)
4771,47,0.04007769376039505,0.011986155062913895,0.050937067717313766,tensor(12.9297)
4772,47,0.008941089734435081,0.011986155062913895,0.050937067717313766,tensor(12.9297)
4773,47,0.13289132714271545,0.011986155062913895,0.050937067717313766,tensor(12.9297)
4774,47,0.007216791156679392,0.011986155062913895,0.050937067717313766,tensor(12.9297)
4775,47,0.04355712607502937,0.011986155062913895,0.050937067717313766,tensor(12.9297)
4776,47,0.1769450604915619,0.011986155062913895,0.050937067717313766,tensor(12.9297)
4777,47,0.07541828602552414,0.011986155062913895,0.050937067717313766,tensor(12.9297)
4778,47,0.05611594021320343,0.011986155062913895,0.050937067717313766,tensor(12.9297)
4779,47,0.20055294036865234,0.011986155062913895,0.050937067717313766,tensor(12.9297)
4780,47,0.004229349549859762,0.011986155062913895,0.050937067717313766,tensor(12.9297)
4781,47,0.002799165900796652,0.011986155062913895,0.050937067717313766,tensor(12.9297)
4782,47,0.11574803292751312,0.011986155062913895,0.050937067717313766,tensor(12.9297)
4783,47,0.08896023035049438,0.011986155062913895,0.050937067717313766,tensor(12.9297)
4784,47,0.008508026599884033,0.011986155062913895,0.050937067717313766,tensor(12.9297)
4785,47,0.17988476157188416,0.011986155062913895,0.050937067717313766,tensor(12.9297)
4786,47,0.0263054221868515,0.011986155062913895,0.050937067717313766,tensor(12.9297)
4787,47,0.04522629827260971,0.011986155062913895,0.050937067717313766,tensor(12.9297)
4788,47,0.39020082354545593,0.011986155062913895,0.050937067717313766,tensor(12.9297)
4789,47,0.3035074472427368,0.011986155062913895,0.050937067717313766,tensor(12.9297)
4790,47,0.28300678730010986,0.011986155062913895,0.050937067717313766,tensor(12.9297)
4791,47,0.046991560608148575,0.011986155062913895,0.050937067717313766,tensor(12.9297)
4792,47,0.010658953338861465,0.011986155062913895,0.050937067717313766,tensor(12.9297)
4793,47,0.08390465378761292,0.011986155062913895,0.050937067717313766,tensor(12.9297)
4794,47,0.3606179356575012,0.011986155062913895,0.050937067717313766,tensor(12.9297)
4795,47,0.3606179356575012,0.007941776886582375,0.050937067717313766,tensor(12.9297)
4796,47,0.3606179356575012,0.007884367369115353,0.050937067717313766,tensor(12.9297)
4797,47,0.8251866698265076,0.007884367369115353,0.050937067717313766,tensor(12.9297)
4797,48,0.8251866698265076,0.007884367369115353,0.1336051970720291,tensor(8.7418)
4798,48,0.2061794102191925,0.007884367369115353,0.1336051970720291,tensor(8.7418)
4799,48,0.11993014812469482,0.007884367369115353,0.1336051970720291,tensor(8.7418)
4800,48,0.13018955290317535,0.007884367369115353,0.1336051970720291,tensor(8.7418)
4801,48,0.017922788858413696,0.007884367369115353,0.1336051970720291,tensor(8.7418)
4802,48,0.43204617500305176,0.007884367369115353,0.1336051970720291,tensor(8.7418)
4803,48,0.07007577270269394,0.007884367369115353,0.1336051970720291,tensor(8.7418)
4804,48,0.7605714797973633,0.007884367369115353,0.1336051970720291,tensor(8.7418)
4805,48,0.050563786178827286,0.007884367369115353,0.1336051970720291,tensor(8.7418)
4806,48,0.00465793814510107,0.007884367369115353,0.1336051970720291,tensor(8.7418)
4807,48,0.06144934892654419,0.007884367369115353,0.1336051970720291,tensor(8.7418)
4808,48,0.047740302979946136,0.007884367369115353,0.1336051970720291,tensor(8.7418)
4809,48,0.005255131982266903,0.007884367369115353,0.1336051970720291,tensor(8.7418)
4810,48,0.11601139605045319,0.007884367369115353,0.1336051970720291,tensor(8.7418)
4811,48,0.10899993777275085,0.007884367369115353,0.1336051970720291,tensor(8.7418)
4812,48,0.10116995871067047,0.007884367369115353,0.1336051970720291,tensor(8.7418)
4813,48,0.07599843293428421,0.007884367369115353,0.1336051970720291,tensor(8.7418)
4814,48,0.40605372190475464,0.007884367369115353,0.1336051970720291,tensor(8.7418)
4815,48,0.01845598965883255,0.007884367369115353,0.1336051970720291,tensor(8.7418)
4816,48,0.31021589040756226,0.007884367369115353,0.1336051970720291,tensor(8.7418)
4817,48,0.392808735370636,0.007884367369115353,0.1336051970720291,tensor(8.7418)
4818,48,0.04061361029744148,0.007884367369115353,0.1336051970720291,tensor(8.7418)
4819,48,0.011437918990850449,0.007884367369115353,0.1336051970720291,tensor(8.7418)
4820,48,0.4896223247051239,0.007884367369115353,0.1336051970720291,tensor(8.7418)
4821,48,0.09217484295368195,0.007884367369115353,0.1336051970720291,tensor(8.7418)
4822,48,0.011191180907189846,0.007884367369115353,0.1336051970720291,tensor(8.7418)
4823,48,0.051906175911426544,0.007884367369115353,0.1336051970720291,tensor(8.7418)
4824,48,0.4422006607055664,0.007884367369115353,0.1336051970720291,tensor(8.7418)
4825,48,0.399002343416214,0.007884367369115353,0.1336051970720291,tensor(8.7418)
4826,48,0.026655985042452812,0.007884367369115353,0.1336051970720291,tensor(8.7418)
4827,48,0.2200717329978943,0.007884367369115353,0.1336051970720291,tensor(8.7418)
4828,48,0.14845377206802368,0.007884367369115353,0.1336051970720291,tensor(8.7418)
4829,48,0.03128652274608612,0.007884367369115353,0.1336051970720291,tensor(8.7418)
4830,48,0.2193150818347931,0.007884367369115353,0.1336051970720291,tensor(8.7418)
4831,48,1.0887198448181152,0.007884367369115353,0.1336051970720291,tensor(8.7418)
4832,48,0.10604837536811829,0.007884367369115353,0.1336051970720291,tensor(8.7418)
4833,48,0.0143731152638793,0.007884367369115353,0.1336051970720291,tensor(8.7418)
4834,48,0.036209478974342346,0.007884367369115353,0.1336051970720291,tensor(8.7418)
4835,48,0.1970297396183014,0.007884367369115353,0.1336051970720291,tensor(8.7418)
4836,48,0.2121855616569519,0.007884367369115353,0.1336051970720291,tensor(8.7418)
4837,48,0.08269819617271423,0.007884367369115353,0.1336051970720291,tensor(8.7418)
4838,48,0.039561957120895386,0.007884367369115353,0.1336051970720291,tensor(8.7418)
4839,48,0.04766875505447388,0.007884367369115353,0.1336051970720291,tensor(8.7418)
4840,48,0.03244192898273468,0.007884367369115353,0.1336051970720291,tensor(8.7418)
4841,48,0.012271546758711338,0.007884367369115353,0.1336051970720291,tensor(8.7418)
4842,48,0.012102736160159111,0.007884367369115353,0.1336051970720291,tensor(8.7418)
4843,48,0.008909966796636581,0.007884367369115353,0.1336051970720291,tensor(8.7418)
4844,48,0.027906306087970734,0.007884367369115353,0.1336051970720291,tensor(8.7418)
4845,48,0.3009178042411804,0.007884367369115353,0.1336051970720291,tensor(8.7418)
4846,48,0.0046242885291576385,0.007884367369115353,0.1336051970720291,tensor(8.7418)
4847,48,0.3962382674217224,0.007884367369115353,0.1336051970720291,tensor(8.7418)
4848,48,0.4415157437324524,0.007884367369115353,0.1336051970720291,tensor(8.7418)
4849,48,0.031325288116931915,0.007884367369115353,0.1336051970720291,tensor(8.7418)
4850,48,0.01808636449277401,0.007884367369115353,0.1336051970720291,tensor(8.7418)
4851,48,0.005854676477611065,0.007884367369115353,0.1336051970720291,tensor(8.7418)
4852,48,0.12278389930725098,0.007884367369115353,0.1336051970720291,tensor(8.7418)
4853,48,0.05386330187320709,0.007884367369115353,0.1336051970720291,tensor(8.7418)
4854,48,0.08174069970846176,0.007884367369115353,0.1336051970720291,tensor(8.7418)
4855,48,0.07369639724493027,0.007884367369115353,0.1336051970720291,tensor(8.7418)
4856,48,0.08302228152751923,0.007884367369115353,0.1336051970720291,tensor(8.7418)
4857,48,0.01078164391219616,0.007884367369115353,0.1336051970720291,tensor(8.7418)
4858,48,0.005107103381305933,0.007884367369115353,0.1336051970720291,tensor(8.7418)
4859,48,0.2669248580932617,0.007884367369115353,0.1336051970720291,tensor(8.7418)
4860,48,0.04724699258804321,0.007884367369115353,0.1336051970720291,tensor(8.7418)
4861,48,0.5132450461387634,0.007884367369115353,0.1336051970720291,tensor(8.7418)
4862,48,0.03387289494276047,0.007884367369115353,0.1336051970720291,tensor(8.7418)
4863,48,0.03276866674423218,0.007884367369115353,0.1336051970720291,tensor(8.7418)
4864,48,0.005931026767939329,0.007884367369115353,0.1336051970720291,tensor(8.7418)
4865,48,0.15021245181560516,0.007884367369115353,0.1336051970720291,tensor(8.7418)
4866,48,0.01007912214845419,0.007884367369115353,0.1336051970720291,tensor(8.7418)
4867,48,0.040013156831264496,0.007884367369115353,0.1336051970720291,tensor(8.7418)
4868,48,0.07848700135946274,0.007884367369115353,0.1336051970720291,tensor(8.7418)
4869,48,0.07389867305755615,0.007884367369115353,0.1336051970720291,tensor(8.7418)
4870,48,0.014670705422759056,0.007884367369115353,0.1336051970720291,tensor(8.7418)
4871,48,0.6634451150894165,0.007884367369115353,0.1336051970720291,tensor(8.7418)
4872,48,0.09338702261447906,0.007884367369115353,0.1336051970720291,tensor(8.7418)
4873,48,0.08809014409780502,0.007884367369115353,0.1336051970720291,tensor(8.7418)
4874,48,0.007681642659008503,0.007884367369115353,0.1336051970720291,tensor(8.7418)
4875,48,0.0036335554905235767,0.007884367369115353,0.1336051970720291,tensor(8.7418)
4876,48,0.2865241765975952,0.007884367369115353,0.1336051970720291,tensor(8.7418)
4877,48,0.05776267498731613,0.007884367369115353,0.1336051970720291,tensor(8.7418)
4878,48,0.005725555121898651,0.007884367369115353,0.1336051970720291,tensor(8.7418)
4879,48,0.009906266815960407,0.007884367369115353,0.1336051970720291,tensor(8.7418)
4880,48,0.01680000312626362,0.007884367369115353,0.1336051970720291,tensor(8.7418)
4881,48,0.10939072072505951,0.007884367369115353,0.1336051970720291,tensor(8.7418)
4882,48,0.006036701612174511,0.007884367369115353,0.1336051970720291,tensor(8.7418)
4883,48,0.8584927320480347,0.007884367369115353,0.1336051970720291,tensor(8.7418)
4884,48,0.006320924498140812,0.007884367369115353,0.1336051970720291,tensor(8.7418)
4885,48,0.4416854679584503,0.007884367369115353,0.1336051970720291,tensor(8.7418)
4886,48,0.0816773772239685,0.007884367369115353,0.1336051970720291,tensor(8.7418)
4887,48,0.40776878595352173,0.007884367369115353,0.1336051970720291,tensor(8.7418)
4888,48,0.05588924139738083,0.007884367369115353,0.1336051970720291,tensor(8.7418)
4889,48,0.03646416217088699,0.007884367369115353,0.1336051970720291,tensor(8.7418)
4890,48,0.180274099111557,0.007884367369115353,0.1336051970720291,tensor(8.7418)
4891,48,0.061002809554338455,0.007884367369115353,0.1336051970720291,tensor(8.7418)
4892,48,0.2704687714576721,0.007884367369115353,0.1336051970720291,tensor(8.7418)
4893,48,0.019458264112472534,0.007884367369115353,0.1336051970720291,tensor(8.7418)
4894,48,0.0449848398566246,0.007884367369115353,0.1336051970720291,tensor(8.7418)
4895,48,0.022793486714363098,0.007884367369115353,0.1336051970720291,tensor(8.7418)
4896,48,0.022212564945220947,0.007884367369115353,0.1336051970720291,tensor(8.7418)
4897,48,0.022212564945220947,0.022646786645054817,0.1336051970720291,tensor(8.7418)
4898,48,0.022212564945220947,0.006463559810072184,0.1336051970720291,tensor(8.7418)
4899,48,0.004519137553870678,0.006463559810072184,0.1336051970720291,tensor(8.7418)
4899,49,0.004519137553870678,0.006463559810072184,0.20840759575366974,tensor(6.8109)
4900,49,0.02067837491631508,0.006463559810072184,0.20840759575366974,tensor(6.8109)
4901,49,0.22173342108726501,0.006463559810072184,0.20840759575366974,tensor(6.8109)
4902,49,0.04359059780836105,0.006463559810072184,0.20840759575366974,tensor(6.8109)
4903,49,0.038150426000356674,0.006463559810072184,0.20840759575366974,tensor(6.8109)
4904,49,0.03105350211262703,0.006463559810072184,0.20840759575366974,tensor(6.8109)
4905,49,0.009715094231069088,0.006463559810072184,0.20840759575366974,tensor(6.8109)
4906,49,0.10508912801742554,0.006463559810072184,0.20840759575366974,tensor(6.8109)
4907,49,0.3625137507915497,0.006463559810072184,0.20840759575366974,tensor(6.8109)
4908,49,0.16247189044952393,0.006463559810072184,0.20840759575366974,tensor(6.8109)
4909,49,0.049642398953437805,0.006463559810072184,0.20840759575366974,tensor(6.8109)
4910,49,0.009397562593221664,0.006463559810072184,0.20840759575366974,tensor(6.8109)
4911,49,0.40126290917396545,0.006463559810072184,0.20840759575366974,tensor(6.8109)
4912,49,0.005295910872519016,0.006463559810072184,0.20840759575366974,tensor(6.8109)
4913,49,0.011106159538030624,0.006463559810072184,0.20840759575366974,tensor(6.8109)
4914,49,0.2506549060344696,0.006463559810072184,0.20840759575366974,tensor(6.8109)
4915,49,0.004572621546685696,0.006463559810072184,0.20840759575366974,tensor(6.8109)
4916,49,0.0050277309492230415,0.006463559810072184,0.20840759575366974,tensor(6.8109)
4917,49,0.16021977365016937,0.006463559810072184,0.20840759575366974,tensor(6.8109)
4918,49,0.018914181739091873,0.006463559810072184,0.20840759575366974,tensor(6.8109)
4919,49,0.5392031669616699,0.006463559810072184,0.20840759575366974,tensor(6.8109)
4920,49,0.0735374242067337,0.006463559810072184,0.20840759575366974,tensor(6.8109)
4921,49,0.5693960189819336,0.006463559810072184,0.20840759575366974,tensor(6.8109)
4922,49,0.30013126134872437,0.006463559810072184,0.20840759575366974,tensor(6.8109)
4923,49,0.00303669273853302,0.006463559810072184,0.20840759575366974,tensor(6.8109)
4924,49,0.12639649212360382,0.006463559810072184,0.20840759575366974,tensor(6.8109)
4925,49,0.0042041209526360035,0.006463559810072184,0.20840759575366974,tensor(6.8109)
4926,49,0.04075329005718231,0.006463559810072184,0.20840759575366974,tensor(6.8109)
4927,49,0.0823264867067337,0.006463559810072184,0.20840759575366974,tensor(6.8109)
4928,49,0.018550314009189606,0.006463559810072184,0.20840759575366974,tensor(6.8109)
4929,49,0.005760250613093376,0.006463559810072184,0.20840759575366974,tensor(6.8109)
4930,49,0.003836824558675289,0.006463559810072184,0.20840759575366974,tensor(6.8109)
4931,49,0.025760391727089882,0.006463559810072184,0.20840759575366974,tensor(6.8109)
4932,49,0.5417494773864746,0.006463559810072184,0.20840759575366974,tensor(6.8109)
4933,49,0.41736841201782227,0.006463559810072184,0.20840759575366974,tensor(6.8109)
4934,49,0.1773950606584549,0.006463559810072184,0.20840759575366974,tensor(6.8109)
4935,49,0.02102484554052353,0.006463559810072184,0.20840759575366974,tensor(6.8109)
4936,49,0.007276393473148346,0.006463559810072184,0.20840759575366974,tensor(6.8109)
4937,49,0.41257697343826294,0.006463559810072184,0.20840759575366974,tensor(6.8109)
4938,49,0.013232002034783363,0.006463559810072184,0.20840759575366974,tensor(6.8109)
4939,49,0.06478270888328552,0.006463559810072184,0.20840759575366974,tensor(6.8109)
4940,49,0.08456652611494064,0.006463559810072184,0.20840759575366974,tensor(6.8109)
4941,49,0.43268460035324097,0.006463559810072184,0.20840759575366974,tensor(6.8109)
4942,49,0.09183106571435928,0.006463559810072184,0.20840759575366974,tensor(6.8109)
4943,49,0.008264075964689255,0.006463559810072184,0.20840759575366974,tensor(6.8109)
4944,49,0.009669242426753044,0.006463559810072184,0.20840759575366974,tensor(6.8109)
4945,49,0.18477913737297058,0.006463559810072184,0.20840759575366974,tensor(6.8109)
4946,49,0.7626973986625671,0.006463559810072184,0.20840759575366974,tensor(6.8109)
4947,49,0.22523532807826996,0.006463559810072184,0.20840759575366974,tensor(6.8109)
4948,49,0.013552466407418251,0.006463559810072184,0.20840759575366974,tensor(6.8109)
4949,49,0.5194600820541382,0.006463559810072184,0.20840759575366974,tensor(6.8109)
4950,49,0.009575038217008114,0.006463559810072184,0.20840759575366974,tensor(6.8109)
4951,49,0.2873040437698364,0.006463559810072184,0.20840759575366974,tensor(6.8109)
4952,49,0.13320867717266083,0.006463559810072184,0.20840759575366974,tensor(6.8109)
4953,49,0.3114280700683594,0.006463559810072184,0.20840759575366974,tensor(6.8109)
4954,49,0.004718856420367956,0.006463559810072184,0.20840759575366974,tensor(6.8109)
4955,49,0.006826681550592184,0.006463559810072184,0.20840759575366974,tensor(6.8109)
4956,49,0.41848617792129517,0.006463559810072184,0.20840759575366974,tensor(6.8109)
4957,49,0.15584515035152435,0.006463559810072184,0.20840759575366974,tensor(6.8109)
4958,49,0.005028857383877039,0.006463559810072184,0.20840759575366974,tensor(6.8109)
4959,49,0.010254096239805222,0.006463559810072184,0.20840759575366974,tensor(6.8109)
4960,49,0.012073763646185398,0.006463559810072184,0.20840759575366974,tensor(6.8109)
4961,49,0.23994827270507812,0.006463559810072184,0.20840759575366974,tensor(6.8109)
4962,49,0.048828158527612686,0.006463559810072184,0.20840759575366974,tensor(6.8109)
4963,49,0.0979919582605362,0.006463559810072184,0.20840759575366974,tensor(6.8109)
4964,49,0.18493610620498657,0.006463559810072184,0.20840759575366974,tensor(6.8109)
4965,49,0.008233487606048584,0.006463559810072184,0.20840759575366974,tensor(6.8109)
4966,49,0.006203209515661001,0.006463559810072184,0.20840759575366974,tensor(6.8109)
4967,49,0.012959728017449379,0.006463559810072184,0.20840759575366974,tensor(6.8109)
4968,49,0.005422161426395178,0.006463559810072184,0.20840759575366974,tensor(6.8109)
4969,49,0.021019544452428818,0.006463559810072184,0.20840759575366974,tensor(6.8109)
4970,49,0.0031091785058379173,0.006463559810072184,0.20840759575366974,tensor(6.8109)
4971,49,0.2253003567457199,0.006463559810072184,0.20840759575366974,tensor(6.8109)
4972,49,0.1278616040945053,0.006463559810072184,0.20840759575366974,tensor(6.8109)
4973,49,0.007206996437162161,0.006463559810072184,0.20840759575366974,tensor(6.8109)
4974,49,0.003208555979654193,0.006463559810072184,0.20840759575366974,tensor(6.8109)
4975,49,0.3110352158546448,0.006463559810072184,0.20840759575366974,tensor(6.8109)
4976,49,0.01690681092441082,0.006463559810072184,0.20840759575366974,tensor(6.8109)
4977,49,0.008016696199774742,0.006463559810072184,0.20840759575366974,tensor(6.8109)
4978,49,0.003886166727170348,0.006463559810072184,0.20840759575366974,tensor(6.8109)
4979,49,0.039137065410614014,0.006463559810072184,0.20840759575366974,tensor(6.8109)
4980,49,0.03522281348705292,0.006463559810072184,0.20840759575366974,tensor(6.8109)
4981,49,0.20002758502960205,0.006463559810072184,0.20840759575366974,tensor(6.8109)
4982,49,0.09614048153162003,0.006463559810072184,0.20840759575366974,tensor(6.8109)
4983,49,0.015699898824095726,0.006463559810072184,0.20840759575366974,tensor(6.8109)
4984,49,0.09047708660364151,0.006463559810072184,0.20840759575366974,tensor(6.8109)
4985,49,0.002064100932329893,0.006463559810072184,0.20840759575366974,tensor(6.8109)
4986,49,0.09838781505823135,0.006463559810072184,0.20840759575366974,tensor(6.8109)
4987,49,0.05424512177705765,0.006463559810072184,0.20840759575366974,tensor(6.8109)
4988,49,0.05851849913597107,0.006463559810072184,0.20840759575366974,tensor(6.8109)
4989,49,0.12114798277616501,0.006463559810072184,0.20840759575366974,tensor(6.8109)
4990,49,0.22946590185165405,0.006463559810072184,0.20840759575366974,tensor(6.8109)
4991,49,0.0041253394447267056,0.006463559810072184,0.20840759575366974,tensor(6.8109)
4992,49,0.012632856145501137,0.006463559810072184,0.20840759575366974,tensor(6.8109)
4993,49,0.13630108535289764,0.006463559810072184,0.20840759575366974,tensor(6.8109)
4994,49,0.004162637051194906,0.006463559810072184,0.20840759575366974,tensor(6.8109)
4995,49,0.2793591022491455,0.006463559810072184,0.20840759575366974,tensor(6.8109)
4996,49,0.10945156216621399,0.006463559810072184,0.20840759575366974,tensor(6.8109)
4997,49,0.13672921061515808,0.006463559810072184,0.20840759575366974,tensor(6.8109)
4998,49,0.004218504764139652,0.006463559810072184,0.20840759575366974,tensor(6.8109)
4999,49,0.004218504764139652,0.24379649758338928,0.20840759575366974,tensor(6.8109)
5000,49,0.004218504764139652,0.2324676662683487,0.20840759575366974,tensor(6.8109)
5001,49,0.02330266498029232,0.2324676662683487,0.20840759575366974,tensor(6.8109)
5001,50,0.02330266498029232,0.2324676662683487,0.1303078681230545,tensor(8.8503)
5002,50,0.002714428585022688,0.2324676662683487,0.1303078681230545,tensor(8.8503)
5003,50,0.032259322702884674,0.2324676662683487,0.1303078681230545,tensor(8.8503)
5004,50,0.009084286168217659,0.2324676662683487,0.1303078681230545,tensor(8.8503)
5005,50,0.09748317301273346,0.2324676662683487,0.1303078681230545,tensor(8.8503)
5006,50,0.007447495125234127,0.2324676662683487,0.1303078681230545,tensor(8.8503)
5007,50,0.7466566562652588,0.2324676662683487,0.1303078681230545,tensor(8.8503)
5008,50,0.0952628031373024,0.2324676662683487,0.1303078681230545,tensor(8.8503)
5009,50,0.10036972165107727,0.2324676662683487,0.1303078681230545,tensor(8.8503)
5010,50,0.47061213850975037,0.2324676662683487,0.1303078681230545,tensor(8.8503)
5011,50,0.1499892771244049,0.2324676662683487,0.1303078681230545,tensor(8.8503)
5012,50,0.540184736251831,0.2324676662683487,0.1303078681230545,tensor(8.8503)
5013,50,0.2054554522037506,0.2324676662683487,0.1303078681230545,tensor(8.8503)
5014,50,0.0020499988459050655,0.2324676662683487,0.1303078681230545,tensor(8.8503)
5015,50,0.152814581990242,0.2324676662683487,0.1303078681230545,tensor(8.8503)
5016,50,0.011370306834578514,0.2324676662683487,0.1303078681230545,tensor(8.8503)
5017,50,0.6303178071975708,0.2324676662683487,0.1303078681230545,tensor(8.8503)
5018,50,0.0030282435473054647,0.2324676662683487,0.1303078681230545,tensor(8.8503)
5019,50,0.3251483142375946,0.2324676662683487,0.1303078681230545,tensor(8.8503)
5020,50,0.024341896176338196,0.2324676662683487,0.1303078681230545,tensor(8.8503)
5021,50,0.005263485014438629,0.2324676662683487,0.1303078681230545,tensor(8.8503)
5022,50,0.6474813222885132,0.2324676662683487,0.1303078681230545,tensor(8.8503)
5023,50,0.04261381924152374,0.2324676662683487,0.1303078681230545,tensor(8.8503)
5024,50,0.15025052428245544,0.2324676662683487,0.1303078681230545,tensor(8.8503)
5025,50,0.050219930708408356,0.2324676662683487,0.1303078681230545,tensor(8.8503)
5026,50,0.009689705446362495,0.2324676662683487,0.1303078681230545,tensor(8.8503)
5027,50,0.7355875968933105,0.2324676662683487,0.1303078681230545,tensor(8.8503)
5028,50,0.14174948632717133,0.2324676662683487,0.1303078681230545,tensor(8.8503)
5029,50,0.012443002313375473,0.2324676662683487,0.1303078681230545,tensor(8.8503)
5030,50,0.07975905388593674,0.2324676662683487,0.1303078681230545,tensor(8.8503)
5031,50,0.004795487504452467,0.2324676662683487,0.1303078681230545,tensor(8.8503)
5032,50,0.006775909103453159,0.2324676662683487,0.1303078681230545,tensor(8.8503)
5033,50,0.40643686056137085,0.2324676662683487,0.1303078681230545,tensor(8.8503)
5034,50,0.017008472234010696,0.2324676662683487,0.1303078681230545,tensor(8.8503)
5035,50,0.0212093573063612,0.2324676662683487,0.1303078681230545,tensor(8.8503)
5036,50,0.01667085848748684,0.2324676662683487,0.1303078681230545,tensor(8.8503)
5037,50,0.014326230622828007,0.2324676662683487,0.1303078681230545,tensor(8.8503)
5038,50,0.1740712970495224,0.2324676662683487,0.1303078681230545,tensor(8.8503)
5039,50,0.01847589947283268,0.2324676662683487,0.1303078681230545,tensor(8.8503)
5040,50,0.042977966368198395,0.2324676662683487,0.1303078681230545,tensor(8.8503)
5041,50,0.022962462157011032,0.2324676662683487,0.1303078681230545,tensor(8.8503)
5042,50,0.04225549474358559,0.2324676662683487,0.1303078681230545,tensor(8.8503)
5043,50,0.0028352667577564716,0.2324676662683487,0.1303078681230545,tensor(8.8503)
5044,50,0.23752383887767792,0.2324676662683487,0.1303078681230545,tensor(8.8503)
5045,50,0.19799703359603882,0.2324676662683487,0.1303078681230545,tensor(8.8503)
5046,50,0.11370985209941864,0.2324676662683487,0.1303078681230545,tensor(8.8503)
5047,50,0.0060780104249715805,0.2324676662683487,0.1303078681230545,tensor(8.8503)
5048,50,0.021337904036045074,0.2324676662683487,0.1303078681230545,tensor(8.8503)
5049,50,0.13219043612480164,0.2324676662683487,0.1303078681230545,tensor(8.8503)
5050,50,0.02257305011153221,0.2324676662683487,0.1303078681230545,tensor(8.8503)
5051,50,0.6663370132446289,0.2324676662683487,0.1303078681230545,tensor(8.8503)
5052,50,0.5991870164871216,0.2324676662683487,0.1303078681230545,tensor(8.8503)
5053,50,0.0074156164191663265,0.2324676662683487,0.1303078681230545,tensor(8.8503)
5054,50,0.03256797045469284,0.2324676662683487,0.1303078681230545,tensor(8.8503)
5055,50,0.09819746017456055,0.2324676662683487,0.1303078681230545,tensor(8.8503)
5056,50,0.0056433845311403275,0.2324676662683487,0.1303078681230545,tensor(8.8503)
5057,50,0.17472738027572632,0.2324676662683487,0.1303078681230545,tensor(8.8503)
5058,50,0.8216459155082703,0.2324676662683487,0.1303078681230545,tensor(8.8503)
5059,50,0.08335249871015549,0.2324676662683487,0.1303078681230545,tensor(8.8503)
5060,50,0.005156954750418663,0.2324676662683487,0.1303078681230545,tensor(8.8503)
5061,50,0.02507823519408703,0.2324676662683487,0.1303078681230545,tensor(8.8503)
5062,50,0.007918018847703934,0.2324676662683487,0.1303078681230545,tensor(8.8503)
5063,50,0.04712105169892311,0.2324676662683487,0.1303078681230545,tensor(8.8503)
5064,50,0.01029439177364111,0.2324676662683487,0.1303078681230545,tensor(8.8503)
5065,50,0.0963369682431221,0.2324676662683487,0.1303078681230545,tensor(8.8503)
5066,50,0.40732038021087646,0.2324676662683487,0.1303078681230545,tensor(8.8503)
5067,50,0.0026667038910090923,0.2324676662683487,0.1303078681230545,tensor(8.8503)
5068,50,0.46152517199516296,0.2324676662683487,0.1303078681230545,tensor(8.8503)
5069,50,0.1858132779598236,0.2324676662683487,0.1303078681230545,tensor(8.8503)
5070,50,0.017404306679964066,0.2324676662683487,0.1303078681230545,tensor(8.8503)
5071,50,0.035097748041152954,0.2324676662683487,0.1303078681230545,tensor(8.8503)
5072,50,0.005696129985153675,0.2324676662683487,0.1303078681230545,tensor(8.8503)
5073,50,0.1750846654176712,0.2324676662683487,0.1303078681230545,tensor(8.8503)
5074,50,0.08335442841053009,0.2324676662683487,0.1303078681230545,tensor(8.8503)
5075,50,0.023992497473955154,0.2324676662683487,0.1303078681230545,tensor(8.8503)
5076,50,0.0043175313621759415,0.2324676662683487,0.1303078681230545,tensor(8.8503)
5077,50,0.0151669941842556,0.2324676662683487,0.1303078681230545,tensor(8.8503)
5078,50,0.012556415051221848,0.2324676662683487,0.1303078681230545,tensor(8.8503)
5079,50,0.1308530867099762,0.2324676662683487,0.1303078681230545,tensor(8.8503)
5080,50,0.01293434202671051,0.2324676662683487,0.1303078681230545,tensor(8.8503)
5081,50,0.027477681636810303,0.2324676662683487,0.1303078681230545,tensor(8.8503)
5082,50,0.010608110576868057,0.2324676662683487,0.1303078681230545,tensor(8.8503)
5083,50,0.08797483891248703,0.2324676662683487,0.1303078681230545,tensor(8.8503)
5084,50,0.27999699115753174,0.2324676662683487,0.1303078681230545,tensor(8.8503)
5085,50,0.22968125343322754,0.2324676662683487,0.1303078681230545,tensor(8.8503)
5086,50,0.02146492525935173,0.2324676662683487,0.1303078681230545,tensor(8.8503)
5087,50,0.32896560430526733,0.2324676662683487,0.1303078681230545,tensor(8.8503)
5088,50,0.039160724729299545,0.2324676662683487,0.1303078681230545,tensor(8.8503)
5089,50,0.3076013922691345,0.2324676662683487,0.1303078681230545,tensor(8.8503)
5090,50,0.007637970149517059,0.2324676662683487,0.1303078681230545,tensor(8.8503)
5091,50,0.07060135900974274,0.2324676662683487,0.1303078681230545,tensor(8.8503)
5092,50,0.004842126742005348,0.2324676662683487,0.1303078681230545,tensor(8.8503)
5093,50,0.03414103388786316,0.2324676662683487,0.1303078681230545,tensor(8.8503)
5094,50,0.1196724995970726,0.2324676662683487,0.1303078681230545,tensor(8.8503)
5095,50,0.01153986994177103,0.2324676662683487,0.1303078681230545,tensor(8.8503)
5096,50,0.0038086213171482086,0.2324676662683487,0.1303078681230545,tensor(8.8503)
5097,50,0.16311097145080566,0.2324676662683487,0.1303078681230545,tensor(8.8503)
5098,50,0.15334966778755188,0.2324676662683487,0.1303078681230545,tensor(8.8503)
5099,50,0.005796263460069895,0.2324676662683487,0.1303078681230545,tensor(8.8503)
5100,50,0.1994001716375351,0.2324676662683487,0.1303078681230545,tensor(8.8503)
5101,50,0.1994001716375351,0.6879178285598755,0.1303078681230545,tensor(8.8503)
5102,50,0.1994001716375351,0.08196815103292465,0.1303078681230545,tensor(8.8503)
5103,50,0.023867167532444,0.08196815103292465,0.1303078681230545,tensor(8.8503)
5103,51,0.023867167532444,0.08196815103292465,0.3387265205383301,tensor(4.7015)
5104,51,0.014282654039561749,0.08196815103292465,0.3387265205383301,tensor(4.7015)
5105,51,0.3580581247806549,0.08196815103292465,0.3387265205383301,tensor(4.7015)
5106,51,0.04606204479932785,0.08196815103292465,0.3387265205383301,tensor(4.7015)
5107,51,0.016066240146756172,0.08196815103292465,0.3387265205383301,tensor(4.7015)
5108,51,0.058018654584884644,0.08196815103292465,0.3387265205383301,tensor(4.7015)
5109,51,0.0852719396352768,0.08196815103292465,0.3387265205383301,tensor(4.7015)
5110,51,0.12309445440769196,0.08196815103292465,0.3387265205383301,tensor(4.7015)
5111,51,0.5487660765647888,0.08196815103292465,0.3387265205383301,tensor(4.7015)
5112,51,0.3130314350128174,0.08196815103292465,0.3387265205383301,tensor(4.7015)
5113,51,0.23107430338859558,0.08196815103292465,0.3387265205383301,tensor(4.7015)
5114,51,0.494451105594635,0.08196815103292465,0.3387265205383301,tensor(4.7015)
5115,51,0.286293089389801,0.08196815103292465,0.3387265205383301,tensor(4.7015)
5116,51,0.11565414071083069,0.08196815103292465,0.3387265205383301,tensor(4.7015)
5117,51,0.024660829454660416,0.08196815103292465,0.3387265205383301,tensor(4.7015)
5118,51,0.08472241461277008,0.08196815103292465,0.3387265205383301,tensor(4.7015)
5119,51,0.5410089492797852,0.08196815103292465,0.3387265205383301,tensor(4.7015)
5120,51,0.0049453251995146275,0.08196815103292465,0.3387265205383301,tensor(4.7015)
5121,51,0.009257346391677856,0.08196815103292465,0.3387265205383301,tensor(4.7015)
5122,51,0.46118634939193726,0.08196815103292465,0.3387265205383301,tensor(4.7015)
5123,51,0.004385341890156269,0.08196815103292465,0.3387265205383301,tensor(4.7015)
5124,51,0.019256828352808952,0.08196815103292465,0.3387265205383301,tensor(4.7015)
5125,51,0.011358266696333885,0.08196815103292465,0.3387265205383301,tensor(4.7015)
5126,51,0.09136813879013062,0.08196815103292465,0.3387265205383301,tensor(4.7015)
5127,51,0.07007776200771332,0.08196815103292465,0.3387265205383301,tensor(4.7015)
5128,51,0.2790999114513397,0.08196815103292465,0.3387265205383301,tensor(4.7015)
5129,51,0.23421132564544678,0.08196815103292465,0.3387265205383301,tensor(4.7015)
5130,51,0.005719838663935661,0.08196815103292465,0.3387265205383301,tensor(4.7015)
5131,51,0.10865896940231323,0.08196815103292465,0.3387265205383301,tensor(4.7015)
5132,51,0.0083540640771389,0.08196815103292465,0.3387265205383301,tensor(4.7015)
5133,51,0.5180259943008423,0.08196815103292465,0.3387265205383301,tensor(4.7015)
5134,51,0.08410011231899261,0.08196815103292465,0.3387265205383301,tensor(4.7015)
5135,51,0.11483864486217499,0.08196815103292465,0.3387265205383301,tensor(4.7015)
5136,51,0.007336216978728771,0.08196815103292465,0.3387265205383301,tensor(4.7015)
5137,51,0.16974741220474243,0.08196815103292465,0.3387265205383301,tensor(4.7015)
5138,51,0.00862705148756504,0.08196815103292465,0.3387265205383301,tensor(4.7015)
5139,51,0.04834892973303795,0.08196815103292465,0.3387265205383301,tensor(4.7015)
5140,51,0.004649282433092594,0.08196815103292465,0.3387265205383301,tensor(4.7015)
5141,51,0.021167155355215073,0.08196815103292465,0.3387265205383301,tensor(4.7015)
5142,51,0.1551845371723175,0.08196815103292465,0.3387265205383301,tensor(4.7015)
5143,51,0.06616764515638351,0.08196815103292465,0.3387265205383301,tensor(4.7015)
5144,51,0.3225572109222412,0.08196815103292465,0.3387265205383301,tensor(4.7015)
5145,51,0.004546922631561756,0.08196815103292465,0.3387265205383301,tensor(4.7015)
5146,51,0.19828638434410095,0.08196815103292465,0.3387265205383301,tensor(4.7015)
5147,51,0.1171603798866272,0.08196815103292465,0.3387265205383301,tensor(4.7015)
5148,51,0.5305079221725464,0.08196815103292465,0.3387265205383301,tensor(4.7015)
5149,51,0.22552525997161865,0.08196815103292465,0.3387265205383301,tensor(4.7015)
5150,51,0.7109609246253967,0.08196815103292465,0.3387265205383301,tensor(4.7015)
5151,51,0.4177930951118469,0.08196815103292465,0.3387265205383301,tensor(4.7015)
5152,51,0.025278529152274132,0.08196815103292465,0.3387265205383301,tensor(4.7015)
5153,51,0.3300415873527527,0.08196815103292465,0.3387265205383301,tensor(4.7015)
5154,51,0.01800595410168171,0.08196815103292465,0.3387265205383301,tensor(4.7015)
5155,51,0.1442188024520874,0.08196815103292465,0.3387265205383301,tensor(4.7015)
5156,51,0.019031815230846405,0.08196815103292465,0.3387265205383301,tensor(4.7015)
5157,51,0.21567964553833008,0.08196815103292465,0.3387265205383301,tensor(4.7015)
5158,51,0.8342941999435425,0.08196815103292465,0.3387265205383301,tensor(4.7015)
5159,51,0.18168334662914276,0.08196815103292465,0.3387265205383301,tensor(4.7015)
5160,51,0.08911899477243423,0.08196815103292465,0.3387265205383301,tensor(4.7015)
5161,51,0.03748474642634392,0.08196815103292465,0.3387265205383301,tensor(4.7015)
5162,51,0.06376956403255463,0.08196815103292465,0.3387265205383301,tensor(4.7015)
5163,51,0.2070634961128235,0.08196815103292465,0.3387265205383301,tensor(4.7015)
5164,51,0.10505585372447968,0.08196815103292465,0.3387265205383301,tensor(4.7015)
5165,51,0.020283719524741173,0.08196815103292465,0.3387265205383301,tensor(4.7015)
5166,51,0.005594614893198013,0.08196815103292465,0.3387265205383301,tensor(4.7015)
5167,51,0.03690917044878006,0.08196815103292465,0.3387265205383301,tensor(4.7015)
5168,51,0.38732439279556274,0.08196815103292465,0.3387265205383301,tensor(4.7015)
5169,51,0.02304184064269066,0.08196815103292465,0.3387265205383301,tensor(4.7015)
5170,51,0.023770060390233994,0.08196815103292465,0.3387265205383301,tensor(4.7015)
5171,51,0.017127417027950287,0.08196815103292465,0.3387265205383301,tensor(4.7015)
5172,51,0.02755492553114891,0.08196815103292465,0.3387265205383301,tensor(4.7015)
5173,51,0.06123942509293556,0.08196815103292465,0.3387265205383301,tensor(4.7015)
5174,51,0.17025092244148254,0.08196815103292465,0.3387265205383301,tensor(4.7015)
5175,51,0.06943553686141968,0.08196815103292465,0.3387265205383301,tensor(4.7015)
5176,51,0.4319329857826233,0.08196815103292465,0.3387265205383301,tensor(4.7015)
5177,51,0.05885520577430725,0.08196815103292465,0.3387265205383301,tensor(4.7015)
5178,51,0.13416653871536255,0.08196815103292465,0.3387265205383301,tensor(4.7015)
5179,51,0.08593753725290298,0.08196815103292465,0.3387265205383301,tensor(4.7015)
5180,51,0.025263845920562744,0.08196815103292465,0.3387265205383301,tensor(4.7015)
5181,51,0.00556397158652544,0.08196815103292465,0.3387265205383301,tensor(4.7015)
5182,51,0.01837998814880848,0.08196815103292465,0.3387265205383301,tensor(4.7015)
5183,51,0.04040897637605667,0.08196815103292465,0.3387265205383301,tensor(4.7015)
5184,51,0.009284327737987041,0.08196815103292465,0.3387265205383301,tensor(4.7015)
5185,51,0.4368438422679901,0.08196815103292465,0.3387265205383301,tensor(4.7015)
5186,51,0.010671178810298443,0.08196815103292465,0.3387265205383301,tensor(4.7015)
5187,51,0.017105361446738243,0.08196815103292465,0.3387265205383301,tensor(4.7015)
5188,51,0.17467279732227325,0.08196815103292465,0.3387265205383301,tensor(4.7015)
5189,51,0.7640243172645569,0.08196815103292465,0.3387265205383301,tensor(4.7015)
5190,51,0.014195969328284264,0.08196815103292465,0.3387265205383301,tensor(4.7015)
5191,51,0.22530809044837952,0.08196815103292465,0.3387265205383301,tensor(4.7015)
5192,51,0.010098518803715706,0.08196815103292465,0.3387265205383301,tensor(4.7015)
5193,51,0.17067405581474304,0.08196815103292465,0.3387265205383301,tensor(4.7015)
5194,51,0.018977012485265732,0.08196815103292465,0.3387265205383301,tensor(4.7015)
5195,51,0.00463692145422101,0.08196815103292465,0.3387265205383301,tensor(4.7015)
5196,51,0.18856342136859894,0.08196815103292465,0.3387265205383301,tensor(4.7015)
5197,51,0.003704275470227003,0.08196815103292465,0.3387265205383301,tensor(4.7015)
5198,51,0.5465812683105469,0.08196815103292465,0.3387265205383301,tensor(4.7015)
5199,51,0.018631720915436745,0.08196815103292465,0.3387265205383301,tensor(4.7015)
5200,51,0.4506836533546448,0.08196815103292465,0.3387265205383301,tensor(4.7015)
5201,51,0.2733895182609558,0.08196815103292465,0.3387265205383301,tensor(4.7015)
5202,51,0.030198795720934868,0.08196815103292465,0.3387265205383301,tensor(4.7015)
5203,51,0.030198795720934868,0.23203684389591217,0.3387265205383301,tensor(4.7015)
5204,51,0.030198795720934868,0.834837794303894,0.3387265205383301,tensor(4.7015)
5205,51,0.007518721744418144,0.834837794303894,0.3387265205383301,tensor(4.7015)
5205,52,0.007518721744418144,0.834837794303894,0.10163524001836777,tensor(9.9296)
5206,52,0.16832184791564941,0.834837794303894,0.10163524001836777,tensor(9.9296)
5207,52,0.24555857479572296,0.834837794303894,0.10163524001836777,tensor(9.9296)
5208,52,0.6628905534744263,0.834837794303894,0.10163524001836777,tensor(9.9296)
5209,52,0.03301708772778511,0.834837794303894,0.10163524001836777,tensor(9.9296)
5210,52,0.005436399020254612,0.834837794303894,0.10163524001836777,tensor(9.9296)
5211,52,0.5051826238632202,0.834837794303894,0.10163524001836777,tensor(9.9296)
5212,52,0.252893328666687,0.834837794303894,0.10163524001836777,tensor(9.9296)
5213,52,0.10204426199197769,0.834837794303894,0.10163524001836777,tensor(9.9296)
5214,52,0.14390027523040771,0.834837794303894,0.10163524001836777,tensor(9.9296)
5215,52,0.2395007610321045,0.834837794303894,0.10163524001836777,tensor(9.9296)
5216,52,0.004974641837179661,0.834837794303894,0.10163524001836777,tensor(9.9296)
5217,52,0.0528780072927475,0.834837794303894,0.10163524001836777,tensor(9.9296)
5218,52,0.010427804663777351,0.834837794303894,0.10163524001836777,tensor(9.9296)
5219,52,0.06392690539360046,0.834837794303894,0.10163524001836777,tensor(9.9296)
5220,52,0.02912978269159794,0.834837794303894,0.10163524001836777,tensor(9.9296)
5221,52,0.023032544180750847,0.834837794303894,0.10163524001836777,tensor(9.9296)
5222,52,0.09491117298603058,0.834837794303894,0.10163524001836777,tensor(9.9296)
5223,52,0.005294065922498703,0.834837794303894,0.10163524001836777,tensor(9.9296)
5224,52,0.19263246655464172,0.834837794303894,0.10163524001836777,tensor(9.9296)
5225,52,0.05664098262786865,0.834837794303894,0.10163524001836777,tensor(9.9296)
5226,52,0.6775250434875488,0.834837794303894,0.10163524001836777,tensor(9.9296)
5227,52,0.11783002316951752,0.834837794303894,0.10163524001836777,tensor(9.9296)
5228,52,0.008117491379380226,0.834837794303894,0.10163524001836777,tensor(9.9296)
5229,52,0.14074020087718964,0.834837794303894,0.10163524001836777,tensor(9.9296)
5230,52,0.008784182369709015,0.834837794303894,0.10163524001836777,tensor(9.9296)
5231,52,0.010639173910021782,0.834837794303894,0.10163524001836777,tensor(9.9296)
5232,52,0.07141393423080444,0.834837794303894,0.10163524001836777,tensor(9.9296)
5233,52,0.010541385971009731,0.834837794303894,0.10163524001836777,tensor(9.9296)
5234,52,0.9388428926467896,0.834837794303894,0.10163524001836777,tensor(9.9296)
5235,52,0.08861886709928513,0.834837794303894,0.10163524001836777,tensor(9.9296)
5236,52,0.078519806265831,0.834837794303894,0.10163524001836777,tensor(9.9296)
5237,52,0.0039028357714414597,0.834837794303894,0.10163524001836777,tensor(9.9296)
5238,52,0.16655059158802032,0.834837794303894,0.10163524001836777,tensor(9.9296)
5239,52,0.95745849609375,0.834837794303894,0.10163524001836777,tensor(9.9296)
5240,52,0.11302629113197327,0.834837794303894,0.10163524001836777,tensor(9.9296)
5241,52,0.31232693791389465,0.834837794303894,0.10163524001836777,tensor(9.9296)
5242,52,0.04816914722323418,0.834837794303894,0.10163524001836777,tensor(9.9296)
5243,52,0.24430522322654724,0.834837794303894,0.10163524001836777,tensor(9.9296)
5244,52,0.015370586887001991,0.834837794303894,0.10163524001836777,tensor(9.9296)
5245,52,0.06990457326173782,0.834837794303894,0.10163524001836777,tensor(9.9296)
5246,52,0.01949707791209221,0.834837794303894,0.10163524001836777,tensor(9.9296)
5247,52,0.01693671941757202,0.834837794303894,0.10163524001836777,tensor(9.9296)
5248,52,0.10268816351890564,0.834837794303894,0.10163524001836777,tensor(9.9296)
5249,52,0.009659849107265472,0.834837794303894,0.10163524001836777,tensor(9.9296)
5250,52,0.4921512007713318,0.834837794303894,0.10163524001836777,tensor(9.9296)
5251,52,0.6440663933753967,0.834837794303894,0.10163524001836777,tensor(9.9296)
5252,52,0.04330168664455414,0.834837794303894,0.10163524001836777,tensor(9.9296)
5253,52,0.005954161752015352,0.834837794303894,0.10163524001836777,tensor(9.9296)
5254,52,0.020715724676847458,0.834837794303894,0.10163524001836777,tensor(9.9296)
5255,52,0.2236306369304657,0.834837794303894,0.10163524001836777,tensor(9.9296)
5256,52,0.004516621120274067,0.834837794303894,0.10163524001836777,tensor(9.9296)
5257,52,0.00310325319878757,0.834837794303894,0.10163524001836777,tensor(9.9296)
5258,52,0.20938794314861298,0.834837794303894,0.10163524001836777,tensor(9.9296)
5259,52,0.16897420585155487,0.834837794303894,0.10163524001836777,tensor(9.9296)
5260,52,0.3949194848537445,0.834837794303894,0.10163524001836777,tensor(9.9296)
5261,52,0.015613818541169167,0.834837794303894,0.10163524001836777,tensor(9.9296)
5262,52,0.0076511516235768795,0.834837794303894,0.10163524001836777,tensor(9.9296)
5263,52,0.7838090062141418,0.834837794303894,0.10163524001836777,tensor(9.9296)
5264,52,0.06665652990341187,0.834837794303894,0.10163524001836777,tensor(9.9296)
5265,52,0.13422098755836487,0.834837794303894,0.10163524001836777,tensor(9.9296)
5266,52,0.5305679440498352,0.834837794303894,0.10163524001836777,tensor(9.9296)
5267,52,0.009627941995859146,0.834837794303894,0.10163524001836777,tensor(9.9296)
5268,52,0.013899210840463638,0.834837794303894,0.10163524001836777,tensor(9.9296)
5269,52,0.21791337430477142,0.834837794303894,0.10163524001836777,tensor(9.9296)
5270,52,0.006250446196645498,0.834837794303894,0.10163524001836777,tensor(9.9296)
5271,52,0.012213618494570255,0.834837794303894,0.10163524001836777,tensor(9.9296)
5272,52,0.01081746257841587,0.834837794303894,0.10163524001836777,tensor(9.9296)
5273,52,0.04846338927745819,0.834837794303894,0.10163524001836777,tensor(9.9296)
5274,52,0.0039191171526908875,0.834837794303894,0.10163524001836777,tensor(9.9296)
5275,52,0.04303044080734253,0.834837794303894,0.10163524001836777,tensor(9.9296)
5276,52,0.039257172495126724,0.834837794303894,0.10163524001836777,tensor(9.9296)
5277,52,0.2785816788673401,0.834837794303894,0.10163524001836777,tensor(9.9296)
5278,52,0.205714151263237,0.834837794303894,0.10163524001836777,tensor(9.9296)
5279,52,0.06578957289457321,0.834837794303894,0.10163524001836777,tensor(9.9296)
5280,52,0.3422800302505493,0.834837794303894,0.10163524001836777,tensor(9.9296)
5281,52,0.18707439303398132,0.834837794303894,0.10163524001836777,tensor(9.9296)
5282,52,0.009843101724982262,0.834837794303894,0.10163524001836777,tensor(9.9296)
5283,52,0.07990763336420059,0.834837794303894,0.10163524001836777,tensor(9.9296)
5284,52,0.1245437040925026,0.834837794303894,0.10163524001836777,tensor(9.9296)
5285,52,0.016335535794496536,0.834837794303894,0.10163524001836777,tensor(9.9296)
5286,52,0.016514360904693604,0.834837794303894,0.10163524001836777,tensor(9.9296)
5287,52,0.004004017449915409,0.834837794303894,0.10163524001836777,tensor(9.9296)
5288,52,0.1263008713722229,0.834837794303894,0.10163524001836777,tensor(9.9296)
5289,52,0.22320343554019928,0.834837794303894,0.10163524001836777,tensor(9.9296)
5290,52,0.7938768863677979,0.834837794303894,0.10163524001836777,tensor(9.9296)
5291,52,0.005610603839159012,0.834837794303894,0.10163524001836777,tensor(9.9296)
5292,52,0.19498419761657715,0.834837794303894,0.10163524001836777,tensor(9.9296)
5293,52,0.018778467550873756,0.834837794303894,0.10163524001836777,tensor(9.9296)
5294,52,0.19380922615528107,0.834837794303894,0.10163524001836777,tensor(9.9296)
5295,52,0.6897268295288086,0.834837794303894,0.10163524001836777,tensor(9.9296)
5296,52,0.3249596953392029,0.834837794303894,0.10163524001836777,tensor(9.9296)
5297,52,0.12579800188541412,0.834837794303894,0.10163524001836777,tensor(9.9296)
5298,52,0.5197130441665649,0.834837794303894,0.10163524001836777,tensor(9.9296)
5299,52,0.010453915223479271,0.834837794303894,0.10163524001836777,tensor(9.9296)
5300,52,0.004593099933117628,0.834837794303894,0.10163524001836777,tensor(9.9296)
5301,52,0.0785050094127655,0.834837794303894,0.10163524001836777,tensor(9.9296)
5302,52,0.011545632965862751,0.834837794303894,0.10163524001836777,tensor(9.9296)
5303,52,0.018415063619613647,0.834837794303894,0.10163524001836777,tensor(9.9296)
5304,52,0.004167876206338406,0.834837794303894,0.10163524001836777,tensor(9.9296)
5305,52,0.004167876206338406,0.2653069794178009,0.10163524001836777,tensor(9.9296)
5306,52,0.004167876206338406,0.04083549231290817,0.10163524001836777,tensor(9.9296)
5307,52,0.021213922649621964,0.04083549231290817,0.10163524001836777,tensor(9.9296)
5307,53,0.021213922649621964,0.04083549231290817,0.0853920504450798,tensor(10.6858)
5308,53,0.06959795951843262,0.04083549231290817,0.0853920504450798,tensor(10.6858)
5309,53,0.5479322671890259,0.04083549231290817,0.0853920504450798,tensor(10.6858)
5310,53,0.038380250334739685,0.04083549231290817,0.0853920504450798,tensor(10.6858)
5311,53,0.03505465388298035,0.04083549231290817,0.0853920504450798,tensor(10.6858)
5312,53,0.004496450070291758,0.04083549231290817,0.0853920504450798,tensor(10.6858)
5313,53,0.023225143551826477,0.04083549231290817,0.0853920504450798,tensor(10.6858)
5314,53,0.5437318086624146,0.04083549231290817,0.0853920504450798,tensor(10.6858)
5315,53,0.08073598146438599,0.04083549231290817,0.0853920504450798,tensor(10.6858)
5316,53,0.04495087265968323,0.04083549231290817,0.0853920504450798,tensor(10.6858)
5317,53,0.1757580190896988,0.04083549231290817,0.0853920504450798,tensor(10.6858)
5318,53,0.23157832026481628,0.04083549231290817,0.0853920504450798,tensor(10.6858)
5319,53,0.004158555530011654,0.04083549231290817,0.0853920504450798,tensor(10.6858)
5320,53,0.42533862590789795,0.04083549231290817,0.0853920504450798,tensor(10.6858)
5321,53,0.01216598879545927,0.04083549231290817,0.0853920504450798,tensor(10.6858)
5322,53,0.020963355898857117,0.04083549231290817,0.0853920504450798,tensor(10.6858)
5323,53,0.1440519392490387,0.04083549231290817,0.0853920504450798,tensor(10.6858)
5324,53,0.0032494147308170795,0.04083549231290817,0.0853920504450798,tensor(10.6858)
5325,53,0.18805663287639618,0.04083549231290817,0.0853920504450798,tensor(10.6858)
5326,53,0.03469402715563774,0.04083549231290817,0.0853920504450798,tensor(10.6858)
5327,53,0.010049284435808659,0.04083549231290817,0.0853920504450798,tensor(10.6858)
5328,53,0.007148801349103451,0.04083549231290817,0.0853920504450798,tensor(10.6858)
5329,53,0.0079928794875741,0.04083549231290817,0.0853920504450798,tensor(10.6858)
5330,53,0.07567591965198517,0.04083549231290817,0.0853920504450798,tensor(10.6858)
5331,53,0.01621176302433014,0.04083549231290817,0.0853920504450798,tensor(10.6858)
5332,53,0.005756435915827751,0.04083549231290817,0.0853920504450798,tensor(10.6858)
5333,53,0.0069554653018713,0.04083549231290817,0.0853920504450798,tensor(10.6858)
5334,53,0.25404930114746094,0.04083549231290817,0.0853920504450798,tensor(10.6858)
5335,53,0.02341676503419876,0.04083549231290817,0.0853920504450798,tensor(10.6858)
5336,53,0.00699812825769186,0.04083549231290817,0.0853920504450798,tensor(10.6858)
5337,53,0.0036750517319887877,0.04083549231290817,0.0853920504450798,tensor(10.6858)
5338,53,0.2344011515378952,0.04083549231290817,0.0853920504450798,tensor(10.6858)
5339,53,0.12455445528030396,0.04083549231290817,0.0853920504450798,tensor(10.6858)
5340,53,0.008003568276762962,0.04083549231290817,0.0853920504450798,tensor(10.6858)
5341,53,0.5884498357772827,0.04083549231290817,0.0853920504450798,tensor(10.6858)
5342,53,0.044944342225790024,0.04083549231290817,0.0853920504450798,tensor(10.6858)
5343,53,0.0014793600421398878,0.04083549231290817,0.0853920504450798,tensor(10.6858)
5344,53,0.33167535066604614,0.04083549231290817,0.0853920504450798,tensor(10.6858)
5345,53,0.11378201097249985,0.04083549231290817,0.0853920504450798,tensor(10.6858)
5346,53,0.020432692021131516,0.04083549231290817,0.0853920504450798,tensor(10.6858)
5347,53,0.060209233313798904,0.04083549231290817,0.0853920504450798,tensor(10.6858)
5348,53,0.7211525440216064,0.04083549231290817,0.0853920504450798,tensor(10.6858)
5349,53,0.0352841392159462,0.04083549231290817,0.0853920504450798,tensor(10.6858)
5350,53,0.14939568936824799,0.04083549231290817,0.0853920504450798,tensor(10.6858)
5351,53,0.033661238849163055,0.04083549231290817,0.0853920504450798,tensor(10.6858)
5352,53,0.03311938792467117,0.04083549231290817,0.0853920504450798,tensor(10.6858)
5353,53,0.004579153377562761,0.04083549231290817,0.0853920504450798,tensor(10.6858)
5354,53,0.007476051338016987,0.04083549231290817,0.0853920504450798,tensor(10.6858)
5355,53,0.007378238253295422,0.04083549231290817,0.0853920504450798,tensor(10.6858)
5356,53,0.00920928455889225,0.04083549231290817,0.0853920504450798,tensor(10.6858)
5357,53,0.026051677763462067,0.04083549231290817,0.0853920504450798,tensor(10.6858)
5358,53,0.13341398537158966,0.04083549231290817,0.0853920504450798,tensor(10.6858)
5359,53,0.022198401391506195,0.04083549231290817,0.0853920504450798,tensor(10.6858)
5360,53,0.27620142698287964,0.04083549231290817,0.0853920504450798,tensor(10.6858)
5361,53,0.507686972618103,0.04083549231290817,0.0853920504450798,tensor(10.6858)
5362,53,0.3426184058189392,0.04083549231290817,0.0853920504450798,tensor(10.6858)
5363,53,0.013684350997209549,0.04083549231290817,0.0853920504450798,tensor(10.6858)
5364,53,0.007580490782856941,0.04083549231290817,0.0853920504450798,tensor(10.6858)
5365,53,0.10269074887037277,0.04083549231290817,0.0853920504450798,tensor(10.6858)
5366,53,0.02011948823928833,0.04083549231290817,0.0853920504450798,tensor(10.6858)
5367,53,0.10293315351009369,0.04083549231290817,0.0853920504450798,tensor(10.6858)
5368,53,0.04676300287246704,0.04083549231290817,0.0853920504450798,tensor(10.6858)
5369,53,0.0036269030533730984,0.04083549231290817,0.0853920504450798,tensor(10.6858)
5370,53,0.005117963068187237,0.04083549231290817,0.0853920504450798,tensor(10.6858)
5371,53,0.013711048290133476,0.04083549231290817,0.0853920504450798,tensor(10.6858)
5372,53,0.006467030383646488,0.04083549231290817,0.0853920504450798,tensor(10.6858)
5373,53,0.06972428411245346,0.04083549231290817,0.0853920504450798,tensor(10.6858)
5374,53,0.40770241618156433,0.04083549231290817,0.0853920504450798,tensor(10.6858)
5375,53,0.03675118088722229,0.04083549231290817,0.0853920504450798,tensor(10.6858)
5376,53,0.044216662645339966,0.04083549231290817,0.0853920504450798,tensor(10.6858)
5377,53,0.09704667329788208,0.04083549231290817,0.0853920504450798,tensor(10.6858)
5378,53,0.04704076796770096,0.04083549231290817,0.0853920504450798,tensor(10.6858)
5379,53,0.004521885886788368,0.04083549231290817,0.0853920504450798,tensor(10.6858)
5380,53,0.11633839458227158,0.04083549231290817,0.0853920504450798,tensor(10.6858)
5381,53,0.04100842401385307,0.04083549231290817,0.0853920504450798,tensor(10.6858)
5382,53,0.00774488877505064,0.04083549231290817,0.0853920504450798,tensor(10.6858)
5383,53,0.1391652524471283,0.04083549231290817,0.0853920504450798,tensor(10.6858)
5384,53,0.023290235549211502,0.04083549231290817,0.0853920504450798,tensor(10.6858)
5385,53,0.01180543564260006,0.04083549231290817,0.0853920504450798,tensor(10.6858)
5386,53,0.014494838193058968,0.04083549231290817,0.0853920504450798,tensor(10.6858)
5387,53,0.5216720104217529,0.04083549231290817,0.0853920504450798,tensor(10.6858)
5388,53,0.027908025309443474,0.04083549231290817,0.0853920504450798,tensor(10.6858)
5389,53,0.0068570515140891075,0.04083549231290817,0.0853920504450798,tensor(10.6858)
5390,53,0.0064089335501194,0.04083549231290817,0.0853920504450798,tensor(10.6858)
5391,53,0.02113517001271248,0.04083549231290817,0.0853920504450798,tensor(10.6858)
5392,53,0.021923521533608437,0.04083549231290817,0.0853920504450798,tensor(10.6858)
5393,53,0.02016669139266014,0.04083549231290817,0.0853920504450798,tensor(10.6858)
5394,53,0.3988812565803528,0.04083549231290817,0.0853920504450798,tensor(10.6858)
5395,53,0.23703843355178833,0.04083549231290817,0.0853920504450798,tensor(10.6858)
5396,53,0.00627259723842144,0.04083549231290817,0.0853920504450798,tensor(10.6858)
5397,53,0.18336375057697296,0.04083549231290817,0.0853920504450798,tensor(10.6858)
5398,53,0.039114631712436676,0.04083549231290817,0.0853920504450798,tensor(10.6858)
5399,53,0.0683373212814331,0.04083549231290817,0.0853920504450798,tensor(10.6858)
5400,53,0.009831891395151615,0.04083549231290817,0.0853920504450798,tensor(10.6858)
5401,53,0.08884824812412262,0.04083549231290817,0.0853920504450798,tensor(10.6858)
5402,53,0.020220445469021797,0.04083549231290817,0.0853920504450798,tensor(10.6858)
5403,53,0.31951257586479187,0.04083549231290817,0.0853920504450798,tensor(10.6858)
5404,53,0.1628352701663971,0.04083549231290817,0.0853920504450798,tensor(10.6858)
5405,53,0.33991336822509766,0.04083549231290817,0.0853920504450798,tensor(10.6858)
5406,53,0.1454019844532013,0.04083549231290817,0.0853920504450798,tensor(10.6858)
5407,53,0.1454019844532013,0.10224464535713196,0.0853920504450798,tensor(10.6858)
5408,53,0.1454019844532013,0.1517150104045868,0.0853920504450798,tensor(10.6858)
5409,53,0.32988226413726807,0.1517150104045868,0.0853920504450798,tensor(10.6858)
5409,54,0.32988226413726807,0.1517150104045868,0.08195310086011887,tensor(10.8643)
5410,54,0.023462869226932526,0.1517150104045868,0.08195310086011887,tensor(10.8643)
5411,54,0.30845409631729126,0.1517150104045868,0.08195310086011887,tensor(10.8643)
5412,54,0.00920453853905201,0.1517150104045868,0.08195310086011887,tensor(10.8643)
5413,54,0.07875944674015045,0.1517150104045868,0.08195310086011887,tensor(10.8643)
5414,54,0.5893441438674927,0.1517150104045868,0.08195310086011887,tensor(10.8643)
5415,54,0.028458235785365105,0.1517150104045868,0.08195310086011887,tensor(10.8643)
5416,54,0.005286474712193012,0.1517150104045868,0.08195310086011887,tensor(10.8643)
5417,54,0.5066932439804077,0.1517150104045868,0.08195310086011887,tensor(10.8643)
5418,54,0.07557747513055801,0.1517150104045868,0.08195310086011887,tensor(10.8643)
5419,54,0.13357225060462952,0.1517150104045868,0.08195310086011887,tensor(10.8643)
5420,54,0.011551959440112114,0.1517150104045868,0.08195310086011887,tensor(10.8643)
5421,54,0.05864916369318962,0.1517150104045868,0.08195310086011887,tensor(10.8643)
5422,54,0.01599685102701187,0.1517150104045868,0.08195310086011887,tensor(10.8643)
5423,54,0.16491270065307617,0.1517150104045868,0.08195310086011887,tensor(10.8643)
5424,54,0.003961007576435804,0.1517150104045868,0.08195310086011887,tensor(10.8643)
5425,54,0.018058734014630318,0.1517150104045868,0.08195310086011887,tensor(10.8643)
5426,54,0.02705683372914791,0.1517150104045868,0.08195310086011887,tensor(10.8643)
5427,54,0.20762860774993896,0.1517150104045868,0.08195310086011887,tensor(10.8643)
5428,54,0.009323745034635067,0.1517150104045868,0.08195310086011887,tensor(10.8643)
5429,54,0.027978096157312393,0.1517150104045868,0.08195310086011887,tensor(10.8643)
5430,54,0.012403750792145729,0.1517150104045868,0.08195310086011887,tensor(10.8643)
5431,54,0.008031496778130531,0.1517150104045868,0.08195310086011887,tensor(10.8643)
5432,54,0.07891528308391571,0.1517150104045868,0.08195310086011887,tensor(10.8643)
5433,54,1.0974786281585693,0.1517150104045868,0.08195310086011887,tensor(10.8643)
5434,54,0.0033315811306238174,0.1517150104045868,0.08195310086011887,tensor(10.8643)
5435,54,0.029572907835245132,0.1517150104045868,0.08195310086011887,tensor(10.8643)
5436,54,0.12208062410354614,0.1517150104045868,0.08195310086011887,tensor(10.8643)
5437,54,0.0066710058599710464,0.1517150104045868,0.08195310086011887,tensor(10.8643)
5438,54,0.11945118010044098,0.1517150104045868,0.08195310086011887,tensor(10.8643)
5439,54,0.7359355688095093,0.1517150104045868,0.08195310086011887,tensor(10.8643)
5440,54,0.08954229205846786,0.1517150104045868,0.08195310086011887,tensor(10.8643)
5441,54,0.018795359879732132,0.1517150104045868,0.08195310086011887,tensor(10.8643)
5442,54,0.6854534149169922,0.1517150104045868,0.08195310086011887,tensor(10.8643)
5443,54,0.005245679523795843,0.1517150104045868,0.08195310086011887,tensor(10.8643)
5444,54,0.011971568688750267,0.1517150104045868,0.08195310086011887,tensor(10.8643)
5445,54,0.19097988307476044,0.1517150104045868,0.08195310086011887,tensor(10.8643)
5446,54,0.07981640845537186,0.1517150104045868,0.08195310086011887,tensor(10.8643)
5447,54,0.1903819739818573,0.1517150104045868,0.08195310086011887,tensor(10.8643)
5448,54,0.2240142524242401,0.1517150104045868,0.08195310086011887,tensor(10.8643)
5449,54,0.036216575652360916,0.1517150104045868,0.08195310086011887,tensor(10.8643)
5450,54,0.5923811197280884,0.1517150104045868,0.08195310086011887,tensor(10.8643)
5451,54,0.15002478659152985,0.1517150104045868,0.08195310086011887,tensor(10.8643)
5452,54,0.26278990507125854,0.1517150104045868,0.08195310086011887,tensor(10.8643)
5453,54,0.00886850617825985,0.1517150104045868,0.08195310086011887,tensor(10.8643)
5454,54,0.12582510709762573,0.1517150104045868,0.08195310086011887,tensor(10.8643)
5455,54,0.09255583584308624,0.1517150104045868,0.08195310086011887,tensor(10.8643)
5456,54,0.21821653842926025,0.1517150104045868,0.08195310086011887,tensor(10.8643)
5457,54,0.070541612803936,0.1517150104045868,0.08195310086011887,tensor(10.8643)
5458,54,0.15204846858978271,0.1517150104045868,0.08195310086011887,tensor(10.8643)
5459,54,0.013645058497786522,0.1517150104045868,0.08195310086011887,tensor(10.8643)
5460,54,0.05163270980119705,0.1517150104045868,0.08195310086011887,tensor(10.8643)
5461,54,0.1095685362815857,0.1517150104045868,0.08195310086011887,tensor(10.8643)
5462,54,0.24663692712783813,0.1517150104045868,0.08195310086011887,tensor(10.8643)
5463,54,0.044430822134017944,0.1517150104045868,0.08195310086011887,tensor(10.8643)
5464,54,0.011868273839354515,0.1517150104045868,0.08195310086011887,tensor(10.8643)
5465,54,0.014794863760471344,0.1517150104045868,0.08195310086011887,tensor(10.8643)
5466,54,0.00726131210103631,0.1517150104045868,0.08195310086011887,tensor(10.8643)
5467,54,0.0031905747018754482,0.1517150104045868,0.08195310086011887,tensor(10.8643)
5468,54,0.003450082615017891,0.1517150104045868,0.08195310086011887,tensor(10.8643)
5469,54,0.05013866350054741,0.1517150104045868,0.08195310086011887,tensor(10.8643)
5470,54,0.39332547783851624,0.1517150104045868,0.08195310086011887,tensor(10.8643)
5471,54,0.009634274058043957,0.1517150104045868,0.08195310086011887,tensor(10.8643)
5472,54,0.2773084044456482,0.1517150104045868,0.08195310086011887,tensor(10.8643)
5473,54,0.1519957333803177,0.1517150104045868,0.08195310086011887,tensor(10.8643)
5474,54,0.03783367574214935,0.1517150104045868,0.08195310086011887,tensor(10.8643)
5475,54,0.3146052658557892,0.1517150104045868,0.08195310086011887,tensor(10.8643)
5476,54,0.021816005930304527,0.1517150104045868,0.08195310086011887,tensor(10.8643)
5477,54,0.02117246575653553,0.1517150104045868,0.08195310086011887,tensor(10.8643)
5478,54,0.010206880047917366,0.1517150104045868,0.08195310086011887,tensor(10.8643)
5479,54,0.029424646869301796,0.1517150104045868,0.08195310086011887,tensor(10.8643)
5480,54,0.014249661937355995,0.1517150104045868,0.08195310086011887,tensor(10.8643)
5481,54,0.16793939471244812,0.1517150104045868,0.08195310086011887,tensor(10.8643)
5482,54,0.37226349115371704,0.1517150104045868,0.08195310086011887,tensor(10.8643)
5483,54,0.01122368685901165,0.1517150104045868,0.08195310086011887,tensor(10.8643)
5484,54,0.14676129817962646,0.1517150104045868,0.08195310086011887,tensor(10.8643)
5485,54,0.16769954562187195,0.1517150104045868,0.08195310086011887,tensor(10.8643)
5486,54,0.0031367680057883263,0.1517150104045868,0.08195310086011887,tensor(10.8643)
5487,54,0.020871039479970932,0.1517150104045868,0.08195310086011887,tensor(10.8643)
5488,54,0.05536095052957535,0.1517150104045868,0.08195310086011887,tensor(10.8643)
5489,54,0.04523936286568642,0.1517150104045868,0.08195310086011887,tensor(10.8643)
5490,54,0.5434557199478149,0.1517150104045868,0.08195310086011887,tensor(10.8643)
5491,54,0.009409526363015175,0.1517150104045868,0.08195310086011887,tensor(10.8643)
5492,54,0.0024542503524571657,0.1517150104045868,0.08195310086011887,tensor(10.8643)
5493,54,0.009672861546278,0.1517150104045868,0.08195310086011887,tensor(10.8643)
5494,54,0.08772526681423187,0.1517150104045868,0.08195310086011887,tensor(10.8643)
5495,54,0.006162325385957956,0.1517150104045868,0.08195310086011887,tensor(10.8643)
5496,54,0.10819335281848907,0.1517150104045868,0.08195310086011887,tensor(10.8643)
5497,54,0.007570192217826843,0.1517150104045868,0.08195310086011887,tensor(10.8643)
5498,54,0.027134254574775696,0.1517150104045868,0.08195310086011887,tensor(10.8643)
5499,54,0.004059496335685253,0.1517150104045868,0.08195310086011887,tensor(10.8643)
5500,54,0.09860184788703918,0.1517150104045868,0.08195310086011887,tensor(10.8643)
5501,54,0.092441126704216,0.1517150104045868,0.08195310086011887,tensor(10.8643)
5502,54,0.005668661091476679,0.1517150104045868,0.08195310086011887,tensor(10.8643)
5503,54,0.007153468206524849,0.1517150104045868,0.08195310086011887,tensor(10.8643)
5504,54,0.4430069625377655,0.1517150104045868,0.08195310086011887,tensor(10.8643)
5505,54,0.013290700502693653,0.1517150104045868,0.08195310086011887,tensor(10.8643)
5506,54,0.013275157660245895,0.1517150104045868,0.08195310086011887,tensor(10.8643)
5507,54,0.17119720578193665,0.1517150104045868,0.08195310086011887,tensor(10.8643)
5508,54,0.02153044566512108,0.1517150104045868,0.08195310086011887,tensor(10.8643)
5509,54,0.02153044566512108,0.051405712962150574,0.08195310086011887,tensor(10.8643)
5510,54,0.02153044566512108,0.3476073741912842,0.08195310086011887,tensor(10.8643)
5511,54,0.004364571534097195,0.3476073741912842,0.08195310086011887,tensor(10.8643)
5511,55,0.004364571534097195,0.3476073741912842,0.07568173855543137,tensor(11.2101)
5512,55,0.009603740647435188,0.3476073741912842,0.07568173855543137,tensor(11.2101)
5513,55,0.003025412792339921,0.3476073741912842,0.07568173855543137,tensor(11.2101)
5514,55,0.003474058350548148,0.3476073741912842,0.07568173855543137,tensor(11.2101)
5515,55,0.01559530384838581,0.3476073741912842,0.07568173855543137,tensor(11.2101)
5516,55,0.04052603244781494,0.3476073741912842,0.07568173855543137,tensor(11.2101)
5517,55,0.004319536965340376,0.3476073741912842,0.07568173855543137,tensor(11.2101)
5518,55,0.3267970681190491,0.3476073741912842,0.07568173855543137,tensor(11.2101)
5519,55,0.09401793032884598,0.3476073741912842,0.07568173855543137,tensor(11.2101)
5520,55,0.8080110549926758,0.3476073741912842,0.07568173855543137,tensor(11.2101)
5521,55,0.02983756735920906,0.3476073741912842,0.07568173855543137,tensor(11.2101)
5522,55,0.6603032946586609,0.3476073741912842,0.07568173855543137,tensor(11.2101)
5523,55,0.02119007520377636,0.3476073741912842,0.07568173855543137,tensor(11.2101)
5524,55,0.021993719041347504,0.3476073741912842,0.07568173855543137,tensor(11.2101)
5525,55,0.01105145737528801,0.3476073741912842,0.07568173855543137,tensor(11.2101)
5526,55,0.3001706302165985,0.3476073741912842,0.07568173855543137,tensor(11.2101)
5527,55,0.038236334919929504,0.3476073741912842,0.07568173855543137,tensor(11.2101)
5528,55,0.008511628024280071,0.3476073741912842,0.07568173855543137,tensor(11.2101)
5529,55,0.08239702880382538,0.3476073741912842,0.07568173855543137,tensor(11.2101)
5530,55,0.007882781326770782,0.3476073741912842,0.07568173855543137,tensor(11.2101)
5531,55,0.0812428891658783,0.3476073741912842,0.07568173855543137,tensor(11.2101)
5532,55,0.015392955392599106,0.3476073741912842,0.07568173855543137,tensor(11.2101)
5533,55,0.25840672850608826,0.3476073741912842,0.07568173855543137,tensor(11.2101)
5534,55,0.23152759671211243,0.3476073741912842,0.07568173855543137,tensor(11.2101)
5535,55,0.05463894084095955,0.3476073741912842,0.07568173855543137,tensor(11.2101)
5536,55,0.03034863993525505,0.3476073741912842,0.07568173855543137,tensor(11.2101)
5537,55,0.18047459423542023,0.3476073741912842,0.07568173855543137,tensor(11.2101)
5538,55,0.0046662818640470505,0.3476073741912842,0.07568173855543137,tensor(11.2101)
5539,55,0.1463927924633026,0.3476073741912842,0.07568173855543137,tensor(11.2101)
5540,55,0.04903972148895264,0.3476073741912842,0.07568173855543137,tensor(11.2101)
5541,55,0.007809000555425882,0.3476073741912842,0.07568173855543137,tensor(11.2101)
5542,55,0.016895286738872528,0.3476073741912842,0.07568173855543137,tensor(11.2101)
5543,55,0.07881832122802734,0.3476073741912842,0.07568173855543137,tensor(11.2101)
5544,55,0.008664492517709732,0.3476073741912842,0.07568173855543137,tensor(11.2101)
5545,55,0.34663164615631104,0.3476073741912842,0.07568173855543137,tensor(11.2101)
5546,55,0.03329630196094513,0.3476073741912842,0.07568173855543137,tensor(11.2101)
5547,55,0.14798499643802643,0.3476073741912842,0.07568173855543137,tensor(11.2101)
5548,55,0.1406814455986023,0.3476073741912842,0.07568173855543137,tensor(11.2101)
5549,55,0.010708123445510864,0.3476073741912842,0.07568173855543137,tensor(11.2101)
5550,55,0.015763796865940094,0.3476073741912842,0.07568173855543137,tensor(11.2101)
5551,55,0.8122840523719788,0.3476073741912842,0.07568173855543137,tensor(11.2101)
5552,55,0.08999338746070862,0.3476073741912842,0.07568173855543137,tensor(11.2101)
5553,55,0.03331102430820465,0.3476073741912842,0.07568173855543137,tensor(11.2101)
5554,55,0.006242531351745129,0.3476073741912842,0.07568173855543137,tensor(11.2101)
5555,55,0.035638757050037384,0.3476073741912842,0.07568173855543137,tensor(11.2101)
5556,55,0.018070653080940247,0.3476073741912842,0.07568173855543137,tensor(11.2101)
5557,55,0.029973521828651428,0.3476073741912842,0.07568173855543137,tensor(11.2101)
5558,55,0.5446363091468811,0.3476073741912842,0.07568173855543137,tensor(11.2101)
5559,55,0.01747281476855278,0.3476073741912842,0.07568173855543137,tensor(11.2101)
5560,55,0.027315489947795868,0.3476073741912842,0.07568173855543137,tensor(11.2101)
5561,55,0.0517410933971405,0.3476073741912842,0.07568173855543137,tensor(11.2101)
5562,55,0.023427709937095642,0.3476073741912842,0.07568173855543137,tensor(11.2101)
5563,55,0.002803444629535079,0.3476073741912842,0.07568173855543137,tensor(11.2101)
5564,55,0.11601932346820831,0.3476073741912842,0.07568173855543137,tensor(11.2101)
5565,55,0.002588999457657337,0.3476073741912842,0.07568173855543137,tensor(11.2101)
5566,55,0.13284030556678772,0.3476073741912842,0.07568173855543137,tensor(11.2101)
5567,55,0.2289765179157257,0.3476073741912842,0.07568173855543137,tensor(11.2101)
5568,55,0.6413099765777588,0.3476073741912842,0.07568173855543137,tensor(11.2101)
5569,55,0.031001612544059753,0.3476073741912842,0.07568173855543137,tensor(11.2101)
5570,55,0.25399619340896606,0.3476073741912842,0.07568173855543137,tensor(11.2101)
5571,55,0.005172924604266882,0.3476073741912842,0.07568173855543137,tensor(11.2101)
5572,55,0.14044007658958435,0.3476073741912842,0.07568173855543137,tensor(11.2101)
5573,55,0.09353059530258179,0.3476073741912842,0.07568173855543137,tensor(11.2101)
5574,55,0.03445463255047798,0.3476073741912842,0.07568173855543137,tensor(11.2101)
5575,55,0.5677902698516846,0.3476073741912842,0.07568173855543137,tensor(11.2101)
5576,55,0.005838519893586636,0.3476073741912842,0.07568173855543137,tensor(11.2101)
5577,55,0.021184831857681274,0.3476073741912842,0.07568173855543137,tensor(11.2101)
5578,55,0.09349557757377625,0.3476073741912842,0.07568173855543137,tensor(11.2101)
5579,55,0.026955708861351013,0.3476073741912842,0.07568173855543137,tensor(11.2101)
5580,55,0.004216467030346394,0.3476073741912842,0.07568173855543137,tensor(11.2101)
5581,55,0.07695624232292175,0.3476073741912842,0.07568173855543137,tensor(11.2101)
5582,55,0.1868683397769928,0.3476073741912842,0.07568173855543137,tensor(11.2101)
5583,55,0.013557905331254005,0.3476073741912842,0.07568173855543137,tensor(11.2101)
5584,55,0.03411275893449783,0.3476073741912842,0.07568173855543137,tensor(11.2101)
5585,55,0.1374092400074005,0.3476073741912842,0.07568173855543137,tensor(11.2101)
5586,55,0.011425667442381382,0.3476073741912842,0.07568173855543137,tensor(11.2101)
5587,55,0.0065572671592235565,0.3476073741912842,0.07568173855543137,tensor(11.2101)
5588,55,0.034484438598155975,0.3476073741912842,0.07568173855543137,tensor(11.2101)
5589,55,0.021595753729343414,0.3476073741912842,0.07568173855543137,tensor(11.2101)
5590,55,0.00679877121001482,0.3476073741912842,0.07568173855543137,tensor(11.2101)
5591,55,0.43770021200180054,0.3476073741912842,0.07568173855543137,tensor(11.2101)
5592,55,0.00486907409504056,0.3476073741912842,0.07568173855543137,tensor(11.2101)
5593,55,0.1209472268819809,0.3476073741912842,0.07568173855543137,tensor(11.2101)
5594,55,0.03715882450342178,0.3476073741912842,0.07568173855543137,tensor(11.2101)
5595,55,0.08667316287755966,0.3476073741912842,0.07568173855543137,tensor(11.2101)
5596,55,0.06620392203330994,0.3476073741912842,0.07568173855543137,tensor(11.2101)
5597,55,0.07946480810642242,0.3476073741912842,0.07568173855543137,tensor(11.2101)
5598,55,0.958060085773468,0.3476073741912842,0.07568173855543137,tensor(11.2101)
5599,55,0.016895199194550514,0.3476073741912842,0.07568173855543137,tensor(11.2101)
5600,55,0.07049798965454102,0.3476073741912842,0.07568173855543137,tensor(11.2101)
5601,55,0.02559329755604267,0.3476073741912842,0.07568173855543137,tensor(11.2101)
5602,55,0.013684655539691448,0.3476073741912842,0.07568173855543137,tensor(11.2101)
5603,55,0.0364091619849205,0.3476073741912842,0.07568173855543137,tensor(11.2101)
5604,55,0.21247407793998718,0.3476073741912842,0.07568173855543137,tensor(11.2101)
5605,55,0.06405174732208252,0.3476073741912842,0.07568173855543137,tensor(11.2101)
5606,55,0.0021270480938255787,0.3476073741912842,0.07568173855543137,tensor(11.2101)
5607,55,0.2652895152568817,0.3476073741912842,0.07568173855543137,tensor(11.2101)
5608,55,0.007501617074012756,0.3476073741912842,0.07568173855543137,tensor(11.2101)
5609,55,0.007347553502768278,0.3476073741912842,0.07568173855543137,tensor(11.2101)
5610,55,0.030639972537755966,0.3476073741912842,0.07568173855543137,tensor(11.2101)
5611,55,0.030639972537755966,0.01731325127184391,0.07568173855543137,tensor(11.2101)
5612,55,0.030639972537755966,0.052681323140859604,0.07568173855543137,tensor(11.2101)
5613,55,0.006484379060566425,0.052681323140859604,0.07568173855543137,tensor(11.2101)
5613,56,0.006484379060566425,0.052681323140859604,0.036772843450307846,tensor(14.3447)
5614,56,0.01739387959241867,0.052681323140859604,0.036772843450307846,tensor(14.3447)
5615,56,0.04577245935797691,0.052681323140859604,0.036772843450307846,tensor(14.3447)
5616,56,0.5347074270248413,0.052681323140859604,0.036772843450307846,tensor(14.3447)
5617,56,0.05551786720752716,0.052681323140859604,0.036772843450307846,tensor(14.3447)
5618,56,0.03636053204536438,0.052681323140859604,0.036772843450307846,tensor(14.3447)
5619,56,0.16113534569740295,0.052681323140859604,0.036772843450307846,tensor(14.3447)
5620,56,0.3376801908016205,0.052681323140859604,0.036772843450307846,tensor(14.3447)
5621,56,0.01818620041012764,0.052681323140859604,0.036772843450307846,tensor(14.3447)
5622,56,0.030685024335980415,0.052681323140859604,0.036772843450307846,tensor(14.3447)
5623,56,0.19931288063526154,0.052681323140859604,0.036772843450307846,tensor(14.3447)
5624,56,0.00876274798065424,0.052681323140859604,0.036772843450307846,tensor(14.3447)
5625,56,0.24440427124500275,0.052681323140859604,0.036772843450307846,tensor(14.3447)
5626,56,0.16924335062503815,0.052681323140859604,0.036772843450307846,tensor(14.3447)
5627,56,0.6942747831344604,0.052681323140859604,0.036772843450307846,tensor(14.3447)
5628,56,0.2624770402908325,0.052681323140859604,0.036772843450307846,tensor(14.3447)
5629,56,0.03039362281560898,0.052681323140859604,0.036772843450307846,tensor(14.3447)
5630,56,0.14240574836730957,0.052681323140859604,0.036772843450307846,tensor(14.3447)
5631,56,0.3264123797416687,0.052681323140859604,0.036772843450307846,tensor(14.3447)
5632,56,0.5045877695083618,0.052681323140859604,0.036772843450307846,tensor(14.3447)
5633,56,0.051140256226062775,0.052681323140859604,0.036772843450307846,tensor(14.3447)
5634,56,0.006246762350201607,0.052681323140859604,0.036772843450307846,tensor(14.3447)
5635,56,0.048133932054042816,0.052681323140859604,0.036772843450307846,tensor(14.3447)
5636,56,0.009694678708910942,0.052681323140859604,0.036772843450307846,tensor(14.3447)
5637,56,0.009641267359256744,0.052681323140859604,0.036772843450307846,tensor(14.3447)
5638,56,0.011338530108332634,0.052681323140859604,0.036772843450307846,tensor(14.3447)
5639,56,0.36173826456069946,0.052681323140859604,0.036772843450307846,tensor(14.3447)
5640,56,0.008352119475603104,0.052681323140859604,0.036772843450307846,tensor(14.3447)
5641,56,0.009217312559485435,0.052681323140859604,0.036772843450307846,tensor(14.3447)
5642,56,0.034254178404808044,0.052681323140859604,0.036772843450307846,tensor(14.3447)
5643,56,0.41432350873947144,0.052681323140859604,0.036772843450307846,tensor(14.3447)
5644,56,0.017660101875662804,0.052681323140859604,0.036772843450307846,tensor(14.3447)
5645,56,0.14785850048065186,0.052681323140859604,0.036772843450307846,tensor(14.3447)
5646,56,0.0649663656949997,0.052681323140859604,0.036772843450307846,tensor(14.3447)
5647,56,0.035105545073747635,0.052681323140859604,0.036772843450307846,tensor(14.3447)
5648,56,0.17646701633930206,0.052681323140859604,0.036772843450307846,tensor(14.3447)
5649,56,0.47390156984329224,0.052681323140859604,0.036772843450307846,tensor(14.3447)
5650,56,0.19736067950725555,0.052681323140859604,0.036772843450307846,tensor(14.3447)
5651,56,0.03792371228337288,0.052681323140859604,0.036772843450307846,tensor(14.3447)
5652,56,0.07705097645521164,0.052681323140859604,0.036772843450307846,tensor(14.3447)
5653,56,0.6782805919647217,0.052681323140859604,0.036772843450307846,tensor(14.3447)
5654,56,0.06474083662033081,0.052681323140859604,0.036772843450307846,tensor(14.3447)
5655,56,0.09009292721748352,0.052681323140859604,0.036772843450307846,tensor(14.3447)
5656,56,0.006704776547849178,0.052681323140859604,0.036772843450307846,tensor(14.3447)
5657,56,0.03358229249715805,0.052681323140859604,0.036772843450307846,tensor(14.3447)
5658,56,0.05212486535310745,0.052681323140859604,0.036772843450307846,tensor(14.3447)
5659,56,0.011302080936729908,0.052681323140859604,0.036772843450307846,tensor(14.3447)
5660,56,0.13795346021652222,0.052681323140859604,0.036772843450307846,tensor(14.3447)
5661,56,0.06116797775030136,0.052681323140859604,0.036772843450307846,tensor(14.3447)
5662,56,0.24124908447265625,0.052681323140859604,0.036772843450307846,tensor(14.3447)
5663,56,0.3925502598285675,0.052681323140859604,0.036772843450307846,tensor(14.3447)
5664,56,0.20640352368354797,0.052681323140859604,0.036772843450307846,tensor(14.3447)
5665,56,0.1653769612312317,0.052681323140859604,0.036772843450307846,tensor(14.3447)
5666,56,0.2926837205886841,0.052681323140859604,0.036772843450307846,tensor(14.3447)
5667,56,0.8618748188018799,0.052681323140859604,0.036772843450307846,tensor(14.3447)
5668,56,0.04986531287431717,0.052681323140859604,0.036772843450307846,tensor(14.3447)
5669,56,0.008919289335608482,0.052681323140859604,0.036772843450307846,tensor(14.3447)
5670,56,0.19807325303554535,0.052681323140859604,0.036772843450307846,tensor(14.3447)
5671,56,0.012122094631195068,0.052681323140859604,0.036772843450307846,tensor(14.3447)
5672,56,0.08163590729236603,0.052681323140859604,0.036772843450307846,tensor(14.3447)
5673,56,0.03275849297642708,0.052681323140859604,0.036772843450307846,tensor(14.3447)
5674,56,0.20587050914764404,0.052681323140859604,0.036772843450307846,tensor(14.3447)
5675,56,0.07714135944843292,0.052681323140859604,0.036772843450307846,tensor(14.3447)
5676,56,0.010850902646780014,0.052681323140859604,0.036772843450307846,tensor(14.3447)
5677,56,0.0037620181683450937,0.052681323140859604,0.036772843450307846,tensor(14.3447)
5678,56,0.4034852385520935,0.052681323140859604,0.036772843450307846,tensor(14.3447)
5679,56,0.8409299850463867,0.052681323140859604,0.036772843450307846,tensor(14.3447)
5680,56,0.17712804675102234,0.052681323140859604,0.036772843450307846,tensor(14.3447)
5681,56,0.1182379424571991,0.052681323140859604,0.036772843450307846,tensor(14.3447)
5682,56,0.20120635628700256,0.052681323140859604,0.036772843450307846,tensor(14.3447)
5683,56,0.70796138048172,0.052681323140859604,0.036772843450307846,tensor(14.3447)
5684,56,0.2764700651168823,0.052681323140859604,0.036772843450307846,tensor(14.3447)
5685,56,0.09198230504989624,0.052681323140859604,0.036772843450307846,tensor(14.3447)
5686,56,0.10748413950204849,0.052681323140859604,0.036772843450307846,tensor(14.3447)
5687,56,0.13518114387989044,0.052681323140859604,0.036772843450307846,tensor(14.3447)
5688,56,0.15628279745578766,0.052681323140859604,0.036772843450307846,tensor(14.3447)
5689,56,0.01323462463915348,0.052681323140859604,0.036772843450307846,tensor(14.3447)
5690,56,0.017078611999750137,0.052681323140859604,0.036772843450307846,tensor(14.3447)
5691,56,0.03882954642176628,0.052681323140859604,0.036772843450307846,tensor(14.3447)
5692,56,0.04825455695390701,0.052681323140859604,0.036772843450307846,tensor(14.3447)
5693,56,0.024370597675442696,0.052681323140859604,0.036772843450307846,tensor(14.3447)
5694,56,0.3183968663215637,0.052681323140859604,0.036772843450307846,tensor(14.3447)
5695,56,0.0401267483830452,0.052681323140859604,0.036772843450307846,tensor(14.3447)
5696,56,0.009103992953896523,0.052681323140859604,0.036772843450307846,tensor(14.3447)
5697,56,0.5111632347106934,0.052681323140859604,0.036772843450307846,tensor(14.3447)
5698,56,0.0035680686123669147,0.052681323140859604,0.036772843450307846,tensor(14.3447)
5699,56,0.004462160170078278,0.052681323140859604,0.036772843450307846,tensor(14.3447)
5700,56,0.004511279985308647,0.052681323140859604,0.036772843450307846,tensor(14.3447)
5701,56,0.13525277376174927,0.052681323140859604,0.036772843450307846,tensor(14.3447)
5702,56,0.0144332405179739,0.052681323140859604,0.036772843450307846,tensor(14.3447)
5703,56,0.3378232419490814,0.052681323140859604,0.036772843450307846,tensor(14.3447)
5704,56,0.013182518072426319,0.052681323140859604,0.036772843450307846,tensor(14.3447)
5705,56,0.006133919581770897,0.052681323140859604,0.036772843450307846,tensor(14.3447)
5706,56,0.27001816034317017,0.052681323140859604,0.036772843450307846,tensor(14.3447)
5707,56,0.40086203813552856,0.052681323140859604,0.036772843450307846,tensor(14.3447)
5708,56,0.5652161240577698,0.052681323140859604,0.036772843450307846,tensor(14.3447)
5709,56,0.10480602830648422,0.052681323140859604,0.036772843450307846,tensor(14.3447)
5710,56,0.03349226340651512,0.052681323140859604,0.036772843450307846,tensor(14.3447)
5711,56,0.1104791909456253,0.052681323140859604,0.036772843450307846,tensor(14.3447)
5712,56,0.18120065331459045,0.052681323140859604,0.036772843450307846,tensor(14.3447)
5713,56,0.18120065331459045,0.6876111030578613,0.036772843450307846,tensor(14.3447)
5714,56,0.18120065331459045,0.4248192310333252,0.036772843450307846,tensor(14.3447)
5715,56,0.0407407209277153,0.4248192310333252,0.036772843450307846,tensor(14.3447)
5715,57,0.0407407209277153,0.4248192310333252,0.041086312383413315,tensor(13.8630)
5716,57,0.0029106810688972473,0.4248192310333252,0.041086312383413315,tensor(13.8630)
5717,57,0.10831785947084427,0.4248192310333252,0.041086312383413315,tensor(13.8630)
5718,57,0.1818273663520813,0.4248192310333252,0.041086312383413315,tensor(13.8630)
5719,57,0.2893955707550049,0.4248192310333252,0.041086312383413315,tensor(13.8630)
5720,57,0.2184414267539978,0.4248192310333252,0.041086312383413315,tensor(13.8630)
5721,57,0.19688697159290314,0.4248192310333252,0.041086312383413315,tensor(13.8630)
5722,57,0.07077993452548981,0.4248192310333252,0.041086312383413315,tensor(13.8630)
5723,57,0.12665337324142456,0.4248192310333252,0.041086312383413315,tensor(13.8630)
5724,57,0.23255842924118042,0.4248192310333252,0.041086312383413315,tensor(13.8630)
5725,57,0.31057092547416687,0.4248192310333252,0.041086312383413315,tensor(13.8630)
5726,57,0.2378794252872467,0.4248192310333252,0.041086312383413315,tensor(13.8630)
5727,57,0.019179055467247963,0.4248192310333252,0.041086312383413315,tensor(13.8630)
5728,57,0.28553417325019836,0.4248192310333252,0.041086312383413315,tensor(13.8630)
5729,57,0.07933340966701508,0.4248192310333252,0.041086312383413315,tensor(13.8630)
5730,57,0.3290208578109741,0.4248192310333252,0.041086312383413315,tensor(13.8630)
5731,57,0.006275997031480074,0.4248192310333252,0.041086312383413315,tensor(13.8630)
5732,57,0.012861967086791992,0.4248192310333252,0.041086312383413315,tensor(13.8630)
5733,57,0.0069723487831652164,0.4248192310333252,0.041086312383413315,tensor(13.8630)
5734,57,0.09150339663028717,0.4248192310333252,0.041086312383413315,tensor(13.8630)
5735,57,0.09467294812202454,0.4248192310333252,0.041086312383413315,tensor(13.8630)
5736,57,0.007264037616550922,0.4248192310333252,0.041086312383413315,tensor(13.8630)
5737,57,0.008461719378829002,0.4248192310333252,0.041086312383413315,tensor(13.8630)
5738,57,0.006686871405690908,0.4248192310333252,0.041086312383413315,tensor(13.8630)
5739,57,0.05352763086557388,0.4248192310333252,0.041086312383413315,tensor(13.8630)
5740,57,0.7943774461746216,0.4248192310333252,0.041086312383413315,tensor(13.8630)
5741,57,0.3741825222969055,0.4248192310333252,0.041086312383413315,tensor(13.8630)
5742,57,0.09487910568714142,0.4248192310333252,0.041086312383413315,tensor(13.8630)
5743,57,0.12073579430580139,0.4248192310333252,0.041086312383413315,tensor(13.8630)
5744,57,0.16292057931423187,0.4248192310333252,0.041086312383413315,tensor(13.8630)
5745,57,0.08348260074853897,0.4248192310333252,0.041086312383413315,tensor(13.8630)
5746,57,0.006029644049704075,0.4248192310333252,0.041086312383413315,tensor(13.8630)
5747,57,0.06778348982334137,0.4248192310333252,0.041086312383413315,tensor(13.8630)
5748,57,0.06785745918750763,0.4248192310333252,0.041086312383413315,tensor(13.8630)
5749,57,0.39652708172798157,0.4248192310333252,0.041086312383413315,tensor(13.8630)
5750,57,0.14054659008979797,0.4248192310333252,0.041086312383413315,tensor(13.8630)
5751,57,0.49167943000793457,0.4248192310333252,0.041086312383413315,tensor(13.8630)
5752,57,0.002673767041414976,0.4248192310333252,0.041086312383413315,tensor(13.8630)
5753,57,0.06559723615646362,0.4248192310333252,0.041086312383413315,tensor(13.8630)
5754,57,0.3606928586959839,0.4248192310333252,0.041086312383413315,tensor(13.8630)
5755,57,0.18838411569595337,0.4248192310333252,0.041086312383413315,tensor(13.8630)
5756,57,0.3021489381790161,0.4248192310333252,0.041086312383413315,tensor(13.8630)
5757,57,0.19613081216812134,0.4248192310333252,0.041086312383413315,tensor(13.8630)
5758,57,0.004702615551650524,0.4248192310333252,0.041086312383413315,tensor(13.8630)
5759,57,0.08869713544845581,0.4248192310333252,0.041086312383413315,tensor(13.8630)
5760,57,0.06073480099439621,0.4248192310333252,0.041086312383413315,tensor(13.8630)
5761,57,0.12616193294525146,0.4248192310333252,0.041086312383413315,tensor(13.8630)
5762,57,0.025417499244213104,0.4248192310333252,0.041086312383413315,tensor(13.8630)
5763,57,0.050180815160274506,0.4248192310333252,0.041086312383413315,tensor(13.8630)
5764,57,0.008131781592965126,0.4248192310333252,0.041086312383413315,tensor(13.8630)
5765,57,0.6497267484664917,0.4248192310333252,0.041086312383413315,tensor(13.8630)
5766,57,0.009658720344305038,0.4248192310333252,0.041086312383413315,tensor(13.8630)
5767,57,0.6263107061386108,0.4248192310333252,0.041086312383413315,tensor(13.8630)
5768,57,0.0283941812813282,0.4248192310333252,0.041086312383413315,tensor(13.8630)
5769,57,0.01374051533639431,0.4248192310333252,0.041086312383413315,tensor(13.8630)
5770,57,0.09605713933706284,0.4248192310333252,0.041086312383413315,tensor(13.8630)
5771,57,0.015226313844323158,0.4248192310333252,0.041086312383413315,tensor(13.8630)
5772,57,0.0546703040599823,0.4248192310333252,0.041086312383413315,tensor(13.8630)
5773,57,0.17323550581932068,0.4248192310333252,0.041086312383413315,tensor(13.8630)
5774,57,0.11232489347457886,0.4248192310333252,0.041086312383413315,tensor(13.8630)
5775,57,0.16467364132404327,0.4248192310333252,0.041086312383413315,tensor(13.8630)
5776,57,0.1966976672410965,0.4248192310333252,0.041086312383413315,tensor(13.8630)
5777,57,0.7877990007400513,0.4248192310333252,0.041086312383413315,tensor(13.8630)
5778,57,0.07101728022098541,0.4248192310333252,0.041086312383413315,tensor(13.8630)
5779,57,0.010515785776078701,0.4248192310333252,0.041086312383413315,tensor(13.8630)
5780,57,0.7662825584411621,0.4248192310333252,0.041086312383413315,tensor(13.8630)
5781,57,0.012621011584997177,0.4248192310333252,0.041086312383413315,tensor(13.8630)
5782,57,0.06284143030643463,0.4248192310333252,0.041086312383413315,tensor(13.8630)
5783,57,0.014025593176484108,0.4248192310333252,0.041086312383413315,tensor(13.8630)
5784,57,0.2442585676908493,0.4248192310333252,0.041086312383413315,tensor(13.8630)
5785,57,0.017032440751791,0.4248192310333252,0.041086312383413315,tensor(13.8630)
5786,57,0.2335520088672638,0.4248192310333252,0.041086312383413315,tensor(13.8630)
5787,57,0.18693757057189941,0.4248192310333252,0.041086312383413315,tensor(13.8630)
5788,57,0.3897508382797241,0.4248192310333252,0.041086312383413315,tensor(13.8630)
5789,57,0.20183458924293518,0.4248192310333252,0.041086312383413315,tensor(13.8630)
5790,57,0.029733827337622643,0.4248192310333252,0.041086312383413315,tensor(13.8630)
5791,57,0.012168530374765396,0.4248192310333252,0.041086312383413315,tensor(13.8630)
5792,57,0.048605091869831085,0.4248192310333252,0.041086312383413315,tensor(13.8630)
5793,57,0.1087421178817749,0.4248192310333252,0.041086312383413315,tensor(13.8630)
5794,57,0.008969727903604507,0.4248192310333252,0.041086312383413315,tensor(13.8630)
5795,57,0.08502636849880219,0.4248192310333252,0.041086312383413315,tensor(13.8630)
5796,57,0.010803244076669216,0.4248192310333252,0.041086312383413315,tensor(13.8630)
5797,57,0.6725200414657593,0.4248192310333252,0.041086312383413315,tensor(13.8630)
5798,57,0.22204779088497162,0.4248192310333252,0.041086312383413315,tensor(13.8630)
5799,57,0.8209686279296875,0.4248192310333252,0.041086312383413315,tensor(13.8630)
5800,57,0.20927169919013977,0.4248192310333252,0.041086312383413315,tensor(13.8630)
5801,57,0.1971983015537262,0.4248192310333252,0.041086312383413315,tensor(13.8630)
5802,57,0.29265278577804565,0.4248192310333252,0.041086312383413315,tensor(13.8630)
5803,57,0.07129430025815964,0.4248192310333252,0.041086312383413315,tensor(13.8630)
5804,57,0.1484188437461853,0.4248192310333252,0.041086312383413315,tensor(13.8630)
5805,57,0.008523479104042053,0.4248192310333252,0.041086312383413315,tensor(13.8630)
5806,57,0.4741934537887573,0.4248192310333252,0.041086312383413315,tensor(13.8630)
5807,57,0.31369996070861816,0.4248192310333252,0.041086312383413315,tensor(13.8630)
5808,57,0.0970674604177475,0.4248192310333252,0.041086312383413315,tensor(13.8630)
5809,57,0.01830703392624855,0.4248192310333252,0.041086312383413315,tensor(13.8630)
5810,57,0.1989588886499405,0.4248192310333252,0.041086312383413315,tensor(13.8630)
5811,57,0.02449660748243332,0.4248192310333252,0.041086312383413315,tensor(13.8630)
5812,57,0.019291123375296593,0.4248192310333252,0.041086312383413315,tensor(13.8630)
5813,57,0.00483294203877449,0.4248192310333252,0.041086312383413315,tensor(13.8630)
5814,57,0.17584341764450073,0.4248192310333252,0.041086312383413315,tensor(13.8630)
5815,57,0.17584341764450073,0.016151217743754387,0.041086312383413315,tensor(13.8630)
5816,57,0.17584341764450073,0.28261512517929077,0.041086312383413315,tensor(13.8630)
5817,57,0.006922808010131121,0.28261512517929077,0.041086312383413315,tensor(13.8630)
5817,58,0.006922808010131121,0.28261512517929077,0.04969554767012596,tensor(13.0368)
5818,58,0.20709328353405,0.28261512517929077,0.04969554767012596,tensor(13.0368)
5819,58,0.24017846584320068,0.28261512517929077,0.04969554767012596,tensor(13.0368)
5820,58,0.03318571299314499,0.28261512517929077,0.04969554767012596,tensor(13.0368)
5821,58,0.016630761325359344,0.28261512517929077,0.04969554767012596,tensor(13.0368)
5822,58,0.3361797332763672,0.28261512517929077,0.04969554767012596,tensor(13.0368)
5823,58,0.160963773727417,0.28261512517929077,0.04969554767012596,tensor(13.0368)
5824,58,0.01859867200255394,0.28261512517929077,0.04969554767012596,tensor(13.0368)
5825,58,0.05737215280532837,0.28261512517929077,0.04969554767012596,tensor(13.0368)
5826,58,0.6062771081924438,0.28261512517929077,0.04969554767012596,tensor(13.0368)
5827,58,0.007337773218750954,0.28261512517929077,0.04969554767012596,tensor(13.0368)
5828,58,0.004086045082658529,0.28261512517929077,0.04969554767012596,tensor(13.0368)
5829,58,0.008437259122729301,0.28261512517929077,0.04969554767012596,tensor(13.0368)
5830,58,0.004854381550103426,0.28261512517929077,0.04969554767012596,tensor(13.0368)
5831,58,0.011190534569323063,0.28261512517929077,0.04969554767012596,tensor(13.0368)
5832,58,0.007911743596196175,0.28261512517929077,0.04969554767012596,tensor(13.0368)
5833,58,0.040528975427150726,0.28261512517929077,0.04969554767012596,tensor(13.0368)
5834,58,0.04294406622648239,0.28261512517929077,0.04969554767012596,tensor(13.0368)
5835,58,0.23271295428276062,0.28261512517929077,0.04969554767012596,tensor(13.0368)
5836,58,0.13216662406921387,0.28261512517929077,0.04969554767012596,tensor(13.0368)
5837,58,0.04515191167593002,0.28261512517929077,0.04969554767012596,tensor(13.0368)
5838,58,0.3821292519569397,0.28261512517929077,0.04969554767012596,tensor(13.0368)
5839,58,0.06347618997097015,0.28261512517929077,0.04969554767012596,tensor(13.0368)
5840,58,0.02903870679438114,0.28261512517929077,0.04969554767012596,tensor(13.0368)
5841,58,0.11092816293239594,0.28261512517929077,0.04969554767012596,tensor(13.0368)
5842,58,0.32081782817840576,0.28261512517929077,0.04969554767012596,tensor(13.0368)
5843,58,0.07915448397397995,0.28261512517929077,0.04969554767012596,tensor(13.0368)
5844,58,0.24181221425533295,0.28261512517929077,0.04969554767012596,tensor(13.0368)
5845,58,0.005760570056736469,0.28261512517929077,0.04969554767012596,tensor(13.0368)
5846,58,0.008989484049379826,0.28261512517929077,0.04969554767012596,tensor(13.0368)
5847,58,0.44848620891571045,0.28261512517929077,0.04969554767012596,tensor(13.0368)
5848,58,0.14692279696464539,0.28261512517929077,0.04969554767012596,tensor(13.0368)
5849,58,0.007575517985969782,0.28261512517929077,0.04969554767012596,tensor(13.0368)
5850,58,0.021123070269823074,0.28261512517929077,0.04969554767012596,tensor(13.0368)
5851,58,0.017938755452632904,0.28261512517929077,0.04969554767012596,tensor(13.0368)
5852,58,0.02224072441458702,0.28261512517929077,0.04969554767012596,tensor(13.0368)
5853,58,0.0043138558976352215,0.28261512517929077,0.04969554767012596,tensor(13.0368)
5854,58,0.08483725786209106,0.28261512517929077,0.04969554767012596,tensor(13.0368)
5855,58,0.135542094707489,0.28261512517929077,0.04969554767012596,tensor(13.0368)
5856,58,0.16017578542232513,0.28261512517929077,0.04969554767012596,tensor(13.0368)
5857,58,0.2813411355018616,0.28261512517929077,0.04969554767012596,tensor(13.0368)
5858,58,0.0035215665120631456,0.28261512517929077,0.04969554767012596,tensor(13.0368)
5859,58,0.00676998496055603,0.28261512517929077,0.04969554767012596,tensor(13.0368)
5860,58,0.17088666558265686,0.28261512517929077,0.04969554767012596,tensor(13.0368)
5861,58,0.4865770936012268,0.28261512517929077,0.04969554767012596,tensor(13.0368)
5862,58,0.012648905627429485,0.28261512517929077,0.04969554767012596,tensor(13.0368)
5863,58,0.24358977377414703,0.28261512517929077,0.04969554767012596,tensor(13.0368)
5864,58,0.07500910758972168,0.28261512517929077,0.04969554767012596,tensor(13.0368)
5865,58,0.2347375601530075,0.28261512517929077,0.04969554767012596,tensor(13.0368)
5866,58,0.712026834487915,0.28261512517929077,0.04969554767012596,tensor(13.0368)
5867,58,0.012982839718461037,0.28261512517929077,0.04969554767012596,tensor(13.0368)
5868,58,0.7498394250869751,0.28261512517929077,0.04969554767012596,tensor(13.0368)
5869,58,0.14884576201438904,0.28261512517929077,0.04969554767012596,tensor(13.0368)
5870,58,0.03846060857176781,0.28261512517929077,0.04969554767012596,tensor(13.0368)
5871,58,0.09208671748638153,0.28261512517929077,0.04969554767012596,tensor(13.0368)
5872,58,0.0666159987449646,0.28261512517929077,0.04969554767012596,tensor(13.0368)
5873,58,0.041287217289209366,0.28261512517929077,0.04969554767012596,tensor(13.0368)
5874,58,0.344590961933136,0.28261512517929077,0.04969554767012596,tensor(13.0368)
5875,58,0.028946449980139732,0.28261512517929077,0.04969554767012596,tensor(13.0368)
5876,58,0.7181140184402466,0.28261512517929077,0.04969554767012596,tensor(13.0368)
5877,58,0.031052030622959137,0.28261512517929077,0.04969554767012596,tensor(13.0368)
5878,58,0.8686683177947998,0.28261512517929077,0.04969554767012596,tensor(13.0368)
5879,58,0.20908290147781372,0.28261512517929077,0.04969554767012596,tensor(13.0368)
5880,58,0.023942813277244568,0.28261512517929077,0.04969554767012596,tensor(13.0368)
5881,58,0.002992964582517743,0.28261512517929077,0.04969554767012596,tensor(13.0368)
5882,58,0.018852807581424713,0.28261512517929077,0.04969554767012596,tensor(13.0368)
5883,58,0.10055147111415863,0.28261512517929077,0.04969554767012596,tensor(13.0368)
5884,58,0.01835556887090206,0.28261512517929077,0.04969554767012596,tensor(13.0368)
5885,58,0.41310882568359375,0.28261512517929077,0.04969554767012596,tensor(13.0368)
5886,58,0.0032375475857406855,0.28261512517929077,0.04969554767012596,tensor(13.0368)
5887,58,0.41219663619995117,0.28261512517929077,0.04969554767012596,tensor(13.0368)
5888,58,0.046564482152462006,0.28261512517929077,0.04969554767012596,tensor(13.0368)
5889,58,0.5478371977806091,0.28261512517929077,0.04969554767012596,tensor(13.0368)
5890,58,0.23245838284492493,0.28261512517929077,0.04969554767012596,tensor(13.0368)
5891,58,0.15905940532684326,0.28261512517929077,0.04969554767012596,tensor(13.0368)
5892,58,0.4278827905654907,0.28261512517929077,0.04969554767012596,tensor(13.0368)
5893,58,0.00821654312312603,0.28261512517929077,0.04969554767012596,tensor(13.0368)
5894,58,0.04539843276143074,0.28261512517929077,0.04969554767012596,tensor(13.0368)
5895,58,0.36302781105041504,0.28261512517929077,0.04969554767012596,tensor(13.0368)
5896,58,0.020652569830417633,0.28261512517929077,0.04969554767012596,tensor(13.0368)
5897,58,0.005505173001438379,0.28261512517929077,0.04969554767012596,tensor(13.0368)
5898,58,0.004355003125965595,0.28261512517929077,0.04969554767012596,tensor(13.0368)
5899,58,0.3705919682979584,0.28261512517929077,0.04969554767012596,tensor(13.0368)
5900,58,0.4240044951438904,0.28261512517929077,0.04969554767012596,tensor(13.0368)
5901,58,0.026117093861103058,0.28261512517929077,0.04969554767012596,tensor(13.0368)
5902,58,0.15786468982696533,0.28261512517929077,0.04969554767012596,tensor(13.0368)
5903,58,0.04832850396633148,0.28261512517929077,0.04969554767012596,tensor(13.0368)
5904,58,0.17078039050102234,0.28261512517929077,0.04969554767012596,tensor(13.0368)
5905,58,0.019586101174354553,0.28261512517929077,0.04969554767012596,tensor(13.0368)
5906,58,0.029903477057814598,0.28261512517929077,0.04969554767012596,tensor(13.0368)
5907,58,0.03060651384294033,0.28261512517929077,0.04969554767012596,tensor(13.0368)
5908,58,0.07050763070583344,0.28261512517929077,0.04969554767012596,tensor(13.0368)
5909,58,0.05946439877152443,0.28261512517929077,0.04969554767012596,tensor(13.0368)
5910,58,0.004731495399028063,0.28261512517929077,0.04969554767012596,tensor(13.0368)
5911,58,0.06849420815706253,0.28261512517929077,0.04969554767012596,tensor(13.0368)
5912,58,0.05152524262666702,0.28261512517929077,0.04969554767012596,tensor(13.0368)
5913,58,0.358947217464447,0.28261512517929077,0.04969554767012596,tensor(13.0368)
5914,58,0.01844312995672226,0.28261512517929077,0.04969554767012596,tensor(13.0368)
5915,58,0.06205986067652702,0.28261512517929077,0.04969554767012596,tensor(13.0368)
5916,58,0.05158203840255737,0.28261512517929077,0.04969554767012596,tensor(13.0368)
5917,58,0.05158203840255737,0.13903847336769104,0.04969554767012596,tensor(13.0368)
5918,58,0.05158203840255737,0.06897029280662537,0.04969554767012596,tensor(13.0368)
5919,58,0.2464745044708252,0.06897029280662537,0.04969554767012596,tensor(13.0368)
5919,59,0.2464745044708252,0.06897029280662537,0.14402435719966888,tensor(8.4156)
5920,59,0.014709261246025562,0.06897029280662537,0.14402435719966888,tensor(8.4156)
5921,59,0.18293577432632446,0.06897029280662537,0.14402435719966888,tensor(8.4156)
5922,59,0.720613420009613,0.06897029280662537,0.14402435719966888,tensor(8.4156)
5923,59,0.325030654668808,0.06897029280662537,0.14402435719966888,tensor(8.4156)
5924,59,0.24017906188964844,0.06897029280662537,0.14402435719966888,tensor(8.4156)
5925,59,0.6262221932411194,0.06897029280662537,0.14402435719966888,tensor(8.4156)
5926,59,0.1596338152885437,0.06897029280662537,0.14402435719966888,tensor(8.4156)
5927,59,0.005722096189856529,0.06897029280662537,0.14402435719966888,tensor(8.4156)
5928,59,0.15132102370262146,0.06897029280662537,0.14402435719966888,tensor(8.4156)
5929,59,0.1256064474582672,0.06897029280662537,0.14402435719966888,tensor(8.4156)
5930,59,0.030463561415672302,0.06897029280662537,0.14402435719966888,tensor(8.4156)
5931,59,0.027600832283496857,0.06897029280662537,0.14402435719966888,tensor(8.4156)
5932,59,0.01590682752430439,0.06897029280662537,0.14402435719966888,tensor(8.4156)
5933,59,0.03164044767618179,0.06897029280662537,0.14402435719966888,tensor(8.4156)
5934,59,0.38395506143569946,0.06897029280662537,0.14402435719966888,tensor(8.4156)
5935,59,0.0067915888503193855,0.06897029280662537,0.14402435719966888,tensor(8.4156)
5936,59,0.09278780221939087,0.06897029280662537,0.14402435719966888,tensor(8.4156)
5937,59,0.050433509051799774,0.06897029280662537,0.14402435719966888,tensor(8.4156)
5938,59,0.3064092993736267,0.06897029280662537,0.14402435719966888,tensor(8.4156)
5939,59,0.005372660234570503,0.06897029280662537,0.14402435719966888,tensor(8.4156)
5940,59,0.14706456661224365,0.06897029280662537,0.14402435719966888,tensor(8.4156)
5941,59,0.01015746220946312,0.06897029280662537,0.14402435719966888,tensor(8.4156)
5942,59,0.06870266050100327,0.06897029280662537,0.14402435719966888,tensor(8.4156)
5943,59,0.00743363332003355,0.06897029280662537,0.14402435719966888,tensor(8.4156)
5944,59,0.0236455537378788,0.06897029280662537,0.14402435719966888,tensor(8.4156)
5945,59,0.00423097237944603,0.06897029280662537,0.14402435719966888,tensor(8.4156)
5946,59,0.022802216932177544,0.06897029280662537,0.14402435719966888,tensor(8.4156)
5947,59,0.087222158908844,0.06897029280662537,0.14402435719966888,tensor(8.4156)
5948,59,0.10996833443641663,0.06897029280662537,0.14402435719966888,tensor(8.4156)
5949,59,0.3424101173877716,0.06897029280662537,0.14402435719966888,tensor(8.4156)
5950,59,0.37826085090637207,0.06897029280662537,0.14402435719966888,tensor(8.4156)
5951,59,0.23479770123958588,0.06897029280662537,0.14402435719966888,tensor(8.4156)
5952,59,0.30839842557907104,0.06897029280662537,0.14402435719966888,tensor(8.4156)
5953,59,0.007588581182062626,0.06897029280662537,0.14402435719966888,tensor(8.4156)
5954,59,0.06196296960115433,0.06897029280662537,0.14402435719966888,tensor(8.4156)
5955,59,0.019459214061498642,0.06897029280662537,0.14402435719966888,tensor(8.4156)
5956,59,0.8044807314872742,0.06897029280662537,0.14402435719966888,tensor(8.4156)
5957,59,0.0392659455537796,0.06897029280662537,0.14402435719966888,tensor(8.4156)
5958,59,0.2599179744720459,0.06897029280662537,0.14402435719966888,tensor(8.4156)
5959,59,0.1314367651939392,0.06897029280662537,0.14402435719966888,tensor(8.4156)
5960,59,0.09630971401929855,0.06897029280662537,0.14402435719966888,tensor(8.4156)
5961,59,0.00670236861333251,0.06897029280662537,0.14402435719966888,tensor(8.4156)
5962,59,0.07445621490478516,0.06897029280662537,0.14402435719966888,tensor(8.4156)
5963,59,0.059997621923685074,0.06897029280662537,0.14402435719966888,tensor(8.4156)
5964,59,0.03443288058042526,0.06897029280662537,0.14402435719966888,tensor(8.4156)
5965,59,0.1645433008670807,0.06897029280662537,0.14402435719966888,tensor(8.4156)
5966,59,0.06503885239362717,0.06897029280662537,0.14402435719966888,tensor(8.4156)
5967,59,0.025715485215187073,0.06897029280662537,0.14402435719966888,tensor(8.4156)
5968,59,0.004293534904718399,0.06897029280662537,0.14402435719966888,tensor(8.4156)
5969,59,0.007016406394541264,0.06897029280662537,0.14402435719966888,tensor(8.4156)
5970,59,0.00631340965628624,0.06897029280662537,0.14402435719966888,tensor(8.4156)
5971,59,0.37156081199645996,0.06897029280662537,0.14402435719966888,tensor(8.4156)
5972,59,0.011815762147307396,0.06897029280662537,0.14402435719966888,tensor(8.4156)
5973,59,0.6739040613174438,0.06897029280662537,0.14402435719966888,tensor(8.4156)
5974,59,0.08285931497812271,0.06897029280662537,0.14402435719966888,tensor(8.4156)
5975,59,0.16058510541915894,0.06897029280662537,0.14402435719966888,tensor(8.4156)
5976,59,0.04596810042858124,0.06897029280662537,0.14402435719966888,tensor(8.4156)
5977,59,0.09143973886966705,0.06897029280662537,0.14402435719966888,tensor(8.4156)
5978,59,0.23097313940525055,0.06897029280662537,0.14402435719966888,tensor(8.4156)
5979,59,0.6430286169052124,0.06897029280662537,0.14402435719966888,tensor(8.4156)
5980,59,0.007638243492692709,0.06897029280662537,0.14402435719966888,tensor(8.4156)
5981,59,0.06097684055566788,0.06897029280662537,0.14402435719966888,tensor(8.4156)
5982,59,0.006645440123975277,0.06897029280662537,0.14402435719966888,tensor(8.4156)
5983,59,0.0646958127617836,0.06897029280662537,0.14402435719966888,tensor(8.4156)
5984,59,0.006708541419357061,0.06897029280662537,0.14402435719966888,tensor(8.4156)
5985,59,0.11972693353891373,0.06897029280662537,0.14402435719966888,tensor(8.4156)
5986,59,0.11582569032907486,0.06897029280662537,0.14402435719966888,tensor(8.4156)
5987,59,0.3600580096244812,0.06897029280662537,0.14402435719966888,tensor(8.4156)
5988,59,0.05266008526086807,0.06897029280662537,0.14402435719966888,tensor(8.4156)
5989,59,0.2691383361816406,0.06897029280662537,0.14402435719966888,tensor(8.4156)
5990,59,0.2452433556318283,0.06897029280662537,0.14402435719966888,tensor(8.4156)
5991,59,0.00817342009395361,0.06897029280662537,0.14402435719966888,tensor(8.4156)
5992,59,0.19717895984649658,0.06897029280662537,0.14402435719966888,tensor(8.4156)
5993,59,0.6343668699264526,0.06897029280662537,0.14402435719966888,tensor(8.4156)
5994,59,0.39986422657966614,0.06897029280662537,0.14402435719966888,tensor(8.4156)
5995,59,0.4953683316707611,0.06897029280662537,0.14402435719966888,tensor(8.4156)
5996,59,0.00855496060103178,0.06897029280662537,0.14402435719966888,tensor(8.4156)
5997,59,0.016703598201274872,0.06897029280662537,0.14402435719966888,tensor(8.4156)
5998,59,0.10588182508945465,0.06897029280662537,0.14402435719966888,tensor(8.4156)
5999,59,0.0587354376912117,0.06897029280662537,0.14402435719966888,tensor(8.4156)
6000,59,0.013593368232250214,0.06897029280662537,0.14402435719966888,tensor(8.4156)
6001,59,0.34678322076797485,0.06897029280662537,0.14402435719966888,tensor(8.4156)
6002,59,0.5512795448303223,0.06897029280662537,0.14402435719966888,tensor(8.4156)
6003,59,0.00497824139893055,0.06897029280662537,0.14402435719966888,tensor(8.4156)
6004,59,0.1244228184223175,0.06897029280662537,0.14402435719966888,tensor(8.4156)
6005,59,0.007203618064522743,0.06897029280662537,0.14402435719966888,tensor(8.4156)
6006,59,0.005059246905148029,0.06897029280662537,0.14402435719966888,tensor(8.4156)
6007,59,0.09746392071247101,0.06897029280662537,0.14402435719966888,tensor(8.4156)
6008,59,0.13333284854888916,0.06897029280662537,0.14402435719966888,tensor(8.4156)
6009,59,0.01282389834523201,0.06897029280662537,0.14402435719966888,tensor(8.4156)
6010,59,0.08715183287858963,0.06897029280662537,0.14402435719966888,tensor(8.4156)
6011,59,0.09215393662452698,0.06897029280662537,0.14402435719966888,tensor(8.4156)
6012,59,0.006717471405863762,0.06897029280662537,0.14402435719966888,tensor(8.4156)
6013,59,0.014162598177790642,0.06897029280662537,0.14402435719966888,tensor(8.4156)
6014,59,0.00631351862102747,0.06897029280662537,0.14402435719966888,tensor(8.4156)
6015,59,0.1460566222667694,0.06897029280662537,0.14402435719966888,tensor(8.4156)
6016,59,0.2717358469963074,0.06897029280662537,0.14402435719966888,tensor(8.4156)
6017,59,0.014776312746107578,0.06897029280662537,0.14402435719966888,tensor(8.4156)
6018,59,0.1769956797361374,0.06897029280662537,0.14402435719966888,tensor(8.4156)
6019,59,0.1769956797361374,0.01889858767390251,0.14402435719966888,tensor(8.4156)
6020,59,0.1769956797361374,0.04715661332011223,0.14402435719966888,tensor(8.4156)
6021,59,0.005196647252887487,0.04715661332011223,0.14402435719966888,tensor(8.4156)
6021,60,0.005196647252887487,0.04715661332011223,0.0401126854121685,tensor(13.9672)
6022,60,0.24866245687007904,0.04715661332011223,0.0401126854121685,tensor(13.9672)
6023,60,0.009337861090898514,0.04715661332011223,0.0401126854121685,tensor(13.9672)
6024,60,0.060301296412944794,0.04715661332011223,0.0401126854121685,tensor(13.9672)
6025,60,0.09447139501571655,0.04715661332011223,0.0401126854121685,tensor(13.9672)
6026,60,0.007876269519329071,0.04715661332011223,0.0401126854121685,tensor(13.9672)
6027,60,0.4378443658351898,0.04715661332011223,0.0401126854121685,tensor(13.9672)
6028,60,0.06920862197875977,0.04715661332011223,0.0401126854121685,tensor(13.9672)
6029,60,0.05567670613527298,0.04715661332011223,0.0401126854121685,tensor(13.9672)
6030,60,0.47088199853897095,0.04715661332011223,0.0401126854121685,tensor(13.9672)
6031,60,0.004288859665393829,0.04715661332011223,0.0401126854121685,tensor(13.9672)
6032,60,0.014732448384165764,0.04715661332011223,0.0401126854121685,tensor(13.9672)
6033,60,0.11522066593170166,0.04715661332011223,0.0401126854121685,tensor(13.9672)
6034,60,0.7737328410148621,0.04715661332011223,0.0401126854121685,tensor(13.9672)
6035,60,0.3204061985015869,0.04715661332011223,0.0401126854121685,tensor(13.9672)
6036,60,0.03111068159341812,0.04715661332011223,0.0401126854121685,tensor(13.9672)
6037,60,0.005576655268669128,0.04715661332011223,0.0401126854121685,tensor(13.9672)
6038,60,0.009032306261360645,0.04715661332011223,0.0401126854121685,tensor(13.9672)
6039,60,0.010915081948041916,0.04715661332011223,0.0401126854121685,tensor(13.9672)
6040,60,0.005976354703307152,0.04715661332011223,0.0401126854121685,tensor(13.9672)
6041,60,0.05518767982721329,0.04715661332011223,0.0401126854121685,tensor(13.9672)
6042,60,0.20219632983207703,0.04715661332011223,0.0401126854121685,tensor(13.9672)
6043,60,0.10349573940038681,0.04715661332011223,0.0401126854121685,tensor(13.9672)
6044,60,0.09722018241882324,0.04715661332011223,0.0401126854121685,tensor(13.9672)
6045,60,0.13135018944740295,0.04715661332011223,0.0401126854121685,tensor(13.9672)
6046,60,0.06950655579566956,0.04715661332011223,0.0401126854121685,tensor(13.9672)
6047,60,0.11496355384588242,0.04715661332011223,0.0401126854121685,tensor(13.9672)
6048,60,0.5048046112060547,0.04715661332011223,0.0401126854121685,tensor(13.9672)
6049,60,0.04250209778547287,0.04715661332011223,0.0401126854121685,tensor(13.9672)
6050,60,0.05349552631378174,0.04715661332011223,0.0401126854121685,tensor(13.9672)
6051,60,0.013730356469750404,0.04715661332011223,0.0401126854121685,tensor(13.9672)
6052,60,0.14462509751319885,0.04715661332011223,0.0401126854121685,tensor(13.9672)
6053,60,0.065829798579216,0.04715661332011223,0.0401126854121685,tensor(13.9672)
6054,60,0.2310396134853363,0.04715661332011223,0.0401126854121685,tensor(13.9672)
6055,60,0.37886476516723633,0.04715661332011223,0.0401126854121685,tensor(13.9672)
6056,60,0.017987439408898354,0.04715661332011223,0.0401126854121685,tensor(13.9672)
6057,60,0.0949714407324791,0.04715661332011223,0.0401126854121685,tensor(13.9672)
6058,60,0.08128867298364639,0.04715661332011223,0.0401126854121685,tensor(13.9672)
6059,60,0.17568138241767883,0.04715661332011223,0.0401126854121685,tensor(13.9672)
6060,60,0.03669659048318863,0.04715661332011223,0.0401126854121685,tensor(13.9672)
6061,60,0.13901035487651825,0.04715661332011223,0.0401126854121685,tensor(13.9672)
6062,60,0.30419766902923584,0.04715661332011223,0.0401126854121685,tensor(13.9672)
6063,60,0.00899877492338419,0.04715661332011223,0.0401126854121685,tensor(13.9672)
6064,60,0.18763288855552673,0.04715661332011223,0.0401126854121685,tensor(13.9672)
6065,60,0.02751421183347702,0.04715661332011223,0.0401126854121685,tensor(13.9672)
6066,60,0.009734127670526505,0.04715661332011223,0.0401126854121685,tensor(13.9672)
6067,60,0.012042428366839886,0.04715661332011223,0.0401126854121685,tensor(13.9672)
6068,60,0.02977076917886734,0.04715661332011223,0.0401126854121685,tensor(13.9672)
6069,60,0.0023623001761734486,0.04715661332011223,0.0401126854121685,tensor(13.9672)
6070,60,0.022724740207195282,0.04715661332011223,0.0401126854121685,tensor(13.9672)
6071,60,0.17011317610740662,0.04715661332011223,0.0401126854121685,tensor(13.9672)
6072,60,0.4371717870235443,0.04715661332011223,0.0401126854121685,tensor(13.9672)
6073,60,0.030872896313667297,0.04715661332011223,0.0401126854121685,tensor(13.9672)
6074,60,0.45628297328948975,0.04715661332011223,0.0401126854121685,tensor(13.9672)
6075,60,0.2081788033246994,0.04715661332011223,0.0401126854121685,tensor(13.9672)
6076,60,0.18750832974910736,0.04715661332011223,0.0401126854121685,tensor(13.9672)
6077,60,0.012561358511447906,0.04715661332011223,0.0401126854121685,tensor(13.9672)
6078,60,0.530785322189331,0.04715661332011223,0.0401126854121685,tensor(13.9672)
6079,60,0.03576069325208664,0.04715661332011223,0.0401126854121685,tensor(13.9672)
6080,60,0.06985648721456528,0.04715661332011223,0.0401126854121685,tensor(13.9672)
6081,60,0.04514187201857567,0.04715661332011223,0.0401126854121685,tensor(13.9672)
6082,60,0.16826535761356354,0.04715661332011223,0.0401126854121685,tensor(13.9672)
6083,60,0.013663995079696178,0.04715661332011223,0.0401126854121685,tensor(13.9672)
6084,60,0.0844058021903038,0.04715661332011223,0.0401126854121685,tensor(13.9672)
6085,60,0.5410072803497314,0.04715661332011223,0.0401126854121685,tensor(13.9672)
6086,60,0.08091070502996445,0.04715661332011223,0.0401126854121685,tensor(13.9672)
6087,60,0.08147551864385605,0.04715661332011223,0.0401126854121685,tensor(13.9672)
6088,60,0.11540087312459946,0.04715661332011223,0.0401126854121685,tensor(13.9672)
6089,60,0.10857687890529633,0.04715661332011223,0.0401126854121685,tensor(13.9672)
6090,60,0.667194128036499,0.04715661332011223,0.0401126854121685,tensor(13.9672)
6091,60,0.0030560200102627277,0.04715661332011223,0.0401126854121685,tensor(13.9672)
6092,60,0.0374976322054863,0.04715661332011223,0.0401126854121685,tensor(13.9672)
6093,60,0.042859215289354324,0.04715661332011223,0.0401126854121685,tensor(13.9672)
6094,60,0.10674244165420532,0.04715661332011223,0.0401126854121685,tensor(13.9672)
6095,60,0.0069376933388412,0.04715661332011223,0.0401126854121685,tensor(13.9672)
6096,60,0.004893643315881491,0.04715661332011223,0.0401126854121685,tensor(13.9672)
6097,60,0.04567119851708412,0.04715661332011223,0.0401126854121685,tensor(13.9672)
6098,60,0.3939811587333679,0.04715661332011223,0.0401126854121685,tensor(13.9672)
6099,60,0.08107372373342514,0.04715661332011223,0.0401126854121685,tensor(13.9672)
6100,60,0.012317930348217487,0.04715661332011223,0.0401126854121685,tensor(13.9672)
6101,60,0.024996161460876465,0.04715661332011223,0.0401126854121685,tensor(13.9672)
6102,60,0.007989643141627312,0.04715661332011223,0.0401126854121685,tensor(13.9672)
6103,60,0.35226327180862427,0.04715661332011223,0.0401126854121685,tensor(13.9672)
6104,60,0.01305070985108614,0.04715661332011223,0.0401126854121685,tensor(13.9672)
6105,60,0.008897919207811356,0.04715661332011223,0.0401126854121685,tensor(13.9672)
6106,60,0.0026484308764338493,0.04715661332011223,0.0401126854121685,tensor(13.9672)
6107,60,0.003988754004240036,0.04715661332011223,0.0401126854121685,tensor(13.9672)
6108,60,0.16205137968063354,0.04715661332011223,0.0401126854121685,tensor(13.9672)
6109,60,0.5635988712310791,0.04715661332011223,0.0401126854121685,tensor(13.9672)
6110,60,0.005015715025365353,0.04715661332011223,0.0401126854121685,tensor(13.9672)
6111,60,0.04583165422081947,0.04715661332011223,0.0401126854121685,tensor(13.9672)
6112,60,0.4427526593208313,0.04715661332011223,0.0401126854121685,tensor(13.9672)
6113,60,0.023053783923387527,0.04715661332011223,0.0401126854121685,tensor(13.9672)
6114,60,0.2836817502975464,0.04715661332011223,0.0401126854121685,tensor(13.9672)
6115,60,0.22681015729904175,0.04715661332011223,0.0401126854121685,tensor(13.9672)
6116,60,0.01320524699985981,0.04715661332011223,0.0401126854121685,tensor(13.9672)
6117,60,0.046401649713516235,0.04715661332011223,0.0401126854121685,tensor(13.9672)
6118,60,0.00583289097994566,0.04715661332011223,0.0401126854121685,tensor(13.9672)
6119,60,0.008530705235898495,0.04715661332011223,0.0401126854121685,tensor(13.9672)
6120,60,0.0137823186814785,0.04715661332011223,0.0401126854121685,tensor(13.9672)
6121,60,0.0137823186814785,0.020940585061907768,0.0401126854121685,tensor(13.9672)
6122,60,0.0137823186814785,0.11362756788730621,0.0401126854121685,tensor(13.9672)
6123,60,0.005835076794028282,0.11362756788730621,0.0401126854121685,tensor(13.9672)
6123,61,0.005835076794028282,0.11362756788730621,0.03461907058954239,tensor(14.6068)
6124,61,0.4411162734031677,0.11362756788730621,0.03461907058954239,tensor(14.6068)
6125,61,0.12445442378520966,0.11362756788730621,0.03461907058954239,tensor(14.6068)
6126,61,0.03386923670768738,0.11362756788730621,0.03461907058954239,tensor(14.6068)
6127,61,0.08751741051673889,0.11362756788730621,0.03461907058954239,tensor(14.6068)
6128,61,0.004432749003171921,0.11362756788730621,0.03461907058954239,tensor(14.6068)
6129,61,0.14369207620620728,0.11362756788730621,0.03461907058954239,tensor(14.6068)
6130,61,0.015872783958911896,0.11362756788730621,0.03461907058954239,tensor(14.6068)
6131,61,0.3293014168739319,0.11362756788730621,0.03461907058954239,tensor(14.6068)
6132,61,0.009644608944654465,0.11362756788730621,0.03461907058954239,tensor(14.6068)
6133,61,0.011339965276420116,0.11362756788730621,0.03461907058954239,tensor(14.6068)
6134,61,0.002921534702181816,0.11362756788730621,0.03461907058954239,tensor(14.6068)
6135,61,0.01699177548289299,0.11362756788730621,0.03461907058954239,tensor(14.6068)
6136,61,0.15977466106414795,0.11362756788730621,0.03461907058954239,tensor(14.6068)
6137,61,0.09100159257650375,0.11362756788730621,0.03461907058954239,tensor(14.6068)
6138,61,0.03862643614411354,0.11362756788730621,0.03461907058954239,tensor(14.6068)
6139,61,0.06834092736244202,0.11362756788730621,0.03461907058954239,tensor(14.6068)
6140,61,0.4405924081802368,0.11362756788730621,0.03461907058954239,tensor(14.6068)
6141,61,0.2079833298921585,0.11362756788730621,0.03461907058954239,tensor(14.6068)
6142,61,0.245143324136734,0.11362756788730621,0.03461907058954239,tensor(14.6068)
6143,61,0.016634836792945862,0.11362756788730621,0.03461907058954239,tensor(14.6068)
6144,61,0.41665560007095337,0.11362756788730621,0.03461907058954239,tensor(14.6068)
6145,61,0.08945368230342865,0.11362756788730621,0.03461907058954239,tensor(14.6068)
6146,61,0.330575168132782,0.11362756788730621,0.03461907058954239,tensor(14.6068)
6147,61,0.08903340250253677,0.11362756788730621,0.03461907058954239,tensor(14.6068)
6148,61,0.003982369787991047,0.11362756788730621,0.03461907058954239,tensor(14.6068)
6149,61,0.3359502851963043,0.11362756788730621,0.03461907058954239,tensor(14.6068)
6150,61,0.01164603978395462,0.11362756788730621,0.03461907058954239,tensor(14.6068)
6151,61,0.40018442273139954,0.11362756788730621,0.03461907058954239,tensor(14.6068)
6152,61,0.08449230343103409,0.11362756788730621,0.03461907058954239,tensor(14.6068)
6153,61,0.2168196737766266,0.11362756788730621,0.03461907058954239,tensor(14.6068)
6154,61,0.0024789185263216496,0.11362756788730621,0.03461907058954239,tensor(14.6068)
6155,61,0.004357095807790756,0.11362756788730621,0.03461907058954239,tensor(14.6068)
6156,61,0.0025694563519209623,0.11362756788730621,0.03461907058954239,tensor(14.6068)
6157,61,0.028306370601058006,0.11362756788730621,0.03461907058954239,tensor(14.6068)
6158,61,0.2612006366252899,0.11362756788730621,0.03461907058954239,tensor(14.6068)
6159,61,0.6123194694519043,0.11362756788730621,0.03461907058954239,tensor(14.6068)
6160,61,0.229893296957016,0.11362756788730621,0.03461907058954239,tensor(14.6068)
6161,61,0.17101310193538666,0.11362756788730621,0.03461907058954239,tensor(14.6068)
6162,61,0.11039870232343674,0.11362756788730621,0.03461907058954239,tensor(14.6068)
6163,61,0.19774386286735535,0.11362756788730621,0.03461907058954239,tensor(14.6068)
6164,61,0.11224645376205444,0.11362756788730621,0.03461907058954239,tensor(14.6068)
6165,61,0.1512337327003479,0.11362756788730621,0.03461907058954239,tensor(14.6068)
6166,61,0.7199057340621948,0.11362756788730621,0.03461907058954239,tensor(14.6068)
6167,61,0.16372573375701904,0.11362756788730621,0.03461907058954239,tensor(14.6068)
6168,61,0.0036261016502976418,0.11362756788730621,0.03461907058954239,tensor(14.6068)
6169,61,0.03723989054560661,0.11362756788730621,0.03461907058954239,tensor(14.6068)
6170,61,0.19717684388160706,0.11362756788730621,0.03461907058954239,tensor(14.6068)
6171,61,0.13102829456329346,0.11362756788730621,0.03461907058954239,tensor(14.6068)
6172,61,0.06368981301784515,0.11362756788730621,0.03461907058954239,tensor(14.6068)
6173,61,0.017924223095178604,0.11362756788730621,0.03461907058954239,tensor(14.6068)
6174,61,0.20660831034183502,0.11362756788730621,0.03461907058954239,tensor(14.6068)
6175,61,0.005667276680469513,0.11362756788730621,0.03461907058954239,tensor(14.6068)
6176,61,0.5576385259628296,0.11362756788730621,0.03461907058954239,tensor(14.6068)
6177,61,0.12772776186466217,0.11362756788730621,0.03461907058954239,tensor(14.6068)
6178,61,0.13299350440502167,0.11362756788730621,0.03461907058954239,tensor(14.6068)
6179,61,0.00457328837364912,0.11362756788730621,0.03461907058954239,tensor(14.6068)
6180,61,0.3435610234737396,0.11362756788730621,0.03461907058954239,tensor(14.6068)
6181,61,0.007627422455698252,0.11362756788730621,0.03461907058954239,tensor(14.6068)
6182,61,0.006549307145178318,0.11362756788730621,0.03461907058954239,tensor(14.6068)
6183,61,0.07472449541091919,0.11362756788730621,0.03461907058954239,tensor(14.6068)
6184,61,0.18754681944847107,0.11362756788730621,0.03461907058954239,tensor(14.6068)
6185,61,0.031185314059257507,0.11362756788730621,0.03461907058954239,tensor(14.6068)
6186,61,0.2651193141937256,0.11362756788730621,0.03461907058954239,tensor(14.6068)
6187,61,0.1949107050895691,0.11362756788730621,0.03461907058954239,tensor(14.6068)
6188,61,0.3957914710044861,0.11362756788730621,0.03461907058954239,tensor(14.6068)
6189,61,0.037107788026332855,0.11362756788730621,0.03461907058954239,tensor(14.6068)
6190,61,0.025293875485658646,0.11362756788730621,0.03461907058954239,tensor(14.6068)
6191,61,0.04086591303348541,0.11362756788730621,0.03461907058954239,tensor(14.6068)
6192,61,0.12983979284763336,0.11362756788730621,0.03461907058954239,tensor(14.6068)
6193,61,0.006044520530849695,0.11362756788730621,0.03461907058954239,tensor(14.6068)
6194,61,0.026754820719361305,0.11362756788730621,0.03461907058954239,tensor(14.6068)
6195,61,0.0032489073928445578,0.11362756788730621,0.03461907058954239,tensor(14.6068)
6196,61,0.2759360074996948,0.11362756788730621,0.03461907058954239,tensor(14.6068)
6197,61,0.08611875027418137,0.11362756788730621,0.03461907058954239,tensor(14.6068)
6198,61,0.05126569792628288,0.11362756788730621,0.03461907058954239,tensor(14.6068)
6199,61,0.690590500831604,0.11362756788730621,0.03461907058954239,tensor(14.6068)
6200,61,0.05512236803770065,0.11362756788730621,0.03461907058954239,tensor(14.6068)
6201,61,0.0339636504650116,0.11362756788730621,0.03461907058954239,tensor(14.6068)
6202,61,0.0071765654720366,0.11362756788730621,0.03461907058954239,tensor(14.6068)
6203,61,0.022956347092986107,0.11362756788730621,0.03461907058954239,tensor(14.6068)
6204,61,0.3548542857170105,0.11362756788730621,0.03461907058954239,tensor(14.6068)
6205,61,0.06265527009963989,0.11362756788730621,0.03461907058954239,tensor(14.6068)
6206,61,0.08180741965770721,0.11362756788730621,0.03461907058954239,tensor(14.6068)
6207,61,0.0981154516339302,0.11362756788730621,0.03461907058954239,tensor(14.6068)
6208,61,0.003579370677471161,0.11362756788730621,0.03461907058954239,tensor(14.6068)
6209,61,0.6909682750701904,0.11362756788730621,0.03461907058954239,tensor(14.6068)
6210,61,0.017153192311525345,0.11362756788730621,0.03461907058954239,tensor(14.6068)
6211,61,0.03302454203367233,0.11362756788730621,0.03461907058954239,tensor(14.6068)
6212,61,0.033431705087423325,0.11362756788730621,0.03461907058954239,tensor(14.6068)
6213,61,0.6023588180541992,0.11362756788730621,0.03461907058954239,tensor(14.6068)
6214,61,0.003054401371628046,0.11362756788730621,0.03461907058954239,tensor(14.6068)
6215,61,0.00792786292731762,0.11362756788730621,0.03461907058954239,tensor(14.6068)
6216,61,0.023726943880319595,0.11362756788730621,0.03461907058954239,tensor(14.6068)
6217,61,0.1830131709575653,0.11362756788730621,0.03461907058954239,tensor(14.6068)
6218,61,0.1106853112578392,0.11362756788730621,0.03461907058954239,tensor(14.6068)
6219,61,0.3805007338523865,0.11362756788730621,0.03461907058954239,tensor(14.6068)
6220,61,0.003227437846362591,0.11362756788730621,0.03461907058954239,tensor(14.6068)
6221,61,0.6899776458740234,0.11362756788730621,0.03461907058954239,tensor(14.6068)
6222,61,0.4690345227718353,0.11362756788730621,0.03461907058954239,tensor(14.6068)
6223,61,0.4690345227718353,0.3394993841648102,0.03461907058954239,tensor(14.6068)
6224,61,0.4690345227718353,0.09252753108739853,0.03461907058954239,tensor(14.6068)
6225,61,0.48028361797332764,0.09252753108739853,0.03461907058954239,tensor(14.6068)
6225,62,0.48028361797332764,0.09252753108739853,0.04091077670454979,tensor(13.8816)
6226,62,0.003125240560621023,0.09252753108739853,0.04091077670454979,tensor(13.8816)
6227,62,0.49461203813552856,0.09252753108739853,0.04091077670454979,tensor(13.8816)
6228,62,0.05418898165225983,0.09252753108739853,0.04091077670454979,tensor(13.8816)
6229,62,0.15886595845222473,0.09252753108739853,0.04091077670454979,tensor(13.8816)
6230,62,0.05167662352323532,0.09252753108739853,0.04091077670454979,tensor(13.8816)
6231,62,0.3091890811920166,0.09252753108739853,0.04091077670454979,tensor(13.8816)
6232,62,0.02261294797062874,0.09252753108739853,0.04091077670454979,tensor(13.8816)
6233,62,0.009087023325264454,0.09252753108739853,0.04091077670454979,tensor(13.8816)
6234,62,0.41567182540893555,0.09252753108739853,0.04091077670454979,tensor(13.8816)
6235,62,0.008174212649464607,0.09252753108739853,0.04091077670454979,tensor(13.8816)
6236,62,0.026455726474523544,0.09252753108739853,0.04091077670454979,tensor(13.8816)
6237,62,0.009910227730870247,0.09252753108739853,0.04091077670454979,tensor(13.8816)
6238,62,0.03470331430435181,0.09252753108739853,0.04091077670454979,tensor(13.8816)
6239,62,0.11269491910934448,0.09252753108739853,0.04091077670454979,tensor(13.8816)
6240,62,0.17086263000965118,0.09252753108739853,0.04091077670454979,tensor(13.8816)
6241,62,0.19885486364364624,0.09252753108739853,0.04091077670454979,tensor(13.8816)
6242,62,0.05848272144794464,0.09252753108739853,0.04091077670454979,tensor(13.8816)
6243,62,0.1672513484954834,0.09252753108739853,0.04091077670454979,tensor(13.8816)
6244,62,0.09944590926170349,0.09252753108739853,0.04091077670454979,tensor(13.8816)
6245,62,0.1620606780052185,0.09252753108739853,0.04091077670454979,tensor(13.8816)
6246,62,0.05818255990743637,0.09252753108739853,0.04091077670454979,tensor(13.8816)
6247,62,0.30597031116485596,0.09252753108739853,0.04091077670454979,tensor(13.8816)
6248,62,0.511865496635437,0.09252753108739853,0.04091077670454979,tensor(13.8816)
6249,62,0.045330725610256195,0.09252753108739853,0.04091077670454979,tensor(13.8816)
6250,62,0.07622800767421722,0.09252753108739853,0.04091077670454979,tensor(13.8816)
6251,62,0.00954069010913372,0.09252753108739853,0.04091077670454979,tensor(13.8816)
6252,62,0.008855050429701805,0.09252753108739853,0.04091077670454979,tensor(13.8816)
6253,62,0.10524745285511017,0.09252753108739853,0.04091077670454979,tensor(13.8816)
6254,62,0.0053053004667162895,0.09252753108739853,0.04091077670454979,tensor(13.8816)
6255,62,0.0083787702023983,0.09252753108739853,0.04091077670454979,tensor(13.8816)
6256,62,0.2589740455150604,0.09252753108739853,0.04091077670454979,tensor(13.8816)
6257,62,0.057847097516059875,0.09252753108739853,0.04091077670454979,tensor(13.8816)
6258,62,0.027802910655736923,0.09252753108739853,0.04091077670454979,tensor(13.8816)
6259,62,0.0720403641462326,0.09252753108739853,0.04091077670454979,tensor(13.8816)
6260,62,0.01142074353992939,0.09252753108739853,0.04091077670454979,tensor(13.8816)
6261,62,0.26588165760040283,0.09252753108739853,0.04091077670454979,tensor(13.8816)
6262,62,0.006142765283584595,0.09252753108739853,0.04091077670454979,tensor(13.8816)
6263,62,0.007105500902980566,0.09252753108739853,0.04091077670454979,tensor(13.8816)
6264,62,0.0057443249970674515,0.09252753108739853,0.04091077670454979,tensor(13.8816)
6265,62,0.005607332102954388,0.09252753108739853,0.04091077670454979,tensor(13.8816)
6266,62,0.015081209130585194,0.09252753108739853,0.04091077670454979,tensor(13.8816)
6267,62,0.0074065146036446095,0.09252753108739853,0.04091077670454979,tensor(13.8816)
6268,62,0.1371564269065857,0.09252753108739853,0.04091077670454979,tensor(13.8816)
6269,62,0.005123983137309551,0.09252753108739853,0.04091077670454979,tensor(13.8816)
6270,62,0.018018623813986778,0.09252753108739853,0.04091077670454979,tensor(13.8816)
6271,62,0.04949527978897095,0.09252753108739853,0.04091077670454979,tensor(13.8816)
6272,62,0.018367299810051918,0.09252753108739853,0.04091077670454979,tensor(13.8816)
6273,62,0.006459081545472145,0.09252753108739853,0.04091077670454979,tensor(13.8816)
6274,62,0.022372860461473465,0.09252753108739853,0.04091077670454979,tensor(13.8816)
6275,62,0.2039792239665985,0.09252753108739853,0.04091077670454979,tensor(13.8816)
6276,62,0.10571633279323578,0.09252753108739853,0.04091077670454979,tensor(13.8816)
6277,62,0.05088590458035469,0.09252753108739853,0.04091077670454979,tensor(13.8816)
6278,62,0.041658882051706314,0.09252753108739853,0.04091077670454979,tensor(13.8816)
6279,62,0.2687210440635681,0.09252753108739853,0.04091077670454979,tensor(13.8816)
6280,62,0.10009979456663132,0.09252753108739853,0.04091077670454979,tensor(13.8816)
6281,62,0.0038203170988708735,0.09252753108739853,0.04091077670454979,tensor(13.8816)
6282,62,0.07685612142086029,0.09252753108739853,0.04091077670454979,tensor(13.8816)
6283,62,0.003840117482468486,0.09252753108739853,0.04091077670454979,tensor(13.8816)
6284,62,0.9396239519119263,0.09252753108739853,0.04091077670454979,tensor(13.8816)
6285,62,0.03683434799313545,0.09252753108739853,0.04091077670454979,tensor(13.8816)
6286,62,0.07926482707262039,0.09252753108739853,0.04091077670454979,tensor(13.8816)
6287,62,0.2209966629743576,0.09252753108739853,0.04091077670454979,tensor(13.8816)
6288,62,0.23781037330627441,0.09252753108739853,0.04091077670454979,tensor(13.8816)
6289,62,0.006159106269478798,0.09252753108739853,0.04091077670454979,tensor(13.8816)
6290,62,0.04522554576396942,0.09252753108739853,0.04091077670454979,tensor(13.8816)
6291,62,0.030427562072873116,0.09252753108739853,0.04091077670454979,tensor(13.8816)
6292,62,0.13197648525238037,0.09252753108739853,0.04091077670454979,tensor(13.8816)
6293,62,0.12397877871990204,0.09252753108739853,0.04091077670454979,tensor(13.8816)
6294,62,0.010797126218676567,0.09252753108739853,0.04091077670454979,tensor(13.8816)
6295,62,0.19911521673202515,0.09252753108739853,0.04091077670454979,tensor(13.8816)
6296,62,0.03725069761276245,0.09252753108739853,0.04091077670454979,tensor(13.8816)
6297,62,0.26110708713531494,0.09252753108739853,0.04091077670454979,tensor(13.8816)
6298,62,0.21615815162658691,0.09252753108739853,0.04091077670454979,tensor(13.8816)
6299,62,0.012196661904454231,0.09252753108739853,0.04091077670454979,tensor(13.8816)
6300,62,0.475217342376709,0.09252753108739853,0.04091077670454979,tensor(13.8816)
6301,62,0.011150472797453403,0.09252753108739853,0.04091077670454979,tensor(13.8816)
6302,62,0.11588543653488159,0.09252753108739853,0.04091077670454979,tensor(13.8816)
6303,62,0.07221190631389618,0.09252753108739853,0.04091077670454979,tensor(13.8816)
6304,62,0.00803733803331852,0.09252753108739853,0.04091077670454979,tensor(13.8816)
6305,62,0.011021983809769154,0.09252753108739853,0.04091077670454979,tensor(13.8816)
6306,62,0.06862783432006836,0.09252753108739853,0.04091077670454979,tensor(13.8816)
6307,62,0.44637957215309143,0.09252753108739853,0.04091077670454979,tensor(13.8816)
6308,62,0.24348139762878418,0.09252753108739853,0.04091077670454979,tensor(13.8816)
6309,62,0.006611444987356663,0.09252753108739853,0.04091077670454979,tensor(13.8816)
6310,62,0.533385157585144,0.09252753108739853,0.04091077670454979,tensor(13.8816)
6311,62,0.024248618632555008,0.09252753108739853,0.04091077670454979,tensor(13.8816)
6312,62,0.1799558401107788,0.09252753108739853,0.04091077670454979,tensor(13.8816)
6313,62,0.5847121477127075,0.09252753108739853,0.04091077670454979,tensor(13.8816)
6314,62,0.02274993434548378,0.09252753108739853,0.04091077670454979,tensor(13.8816)
6315,62,0.40804120898246765,0.09252753108739853,0.04091077670454979,tensor(13.8816)
6316,62,0.05088144540786743,0.09252753108739853,0.04091077670454979,tensor(13.8816)
6317,62,0.24685120582580566,0.09252753108739853,0.04091077670454979,tensor(13.8816)
6318,62,0.8669711351394653,0.09252753108739853,0.04091077670454979,tensor(13.8816)
6319,62,0.03621581196784973,0.09252753108739853,0.04091077670454979,tensor(13.8816)
6320,62,0.6492164134979248,0.09252753108739853,0.04091077670454979,tensor(13.8816)
6321,62,0.011042643338441849,0.09252753108739853,0.04091077670454979,tensor(13.8816)
6322,62,0.1239681988954544,0.09252753108739853,0.04091077670454979,tensor(13.8816)
6323,62,0.44100528955459595,0.09252753108739853,0.04091077670454979,tensor(13.8816)
6324,62,0.3717094659805298,0.09252753108739853,0.04091077670454979,tensor(13.8816)
6325,62,0.3717094659805298,0.00640784902498126,0.04091077670454979,tensor(13.8816)
6326,62,0.3717094659805298,0.006837876513600349,0.04091077670454979,tensor(13.8816)
6327,62,0.1944732367992401,0.006837876513600349,0.04091077670454979,tensor(13.8816)
6327,63,0.1944732367992401,0.006837876513600349,0.059754300862550735,tensor(12.2363)
6328,63,0.1750815510749817,0.006837876513600349,0.059754300862550735,tensor(12.2363)
6329,63,0.13771918416023254,0.006837876513600349,0.059754300862550735,tensor(12.2363)
6330,63,0.02781660668551922,0.006837876513600349,0.059754300862550735,tensor(12.2363)
6331,63,0.010021238587796688,0.006837876513600349,0.059754300862550735,tensor(12.2363)
6332,63,0.009645121172070503,0.006837876513600349,0.059754300862550735,tensor(12.2363)
6333,63,0.011150578036904335,0.006837876513600349,0.059754300862550735,tensor(12.2363)
6334,63,0.2587019205093384,0.006837876513600349,0.059754300862550735,tensor(12.2363)
6335,63,0.6235626935958862,0.006837876513600349,0.059754300862550735,tensor(12.2363)
6336,63,0.05598016828298569,0.006837876513600349,0.059754300862550735,tensor(12.2363)
6337,63,0.061704352498054504,0.006837876513600349,0.059754300862550735,tensor(12.2363)
6338,63,0.024377278983592987,0.006837876513600349,0.059754300862550735,tensor(12.2363)
6339,63,0.08739600330591202,0.006837876513600349,0.059754300862550735,tensor(12.2363)
6340,63,0.031746409833431244,0.006837876513600349,0.059754300862550735,tensor(12.2363)
6341,63,0.05894237011671066,0.006837876513600349,0.059754300862550735,tensor(12.2363)
6342,63,0.07371830940246582,0.006837876513600349,0.059754300862550735,tensor(12.2363)
6343,63,0.05895185098052025,0.006837876513600349,0.059754300862550735,tensor(12.2363)
6344,63,0.1120041012763977,0.006837876513600349,0.059754300862550735,tensor(12.2363)
6345,63,0.04988192766904831,0.006837876513600349,0.059754300862550735,tensor(12.2363)
6346,63,0.43343091011047363,0.006837876513600349,0.059754300862550735,tensor(12.2363)
6347,63,0.10363540798425674,0.006837876513600349,0.059754300862550735,tensor(12.2363)
6348,63,0.06970088183879852,0.006837876513600349,0.059754300862550735,tensor(12.2363)
6349,63,0.15008306503295898,0.006837876513600349,0.059754300862550735,tensor(12.2363)
6350,63,0.5488024950027466,0.006837876513600349,0.059754300862550735,tensor(12.2363)
6351,63,0.06800038367509842,0.006837876513600349,0.059754300862550735,tensor(12.2363)
6352,63,0.015128573402762413,0.006837876513600349,0.059754300862550735,tensor(12.2363)
6353,63,0.046745479106903076,0.006837876513600349,0.059754300862550735,tensor(12.2363)
6354,63,0.08237771689891815,0.006837876513600349,0.059754300862550735,tensor(12.2363)
6355,63,0.17988070845603943,0.006837876513600349,0.059754300862550735,tensor(12.2363)
6356,63,0.20594514906406403,0.006837876513600349,0.059754300862550735,tensor(12.2363)
6357,63,0.0080924853682518,0.006837876513600349,0.059754300862550735,tensor(12.2363)
6358,63,0.4024180769920349,0.006837876513600349,0.059754300862550735,tensor(12.2363)
6359,63,0.0037280083633959293,0.006837876513600349,0.059754300862550735,tensor(12.2363)
6360,63,0.10920853167772293,0.006837876513600349,0.059754300862550735,tensor(12.2363)
6361,63,0.0059431735426187515,0.006837876513600349,0.059754300862550735,tensor(12.2363)
6362,63,0.34538960456848145,0.006837876513600349,0.059754300862550735,tensor(12.2363)
6363,63,0.009420573711395264,0.006837876513600349,0.059754300862550735,tensor(12.2363)
6364,63,0.2662246823310852,0.006837876513600349,0.059754300862550735,tensor(12.2363)
6365,63,0.013967378996312618,0.006837876513600349,0.059754300862550735,tensor(12.2363)
6366,63,0.0326114147901535,0.006837876513600349,0.059754300862550735,tensor(12.2363)
6367,63,0.02073529362678528,0.006837876513600349,0.059754300862550735,tensor(12.2363)
6368,63,0.21571743488311768,0.006837876513600349,0.059754300862550735,tensor(12.2363)
6369,63,0.1324942708015442,0.006837876513600349,0.059754300862550735,tensor(12.2363)
6370,63,0.01073622889816761,0.006837876513600349,0.059754300862550735,tensor(12.2363)
6371,63,0.36600303649902344,0.006837876513600349,0.059754300862550735,tensor(12.2363)
6372,63,0.010560167953372002,0.006837876513600349,0.059754300862550735,tensor(12.2363)
6373,63,0.8254830837249756,0.006837876513600349,0.059754300862550735,tensor(12.2363)
6374,63,0.007657336071133614,0.006837876513600349,0.059754300862550735,tensor(12.2363)
6375,63,0.12671250104904175,0.006837876513600349,0.059754300862550735,tensor(12.2363)
6376,63,0.03424786776304245,0.006837876513600349,0.059754300862550735,tensor(12.2363)
6377,63,0.007047525607049465,0.006837876513600349,0.059754300862550735,tensor(12.2363)
6378,63,0.277488648891449,0.006837876513600349,0.059754300862550735,tensor(12.2363)
6379,63,0.0649145320057869,0.006837876513600349,0.059754300862550735,tensor(12.2363)
6380,63,0.029788749292492867,0.006837876513600349,0.059754300862550735,tensor(12.2363)
6381,63,0.032800622284412384,0.006837876513600349,0.059754300862550735,tensor(12.2363)
6382,63,0.022616561502218246,0.006837876513600349,0.059754300862550735,tensor(12.2363)
6383,63,0.015312138944864273,0.006837876513600349,0.059754300862550735,tensor(12.2363)
6384,63,0.6761850714683533,0.006837876513600349,0.059754300862550735,tensor(12.2363)
6385,63,0.4442989230155945,0.006837876513600349,0.059754300862550735,tensor(12.2363)
6386,63,0.3207957446575165,0.006837876513600349,0.059754300862550735,tensor(12.2363)
6387,63,0.006319107487797737,0.006837876513600349,0.059754300862550735,tensor(12.2363)
6388,63,0.30189719796180725,0.006837876513600349,0.059754300862550735,tensor(12.2363)
6389,63,0.006501059979200363,0.006837876513600349,0.059754300862550735,tensor(12.2363)
6390,63,0.006246556062251329,0.006837876513600349,0.059754300862550735,tensor(12.2363)
6391,63,0.38931572437286377,0.006837876513600349,0.059754300862550735,tensor(12.2363)
6392,63,0.023019060492515564,0.006837876513600349,0.059754300862550735,tensor(12.2363)
6393,63,0.014096616767346859,0.006837876513600349,0.059754300862550735,tensor(12.2363)
6394,63,0.248104065656662,0.006837876513600349,0.059754300862550735,tensor(12.2363)
6395,63,0.5782647132873535,0.006837876513600349,0.059754300862550735,tensor(12.2363)
6396,63,0.15150466561317444,0.006837876513600349,0.059754300862550735,tensor(12.2363)
6397,63,0.05924837291240692,0.006837876513600349,0.059754300862550735,tensor(12.2363)
6398,63,0.005352686624974012,0.006837876513600349,0.059754300862550735,tensor(12.2363)
6399,63,0.022073645144701004,0.006837876513600349,0.059754300862550735,tensor(12.2363)
6400,63,0.24293085932731628,0.006837876513600349,0.059754300862550735,tensor(12.2363)
6401,63,0.0041115861386060715,0.006837876513600349,0.059754300862550735,tensor(12.2363)
6402,63,0.2304987758398056,0.006837876513600349,0.059754300862550735,tensor(12.2363)
6403,63,0.04762833192944527,0.006837876513600349,0.059754300862550735,tensor(12.2363)
6404,63,0.32622843980789185,0.006837876513600349,0.059754300862550735,tensor(12.2363)
6405,63,0.09225592017173767,0.006837876513600349,0.059754300862550735,tensor(12.2363)
6406,63,0.05707409977912903,0.006837876513600349,0.059754300862550735,tensor(12.2363)
6407,63,0.023624898865818977,0.006837876513600349,0.059754300862550735,tensor(12.2363)
6408,63,0.004791617393493652,0.006837876513600349,0.059754300862550735,tensor(12.2363)
6409,63,0.018603544682264328,0.006837876513600349,0.059754300862550735,tensor(12.2363)
6410,63,0.4189899265766144,0.006837876513600349,0.059754300862550735,tensor(12.2363)
6411,63,0.06305433809757233,0.006837876513600349,0.059754300862550735,tensor(12.2363)
6412,63,0.0593026839196682,0.006837876513600349,0.059754300862550735,tensor(12.2363)
6413,63,0.06780613958835602,0.006837876513600349,0.059754300862550735,tensor(12.2363)
6414,63,0.664280354976654,0.006837876513600349,0.059754300862550735,tensor(12.2363)
6415,63,0.012193582952022552,0.006837876513600349,0.059754300862550735,tensor(12.2363)
6416,63,0.02893703803420067,0.006837876513600349,0.059754300862550735,tensor(12.2363)
6417,63,0.13074642419815063,0.006837876513600349,0.059754300862550735,tensor(12.2363)
6418,63,0.013626916334033012,0.006837876513600349,0.059754300862550735,tensor(12.2363)
6419,63,0.1594364047050476,0.006837876513600349,0.059754300862550735,tensor(12.2363)
6420,63,1.063894510269165,0.006837876513600349,0.059754300862550735,tensor(12.2363)
6421,63,0.0984545573592186,0.006837876513600349,0.059754300862550735,tensor(12.2363)
6422,63,0.6550867557525635,0.006837876513600349,0.059754300862550735,tensor(12.2363)
6423,63,0.07796338200569153,0.006837876513600349,0.059754300862550735,tensor(12.2363)
6424,63,0.008468324318528175,0.006837876513600349,0.059754300862550735,tensor(12.2363)
6425,63,0.002705131657421589,0.006837876513600349,0.059754300862550735,tensor(12.2363)
6426,63,0.010737796314060688,0.006837876513600349,0.059754300862550735,tensor(12.2363)
6427,63,0.010737796314060688,0.00807587057352066,0.059754300862550735,tensor(12.2363)
6428,63,0.010737796314060688,0.35604506731033325,0.059754300862550735,tensor(12.2363)
6429,63,0.03306493163108826,0.35604506731033325,0.059754300862550735,tensor(12.2363)
6429,64,0.03306493163108826,0.35604506731033325,0.09165811538696289,tensor(10.3783)
6430,64,0.19163884222507477,0.35604506731033325,0.09165811538696289,tensor(10.3783)
6431,64,0.27050137519836426,0.35604506731033325,0.09165811538696289,tensor(10.3783)
6432,64,0.08619105070829391,0.35604506731033325,0.09165811538696289,tensor(10.3783)
6433,64,0.03132055699825287,0.35604506731033325,0.09165811538696289,tensor(10.3783)
6434,64,0.004598391707986593,0.35604506731033325,0.09165811538696289,tensor(10.3783)
6435,64,0.013504491187632084,0.35604506731033325,0.09165811538696289,tensor(10.3783)
6436,64,0.7768816351890564,0.35604506731033325,0.09165811538696289,tensor(10.3783)
6437,64,0.03204039856791496,0.35604506731033325,0.09165811538696289,tensor(10.3783)
6438,64,0.082609161734581,0.35604506731033325,0.09165811538696289,tensor(10.3783)
6439,64,0.16488726437091827,0.35604506731033325,0.09165811538696289,tensor(10.3783)
6440,64,0.03817204758524895,0.35604506731033325,0.09165811538696289,tensor(10.3783)
6441,64,0.2667924463748932,0.35604506731033325,0.09165811538696289,tensor(10.3783)
6442,64,0.06678448617458344,0.35604506731033325,0.09165811538696289,tensor(10.3783)
6443,64,0.4568045139312744,0.35604506731033325,0.09165811538696289,tensor(10.3783)
6444,64,0.05501207709312439,0.35604506731033325,0.09165811538696289,tensor(10.3783)
6445,64,0.006827585864812136,0.35604506731033325,0.09165811538696289,tensor(10.3783)
6446,64,0.8344710469245911,0.35604506731033325,0.09165811538696289,tensor(10.3783)
6447,64,0.20213063061237335,0.35604506731033325,0.09165811538696289,tensor(10.3783)
6448,64,0.782810628414154,0.35604506731033325,0.09165811538696289,tensor(10.3783)
6449,64,0.006597926840186119,0.35604506731033325,0.09165811538696289,tensor(10.3783)
6450,64,0.4351872205734253,0.35604506731033325,0.09165811538696289,tensor(10.3783)
6451,64,0.0774037092924118,0.35604506731033325,0.09165811538696289,tensor(10.3783)
6452,64,0.018736863508820534,0.35604506731033325,0.09165811538696289,tensor(10.3783)
6453,64,0.07802711427211761,0.35604506731033325,0.09165811538696289,tensor(10.3783)
6454,64,0.45865461230278015,0.35604506731033325,0.09165811538696289,tensor(10.3783)
6455,64,0.006583043374121189,0.35604506731033325,0.09165811538696289,tensor(10.3783)
6456,64,0.006591870449483395,0.35604506731033325,0.09165811538696289,tensor(10.3783)
6457,64,0.5732249021530151,0.35604506731033325,0.09165811538696289,tensor(10.3783)
6458,64,0.13933122158050537,0.35604506731033325,0.09165811538696289,tensor(10.3783)
6459,64,0.09847156703472137,0.35604506731033325,0.09165811538696289,tensor(10.3783)
6460,64,0.003942334093153477,0.35604506731033325,0.09165811538696289,tensor(10.3783)
6461,64,0.016077930107712746,0.35604506731033325,0.09165811538696289,tensor(10.3783)
6462,64,0.36016252636909485,0.35604506731033325,0.09165811538696289,tensor(10.3783)
6463,64,0.0874129980802536,0.35604506731033325,0.09165811538696289,tensor(10.3783)
6464,64,0.010753500275313854,0.35604506731033325,0.09165811538696289,tensor(10.3783)
6465,64,0.10277324914932251,0.35604506731033325,0.09165811538696289,tensor(10.3783)
6466,64,0.021642033010721207,0.35604506731033325,0.09165811538696289,tensor(10.3783)
6467,64,0.006906292866915464,0.35604506731033325,0.09165811538696289,tensor(10.3783)
6468,64,0.01400300394743681,0.35604506731033325,0.09165811538696289,tensor(10.3783)
6469,64,0.005286072846502066,0.35604506731033325,0.09165811538696289,tensor(10.3783)
6470,64,0.07520252466201782,0.35604506731033325,0.09165811538696289,tensor(10.3783)
6471,64,0.06739101558923721,0.35604506731033325,0.09165811538696289,tensor(10.3783)
6472,64,0.00652614701539278,0.35604506731033325,0.09165811538696289,tensor(10.3783)
6473,64,0.6023427844047546,0.35604506731033325,0.09165811538696289,tensor(10.3783)
6474,64,0.45339393615722656,0.35604506731033325,0.09165811538696289,tensor(10.3783)
6475,64,0.020438024774193764,0.35604506731033325,0.09165811538696289,tensor(10.3783)
6476,64,0.28949815034866333,0.35604506731033325,0.09165811538696289,tensor(10.3783)
6477,64,0.7121734023094177,0.35604506731033325,0.09165811538696289,tensor(10.3783)
6478,64,0.2315140664577484,0.35604506731033325,0.09165811538696289,tensor(10.3783)
6479,64,0.37952083349227905,0.35604506731033325,0.09165811538696289,tensor(10.3783)
6480,64,0.04314018040895462,0.35604506731033325,0.09165811538696289,tensor(10.3783)
6481,64,0.06042829900979996,0.35604506731033325,0.09165811538696289,tensor(10.3783)
6482,64,0.315484881401062,0.35604506731033325,0.09165811538696289,tensor(10.3783)
6483,64,0.09075143933296204,0.35604506731033325,0.09165811538696289,tensor(10.3783)
6484,64,0.10939010977745056,0.35604506731033325,0.09165811538696289,tensor(10.3783)
6485,64,0.03803633153438568,0.35604506731033325,0.09165811538696289,tensor(10.3783)
6486,64,0.05725204199552536,0.35604506731033325,0.09165811538696289,tensor(10.3783)
6487,64,0.068947434425354,0.35604506731033325,0.09165811538696289,tensor(10.3783)
6488,64,0.08145411312580109,0.35604506731033325,0.09165811538696289,tensor(10.3783)
6489,64,0.0033180546015501022,0.35604506731033325,0.09165811538696289,tensor(10.3783)
6490,64,0.024283232167363167,0.35604506731033325,0.09165811538696289,tensor(10.3783)
6491,64,0.00605386309325695,0.35604506731033325,0.09165811538696289,tensor(10.3783)
6492,64,0.10397960245609283,0.35604506731033325,0.09165811538696289,tensor(10.3783)
6493,64,0.007862774655222893,0.35604506731033325,0.09165811538696289,tensor(10.3783)
6494,64,0.002908326219767332,0.35604506731033325,0.09165811538696289,tensor(10.3783)
6495,64,0.011567598208785057,0.35604506731033325,0.09165811538696289,tensor(10.3783)
6496,64,0.002162257907912135,0.35604506731033325,0.09165811538696289,tensor(10.3783)
6497,64,0.00196349760517478,0.35604506731033325,0.09165811538696289,tensor(10.3783)
6498,64,0.021786745637655258,0.35604506731033325,0.09165811538696289,tensor(10.3783)
6499,64,0.097879558801651,0.35604506731033325,0.09165811538696289,tensor(10.3783)
6500,64,0.5578488111495972,0.35604506731033325,0.09165811538696289,tensor(10.3783)
6501,64,0.1285904198884964,0.35604506731033325,0.09165811538696289,tensor(10.3783)
6502,64,0.16885945200920105,0.35604506731033325,0.09165811538696289,tensor(10.3783)
6503,64,0.009846138767898083,0.35604506731033325,0.09165811538696289,tensor(10.3783)
6504,64,0.10762453824281693,0.35604506731033325,0.09165811538696289,tensor(10.3783)
6505,64,0.01673196256160736,0.35604506731033325,0.09165811538696289,tensor(10.3783)
6506,64,0.003952743019908667,0.35604506731033325,0.09165811538696289,tensor(10.3783)
6507,64,0.23018032312393188,0.35604506731033325,0.09165811538696289,tensor(10.3783)
6508,64,0.054603807628154755,0.35604506731033325,0.09165811538696289,tensor(10.3783)
6509,64,0.6438182592391968,0.35604506731033325,0.09165811538696289,tensor(10.3783)
6510,64,0.004106900654733181,0.35604506731033325,0.09165811538696289,tensor(10.3783)
6511,64,0.3958967328071594,0.35604506731033325,0.09165811538696289,tensor(10.3783)
6512,64,0.051569223403930664,0.35604506731033325,0.09165811538696289,tensor(10.3783)
6513,64,0.0062600430101156235,0.35604506731033325,0.09165811538696289,tensor(10.3783)
6514,64,0.0337001271545887,0.35604506731033325,0.09165811538696289,tensor(10.3783)
6515,64,0.09420029819011688,0.35604506731033325,0.09165811538696289,tensor(10.3783)
6516,64,0.010010404512286186,0.35604506731033325,0.09165811538696289,tensor(10.3783)
6517,64,0.11187566816806793,0.35604506731033325,0.09165811538696289,tensor(10.3783)
6518,64,0.23260360956192017,0.35604506731033325,0.09165811538696289,tensor(10.3783)
6519,64,0.47690844535827637,0.35604506731033325,0.09165811538696289,tensor(10.3783)
6520,64,0.016308816149830818,0.35604506731033325,0.09165811538696289,tensor(10.3783)
6521,64,0.7341635227203369,0.35604506731033325,0.09165811538696289,tensor(10.3783)
6522,64,0.7300037145614624,0.35604506731033325,0.09165811538696289,tensor(10.3783)
6523,64,0.0563434362411499,0.35604506731033325,0.09165811538696289,tensor(10.3783)
6524,64,0.25763076543807983,0.35604506731033325,0.09165811538696289,tensor(10.3783)
6525,64,0.15993070602416992,0.35604506731033325,0.09165811538696289,tensor(10.3783)
6526,64,0.022722667083144188,0.35604506731033325,0.09165811538696289,tensor(10.3783)
6527,64,0.10351624339818954,0.35604506731033325,0.09165811538696289,tensor(10.3783)
6528,64,0.22649164497852325,0.35604506731033325,0.09165811538696289,tensor(10.3783)
6529,64,0.22649164497852325,0.07901006191968918,0.09165811538696289,tensor(10.3783)
6530,64,0.22649164497852325,0.03487801551818848,0.09165811538696289,tensor(10.3783)
6531,64,0.07771585136651993,0.03487801551818848,0.09165811538696289,tensor(10.3783)
6531,65,0.07771585136651993,0.03487801551818848,0.15583451092243195,tensor(8.0734)
6532,65,0.47545740008354187,0.03487801551818848,0.15583451092243195,tensor(8.0734)
6533,65,0.634096622467041,0.03487801551818848,0.15583451092243195,tensor(8.0734)
6534,65,1.0051383972167969,0.03487801551818848,0.15583451092243195,tensor(8.0734)
6535,65,0.9348832964897156,0.03487801551818848,0.15583451092243195,tensor(8.0734)
6536,65,0.949672520160675,0.03487801551818848,0.15583451092243195,tensor(8.0734)
6537,65,0.9365792274475098,0.03487801551818848,0.15583451092243195,tensor(8.0734)
6538,65,1.0404733419418335,0.03487801551818848,0.15583451092243195,tensor(8.0734)
6539,65,0.637689471244812,0.03487801551818848,0.15583451092243195,tensor(8.0734)
6540,65,0.9793578386306763,0.03487801551818848,0.15583451092243195,tensor(8.0734)
6541,65,1.0652596950531006,0.03487801551818848,0.15583451092243195,tensor(8.0734)
6542,65,0.9581564664840698,0.03487801551818848,0.15583451092243195,tensor(8.0734)
6543,65,1.0342849493026733,0.03487801551818848,0.15583451092243195,tensor(8.0734)
6544,65,1.0827324390411377,0.03487801551818848,0.15583451092243195,tensor(8.0734)
6545,65,1.0196616649627686,0.03487801551818848,0.15583451092243195,tensor(8.0734)
6546,65,0.9763945937156677,0.03487801551818848,0.15583451092243195,tensor(8.0734)
6547,65,0.9240293502807617,0.03487801551818848,0.15583451092243195,tensor(8.0734)
6548,65,0.9039577841758728,0.03487801551818848,0.15583451092243195,tensor(8.0734)
6549,65,0.9195724725723267,0.03487801551818848,0.15583451092243195,tensor(8.0734)
6550,65,0.8686801195144653,0.03487801551818848,0.15583451092243195,tensor(8.0734)
6551,65,1.0133812427520752,0.03487801551818848,0.15583451092243195,tensor(8.0734)
6552,65,1.1007754802703857,0.03487801551818848,0.15583451092243195,tensor(8.0734)
6553,65,0.9888997077941895,0.03487801551818848,0.15583451092243195,tensor(8.0734)
6554,65,1.0537091493606567,0.03487801551818848,0.15583451092243195,tensor(8.0734)
6555,65,0.9718621969223022,0.03487801551818848,0.15583451092243195,tensor(8.0734)
6556,65,0.9424183964729309,0.03487801551818848,0.15583451092243195,tensor(8.0734)
6557,65,1.0140131711959839,0.03487801551818848,0.15583451092243195,tensor(8.0734)
6558,65,0.9332049489021301,0.03487801551818848,0.15583451092243195,tensor(8.0734)
6559,65,0.9591636657714844,0.03487801551818848,0.15583451092243195,tensor(8.0734)
6560,65,1.162261724472046,0.03487801551818848,0.15583451092243195,tensor(8.0734)
6561,65,1.16178297996521,0.03487801551818848,0.15583451092243195,tensor(8.0734)
6562,65,1.1068711280822754,0.03487801551818848,0.15583451092243195,tensor(8.0734)
6563,65,1.0369946956634521,0.03487801551818848,0.15583451092243195,tensor(8.0734)
6564,65,0.9251563549041748,0.03487801551818848,0.15583451092243195,tensor(8.0734)
6565,65,0.9310330152511597,0.03487801551818848,0.15583451092243195,tensor(8.0734)
6566,65,1.166478157043457,0.03487801551818848,0.15583451092243195,tensor(8.0734)
6567,65,1.0254693031311035,0.03487801551818848,0.15583451092243195,tensor(8.0734)
6568,65,1.0555686950683594,0.03487801551818848,0.15583451092243195,tensor(8.0734)
6569,65,1.1263270378112793,0.03487801551818848,0.15583451092243195,tensor(8.0734)
6570,65,0.9995031356811523,0.03487801551818848,0.15583451092243195,tensor(8.0734)
6571,65,1.184794306755066,0.03487801551818848,0.15583451092243195,tensor(8.0734)
6572,65,1.2363395690917969,0.03487801551818848,0.15583451092243195,tensor(8.0734)
6573,65,1.0070661306381226,0.03487801551818848,0.15583451092243195,tensor(8.0734)
6574,65,0.9981026649475098,0.03487801551818848,0.15583451092243195,tensor(8.0734)
6575,65,0.9777257442474365,0.03487801551818848,0.15583451092243195,tensor(8.0734)
6576,65,1.0606865882873535,0.03487801551818848,0.15583451092243195,tensor(8.0734)
6577,65,1.121877670288086,0.03487801551818848,0.15583451092243195,tensor(8.0734)
6578,65,0.9410489797592163,0.03487801551818848,0.15583451092243195,tensor(8.0734)
6579,65,0.9697208404541016,0.03487801551818848,0.15583451092243195,tensor(8.0734)
6580,65,0.917658805847168,0.03487801551818848,0.15583451092243195,tensor(8.0734)
6581,65,1.0929224491119385,0.03487801551818848,0.15583451092243195,tensor(8.0734)
6582,65,1.1717909574508667,0.03487801551818848,0.15583451092243195,tensor(8.0734)
6583,65,1.0355720520019531,0.03487801551818848,0.15583451092243195,tensor(8.0734)
6584,65,0.902491569519043,0.03487801551818848,0.15583451092243195,tensor(8.0734)
6585,65,0.916797935962677,0.03487801551818848,0.15583451092243195,tensor(8.0734)
6586,65,1.0165786743164062,0.03487801551818848,0.15583451092243195,tensor(8.0734)
6587,65,1.0039674043655396,0.03487801551818848,0.15583451092243195,tensor(8.0734)
6588,65,0.8805364370346069,0.03487801551818848,0.15583451092243195,tensor(8.0734)
6589,65,1.0994831323623657,0.03487801551818848,0.15583451092243195,tensor(8.0734)
6590,65,1.0410422086715698,0.03487801551818848,0.15583451092243195,tensor(8.0734)
6591,65,0.7753465175628662,0.03487801551818848,0.15583451092243195,tensor(8.0734)
6592,65,0.9529608488082886,0.03487801551818848,0.15583451092243195,tensor(8.0734)
6593,65,0.8519119024276733,0.03487801551818848,0.15583451092243195,tensor(8.0734)
6594,65,0.9230314493179321,0.03487801551818848,0.15583451092243195,tensor(8.0734)
6595,65,1.135291337966919,0.03487801551818848,0.15583451092243195,tensor(8.0734)
6596,65,0.9819554686546326,0.03487801551818848,0.15583451092243195,tensor(8.0734)
6597,65,1.0754166841506958,0.03487801551818848,0.15583451092243195,tensor(8.0734)
6598,65,1.0459892749786377,0.03487801551818848,0.15583451092243195,tensor(8.0734)
6599,65,0.8738096952438354,0.03487801551818848,0.15583451092243195,tensor(8.0734)
6600,65,0.9729424715042114,0.03487801551818848,0.15583451092243195,tensor(8.0734)
6601,65,0.9710110425949097,0.03487801551818848,0.15583451092243195,tensor(8.0734)
6602,65,1.0203839540481567,0.03487801551818848,0.15583451092243195,tensor(8.0734)
6603,65,1.0554311275482178,0.03487801551818848,0.15583451092243195,tensor(8.0734)
6604,65,1.1017842292785645,0.03487801551818848,0.15583451092243195,tensor(8.0734)
6605,65,0.9821050763130188,0.03487801551818848,0.15583451092243195,tensor(8.0734)
6606,65,0.9835485219955444,0.03487801551818848,0.15583451092243195,tensor(8.0734)
6607,65,0.9171794056892395,0.03487801551818848,0.15583451092243195,tensor(8.0734)
6608,65,0.9328888654708862,0.03487801551818848,0.15583451092243195,tensor(8.0734)
6609,65,1.0463526248931885,0.03487801551818848,0.15583451092243195,tensor(8.0734)
6610,65,0.975928008556366,0.03487801551818848,0.15583451092243195,tensor(8.0734)
6611,65,1.067846655845642,0.03487801551818848,0.15583451092243195,tensor(8.0734)
6612,65,0.8526650071144104,0.03487801551818848,0.15583451092243195,tensor(8.0734)
6613,65,1.0069494247436523,0.03487801551818848,0.15583451092243195,tensor(8.0734)
6614,65,1.1095625162124634,0.03487801551818848,0.15583451092243195,tensor(8.0734)
6615,65,1.1799224615097046,0.03487801551818848,0.15583451092243195,tensor(8.0734)
6616,65,1.0727887153625488,0.03487801551818848,0.15583451092243195,tensor(8.0734)
6617,65,0.9935739040374756,0.03487801551818848,0.15583451092243195,tensor(8.0734)
6618,65,0.956207811832428,0.03487801551818848,0.15583451092243195,tensor(8.0734)
6619,65,1.1845855712890625,0.03487801551818848,0.15583451092243195,tensor(8.0734)
6620,65,1.1656248569488525,0.03487801551818848,0.15583451092243195,tensor(8.0734)
6621,65,1.0917954444885254,0.03487801551818848,0.15583451092243195,tensor(8.0734)
6622,65,1.1589133739471436,0.03487801551818848,0.15583451092243195,tensor(8.0734)
6623,65,1.046742558479309,0.03487801551818848,0.15583451092243195,tensor(8.0734)
6624,65,1.1423635482788086,0.03487801551818848,0.15583451092243195,tensor(8.0734)
6625,65,0.8843964338302612,0.03487801551818848,0.15583451092243195,tensor(8.0734)
6626,65,0.9149309396743774,0.03487801551818848,0.15583451092243195,tensor(8.0734)
6627,65,1.0723752975463867,0.03487801551818848,0.15583451092243195,tensor(8.0734)
6628,65,0.9907206892967224,0.03487801551818848,0.15583451092243195,tensor(8.0734)
6629,65,0.8788375854492188,0.03487801551818848,0.15583451092243195,tensor(8.0734)
6630,65,1.135892391204834,0.03487801551818848,0.15583451092243195,tensor(8.0734)
6631,65,1.135892391204834,1.0909500122070312,0.15583451092243195,tensor(8.0734)
6632,65,1.135892391204834,0.9033389687538147,0.15583451092243195,tensor(8.0734)
6633,65,0.897034227848053,0.9033389687538147,0.15583451092243195,tensor(8.0734)
6633,66,0.897034227848053,0.9033389687538147,1.0461030006408691,tensor(-0.1957)
6634,66,1.1556934118270874,0.9033389687538147,1.0461030006408691,tensor(-0.1957)
6635,66,1.2046446800231934,0.9033389687538147,1.0461030006408691,tensor(-0.1957)
6636,66,0.9837251901626587,0.9033389687538147,1.0461030006408691,tensor(-0.1957)
6637,66,1.072594404220581,0.9033389687538147,1.0461030006408691,tensor(-0.1957)
6638,66,1.0724594593048096,0.9033389687538147,1.0461030006408691,tensor(-0.1957)
6639,66,0.9702116250991821,0.9033389687538147,1.0461030006408691,tensor(-0.1957)
6640,66,1.033801794052124,0.9033389687538147,1.0461030006408691,tensor(-0.1957)
6641,66,0.9546469449996948,0.9033389687538147,1.0461030006408691,tensor(-0.1957)
6642,66,1.1385235786437988,0.9033389687538147,1.0461030006408691,tensor(-0.1957)
6643,66,1.0078935623168945,0.9033389687538147,1.0461030006408691,tensor(-0.1957)
6644,66,1.1686415672302246,0.9033389687538147,1.0461030006408691,tensor(-0.1957)
6645,66,1.092862606048584,0.9033389687538147,1.0461030006408691,tensor(-0.1957)
6646,66,0.9623518586158752,0.9033389687538147,1.0461030006408691,tensor(-0.1957)
6647,66,0.9935203194618225,0.9033389687538147,1.0461030006408691,tensor(-0.1957)
6648,66,0.9710968732833862,0.9033389687538147,1.0461030006408691,tensor(-0.1957)
6649,66,0.9611988067626953,0.9033389687538147,1.0461030006408691,tensor(-0.1957)
6650,66,1.0783309936523438,0.9033389687538147,1.0461030006408691,tensor(-0.1957)
6651,66,0.9764817953109741,0.9033389687538147,1.0461030006408691,tensor(-0.1957)
6652,66,0.9265109300613403,0.9033389687538147,1.0461030006408691,tensor(-0.1957)
6653,66,1.0234795808792114,0.9033389687538147,1.0461030006408691,tensor(-0.1957)
6654,66,1.0303725004196167,0.9033389687538147,1.0461030006408691,tensor(-0.1957)
6655,66,0.923776388168335,0.9033389687538147,1.0461030006408691,tensor(-0.1957)
6656,66,0.9386207461357117,0.9033389687538147,1.0461030006408691,tensor(-0.1957)
6657,66,1.0985348224639893,0.9033389687538147,1.0461030006408691,tensor(-0.1957)
6658,66,0.932201623916626,0.9033389687538147,1.0461030006408691,tensor(-0.1957)
6659,66,1.0926636457443237,0.9033389687538147,1.0461030006408691,tensor(-0.1957)
6660,66,0.8179821968078613,0.9033389687538147,1.0461030006408691,tensor(-0.1957)
6661,66,0.9248437881469727,0.9033389687538147,1.0461030006408691,tensor(-0.1957)
6662,66,0.9430025815963745,0.9033389687538147,1.0461030006408691,tensor(-0.1957)
6663,66,1.1090601682662964,0.9033389687538147,1.0461030006408691,tensor(-0.1957)
6664,66,1.0140893459320068,0.9033389687538147,1.0461030006408691,tensor(-0.1957)
6665,66,0.9963963627815247,0.9033389687538147,1.0461030006408691,tensor(-0.1957)
6666,66,0.8772889375686646,0.9033389687538147,1.0461030006408691,tensor(-0.1957)
6667,66,0.8854279518127441,0.9033389687538147,1.0461030006408691,tensor(-0.1957)
6668,66,1.0921909809112549,0.9033389687538147,1.0461030006408691,tensor(-0.1957)
6669,66,0.903522253036499,0.9033389687538147,1.0461030006408691,tensor(-0.1957)
6670,66,1.0483876466751099,0.9033389687538147,1.0461030006408691,tensor(-0.1957)
6671,66,1.0268999338150024,0.9033389687538147,1.0461030006408691,tensor(-0.1957)
6672,66,1.0065994262695312,0.9033389687538147,1.0461030006408691,tensor(-0.1957)
6673,66,1.2566214799880981,0.9033389687538147,1.0461030006408691,tensor(-0.1957)
6674,66,1.0465724468231201,0.9033389687538147,1.0461030006408691,tensor(-0.1957)
6675,66,1.0641710758209229,0.9033389687538147,1.0461030006408691,tensor(-0.1957)
6676,66,0.9589172601699829,0.9033389687538147,1.0461030006408691,tensor(-0.1957)
6677,66,0.965722918510437,0.9033389687538147,1.0461030006408691,tensor(-0.1957)
6678,66,1.0458109378814697,0.9033389687538147,1.0461030006408691,tensor(-0.1957)
6679,66,0.9303462505340576,0.9033389687538147,1.0461030006408691,tensor(-0.1957)
6680,66,1.0233957767486572,0.9033389687538147,1.0461030006408691,tensor(-0.1957)
6681,66,0.8900007009506226,0.9033389687538147,1.0461030006408691,tensor(-0.1957)
6682,66,0.979560375213623,0.9033389687538147,1.0461030006408691,tensor(-0.1957)
6683,66,0.8377126455307007,0.9033389687538147,1.0461030006408691,tensor(-0.1957)
6684,66,1.0202126502990723,0.9033389687538147,1.0461030006408691,tensor(-0.1957)
6685,66,1.0529131889343262,0.9033389687538147,1.0461030006408691,tensor(-0.1957)
6686,66,1.0193718671798706,0.9033389687538147,1.0461030006408691,tensor(-0.1957)
6687,66,1.0388909578323364,0.9033389687538147,1.0461030006408691,tensor(-0.1957)
6688,66,1.0322802066802979,0.9033389687538147,1.0461030006408691,tensor(-0.1957)
6689,66,1.1855660676956177,0.9033389687538147,1.0461030006408691,tensor(-0.1957)
6690,66,0.9763518571853638,0.9033389687538147,1.0461030006408691,tensor(-0.1957)
6691,66,0.9489837884902954,0.9033389687538147,1.0461030006408691,tensor(-0.1957)
6692,66,1.118789792060852,0.9033389687538147,1.0461030006408691,tensor(-0.1957)
6693,66,0.8444812893867493,0.9033389687538147,1.0461030006408691,tensor(-0.1957)
6694,66,0.9817352294921875,0.9033389687538147,1.0461030006408691,tensor(-0.1957)
6695,66,1.0159525871276855,0.9033389687538147,1.0461030006408691,tensor(-0.1957)
6696,66,0.8837810754776001,0.9033389687538147,1.0461030006408691,tensor(-0.1957)
6697,66,1.0324331521987915,0.9033389687538147,1.0461030006408691,tensor(-0.1957)
6698,66,0.8792399764060974,0.9033389687538147,1.0461030006408691,tensor(-0.1957)
6699,66,0.9462777376174927,0.9033389687538147,1.0461030006408691,tensor(-0.1957)
6700,66,1.1768147945404053,0.9033389687538147,1.0461030006408691,tensor(-0.1957)
6701,66,0.9281585216522217,0.9033389687538147,1.0461030006408691,tensor(-0.1957)
6702,66,1.1076096296310425,0.9033389687538147,1.0461030006408691,tensor(-0.1957)
6703,66,0.9934918880462646,0.9033389687538147,1.0461030006408691,tensor(-0.1957)
6704,66,0.93767249584198,0.9033389687538147,1.0461030006408691,tensor(-0.1957)
6705,66,0.9395397901535034,0.9033389687538147,1.0461030006408691,tensor(-0.1957)
6706,66,0.9291849136352539,0.9033389687538147,1.0461030006408691,tensor(-0.1957)
6707,66,0.9746431708335876,0.9033389687538147,1.0461030006408691,tensor(-0.1957)
6708,66,0.9377454519271851,0.9033389687538147,1.0461030006408691,tensor(-0.1957)
6709,66,0.9683119654655457,0.9033389687538147,1.0461030006408691,tensor(-0.1957)
6710,66,0.9178047776222229,0.9033389687538147,1.0461030006408691,tensor(-0.1957)
6711,66,1.0191762447357178,0.9033389687538147,1.0461030006408691,tensor(-0.1957)
6712,66,0.9181005954742432,0.9033389687538147,1.0461030006408691,tensor(-0.1957)
6713,66,0.9813209772109985,0.9033389687538147,1.0461030006408691,tensor(-0.1957)
6714,66,0.9989709854125977,0.9033389687538147,1.0461030006408691,tensor(-0.1957)
6715,66,1.1767678260803223,0.9033389687538147,1.0461030006408691,tensor(-0.1957)
6716,66,0.9732470512390137,0.9033389687538147,1.0461030006408691,tensor(-0.1957)
6717,66,0.9681659936904907,0.9033389687538147,1.0461030006408691,tensor(-0.1957)
6718,66,0.9751311540603638,0.9033389687538147,1.0461030006408691,tensor(-0.1957)
6719,66,0.8975685834884644,0.9033389687538147,1.0461030006408691,tensor(-0.1957)
6720,66,1.1017584800720215,0.9033389687538147,1.0461030006408691,tensor(-0.1957)
6721,66,0.9729210138320923,0.9033389687538147,1.0461030006408691,tensor(-0.1957)
6722,66,0.8490841388702393,0.9033389687538147,1.0461030006408691,tensor(-0.1957)
6723,66,1.0432794094085693,0.9033389687538147,1.0461030006408691,tensor(-0.1957)
6724,66,1.1168354749679565,0.9033389687538147,1.0461030006408691,tensor(-0.1957)
6725,66,1.0116938352584839,0.9033389687538147,1.0461030006408691,tensor(-0.1957)
6726,66,0.9439345598220825,0.9033389687538147,1.0461030006408691,tensor(-0.1957)
6727,66,1.1036021709442139,0.9033389687538147,1.0461030006408691,tensor(-0.1957)
6728,66,0.801133394241333,0.9033389687538147,1.0461030006408691,tensor(-0.1957)
6729,66,0.9876745343208313,0.9033389687538147,1.0461030006408691,tensor(-0.1957)
6730,66,0.9916912913322449,0.9033389687538147,1.0461030006408691,tensor(-0.1957)
6731,66,0.9849873781204224,0.9033389687538147,1.0461030006408691,tensor(-0.1957)
6732,66,1.0651692152023315,0.9033389687538147,1.0461030006408691,tensor(-0.1957)
6733,66,1.0651692152023315,0.9512792825698853,1.0461030006408691,tensor(-0.1957)
6734,66,1.0651692152023315,0.9288288950920105,1.0461030006408691,tensor(-0.1957)
6735,66,0.98846435546875,0.9288288950920105,1.0461030006408691,tensor(-0.1957)
6735,67,0.98846435546875,0.9288288950920105,1.1082090139389038,tensor(-0.4462)
6736,67,1.0342532396316528,0.9288288950920105,1.1082090139389038,tensor(-0.4462)
6737,67,0.842787504196167,0.9288288950920105,1.1082090139389038,tensor(-0.4462)
6738,67,0.854206383228302,0.9288288950920105,1.1082090139389038,tensor(-0.4462)
6739,67,0.9097689390182495,0.9288288950920105,1.1082090139389038,tensor(-0.4462)
6740,67,1.0348751544952393,0.9288288950920105,1.1082090139389038,tensor(-0.4462)
6741,67,0.8576418161392212,0.9288288950920105,1.1082090139389038,tensor(-0.4462)
6742,67,1.0406514406204224,0.9288288950920105,1.1082090139389038,tensor(-0.4462)
6743,67,0.9517866373062134,0.9288288950920105,1.1082090139389038,tensor(-0.4462)
6744,67,0.9547730684280396,0.9288288950920105,1.1082090139389038,tensor(-0.4462)
6745,67,1.0137003660202026,0.9288288950920105,1.1082090139389038,tensor(-0.4462)
6746,67,0.8515208959579468,0.9288288950920105,1.1082090139389038,tensor(-0.4462)
6747,67,0.9496259689331055,0.9288288950920105,1.1082090139389038,tensor(-0.4462)
6748,67,0.9024996161460876,0.9288288950920105,1.1082090139389038,tensor(-0.4462)
6749,67,0.987902045249939,0.9288288950920105,1.1082090139389038,tensor(-0.4462)
6750,67,1.0628165006637573,0.9288288950920105,1.1082090139389038,tensor(-0.4462)
6751,67,1.0530390739440918,0.9288288950920105,1.1082090139389038,tensor(-0.4462)
6752,67,0.9195688962936401,0.9288288950920105,1.1082090139389038,tensor(-0.4462)
6753,67,0.9808189868927002,0.9288288950920105,1.1082090139389038,tensor(-0.4462)
6754,67,0.996783971786499,0.9288288950920105,1.1082090139389038,tensor(-0.4462)
6755,67,1.009297251701355,0.9288288950920105,1.1082090139389038,tensor(-0.4462)
6756,67,0.9588743448257446,0.9288288950920105,1.1082090139389038,tensor(-0.4462)
6757,67,0.818049967288971,0.9288288950920105,1.1082090139389038,tensor(-0.4462)
6758,67,1.088478684425354,0.9288288950920105,1.1082090139389038,tensor(-0.4462)
6759,67,1.0405340194702148,0.9288288950920105,1.1082090139389038,tensor(-0.4462)
6760,67,0.9924479722976685,0.9288288950920105,1.1082090139389038,tensor(-0.4462)
6761,67,1.0824592113494873,0.9288288950920105,1.1082090139389038,tensor(-0.4462)
6762,67,1.0572949647903442,0.9288288950920105,1.1082090139389038,tensor(-0.4462)
6763,67,0.9601965546607971,0.9288288950920105,1.1082090139389038,tensor(-0.4462)
6764,67,1.0019071102142334,0.9288288950920105,1.1082090139389038,tensor(-0.4462)
6765,67,0.9097428321838379,0.9288288950920105,1.1082090139389038,tensor(-0.4462)
6766,67,0.9667049646377563,0.9288288950920105,1.1082090139389038,tensor(-0.4462)
6767,67,1.0773093700408936,0.9288288950920105,1.1082090139389038,tensor(-0.4462)
6768,67,1.1360342502593994,0.9288288950920105,1.1082090139389038,tensor(-0.4462)
6769,67,1.0381258726119995,0.9288288950920105,1.1082090139389038,tensor(-0.4462)
6770,67,1.0418930053710938,0.9288288950920105,1.1082090139389038,tensor(-0.4462)
6771,67,1.0623257160186768,0.9288288950920105,1.1082090139389038,tensor(-0.4462)
6772,67,1.0128878355026245,0.9288288950920105,1.1082090139389038,tensor(-0.4462)
6773,67,0.8537246584892273,0.9288288950920105,1.1082090139389038,tensor(-0.4462)
6774,67,0.9269143342971802,0.9288288950920105,1.1082090139389038,tensor(-0.4462)
6775,67,1.1764729022979736,0.9288288950920105,1.1082090139389038,tensor(-0.4462)
6776,67,1.023720383644104,0.9288288950920105,1.1082090139389038,tensor(-0.4462)
6777,67,1.0909454822540283,0.9288288950920105,1.1082090139389038,tensor(-0.4462)
6778,67,0.8121671676635742,0.9288288950920105,1.1082090139389038,tensor(-0.4462)
6779,67,0.9715349674224854,0.9288288950920105,1.1082090139389038,tensor(-0.4462)
6780,67,1.0982967615127563,0.9288288950920105,1.1082090139389038,tensor(-0.4462)
6781,67,0.9073984026908875,0.9288288950920105,1.1082090139389038,tensor(-0.4462)
6782,67,0.9083499908447266,0.9288288950920105,1.1082090139389038,tensor(-0.4462)
6783,67,1.0166423320770264,0.9288288950920105,1.1082090139389038,tensor(-0.4462)
6784,67,0.8780051469802856,0.9288288950920105,1.1082090139389038,tensor(-0.4462)
6785,67,1.0184576511383057,0.9288288950920105,1.1082090139389038,tensor(-0.4462)
6786,67,1.0372196435928345,0.9288288950920105,1.1082090139389038,tensor(-0.4462)
6787,67,1.0967251062393188,0.9288288950920105,1.1082090139389038,tensor(-0.4462)
6788,67,0.929900586605072,0.9288288950920105,1.1082090139389038,tensor(-0.4462)
6789,67,0.9470798969268799,0.9288288950920105,1.1082090139389038,tensor(-0.4462)
6790,67,0.908282995223999,0.9288288950920105,1.1082090139389038,tensor(-0.4462)
6791,67,0.9404776096343994,0.9288288950920105,1.1082090139389038,tensor(-0.4462)
6792,67,0.9224147796630859,0.9288288950920105,1.1082090139389038,tensor(-0.4462)
6793,67,0.9678007364273071,0.9288288950920105,1.1082090139389038,tensor(-0.4462)
6794,67,1.100399136543274,0.9288288950920105,1.1082090139389038,tensor(-0.4462)
6795,67,0.9706586599349976,0.9288288950920105,1.1082090139389038,tensor(-0.4462)
6796,67,1.009308099746704,0.9288288950920105,1.1082090139389038,tensor(-0.4462)
6797,67,1.0706114768981934,0.9288288950920105,1.1082090139389038,tensor(-0.4462)
6798,67,0.9440259337425232,0.9288288950920105,1.1082090139389038,tensor(-0.4462)
6799,67,1.0064523220062256,0.9288288950920105,1.1082090139389038,tensor(-0.4462)
6800,67,0.7867717742919922,0.9288288950920105,1.1082090139389038,tensor(-0.4462)
6801,67,1.0662431716918945,0.9288288950920105,1.1082090139389038,tensor(-0.4462)
6802,67,0.9603720903396606,0.9288288950920105,1.1082090139389038,tensor(-0.4462)
6803,67,0.9022119045257568,0.9288288950920105,1.1082090139389038,tensor(-0.4462)
6804,67,1.0986673831939697,0.9288288950920105,1.1082090139389038,tensor(-0.4462)
6805,67,0.8989919424057007,0.9288288950920105,1.1082090139389038,tensor(-0.4462)
6806,67,1.1289217472076416,0.9288288950920105,1.1082090139389038,tensor(-0.4462)
6807,67,1.077219843864441,0.9288288950920105,1.1082090139389038,tensor(-0.4462)
6808,67,0.8048117160797119,0.9288288950920105,1.1082090139389038,tensor(-0.4462)
6809,67,0.993865430355072,0.9288288950920105,1.1082090139389038,tensor(-0.4462)
6810,67,1.0344443321228027,0.9288288950920105,1.1082090139389038,tensor(-0.4462)
6811,67,0.9123797416687012,0.9288288950920105,1.1082090139389038,tensor(-0.4462)
6812,67,0.9461846947669983,0.9288288950920105,1.1082090139389038,tensor(-0.4462)
6813,67,1.0290236473083496,0.9288288950920105,1.1082090139389038,tensor(-0.4462)
6814,67,1.2755399942398071,0.9288288950920105,1.1082090139389038,tensor(-0.4462)
6815,67,0.7939528822898865,0.9288288950920105,1.1082090139389038,tensor(-0.4462)
6816,67,1.0951621532440186,0.9288288950920105,1.1082090139389038,tensor(-0.4462)
6817,67,1.0295238494873047,0.9288288950920105,1.1082090139389038,tensor(-0.4462)
6818,67,1.0237758159637451,0.9288288950920105,1.1082090139389038,tensor(-0.4462)
6819,67,1.0158889293670654,0.9288288950920105,1.1082090139389038,tensor(-0.4462)
6820,67,0.9682154655456543,0.9288288950920105,1.1082090139389038,tensor(-0.4462)
6821,67,1.059593677520752,0.9288288950920105,1.1082090139389038,tensor(-0.4462)
6822,67,1.0609922409057617,0.9288288950920105,1.1082090139389038,tensor(-0.4462)
6823,67,1.0401618480682373,0.9288288950920105,1.1082090139389038,tensor(-0.4462)
6824,67,1.0794947147369385,0.9288288950920105,1.1082090139389038,tensor(-0.4462)
6825,67,0.8815465569496155,0.9288288950920105,1.1082090139389038,tensor(-0.4462)
6826,67,0.9603432416915894,0.9288288950920105,1.1082090139389038,tensor(-0.4462)
6827,67,1.0704253911972046,0.9288288950920105,1.1082090139389038,tensor(-0.4462)
6828,67,1.0205758810043335,0.9288288950920105,1.1082090139389038,tensor(-0.4462)
6829,67,1.0136971473693848,0.9288288950920105,1.1082090139389038,tensor(-0.4462)
6830,67,1.0637885332107544,0.9288288950920105,1.1082090139389038,tensor(-0.4462)
6831,67,1.1260912418365479,0.9288288950920105,1.1082090139389038,tensor(-0.4462)
6832,67,1.1382962465286255,0.9288288950920105,1.1082090139389038,tensor(-0.4462)
6833,67,1.1746726036071777,0.9288288950920105,1.1082090139389038,tensor(-0.4462)
6834,67,1.0720162391662598,0.9288288950920105,1.1082090139389038,tensor(-0.4462)
6835,67,1.0720162391662598,1.0517981052398682,1.1082090139389038,tensor(-0.4462)
6836,67,1.0720162391662598,1.1720185279846191,1.1082090139389038,tensor(-0.4462)
6837,67,0.9174327850341797,1.1720185279846191,1.1082090139389038,tensor(-0.4462)
6837,68,0.9174327850341797,1.1720185279846191,1.1315003633499146,tensor(-0.5365)
6838,68,1.0890272855758667,1.1720185279846191,1.1315003633499146,tensor(-0.5365)
6839,68,0.9884446859359741,1.1720185279846191,1.1315003633499146,tensor(-0.5365)
6840,68,1.0640511512756348,1.1720185279846191,1.1315003633499146,tensor(-0.5365)
6841,68,1.071033000946045,1.1720185279846191,1.1315003633499146,tensor(-0.5365)
6842,68,1.0821651220321655,1.1720185279846191,1.1315003633499146,tensor(-0.5365)
6843,68,1.030165433883667,1.1720185279846191,1.1315003633499146,tensor(-0.5365)
6844,68,1.0576043128967285,1.1720185279846191,1.1315003633499146,tensor(-0.5365)
6845,68,1.0769307613372803,1.1720185279846191,1.1315003633499146,tensor(-0.5365)
6846,68,1.0141301155090332,1.1720185279846191,1.1315003633499146,tensor(-0.5365)
6847,68,1.1556389331817627,1.1720185279846191,1.1315003633499146,tensor(-0.5365)
6848,68,0.9623745679855347,1.1720185279846191,1.1315003633499146,tensor(-0.5365)
6849,68,1.0479902029037476,1.1720185279846191,1.1315003633499146,tensor(-0.5365)
6850,68,1.0032579898834229,1.1720185279846191,1.1315003633499146,tensor(-0.5365)
6851,68,1.0594573020935059,1.1720185279846191,1.1315003633499146,tensor(-0.5365)
6852,68,0.9817212224006653,1.1720185279846191,1.1315003633499146,tensor(-0.5365)
6853,68,1.099635362625122,1.1720185279846191,1.1315003633499146,tensor(-0.5365)
6854,68,1.0107667446136475,1.1720185279846191,1.1315003633499146,tensor(-0.5365)
6855,68,1.1133363246917725,1.1720185279846191,1.1315003633499146,tensor(-0.5365)
6856,68,1.0239462852478027,1.1720185279846191,1.1315003633499146,tensor(-0.5365)
6857,68,0.8488783836364746,1.1720185279846191,1.1315003633499146,tensor(-0.5365)
6858,68,0.9240322709083557,1.1720185279846191,1.1315003633499146,tensor(-0.5365)
6859,68,0.9607189893722534,1.1720185279846191,1.1315003633499146,tensor(-0.5365)
6860,68,0.9479892253875732,1.1720185279846191,1.1315003633499146,tensor(-0.5365)
6861,68,0.9312299489974976,1.1720185279846191,1.1315003633499146,tensor(-0.5365)
6862,68,1.0510191917419434,1.1720185279846191,1.1315003633499146,tensor(-0.5365)
6863,68,0.9113898277282715,1.1720185279846191,1.1315003633499146,tensor(-0.5365)
6864,68,1.1020874977111816,1.1720185279846191,1.1315003633499146,tensor(-0.5365)
6865,68,0.7774190902709961,1.1720185279846191,1.1315003633499146,tensor(-0.5365)
6866,68,0.8693045377731323,1.1720185279846191,1.1315003633499146,tensor(-0.5365)
6867,68,1.1007198095321655,1.1720185279846191,1.1315003633499146,tensor(-0.5365)
6868,68,1.0173041820526123,1.1720185279846191,1.1315003633499146,tensor(-0.5365)
6869,68,1.1455186605453491,1.1720185279846191,1.1315003633499146,tensor(-0.5365)
6870,68,1.1446748971939087,1.1720185279846191,1.1315003633499146,tensor(-0.5365)
6871,68,0.972001314163208,1.1720185279846191,1.1315003633499146,tensor(-0.5365)
6872,68,1.2495698928833008,1.1720185279846191,1.1315003633499146,tensor(-0.5365)
6873,68,0.9268184900283813,1.1720185279846191,1.1315003633499146,tensor(-0.5365)
6874,68,0.9264668822288513,1.1720185279846191,1.1315003633499146,tensor(-0.5365)
6875,68,1.0965325832366943,1.1720185279846191,1.1315003633499146,tensor(-0.5365)
6876,68,1.0350329875946045,1.1720185279846191,1.1315003633499146,tensor(-0.5365)
6877,68,0.906480073928833,1.1720185279846191,1.1315003633499146,tensor(-0.5365)
6878,68,1.061401128768921,1.1720185279846191,1.1315003633499146,tensor(-0.5365)
6879,68,0.8274268507957458,1.1720185279846191,1.1315003633499146,tensor(-0.5365)
6880,68,1.030155897140503,1.1720185279846191,1.1315003633499146,tensor(-0.5365)
6881,68,1.015235185623169,1.1720185279846191,1.1315003633499146,tensor(-0.5365)
6882,68,0.9079805016517639,1.1720185279846191,1.1315003633499146,tensor(-0.5365)
6883,68,0.9447576403617859,1.1720185279846191,1.1315003633499146,tensor(-0.5365)
6884,68,1.1342129707336426,1.1720185279846191,1.1315003633499146,tensor(-0.5365)
6885,68,0.8819668292999268,1.1720185279846191,1.1315003633499146,tensor(-0.5365)
6886,68,1.1275984048843384,1.1720185279846191,1.1315003633499146,tensor(-0.5365)
6887,68,0.9522969722747803,1.1720185279846191,1.1315003633499146,tensor(-0.5365)
6888,68,1.2296391725540161,1.1720185279846191,1.1315003633499146,tensor(-0.5365)
6889,68,0.9186611175537109,1.1720185279846191,1.1315003633499146,tensor(-0.5365)
6890,68,1.0914018154144287,1.1720185279846191,1.1315003633499146,tensor(-0.5365)
6891,68,1.0020620822906494,1.1720185279846191,1.1315003633499146,tensor(-0.5365)
6892,68,0.9886113405227661,1.1720185279846191,1.1315003633499146,tensor(-0.5365)
6893,68,0.9081268310546875,1.1720185279846191,1.1315003633499146,tensor(-0.5365)
6894,68,0.9353510141372681,1.1720185279846191,1.1315003633499146,tensor(-0.5365)
6895,68,0.9059018492698669,1.1720185279846191,1.1315003633499146,tensor(-0.5365)
6896,68,1.0364820957183838,1.1720185279846191,1.1315003633499146,tensor(-0.5365)
6897,68,1.0041906833648682,1.1720185279846191,1.1315003633499146,tensor(-0.5365)
6898,68,1.0224676132202148,1.1720185279846191,1.1315003633499146,tensor(-0.5365)
6899,68,0.8750587105751038,1.1720185279846191,1.1315003633499146,tensor(-0.5365)
6900,68,1.0463944673538208,1.1720185279846191,1.1315003633499146,tensor(-0.5365)
6901,68,0.9923090934753418,1.1720185279846191,1.1315003633499146,tensor(-0.5365)
6902,68,1.1781127452850342,1.1720185279846191,1.1315003633499146,tensor(-0.5365)
6903,68,0.9785354733467102,1.1720185279846191,1.1315003633499146,tensor(-0.5365)
6904,68,0.9408966302871704,1.1720185279846191,1.1315003633499146,tensor(-0.5365)
6905,68,1.071475625038147,1.1720185279846191,1.1315003633499146,tensor(-0.5365)
6906,68,0.8490346670150757,1.1720185279846191,1.1315003633499146,tensor(-0.5365)
6907,68,1.0202022790908813,1.1720185279846191,1.1315003633499146,tensor(-0.5365)
6908,68,1.011836290359497,1.1720185279846191,1.1315003633499146,tensor(-0.5365)
6909,68,0.8809351921081543,1.1720185279846191,1.1315003633499146,tensor(-0.5365)
6910,68,1.0562231540679932,1.1720185279846191,1.1315003633499146,tensor(-0.5365)
6911,68,1.1154780387878418,1.1720185279846191,1.1315003633499146,tensor(-0.5365)
6912,68,0.880727231502533,1.1720185279846191,1.1315003633499146,tensor(-0.5365)
6913,68,0.982401430606842,1.1720185279846191,1.1315003633499146,tensor(-0.5365)
6914,68,0.9456382393836975,1.1720185279846191,1.1315003633499146,tensor(-0.5365)
6915,68,1.032512903213501,1.1720185279846191,1.1315003633499146,tensor(-0.5365)
6916,68,1.0246878862380981,1.1720185279846191,1.1315003633499146,tensor(-0.5365)
6917,68,0.9235915541648865,1.1720185279846191,1.1315003633499146,tensor(-0.5365)
6918,68,1.0437214374542236,1.1720185279846191,1.1315003633499146,tensor(-0.5365)
6919,68,1.2089719772338867,1.1720185279846191,1.1315003633499146,tensor(-0.5365)
6920,68,0.817571759223938,1.1720185279846191,1.1315003633499146,tensor(-0.5365)
6921,68,1.0354559421539307,1.1720185279846191,1.1315003633499146,tensor(-0.5365)
6922,68,1.0017786026000977,1.1720185279846191,1.1315003633499146,tensor(-0.5365)
6923,68,1.0077558755874634,1.1720185279846191,1.1315003633499146,tensor(-0.5365)
6924,68,0.8822852969169617,1.1720185279846191,1.1315003633499146,tensor(-0.5365)
6925,68,1.0163861513137817,1.1720185279846191,1.1315003633499146,tensor(-0.5365)
6926,68,1.0501917600631714,1.1720185279846191,1.1315003633499146,tensor(-0.5365)
6927,68,1.0495434999465942,1.1720185279846191,1.1315003633499146,tensor(-0.5365)
6928,68,1.1526010036468506,1.1720185279846191,1.1315003633499146,tensor(-0.5365)
6929,68,1.0682611465454102,1.1720185279846191,1.1315003633499146,tensor(-0.5365)
6930,68,0.9239579439163208,1.1720185279846191,1.1315003633499146,tensor(-0.5365)
6931,68,0.9411831498146057,1.1720185279846191,1.1315003633499146,tensor(-0.5365)
6932,68,1.1026523113250732,1.1720185279846191,1.1315003633499146,tensor(-0.5365)
6933,68,1.086190104484558,1.1720185279846191,1.1315003633499146,tensor(-0.5365)
6934,68,0.995522141456604,1.1720185279846191,1.1315003633499146,tensor(-0.5365)
6935,68,1.027528166770935,1.1720185279846191,1.1315003633499146,tensor(-0.5365)
6936,68,0.9080889821052551,1.1720185279846191,1.1315003633499146,tensor(-0.5365)
6937,68,0.9080889821052551,1.0156110525131226,1.1315003633499146,tensor(-0.5365)
6938,68,0.9080889821052551,1.0100526809692383,1.1315003633499146,tensor(-0.5365)
6939,68,0.9479424953460693,1.0100526809692383,1.1315003633499146,tensor(-0.5365)
6939,69,0.9479424953460693,1.0100526809692383,0.7167690396308899,tensor(1.4462)
6940,69,1.027911901473999,1.0100526809692383,0.7167690396308899,tensor(1.4462)
6941,69,0.9911352396011353,1.0100526809692383,0.7167690396308899,tensor(1.4462)
6942,69,1.1439440250396729,1.0100526809692383,0.7167690396308899,tensor(1.4462)
6943,69,0.927187979221344,1.0100526809692383,0.7167690396308899,tensor(1.4462)
6944,69,0.8925246596336365,1.0100526809692383,0.7167690396308899,tensor(1.4462)
6945,69,1.045479416847229,1.0100526809692383,0.7167690396308899,tensor(1.4462)
6946,69,1.2323347330093384,1.0100526809692383,0.7167690396308899,tensor(1.4462)
6947,69,0.9762185215950012,1.0100526809692383,0.7167690396308899,tensor(1.4462)
6948,69,0.9216083884239197,1.0100526809692383,0.7167690396308899,tensor(1.4462)
6949,69,1.0531415939331055,1.0100526809692383,0.7167690396308899,tensor(1.4462)
6950,69,0.9084120392799377,1.0100526809692383,0.7167690396308899,tensor(1.4462)
6951,69,1.0470106601715088,1.0100526809692383,0.7167690396308899,tensor(1.4462)
6952,69,0.9439337849617004,1.0100526809692383,0.7167690396308899,tensor(1.4462)
6953,69,1.1254769563674927,1.0100526809692383,0.7167690396308899,tensor(1.4462)
6954,69,1.0258115530014038,1.0100526809692383,0.7167690396308899,tensor(1.4462)
6955,69,0.8553557395935059,1.0100526809692383,0.7167690396308899,tensor(1.4462)
6956,69,0.9361989498138428,1.0100526809692383,0.7167690396308899,tensor(1.4462)
6957,69,0.8893344402313232,1.0100526809692383,0.7167690396308899,tensor(1.4462)
6958,69,1.2051726579666138,1.0100526809692383,0.7167690396308899,tensor(1.4462)
6959,69,0.921228289604187,1.0100526809692383,0.7167690396308899,tensor(1.4462)
6960,69,1.003892421722412,1.0100526809692383,0.7167690396308899,tensor(1.4462)
6961,69,0.9886060953140259,1.0100526809692383,0.7167690396308899,tensor(1.4462)
6962,69,0.883114218711853,1.0100526809692383,0.7167690396308899,tensor(1.4462)
6963,69,0.9254898428916931,1.0100526809692383,0.7167690396308899,tensor(1.4462)
6964,69,1.1128482818603516,1.0100526809692383,0.7167690396308899,tensor(1.4462)
6965,69,0.9868305921554565,1.0100526809692383,0.7167690396308899,tensor(1.4462)
6966,69,0.9884721040725708,1.0100526809692383,0.7167690396308899,tensor(1.4462)
6967,69,0.8202859163284302,1.0100526809692383,0.7167690396308899,tensor(1.4462)
6968,69,0.9104620218276978,1.0100526809692383,0.7167690396308899,tensor(1.4462)
6969,69,1.1161203384399414,1.0100526809692383,0.7167690396308899,tensor(1.4462)
6970,69,1.0182526111602783,1.0100526809692383,0.7167690396308899,tensor(1.4462)
6971,69,1.0288419723510742,1.0100526809692383,0.7167690396308899,tensor(1.4462)
6972,69,1.1614395380020142,1.0100526809692383,0.7167690396308899,tensor(1.4462)
6973,69,0.9815652370452881,1.0100526809692383,0.7167690396308899,tensor(1.4462)
6974,69,1.1075613498687744,1.0100526809692383,0.7167690396308899,tensor(1.4462)
6975,69,1.0524243116378784,1.0100526809692383,0.7167690396308899,tensor(1.4462)
6976,69,0.9999310970306396,1.0100526809692383,0.7167690396308899,tensor(1.4462)
6977,69,0.9944475889205933,1.0100526809692383,0.7167690396308899,tensor(1.4462)
6978,69,0.8779644966125488,1.0100526809692383,0.7167690396308899,tensor(1.4462)
6979,69,1.1230103969573975,1.0100526809692383,0.7167690396308899,tensor(1.4462)
6980,69,1.0116925239562988,1.0100526809692383,0.7167690396308899,tensor(1.4462)
6981,69,0.9011551141738892,1.0100526809692383,0.7167690396308899,tensor(1.4462)
6982,69,1.0006847381591797,1.0100526809692383,0.7167690396308899,tensor(1.4462)
6983,69,0.9895749092102051,1.0100526809692383,0.7167690396308899,tensor(1.4462)
6984,69,1.0960512161254883,1.0100526809692383,0.7167690396308899,tensor(1.4462)
6985,69,1.294980525970459,1.0100526809692383,0.7167690396308899,tensor(1.4462)
6986,69,0.9520900249481201,1.0100526809692383,0.7167690396308899,tensor(1.4462)
6987,69,1.0388504266738892,1.0100526809692383,0.7167690396308899,tensor(1.4462)
6988,69,0.9644010066986084,1.0100526809692383,0.7167690396308899,tensor(1.4462)
6989,69,0.8293379545211792,1.0100526809692383,0.7167690396308899,tensor(1.4462)
6990,69,0.959007978439331,1.0100526809692383,0.7167690396308899,tensor(1.4462)
6991,69,1.1149134635925293,1.0100526809692383,0.7167690396308899,tensor(1.4462)
6992,69,0.9823088645935059,1.0100526809692383,0.7167690396308899,tensor(1.4462)
6993,69,0.9669772386550903,1.0100526809692383,0.7167690396308899,tensor(1.4462)
6994,69,1.118649959564209,1.0100526809692383,0.7167690396308899,tensor(1.4462)
6995,69,0.8776845932006836,1.0100526809692383,0.7167690396308899,tensor(1.4462)
6996,69,0.8963035345077515,1.0100526809692383,0.7167690396308899,tensor(1.4462)
6997,69,1.046858549118042,1.0100526809692383,0.7167690396308899,tensor(1.4462)
6998,69,1.1427638530731201,1.0100526809692383,0.7167690396308899,tensor(1.4462)
6999,69,0.9501012563705444,1.0100526809692383,0.7167690396308899,tensor(1.4462)
7000,69,0.927574634552002,1.0100526809692383,0.7167690396308899,tensor(1.4462)
7001,69,1.0337262153625488,1.0100526809692383,0.7167690396308899,tensor(1.4462)
7002,69,1.1023921966552734,1.0100526809692383,0.7167690396308899,tensor(1.4462)
7003,69,0.8642685413360596,1.0100526809692383,0.7167690396308899,tensor(1.4462)
7004,69,0.9916379451751709,1.0100526809692383,0.7167690396308899,tensor(1.4462)
7005,69,1.0165534019470215,1.0100526809692383,0.7167690396308899,tensor(1.4462)
7006,69,0.9493758678436279,1.0100526809692383,0.7167690396308899,tensor(1.4462)
7007,69,1.0132919549942017,1.0100526809692383,0.7167690396308899,tensor(1.4462)
7008,69,0.962852954864502,1.0100526809692383,0.7167690396308899,tensor(1.4462)
7009,69,0.9944507479667664,1.0100526809692383,0.7167690396308899,tensor(1.4462)
7010,69,0.999832272529602,1.0100526809692383,0.7167690396308899,tensor(1.4462)
7011,69,0.9797924160957336,1.0100526809692383,0.7167690396308899,tensor(1.4462)
7012,69,0.9927858114242554,1.0100526809692383,0.7167690396308899,tensor(1.4462)
7013,69,0.9081515073776245,1.0100526809692383,0.7167690396308899,tensor(1.4462)
7014,69,0.8577982187271118,1.0100526809692383,0.7167690396308899,tensor(1.4462)
7015,69,1.0461418628692627,1.0100526809692383,0.7167690396308899,tensor(1.4462)
7016,69,1.0198794603347778,1.0100526809692383,0.7167690396308899,tensor(1.4462)
7017,69,1.0415139198303223,1.0100526809692383,0.7167690396308899,tensor(1.4462)
7018,69,0.9373785257339478,1.0100526809692383,0.7167690396308899,tensor(1.4462)
7019,69,0.9523805975914001,1.0100526809692383,0.7167690396308899,tensor(1.4462)
7020,69,0.9693300724029541,1.0100526809692383,0.7167690396308899,tensor(1.4462)
7021,69,1.0769768953323364,1.0100526809692383,0.7167690396308899,tensor(1.4462)
7022,69,0.9472814798355103,1.0100526809692383,0.7167690396308899,tensor(1.4462)
7023,69,1.0590195655822754,1.0100526809692383,0.7167690396308899,tensor(1.4462)
7024,69,0.9819932579994202,1.0100526809692383,0.7167690396308899,tensor(1.4462)
7025,69,0.8844313621520996,1.0100526809692383,0.7167690396308899,tensor(1.4462)
7026,69,0.9808168411254883,1.0100526809692383,0.7167690396308899,tensor(1.4462)
7027,69,0.9774339199066162,1.0100526809692383,0.7167690396308899,tensor(1.4462)
7028,69,1.1266865730285645,1.0100526809692383,0.7167690396308899,tensor(1.4462)
7029,69,0.9309128522872925,1.0100526809692383,0.7167690396308899,tensor(1.4462)
7030,69,1.0006470680236816,1.0100526809692383,0.7167690396308899,tensor(1.4462)
7031,69,1.0456297397613525,1.0100526809692383,0.7167690396308899,tensor(1.4462)
7032,69,0.9186050891876221,1.0100526809692383,0.7167690396308899,tensor(1.4462)
7033,69,0.9450498223304749,1.0100526809692383,0.7167690396308899,tensor(1.4462)
7034,69,1.0432777404785156,1.0100526809692383,0.7167690396308899,tensor(1.4462)
7035,69,1.022944688796997,1.0100526809692383,0.7167690396308899,tensor(1.4462)
7036,69,0.9921460151672363,1.0100526809692383,0.7167690396308899,tensor(1.4462)
7037,69,0.9095054864883423,1.0100526809692383,0.7167690396308899,tensor(1.4462)
7038,69,0.9021198749542236,1.0100526809692383,0.7167690396308899,tensor(1.4462)
7039,69,0.9021198749542236,0.9095965027809143,0.7167690396308899,tensor(1.4462)
7040,69,0.9021198749542236,0.8457455635070801,0.7167690396308899,tensor(1.4462)
7041,69,1.0646570920944214,0.8457455635070801,0.7167690396308899,tensor(1.4462)
7041,70,1.0646570920944214,0.8457455635070801,0.812643826007843,tensor(0.9010)
7042,70,0.7875933051109314,0.8457455635070801,0.812643826007843,tensor(0.9010)
7043,70,0.9666669368743896,0.8457455635070801,0.812643826007843,tensor(0.9010)
7044,70,1.0686118602752686,0.8457455635070801,0.812643826007843,tensor(0.9010)
7045,70,1.1560721397399902,0.8457455635070801,0.812643826007843,tensor(0.9010)
7046,70,1.0498919486999512,0.8457455635070801,0.812643826007843,tensor(0.9010)
7047,70,1.0542712211608887,0.8457455635070801,0.812643826007843,tensor(0.9010)
7048,70,0.967718780040741,0.8457455635070801,0.812643826007843,tensor(0.9010)
7049,70,0.9893844723701477,0.8457455635070801,0.812643826007843,tensor(0.9010)
7050,70,1.0291661024093628,0.8457455635070801,0.812643826007843,tensor(0.9010)
7051,70,1.0451043844223022,0.8457455635070801,0.812643826007843,tensor(0.9010)
7052,70,1.0112017393112183,0.8457455635070801,0.812643826007843,tensor(0.9010)
7053,70,1.213395357131958,0.8457455635070801,0.812643826007843,tensor(0.9010)
7054,70,0.9924574494361877,0.8457455635070801,0.812643826007843,tensor(0.9010)
7055,70,1.015526533126831,0.8457455635070801,0.812643826007843,tensor(0.9010)
7056,70,0.919950544834137,0.8457455635070801,0.812643826007843,tensor(0.9010)
7057,70,0.9582723379135132,0.8457455635070801,0.812643826007843,tensor(0.9010)
7058,70,1.0099577903747559,0.8457455635070801,0.812643826007843,tensor(0.9010)
7059,70,0.9021418690681458,0.8457455635070801,0.812643826007843,tensor(0.9010)
7060,70,1.0953214168548584,0.8457455635070801,0.812643826007843,tensor(0.9010)
7061,70,1.0484387874603271,0.8457455635070801,0.812643826007843,tensor(0.9010)
7062,70,1.0983654260635376,0.8457455635070801,0.812643826007843,tensor(0.9010)
7063,70,0.8355885744094849,0.8457455635070801,0.812643826007843,tensor(0.9010)
7064,70,0.9354087114334106,0.8457455635070801,0.812643826007843,tensor(0.9010)
7065,70,1.1300795078277588,0.8457455635070801,0.812643826007843,tensor(0.9010)
7066,70,0.9196009039878845,0.8457455635070801,0.812643826007843,tensor(0.9010)
7067,70,1.0814778804779053,0.8457455635070801,0.812643826007843,tensor(0.9010)
7068,70,1.0541918277740479,0.8457455635070801,0.812643826007843,tensor(0.9010)
7069,70,0.8930803537368774,0.8457455635070801,0.812643826007843,tensor(0.9010)
7070,70,0.8254063129425049,0.8457455635070801,0.812643826007843,tensor(0.9010)
7071,70,1.0701342821121216,0.8457455635070801,0.812643826007843,tensor(0.9010)
7072,70,0.9473594427108765,0.8457455635070801,0.812643826007843,tensor(0.9010)
7073,70,0.9533704519271851,0.8457455635070801,0.812643826007843,tensor(0.9010)
7074,70,1.0256959199905396,0.8457455635070801,0.812643826007843,tensor(0.9010)
7075,70,0.9856564998626709,0.8457455635070801,0.812643826007843,tensor(0.9010)
7076,70,1.0350611209869385,0.8457455635070801,0.812643826007843,tensor(0.9010)
7077,70,1.0217410326004028,0.8457455635070801,0.812643826007843,tensor(0.9010)
7078,70,1.0075711011886597,0.8457455635070801,0.812643826007843,tensor(0.9010)
7079,70,0.9956751465797424,0.8457455635070801,0.812643826007843,tensor(0.9010)
7080,70,0.9053142666816711,0.8457455635070801,0.812643826007843,tensor(0.9010)
7081,70,1.0332798957824707,0.8457455635070801,0.812643826007843,tensor(0.9010)
7082,70,1.0803427696228027,0.8457455635070801,0.812643826007843,tensor(0.9010)
7083,70,0.9905955791473389,0.8457455635070801,0.812643826007843,tensor(0.9010)
7084,70,1.0042303800582886,0.8457455635070801,0.812643826007843,tensor(0.9010)
7085,70,1.023160457611084,0.8457455635070801,0.812643826007843,tensor(0.9010)
7086,70,1.1051137447357178,0.8457455635070801,0.812643826007843,tensor(0.9010)
7087,70,1.0224494934082031,0.8457455635070801,0.812643826007843,tensor(0.9010)
7088,70,0.9460269212722778,0.8457455635070801,0.812643826007843,tensor(0.9010)
7089,70,0.932107150554657,0.8457455635070801,0.812643826007843,tensor(0.9010)
7090,70,0.9929421544075012,0.8457455635070801,0.812643826007843,tensor(0.9010)
7091,70,0.9182883501052856,0.8457455635070801,0.812643826007843,tensor(0.9010)
7092,70,0.9008873701095581,0.8457455635070801,0.812643826007843,tensor(0.9010)
7093,70,1.0374444723129272,0.8457455635070801,0.812643826007843,tensor(0.9010)
7094,70,1.0130864381790161,0.8457455635070801,0.812643826007843,tensor(0.9010)
7095,70,0.9996544122695923,0.8457455635070801,0.812643826007843,tensor(0.9010)
7096,70,1.1061980724334717,0.8457455635070801,0.812643826007843,tensor(0.9010)
7097,70,0.8935725688934326,0.8457455635070801,0.812643826007843,tensor(0.9010)
7098,70,0.926581859588623,0.8457455635070801,0.812643826007843,tensor(0.9010)
7099,70,0.9444429874420166,0.8457455635070801,0.812643826007843,tensor(0.9010)
7100,70,1.0042356252670288,0.8457455635070801,0.812643826007843,tensor(0.9010)
7101,70,1.0001567602157593,0.8457455635070801,0.812643826007843,tensor(0.9010)
7102,70,0.9209103584289551,0.8457455635070801,0.812643826007843,tensor(0.9010)
7103,70,0.8393332958221436,0.8457455635070801,0.812643826007843,tensor(0.9010)
7104,70,0.9616421461105347,0.8457455635070801,0.812643826007843,tensor(0.9010)
7105,70,0.9725912809371948,0.8457455635070801,0.812643826007843,tensor(0.9010)
7106,70,0.8534914255142212,0.8457455635070801,0.812643826007843,tensor(0.9010)
7107,70,0.9532238245010376,0.8457455635070801,0.812643826007843,tensor(0.9010)
7108,70,0.9825102090835571,0.8457455635070801,0.812643826007843,tensor(0.9010)
7109,70,0.9430440664291382,0.8457455635070801,0.812643826007843,tensor(0.9010)
7110,70,0.995437741279602,0.8457455635070801,0.812643826007843,tensor(0.9010)
7111,70,0.9136666655540466,0.8457455635070801,0.812643826007843,tensor(0.9010)
7112,70,0.9013808965682983,0.8457455635070801,0.812643826007843,tensor(0.9010)
7113,70,0.9915299415588379,0.8457455635070801,0.812643826007843,tensor(0.9010)
7114,70,1.105095386505127,0.8457455635070801,0.812643826007843,tensor(0.9010)
7115,70,0.9737733602523804,0.8457455635070801,0.812643826007843,tensor(0.9010)
7116,70,0.8281481862068176,0.8457455635070801,0.812643826007843,tensor(0.9010)
7117,70,0.8274005055427551,0.8457455635070801,0.812643826007843,tensor(0.9010)
7118,70,0.9934698343276978,0.8457455635070801,0.812643826007843,tensor(0.9010)
7119,70,0.9662911891937256,0.8457455635070801,0.812643826007843,tensor(0.9010)
7120,70,1.1994366645812988,0.8457455635070801,0.812643826007843,tensor(0.9010)
7121,70,0.8858513832092285,0.8457455635070801,0.812643826007843,tensor(0.9010)
7122,70,1.0079545974731445,0.8457455635070801,0.812643826007843,tensor(0.9010)
7123,70,1.001471996307373,0.8457455635070801,0.812643826007843,tensor(0.9010)
7124,70,0.9671929478645325,0.8457455635070801,0.812643826007843,tensor(0.9010)
7125,70,1.0021464824676514,0.8457455635070801,0.812643826007843,tensor(0.9010)
7126,70,0.7829066514968872,0.8457455635070801,0.812643826007843,tensor(0.9010)
7127,70,1.00435471534729,0.8457455635070801,0.812643826007843,tensor(0.9010)
7128,70,1.094477891921997,0.8457455635070801,0.812643826007843,tensor(0.9010)
7129,70,0.922829806804657,0.8457455635070801,0.812643826007843,tensor(0.9010)
7130,70,0.8257880210876465,0.8457455635070801,0.812643826007843,tensor(0.9010)
7131,70,1.1151225566864014,0.8457455635070801,0.812643826007843,tensor(0.9010)
7132,70,0.9989757537841797,0.8457455635070801,0.812643826007843,tensor(0.9010)
7133,70,0.9150351285934448,0.8457455635070801,0.812643826007843,tensor(0.9010)
7134,70,0.9142075777053833,0.8457455635070801,0.812643826007843,tensor(0.9010)
7135,70,1.087993860244751,0.8457455635070801,0.812643826007843,tensor(0.9010)
7136,70,1.0358023643493652,0.8457455635070801,0.812643826007843,tensor(0.9010)
7137,70,1.0961425304412842,0.8457455635070801,0.812643826007843,tensor(0.9010)
7138,70,0.9499439001083374,0.8457455635070801,0.812643826007843,tensor(0.9010)
7139,70,0.9511723518371582,0.8457455635070801,0.812643826007843,tensor(0.9010)
7140,70,1.1052182912826538,0.8457455635070801,0.812643826007843,tensor(0.9010)
7141,70,1.1052182912826538,0.9777469635009766,0.812643826007843,tensor(0.9010)
7142,70,1.1052182912826538,1.130852222442627,0.812643826007843,tensor(0.9010)
7143,70,1.067193865776062,1.130852222442627,0.812643826007843,tensor(0.9010)
7143,71,1.067193865776062,1.130852222442627,0.8353786468505859,tensor(0.7812)
7144,71,0.9475514888763428,1.130852222442627,0.8353786468505859,tensor(0.7812)
7145,71,1.097466230392456,1.130852222442627,0.8353786468505859,tensor(0.7812)
7146,71,0.99837726354599,1.130852222442627,0.8353786468505859,tensor(0.7812)
7147,71,1.0664820671081543,1.130852222442627,0.8353786468505859,tensor(0.7812)
7148,71,0.9135265350341797,1.130852222442627,0.8353786468505859,tensor(0.7812)
7149,71,0.9953305721282959,1.130852222442627,0.8353786468505859,tensor(0.7812)
7150,71,1.0689985752105713,1.130852222442627,0.8353786468505859,tensor(0.7812)
7151,71,0.8912606239318848,1.130852222442627,0.8353786468505859,tensor(0.7812)
7152,71,1.1323745250701904,1.130852222442627,0.8353786468505859,tensor(0.7812)
7153,71,1.1166350841522217,1.130852222442627,0.8353786468505859,tensor(0.7812)
7154,71,1.0878894329071045,1.130852222442627,0.8353786468505859,tensor(0.7812)
7155,71,0.7885439395904541,1.130852222442627,0.8353786468505859,tensor(0.7812)
7156,71,0.9104548692703247,1.130852222442627,0.8353786468505859,tensor(0.7812)
7157,71,1.0663979053497314,1.130852222442627,0.8353786468505859,tensor(0.7812)
7158,71,1.0152251720428467,1.130852222442627,0.8353786468505859,tensor(0.7812)
7159,71,1.0054888725280762,1.130852222442627,0.8353786468505859,tensor(0.7812)
7160,71,1.0843685865402222,1.130852222442627,0.8353786468505859,tensor(0.7812)
7161,71,0.8842406272888184,1.130852222442627,0.8353786468505859,tensor(0.7812)
7162,71,1.0749560594558716,1.130852222442627,0.8353786468505859,tensor(0.7812)
7163,71,0.8847821950912476,1.130852222442627,0.8353786468505859,tensor(0.7812)
7164,71,1.026729941368103,1.130852222442627,0.8353786468505859,tensor(0.7812)
7165,71,1.066796064376831,1.130852222442627,0.8353786468505859,tensor(0.7812)
7166,71,0.8844974040985107,1.130852222442627,0.8353786468505859,tensor(0.7812)
7167,71,0.9608957767486572,1.130852222442627,0.8353786468505859,tensor(0.7812)
7168,71,0.9906611442565918,1.130852222442627,0.8353786468505859,tensor(0.7812)
7169,71,0.8850778937339783,1.130852222442627,0.8353786468505859,tensor(0.7812)
7170,71,1.0011073350906372,1.130852222442627,0.8353786468505859,tensor(0.7812)
7171,71,1.0097899436950684,1.130852222442627,0.8353786468505859,tensor(0.7812)
7172,71,1.0973312854766846,1.130852222442627,0.8353786468505859,tensor(0.7812)
7173,71,1.0457754135131836,1.130852222442627,0.8353786468505859,tensor(0.7812)
7174,71,1.0577902793884277,1.130852222442627,0.8353786468505859,tensor(0.7812)
7175,71,1.0208885669708252,1.130852222442627,0.8353786468505859,tensor(0.7812)
7176,71,1.0609798431396484,1.130852222442627,0.8353786468505859,tensor(0.7812)
7177,71,0.9584568738937378,1.130852222442627,0.8353786468505859,tensor(0.7812)
7178,71,0.9699051380157471,1.130852222442627,0.8353786468505859,tensor(0.7812)
7179,71,1.2491296529769897,1.130852222442627,0.8353786468505859,tensor(0.7812)
7180,71,0.9295463562011719,1.130852222442627,0.8353786468505859,tensor(0.7812)
7181,71,0.9371118545532227,1.130852222442627,0.8353786468505859,tensor(0.7812)
7182,71,0.9151469469070435,1.130852222442627,0.8353786468505859,tensor(0.7812)
7183,71,0.8519150614738464,1.130852222442627,0.8353786468505859,tensor(0.7812)
7184,71,1.0671979188919067,1.130852222442627,0.8353786468505859,tensor(0.7812)
7185,71,0.8131502270698547,1.130852222442627,0.8353786468505859,tensor(0.7812)
7186,71,1.0257329940795898,1.130852222442627,0.8353786468505859,tensor(0.7812)
7187,71,1.0929409265518188,1.130852222442627,0.8353786468505859,tensor(0.7812)
7188,71,1.0163192749023438,1.130852222442627,0.8353786468505859,tensor(0.7812)
7189,71,1.014999270439148,1.130852222442627,0.8353786468505859,tensor(0.7812)
7190,71,0.955721914768219,1.130852222442627,0.8353786468505859,tensor(0.7812)
7191,71,0.9720221161842346,1.130852222442627,0.8353786468505859,tensor(0.7812)
7192,71,1.1078288555145264,1.130852222442627,0.8353786468505859,tensor(0.7812)
7193,71,0.8104451298713684,1.130852222442627,0.8353786468505859,tensor(0.7812)
7194,71,1.1011563539505005,1.130852222442627,0.8353786468505859,tensor(0.7812)
7195,71,0.9176273941993713,1.130852222442627,0.8353786468505859,tensor(0.7812)
7196,71,0.9289136528968811,1.130852222442627,0.8353786468505859,tensor(0.7812)
7197,71,0.9798715114593506,1.130852222442627,0.8353786468505859,tensor(0.7812)
7198,71,0.8893423676490784,1.130852222442627,0.8353786468505859,tensor(0.7812)
7199,71,1.0705828666687012,1.130852222442627,0.8353786468505859,tensor(0.7812)
7200,71,0.8601464033126831,1.130852222442627,0.8353786468505859,tensor(0.7812)
7201,71,1.1409177780151367,1.130852222442627,0.8353786468505859,tensor(0.7812)
7202,71,1.0415880680084229,1.130852222442627,0.8353786468505859,tensor(0.7812)
7203,71,0.9838966727256775,1.130852222442627,0.8353786468505859,tensor(0.7812)
7204,71,1.0186574459075928,1.130852222442627,0.8353786468505859,tensor(0.7812)
7205,71,0.9562056064605713,1.130852222442627,0.8353786468505859,tensor(0.7812)
7206,71,1.229943871498108,1.130852222442627,0.8353786468505859,tensor(0.7812)
7207,71,1.1463278532028198,1.130852222442627,0.8353786468505859,tensor(0.7812)
7208,71,0.904723048210144,1.130852222442627,0.8353786468505859,tensor(0.7812)
7209,71,0.9977714419364929,1.130852222442627,0.8353786468505859,tensor(0.7812)
7210,71,1.0979955196380615,1.130852222442627,0.8353786468505859,tensor(0.7812)
7211,71,0.9866224527359009,1.130852222442627,0.8353786468505859,tensor(0.7812)
7212,71,1.0469110012054443,1.130852222442627,0.8353786468505859,tensor(0.7812)
7213,71,1.1143736839294434,1.130852222442627,0.8353786468505859,tensor(0.7812)
7214,71,1.0405442714691162,1.130852222442627,0.8353786468505859,tensor(0.7812)
7215,71,1.0659123659133911,1.130852222442627,0.8353786468505859,tensor(0.7812)
7216,71,1.0114904642105103,1.130852222442627,0.8353786468505859,tensor(0.7812)
7217,71,1.0343048572540283,1.130852222442627,0.8353786468505859,tensor(0.7812)
7218,71,1.0429824590682983,1.130852222442627,0.8353786468505859,tensor(0.7812)
7219,71,0.9203354120254517,1.130852222442627,0.8353786468505859,tensor(0.7812)
7220,71,0.9558700323104858,1.130852222442627,0.8353786468505859,tensor(0.7812)
7221,71,1.013954758644104,1.130852222442627,0.8353786468505859,tensor(0.7812)
7222,71,1.0009406805038452,1.130852222442627,0.8353786468505859,tensor(0.7812)
7223,71,1.10563063621521,1.130852222442627,0.8353786468505859,tensor(0.7812)
7224,71,0.9530184864997864,1.130852222442627,0.8353786468505859,tensor(0.7812)
7225,71,0.9776714444160461,1.130852222442627,0.8353786468505859,tensor(0.7812)
7226,71,1.1420764923095703,1.130852222442627,0.8353786468505859,tensor(0.7812)
7227,71,1.0490598678588867,1.130852222442627,0.8353786468505859,tensor(0.7812)
7228,71,1.040708303451538,1.130852222442627,0.8353786468505859,tensor(0.7812)
7229,71,1.0694270133972168,1.130852222442627,0.8353786468505859,tensor(0.7812)
7230,71,0.9355751872062683,1.130852222442627,0.8353786468505859,tensor(0.7812)
7231,71,0.9419366121292114,1.130852222442627,0.8353786468505859,tensor(0.7812)
7232,71,1.028852939605713,1.130852222442627,0.8353786468505859,tensor(0.7812)
7233,71,1.0501563549041748,1.130852222442627,0.8353786468505859,tensor(0.7812)
7234,71,1.0322272777557373,1.130852222442627,0.8353786468505859,tensor(0.7812)
7235,71,1.067859172821045,1.130852222442627,0.8353786468505859,tensor(0.7812)
7236,71,0.900855302810669,1.130852222442627,0.8353786468505859,tensor(0.7812)
7237,71,1.0187175273895264,1.130852222442627,0.8353786468505859,tensor(0.7812)
7238,71,1.0625829696655273,1.130852222442627,0.8353786468505859,tensor(0.7812)
7239,71,1.023882508277893,1.130852222442627,0.8353786468505859,tensor(0.7812)
7240,71,1.1415810585021973,1.130852222442627,0.8353786468505859,tensor(0.7812)
7241,71,1.0521275997161865,1.130852222442627,0.8353786468505859,tensor(0.7812)
7242,71,1.100299596786499,1.130852222442627,0.8353786468505859,tensor(0.7812)
7243,71,1.100299596786499,0.9773075580596924,0.8353786468505859,tensor(0.7812)
7244,71,1.100299596786499,0.9707196950912476,0.8353786468505859,tensor(0.7812)
7245,71,1.088045597076416,0.9707196950912476,0.8353786468505859,tensor(0.7812)
7245,72,1.088045597076416,0.9707196950912476,0.7221370339393616,tensor(1.4138)
7246,72,0.9788192510604858,0.9707196950912476,0.7221370339393616,tensor(1.4138)
7247,72,1.0839142799377441,0.9707196950912476,0.7221370339393616,tensor(1.4138)
7248,72,0.9887159466743469,0.9707196950912476,0.7221370339393616,tensor(1.4138)
7249,72,0.9404324889183044,0.9707196950912476,0.7221370339393616,tensor(1.4138)
7250,72,1.0734707117080688,0.9707196950912476,0.7221370339393616,tensor(1.4138)
7251,72,0.9458885192871094,0.9707196950912476,0.7221370339393616,tensor(1.4138)
7252,72,1.0070323944091797,0.9707196950912476,0.7221370339393616,tensor(1.4138)
7253,72,0.9305775165557861,0.9707196950912476,0.7221370339393616,tensor(1.4138)
7254,72,1.0208265781402588,0.9707196950912476,0.7221370339393616,tensor(1.4138)
7255,72,1.1026301383972168,0.9707196950912476,0.7221370339393616,tensor(1.4138)
7256,72,1.1761391162872314,0.9707196950912476,0.7221370339393616,tensor(1.4138)
7257,72,1.0760064125061035,0.9707196950912476,0.7221370339393616,tensor(1.4138)
7258,72,0.8418534994125366,0.9707196950912476,0.7221370339393616,tensor(1.4138)
7259,72,0.898868203163147,0.9707196950912476,0.7221370339393616,tensor(1.4138)
7260,72,0.9100120067596436,0.9707196950912476,0.7221370339393616,tensor(1.4138)
7261,72,0.9793911576271057,0.9707196950912476,0.7221370339393616,tensor(1.4138)
7262,72,0.8626084327697754,0.9707196950912476,0.7221370339393616,tensor(1.4138)
7263,72,0.9835528135299683,0.9707196950912476,0.7221370339393616,tensor(1.4138)
7264,72,0.8480962514877319,0.9707196950912476,0.7221370339393616,tensor(1.4138)
7265,72,0.7802350521087646,0.9707196950912476,0.7221370339393616,tensor(1.4138)
7266,72,1.0164960622787476,0.9707196950912476,0.7221370339393616,tensor(1.4138)
7267,72,0.9893519878387451,0.9707196950912476,0.7221370339393616,tensor(1.4138)
7268,72,0.77620530128479,0.9707196950912476,0.7221370339393616,tensor(1.4138)
7269,72,0.9629110097885132,0.9707196950912476,0.7221370339393616,tensor(1.4138)
7270,72,1.0189647674560547,0.9707196950912476,0.7221370339393616,tensor(1.4138)
7271,72,0.878268301486969,0.9707196950912476,0.7221370339393616,tensor(1.4138)
7272,72,0.9285072088241577,0.9707196950912476,0.7221370339393616,tensor(1.4138)
7273,72,1.1081254482269287,0.9707196950912476,0.7221370339393616,tensor(1.4138)
7274,72,1.1735622882843018,0.9707196950912476,0.7221370339393616,tensor(1.4138)
7275,72,0.8719950914382935,0.9707196950912476,0.7221370339393616,tensor(1.4138)
7276,72,0.9945684671401978,0.9707196950912476,0.7221370339393616,tensor(1.4138)
7277,72,1.0137004852294922,0.9707196950912476,0.7221370339393616,tensor(1.4138)
7278,72,0.9609413146972656,0.9707196950912476,0.7221370339393616,tensor(1.4138)
7279,72,1.0594024658203125,0.9707196950912476,0.7221370339393616,tensor(1.4138)
7280,72,0.9973018169403076,0.9707196950912476,0.7221370339393616,tensor(1.4138)
7281,72,1.1154797077178955,0.9707196950912476,0.7221370339393616,tensor(1.4138)
7282,72,0.9315378665924072,0.9707196950912476,0.7221370339393616,tensor(1.4138)
7283,72,0.971875786781311,0.9707196950912476,0.7221370339393616,tensor(1.4138)
7284,72,0.959919810295105,0.9707196950912476,0.7221370339393616,tensor(1.4138)
7285,72,0.9809098243713379,0.9707196950912476,0.7221370339393616,tensor(1.4138)
7286,72,0.9662870168685913,0.9707196950912476,0.7221370339393616,tensor(1.4138)
7287,72,1.048050880432129,0.9707196950912476,0.7221370339393616,tensor(1.4138)
7288,72,1.1194443702697754,0.9707196950912476,0.7221370339393616,tensor(1.4138)
7289,72,1.090367317199707,0.9707196950912476,0.7221370339393616,tensor(1.4138)
7290,72,1.0546491146087646,0.9707196950912476,0.7221370339393616,tensor(1.4138)
7291,72,0.9273751974105835,0.9707196950912476,0.7221370339393616,tensor(1.4138)
7292,72,1.0918688774108887,0.9707196950912476,0.7221370339393616,tensor(1.4138)
7293,72,0.9765458703041077,0.9707196950912476,0.7221370339393616,tensor(1.4138)
7294,72,1.1422089338302612,0.9707196950912476,0.7221370339393616,tensor(1.4138)
7295,72,1.067712664604187,0.9707196950912476,0.7221370339393616,tensor(1.4138)
7296,72,0.9499881863594055,0.9707196950912476,0.7221370339393616,tensor(1.4138)
7297,72,1.1229801177978516,0.9707196950912476,0.7221370339393616,tensor(1.4138)
7298,72,1.0581166744232178,0.9707196950912476,0.7221370339393616,tensor(1.4138)
7299,72,0.9408449530601501,0.9707196950912476,0.7221370339393616,tensor(1.4138)
7300,72,1.049925446510315,0.9707196950912476,0.7221370339393616,tensor(1.4138)
7301,72,1.1614365577697754,0.9707196950912476,0.7221370339393616,tensor(1.4138)
7302,72,1.0640578269958496,0.9707196950912476,0.7221370339393616,tensor(1.4138)
7303,72,1.018544316291809,0.9707196950912476,0.7221370339393616,tensor(1.4138)
7304,72,1.0101969242095947,0.9707196950912476,0.7221370339393616,tensor(1.4138)
7305,72,0.9647806286811829,0.9707196950912476,0.7221370339393616,tensor(1.4138)
7306,72,1.063517451286316,0.9707196950912476,0.7221370339393616,tensor(1.4138)
7307,72,0.9587931632995605,0.9707196950912476,0.7221370339393616,tensor(1.4138)
7308,72,0.9748169183731079,0.9707196950912476,0.7221370339393616,tensor(1.4138)
7309,72,1.047323226928711,0.9707196950912476,0.7221370339393616,tensor(1.4138)
7310,72,0.9607638120651245,0.9707196950912476,0.7221370339393616,tensor(1.4138)
7311,72,1.001284122467041,0.9707196950912476,0.7221370339393616,tensor(1.4138)
7312,72,1.0531820058822632,0.9707196950912476,0.7221370339393616,tensor(1.4138)
7313,72,0.9661628007888794,0.9707196950912476,0.7221370339393616,tensor(1.4138)
7314,72,0.9418132305145264,0.9707196950912476,0.7221370339393616,tensor(1.4138)
7315,72,1.0107403993606567,0.9707196950912476,0.7221370339393616,tensor(1.4138)
7316,72,0.9944502711296082,0.9707196950912476,0.7221370339393616,tensor(1.4138)
7317,72,1.0173194408416748,0.9707196950912476,0.7221370339393616,tensor(1.4138)
7318,72,0.9248905181884766,0.9707196950912476,0.7221370339393616,tensor(1.4138)
7319,72,0.9482523202896118,0.9707196950912476,0.7221370339393616,tensor(1.4138)
7320,72,0.9742434024810791,0.9707196950912476,0.7221370339393616,tensor(1.4138)
7321,72,0.8015662431716919,0.9707196950912476,0.7221370339393616,tensor(1.4138)
7322,72,1.0025056600570679,0.9707196950912476,0.7221370339393616,tensor(1.4138)
7323,72,1.0181971788406372,0.9707196950912476,0.7221370339393616,tensor(1.4138)
7324,72,1.027047038078308,0.9707196950912476,0.7221370339393616,tensor(1.4138)
7325,72,0.9760555028915405,0.9707196950912476,0.7221370339393616,tensor(1.4138)
7326,72,1.0104031562805176,0.9707196950912476,0.7221370339393616,tensor(1.4138)
7327,72,1.0331578254699707,0.9707196950912476,0.7221370339393616,tensor(1.4138)
7328,72,1.1436023712158203,0.9707196950912476,0.7221370339393616,tensor(1.4138)
7329,72,1.0714399814605713,0.9707196950912476,0.7221370339393616,tensor(1.4138)
7330,72,0.916776180267334,0.9707196950912476,0.7221370339393616,tensor(1.4138)
7331,72,1.1055908203125,0.9707196950912476,0.7221370339393616,tensor(1.4138)
7332,72,0.9409050941467285,0.9707196950912476,0.7221370339393616,tensor(1.4138)
7333,72,1.0945501327514648,0.9707196950912476,0.7221370339393616,tensor(1.4138)
7334,72,0.9998922944068909,0.9707196950912476,0.7221370339393616,tensor(1.4138)
7335,72,1.0423380136489868,0.9707196950912476,0.7221370339393616,tensor(1.4138)
7336,72,1.010951042175293,0.9707196950912476,0.7221370339393616,tensor(1.4138)
7337,72,1.063682198524475,0.9707196950912476,0.7221370339393616,tensor(1.4138)
7338,72,1.1325628757476807,0.9707196950912476,0.7221370339393616,tensor(1.4138)
7339,72,0.9798573851585388,0.9707196950912476,0.7221370339393616,tensor(1.4138)
7340,72,1.1356347799301147,0.9707196950912476,0.7221370339393616,tensor(1.4138)
7341,72,0.9246748685836792,0.9707196950912476,0.7221370339393616,tensor(1.4138)
7342,72,1.0023574829101562,0.9707196950912476,0.7221370339393616,tensor(1.4138)
7343,72,1.1271038055419922,0.9707196950912476,0.7221370339393616,tensor(1.4138)
7344,72,1.044559121131897,0.9707196950912476,0.7221370339393616,tensor(1.4138)
7345,72,1.044559121131897,0.9345436096191406,0.7221370339393616,tensor(1.4138)
7346,72,1.044559121131897,1.3138601779937744,0.7221370339393616,tensor(1.4138)
7347,72,1.046122431755066,1.3138601779937744,0.7221370339393616,tensor(1.4138)
7347,73,1.046122431755066,1.3138601779937744,1.2510617971420288,tensor(-0.9728)
7348,73,1.000014066696167,1.3138601779937744,1.2510617971420288,tensor(-0.9728)
7349,73,1.0832711458206177,1.3138601779937744,1.2510617971420288,tensor(-0.9728)
7350,73,1.0012521743774414,1.3138601779937744,1.2510617971420288,tensor(-0.9728)
7351,73,1.1471199989318848,1.3138601779937744,1.2510617971420288,tensor(-0.9728)
7352,73,1.0683923959732056,1.3138601779937744,1.2510617971420288,tensor(-0.9728)
7353,73,0.9172583222389221,1.3138601779937744,1.2510617971420288,tensor(-0.9728)
7354,73,1.05029296875,1.3138601779937744,1.2510617971420288,tensor(-0.9728)
7355,73,0.9777016639709473,1.3138601779937744,1.2510617971420288,tensor(-0.9728)
7356,73,0.9868137836456299,1.3138601779937744,1.2510617971420288,tensor(-0.9728)
7357,73,0.9596365690231323,1.3138601779937744,1.2510617971420288,tensor(-0.9728)
7358,73,1.0713002681732178,1.3138601779937744,1.2510617971420288,tensor(-0.9728)
7359,73,1.0126365423202515,1.3138601779937744,1.2510617971420288,tensor(-0.9728)
7360,73,1.1469746828079224,1.3138601779937744,1.2510617971420288,tensor(-0.9728)
7361,73,1.0598880052566528,1.3138601779937744,1.2510617971420288,tensor(-0.9728)
7362,73,1.0469505786895752,1.3138601779937744,1.2510617971420288,tensor(-0.9728)
7363,73,0.9527801275253296,1.3138601779937744,1.2510617971420288,tensor(-0.9728)
7364,73,1.0550113916397095,1.3138601779937744,1.2510617971420288,tensor(-0.9728)
7365,73,1.048529863357544,1.3138601779937744,1.2510617971420288,tensor(-0.9728)
7366,73,0.9954732656478882,1.3138601779937744,1.2510617971420288,tensor(-0.9728)
7367,73,1.1791696548461914,1.3138601779937744,1.2510617971420288,tensor(-0.9728)
7368,73,0.9388716220855713,1.3138601779937744,1.2510617971420288,tensor(-0.9728)
7369,73,0.9044798612594604,1.3138601779937744,1.2510617971420288,tensor(-0.9728)
7370,73,0.9502564072608948,1.3138601779937744,1.2510617971420288,tensor(-0.9728)
7371,73,0.9090641140937805,1.3138601779937744,1.2510617971420288,tensor(-0.9728)
7372,73,0.8959896564483643,1.3138601779937744,1.2510617971420288,tensor(-0.9728)
7373,73,0.90498948097229,1.3138601779937744,1.2510617971420288,tensor(-0.9728)
7374,73,0.9870260953903198,1.3138601779937744,1.2510617971420288,tensor(-0.9728)
7375,73,0.9759215712547302,1.3138601779937744,1.2510617971420288,tensor(-0.9728)
7376,73,1.1025505065917969,1.3138601779937744,1.2510617971420288,tensor(-0.9728)
7377,73,0.8671749830245972,1.3138601779937744,1.2510617971420288,tensor(-0.9728)
7378,73,0.9444422125816345,1.3138601779937744,1.2510617971420288,tensor(-0.9728)
7379,73,1.0230532884597778,1.3138601779937744,1.2510617971420288,tensor(-0.9728)
7380,73,0.9118887186050415,1.3138601779937744,1.2510617971420288,tensor(-0.9728)
7381,73,1.0076674222946167,1.3138601779937744,1.2510617971420288,tensor(-0.9728)
7382,73,0.9323265552520752,1.3138601779937744,1.2510617971420288,tensor(-0.9728)
7383,73,1.134419322013855,1.3138601779937744,1.2510617971420288,tensor(-0.9728)
7384,73,1.0002901554107666,1.3138601779937744,1.2510617971420288,tensor(-0.9728)
7385,73,1.012616515159607,1.3138601779937744,1.2510617971420288,tensor(-0.9728)
7386,73,0.9442064762115479,1.3138601779937744,1.2510617971420288,tensor(-0.9728)
7387,73,1.022895336151123,1.3138601779937744,1.2510617971420288,tensor(-0.9728)
7388,73,1.2140058279037476,1.3138601779937744,1.2510617971420288,tensor(-0.9728)
7389,73,1.138383388519287,1.3138601779937744,1.2510617971420288,tensor(-0.9728)
7390,73,1.111877679824829,1.3138601779937744,1.2510617971420288,tensor(-0.9728)
7391,73,0.9786457419395447,1.3138601779937744,1.2510617971420288,tensor(-0.9728)
7392,73,1.0005537271499634,1.3138601779937744,1.2510617971420288,tensor(-0.9728)
7393,73,1.18953275680542,1.3138601779937744,1.2510617971420288,tensor(-0.9728)
7394,73,0.9857000112533569,1.3138601779937744,1.2510617971420288,tensor(-0.9728)
7395,73,0.9646706581115723,1.3138601779937744,1.2510617971420288,tensor(-0.9728)
7396,73,1.0040690898895264,1.3138601779937744,1.2510617971420288,tensor(-0.9728)
7397,73,1.130446195602417,1.3138601779937744,1.2510617971420288,tensor(-0.9728)
7398,73,0.9290265440940857,1.3138601779937744,1.2510617971420288,tensor(-0.9728)
7399,73,1.0840920209884644,1.3138601779937744,1.2510617971420288,tensor(-0.9728)
7400,73,0.9679730534553528,1.3138601779937744,1.2510617971420288,tensor(-0.9728)
7401,73,1.0273666381835938,1.3138601779937744,1.2510617971420288,tensor(-0.9728)
7402,73,0.9191375970840454,1.3138601779937744,1.2510617971420288,tensor(-0.9728)
7403,73,0.8585563898086548,1.3138601779937744,1.2510617971420288,tensor(-0.9728)
7404,73,1.0397614240646362,1.3138601779937744,1.2510617971420288,tensor(-0.9728)
7405,73,1.0694470405578613,1.3138601779937744,1.2510617971420288,tensor(-0.9728)
7406,73,1.1584932804107666,1.3138601779937744,1.2510617971420288,tensor(-0.9728)
7407,73,0.968934178352356,1.3138601779937744,1.2510617971420288,tensor(-0.9728)
7408,73,0.7477231025695801,1.3138601779937744,1.2510617971420288,tensor(-0.9728)
7409,73,0.9869698882102966,1.3138601779937744,1.2510617971420288,tensor(-0.9728)
7410,73,0.9548344016075134,1.3138601779937744,1.2510617971420288,tensor(-0.9728)
7411,73,0.9633070826530457,1.3138601779937744,1.2510617971420288,tensor(-0.9728)
7412,73,0.8981446027755737,1.3138601779937744,1.2510617971420288,tensor(-0.9728)
7413,73,0.979629397392273,1.3138601779937744,1.2510617971420288,tensor(-0.9728)
7414,73,1.0866990089416504,1.3138601779937744,1.2510617971420288,tensor(-0.9728)
7415,73,0.9367254972457886,1.3138601779937744,1.2510617971420288,tensor(-0.9728)
7416,73,1.0227854251861572,1.3138601779937744,1.2510617971420288,tensor(-0.9728)
7417,73,0.7405482530593872,1.3138601779937744,1.2510617971420288,tensor(-0.9728)
7418,73,1.1366488933563232,1.3138601779937744,1.2510617971420288,tensor(-0.9728)
7419,73,0.8862378001213074,1.3138601779937744,1.2510617971420288,tensor(-0.9728)
7420,73,1.0224835872650146,1.3138601779937744,1.2510617971420288,tensor(-0.9728)
7421,73,1.0653518438339233,1.3138601779937744,1.2510617971420288,tensor(-0.9728)
7422,73,0.9099740386009216,1.3138601779937744,1.2510617971420288,tensor(-0.9728)
7423,73,1.1098915338516235,1.3138601779937744,1.2510617971420288,tensor(-0.9728)
7424,73,0.9797387719154358,1.3138601779937744,1.2510617971420288,tensor(-0.9728)
7425,73,0.9275259971618652,1.3138601779937744,1.2510617971420288,tensor(-0.9728)
7426,73,0.9223598837852478,1.3138601779937744,1.2510617971420288,tensor(-0.9728)
7427,73,1.040916919708252,1.3138601779937744,1.2510617971420288,tensor(-0.9728)
7428,73,0.9863108396530151,1.3138601779937744,1.2510617971420288,tensor(-0.9728)
7429,73,1.1043366193771362,1.3138601779937744,1.2510617971420288,tensor(-0.9728)
7430,73,0.8792843222618103,1.3138601779937744,1.2510617971420288,tensor(-0.9728)
7431,73,1.044008731842041,1.3138601779937744,1.2510617971420288,tensor(-0.9728)
7432,73,1.048660397529602,1.3138601779937744,1.2510617971420288,tensor(-0.9728)
7433,73,1.2639086246490479,1.3138601779937744,1.2510617971420288,tensor(-0.9728)
7434,73,1.0207439661026,1.3138601779937744,1.2510617971420288,tensor(-0.9728)
7435,73,1.0654869079589844,1.3138601779937744,1.2510617971420288,tensor(-0.9728)
7436,73,0.9338792562484741,1.3138601779937744,1.2510617971420288,tensor(-0.9728)
7437,73,0.8718571662902832,1.3138601779937744,1.2510617971420288,tensor(-0.9728)
7438,73,0.9295642971992493,1.3138601779937744,1.2510617971420288,tensor(-0.9728)
7439,73,1.0026659965515137,1.3138601779937744,1.2510617971420288,tensor(-0.9728)
7440,73,0.950206458568573,1.3138601779937744,1.2510617971420288,tensor(-0.9728)
7441,73,0.9372943639755249,1.3138601779937744,1.2510617971420288,tensor(-0.9728)
7442,73,1.0202083587646484,1.3138601779937744,1.2510617971420288,tensor(-0.9728)
7443,73,0.9016919136047363,1.3138601779937744,1.2510617971420288,tensor(-0.9728)
7444,73,1.1176016330718994,1.3138601779937744,1.2510617971420288,tensor(-0.9728)
7445,73,0.9959949254989624,1.3138601779937744,1.2510617971420288,tensor(-0.9728)
7446,73,0.9721634387969971,1.3138601779937744,1.2510617971420288,tensor(-0.9728)
7447,73,0.9721634387969971,1.0392905473709106,1.2510617971420288,tensor(-0.9728)
7448,73,0.9721634387969971,0.9752804636955261,1.2510617971420288,tensor(-0.9728)
7449,73,0.9354853630065918,0.9752804636955261,1.2510617971420288,tensor(-0.9728)
7449,74,0.9354853630065918,0.9752804636955261,1.1648762226104736,tensor(-0.6628)
7450,74,1.042219638824463,0.9752804636955261,1.1648762226104736,tensor(-0.6628)
7451,74,1.112656831741333,0.9752804636955261,1.1648762226104736,tensor(-0.6628)
7452,74,1.029776930809021,0.9752804636955261,1.1648762226104736,tensor(-0.6628)
7453,74,0.9390653967857361,0.9752804636955261,1.1648762226104736,tensor(-0.6628)
7454,74,1.0440645217895508,0.9752804636955261,1.1648762226104736,tensor(-0.6628)
7455,74,1.1156294345855713,0.9752804636955261,1.1648762226104736,tensor(-0.6628)
7456,74,0.9084411859512329,0.9752804636955261,1.1648762226104736,tensor(-0.6628)
7457,74,1.1355290412902832,0.9752804636955261,1.1648762226104736,tensor(-0.6628)
7458,74,1.049149513244629,0.9752804636955261,1.1648762226104736,tensor(-0.6628)
7459,74,1.1019682884216309,0.9752804636955261,1.1648762226104736,tensor(-0.6628)
7460,74,1.0166664123535156,0.9752804636955261,1.1648762226104736,tensor(-0.6628)
7461,74,0.9694465398788452,0.9752804636955261,1.1648762226104736,tensor(-0.6628)
7462,74,0.9545365571975708,0.9752804636955261,1.1648762226104736,tensor(-0.6628)
7463,74,1.0911461114883423,0.9752804636955261,1.1648762226104736,tensor(-0.6628)
7464,74,0.9882471561431885,0.9752804636955261,1.1648762226104736,tensor(-0.6628)
7465,74,1.1702585220336914,0.9752804636955261,1.1648762226104736,tensor(-0.6628)
7466,74,1.0463241338729858,0.9752804636955261,1.1648762226104736,tensor(-0.6628)
7467,74,0.9968516826629639,0.9752804636955261,1.1648762226104736,tensor(-0.6628)
7468,74,0.8948428630828857,0.9752804636955261,1.1648762226104736,tensor(-0.6628)
7469,74,0.9365196228027344,0.9752804636955261,1.1648762226104736,tensor(-0.6628)
7470,74,0.9146459102630615,0.9752804636955261,1.1648762226104736,tensor(-0.6628)
7471,74,0.8899022340774536,0.9752804636955261,1.1648762226104736,tensor(-0.6628)
7472,74,1.104351282119751,0.9752804636955261,1.1648762226104736,tensor(-0.6628)
7473,74,1.039150595664978,0.9752804636955261,1.1648762226104736,tensor(-0.6628)
7474,74,1.0372369289398193,0.9752804636955261,1.1648762226104736,tensor(-0.6628)
7475,74,1.0619800090789795,0.9752804636955261,1.1648762226104736,tensor(-0.6628)
7476,74,0.8718594312667847,0.9752804636955261,1.1648762226104736,tensor(-0.6628)
7477,74,1.1937813758850098,0.9752804636955261,1.1648762226104736,tensor(-0.6628)
7478,74,1.1062778234481812,0.9752804636955261,1.1648762226104736,tensor(-0.6628)
7479,74,1.0555824041366577,0.9752804636955261,1.1648762226104736,tensor(-0.6628)
7480,74,0.9945847988128662,0.9752804636955261,1.1648762226104736,tensor(-0.6628)
7481,74,1.1184618473052979,0.9752804636955261,1.1648762226104736,tensor(-0.6628)
7482,74,1.126177430152893,0.9752804636955261,1.1648762226104736,tensor(-0.6628)
7483,74,0.8330497145652771,0.9752804636955261,1.1648762226104736,tensor(-0.6628)
7484,74,1.099047064781189,0.9752804636955261,1.1648762226104736,tensor(-0.6628)
7485,74,1.1593823432922363,0.9752804636955261,1.1648762226104736,tensor(-0.6628)
7486,74,0.9998292922973633,0.9752804636955261,1.1648762226104736,tensor(-0.6628)
7487,74,0.9139102697372437,0.9752804636955261,1.1648762226104736,tensor(-0.6628)
7488,74,1.0145437717437744,0.9752804636955261,1.1648762226104736,tensor(-0.6628)
7489,74,1.0107842683792114,0.9752804636955261,1.1648762226104736,tensor(-0.6628)
7490,74,1.0406169891357422,0.9752804636955261,1.1648762226104736,tensor(-0.6628)
7491,74,0.99111407995224,0.9752804636955261,1.1648762226104736,tensor(-0.6628)
7492,74,0.8623155355453491,0.9752804636955261,1.1648762226104736,tensor(-0.6628)
7493,74,1.0389631986618042,0.9752804636955261,1.1648762226104736,tensor(-0.6628)
7494,74,1.029654860496521,0.9752804636955261,1.1648762226104736,tensor(-0.6628)
7495,74,0.9032794833183289,0.9752804636955261,1.1648762226104736,tensor(-0.6628)
7496,74,1.095239281654358,0.9752804636955261,1.1648762226104736,tensor(-0.6628)
7497,74,0.8993465304374695,0.9752804636955261,1.1648762226104736,tensor(-0.6628)
7498,74,0.9506539106369019,0.9752804636955261,1.1648762226104736,tensor(-0.6628)
7499,74,0.9585902690887451,0.9752804636955261,1.1648762226104736,tensor(-0.6628)
7500,74,1.1155600547790527,0.9752804636955261,1.1648762226104736,tensor(-0.6628)
7501,74,1.0709567070007324,0.9752804636955261,1.1648762226104736,tensor(-0.6628)
7502,74,1.0095241069793701,0.9752804636955261,1.1648762226104736,tensor(-0.6628)
7503,74,0.9929630160331726,0.9752804636955261,1.1648762226104736,tensor(-0.6628)
7504,74,0.938869059085846,0.9752804636955261,1.1648762226104736,tensor(-0.6628)
7505,74,0.9479937553405762,0.9752804636955261,1.1648762226104736,tensor(-0.6628)
7506,74,1.0257835388183594,0.9752804636955261,1.1648762226104736,tensor(-0.6628)
7507,74,1.054674506187439,0.9752804636955261,1.1648762226104736,tensor(-0.6628)
7508,74,1.1828111410140991,0.9752804636955261,1.1648762226104736,tensor(-0.6628)
7509,74,0.988806962966919,0.9752804636955261,1.1648762226104736,tensor(-0.6628)
7510,74,1.071947693824768,0.9752804636955261,1.1648762226104736,tensor(-0.6628)
7511,74,1.0788054466247559,0.9752804636955261,1.1648762226104736,tensor(-0.6628)
7512,74,0.9400430917739868,0.9752804636955261,1.1648762226104736,tensor(-0.6628)
7513,74,0.9182242155075073,0.9752804636955261,1.1648762226104736,tensor(-0.6628)
7514,74,0.9188039302825928,0.9752804636955261,1.1648762226104736,tensor(-0.6628)
7515,74,0.9368494749069214,0.9752804636955261,1.1648762226104736,tensor(-0.6628)
7516,74,1.0022300481796265,0.9752804636955261,1.1648762226104736,tensor(-0.6628)
7517,74,1.08529531955719,0.9752804636955261,1.1648762226104736,tensor(-0.6628)
7518,74,1.1019953489303589,0.9752804636955261,1.1648762226104736,tensor(-0.6628)
7519,74,0.9587385654449463,0.9752804636955261,1.1648762226104736,tensor(-0.6628)
7520,74,0.9453368186950684,0.9752804636955261,1.1648762226104736,tensor(-0.6628)
7521,74,0.8775475025177002,0.9752804636955261,1.1648762226104736,tensor(-0.6628)
7522,74,1.122986912727356,0.9752804636955261,1.1648762226104736,tensor(-0.6628)
7523,74,1.0127472877502441,0.9752804636955261,1.1648762226104736,tensor(-0.6628)
7524,74,1.0098434686660767,0.9752804636955261,1.1648762226104736,tensor(-0.6628)
7525,74,1.022779107093811,0.9752804636955261,1.1648762226104736,tensor(-0.6628)
7526,74,1.0068998336791992,0.9752804636955261,1.1648762226104736,tensor(-0.6628)
7527,74,0.9586726427078247,0.9752804636955261,1.1648762226104736,tensor(-0.6628)
7528,74,1.0751965045928955,0.9752804636955261,1.1648762226104736,tensor(-0.6628)
7529,74,1.0689260959625244,0.9752804636955261,1.1648762226104736,tensor(-0.6628)
7530,74,1.0728626251220703,0.9752804636955261,1.1648762226104736,tensor(-0.6628)
7531,74,1.015509843826294,0.9752804636955261,1.1648762226104736,tensor(-0.6628)
7532,74,1.2022227048873901,0.9752804636955261,1.1648762226104736,tensor(-0.6628)
7533,74,0.9814037084579468,0.9752804636955261,1.1648762226104736,tensor(-0.6628)
7534,74,1.1172893047332764,0.9752804636955261,1.1648762226104736,tensor(-0.6628)
7535,74,0.9537773132324219,0.9752804636955261,1.1648762226104736,tensor(-0.6628)
7536,74,1.178012728691101,0.9752804636955261,1.1648762226104736,tensor(-0.6628)
7537,74,1.2426612377166748,0.9752804636955261,1.1648762226104736,tensor(-0.6628)
7538,74,1.039015769958496,0.9752804636955261,1.1648762226104736,tensor(-0.6628)
7539,74,0.9097245335578918,0.9752804636955261,1.1648762226104736,tensor(-0.6628)
7540,74,1.0913400650024414,0.9752804636955261,1.1648762226104736,tensor(-0.6628)
7541,74,1.165261149406433,0.9752804636955261,1.1648762226104736,tensor(-0.6628)
7542,74,1.0350055694580078,0.9752804636955261,1.1648762226104736,tensor(-0.6628)
7543,74,1.1202619075775146,0.9752804636955261,1.1648762226104736,tensor(-0.6628)
7544,74,0.9472827911376953,0.9752804636955261,1.1648762226104736,tensor(-0.6628)
7545,74,1.0626097917556763,0.9752804636955261,1.1648762226104736,tensor(-0.6628)
7546,74,0.9906197786331177,0.9752804636955261,1.1648762226104736,tensor(-0.6628)
7547,74,1.076425313949585,0.9752804636955261,1.1648762226104736,tensor(-0.6628)
7548,74,1.0090693235397339,0.9752804636955261,1.1648762226104736,tensor(-0.6628)
7549,74,1.0090693235397339,1.122023105621338,1.1648762226104736,tensor(-0.6628)
7550,74,1.0090693235397339,1.078346848487854,1.1648762226104736,tensor(-0.6628)
7551,74,0.9894257187843323,1.078346848487854,1.1648762226104736,tensor(-0.6628)
7551,75,0.9894257187843323,1.078346848487854,0.8583574891090393,tensor(0.6633)
7552,75,1.0047223567962646,1.078346848487854,0.8583574891090393,tensor(0.6633)
7553,75,1.1323721408843994,1.078346848487854,0.8583574891090393,tensor(0.6633)
7554,75,1.1401464939117432,1.078346848487854,0.8583574891090393,tensor(0.6633)
7555,75,1.0937778949737549,1.078346848487854,0.8583574891090393,tensor(0.6633)
7556,75,1.0328869819641113,1.078346848487854,0.8583574891090393,tensor(0.6633)
7557,75,0.9032514095306396,1.078346848487854,0.8583574891090393,tensor(0.6633)
7558,75,0.9247249960899353,1.078346848487854,0.8583574891090393,tensor(0.6633)
7559,75,0.9634132385253906,1.078346848487854,0.8583574891090393,tensor(0.6633)
7560,75,1.0989007949829102,1.078346848487854,0.8583574891090393,tensor(0.6633)
7561,75,1.0577750205993652,1.078346848487854,0.8583574891090393,tensor(0.6633)
7562,75,1.0221786499023438,1.078346848487854,0.8583574891090393,tensor(0.6633)
7563,75,0.9359047412872314,1.078346848487854,0.8583574891090393,tensor(0.6633)
7564,75,0.9514467120170593,1.078346848487854,0.8583574891090393,tensor(0.6633)
7565,75,1.144331455230713,1.078346848487854,0.8583574891090393,tensor(0.6633)
7566,75,1.0111321210861206,1.078346848487854,0.8583574891090393,tensor(0.6633)
7567,75,1.0122172832489014,1.078346848487854,0.8583574891090393,tensor(0.6633)
7568,75,1.1222467422485352,1.078346848487854,0.8583574891090393,tensor(0.6633)
7569,75,0.9150157570838928,1.078346848487854,0.8583574891090393,tensor(0.6633)
7570,75,1.0518527030944824,1.078346848487854,0.8583574891090393,tensor(0.6633)
7571,75,0.9625734686851501,1.078346848487854,0.8583574891090393,tensor(0.6633)
7572,75,0.9263949394226074,1.078346848487854,0.8583574891090393,tensor(0.6633)
7573,75,0.9968451261520386,1.078346848487854,0.8583574891090393,tensor(0.6633)
7574,75,0.917176365852356,1.078346848487854,0.8583574891090393,tensor(0.6633)
7575,75,0.97066330909729,1.078346848487854,0.8583574891090393,tensor(0.6633)
7576,75,1.0768787860870361,1.078346848487854,0.8583574891090393,tensor(0.6633)
7577,75,0.9491719603538513,1.078346848487854,0.8583574891090393,tensor(0.6633)
7578,75,1.0247058868408203,1.078346848487854,0.8583574891090393,tensor(0.6633)
7579,75,0.8891774415969849,1.078346848487854,0.8583574891090393,tensor(0.6633)
7580,75,1.058056116104126,1.078346848487854,0.8583574891090393,tensor(0.6633)
7581,75,0.9180160760879517,1.078346848487854,0.8583574891090393,tensor(0.6633)
7582,75,0.9727573990821838,1.078346848487854,0.8583574891090393,tensor(0.6633)
7583,75,0.9238843321800232,1.078346848487854,0.8583574891090393,tensor(0.6633)
7584,75,1.00807785987854,1.078346848487854,0.8583574891090393,tensor(0.6633)
7585,75,0.8958662748336792,1.078346848487854,0.8583574891090393,tensor(0.6633)
7586,75,1.009634017944336,1.078346848487854,0.8583574891090393,tensor(0.6633)
7587,75,0.8298051953315735,1.078346848487854,0.8583574891090393,tensor(0.6633)
7588,75,1.0239094495773315,1.078346848487854,0.8583574891090393,tensor(0.6633)
7589,75,0.9874259233474731,1.078346848487854,0.8583574891090393,tensor(0.6633)
7590,75,1.0990713834762573,1.078346848487854,0.8583574891090393,tensor(0.6633)
7591,75,1.0085811614990234,1.078346848487854,0.8583574891090393,tensor(0.6633)
7592,75,0.9197238087654114,1.078346848487854,0.8583574891090393,tensor(0.6633)
7593,75,1.1594743728637695,1.078346848487854,0.8583574891090393,tensor(0.6633)
7594,75,0.8915828466415405,1.078346848487854,0.8583574891090393,tensor(0.6633)
7595,75,0.8743391036987305,1.078346848487854,0.8583574891090393,tensor(0.6633)
7596,75,0.9026176929473877,1.078346848487854,0.8583574891090393,tensor(0.6633)
7597,75,1.0627633333206177,1.078346848487854,0.8583574891090393,tensor(0.6633)
7598,75,1.1665728092193604,1.078346848487854,0.8583574891090393,tensor(0.6633)
7599,75,0.9865148067474365,1.078346848487854,0.8583574891090393,tensor(0.6633)
7600,75,0.9552389979362488,1.078346848487854,0.8583574891090393,tensor(0.6633)
7601,75,1.0800457000732422,1.078346848487854,0.8583574891090393,tensor(0.6633)
7602,75,0.8355720043182373,1.078346848487854,0.8583574891090393,tensor(0.6633)
7603,75,1.1196658611297607,1.078346848487854,0.8583574891090393,tensor(0.6633)
7604,75,1.034846305847168,1.078346848487854,0.8583574891090393,tensor(0.6633)
7605,75,1.03452730178833,1.078346848487854,0.8583574891090393,tensor(0.6633)
7606,75,1.1603972911834717,1.078346848487854,0.8583574891090393,tensor(0.6633)
7607,75,0.8950625658035278,1.078346848487854,0.8583574891090393,tensor(0.6633)
7608,75,1.0657774209976196,1.078346848487854,0.8583574891090393,tensor(0.6633)
7609,75,0.8446559906005859,1.078346848487854,0.8583574891090393,tensor(0.6633)
7610,75,1.0479471683502197,1.078346848487854,0.8583574891090393,tensor(0.6633)
7611,75,1.0644210577011108,1.078346848487854,0.8583574891090393,tensor(0.6633)
7612,75,1.0919562578201294,1.078346848487854,0.8583574891090393,tensor(0.6633)
7613,75,1.085089921951294,1.078346848487854,0.8583574891090393,tensor(0.6633)
7614,75,1.0720312595367432,1.078346848487854,0.8583574891090393,tensor(0.6633)
7615,75,1.0330150127410889,1.078346848487854,0.8583574891090393,tensor(0.6633)
7616,75,1.037191390991211,1.078346848487854,0.8583574891090393,tensor(0.6633)
7617,75,0.8026151657104492,1.078346848487854,0.8583574891090393,tensor(0.6633)
7618,75,1.090340256690979,1.078346848487854,0.8583574891090393,tensor(0.6633)
7619,75,0.9888107180595398,1.078346848487854,0.8583574891090393,tensor(0.6633)
7620,75,0.9793539643287659,1.078346848487854,0.8583574891090393,tensor(0.6633)
7621,75,0.9252697229385376,1.078346848487854,0.8583574891090393,tensor(0.6633)
7622,75,1.0535677671432495,1.078346848487854,0.8583574891090393,tensor(0.6633)
7623,75,1.1223034858703613,1.078346848487854,0.8583574891090393,tensor(0.6633)
7624,75,1.1244171857833862,1.078346848487854,0.8583574891090393,tensor(0.6633)
7625,75,1.0920194387435913,1.078346848487854,0.8583574891090393,tensor(0.6633)
7626,75,1.0658303499221802,1.078346848487854,0.8583574891090393,tensor(0.6633)
7627,75,0.9945452213287354,1.078346848487854,0.8583574891090393,tensor(0.6633)
7628,75,0.999435544013977,1.078346848487854,0.8583574891090393,tensor(0.6633)
7629,75,0.7770014405250549,1.078346848487854,0.8583574891090393,tensor(0.6633)
7630,75,1.0280613899230957,1.078346848487854,0.8583574891090393,tensor(0.6633)
7631,75,1.1284024715423584,1.078346848487854,0.8583574891090393,tensor(0.6633)
7632,75,0.9798524379730225,1.078346848487854,0.8583574891090393,tensor(0.6633)
7633,75,1.033947229385376,1.078346848487854,0.8583574891090393,tensor(0.6633)
7634,75,0.8978040218353271,1.078346848487854,0.8583574891090393,tensor(0.6633)
7635,75,0.985803484916687,1.078346848487854,0.8583574891090393,tensor(0.6633)
7636,75,0.9576025009155273,1.078346848487854,0.8583574891090393,tensor(0.6633)
7637,75,1.131270408630371,1.078346848487854,0.8583574891090393,tensor(0.6633)
7638,75,0.9891716241836548,1.078346848487854,0.8583574891090393,tensor(0.6633)
7639,75,1.0536632537841797,1.078346848487854,0.8583574891090393,tensor(0.6633)
7640,75,1.0632922649383545,1.078346848487854,0.8583574891090393,tensor(0.6633)
7641,75,1.004786491394043,1.078346848487854,0.8583574891090393,tensor(0.6633)
7642,75,0.812035858631134,1.078346848487854,0.8583574891090393,tensor(0.6633)
7643,75,1.0066570043563843,1.078346848487854,0.8583574891090393,tensor(0.6633)
7644,75,1.052210807800293,1.078346848487854,0.8583574891090393,tensor(0.6633)
7645,75,0.9906514883041382,1.078346848487854,0.8583574891090393,tensor(0.6633)
7646,75,1.0721410512924194,1.078346848487854,0.8583574891090393,tensor(0.6633)
7647,75,1.0220643281936646,1.078346848487854,0.8583574891090393,tensor(0.6633)
7648,75,1.152578592300415,1.078346848487854,0.8583574891090393,tensor(0.6633)
7649,75,0.928777813911438,1.078346848487854,0.8583574891090393,tensor(0.6633)
7650,75,1.0125982761383057,1.078346848487854,0.8583574891090393,tensor(0.6633)
7651,75,1.0125982761383057,1.1120069026947021,0.8583574891090393,tensor(0.6633)
7652,75,1.0125982761383057,1.0609022378921509,0.8583574891090393,tensor(0.6633)
7653,75,1.132529616355896,1.0609022378921509,0.8583574891090393,tensor(0.6633)
7653,76,1.132529616355896,1.0609022378921509,0.7218382358551025,tensor(1.4156)
7654,76,1.0581791400909424,1.0609022378921509,0.7218382358551025,tensor(1.4156)
7655,76,1.008400559425354,1.0609022378921509,0.7218382358551025,tensor(1.4156)
7656,76,1.0400757789611816,1.0609022378921509,0.7218382358551025,tensor(1.4156)
7657,76,1.0140080451965332,1.0609022378921509,0.7218382358551025,tensor(1.4156)
7658,76,0.9668906331062317,1.0609022378921509,0.7218382358551025,tensor(1.4156)
7659,76,0.718368649482727,1.0609022378921509,0.7218382358551025,tensor(1.4156)
7660,76,0.9509496688842773,1.0609022378921509,0.7218382358551025,tensor(1.4156)
7661,76,1.0502259731292725,1.0609022378921509,0.7218382358551025,tensor(1.4156)
7662,76,1.0013734102249146,1.0609022378921509,0.7218382358551025,tensor(1.4156)
7663,76,0.8895039558410645,1.0609022378921509,0.7218382358551025,tensor(1.4156)
7664,76,0.9309794902801514,1.0609022378921509,0.7218382358551025,tensor(1.4156)
7665,76,0.8129533529281616,1.0609022378921509,0.7218382358551025,tensor(1.4156)
7666,76,0.8572204113006592,1.0609022378921509,0.7218382358551025,tensor(1.4156)
7667,76,0.9188649654388428,1.0609022378921509,0.7218382358551025,tensor(1.4156)
7668,76,1.1369926929473877,1.0609022378921509,0.7218382358551025,tensor(1.4156)
7669,76,1.148050308227539,1.0609022378921509,0.7218382358551025,tensor(1.4156)
7670,76,1.131155252456665,1.0609022378921509,0.7218382358551025,tensor(1.4156)
7671,76,0.9907922148704529,1.0609022378921509,0.7218382358551025,tensor(1.4156)
7672,76,1.0431090593338013,1.0609022378921509,0.7218382358551025,tensor(1.4156)
7673,76,1.0658531188964844,1.0609022378921509,0.7218382358551025,tensor(1.4156)
7674,76,1.1611164808273315,1.0609022378921509,0.7218382358551025,tensor(1.4156)
7675,76,1.1261919736862183,1.0609022378921509,0.7218382358551025,tensor(1.4156)
7676,76,0.9710414409637451,1.0609022378921509,0.7218382358551025,tensor(1.4156)
7677,76,0.8612592220306396,1.0609022378921509,0.7218382358551025,tensor(1.4156)
7678,76,1.0408344268798828,1.0609022378921509,0.7218382358551025,tensor(1.4156)
7679,76,0.9261924624443054,1.0609022378921509,0.7218382358551025,tensor(1.4156)
7680,76,1.1063398122787476,1.0609022378921509,0.7218382358551025,tensor(1.4156)
7681,76,0.9410305023193359,1.0609022378921509,0.7218382358551025,tensor(1.4156)
7682,76,0.916440486907959,1.0609022378921509,0.7218382358551025,tensor(1.4156)
7683,76,0.9670305848121643,1.0609022378921509,0.7218382358551025,tensor(1.4156)
7684,76,1.0971077680587769,1.0609022378921509,0.7218382358551025,tensor(1.4156)
7685,76,0.9502363801002502,1.0609022378921509,0.7218382358551025,tensor(1.4156)
7686,76,0.9103018641471863,1.0609022378921509,0.7218382358551025,tensor(1.4156)
7687,76,0.9175018072128296,1.0609022378921509,0.7218382358551025,tensor(1.4156)
7688,76,0.9617857933044434,1.0609022378921509,0.7218382358551025,tensor(1.4156)
7689,76,1.1536132097244263,1.0609022378921509,0.7218382358551025,tensor(1.4156)
7690,76,0.9238191843032837,1.0609022378921509,0.7218382358551025,tensor(1.4156)
7691,76,1.0285184383392334,1.0609022378921509,0.7218382358551025,tensor(1.4156)
7692,76,1.0212821960449219,1.0609022378921509,0.7218382358551025,tensor(1.4156)
7693,76,1.0628196001052856,1.0609022378921509,0.7218382358551025,tensor(1.4156)
7694,76,1.0678447484970093,1.0609022378921509,0.7218382358551025,tensor(1.4156)
7695,76,0.9372740387916565,1.0609022378921509,0.7218382358551025,tensor(1.4156)
7696,76,0.9781874418258667,1.0609022378921509,0.7218382358551025,tensor(1.4156)
7697,76,0.941861629486084,1.0609022378921509,0.7218382358551025,tensor(1.4156)
7698,76,1.016656756401062,1.0609022378921509,0.7218382358551025,tensor(1.4156)
7699,76,1.0454012155532837,1.0609022378921509,0.7218382358551025,tensor(1.4156)
7700,76,0.895957350730896,1.0609022378921509,0.7218382358551025,tensor(1.4156)
7701,76,0.990449070930481,1.0609022378921509,0.7218382358551025,tensor(1.4156)
7702,76,1.0004518032073975,1.0609022378921509,0.7218382358551025,tensor(1.4156)
7703,76,0.9406610727310181,1.0609022378921509,0.7218382358551025,tensor(1.4156)
7704,76,0.9587745070457458,1.0609022378921509,0.7218382358551025,tensor(1.4156)
7705,76,1.0076072216033936,1.0609022378921509,0.7218382358551025,tensor(1.4156)
7706,76,1.0202528238296509,1.0609022378921509,0.7218382358551025,tensor(1.4156)
7707,76,1.053210973739624,1.0609022378921509,0.7218382358551025,tensor(1.4156)
7708,76,1.167893886566162,1.0609022378921509,0.7218382358551025,tensor(1.4156)
7709,76,0.9004553556442261,1.0609022378921509,0.7218382358551025,tensor(1.4156)
7710,76,1.0698879957199097,1.0609022378921509,0.7218382358551025,tensor(1.4156)
7711,76,1.136489748954773,1.0609022378921509,0.7218382358551025,tensor(1.4156)
7712,76,1.1368169784545898,1.0609022378921509,0.7218382358551025,tensor(1.4156)
7713,76,1.0649476051330566,1.0609022378921509,0.7218382358551025,tensor(1.4156)
7714,76,0.9754166603088379,1.0609022378921509,0.7218382358551025,tensor(1.4156)
7715,76,1.0891368389129639,1.0609022378921509,0.7218382358551025,tensor(1.4156)
7716,76,0.9784309267997742,1.0609022378921509,0.7218382358551025,tensor(1.4156)
7717,76,1.0395557880401611,1.0609022378921509,0.7218382358551025,tensor(1.4156)
7718,76,1.043933629989624,1.0609022378921509,0.7218382358551025,tensor(1.4156)
7719,76,0.8976913094520569,1.0609022378921509,0.7218382358551025,tensor(1.4156)
7720,76,0.9167328476905823,1.0609022378921509,0.7218382358551025,tensor(1.4156)
7721,76,0.9123636484146118,1.0609022378921509,0.7218382358551025,tensor(1.4156)
7722,76,0.9624313116073608,1.0609022378921509,0.7218382358551025,tensor(1.4156)
7723,76,1.0197879076004028,1.0609022378921509,0.7218382358551025,tensor(1.4156)
7724,76,1.0679752826690674,1.0609022378921509,0.7218382358551025,tensor(1.4156)
7725,76,0.961774468421936,1.0609022378921509,0.7218382358551025,tensor(1.4156)
7726,76,0.9280216693878174,1.0609022378921509,0.7218382358551025,tensor(1.4156)
7727,76,1.1057398319244385,1.0609022378921509,0.7218382358551025,tensor(1.4156)
7728,76,1.0625513792037964,1.0609022378921509,0.7218382358551025,tensor(1.4156)
7729,76,0.9317256212234497,1.0609022378921509,0.7218382358551025,tensor(1.4156)
7730,76,1.2282569408416748,1.0609022378921509,0.7218382358551025,tensor(1.4156)
7731,76,1.1823310852050781,1.0609022378921509,0.7218382358551025,tensor(1.4156)
7732,76,1.0380275249481201,1.0609022378921509,0.7218382358551025,tensor(1.4156)
7733,76,0.9302997589111328,1.0609022378921509,0.7218382358551025,tensor(1.4156)
7734,76,1.112583041191101,1.0609022378921509,0.7218382358551025,tensor(1.4156)
7735,76,1.0281240940093994,1.0609022378921509,0.7218382358551025,tensor(1.4156)
7736,76,0.9870874881744385,1.0609022378921509,0.7218382358551025,tensor(1.4156)
7737,76,0.9624083638191223,1.0609022378921509,0.7218382358551025,tensor(1.4156)
7738,76,0.8922485113143921,1.0609022378921509,0.7218382358551025,tensor(1.4156)
7739,76,0.9671714305877686,1.0609022378921509,0.7218382358551025,tensor(1.4156)
7740,76,1.002947211265564,1.0609022378921509,0.7218382358551025,tensor(1.4156)
7741,76,1.1093816757202148,1.0609022378921509,0.7218382358551025,tensor(1.4156)
7742,76,0.8841301202774048,1.0609022378921509,0.7218382358551025,tensor(1.4156)
7743,76,0.9383634328842163,1.0609022378921509,0.7218382358551025,tensor(1.4156)
7744,76,1.0249059200286865,1.0609022378921509,0.7218382358551025,tensor(1.4156)
7745,76,0.934325098991394,1.0609022378921509,0.7218382358551025,tensor(1.4156)
7746,76,1.0676484107971191,1.0609022378921509,0.7218382358551025,tensor(1.4156)
7747,76,0.8981212377548218,1.0609022378921509,0.7218382358551025,tensor(1.4156)
7748,76,1.0172213315963745,1.0609022378921509,0.7218382358551025,tensor(1.4156)
7749,76,1.0672986507415771,1.0609022378921509,0.7218382358551025,tensor(1.4156)
7750,76,0.9494543075561523,1.0609022378921509,0.7218382358551025,tensor(1.4156)
7751,76,0.8744988441467285,1.0609022378921509,0.7218382358551025,tensor(1.4156)
7752,76,1.0829293727874756,1.0609022378921509,0.7218382358551025,tensor(1.4156)
7753,76,1.0829293727874756,1.0337942838668823,0.7218382358551025,tensor(1.4156)
7754,76,1.0829293727874756,0.9422692060470581,0.7218382358551025,tensor(1.4156)
7755,76,0.9925768971443176,0.9422692060470581,0.7218382358551025,tensor(1.4156)
7755,77,0.9925768971443176,0.9422692060470581,0.8322439193725586,tensor(0.7975)
7756,77,0.874868631362915,0.9422692060470581,0.8322439193725586,tensor(0.7975)
7757,77,1.1404919624328613,0.9422692060470581,0.8322439193725586,tensor(0.7975)
7758,77,1.0054948329925537,0.9422692060470581,0.8322439193725586,tensor(0.7975)
7759,77,0.8867509365081787,0.9422692060470581,0.8322439193725586,tensor(0.7975)
7760,77,0.9782991409301758,0.9422692060470581,0.8322439193725586,tensor(0.7975)
7761,77,1.1466630697250366,0.9422692060470581,0.8322439193725586,tensor(0.7975)
7762,77,0.9152341485023499,0.9422692060470581,0.8322439193725586,tensor(0.7975)
7763,77,0.9823421239852905,0.9422692060470581,0.8322439193725586,tensor(0.7975)
7764,77,0.8902174234390259,0.9422692060470581,0.8322439193725586,tensor(0.7975)
7765,77,1.1588633060455322,0.9422692060470581,0.8322439193725586,tensor(0.7975)
7766,77,0.9734662771224976,0.9422692060470581,0.8322439193725586,tensor(0.7975)
7767,77,1.042704463005066,0.9422692060470581,0.8322439193725586,tensor(0.7975)
7768,77,1.095649003982544,0.9422692060470581,0.8322439193725586,tensor(0.7975)
7769,77,0.8916682004928589,0.9422692060470581,0.8322439193725586,tensor(0.7975)
7770,77,1.0016636848449707,0.9422692060470581,0.8322439193725586,tensor(0.7975)
7771,77,0.9893836379051208,0.9422692060470581,0.8322439193725586,tensor(0.7975)
7772,77,0.9123281240463257,0.9422692060470581,0.8322439193725586,tensor(0.7975)
7773,77,0.9292631149291992,0.9422692060470581,0.8322439193725586,tensor(0.7975)
7774,77,1.1472587585449219,0.9422692060470581,0.8322439193725586,tensor(0.7975)
7775,77,0.9113847017288208,0.9422692060470581,0.8322439193725586,tensor(0.7975)
7776,77,1.0745292901992798,0.9422692060470581,0.8322439193725586,tensor(0.7975)
7777,77,1.0429542064666748,0.9422692060470581,0.8322439193725586,tensor(0.7975)
7778,77,0.9100185632705688,0.9422692060470581,0.8322439193725586,tensor(0.7975)
7779,77,1.146306037902832,0.9422692060470581,0.8322439193725586,tensor(0.7975)
7780,77,0.9112576842308044,0.9422692060470581,0.8322439193725586,tensor(0.7975)
7781,77,1.1490380764007568,0.9422692060470581,0.8322439193725586,tensor(0.7975)
7782,77,1.1779980659484863,0.9422692060470581,0.8322439193725586,tensor(0.7975)
7783,77,0.9094634056091309,0.9422692060470581,0.8322439193725586,tensor(0.7975)
7784,77,1.1485038995742798,0.9422692060470581,0.8322439193725586,tensor(0.7975)
7785,77,0.8563938140869141,0.9422692060470581,0.8322439193725586,tensor(0.7975)
7786,77,1.1497650146484375,0.9422692060470581,0.8322439193725586,tensor(0.7975)
7787,77,1.073237657546997,0.9422692060470581,0.8322439193725586,tensor(0.7975)
7788,77,1.0803508758544922,0.9422692060470581,0.8322439193725586,tensor(0.7975)
7789,77,1.1010491847991943,0.9422692060470581,0.8322439193725586,tensor(0.7975)
7790,77,0.9518368244171143,0.9422692060470581,0.8322439193725586,tensor(0.7975)
7791,77,0.9908124804496765,0.9422692060470581,0.8322439193725586,tensor(0.7975)
7792,77,0.8372746109962463,0.9422692060470581,0.8322439193725586,tensor(0.7975)
7793,77,1.0198180675506592,0.9422692060470581,0.8322439193725586,tensor(0.7975)
7794,77,1.0749059915542603,0.9422692060470581,0.8322439193725586,tensor(0.7975)
7795,77,0.9857434034347534,0.9422692060470581,0.8322439193725586,tensor(0.7975)
7796,77,1.0259965658187866,0.9422692060470581,0.8322439193725586,tensor(0.7975)
7797,77,0.9490847587585449,0.9422692060470581,0.8322439193725586,tensor(0.7975)
7798,77,1.0306322574615479,0.9422692060470581,0.8322439193725586,tensor(0.7975)
7799,77,1.0898873805999756,0.9422692060470581,0.8322439193725586,tensor(0.7975)
7800,77,0.9615481495857239,0.9422692060470581,0.8322439193725586,tensor(0.7975)
7801,77,0.868121325969696,0.9422692060470581,0.8322439193725586,tensor(0.7975)
7802,77,1.1110948324203491,0.9422692060470581,0.8322439193725586,tensor(0.7975)
7803,77,1.101847529411316,0.9422692060470581,0.8322439193725586,tensor(0.7975)
7804,77,1.05780029296875,0.9422692060470581,0.8322439193725586,tensor(0.7975)
7805,77,1.0708363056182861,0.9422692060470581,0.8322439193725586,tensor(0.7975)
7806,77,0.9824790358543396,0.9422692060470581,0.8322439193725586,tensor(0.7975)
7807,77,0.8660047650337219,0.9422692060470581,0.8322439193725586,tensor(0.7975)
7808,77,1.0504456758499146,0.9422692060470581,0.8322439193725586,tensor(0.7975)
7809,77,0.9260841012001038,0.9422692060470581,0.8322439193725586,tensor(0.7975)
7810,77,1.0267494916915894,0.9422692060470581,0.8322439193725586,tensor(0.7975)
7811,77,1.0937782526016235,0.9422692060470581,0.8322439193725586,tensor(0.7975)
7812,77,1.0111327171325684,0.9422692060470581,0.8322439193725586,tensor(0.7975)
7813,77,1.159027099609375,0.9422692060470581,0.8322439193725586,tensor(0.7975)
7814,77,0.9998384714126587,0.9422692060470581,0.8322439193725586,tensor(0.7975)
7815,77,1.0593761205673218,0.9422692060470581,0.8322439193725586,tensor(0.7975)
7816,77,1.1994811296463013,0.9422692060470581,0.8322439193725586,tensor(0.7975)
7817,77,0.886184573173523,0.9422692060470581,0.8322439193725586,tensor(0.7975)
7818,77,1.1210907697677612,0.9422692060470581,0.8322439193725586,tensor(0.7975)
7819,77,0.9281257390975952,0.9422692060470581,0.8322439193725586,tensor(0.7975)
7820,77,1.1714662313461304,0.9422692060470581,0.8322439193725586,tensor(0.7975)
7821,77,0.9576245546340942,0.9422692060470581,0.8322439193725586,tensor(0.7975)
7822,77,0.8717080354690552,0.9422692060470581,0.8322439193725586,tensor(0.7975)
7823,77,1.1636979579925537,0.9422692060470581,0.8322439193725586,tensor(0.7975)
7824,77,0.9993155598640442,0.9422692060470581,0.8322439193725586,tensor(0.7975)
7825,77,0.9764359593391418,0.9422692060470581,0.8322439193725586,tensor(0.7975)
7826,77,0.9538539052009583,0.9422692060470581,0.8322439193725586,tensor(0.7975)
7827,77,0.8927074670791626,0.9422692060470581,0.8322439193725586,tensor(0.7975)
7828,77,1.014732837677002,0.9422692060470581,0.8322439193725586,tensor(0.7975)
7829,77,1.0614886283874512,0.9422692060470581,0.8322439193725586,tensor(0.7975)
7830,77,1.0702354907989502,0.9422692060470581,0.8322439193725586,tensor(0.7975)
7831,77,1.0268502235412598,0.9422692060470581,0.8322439193725586,tensor(0.7975)
7832,77,1.0557441711425781,0.9422692060470581,0.8322439193725586,tensor(0.7975)
7833,77,0.971630334854126,0.9422692060470581,0.8322439193725586,tensor(0.7975)
7834,77,0.9683446288108826,0.9422692060470581,0.8322439193725586,tensor(0.7975)
7835,77,1.03908371925354,0.9422692060470581,0.8322439193725586,tensor(0.7975)
7836,77,1.0019423961639404,0.9422692060470581,0.8322439193725586,tensor(0.7975)
7837,77,0.9767374396324158,0.9422692060470581,0.8322439193725586,tensor(0.7975)
7838,77,1.1061184406280518,0.9422692060470581,0.8322439193725586,tensor(0.7975)
7839,77,0.9041387438774109,0.9422692060470581,0.8322439193725586,tensor(0.7975)
7840,77,1.165337324142456,0.9422692060470581,0.8322439193725586,tensor(0.7975)
7841,77,1.0138165950775146,0.9422692060470581,0.8322439193725586,tensor(0.7975)
7842,77,0.98628830909729,0.9422692060470581,0.8322439193725586,tensor(0.7975)
7843,77,1.1160508394241333,0.9422692060470581,0.8322439193725586,tensor(0.7975)
7844,77,1.2605024576187134,0.9422692060470581,0.8322439193725586,tensor(0.7975)
7845,77,1.0371923446655273,0.9422692060470581,0.8322439193725586,tensor(0.7975)
7846,77,0.9454997181892395,0.9422692060470581,0.8322439193725586,tensor(0.7975)
7847,77,0.9220821261405945,0.9422692060470581,0.8322439193725586,tensor(0.7975)
7848,77,0.9258728623390198,0.9422692060470581,0.8322439193725586,tensor(0.7975)
7849,77,0.9742540121078491,0.9422692060470581,0.8322439193725586,tensor(0.7975)
7850,77,0.8928693532943726,0.9422692060470581,0.8322439193725586,tensor(0.7975)
7851,77,1.0932294130325317,0.9422692060470581,0.8322439193725586,tensor(0.7975)
7852,77,1.0667567253112793,0.9422692060470581,0.8322439193725586,tensor(0.7975)
7853,77,1.0087885856628418,0.9422692060470581,0.8322439193725586,tensor(0.7975)
7854,77,0.9864237308502197,0.9422692060470581,0.8322439193725586,tensor(0.7975)
7855,77,0.9864237308502197,1.137552261352539,0.8322439193725586,tensor(0.7975)
7856,77,0.9864237308502197,0.9984712600708008,0.8322439193725586,tensor(0.7975)
7857,77,0.975308895111084,0.9984712600708008,0.8322439193725586,tensor(0.7975)
7857,78,0.975308895111084,0.9984712600708008,1.5096074342727661,tensor(-1.7886)
7858,78,1.083401083946228,0.9984712600708008,1.5096074342727661,tensor(-1.7886)
7859,78,0.985075831413269,0.9984712600708008,1.5096074342727661,tensor(-1.7886)
7860,78,0.9154722094535828,0.9984712600708008,1.5096074342727661,tensor(-1.7886)
7861,78,0.9465087652206421,0.9984712600708008,1.5096074342727661,tensor(-1.7886)
7862,78,0.9450603723526001,0.9984712600708008,1.5096074342727661,tensor(-1.7886)
7863,78,1.1536993980407715,0.9984712600708008,1.5096074342727661,tensor(-1.7886)
7864,78,1.053971767425537,0.9984712600708008,1.5096074342727661,tensor(-1.7886)
7865,78,1.0538533926010132,0.9984712600708008,1.5096074342727661,tensor(-1.7886)
7866,78,0.9471799731254578,0.9984712600708008,1.5096074342727661,tensor(-1.7886)
7867,78,0.9579163789749146,0.9984712600708008,1.5096074342727661,tensor(-1.7886)
7868,78,1.1033360958099365,0.9984712600708008,1.5096074342727661,tensor(-1.7886)
7869,78,1.0076159238815308,0.9984712600708008,1.5096074342727661,tensor(-1.7886)
7870,78,0.9923496246337891,0.9984712600708008,1.5096074342727661,tensor(-1.7886)
7871,78,1.1238133907318115,0.9984712600708008,1.5096074342727661,tensor(-1.7886)
7872,78,1.0157554149627686,0.9984712600708008,1.5096074342727661,tensor(-1.7886)
7873,78,1.021972417831421,0.9984712600708008,1.5096074342727661,tensor(-1.7886)
7874,78,0.9288927912712097,0.9984712600708008,1.5096074342727661,tensor(-1.7886)
7875,78,1.0575056076049805,0.9984712600708008,1.5096074342727661,tensor(-1.7886)
7876,78,0.9417155981063843,0.9984712600708008,1.5096074342727661,tensor(-1.7886)
7877,78,0.9896939992904663,0.9984712600708008,1.5096074342727661,tensor(-1.7886)
7878,78,0.9538289308547974,0.9984712600708008,1.5096074342727661,tensor(-1.7886)
7879,78,0.9302811622619629,0.9984712600708008,1.5096074342727661,tensor(-1.7886)
7880,78,0.9105176329612732,0.9984712600708008,1.5096074342727661,tensor(-1.7886)
7881,78,1.1532959938049316,0.9984712600708008,1.5096074342727661,tensor(-1.7886)
7882,78,0.8621110916137695,0.9984712600708008,1.5096074342727661,tensor(-1.7886)
7883,78,1.096084713935852,0.9984712600708008,1.5096074342727661,tensor(-1.7886)
7884,78,1.1404603719711304,0.9984712600708008,1.5096074342727661,tensor(-1.7886)
7885,78,1.060075283050537,0.9984712600708008,1.5096074342727661,tensor(-1.7886)
7886,78,1.061017394065857,0.9984712600708008,1.5096074342727661,tensor(-1.7886)
7887,78,0.9089629650115967,0.9984712600708008,1.5096074342727661,tensor(-1.7886)
7888,78,1.147965908050537,0.9984712600708008,1.5096074342727661,tensor(-1.7886)
7889,78,1.096008062362671,0.9984712600708008,1.5096074342727661,tensor(-1.7886)
7890,78,1.014204502105713,0.9984712600708008,1.5096074342727661,tensor(-1.7886)
7891,78,0.884414553642273,0.9984712600708008,1.5096074342727661,tensor(-1.7886)
7892,78,0.89244544506073,0.9984712600708008,1.5096074342727661,tensor(-1.7886)
7893,78,1.1325958967208862,0.9984712600708008,1.5096074342727661,tensor(-1.7886)
7894,78,1.0138285160064697,0.9984712600708008,1.5096074342727661,tensor(-1.7886)
7895,78,0.9005159139633179,0.9984712600708008,1.5096074342727661,tensor(-1.7886)
7896,78,1.0364705324172974,0.9984712600708008,1.5096074342727661,tensor(-1.7886)
7897,78,1.0032925605773926,0.9984712600708008,1.5096074342727661,tensor(-1.7886)
7898,78,0.9689139127731323,0.9984712600708008,1.5096074342727661,tensor(-1.7886)
7899,78,0.894938588142395,0.9984712600708008,1.5096074342727661,tensor(-1.7886)
7900,78,0.9572006464004517,0.9984712600708008,1.5096074342727661,tensor(-1.7886)
7901,78,1.1240628957748413,0.9984712600708008,1.5096074342727661,tensor(-1.7886)
7902,78,0.8164876699447632,0.9984712600708008,1.5096074342727661,tensor(-1.7886)
7903,78,1.063392996788025,0.9984712600708008,1.5096074342727661,tensor(-1.7886)
7904,78,0.9790018796920776,0.9984712600708008,1.5096074342727661,tensor(-1.7886)
7905,78,1.0138227939605713,0.9984712600708008,1.5096074342727661,tensor(-1.7886)
7906,78,0.9806962013244629,0.9984712600708008,1.5096074342727661,tensor(-1.7886)
7907,78,0.9916132092475891,0.9984712600708008,1.5096074342727661,tensor(-1.7886)
7908,78,0.9211211204528809,0.9984712600708008,1.5096074342727661,tensor(-1.7886)
7909,78,1.0429083108901978,0.9984712600708008,1.5096074342727661,tensor(-1.7886)
7910,78,1.0254892110824585,0.9984712600708008,1.5096074342727661,tensor(-1.7886)
7911,78,0.9635140895843506,0.9984712600708008,1.5096074342727661,tensor(-1.7886)
7912,78,1.0532140731811523,0.9984712600708008,1.5096074342727661,tensor(-1.7886)
7913,78,1.0452361106872559,0.9984712600708008,1.5096074342727661,tensor(-1.7886)
7914,78,0.9797321557998657,0.9984712600708008,1.5096074342727661,tensor(-1.7886)
7915,78,1.0947511196136475,0.9984712600708008,1.5096074342727661,tensor(-1.7886)
7916,78,1.004563570022583,0.9984712600708008,1.5096074342727661,tensor(-1.7886)
7917,78,1.003828763961792,0.9984712600708008,1.5096074342727661,tensor(-1.7886)
7918,78,0.9428822994232178,0.9984712600708008,1.5096074342727661,tensor(-1.7886)
7919,78,1.28208589553833,0.9984712600708008,1.5096074342727661,tensor(-1.7886)
7920,78,1.146158218383789,0.9984712600708008,1.5096074342727661,tensor(-1.7886)
7921,78,1.1301372051239014,0.9984712600708008,1.5096074342727661,tensor(-1.7886)
7922,78,0.8386310338973999,0.9984712600708008,1.5096074342727661,tensor(-1.7886)
7923,78,1.1049613952636719,0.9984712600708008,1.5096074342727661,tensor(-1.7886)
7924,78,0.9341817498207092,0.9984712600708008,1.5096074342727661,tensor(-1.7886)
7925,78,0.9607824087142944,0.9984712600708008,1.5096074342727661,tensor(-1.7886)
7926,78,1.0423494577407837,0.9984712600708008,1.5096074342727661,tensor(-1.7886)
7927,78,0.9422982931137085,0.9984712600708008,1.5096074342727661,tensor(-1.7886)
7928,78,1.1163771152496338,0.9984712600708008,1.5096074342727661,tensor(-1.7886)
7929,78,1.0151710510253906,0.9984712600708008,1.5096074342727661,tensor(-1.7886)
7930,78,1.1746320724487305,0.9984712600708008,1.5096074342727661,tensor(-1.7886)
7931,78,0.9390774369239807,0.9984712600708008,1.5096074342727661,tensor(-1.7886)
7932,78,0.9611560106277466,0.9984712600708008,1.5096074342727661,tensor(-1.7886)
7933,78,1.043544054031372,0.9984712600708008,1.5096074342727661,tensor(-1.7886)
7934,78,1.06522536277771,0.9984712600708008,1.5096074342727661,tensor(-1.7886)
7935,78,0.7991788387298584,0.9984712600708008,1.5096074342727661,tensor(-1.7886)
7936,78,1.020717740058899,0.9984712600708008,1.5096074342727661,tensor(-1.7886)
7937,78,0.9725030660629272,0.9984712600708008,1.5096074342727661,tensor(-1.7886)
7938,78,1.1094226837158203,0.9984712600708008,1.5096074342727661,tensor(-1.7886)
7939,78,0.8672857284545898,0.9984712600708008,1.5096074342727661,tensor(-1.7886)
7940,78,0.9398217797279358,0.9984712600708008,1.5096074342727661,tensor(-1.7886)
7941,78,1.1355892419815063,0.9984712600708008,1.5096074342727661,tensor(-1.7886)
7942,78,0.9452080130577087,0.9984712600708008,1.5096074342727661,tensor(-1.7886)
7943,78,0.9729573726654053,0.9984712600708008,1.5096074342727661,tensor(-1.7886)
7944,78,0.9612465500831604,0.9984712600708008,1.5096074342727661,tensor(-1.7886)
7945,78,0.9477060437202454,0.9984712600708008,1.5096074342727661,tensor(-1.7886)
7946,78,1.0832213163375854,0.9984712600708008,1.5096074342727661,tensor(-1.7886)
7947,78,1.0162851810455322,0.9984712600708008,1.5096074342727661,tensor(-1.7886)
7948,78,1.0262218713760376,0.9984712600708008,1.5096074342727661,tensor(-1.7886)
7949,78,1.0104241371154785,0.9984712600708008,1.5096074342727661,tensor(-1.7886)
7950,78,1.027894139289856,0.9984712600708008,1.5096074342727661,tensor(-1.7886)
7951,78,0.9943316578865051,0.9984712600708008,1.5096074342727661,tensor(-1.7886)
7952,78,1.0179193019866943,0.9984712600708008,1.5096074342727661,tensor(-1.7886)
7953,78,0.8238329887390137,0.9984712600708008,1.5096074342727661,tensor(-1.7886)
7954,78,0.9555737972259521,0.9984712600708008,1.5096074342727661,tensor(-1.7886)
7955,78,0.8897518515586853,0.9984712600708008,1.5096074342727661,tensor(-1.7886)
7956,78,0.9503090381622314,0.9984712600708008,1.5096074342727661,tensor(-1.7886)
7957,78,0.9503090381622314,0.9466866850852966,1.5096074342727661,tensor(-1.7886)
7958,78,0.9503090381622314,1.0269194841384888,1.5096074342727661,tensor(-1.7886)
7959,78,0.9438681602478027,1.0269194841384888,1.5096074342727661,tensor(-1.7886)
7959,79,0.9438681602478027,1.0269194841384888,0.8124745488166809,tensor(0.9019)
7960,79,0.9282841086387634,1.0269194841384888,0.8124745488166809,tensor(0.9019)
7961,79,1.0905637741088867,1.0269194841384888,0.8124745488166809,tensor(0.9019)
7962,79,0.9802628755569458,1.0269194841384888,0.8124745488166809,tensor(0.9019)
7963,79,1.0802266597747803,1.0269194841384888,0.8124745488166809,tensor(0.9019)
7964,79,0.951760470867157,1.0269194841384888,0.8124745488166809,tensor(0.9019)
7965,79,0.8972662687301636,1.0269194841384888,0.8124745488166809,tensor(0.9019)
7966,79,0.9243065714836121,1.0269194841384888,0.8124745488166809,tensor(0.9019)
7967,79,0.9345237612724304,1.0269194841384888,0.8124745488166809,tensor(0.9019)
7968,79,0.929821252822876,1.0269194841384888,0.8124745488166809,tensor(0.9019)
7969,79,0.9165924787521362,1.0269194841384888,0.8124745488166809,tensor(0.9019)
7970,79,1.0133576393127441,1.0269194841384888,0.8124745488166809,tensor(0.9019)
7971,79,0.9500875473022461,1.0269194841384888,0.8124745488166809,tensor(0.9019)
7972,79,0.9632795453071594,1.0269194841384888,0.8124745488166809,tensor(0.9019)
7973,79,0.969351053237915,1.0269194841384888,0.8124745488166809,tensor(0.9019)
7974,79,0.9626538753509521,1.0269194841384888,0.8124745488166809,tensor(0.9019)
7975,79,0.957079291343689,1.0269194841384888,0.8124745488166809,tensor(0.9019)
7976,79,1.0101237297058105,1.0269194841384888,0.8124745488166809,tensor(0.9019)
7977,79,1.0623608827590942,1.0269194841384888,0.8124745488166809,tensor(0.9019)
7978,79,1.153046727180481,1.0269194841384888,0.8124745488166809,tensor(0.9019)
7979,79,1.1520512104034424,1.0269194841384888,0.8124745488166809,tensor(0.9019)
7980,79,0.852211594581604,1.0269194841384888,0.8124745488166809,tensor(0.9019)
7981,79,1.0892181396484375,1.0269194841384888,0.8124745488166809,tensor(0.9019)
7982,79,1.0422775745391846,1.0269194841384888,0.8124745488166809,tensor(0.9019)
7983,79,0.8886083364486694,1.0269194841384888,0.8124745488166809,tensor(0.9019)
7984,79,1.0613155364990234,1.0269194841384888,0.8124745488166809,tensor(0.9019)
7985,79,1.108649730682373,1.0269194841384888,0.8124745488166809,tensor(0.9019)
7986,79,0.9741927981376648,1.0269194841384888,0.8124745488166809,tensor(0.9019)
7987,79,1.0036473274230957,1.0269194841384888,0.8124745488166809,tensor(0.9019)
7988,79,1.2110822200775146,1.0269194841384888,0.8124745488166809,tensor(0.9019)
7989,79,0.9776791334152222,1.0269194841384888,0.8124745488166809,tensor(0.9019)
7990,79,1.1080312728881836,1.0269194841384888,0.8124745488166809,tensor(0.9019)
7991,79,0.952303946018219,1.0269194841384888,0.8124745488166809,tensor(0.9019)
7992,79,1.0133343935012817,1.0269194841384888,0.8124745488166809,tensor(0.9019)
7993,79,0.9405706524848938,1.0269194841384888,0.8124745488166809,tensor(0.9019)
7994,79,1.0655698776245117,1.0269194841384888,0.8124745488166809,tensor(0.9019)
7995,79,0.9302994608879089,1.0269194841384888,0.8124745488166809,tensor(0.9019)
7996,79,0.8649876713752747,1.0269194841384888,0.8124745488166809,tensor(0.9019)
7997,79,1.0675626993179321,1.0269194841384888,0.8124745488166809,tensor(0.9019)
7998,79,0.911217451095581,1.0269194841384888,0.8124745488166809,tensor(0.9019)
7999,79,1.0058565139770508,1.0269194841384888,0.8124745488166809,tensor(0.9019)
8000,79,0.9951592683792114,1.0269194841384888,0.8124745488166809,tensor(0.9019)
8001,79,1.0062391757965088,1.0269194841384888,0.8124745488166809,tensor(0.9019)
8002,79,0.8960673809051514,1.0269194841384888,0.8124745488166809,tensor(0.9019)
8003,79,1.046431303024292,1.0269194841384888,0.8124745488166809,tensor(0.9019)
8004,79,0.9433627128601074,1.0269194841384888,0.8124745488166809,tensor(0.9019)
8005,79,0.872641921043396,1.0269194841384888,0.8124745488166809,tensor(0.9019)
8006,79,0.9326316118240356,1.0269194841384888,0.8124745488166809,tensor(0.9019)
8007,79,1.046877145767212,1.0269194841384888,0.8124745488166809,tensor(0.9019)
8008,79,1.0502408742904663,1.0269194841384888,0.8124745488166809,tensor(0.9019)
8009,79,0.9540349245071411,1.0269194841384888,0.8124745488166809,tensor(0.9019)
8010,79,1.1462972164154053,1.0269194841384888,0.8124745488166809,tensor(0.9019)
8011,79,1.148786187171936,1.0269194841384888,0.8124745488166809,tensor(0.9019)
8012,79,0.978740930557251,1.0269194841384888,0.8124745488166809,tensor(0.9019)
8013,79,1.0666000843048096,1.0269194841384888,0.8124745488166809,tensor(0.9019)
8014,79,0.9726781845092773,1.0269194841384888,0.8124745488166809,tensor(0.9019)
8015,79,0.9840824604034424,1.0269194841384888,0.8124745488166809,tensor(0.9019)
8016,79,1.003828763961792,1.0269194841384888,0.8124745488166809,tensor(0.9019)
8017,79,0.9698073267936707,1.0269194841384888,0.8124745488166809,tensor(0.9019)
8018,79,0.9320345520973206,1.0269194841384888,0.8124745488166809,tensor(0.9019)
8019,79,1.0468640327453613,1.0269194841384888,0.8124745488166809,tensor(0.9019)
8020,79,0.9627165794372559,1.0269194841384888,0.8124745488166809,tensor(0.9019)
8021,79,0.9242479801177979,1.0269194841384888,0.8124745488166809,tensor(0.9019)
8022,79,1.0109273195266724,1.0269194841384888,0.8124745488166809,tensor(0.9019)
8023,79,1.132873773574829,1.0269194841384888,0.8124745488166809,tensor(0.9019)
8024,79,0.9214390516281128,1.0269194841384888,0.8124745488166809,tensor(0.9019)
8025,79,0.9369057416915894,1.0269194841384888,0.8124745488166809,tensor(0.9019)
8026,79,1.0717319250106812,1.0269194841384888,0.8124745488166809,tensor(0.9019)
8027,79,0.9913456439971924,1.0269194841384888,0.8124745488166809,tensor(0.9019)
8028,79,1.0821576118469238,1.0269194841384888,0.8124745488166809,tensor(0.9019)
8029,79,0.9498802423477173,1.0269194841384888,0.8124745488166809,tensor(0.9019)
8030,79,1.0877479314804077,1.0269194841384888,0.8124745488166809,tensor(0.9019)
8031,79,0.8522353172302246,1.0269194841384888,0.8124745488166809,tensor(0.9019)
8032,79,1.042386770248413,1.0269194841384888,0.8124745488166809,tensor(0.9019)
8033,79,1.1173206567764282,1.0269194841384888,0.8124745488166809,tensor(0.9019)
8034,79,0.9862223863601685,1.0269194841384888,0.8124745488166809,tensor(0.9019)
8035,79,1.037327766418457,1.0269194841384888,0.8124745488166809,tensor(0.9019)
8036,79,1.0358171463012695,1.0269194841384888,0.8124745488166809,tensor(0.9019)
8037,79,0.8457016944885254,1.0269194841384888,0.8124745488166809,tensor(0.9019)
8038,79,1.1219855546951294,1.0269194841384888,0.8124745488166809,tensor(0.9019)
8039,79,0.936154842376709,1.0269194841384888,0.8124745488166809,tensor(0.9019)
8040,79,1.1570096015930176,1.0269194841384888,0.8124745488166809,tensor(0.9019)
8041,79,0.9989892244338989,1.0269194841384888,0.8124745488166809,tensor(0.9019)
8042,79,1.2487144470214844,1.0269194841384888,0.8124745488166809,tensor(0.9019)
8043,79,1.039135217666626,1.0269194841384888,0.8124745488166809,tensor(0.9019)
8044,79,0.9899216890335083,1.0269194841384888,0.8124745488166809,tensor(0.9019)
8045,79,1.0789523124694824,1.0269194841384888,0.8124745488166809,tensor(0.9019)
8046,79,0.8767913579940796,1.0269194841384888,0.8124745488166809,tensor(0.9019)
8047,79,0.857502818107605,1.0269194841384888,0.8124745488166809,tensor(0.9019)
8048,79,0.8303059935569763,1.0269194841384888,0.8124745488166809,tensor(0.9019)
8049,79,1.132469654083252,1.0269194841384888,0.8124745488166809,tensor(0.9019)
8050,79,0.9686784744262695,1.0269194841384888,0.8124745488166809,tensor(0.9019)
8051,79,1.1067900657653809,1.0269194841384888,0.8124745488166809,tensor(0.9019)
8052,79,0.8041991591453552,1.0269194841384888,0.8124745488166809,tensor(0.9019)
8053,79,0.9660677313804626,1.0269194841384888,0.8124745488166809,tensor(0.9019)
8054,79,0.9971330165863037,1.0269194841384888,0.8124745488166809,tensor(0.9019)
8055,79,1.019957423210144,1.0269194841384888,0.8124745488166809,tensor(0.9019)
8056,79,0.9310183525085449,1.0269194841384888,0.8124745488166809,tensor(0.9019)
8057,79,1.1362669467926025,1.0269194841384888,0.8124745488166809,tensor(0.9019)
8058,79,1.1387650966644287,1.0269194841384888,0.8124745488166809,tensor(0.9019)
8059,79,1.1387650966644287,0.9546793699264526,0.8124745488166809,tensor(0.9019)
8060,79,1.1387650966644287,1.182612657546997,0.8124745488166809,tensor(0.9019)
8061,79,0.8453091979026794,1.182612657546997,0.8124745488166809,tensor(0.9019)
8061,80,0.8453091979026794,1.182612657546997,1.0263630151748657,tensor(-0.1130)
8062,80,0.9289554357528687,1.182612657546997,1.0263630151748657,tensor(-0.1130)
8063,80,0.9938756227493286,1.182612657546997,1.0263630151748657,tensor(-0.1130)
8064,80,1.0962011814117432,1.182612657546997,1.0263630151748657,tensor(-0.1130)
8065,80,1.0990151166915894,1.182612657546997,1.0263630151748657,tensor(-0.1130)
8066,80,0.9259430170059204,1.182612657546997,1.0263630151748657,tensor(-0.1130)
8067,80,1.1028543710708618,1.182612657546997,1.0263630151748657,tensor(-0.1130)
8068,80,1.099212884902954,1.182612657546997,1.0263630151748657,tensor(-0.1130)
8069,80,1.0001020431518555,1.182612657546997,1.0263630151748657,tensor(-0.1130)
8070,80,1.0297949314117432,1.182612657546997,1.0263630151748657,tensor(-0.1130)
8071,80,1.049423098564148,1.182612657546997,1.0263630151748657,tensor(-0.1130)
8072,80,0.9265375137329102,1.182612657546997,1.0263630151748657,tensor(-0.1130)
8073,80,0.9831315875053406,1.182612657546997,1.0263630151748657,tensor(-0.1130)
8074,80,1.1419382095336914,1.182612657546997,1.0263630151748657,tensor(-0.1130)
8075,80,1.0273228883743286,1.182612657546997,1.0263630151748657,tensor(-0.1130)
8076,80,1.1182739734649658,1.182612657546997,1.0263630151748657,tensor(-0.1130)
8077,80,1.0915248394012451,1.182612657546997,1.0263630151748657,tensor(-0.1130)
8078,80,1.0709922313690186,1.182612657546997,1.0263630151748657,tensor(-0.1130)
8079,80,0.9613269567489624,1.182612657546997,1.0263630151748657,tensor(-0.1130)
8080,80,0.9235374927520752,1.182612657546997,1.0263630151748657,tensor(-0.1130)
8081,80,0.9091730117797852,1.182612657546997,1.0263630151748657,tensor(-0.1130)
8082,80,1.2156643867492676,1.182612657546997,1.0263630151748657,tensor(-0.1130)
8083,80,0.9513692259788513,1.182612657546997,1.0263630151748657,tensor(-0.1130)
8084,80,1.2064907550811768,1.182612657546997,1.0263630151748657,tensor(-0.1130)
8085,80,1.024219036102295,1.182612657546997,1.0263630151748657,tensor(-0.1130)
8086,80,0.9317448139190674,1.182612657546997,1.0263630151748657,tensor(-0.1130)
8087,80,0.9171547889709473,1.182612657546997,1.0263630151748657,tensor(-0.1130)
8088,80,0.8802696466445923,1.182612657546997,1.0263630151748657,tensor(-0.1130)
8089,80,0.9768959283828735,1.182612657546997,1.0263630151748657,tensor(-0.1130)
8090,80,0.902244508266449,1.182612657546997,1.0263630151748657,tensor(-0.1130)
8091,80,1.0681736469268799,1.182612657546997,1.0263630151748657,tensor(-0.1130)
8092,80,1.0988823175430298,1.182612657546997,1.0263630151748657,tensor(-0.1130)
8093,80,1.1377719640731812,1.182612657546997,1.0263630151748657,tensor(-0.1130)
8094,80,0.9706123471260071,1.182612657546997,1.0263630151748657,tensor(-0.1130)
8095,80,1.0188359022140503,1.182612657546997,1.0263630151748657,tensor(-0.1130)
8096,80,0.9373208284378052,1.182612657546997,1.0263630151748657,tensor(-0.1130)
8097,80,1.0510728359222412,1.182612657546997,1.0263630151748657,tensor(-0.1130)
8098,80,0.9570067524909973,1.182612657546997,1.0263630151748657,tensor(-0.1130)
8099,80,1.0642708539962769,1.182612657546997,1.0263630151748657,tensor(-0.1130)
8100,80,0.9909310340881348,1.182612657546997,1.0263630151748657,tensor(-0.1130)
8101,80,1.0086582899093628,1.182612657546997,1.0263630151748657,tensor(-0.1130)
8102,80,1.0466833114624023,1.182612657546997,1.0263630151748657,tensor(-0.1130)
8103,80,0.9296119213104248,1.182612657546997,1.0263630151748657,tensor(-0.1130)
8104,80,1.0248806476593018,1.182612657546997,1.0263630151748657,tensor(-0.1130)
8105,80,0.9655367732048035,1.182612657546997,1.0263630151748657,tensor(-0.1130)
8106,80,0.9754571914672852,1.182612657546997,1.0263630151748657,tensor(-0.1130)
8107,80,0.9418346881866455,1.182612657546997,1.0263630151748657,tensor(-0.1130)
8108,80,1.1898794174194336,1.182612657546997,1.0263630151748657,tensor(-0.1130)
8109,80,1.0609146356582642,1.182612657546997,1.0263630151748657,tensor(-0.1130)
8110,80,0.969160795211792,1.182612657546997,1.0263630151748657,tensor(-0.1130)
8111,80,1.0369350910186768,1.182612657546997,1.0263630151748657,tensor(-0.1130)
8112,80,1.0436936616897583,1.182612657546997,1.0263630151748657,tensor(-0.1130)
8113,80,1.0022574663162231,1.182612657546997,1.0263630151748657,tensor(-0.1130)
8114,80,0.9952414631843567,1.182612657546997,1.0263630151748657,tensor(-0.1130)
8115,80,0.9819345474243164,1.182612657546997,1.0263630151748657,tensor(-0.1130)
8116,80,1.2109317779541016,1.182612657546997,1.0263630151748657,tensor(-0.1130)
8117,80,1.0171914100646973,1.182612657546997,1.0263630151748657,tensor(-0.1130)
8118,80,1.0613467693328857,1.182612657546997,1.0263630151748657,tensor(-0.1130)
8119,80,1.076627254486084,1.182612657546997,1.0263630151748657,tensor(-0.1130)
8120,80,1.0219330787658691,1.182612657546997,1.0263630151748657,tensor(-0.1130)
8121,80,1.0001606941223145,1.182612657546997,1.0263630151748657,tensor(-0.1130)
8122,80,0.9892412424087524,1.182612657546997,1.0263630151748657,tensor(-0.1130)
8123,80,0.9164887070655823,1.182612657546997,1.0263630151748657,tensor(-0.1130)
8124,80,0.9371877908706665,1.182612657546997,1.0263630151748657,tensor(-0.1130)
8125,80,1.136531114578247,1.182612657546997,1.0263630151748657,tensor(-0.1130)
8126,80,0.9675116539001465,1.182612657546997,1.0263630151748657,tensor(-0.1130)
8127,80,0.9246894717216492,1.182612657546997,1.0263630151748657,tensor(-0.1130)
8128,80,0.9511815309524536,1.182612657546997,1.0263630151748657,tensor(-0.1130)
8129,80,0.9889811277389526,1.182612657546997,1.0263630151748657,tensor(-0.1130)
8130,80,1.1062172651290894,1.182612657546997,1.0263630151748657,tensor(-0.1130)
8131,80,1.160452127456665,1.182612657546997,1.0263630151748657,tensor(-0.1130)
8132,80,0.9534144401550293,1.182612657546997,1.0263630151748657,tensor(-0.1130)
8133,80,0.9462575912475586,1.182612657546997,1.0263630151748657,tensor(-0.1130)
8134,80,1.0485293865203857,1.182612657546997,1.0263630151748657,tensor(-0.1130)
8135,80,1.0385905504226685,1.182612657546997,1.0263630151748657,tensor(-0.1130)
8136,80,1.0224452018737793,1.182612657546997,1.0263630151748657,tensor(-0.1130)
8137,80,0.9491606950759888,1.182612657546997,1.0263630151748657,tensor(-0.1130)
8138,80,0.9464002847671509,1.182612657546997,1.0263630151748657,tensor(-0.1130)
8139,80,0.9460317492485046,1.182612657546997,1.0263630151748657,tensor(-0.1130)
8140,80,0.9717845320701599,1.182612657546997,1.0263630151748657,tensor(-0.1130)
8141,80,1.0262646675109863,1.182612657546997,1.0263630151748657,tensor(-0.1130)
8142,80,0.9492765069007874,1.182612657546997,1.0263630151748657,tensor(-0.1130)
8143,80,0.9762307405471802,1.182612657546997,1.0263630151748657,tensor(-0.1130)
8144,80,1.1767957210540771,1.182612657546997,1.0263630151748657,tensor(-0.1130)
8145,80,1.0503284931182861,1.182612657546997,1.0263630151748657,tensor(-0.1130)
8146,80,1.0299904346466064,1.182612657546997,1.0263630151748657,tensor(-0.1130)
8147,80,1.0690338611602783,1.182612657546997,1.0263630151748657,tensor(-0.1130)
8148,80,1.0078685283660889,1.182612657546997,1.0263630151748657,tensor(-0.1130)
8149,80,0.9498789310455322,1.182612657546997,1.0263630151748657,tensor(-0.1130)
8150,80,1.009836196899414,1.182612657546997,1.0263630151748657,tensor(-0.1130)
8151,80,0.9661331176757812,1.182612657546997,1.0263630151748657,tensor(-0.1130)
8152,80,0.9802132844924927,1.182612657546997,1.0263630151748657,tensor(-0.1130)
8153,80,0.9496148228645325,1.182612657546997,1.0263630151748657,tensor(-0.1130)
8154,80,0.9231032729148865,1.182612657546997,1.0263630151748657,tensor(-0.1130)
8155,80,0.9382632970809937,1.182612657546997,1.0263630151748657,tensor(-0.1130)
8156,80,0.9480218887329102,1.182612657546997,1.0263630151748657,tensor(-0.1130)
8157,80,0.934295654296875,1.182612657546997,1.0263630151748657,tensor(-0.1130)
8158,80,0.9210413694381714,1.182612657546997,1.0263630151748657,tensor(-0.1130)
8159,80,1.1643085479736328,1.182612657546997,1.0263630151748657,tensor(-0.1130)
8160,80,1.1728217601776123,1.182612657546997,1.0263630151748657,tensor(-0.1130)
8161,80,1.1728217601776123,1.1700913906097412,1.0263630151748657,tensor(-0.1130)
8162,80,1.1728217601776123,1.0234745740890503,1.0263630151748657,tensor(-0.1130)
8163,80,1.0347589254379272,1.0234745740890503,1.0263630151748657,tensor(-0.1130)
8163,81,1.0347589254379272,1.0234745740890503,0.8414239883422852,tensor(0.7499)
8164,81,1.1047031879425049,1.0234745740890503,0.8414239883422852,tensor(0.7499)
8165,81,1.0651638507843018,1.0234745740890503,0.8414239883422852,tensor(0.7499)
8166,81,0.9090051054954529,1.0234745740890503,0.8414239883422852,tensor(0.7499)
8167,81,0.9915000796318054,1.0234745740890503,0.8414239883422852,tensor(0.7499)
8168,81,1.114184856414795,1.0234745740890503,0.8414239883422852,tensor(0.7499)
8169,81,1.039567470550537,1.0234745740890503,0.8414239883422852,tensor(0.7499)
8170,81,0.8229365348815918,1.0234745740890503,0.8414239883422852,tensor(0.7499)
8171,81,0.9367357492446899,1.0234745740890503,0.8414239883422852,tensor(0.7499)
8172,81,1.0512244701385498,1.0234745740890503,0.8414239883422852,tensor(0.7499)
8173,81,0.9523061513900757,1.0234745740890503,0.8414239883422852,tensor(0.7499)
8174,81,1.0600686073303223,1.0234745740890503,0.8414239883422852,tensor(0.7499)
8175,81,1.0914465188980103,1.0234745740890503,0.8414239883422852,tensor(0.7499)
8176,81,0.8744411468505859,1.0234745740890503,0.8414239883422852,tensor(0.7499)
8177,81,0.9927464127540588,1.0234745740890503,0.8414239883422852,tensor(0.7499)
8178,81,1.100197196006775,1.0234745740890503,0.8414239883422852,tensor(0.7499)
8179,81,1.0357431173324585,1.0234745740890503,0.8414239883422852,tensor(0.7499)
8180,81,1.161149024963379,1.0234745740890503,0.8414239883422852,tensor(0.7499)
8181,81,1.0050972700119019,1.0234745740890503,0.8414239883422852,tensor(0.7499)
8182,81,0.9649925827980042,1.0234745740890503,0.8414239883422852,tensor(0.7499)
8183,81,0.9978955984115601,1.0234745740890503,0.8414239883422852,tensor(0.7499)
8184,81,1.0521520376205444,1.0234745740890503,0.8414239883422852,tensor(0.7499)
8185,81,0.8554774522781372,1.0234745740890503,0.8414239883422852,tensor(0.7499)
8186,81,1.003848910331726,1.0234745740890503,0.8414239883422852,tensor(0.7499)
8187,81,0.8824323415756226,1.0234745740890503,0.8414239883422852,tensor(0.7499)
8188,81,0.8627743721008301,1.0234745740890503,0.8414239883422852,tensor(0.7499)
8189,81,1.0108460187911987,1.0234745740890503,0.8414239883422852,tensor(0.7499)
8190,81,0.9051296710968018,1.0234745740890503,0.8414239883422852,tensor(0.7499)
8191,81,0.9604880809783936,1.0234745740890503,0.8414239883422852,tensor(0.7499)
8192,81,1.1466301679611206,1.0234745740890503,0.8414239883422852,tensor(0.7499)
8193,81,1.0474627017974854,1.0234745740890503,0.8414239883422852,tensor(0.7499)
8194,81,0.9172272086143494,1.0234745740890503,0.8414239883422852,tensor(0.7499)
8195,81,1.1094473600387573,1.0234745740890503,0.8414239883422852,tensor(0.7499)
8196,81,1.108541488647461,1.0234745740890503,0.8414239883422852,tensor(0.7499)
8197,81,1.0125010013580322,1.0234745740890503,0.8414239883422852,tensor(0.7499)
8198,81,0.9418734312057495,1.0234745740890503,0.8414239883422852,tensor(0.7499)
8199,81,0.9150145053863525,1.0234745740890503,0.8414239883422852,tensor(0.7499)
8200,81,1.1734603643417358,1.0234745740890503,0.8414239883422852,tensor(0.7499)
8201,81,0.8698039650917053,1.0234745740890503,0.8414239883422852,tensor(0.7499)
8202,81,0.9703531265258789,1.0234745740890503,0.8414239883422852,tensor(0.7499)
8203,81,1.070651888847351,1.0234745740890503,0.8414239883422852,tensor(0.7499)
8204,81,0.9696982502937317,1.0234745740890503,0.8414239883422852,tensor(0.7499)
8205,81,0.9687728881835938,1.0234745740890503,0.8414239883422852,tensor(0.7499)
8206,81,1.0402467250823975,1.0234745740890503,0.8414239883422852,tensor(0.7499)
8207,81,1.0620794296264648,1.0234745740890503,0.8414239883422852,tensor(0.7499)
8208,81,0.923592746257782,1.0234745740890503,0.8414239883422852,tensor(0.7499)
8209,81,1.1119047403335571,1.0234745740890503,0.8414239883422852,tensor(0.7499)
8210,81,1.0640826225280762,1.0234745740890503,0.8414239883422852,tensor(0.7499)
8211,81,0.9155001640319824,1.0234745740890503,0.8414239883422852,tensor(0.7499)
8212,81,1.1058075428009033,1.0234745740890503,0.8414239883422852,tensor(0.7499)
8213,81,0.9761255383491516,1.0234745740890503,0.8414239883422852,tensor(0.7499)
8214,81,1.0409739017486572,1.0234745740890503,0.8414239883422852,tensor(0.7499)
8215,81,0.957126259803772,1.0234745740890503,0.8414239883422852,tensor(0.7499)
8216,81,0.9457803964614868,1.0234745740890503,0.8414239883422852,tensor(0.7499)
8217,81,1.091637372970581,1.0234745740890503,0.8414239883422852,tensor(0.7499)
8218,81,0.986831545829773,1.0234745740890503,0.8414239883422852,tensor(0.7499)
8219,81,0.9958081841468811,1.0234745740890503,0.8414239883422852,tensor(0.7499)
8220,81,0.9550966620445251,1.0234745740890503,0.8414239883422852,tensor(0.7499)
8221,81,1.2099144458770752,1.0234745740890503,0.8414239883422852,tensor(0.7499)
8222,81,1.144345760345459,1.0234745740890503,0.8414239883422852,tensor(0.7499)
8223,81,1.0205492973327637,1.0234745740890503,0.8414239883422852,tensor(0.7499)
8224,81,1.0856566429138184,1.0234745740890503,0.8414239883422852,tensor(0.7499)
8225,81,1.029543399810791,1.0234745740890503,0.8414239883422852,tensor(0.7499)
8226,81,0.9622032642364502,1.0234745740890503,0.8414239883422852,tensor(0.7499)
8227,81,0.9978699684143066,1.0234745740890503,0.8414239883422852,tensor(0.7499)
8228,81,1.0046268701553345,1.0234745740890503,0.8414239883422852,tensor(0.7499)
8229,81,0.9781166315078735,1.0234745740890503,0.8414239883422852,tensor(0.7499)
8230,81,0.8998119235038757,1.0234745740890503,0.8414239883422852,tensor(0.7499)
8231,81,1.1064305305480957,1.0234745740890503,0.8414239883422852,tensor(0.7499)
8232,81,1.0876225233078003,1.0234745740890503,0.8414239883422852,tensor(0.7499)
8233,81,0.9936811923980713,1.0234745740890503,0.8414239883422852,tensor(0.7499)
8234,81,1.1107786893844604,1.0234745740890503,0.8414239883422852,tensor(0.7499)
8235,81,1.007098913192749,1.0234745740890503,0.8414239883422852,tensor(0.7499)
8236,81,1.0044361352920532,1.0234745740890503,0.8414239883422852,tensor(0.7499)
8237,81,1.212160587310791,1.0234745740890503,0.8414239883422852,tensor(0.7499)
8238,81,1.1218576431274414,1.0234745740890503,0.8414239883422852,tensor(0.7499)
8239,81,0.9206129312515259,1.0234745740890503,0.8414239883422852,tensor(0.7499)
8240,81,0.9812650680541992,1.0234745740890503,0.8414239883422852,tensor(0.7499)
8241,81,0.96631920337677,1.0234745740890503,0.8414239883422852,tensor(0.7499)
8242,81,1.0699594020843506,1.0234745740890503,0.8414239883422852,tensor(0.7499)
8243,81,1.0710442066192627,1.0234745740890503,0.8414239883422852,tensor(0.7499)
8244,81,1.0752661228179932,1.0234745740890503,0.8414239883422852,tensor(0.7499)
8245,81,1.149444818496704,1.0234745740890503,0.8414239883422852,tensor(0.7499)
8246,81,1.1556613445281982,1.0234745740890503,0.8414239883422852,tensor(0.7499)
8247,81,1.026427984237671,1.0234745740890503,0.8414239883422852,tensor(0.7499)
8248,81,1.1161937713623047,1.0234745740890503,0.8414239883422852,tensor(0.7499)
8249,81,0.831186056137085,1.0234745740890503,0.8414239883422852,tensor(0.7499)
8250,81,0.9300556182861328,1.0234745740890503,0.8414239883422852,tensor(0.7499)
8251,81,0.9691558480262756,1.0234745740890503,0.8414239883422852,tensor(0.7499)
8252,81,1.0224484205245972,1.0234745740890503,0.8414239883422852,tensor(0.7499)
8253,81,1.0296363830566406,1.0234745740890503,0.8414239883422852,tensor(0.7499)
8254,81,1.111342191696167,1.0234745740890503,0.8414239883422852,tensor(0.7499)
8255,81,1.0295497179031372,1.0234745740890503,0.8414239883422852,tensor(0.7499)
8256,81,0.9845035672187805,1.0234745740890503,0.8414239883422852,tensor(0.7499)
8257,81,0.990543007850647,1.0234745740890503,0.8414239883422852,tensor(0.7499)
8258,81,0.951351523399353,1.0234745740890503,0.8414239883422852,tensor(0.7499)
8259,81,1.1116082668304443,1.0234745740890503,0.8414239883422852,tensor(0.7499)
8260,81,0.9292892217636108,1.0234745740890503,0.8414239883422852,tensor(0.7499)
8261,81,1.1554510593414307,1.0234745740890503,0.8414239883422852,tensor(0.7499)
8262,81,1.0907437801361084,1.0234745740890503,0.8414239883422852,tensor(0.7499)
8263,81,1.0907437801361084,1.0763392448425293,0.8414239883422852,tensor(0.7499)
8264,81,1.0907437801361084,1.067401647567749,0.8414239883422852,tensor(0.7499)
8265,81,1.0713727474212646,1.067401647567749,0.8414239883422852,tensor(0.7499)
8265,82,1.0713727474212646,1.067401647567749,1.2749239206314087,tensor(-1.0548)
8266,82,1.2519097328186035,1.067401647567749,1.2749239206314087,tensor(-1.0548)
8267,82,1.0569255352020264,1.067401647567749,1.2749239206314087,tensor(-1.0548)
8268,82,0.9441219568252563,1.067401647567749,1.2749239206314087,tensor(-1.0548)
8269,82,1.0575627088546753,1.067401647567749,1.2749239206314087,tensor(-1.0548)
8270,82,0.9686991572380066,1.067401647567749,1.2749239206314087,tensor(-1.0548)
8271,82,1.0618715286254883,1.067401647567749,1.2749239206314087,tensor(-1.0548)
8272,82,1.0761592388153076,1.067401647567749,1.2749239206314087,tensor(-1.0548)
8273,82,1.0206860303878784,1.067401647567749,1.2749239206314087,tensor(-1.0548)
8274,82,1.1610023975372314,1.067401647567749,1.2749239206314087,tensor(-1.0548)
8275,82,0.8572485446929932,1.067401647567749,1.2749239206314087,tensor(-1.0548)
8276,82,0.9246221780776978,1.067401647567749,1.2749239206314087,tensor(-1.0548)
8277,82,0.9393166303634644,1.067401647567749,1.2749239206314087,tensor(-1.0548)
8278,82,0.9761782884597778,1.067401647567749,1.2749239206314087,tensor(-1.0548)
8279,82,0.8356158137321472,1.067401647567749,1.2749239206314087,tensor(-1.0548)
8280,82,1.0467915534973145,1.067401647567749,1.2749239206314087,tensor(-1.0548)
8281,82,1.099606990814209,1.067401647567749,1.2749239206314087,tensor(-1.0548)
8282,82,0.9178946614265442,1.067401647567749,1.2749239206314087,tensor(-1.0548)
8283,82,0.9747704863548279,1.067401647567749,1.2749239206314087,tensor(-1.0548)
8284,82,0.810295581817627,1.067401647567749,1.2749239206314087,tensor(-1.0548)
8285,82,1.0409698486328125,1.067401647567749,1.2749239206314087,tensor(-1.0548)
8286,82,1.1045588254928589,1.067401647567749,1.2749239206314087,tensor(-1.0548)
8287,82,0.9240754246711731,1.067401647567749,1.2749239206314087,tensor(-1.0548)
8288,82,1.022178292274475,1.067401647567749,1.2749239206314087,tensor(-1.0548)
8289,82,0.8616971969604492,1.067401647567749,1.2749239206314087,tensor(-1.0548)
8290,82,0.9726417064666748,1.067401647567749,1.2749239206314087,tensor(-1.0548)
8291,82,1.1000075340270996,1.067401647567749,1.2749239206314087,tensor(-1.0548)
8292,82,1.085829257965088,1.067401647567749,1.2749239206314087,tensor(-1.0548)
8293,82,1.0443096160888672,1.067401647567749,1.2749239206314087,tensor(-1.0548)
8294,82,1.0302647352218628,1.067401647567749,1.2749239206314087,tensor(-1.0548)
8295,82,1.1217011213302612,1.067401647567749,1.2749239206314087,tensor(-1.0548)
8296,82,0.9274060726165771,1.067401647567749,1.2749239206314087,tensor(-1.0548)
8297,82,1.0245239734649658,1.067401647567749,1.2749239206314087,tensor(-1.0548)
8298,82,1.021813988685608,1.067401647567749,1.2749239206314087,tensor(-1.0548)
8299,82,1.201671838760376,1.067401647567749,1.2749239206314087,tensor(-1.0548)
8300,82,0.9646469354629517,1.067401647567749,1.2749239206314087,tensor(-1.0548)
8301,82,1.1162141561508179,1.067401647567749,1.2749239206314087,tensor(-1.0548)
8302,82,0.9772175550460815,1.067401647567749,1.2749239206314087,tensor(-1.0548)
8303,82,0.8674206733703613,1.067401647567749,1.2749239206314087,tensor(-1.0548)
8304,82,0.9014357328414917,1.067401647567749,1.2749239206314087,tensor(-1.0548)
8305,82,0.9806029796600342,1.067401647567749,1.2749239206314087,tensor(-1.0548)
8306,82,1.0263739824295044,1.067401647567749,1.2749239206314087,tensor(-1.0548)
8307,82,1.0219471454620361,1.067401647567749,1.2749239206314087,tensor(-1.0548)
8308,82,0.9065996408462524,1.067401647567749,1.2749239206314087,tensor(-1.0548)
8309,82,0.9261258840560913,1.067401647567749,1.2749239206314087,tensor(-1.0548)
8310,82,0.9086185693740845,1.067401647567749,1.2749239206314087,tensor(-1.0548)
8311,82,0.9815361499786377,1.067401647567749,1.2749239206314087,tensor(-1.0548)
8312,82,1.0420081615447998,1.067401647567749,1.2749239206314087,tensor(-1.0548)
8313,82,1.1617008447647095,1.067401647567749,1.2749239206314087,tensor(-1.0548)
8314,82,0.9366333484649658,1.067401647567749,1.2749239206314087,tensor(-1.0548)
8315,82,1.083181381225586,1.067401647567749,1.2749239206314087,tensor(-1.0548)
8316,82,1.0784035921096802,1.067401647567749,1.2749239206314087,tensor(-1.0548)
8317,82,1.0033657550811768,1.067401647567749,1.2749239206314087,tensor(-1.0548)
8318,82,1.0307108163833618,1.067401647567749,1.2749239206314087,tensor(-1.0548)
8319,82,1.1651625633239746,1.067401647567749,1.2749239206314087,tensor(-1.0548)
8320,82,1.0245301723480225,1.067401647567749,1.2749239206314087,tensor(-1.0548)
8321,82,1.070945143699646,1.067401647567749,1.2749239206314087,tensor(-1.0548)
8322,82,0.8249737024307251,1.067401647567749,1.2749239206314087,tensor(-1.0548)
8323,82,0.918419599533081,1.067401647567749,1.2749239206314087,tensor(-1.0548)
8324,82,1.0835193395614624,1.067401647567749,1.2749239206314087,tensor(-1.0548)
8325,82,0.907390296459198,1.067401647567749,1.2749239206314087,tensor(-1.0548)
8326,82,1.020881175994873,1.067401647567749,1.2749239206314087,tensor(-1.0548)
8327,82,1.1022047996520996,1.067401647567749,1.2749239206314087,tensor(-1.0548)
8328,82,1.0556485652923584,1.067401647567749,1.2749239206314087,tensor(-1.0548)
8329,82,1.0276570320129395,1.067401647567749,1.2749239206314087,tensor(-1.0548)
8330,82,0.9027017951011658,1.067401647567749,1.2749239206314087,tensor(-1.0548)
8331,82,0.8615418076515198,1.067401647567749,1.2749239206314087,tensor(-1.0548)
8332,82,0.9424779415130615,1.067401647567749,1.2749239206314087,tensor(-1.0548)
8333,82,1.0232584476470947,1.067401647567749,1.2749239206314087,tensor(-1.0548)
8334,82,0.9028476476669312,1.067401647567749,1.2749239206314087,tensor(-1.0548)
8335,82,1.0501693487167358,1.067401647567749,1.2749239206314087,tensor(-1.0548)
8336,82,0.9854016304016113,1.067401647567749,1.2749239206314087,tensor(-1.0548)
8337,82,1.0215058326721191,1.067401647567749,1.2749239206314087,tensor(-1.0548)
8338,82,0.9546079635620117,1.067401647567749,1.2749239206314087,tensor(-1.0548)
8339,82,1.0017282962799072,1.067401647567749,1.2749239206314087,tensor(-1.0548)
8340,82,1.042136788368225,1.067401647567749,1.2749239206314087,tensor(-1.0548)
8341,82,1.0423349142074585,1.067401647567749,1.2749239206314087,tensor(-1.0548)
8342,82,0.9667028188705444,1.067401647567749,1.2749239206314087,tensor(-1.0548)
8343,82,0.830472469329834,1.067401647567749,1.2749239206314087,tensor(-1.0548)
8344,82,1.0430104732513428,1.067401647567749,1.2749239206314087,tensor(-1.0548)
8345,82,0.9582652449607849,1.067401647567749,1.2749239206314087,tensor(-1.0548)
8346,82,1.1131831407546997,1.067401647567749,1.2749239206314087,tensor(-1.0548)
8347,82,1.196889877319336,1.067401647567749,1.2749239206314087,tensor(-1.0548)
8348,82,1.0690827369689941,1.067401647567749,1.2749239206314087,tensor(-1.0548)
8349,82,0.8174997568130493,1.067401647567749,1.2749239206314087,tensor(-1.0548)
8350,82,1.1056355237960815,1.067401647567749,1.2749239206314087,tensor(-1.0548)
8351,82,1.0853416919708252,1.067401647567749,1.2749239206314087,tensor(-1.0548)
8352,82,1.0639408826828003,1.067401647567749,1.2749239206314087,tensor(-1.0548)
8353,82,0.8993459939956665,1.067401647567749,1.2749239206314087,tensor(-1.0548)
8354,82,0.9880260229110718,1.067401647567749,1.2749239206314087,tensor(-1.0548)
8355,82,0.9987833499908447,1.067401647567749,1.2749239206314087,tensor(-1.0548)
8356,82,0.8783072233200073,1.067401647567749,1.2749239206314087,tensor(-1.0548)
8357,82,1.0686925649642944,1.067401647567749,1.2749239206314087,tensor(-1.0548)
8358,82,0.9755043387413025,1.067401647567749,1.2749239206314087,tensor(-1.0548)
8359,82,1.1106951236724854,1.067401647567749,1.2749239206314087,tensor(-1.0548)
8360,82,1.0131288766860962,1.067401647567749,1.2749239206314087,tensor(-1.0548)
8361,82,0.9177353382110596,1.067401647567749,1.2749239206314087,tensor(-1.0548)
8362,82,0.9489232301712036,1.067401647567749,1.2749239206314087,tensor(-1.0548)
8363,82,0.8276623487472534,1.067401647567749,1.2749239206314087,tensor(-1.0548)
8364,82,1.0242942571640015,1.067401647567749,1.2749239206314087,tensor(-1.0548)
8365,82,1.0242942571640015,1.0820376873016357,1.2749239206314087,tensor(-1.0548)
8366,82,1.0242942571640015,0.7681185007095337,1.2749239206314087,tensor(-1.0548)
8367,82,0.9857624769210815,0.7681185007095337,1.2749239206314087,tensor(-1.0548)
8367,83,0.9857624769210815,0.7681185007095337,1.5093650817871094,tensor(-1.7879)
8368,83,0.913092851638794,0.7681185007095337,1.5093650817871094,tensor(-1.7879)
8369,83,0.9254139065742493,0.7681185007095337,1.5093650817871094,tensor(-1.7879)
8370,83,0.9233425855636597,0.7681185007095337,1.5093650817871094,tensor(-1.7879)
8371,83,0.8338668346405029,0.7681185007095337,1.5093650817871094,tensor(-1.7879)
8372,83,1.047518253326416,0.7681185007095337,1.5093650817871094,tensor(-1.7879)
8373,83,1.0511623620986938,0.7681185007095337,1.5093650817871094,tensor(-1.7879)
8374,83,1.018747329711914,0.7681185007095337,1.5093650817871094,tensor(-1.7879)
8375,83,1.0190346240997314,0.7681185007095337,1.5093650817871094,tensor(-1.7879)
8376,83,0.9756007194519043,0.7681185007095337,1.5093650817871094,tensor(-1.7879)
8377,83,1.0398263931274414,0.7681185007095337,1.5093650817871094,tensor(-1.7879)
8378,83,0.8975290060043335,0.7681185007095337,1.5093650817871094,tensor(-1.7879)
8379,83,0.9846634268760681,0.7681185007095337,1.5093650817871094,tensor(-1.7879)
8380,83,1.0515289306640625,0.7681185007095337,1.5093650817871094,tensor(-1.7879)
8381,83,0.9378652572631836,0.7681185007095337,1.5093650817871094,tensor(-1.7879)
8382,83,0.9218988418579102,0.7681185007095337,1.5093650817871094,tensor(-1.7879)
8383,83,0.9450367093086243,0.7681185007095337,1.5093650817871094,tensor(-1.7879)
8384,83,1.0382177829742432,0.7681185007095337,1.5093650817871094,tensor(-1.7879)
8385,83,0.9751628637313843,0.7681185007095337,1.5093650817871094,tensor(-1.7879)
8386,83,1.1543748378753662,0.7681185007095337,1.5093650817871094,tensor(-1.7879)
8387,83,1.0625193119049072,0.7681185007095337,1.5093650817871094,tensor(-1.7879)
8388,83,1.0321457386016846,0.7681185007095337,1.5093650817871094,tensor(-1.7879)
8389,83,0.9488767981529236,0.7681185007095337,1.5093650817871094,tensor(-1.7879)
8390,83,1.0625194311141968,0.7681185007095337,1.5093650817871094,tensor(-1.7879)
8391,83,0.900477409362793,0.7681185007095337,1.5093650817871094,tensor(-1.7879)
8392,83,1.0272096395492554,0.7681185007095337,1.5093650817871094,tensor(-1.7879)
8393,83,1.0408227443695068,0.7681185007095337,1.5093650817871094,tensor(-1.7879)
8394,83,1.1313830614089966,0.7681185007095337,1.5093650817871094,tensor(-1.7879)
8395,83,0.9416244029998779,0.7681185007095337,1.5093650817871094,tensor(-1.7879)
8396,83,1.0348732471466064,0.7681185007095337,1.5093650817871094,tensor(-1.7879)
8397,83,1.108781099319458,0.7681185007095337,1.5093650817871094,tensor(-1.7879)
8398,83,0.8757226467132568,0.7681185007095337,1.5093650817871094,tensor(-1.7879)
8399,83,1.0329482555389404,0.7681185007095337,1.5093650817871094,tensor(-1.7879)
8400,83,1.1122846603393555,0.7681185007095337,1.5093650817871094,tensor(-1.7879)
8401,83,0.8821759819984436,0.7681185007095337,1.5093650817871094,tensor(-1.7879)
8402,83,1.1661560535430908,0.7681185007095337,1.5093650817871094,tensor(-1.7879)
8403,83,0.949363112449646,0.7681185007095337,1.5093650817871094,tensor(-1.7879)
8404,83,0.8619861602783203,0.7681185007095337,1.5093650817871094,tensor(-1.7879)
8405,83,0.8958159685134888,0.7681185007095337,1.5093650817871094,tensor(-1.7879)
8406,83,1.0911290645599365,0.7681185007095337,1.5093650817871094,tensor(-1.7879)
8407,83,1.0563100576400757,0.7681185007095337,1.5093650817871094,tensor(-1.7879)
8408,83,1.2011289596557617,0.7681185007095337,1.5093650817871094,tensor(-1.7879)
8409,83,1.0516148805618286,0.7681185007095337,1.5093650817871094,tensor(-1.7879)
8410,83,1.0813555717468262,0.7681185007095337,1.5093650817871094,tensor(-1.7879)
8411,83,1.0631210803985596,0.7681185007095337,1.5093650817871094,tensor(-1.7879)
8412,83,0.9892202615737915,0.7681185007095337,1.5093650817871094,tensor(-1.7879)
8413,83,1.0780014991760254,0.7681185007095337,1.5093650817871094,tensor(-1.7879)
8414,83,1.0072342157363892,0.7681185007095337,1.5093650817871094,tensor(-1.7879)
8415,83,1.007887601852417,0.7681185007095337,1.5093650817871094,tensor(-1.7879)
8416,83,1.0494170188903809,0.7681185007095337,1.5093650817871094,tensor(-1.7879)
8417,83,0.9441326856613159,0.7681185007095337,1.5093650817871094,tensor(-1.7879)
8418,83,1.1646510362625122,0.7681185007095337,1.5093650817871094,tensor(-1.7879)
8419,83,1.1428736448287964,0.7681185007095337,1.5093650817871094,tensor(-1.7879)
8420,83,1.0969398021697998,0.7681185007095337,1.5093650817871094,tensor(-1.7879)
8421,83,0.9624554514884949,0.7681185007095337,1.5093650817871094,tensor(-1.7879)
8422,83,1.0941600799560547,0.7681185007095337,1.5093650817871094,tensor(-1.7879)
8423,83,0.9352414608001709,0.7681185007095337,1.5093650817871094,tensor(-1.7879)
8424,83,1.0399916172027588,0.7681185007095337,1.5093650817871094,tensor(-1.7879)
8425,83,0.8853339552879333,0.7681185007095337,1.5093650817871094,tensor(-1.7879)
8426,83,1.0677679777145386,0.7681185007095337,1.5093650817871094,tensor(-1.7879)
8427,83,1.0189802646636963,0.7681185007095337,1.5093650817871094,tensor(-1.7879)
8428,83,1.2832105159759521,0.7681185007095337,1.5093650817871094,tensor(-1.7879)
8429,83,0.9597593545913696,0.7681185007095337,1.5093650817871094,tensor(-1.7879)
8430,83,0.8892983198165894,0.7681185007095337,1.5093650817871094,tensor(-1.7879)
8431,83,0.9693307876586914,0.7681185007095337,1.5093650817871094,tensor(-1.7879)
8432,83,0.7742062211036682,0.7681185007095337,1.5093650817871094,tensor(-1.7879)
8433,83,1.2433769702911377,0.7681185007095337,1.5093650817871094,tensor(-1.7879)
8434,83,1.0788235664367676,0.7681185007095337,1.5093650817871094,tensor(-1.7879)
8435,83,1.184323787689209,0.7681185007095337,1.5093650817871094,tensor(-1.7879)
8436,83,0.8558307886123657,0.7681185007095337,1.5093650817871094,tensor(-1.7879)
8437,83,1.066521406173706,0.7681185007095337,1.5093650817871094,tensor(-1.7879)
8438,83,0.9908022880554199,0.7681185007095337,1.5093650817871094,tensor(-1.7879)
8439,83,0.9346004724502563,0.7681185007095337,1.5093650817871094,tensor(-1.7879)
8440,83,1.1187655925750732,0.7681185007095337,1.5093650817871094,tensor(-1.7879)
8441,83,0.9679398536682129,0.7681185007095337,1.5093650817871094,tensor(-1.7879)
8442,83,1.0291658639907837,0.7681185007095337,1.5093650817871094,tensor(-1.7879)
8443,83,1.1550683975219727,0.7681185007095337,1.5093650817871094,tensor(-1.7879)
8444,83,1.0742700099945068,0.7681185007095337,1.5093650817871094,tensor(-1.7879)
8445,83,1.1060123443603516,0.7681185007095337,1.5093650817871094,tensor(-1.7879)
8446,83,0.8652338981628418,0.7681185007095337,1.5093650817871094,tensor(-1.7879)
8447,83,1.122260332107544,0.7681185007095337,1.5093650817871094,tensor(-1.7879)
8448,83,0.8709132075309753,0.7681185007095337,1.5093650817871094,tensor(-1.7879)
8449,83,1.024979829788208,0.7681185007095337,1.5093650817871094,tensor(-1.7879)
8450,83,0.8811448812484741,0.7681185007095337,1.5093650817871094,tensor(-1.7879)
8451,83,0.8536274433135986,0.7681185007095337,1.5093650817871094,tensor(-1.7879)
8452,83,0.9983336329460144,0.7681185007095337,1.5093650817871094,tensor(-1.7879)
8453,83,0.9689372777938843,0.7681185007095337,1.5093650817871094,tensor(-1.7879)
8454,83,1.0849047899246216,0.7681185007095337,1.5093650817871094,tensor(-1.7879)
8455,83,0.8761231899261475,0.7681185007095337,1.5093650817871094,tensor(-1.7879)
8456,83,1.0013587474822998,0.7681185007095337,1.5093650817871094,tensor(-1.7879)
8457,83,1.0516152381896973,0.7681185007095337,1.5093650817871094,tensor(-1.7879)
8458,83,0.9973920583724976,0.7681185007095337,1.5093650817871094,tensor(-1.7879)
8459,83,1.044330358505249,0.7681185007095337,1.5093650817871094,tensor(-1.7879)
8460,83,1.133056402206421,0.7681185007095337,1.5093650817871094,tensor(-1.7879)
8461,83,0.9421396255493164,0.7681185007095337,1.5093650817871094,tensor(-1.7879)
8462,83,0.9512228965759277,0.7681185007095337,1.5093650817871094,tensor(-1.7879)
8463,83,1.0146327018737793,0.7681185007095337,1.5093650817871094,tensor(-1.7879)
8464,83,1.1415011882781982,0.7681185007095337,1.5093650817871094,tensor(-1.7879)
8465,83,0.8899366855621338,0.7681185007095337,1.5093650817871094,tensor(-1.7879)
8466,83,0.7980097532272339,0.7681185007095337,1.5093650817871094,tensor(-1.7879)
8467,83,0.7980097532272339,1.0667099952697754,1.5093650817871094,tensor(-1.7879)
8468,83,0.7980097532272339,1.0516175031661987,1.5093650817871094,tensor(-1.7879)
8469,83,0.9743478298187256,1.0516175031661987,1.5093650817871094,tensor(-1.7879)
8469,84,0.9743478298187256,1.0516175031661987,0.8032640814781189,tensor(0.9514)
8470,84,0.9678719639778137,1.0516175031661987,0.8032640814781189,tensor(0.9514)
8471,84,1.0403337478637695,1.0516175031661987,0.8032640814781189,tensor(0.9514)
8472,84,1.0768150091171265,1.0516175031661987,0.8032640814781189,tensor(0.9514)
8473,84,0.9828411936759949,1.0516175031661987,0.8032640814781189,tensor(0.9514)
8474,84,0.8175283670425415,1.0516175031661987,0.8032640814781189,tensor(0.9514)
8475,84,0.944369912147522,1.0516175031661987,0.8032640814781189,tensor(0.9514)
8476,84,1.0143544673919678,1.0516175031661987,0.8032640814781189,tensor(0.9514)
8477,84,1.0550082921981812,1.0516175031661987,0.8032640814781189,tensor(0.9514)
8478,84,1.0764708518981934,1.0516175031661987,0.8032640814781189,tensor(0.9514)
8479,84,1.1099122762680054,1.0516175031661987,0.8032640814781189,tensor(0.9514)
8480,84,1.1124346256256104,1.0516175031661987,0.8032640814781189,tensor(0.9514)
8481,84,0.9428322911262512,1.0516175031661987,0.8032640814781189,tensor(0.9514)
8482,84,1.0462751388549805,1.0516175031661987,0.8032640814781189,tensor(0.9514)
8483,84,0.9854919910430908,1.0516175031661987,0.8032640814781189,tensor(0.9514)
8484,84,0.9399431347846985,1.0516175031661987,0.8032640814781189,tensor(0.9514)
8485,84,1.0868163108825684,1.0516175031661987,0.8032640814781189,tensor(0.9514)
8486,84,1.1377921104431152,1.0516175031661987,0.8032640814781189,tensor(0.9514)
8487,84,0.8705697059631348,1.0516175031661987,0.8032640814781189,tensor(0.9514)
8488,84,0.8730703592300415,1.0516175031661987,0.8032640814781189,tensor(0.9514)
8489,84,0.8941172361373901,1.0516175031661987,0.8032640814781189,tensor(0.9514)
8490,84,0.9102100133895874,1.0516175031661987,0.8032640814781189,tensor(0.9514)
8491,84,0.9725074172019958,1.0516175031661987,0.8032640814781189,tensor(0.9514)
8492,84,1.0475831031799316,1.0516175031661987,0.8032640814781189,tensor(0.9514)
8493,84,0.9325286746025085,1.0516175031661987,0.8032640814781189,tensor(0.9514)
8494,84,1.0103952884674072,1.0516175031661987,0.8032640814781189,tensor(0.9514)
8495,84,0.9903898239135742,1.0516175031661987,0.8032640814781189,tensor(0.9514)
8496,84,0.8907272815704346,1.0516175031661987,0.8032640814781189,tensor(0.9514)
8497,84,0.9045941829681396,1.0516175031661987,0.8032640814781189,tensor(0.9514)
8498,84,0.9449777007102966,1.0516175031661987,0.8032640814781189,tensor(0.9514)
8499,84,0.9557673335075378,1.0516175031661987,0.8032640814781189,tensor(0.9514)
8500,84,0.9260289669036865,1.0516175031661987,0.8032640814781189,tensor(0.9514)
8501,84,1.07704496383667,1.0516175031661987,0.8032640814781189,tensor(0.9514)
8502,84,1.1911801099777222,1.0516175031661987,0.8032640814781189,tensor(0.9514)
8503,84,1.0312066078186035,1.0516175031661987,0.8032640814781189,tensor(0.9514)
8504,84,0.9103549718856812,1.0516175031661987,0.8032640814781189,tensor(0.9514)
8505,84,1.0340899229049683,1.0516175031661987,0.8032640814781189,tensor(0.9514)
8506,84,1.0205529928207397,1.0516175031661987,0.8032640814781189,tensor(0.9514)
8507,84,0.9290013909339905,1.0516175031661987,0.8032640814781189,tensor(0.9514)
8508,84,1.0744266510009766,1.0516175031661987,0.8032640814781189,tensor(0.9514)
8509,84,1.0803937911987305,1.0516175031661987,0.8032640814781189,tensor(0.9514)
8510,84,1.0039880275726318,1.0516175031661987,0.8032640814781189,tensor(0.9514)
8511,84,1.0957878828048706,1.0516175031661987,0.8032640814781189,tensor(0.9514)
8512,84,0.9176139831542969,1.0516175031661987,0.8032640814781189,tensor(0.9514)
8513,84,0.9363363981246948,1.0516175031661987,0.8032640814781189,tensor(0.9514)
8514,84,0.9729533195495605,1.0516175031661987,0.8032640814781189,tensor(0.9514)
8515,84,0.9756345152854919,1.0516175031661987,0.8032640814781189,tensor(0.9514)
8516,84,1.0370314121246338,1.0516175031661987,0.8032640814781189,tensor(0.9514)
8517,84,1.1241062879562378,1.0516175031661987,0.8032640814781189,tensor(0.9514)
8518,84,1.0037214756011963,1.0516175031661987,0.8032640814781189,tensor(0.9514)
8519,84,1.0748363733291626,1.0516175031661987,0.8032640814781189,tensor(0.9514)
8520,84,0.9085109829902649,1.0516175031661987,0.8032640814781189,tensor(0.9514)
8521,84,0.9882444143295288,1.0516175031661987,0.8032640814781189,tensor(0.9514)
8522,84,0.9964406490325928,1.0516175031661987,0.8032640814781189,tensor(0.9514)
8523,84,0.9812384843826294,1.0516175031661987,0.8032640814781189,tensor(0.9514)
8524,84,0.9770017862319946,1.0516175031661987,0.8032640814781189,tensor(0.9514)
8525,84,1.0202194452285767,1.0516175031661987,0.8032640814781189,tensor(0.9514)
8526,84,1.057213306427002,1.0516175031661987,0.8032640814781189,tensor(0.9514)
8527,84,1.0197088718414307,1.0516175031661987,0.8032640814781189,tensor(0.9514)
8528,84,1.031816005706787,1.0516175031661987,0.8032640814781189,tensor(0.9514)
8529,84,0.9136961102485657,1.0516175031661987,0.8032640814781189,tensor(0.9514)
8530,84,1.0731935501098633,1.0516175031661987,0.8032640814781189,tensor(0.9514)
8531,84,1.0931389331817627,1.0516175031661987,0.8032640814781189,tensor(0.9514)
8532,84,1.1364834308624268,1.0516175031661987,0.8032640814781189,tensor(0.9514)
8533,84,0.9722757935523987,1.0516175031661987,0.8032640814781189,tensor(0.9514)
8534,84,0.9702454805374146,1.0516175031661987,0.8032640814781189,tensor(0.9514)
8535,84,1.0942635536193848,1.0516175031661987,0.8032640814781189,tensor(0.9514)
8536,84,1.095191478729248,1.0516175031661987,0.8032640814781189,tensor(0.9514)
8537,84,0.9736657738685608,1.0516175031661987,0.8032640814781189,tensor(0.9514)
8538,84,1.0891408920288086,1.0516175031661987,0.8032640814781189,tensor(0.9514)
8539,84,1.0241645574569702,1.0516175031661987,0.8032640814781189,tensor(0.9514)
8540,84,0.9873950481414795,1.0516175031661987,0.8032640814781189,tensor(0.9514)
8541,84,0.9637262225151062,1.0516175031661987,0.8032640814781189,tensor(0.9514)
8542,84,0.9990236759185791,1.0516175031661987,0.8032640814781189,tensor(0.9514)
8543,84,1.0832446813583374,1.0516175031661987,0.8032640814781189,tensor(0.9514)
8544,84,0.9551718235015869,1.0516175031661987,0.8032640814781189,tensor(0.9514)
8545,84,1.0094826221466064,1.0516175031661987,0.8032640814781189,tensor(0.9514)
8546,84,1.0120718479156494,1.0516175031661987,0.8032640814781189,tensor(0.9514)
8547,84,1.0563337802886963,1.0516175031661987,0.8032640814781189,tensor(0.9514)
8548,84,1.1101813316345215,1.0516175031661987,0.8032640814781189,tensor(0.9514)
8549,84,0.9354816675186157,1.0516175031661987,0.8032640814781189,tensor(0.9514)
8550,84,0.9765217304229736,1.0516175031661987,0.8032640814781189,tensor(0.9514)
8551,84,0.9935433864593506,1.0516175031661987,0.8032640814781189,tensor(0.9514)
8552,84,0.9425745010375977,1.0516175031661987,0.8032640814781189,tensor(0.9514)
8553,84,0.8530910015106201,1.0516175031661987,0.8032640814781189,tensor(0.9514)
8554,84,0.9339005947113037,1.0516175031661987,0.8032640814781189,tensor(0.9514)
8555,84,1.0697535276412964,1.0516175031661987,0.8032640814781189,tensor(0.9514)
8556,84,0.9386136531829834,1.0516175031661987,0.8032640814781189,tensor(0.9514)
8557,84,0.9763321280479431,1.0516175031661987,0.8032640814781189,tensor(0.9514)
8558,84,1.0706532001495361,1.0516175031661987,0.8032640814781189,tensor(0.9514)
8559,84,1.0932490825653076,1.0516175031661987,0.8032640814781189,tensor(0.9514)
8560,84,1.1067097187042236,1.0516175031661987,0.8032640814781189,tensor(0.9514)
8561,84,1.115890622138977,1.0516175031661987,0.8032640814781189,tensor(0.9514)
8562,84,0.9738326072692871,1.0516175031661987,0.8032640814781189,tensor(0.9514)
8563,84,0.9187859296798706,1.0516175031661987,0.8032640814781189,tensor(0.9514)
8564,84,1.00728440284729,1.0516175031661987,0.8032640814781189,tensor(0.9514)
8565,84,1.0733500719070435,1.0516175031661987,0.8032640814781189,tensor(0.9514)
8566,84,1.1411030292510986,1.0516175031661987,0.8032640814781189,tensor(0.9514)
8567,84,1.0389611721038818,1.0516175031661987,0.8032640814781189,tensor(0.9514)
8568,84,1.0058469772338867,1.0516175031661987,0.8032640814781189,tensor(0.9514)
8569,84,1.0058469772338867,0.8757856488227844,0.8032640814781189,tensor(0.9514)
8570,84,1.0058469772338867,1.0262503623962402,0.8032640814781189,tensor(0.9514)
8571,84,0.9246130585670471,1.0262503623962402,0.8032640814781189,tensor(0.9514)
8571,85,0.9246130585670471,1.0262503623962402,0.9009281992912292,tensor(0.4531)
8572,85,1.0419546365737915,1.0262503623962402,0.9009281992912292,tensor(0.4531)
8573,85,1.050127387046814,1.0262503623962402,0.9009281992912292,tensor(0.4531)
8574,85,1.0692191123962402,1.0262503623962402,0.9009281992912292,tensor(0.4531)
8575,85,0.9512138962745667,1.0262503623962402,0.9009281992912292,tensor(0.4531)
8576,85,0.9781920313835144,1.0262503623962402,0.9009281992912292,tensor(0.4531)
8577,85,1.0468279123306274,1.0262503623962402,0.9009281992912292,tensor(0.4531)
8578,85,1.054810643196106,1.0262503623962402,0.9009281992912292,tensor(0.4531)
8579,85,1.0495872497558594,1.0262503623962402,0.9009281992912292,tensor(0.4531)
8580,85,0.9421207904815674,1.0262503623962402,0.9009281992912292,tensor(0.4531)
8581,85,1.051177740097046,1.0262503623962402,0.9009281992912292,tensor(0.4531)
8582,85,1.0842938423156738,1.0262503623962402,0.9009281992912292,tensor(0.4531)
8583,85,0.9906885027885437,1.0262503623962402,0.9009281992912292,tensor(0.4531)
8584,85,1.0414372682571411,1.0262503623962402,0.9009281992912292,tensor(0.4531)
8585,85,0.9878024458885193,1.0262503623962402,0.9009281992912292,tensor(0.4531)
8586,85,1.0183870792388916,1.0262503623962402,0.9009281992912292,tensor(0.4531)
8587,85,1.0576484203338623,1.0262503623962402,0.9009281992912292,tensor(0.4531)
8588,85,0.8568071126937866,1.0262503623962402,0.9009281992912292,tensor(0.4531)
8589,85,1.0114405155181885,1.0262503623962402,0.9009281992912292,tensor(0.4531)
8590,85,1.038800835609436,1.0262503623962402,0.9009281992912292,tensor(0.4531)
8591,85,1.0404571294784546,1.0262503623962402,0.9009281992912292,tensor(0.4531)
8592,85,0.8956376314163208,1.0262503623962402,0.9009281992912292,tensor(0.4531)
8593,85,1.09865140914917,1.0262503623962402,0.9009281992912292,tensor(0.4531)
8594,85,0.9073868989944458,1.0262503623962402,0.9009281992912292,tensor(0.4531)
8595,85,1.0384219884872437,1.0262503623962402,0.9009281992912292,tensor(0.4531)
8596,85,0.9313012361526489,1.0262503623962402,0.9009281992912292,tensor(0.4531)
8597,85,1.0822508335113525,1.0262503623962402,0.9009281992912292,tensor(0.4531)
8598,85,0.9885447025299072,1.0262503623962402,0.9009281992912292,tensor(0.4531)
8599,85,0.966101348400116,1.0262503623962402,0.9009281992912292,tensor(0.4531)
8600,85,1.0039583444595337,1.0262503623962402,0.9009281992912292,tensor(0.4531)
8601,85,1.0001341104507446,1.0262503623962402,0.9009281992912292,tensor(0.4531)
8602,85,0.978556752204895,1.0262503623962402,0.9009281992912292,tensor(0.4531)
8603,85,1.0260659456253052,1.0262503623962402,0.9009281992912292,tensor(0.4531)
8604,85,1.0762046575546265,1.0262503623962402,0.9009281992912292,tensor(0.4531)
8605,85,0.9158243536949158,1.0262503623962402,0.9009281992912292,tensor(0.4531)
8606,85,1.013412356376648,1.0262503623962402,0.9009281992912292,tensor(0.4531)
8607,85,0.8850948810577393,1.0262503623962402,0.9009281992912292,tensor(0.4531)
8608,85,0.9705613851547241,1.0262503623962402,0.9009281992912292,tensor(0.4531)
8609,85,0.8571850657463074,1.0262503623962402,0.9009281992912292,tensor(0.4531)
8610,85,1.0183261632919312,1.0262503623962402,0.9009281992912292,tensor(0.4531)
8611,85,1.0522915124893188,1.0262503623962402,0.9009281992912292,tensor(0.4531)
8612,85,0.9476778507232666,1.0262503623962402,0.9009281992912292,tensor(0.4531)
8613,85,1.0849531888961792,1.0262503623962402,0.9009281992912292,tensor(0.4531)
8614,85,0.9836854338645935,1.0262503623962402,0.9009281992912292,tensor(0.4531)
8615,85,1.100128412246704,1.0262503623962402,0.9009281992912292,tensor(0.4531)
8616,85,0.9442012906074524,1.0262503623962402,0.9009281992912292,tensor(0.4531)
8617,85,1.0289552211761475,1.0262503623962402,0.9009281992912292,tensor(0.4531)
8618,85,0.8968526721000671,1.0262503623962402,0.9009281992912292,tensor(0.4531)
8619,85,0.9583832621574402,1.0262503623962402,0.9009281992912292,tensor(0.4531)
8620,85,0.9148839712142944,1.0262503623962402,0.9009281992912292,tensor(0.4531)
8621,85,0.9176331758499146,1.0262503623962402,0.9009281992912292,tensor(0.4531)
8622,85,0.9988118410110474,1.0262503623962402,0.9009281992912292,tensor(0.4531)
8623,85,0.975339412689209,1.0262503623962402,0.9009281992912292,tensor(0.4531)
8624,85,0.9696601629257202,1.0262503623962402,0.9009281992912292,tensor(0.4531)
8625,85,0.9711912274360657,1.0262503623962402,0.9009281992912292,tensor(0.4531)
8626,85,1.084367275238037,1.0262503623962402,0.9009281992912292,tensor(0.4531)
8627,85,1.1824568510055542,1.0262503623962402,0.9009281992912292,tensor(0.4531)
8628,85,0.8670247197151184,1.0262503623962402,0.9009281992912292,tensor(0.4531)
8629,85,1.0855872631072998,1.0262503623962402,0.9009281992912292,tensor(0.4531)
8630,85,0.9023796319961548,1.0262503623962402,0.9009281992912292,tensor(0.4531)
8631,85,1.012434720993042,1.0262503623962402,0.9009281992912292,tensor(0.4531)
8632,85,0.795341968536377,1.0262503623962402,0.9009281992912292,tensor(0.4531)
8633,85,1.0543439388275146,1.0262503623962402,0.9009281992912292,tensor(0.4531)
8634,85,1.037569284439087,1.0262503623962402,0.9009281992912292,tensor(0.4531)
8635,85,1.0212352275848389,1.0262503623962402,0.9009281992912292,tensor(0.4531)
8636,85,0.9770407676696777,1.0262503623962402,0.9009281992912292,tensor(0.4531)
8637,85,0.9378705620765686,1.0262503623962402,0.9009281992912292,tensor(0.4531)
8638,85,0.8452526330947876,1.0262503623962402,0.9009281992912292,tensor(0.4531)
8639,85,0.9579905867576599,1.0262503623962402,0.9009281992912292,tensor(0.4531)
8640,85,0.9652929902076721,1.0262503623962402,0.9009281992912292,tensor(0.4531)
8641,85,1.0256097316741943,1.0262503623962402,0.9009281992912292,tensor(0.4531)
8642,85,1.1798001527786255,1.0262503623962402,0.9009281992912292,tensor(0.4531)
8643,85,0.922238290309906,1.0262503623962402,0.9009281992912292,tensor(0.4531)
8644,85,1.0429422855377197,1.0262503623962402,0.9009281992912292,tensor(0.4531)
8645,85,1.0930652618408203,1.0262503623962402,0.9009281992912292,tensor(0.4531)
8646,85,0.9511418342590332,1.0262503623962402,0.9009281992912292,tensor(0.4531)
8647,85,1.1440576314926147,1.0262503623962402,0.9009281992912292,tensor(0.4531)
8648,85,1.0215120315551758,1.0262503623962402,0.9009281992912292,tensor(0.4531)
8649,85,1.0532094240188599,1.0262503623962402,0.9009281992912292,tensor(0.4531)
8650,85,0.956550121307373,1.0262503623962402,0.9009281992912292,tensor(0.4531)
8651,85,0.873615026473999,1.0262503623962402,0.9009281992912292,tensor(0.4531)
8652,85,1.094028353691101,1.0262503623962402,0.9009281992912292,tensor(0.4531)
8653,85,0.9721031188964844,1.0262503623962402,0.9009281992912292,tensor(0.4531)
8654,85,1.1263434886932373,1.0262503623962402,0.9009281992912292,tensor(0.4531)
8655,85,0.920839250087738,1.0262503623962402,0.9009281992912292,tensor(0.4531)
8656,85,1.0955109596252441,1.0262503623962402,0.9009281992912292,tensor(0.4531)
8657,85,1.0283715724945068,1.0262503623962402,0.9009281992912292,tensor(0.4531)
8658,85,0.9640387892723083,1.0262503623962402,0.9009281992912292,tensor(0.4531)
8659,85,0.9163070917129517,1.0262503623962402,0.9009281992912292,tensor(0.4531)
8660,85,1.032565951347351,1.0262503623962402,0.9009281992912292,tensor(0.4531)
8661,85,0.9715300798416138,1.0262503623962402,0.9009281992912292,tensor(0.4531)
8662,85,1.0340149402618408,1.0262503623962402,0.9009281992912292,tensor(0.4531)
8663,85,0.9995653629302979,1.0262503623962402,0.9009281992912292,tensor(0.4531)
8664,85,0.9064909219741821,1.0262503623962402,0.9009281992912292,tensor(0.4531)
8665,85,1.064894199371338,1.0262503623962402,0.9009281992912292,tensor(0.4531)
8666,85,0.9002096652984619,1.0262503623962402,0.9009281992912292,tensor(0.4531)
8667,85,0.9006356000900269,1.0262503623962402,0.9009281992912292,tensor(0.4531)
8668,85,0.9979543089866638,1.0262503623962402,0.9009281992912292,tensor(0.4531)
8669,85,1.1383907794952393,1.0262503623962402,0.9009281992912292,tensor(0.4531)
8670,85,0.9912530779838562,1.0262503623962402,0.9009281992912292,tensor(0.4531)
8671,85,0.9912530779838562,1.0111758708953857,0.9009281992912292,tensor(0.4531)
8672,85,0.9912530779838562,1.145481824874878,0.9009281992912292,tensor(0.4531)
8673,85,0.8951725959777832,1.145481824874878,0.9009281992912292,tensor(0.4531)
8673,86,0.8951725959777832,1.145481824874878,0.8282038569450378,tensor(0.8186)
8674,86,1.1175341606140137,1.145481824874878,0.8282038569450378,tensor(0.8186)
8675,86,0.9534828662872314,1.145481824874878,0.8282038569450378,tensor(0.8186)
8676,86,0.9007952213287354,1.145481824874878,0.8282038569450378,tensor(0.8186)
8677,86,0.9485955238342285,1.145481824874878,0.8282038569450378,tensor(0.8186)
8678,86,0.8997102975845337,1.145481824874878,0.8282038569450378,tensor(0.8186)
8679,86,0.9521705508232117,1.145481824874878,0.8282038569450378,tensor(0.8186)
8680,86,1.0494146347045898,1.145481824874878,0.8282038569450378,tensor(0.8186)
8681,86,0.8506388664245605,1.145481824874878,0.8282038569450378,tensor(0.8186)
8682,86,1.2032039165496826,1.145481824874878,0.8282038569450378,tensor(0.8186)
8683,86,0.8843613862991333,1.145481824874878,0.8282038569450378,tensor(0.8186)
8684,86,0.809840202331543,1.145481824874878,0.8282038569450378,tensor(0.8186)
8685,86,1.0595979690551758,1.145481824874878,0.8282038569450378,tensor(0.8186)
8686,86,0.945259690284729,1.145481824874878,0.8282038569450378,tensor(0.8186)
8687,86,1.0321900844573975,1.145481824874878,0.8282038569450378,tensor(0.8186)
8688,86,0.9071078300476074,1.145481824874878,0.8282038569450378,tensor(0.8186)
8689,86,0.7471638917922974,1.145481824874878,0.8282038569450378,tensor(0.8186)
8690,86,0.9760398864746094,1.145481824874878,0.8282038569450378,tensor(0.8186)
8691,86,1.0630707740783691,1.145481824874878,0.8282038569450378,tensor(0.8186)
8692,86,0.9874154329299927,1.145481824874878,0.8282038569450378,tensor(0.8186)
8693,86,1.0158538818359375,1.145481824874878,0.8282038569450378,tensor(0.8186)
8694,86,1.0063278675079346,1.145481824874878,0.8282038569450378,tensor(0.8186)
8695,86,1.0766102075576782,1.145481824874878,0.8282038569450378,tensor(0.8186)
8696,86,0.9640362858772278,1.145481824874878,0.8282038569450378,tensor(0.8186)
8697,86,0.9863184094429016,1.145481824874878,0.8282038569450378,tensor(0.8186)
8698,86,1.0362904071807861,1.145481824874878,0.8282038569450378,tensor(0.8186)
8699,86,1.0072112083435059,1.145481824874878,0.8282038569450378,tensor(0.8186)
8700,86,1.0292489528656006,1.145481824874878,0.8282038569450378,tensor(0.8186)
8701,86,0.9538706541061401,1.145481824874878,0.8282038569450378,tensor(0.8186)
8702,86,1.0241811275482178,1.145481824874878,0.8282038569450378,tensor(0.8186)
8703,86,0.9597280025482178,1.145481824874878,0.8282038569450378,tensor(0.8186)
8704,86,0.9516684412956238,1.145481824874878,0.8282038569450378,tensor(0.8186)
8705,86,0.9730075597763062,1.145481824874878,0.8282038569450378,tensor(0.8186)
8706,86,0.8828043341636658,1.145481824874878,0.8282038569450378,tensor(0.8186)
8707,86,1.06141996383667,1.145481824874878,0.8282038569450378,tensor(0.8186)
8708,86,1.1255383491516113,1.145481824874878,0.8282038569450378,tensor(0.8186)
8709,86,0.9833331108093262,1.145481824874878,0.8282038569450378,tensor(0.8186)
8710,86,1.0224847793579102,1.145481824874878,0.8282038569450378,tensor(0.8186)
8711,86,0.9994422793388367,1.145481824874878,0.8282038569450378,tensor(0.8186)
8712,86,1.0186445713043213,1.145481824874878,0.8282038569450378,tensor(0.8186)
8713,86,1.0083454847335815,1.145481824874878,0.8282038569450378,tensor(0.8186)
8714,86,1.0198707580566406,1.145481824874878,0.8282038569450378,tensor(0.8186)
8715,86,0.8731539249420166,1.145481824874878,0.8282038569450378,tensor(0.8186)
8716,86,1.1352007389068604,1.145481824874878,0.8282038569450378,tensor(0.8186)
8717,86,0.994876503944397,1.145481824874878,0.8282038569450378,tensor(0.8186)
8718,86,1.019453525543213,1.145481824874878,0.8282038569450378,tensor(0.8186)
8719,86,0.968589186668396,1.145481824874878,0.8282038569450378,tensor(0.8186)
8720,86,1.046383261680603,1.145481824874878,0.8282038569450378,tensor(0.8186)
8721,86,0.9466676712036133,1.145481824874878,0.8282038569450378,tensor(0.8186)
8722,86,1.2725071907043457,1.145481824874878,0.8282038569450378,tensor(0.8186)
8723,86,1.04552161693573,1.145481824874878,0.8282038569450378,tensor(0.8186)
8724,86,0.9712812900543213,1.145481824874878,0.8282038569450378,tensor(0.8186)
8725,86,1.0568938255310059,1.145481824874878,0.8282038569450378,tensor(0.8186)
8726,86,0.9593215584754944,1.145481824874878,0.8282038569450378,tensor(0.8186)
8727,86,0.8984267711639404,1.145481824874878,0.8282038569450378,tensor(0.8186)
8728,86,0.9982646703720093,1.145481824874878,0.8282038569450378,tensor(0.8186)
8729,86,1.0753657817840576,1.145481824874878,0.8282038569450378,tensor(0.8186)
8730,86,1.0570628643035889,1.145481824874878,0.8282038569450378,tensor(0.8186)
8731,86,1.0789024829864502,1.145481824874878,0.8282038569450378,tensor(0.8186)
8732,86,1.0261226892471313,1.145481824874878,0.8282038569450378,tensor(0.8186)
8733,86,1.0818243026733398,1.145481824874878,0.8282038569450378,tensor(0.8186)
8734,86,0.9295960664749146,1.145481824874878,0.8282038569450378,tensor(0.8186)
8735,86,1.0977866649627686,1.145481824874878,0.8282038569450378,tensor(0.8186)
8736,86,1.0896568298339844,1.145481824874878,0.8282038569450378,tensor(0.8186)
8737,86,0.9971917867660522,1.145481824874878,0.8282038569450378,tensor(0.8186)
8738,86,1.042499303817749,1.145481824874878,0.8282038569450378,tensor(0.8186)
8739,86,1.0432138442993164,1.145481824874878,0.8282038569450378,tensor(0.8186)
8740,86,0.9379969239234924,1.145481824874878,0.8282038569450378,tensor(0.8186)
8741,86,1.1684342622756958,1.145481824874878,0.8282038569450378,tensor(0.8186)
8742,86,1.1148418188095093,1.145481824874878,0.8282038569450378,tensor(0.8186)
8743,86,0.8547241687774658,1.145481824874878,0.8282038569450378,tensor(0.8186)
8744,86,0.8043463230133057,1.145481824874878,0.8282038569450378,tensor(0.8186)
8745,86,0.9083906412124634,1.145481824874878,0.8282038569450378,tensor(0.8186)
8746,86,1.0725176334381104,1.145481824874878,0.8282038569450378,tensor(0.8186)
8747,86,0.8955844044685364,1.145481824874878,0.8282038569450378,tensor(0.8186)
8748,86,0.9440791606903076,1.145481824874878,0.8282038569450378,tensor(0.8186)
8749,86,0.9183444976806641,1.145481824874878,0.8282038569450378,tensor(0.8186)
8750,86,1.061349868774414,1.145481824874878,0.8282038569450378,tensor(0.8186)
8751,86,1.001366376876831,1.145481824874878,0.8282038569450378,tensor(0.8186)
8752,86,1.0151373147964478,1.145481824874878,0.8282038569450378,tensor(0.8186)
8753,86,0.9111315011978149,1.145481824874878,0.8282038569450378,tensor(0.8186)
8754,86,1.0759339332580566,1.145481824874878,0.8282038569450378,tensor(0.8186)
8755,86,0.890085756778717,1.145481824874878,0.8282038569450378,tensor(0.8186)
8756,86,0.9675742387771606,1.145481824874878,0.8282038569450378,tensor(0.8186)
8757,86,0.8976169228553772,1.145481824874878,0.8282038569450378,tensor(0.8186)
8758,86,1.0861351490020752,1.145481824874878,0.8282038569450378,tensor(0.8186)
8759,86,1.095252275466919,1.145481824874878,0.8282038569450378,tensor(0.8186)
8760,86,1.0319690704345703,1.145481824874878,0.8282038569450378,tensor(0.8186)
8761,86,0.9288957118988037,1.145481824874878,0.8282038569450378,tensor(0.8186)
8762,86,1.0181083679199219,1.145481824874878,0.8282038569450378,tensor(0.8186)
8763,86,0.9392009377479553,1.145481824874878,0.8282038569450378,tensor(0.8186)
8764,86,0.7734429836273193,1.145481824874878,0.8282038569450378,tensor(0.8186)
8765,86,0.9238227009773254,1.145481824874878,0.8282038569450378,tensor(0.8186)
8766,86,0.9695618748664856,1.145481824874878,0.8282038569450378,tensor(0.8186)
8767,86,0.9994660019874573,1.145481824874878,0.8282038569450378,tensor(0.8186)
8768,86,0.9591715335845947,1.145481824874878,0.8282038569450378,tensor(0.8186)
8769,86,0.9796581268310547,1.145481824874878,0.8282038569450378,tensor(0.8186)
8770,86,1.0660642385482788,1.145481824874878,0.8282038569450378,tensor(0.8186)
8771,86,0.8992975354194641,1.145481824874878,0.8282038569450378,tensor(0.8186)
8772,86,0.9056380987167358,1.145481824874878,0.8282038569450378,tensor(0.8186)
8773,86,0.9056380987167358,0.9928642511367798,0.8282038569450378,tensor(0.8186)
8774,86,0.9056380987167358,1.0657262802124023,0.8282038569450378,tensor(0.8186)
8775,86,0.8778972029685974,1.0657262802124023,0.8282038569450378,tensor(0.8186)
8775,87,0.8778972029685974,1.0657262802124023,0.8128085732460022,tensor(0.9001)
8776,87,1.0608549118041992,1.0657262802124023,0.8128085732460022,tensor(0.9001)
8777,87,1.0588839054107666,1.0657262802124023,0.8128085732460022,tensor(0.9001)
8778,87,0.9902601838111877,1.0657262802124023,0.8128085732460022,tensor(0.9001)
8779,87,0.9877210259437561,1.0657262802124023,0.8128085732460022,tensor(0.9001)
8780,87,0.94524085521698,1.0657262802124023,0.8128085732460022,tensor(0.9001)
8781,87,0.9752742648124695,1.0657262802124023,0.8128085732460022,tensor(0.9001)
8782,87,0.9611572027206421,1.0657262802124023,0.8128085732460022,tensor(0.9001)
8783,87,0.95673668384552,1.0657262802124023,0.8128085732460022,tensor(0.9001)
8784,87,1.0166809558868408,1.0657262802124023,0.8128085732460022,tensor(0.9001)
8785,87,0.9195519685745239,1.0657262802124023,0.8128085732460022,tensor(0.9001)
8786,87,1.0901334285736084,1.0657262802124023,0.8128085732460022,tensor(0.9001)
8787,87,1.1137466430664062,1.0657262802124023,0.8128085732460022,tensor(0.9001)
8788,87,0.7180241346359253,1.0657262802124023,0.8128085732460022,tensor(0.9001)
8789,87,0.9626257419586182,1.0657262802124023,0.8128085732460022,tensor(0.9001)
8790,87,1.0127806663513184,1.0657262802124023,0.8128085732460022,tensor(0.9001)
8791,87,1.0698933601379395,1.0657262802124023,0.8128085732460022,tensor(0.9001)
8792,87,1.0317010879516602,1.0657262802124023,0.8128085732460022,tensor(0.9001)
8793,87,1.0616708993911743,1.0657262802124023,0.8128085732460022,tensor(0.9001)
8794,87,1.0624563694000244,1.0657262802124023,0.8128085732460022,tensor(0.9001)
8795,87,1.1093186140060425,1.0657262802124023,0.8128085732460022,tensor(0.9001)
8796,87,0.8830447793006897,1.0657262802124023,0.8128085732460022,tensor(0.9001)
8797,87,1.0693306922912598,1.0657262802124023,0.8128085732460022,tensor(0.9001)
8798,87,0.9938317537307739,1.0657262802124023,0.8128085732460022,tensor(0.9001)
8799,87,1.0253921747207642,1.0657262802124023,0.8128085732460022,tensor(0.9001)
8800,87,0.9329135417938232,1.0657262802124023,0.8128085732460022,tensor(0.9001)
8801,87,1.1315215826034546,1.0657262802124023,0.8128085732460022,tensor(0.9001)
8802,87,1.0134471654891968,1.0657262802124023,0.8128085732460022,tensor(0.9001)
8803,87,0.9393324851989746,1.0657262802124023,0.8128085732460022,tensor(0.9001)
8804,87,0.9397720694541931,1.0657262802124023,0.8128085732460022,tensor(0.9001)
8805,87,1.031029462814331,1.0657262802124023,0.8128085732460022,tensor(0.9001)
8806,87,0.9169819355010986,1.0657262802124023,0.8128085732460022,tensor(0.9001)
8807,87,1.1330666542053223,1.0657262802124023,0.8128085732460022,tensor(0.9001)
8808,87,0.9934656620025635,1.0657262802124023,0.8128085732460022,tensor(0.9001)
8809,87,0.907035231590271,1.0657262802124023,0.8128085732460022,tensor(0.9001)
8810,87,1.0654106140136719,1.0657262802124023,0.8128085732460022,tensor(0.9001)
8811,87,0.9180130362510681,1.0657262802124023,0.8128085732460022,tensor(0.9001)
8812,87,0.9536762237548828,1.0657262802124023,0.8128085732460022,tensor(0.9001)
8813,87,0.8069201111793518,1.0657262802124023,0.8128085732460022,tensor(0.9001)
8814,87,0.9918351173400879,1.0657262802124023,0.8128085732460022,tensor(0.9001)
8815,87,1.0683114528656006,1.0657262802124023,0.8128085732460022,tensor(0.9001)
8816,87,0.9940043091773987,1.0657262802124023,0.8128085732460022,tensor(0.9001)
8817,87,0.9794477224349976,1.0657262802124023,0.8128085732460022,tensor(0.9001)
8818,87,1.0953925848007202,1.0657262802124023,0.8128085732460022,tensor(0.9001)
8819,87,1.119049310684204,1.0657262802124023,0.8128085732460022,tensor(0.9001)
8820,87,1.0152397155761719,1.0657262802124023,0.8128085732460022,tensor(0.9001)
8821,87,0.9534581899642944,1.0657262802124023,0.8128085732460022,tensor(0.9001)
8822,87,1.1087799072265625,1.0657262802124023,0.8128085732460022,tensor(0.9001)
8823,87,1.2353310585021973,1.0657262802124023,0.8128085732460022,tensor(0.9001)
8824,87,0.8056872487068176,1.0657262802124023,0.8128085732460022,tensor(0.9001)
8825,87,1.0210398435592651,1.0657262802124023,0.8128085732460022,tensor(0.9001)
8826,87,0.9336646795272827,1.0657262802124023,0.8128085732460022,tensor(0.9001)
8827,87,1.3077611923217773,1.0657262802124023,0.8128085732460022,tensor(0.9001)
8828,87,1.0105026960372925,1.0657262802124023,0.8128085732460022,tensor(0.9001)
8829,87,0.8675286769866943,1.0657262802124023,0.8128085732460022,tensor(0.9001)
8830,87,1.0351691246032715,1.0657262802124023,0.8128085732460022,tensor(0.9001)
8831,87,0.9439031481742859,1.0657262802124023,0.8128085732460022,tensor(0.9001)
8832,87,0.9338626265525818,1.0657262802124023,0.8128085732460022,tensor(0.9001)
8833,87,0.9593586921691895,1.0657262802124023,0.8128085732460022,tensor(0.9001)
8834,87,1.062766194343567,1.0657262802124023,0.8128085732460022,tensor(0.9001)
8835,87,0.998817503452301,1.0657262802124023,0.8128085732460022,tensor(0.9001)
8836,87,0.9605854153633118,1.0657262802124023,0.8128085732460022,tensor(0.9001)
8837,87,1.0145821571350098,1.0657262802124023,0.8128085732460022,tensor(0.9001)
8838,87,1.0733970403671265,1.0657262802124023,0.8128085732460022,tensor(0.9001)
8839,87,0.9903039336204529,1.0657262802124023,0.8128085732460022,tensor(0.9001)
8840,87,0.9594982862472534,1.0657262802124023,0.8128085732460022,tensor(0.9001)
8841,87,0.9921292066574097,1.0657262802124023,0.8128085732460022,tensor(0.9001)
8842,87,0.9907626509666443,1.0657262802124023,0.8128085732460022,tensor(0.9001)
8843,87,1.0811117887496948,1.0657262802124023,0.8128085732460022,tensor(0.9001)
8844,87,0.9565134048461914,1.0657262802124023,0.8128085732460022,tensor(0.9001)
8845,87,0.9065595269203186,1.0657262802124023,0.8128085732460022,tensor(0.9001)
8846,87,1.0164225101470947,1.0657262802124023,0.8128085732460022,tensor(0.9001)
8847,87,1.069737195968628,1.0657262802124023,0.8128085732460022,tensor(0.9001)
8848,87,1.0037071704864502,1.0657262802124023,0.8128085732460022,tensor(0.9001)
8849,87,0.8053880929946899,1.0657262802124023,0.8128085732460022,tensor(0.9001)
8850,87,0.9038264751434326,1.0657262802124023,0.8128085732460022,tensor(0.9001)
8851,87,0.8119784593582153,1.0657262802124023,0.8128085732460022,tensor(0.9001)
8852,87,1.1157093048095703,1.0657262802124023,0.8128085732460022,tensor(0.9001)
8853,87,0.9429148435592651,1.0657262802124023,0.8128085732460022,tensor(0.9001)
8854,87,0.857006847858429,1.0657262802124023,0.8128085732460022,tensor(0.9001)
8855,87,1.0465608835220337,1.0657262802124023,0.8128085732460022,tensor(0.9001)
8856,87,1.1067155599594116,1.0657262802124023,0.8128085732460022,tensor(0.9001)
8857,87,0.9344720840454102,1.0657262802124023,0.8128085732460022,tensor(0.9001)
8858,87,1.031227707862854,1.0657262802124023,0.8128085732460022,tensor(0.9001)
8859,87,0.8155215978622437,1.0657262802124023,0.8128085732460022,tensor(0.9001)
8860,87,0.9856454133987427,1.0657262802124023,0.8128085732460022,tensor(0.9001)
8861,87,1.127324104309082,1.0657262802124023,0.8128085732460022,tensor(0.9001)
8862,87,1.0062446594238281,1.0657262802124023,0.8128085732460022,tensor(0.9001)
8863,87,1.1259700059890747,1.0657262802124023,0.8128085732460022,tensor(0.9001)
8864,87,0.9268820285797119,1.0657262802124023,0.8128085732460022,tensor(0.9001)
8865,87,0.8511123657226562,1.0657262802124023,0.8128085732460022,tensor(0.9001)
8866,87,0.7924453020095825,1.0657262802124023,0.8128085732460022,tensor(0.9001)
8867,87,0.8533978462219238,1.0657262802124023,0.8128085732460022,tensor(0.9001)
8868,87,1.0437541007995605,1.0657262802124023,0.8128085732460022,tensor(0.9001)
8869,87,0.8932032585144043,1.0657262802124023,0.8128085732460022,tensor(0.9001)
8870,87,1.06658935546875,1.0657262802124023,0.8128085732460022,tensor(0.9001)
8871,87,0.9464974403381348,1.0657262802124023,0.8128085732460022,tensor(0.9001)
8872,87,0.9959580302238464,1.0657262802124023,0.8128085732460022,tensor(0.9001)
8873,87,0.9622493982315063,1.0657262802124023,0.8128085732460022,tensor(0.9001)
8874,87,0.849311888217926,1.0657262802124023,0.8128085732460022,tensor(0.9001)
8875,87,0.849311888217926,1.0711312294006348,0.8128085732460022,tensor(0.9001)
8876,87,0.849311888217926,0.9513388276100159,0.8128085732460022,tensor(0.9001)
8877,87,0.8950035572052002,0.9513388276100159,0.8128085732460022,tensor(0.9001)
8877,88,0.8950035572052002,0.9513388276100159,0.9252505898475647,tensor(0.3374)
8878,88,1.0200756788253784,0.9513388276100159,0.9252505898475647,tensor(0.3374)
