global_train_step,global_val_step,epoch,train_loss,val_loss
0,,0,6.682021617889404,
1,,0,9.661361694335938,
2,,0,5.408041954040527,
3,,0,8.374090194702148,
4,,0,2.8359267711639404,
5,,0,11.577322959899902,
6,,0,10.132495880126953,
7,,0,11.825578689575195,
8,,0,9.135537147521973,
9,,0,6.865185737609863,
10,,0,13.372724533081055,
11,,0,12.759527206420898,
12,,0,2.48099422454834,
13,,0,0.9990571737289429,
14,,0,15.893662452697754,
15,,0,8.71157455444336,
,0,0,,10.402057647705078
,1,0,,8.074655532836914
,2,0,,6.698037624359131
,3,0,,9.437139511108398
,4,0,,12.382278442382812
,5,0,,10.526742935180664
,6,0,,10.127674102783203
,7,0,,9.285606384277344
,8,0,,10.893768310546875
,9,0,,5.786717414855957
,10,0,,12.006245613098145
,11,0,,9.20416259765625
,12,0,,10.974859237670898
,13,0,,8.711797714233398
,14,0,,7.634652137756348
,15,0,,6.105162620544434
16,,1,7.033885478973389,
17,,1,11.617259979248047,
18,,1,22.483489990234375,
19,,1,12.955026626586914,
20,,1,10.21238899230957,
21,,1,1.7560698986053467,
22,,1,8.627446174621582,
23,,1,4.982656478881836,
24,,1,15.315922737121582,
25,,1,1.4495550394058228,
26,,1,5.567967891693115,
27,,1,3.640859603881836,
28,,1,10.079666137695312,
29,,1,11.143810272216797,
30,,1,2.1295270919799805,
31,,1,8.698153495788574,
,16,1,,10.254521369934082
,17,1,,8.405722618103027
,18,1,,6.2441606521606445
,19,1,,11.728354454040527
,20,1,,9.552410125732422
,21,1,,6.887932777404785
,22,1,,12.562860488891602
,23,1,,9.330175399780273
,24,1,,11.121129989624023
,25,1,,7.319492816925049
,26,1,,11.693411827087402
,27,1,,9.90904426574707
,28,1,,8.036686897277832
,29,1,,10.462716102600098
,30,1,,9.652278900146484
,31,1,,12.496219635009766
32,,2,10.22926139831543,
33,,2,7.650634288787842,
34,,2,5.609149932861328,
35,,2,4.774426460266113,
36,,2,19.29295539855957,
37,,2,5.364734649658203,
38,,2,7.535300254821777,
39,,2,5.871181488037109,
40,,2,6.6019673347473145,
41,,2,7.380158424377441,
42,,2,1.9157090187072754,
43,,2,3.9986512660980225,
44,,2,13.472158432006836,
45,,2,7.741303443908691,
46,,2,15.589861869812012,
47,,2,2.9579176902770996,
,32,2,,6.871794700622559
,33,2,,5.864892959594727
,34,2,,7.9785237312316895
,35,2,,8.450970649719238
,36,2,,9.065347671508789
,37,2,,8.086344718933105
,38,2,,11.87198543548584
,39,2,,9.863179206848145
,40,2,,9.393484115600586
,41,2,,9.330299377441406
,42,2,,12.719503402709961
,43,2,,9.641217231750488
,44,2,,12.737778663635254
,45,2,,9.959268569946289
,46,2,,11.642168045043945
,47,2,,8.757407188415527
48,,3,4.580894470214844,
49,,3,8.780561447143555,
50,,3,4.679740905761719,
51,,3,2.1031317710876465,
52,,3,5.9853739738464355,
53,,3,1.7195627689361572,
54,,3,6.45584774017334,
55,,3,5.929028511047363,
56,,3,13.5228271484375,
57,,3,8.262394905090332,
58,,3,14.1692533493042,
59,,3,5.693615436553955,
60,,3,2.58068585395813,
61,,3,14.646044731140137,
62,,3,6.736954689025879,
63,,3,3.9776644706726074,
,48,3,,7.233879089355469
,49,3,,7.931914806365967
,50,3,,12.553756713867188
,51,3,,8.80313491821289
,52,3,,13.517510414123535
,53,3,,11.291590690612793
,54,3,,10.911063194274902
,55,3,,10.03751277923584
,56,3,,11.07617473602295
,57,3,,9.417248725891113
,58,3,,13.30190372467041
,59,3,,7.931222915649414
,60,3,,10.300167083740234
,61,3,,9.1100492477417
,62,3,,11.545431137084961
,63,3,,9.767057418823242
64,,4,2.9139623641967773,
65,,4,1.888635277748108,
66,,4,2.3006277084350586,
67,,4,10.105827331542969,
68,,4,5.494725227355957,
69,,4,3.0807156562805176,
70,,4,4.295289039611816,
71,,4,4.838245391845703,
72,,4,13.00979232788086,
73,,4,6.893471717834473,
74,,4,3.141814708709717,
75,,4,2.758768081665039,
76,,4,12.43891716003418,
77,,4,6.366705894470215,
78,,4,2.844852924346924,
79,,4,8.98155689239502,
,64,4,,10.285009384155273
,65,4,,16.769453048706055
,66,4,,13.249716758728027
,67,4,,15.529603004455566
,68,4,,14.925041198730469
,69,4,,9.32940673828125
,70,4,,16.576114654541016
,71,4,,8.994430541992188
,72,4,,14.959942817687988
,73,4,,11.442055702209473
,74,4,,10.04540729522705
,75,4,,7.949312210083008
,76,4,,10.19160270690918
,77,4,,12.187450408935547
,78,4,,7.283882141113281
,79,4,,11.338960647583008
80,,5,5.831176280975342,
81,,5,3.426337718963623,
82,,5,15.04385757446289,
83,,5,3.37372088432312,
84,,5,6.600159645080566,
85,,5,5.095541954040527,
86,,5,20.018024444580078,
87,,5,9.282302856445312,
88,,5,1.0266751050949097,
89,,5,4.491479396820068,
90,,5,6.016453742980957,
91,,5,3.7791571617126465,
92,,5,4.843079090118408,
93,,5,8.098999977111816,
94,,5,7.5377583503723145,
95,,5,6.337133407592773,
,80,5,,6.0826311111450195
,81,5,,8.651226043701172
,82,5,,9.511909484863281
,83,5,,9.187870025634766
,84,5,,5.865592002868652
,85,5,,11.687114715576172
,86,5,,7.742517471313477
,87,5,,8.2422513961792
,88,5,,8.609986305236816
,89,5,,10.180059432983398
,90,5,,7.055309772491455
,91,5,,6.25558614730835
,92,5,,6.748798847198486
,93,5,,7.868821144104004
,94,5,,6.438869476318359
,95,5,,11.871957778930664
96,,6,6.2603440284729,
97,,6,3.8570594787597656,
98,,6,12.293563842773438,
99,,6,5.561911106109619,
100,,6,9.731867790222168,
101,,6,5.986752510070801,
102,,6,6.643161773681641,
103,,6,5.821739196777344,
104,,6,9.64059829711914,
105,,6,8.019680976867676,
106,,6,3.4242630004882812,
107,,6,6.259548664093018,
108,,6,3.548696517944336,
109,,6,5.782123565673828,
110,,6,6.694698333740234,
111,,6,13.645217895507812,
,96,6,,8.89146614074707
,97,6,,13.416365623474121
,98,6,,4.619874000549316
,99,6,,9.196964263916016
,100,6,,8.370763778686523
,101,6,,9.65919017791748
,102,6,,7.7730255126953125
,103,6,,6.5581207275390625
,104,6,,6.68132209777832
,105,6,,9.202735900878906
,106,6,,9.898995399475098
,107,6,,8.27853775024414
,108,6,,7.942768573760986
,109,6,,8.407047271728516
,110,6,,5.21044921875
,111,6,,4.263415813446045
112,,7,7.80986213684082,
113,,7,9.652242660522461,
114,,7,6.931448459625244,
115,,7,5.16612434387207,
116,,7,6.778790473937988,
117,,7,9.522546768188477,
118,,7,5.681148052215576,
119,,7,5.076213836669922,
120,,7,2.570533275604248,
121,,7,7.094543933868408,
122,,7,12.64181900024414,
123,,7,3.3020200729370117,
124,,7,6.511814594268799,
125,,7,6.329259395599365,
126,,7,6.5542120933532715,
127,,7,8.852195739746094,
,112,7,,14.753337860107422
,113,7,,11.382091522216797
,114,7,,13.758988380432129
,115,7,,14.491381645202637
,116,7,,12.907538414001465
,117,7,,12.634443283081055
,118,7,,13.172651290893555
,119,7,,10.624176025390625
,120,7,,15.849194526672363
,121,7,,10.82091999053955
,122,7,,8.702909469604492
,123,7,,12.140783309936523
,124,7,,14.404458045959473
,125,7,,10.862885475158691
,126,7,,13.482707023620605
,127,7,,16.597328186035156
128,,8,7.662412643432617,
129,,8,5.673001766204834,
130,,8,11.44593620300293,
131,,8,5.02535343170166,
132,,8,6.206934928894043,
133,,8,13.859573364257812,
134,,8,5.910933971405029,
135,,8,6.279453277587891,
136,,8,8.345539093017578,
137,,8,2.2163939476013184,
138,,8,5.304257869720459,
139,,8,5.288671970367432,
140,,8,3.376875877380371,
141,,8,6.5758562088012695,
142,,8,1.244077444076538,
143,,8,3.0502328872680664,
,128,8,,8.00305461883545
,129,8,,14.738153457641602
,130,8,,6.1750030517578125
,131,8,,9.333478927612305
,132,8,,11.419803619384766
,133,8,,9.23324966430664
,134,8,,8.014152526855469
,135,8,,9.523183822631836
,136,8,,9.598737716674805
,137,8,,6.542853832244873
,138,8,,8.791505813598633
,139,8,,9.82996940612793
,140,8,,13.663073539733887
,141,8,,9.480029106140137
,142,8,,7.342293739318848
,143,8,,11.440899848937988
144,,9,7.5749406814575195,
145,,9,10.085010528564453,
146,,9,1.8221646547317505,
147,,9,6.393040657043457,
148,,9,5.043766021728516,
149,,9,1.5899099111557007,
150,,9,3.0219194889068604,
151,,9,4.416521072387695,
152,,9,2.288400173187256,
153,,9,7.091426849365234,
154,,9,3.2221803665161133,
155,,9,2.903883457183838,
156,,9,6.183479309082031,
157,,9,2.713937282562256,
158,,9,6.836179733276367,
159,,9,6.622179985046387,
,144,9,,8.900117874145508
,145,9,,10.389668464660645
,146,9,,7.354433536529541
,147,9,,8.518417358398438
,148,9,,11.388716697692871
,149,9,,9.382022857666016
,150,9,,12.800806045532227
,151,9,,15.572574615478516
,152,9,,10.071374893188477
,153,9,,11.620683670043945
,154,9,,9.711383819580078
,155,9,,11.534456253051758
,156,9,,9.008157730102539
,157,9,,13.719890594482422
,158,9,,4.293336868286133
,159,9,,10.392499923706055
160,,10,6.437560081481934,
161,,10,7.11126708984375,
162,,10,4.737020492553711,
163,,10,6.61849308013916,
164,,10,7.328752517700195,
165,,10,8.492934226989746,
166,,10,11.213861465454102,
167,,10,2.9573471546173096,
168,,10,6.123046875,
169,,10,7.113973617553711,
170,,10,10.514059066772461,
171,,10,3.2330093383789062,
172,,10,3.04870343208313,
173,,10,6.518960952758789,
174,,10,7.101035118103027,
175,,10,5.638642311096191,
,160,10,,5.772395610809326
,161,10,,6.638275146484375
,162,10,,8.222566604614258
,163,10,,9.315910339355469
,164,10,,8.963689804077148
,165,10,,10.455904960632324
,166,10,,8.691451072692871
,167,10,,8.831307411193848
,168,10,,6.156120300292969
,169,10,,9.296294212341309
,170,10,,9.99735164642334
,171,10,,10.990442276000977
,172,10,,11.19832992553711
,173,10,,9.57813835144043
,174,10,,8.456287384033203
,175,10,,8.385891914367676
176,,11,6.686697959899902,
177,,11,12.362672805786133,
178,,11,5.867220401763916,
179,,11,6.562075138092041,
180,,11,3.0653843879699707,
181,,11,2.7644007205963135,
182,,11,3.9257631301879883,
183,,11,7.094060897827148,
184,,11,6.462141990661621,
185,,11,4.96294641494751,
186,,11,3.157219886779785,
187,,11,9.886834144592285,
188,,11,7.452553749084473,
189,,11,6.946769714355469,
190,,11,4.217698574066162,
191,,11,13.394338607788086,
,176,11,,11.410412788391113
,177,11,,13.872110366821289
,178,11,,10.903736114501953
,179,11,,19.014694213867188
,180,11,,8.9114990234375
,181,11,,14.03689193725586
,182,11,,11.609712600708008
,183,11,,9.879218101501465
,184,11,,13.626137733459473
,185,11,,16.76052474975586
,186,11,,17.29901885986328
,187,11,,15.067903518676758
,188,11,,11.518606185913086
,189,11,,19.07663345336914
,190,11,,10.154799461364746
,191,11,,9.016447067260742
192,,12,5.263154983520508,
193,,12,8.042191505432129,
194,,12,6.344919204711914,
195,,12,6.260231971740723,
196,,12,4.995514869689941,
197,,12,5.903092384338379,
198,,12,4.94337272644043,
199,,12,5.255272388458252,
200,,12,4.014408111572266,
201,,12,13.999330520629883,
202,,12,2.1734390258789062,
203,,12,19.127155303955078,
204,,12,6.228950500488281,
205,,12,8.519219398498535,
206,,12,2.4423933029174805,
207,,12,3.3512861728668213,
,192,12,,7.4981255531311035
,193,12,,9.642365455627441
,194,12,,10.78746223449707
,195,12,,11.091866493225098
,196,12,,10.19514274597168
,197,12,,10.037893295288086
,198,12,,10.922565460205078
,199,12,,8.25564956665039
,200,12,,5.773128509521484
,201,12,,10.634796142578125
,202,12,,7.079935550689697
,203,12,,8.953910827636719
,204,12,,9.271071434020996
,205,12,,10.083827018737793
,206,12,,10.917557716369629
,207,12,,7.147616386413574
208,,13,3.1540212631225586,
209,,13,3.956010341644287,
210,,13,8.892599105834961,
211,,13,4.112021446228027,
212,,13,6.275754928588867,
213,,13,2.6127636432647705,
214,,13,9.956056594848633,
215,,13,1.644891381263733,
216,,13,8.54033088684082,
217,,13,5.07373046875,
218,,13,10.391593933105469,
219,,13,6.442720890045166,
220,,13,5.0040364265441895,
221,,13,3.103450298309326,
222,,13,8.524541854858398,
223,,13,7.277945518493652,
,208,13,,11.075172424316406
,209,13,,10.247459411621094
,210,13,,13.476995468139648
,211,13,,11.065006256103516
,212,13,,9.452205657958984
,213,13,,13.755985260009766
,214,13,,11.623090744018555
,215,13,,12.444852828979492
,216,13,,19.25411605834961
,217,13,,9.479575157165527
,218,13,,11.071850776672363
,219,13,,13.252079010009766
,220,13,,9.301836013793945
,221,13,,14.079797744750977
,222,13,,15.089921951293945
,223,13,,8.161394119262695
224,,14,2.2996973991394043,
225,,14,6.594671249389648,
226,,14,3.1427090167999268,
227,,14,2.9142255783081055,
228,,14,5.701115608215332,
229,,14,6.04856014251709,
230,,14,8.809473037719727,
231,,14,4.757596969604492,
232,,14,4.810508728027344,
233,,14,10.088155746459961,
234,,14,13.190751075744629,
235,,14,4.808977127075195,
236,,14,8.066156387329102,
237,,14,7.9217119216918945,
238,,14,1.995548129081726,
239,,14,7.73652982711792,
,224,14,,7.30997371673584
,225,14,,9.4688081741333
,226,14,,9.023815155029297
,227,14,,8.672048568725586
,228,14,,8.376222610473633
,229,14,,7.091088771820068
,230,14,,9.149949073791504
,231,14,,6.050860404968262
,232,14,,9.057584762573242
,233,14,,5.818185806274414
,234,14,,9.112090110778809
,235,14,,8.111780166625977
,236,14,,11.758844375610352
,237,14,,8.961593627929688
,238,14,,7.168654441833496
,239,14,,9.092864990234375
240,,15,4.945773124694824,
241,,15,10.309908866882324,
242,,15,9.448198318481445,
243,,15,6.4630889892578125,
244,,15,7.896274566650391,
245,,15,4.27072811126709,
246,,15,5.805105209350586,
247,,15,3.227858304977417,
248,,15,7.623373985290527,
249,,15,2.618915319442749,
250,,15,6.999751091003418,
251,,15,5.846224784851074,
252,,15,5.397391319274902,
253,,15,5.126895904541016,
254,,15,5.983273506164551,
255,,15,6.372567653656006,
,240,15,,6.785459518432617
,241,15,,7.050138473510742
,242,15,,10.302563667297363
,243,15,,7.477609634399414
,244,15,,9.099966049194336
,245,15,,9.832653045654297
,246,15,,5.0045599937438965
,247,15,,6.415146827697754
,248,15,,12.099340438842773
,249,15,,13.660643577575684
,250,15,,9.552472114562988
,251,15,,6.17409086227417
,252,15,,8.227957725524902
,253,15,,6.379901885986328
,254,15,,6.87277889251709
,255,15,,9.439008712768555
256,,16,5.839572906494141,
257,,16,7.217267990112305,
258,,16,4.343935012817383,
259,,16,5.407377243041992,
260,,16,3.5504961013793945,
261,,16,2.3824827671051025,
262,,16,8.67393684387207,
263,,16,12.811542510986328,
264,,16,3.8239905834198,
265,,16,5.707246780395508,
266,,16,6.360156059265137,
267,,16,4.375364780426025,
268,,16,4.9093546867370605,
269,,16,6.4755072593688965,
270,,16,8.004175186157227,
271,,16,7.216354846954346,
,256,16,,15.46170711517334
,257,16,,10.760391235351562
,258,16,,16.3294677734375
,259,16,,12.351873397827148
,260,16,,8.712860107421875
,261,16,,9.585028648376465
,262,16,,11.80540657043457
,263,16,,7.864622116088867
,264,16,,10.659249305725098
,265,16,,15.397419929504395
,266,16,,10.816878318786621
,267,16,,13.03067684173584
,268,16,,9.349480628967285
,269,16,,7.500980377197266
,270,16,,11.092076301574707
,271,16,,10.608253479003906
272,,17,6.1037516593933105,
273,,17,5.9722113609313965,
274,,17,7.201554298400879,
275,,17,8.130505561828613,
276,,17,9.497047424316406,
277,,17,5.684746265411377,
278,,17,4.994606971740723,
279,,17,3.1192266941070557,
280,,17,5.936465263366699,
281,,17,7.099796772003174,
282,,17,11.061962127685547,
283,,17,5.012322425842285,
284,,17,1.9736332893371582,
285,,17,5.274562835693359,
286,,17,6.955965995788574,
287,,17,7.666719436645508,
,272,17,,10.210613250732422
,273,17,,15.757375717163086
,274,17,,15.602397918701172
,275,17,,10.79305648803711
,276,17,,10.874971389770508
,277,17,,21.16272735595703
,278,17,,16.040958404541016
,279,17,,14.904163360595703
,280,17,,13.5512113571167
,281,17,,19.61368751525879
,282,17,,9.670564651489258
,283,17,,16.884384155273438
,284,17,,22.4476318359375
,285,17,,14.806804656982422
,286,17,,13.183148384094238
,287,17,,13.937971115112305
288,,18,2.326289653778076,
289,,18,11.225709915161133,
290,,18,7.667152404785156,
291,,18,6.717321395874023,
292,,18,2.213033437728882,
293,,18,1.0952963829040527,
294,,18,3.108105182647705,
295,,18,4.416808128356934,
296,,18,6.162605285644531,
297,,18,6.281419277191162,
298,,18,7.305842399597168,
299,,18,8.569046974182129,
300,,18,11.18580150604248,
301,,18,15.3656587600708,
302,,18,6.2667694091796875,
303,,18,2.789297342300415,
,288,18,,10.042009353637695
,289,18,,9.225191116333008
,290,18,,8.295045852661133
,291,18,,10.54420280456543
,292,18,,9.603515625
,293,18,,13.51771068572998
,294,18,,11.503204345703125
,295,18,,7.270079612731934
,296,18,,8.625373840332031
,297,18,,14.752395629882812
,298,18,,11.070612907409668
,299,18,,10.574933052062988
,300,18,,13.850269317626953
,301,18,,10.120735168457031
,302,18,,10.576915740966797
,303,18,,12.932929992675781
304,,19,12.860313415527344,
305,,19,1.9158399105072021,
306,,19,6.25535774230957,
307,,19,2.5217819213867188,
308,,19,4.245666027069092,
309,,19,3.651520252227783,
310,,19,11.95452880859375,
311,,19,8.972760200500488,
312,,19,5.358336448669434,
313,,19,7.0868425369262695,
314,,19,3.3943099975585938,
315,,19,6.470428466796875,
316,,19,7.731101036071777,
317,,19,6.019853591918945,
318,,19,2.037525177001953,
319,,19,6.740854263305664,
,304,19,,12.021109580993652
,305,19,,3.3094515800476074
,306,19,,6.402285575866699
,307,19,,9.398204803466797
,308,19,,7.359354019165039
,309,19,,5.0924072265625
,310,19,,8.243310928344727
,311,19,,13.262989044189453
,312,19,,9.90123176574707
,313,19,,7.15045166015625
,314,19,,9.199501037597656
,315,19,,7.016670227050781
,316,19,,12.288517951965332
,317,19,,3.160583972930908
,318,19,,6.017587661743164
,319,19,,8.997941970825195
320,,20,2.4247806072235107,
321,,20,5.049957275390625,
322,,20,4.6473588943481445,
323,,20,0.5995060205459595,
324,,20,5.370805740356445,
325,,20,8.431471824645996,
326,,20,4.442591190338135,
327,,20,4.48716926574707,
328,,20,4.5368170738220215,
329,,20,2.734508991241455,
330,,20,6.443149566650391,
331,,20,4.331554889678955,
332,,20,5.6416473388671875,
333,,20,1.6601250171661377,
334,,20,11.776180267333984,
335,,20,2.0530877113342285,
,320,20,,10.973749160766602
,321,20,,9.892094612121582
,322,20,,12.613214492797852
,323,20,,7.628468990325928
,324,20,,10.374744415283203
,325,20,,6.538806915283203
,326,20,,8.974645614624023
,327,20,,6.504329204559326
,328,20,,11.724156379699707
,329,20,,8.850536346435547
,330,20,,12.875595092773438
,331,20,,8.365273475646973
,332,20,,9.595649719238281
,333,20,,10.048933982849121
,334,20,,7.509706974029541
,335,20,,10.155510902404785
336,,21,2.4155867099761963,
337,,21,12.514958381652832,
338,,21,2.6694960594177246,
339,,21,2.009255886077881,
340,,21,6.886432647705078,
341,,21,6.964249610900879,
342,,21,5.853463649749756,
343,,21,1.9510555267333984,
344,,21,2.7951674461364746,
345,,21,4.905380725860596,
346,,21,3.8314461708068848,
347,,21,2.12455677986145,
348,,21,5.267694473266602,
349,,21,1.262823224067688,
350,,21,0.5977435111999512,
351,,21,6.271852493286133,
,336,21,,11.64715576171875
,337,21,,11.459798812866211
,338,21,,10.539575576782227
,339,21,,7.587000370025635
,340,21,,10.470196723937988
,341,21,,10.936147689819336
,342,21,,12.943300247192383
,343,21,,7.612929344177246
,344,21,,6.890377998352051
,345,21,,13.156953811645508
,346,21,,17.701078414916992
,347,21,,7.904013633728027
,348,21,,6.145801067352295
,349,21,,2.868910789489746
,350,21,,10.579647064208984
,351,21,,14.818943977355957
352,,22,6.35571813583374,
353,,22,9.95164966583252,
354,,22,1.4492895603179932,
355,,22,10.492271423339844,
356,,22,4.139627456665039,
357,,22,4.310554027557373,
358,,22,4.1422624588012695,
359,,22,3.8184709548950195,
360,,22,6.632424354553223,
361,,22,7.037722587585449,
362,,22,2.0713086128234863,
363,,22,2.874682664871216,
364,,22,3.617185592651367,
365,,22,4.994375228881836,
366,,22,6.858111381530762,
367,,22,6.175072193145752,
,352,22,,6.582975387573242
,353,22,,10.357892990112305
,354,22,,9.164854049682617
,355,22,,7.813730239868164
,356,22,,10.104887962341309
,357,22,,8.550193786621094
,358,22,,11.252521514892578
,359,22,,9.669455528259277
,360,22,,9.584280967712402
,361,22,,8.588350296020508
,362,22,,6.429656028747559
,363,22,,4.249993324279785
,364,22,,9.679731369018555
,365,22,,8.396366119384766
,366,22,,9.44429874420166
,367,22,,9.726340293884277
368,,23,6.533176898956299,
369,,23,5.481874465942383,
370,,23,4.194739818572998,
371,,23,4.4521484375,
372,,23,9.354759216308594,
373,,23,6.010159492492676,
374,,23,8.301496505737305,
375,,23,3.229367971420288,
376,,23,4.854053974151611,
377,,23,5.560458183288574,
378,,23,6.424824237823486,
379,,23,5.255922794342041,
380,,23,8.092369079589844,
381,,23,3.4735405445098877,
382,,23,6.478935241699219,
383,,23,8.24020004272461,
,368,23,,8.82382583618164
,369,23,,13.680217742919922
,370,23,,7.4762959480285645
,371,23,,11.835956573486328
,372,23,,10.1841402053833
,373,23,,7.3226518630981445
,374,23,,10.82789421081543
,375,23,,9.596891403198242
,376,23,,15.354632377624512
,377,23,,13.144460678100586
,378,23,,5.660073280334473
,379,23,,8.598358154296875
,380,23,,11.80722427368164
,381,23,,12.327399253845215
,382,23,,9.772867202758789
,383,23,,10.407266616821289
384,,24,2.958555221557617,
385,,24,4.351382255554199,
386,,24,3.1489641666412354,
387,,24,4.982736110687256,
388,,24,3.5402510166168213,
389,,24,5.2548956871032715,
390,,24,5.995721817016602,
391,,24,2.1726834774017334,
392,,24,2.597604751586914,
393,,24,4.260704517364502,
394,,24,4.959995269775391,
395,,24,7.2578020095825195,
396,,24,4.345696926116943,
397,,24,9.177812576293945,
398,,24,3.435142755508423,
399,,24,8.94413948059082,
,384,24,,7.581510543823242
,385,24,,14.901803016662598
,386,24,,14.85791015625
,387,24,,9.950468063354492
,388,24,,7.461620330810547
,389,24,,14.496131896972656
,390,24,,6.7083635330200195
,391,24,,12.879240036010742
,392,24,,10.043783187866211
,393,24,,7.220056533813477
,394,24,,11.07375717163086
,395,24,,8.724937438964844
,396,24,,13.375020980834961
,397,24,,9.90905475616455
,398,24,,11.257447242736816
,399,24,,8.985967636108398
400,,25,8.136113166809082,
401,,25,3.6333863735198975,
402,,25,5.551884651184082,
403,,25,3.100280523300171,
404,,25,5.814540386199951,
405,,25,10.435199737548828,
406,,25,6.811110019683838,
407,,25,11.30595874786377,
408,,25,4.446682929992676,
409,,25,10.655271530151367,
410,,25,6.114383697509766,
411,,25,3.4976634979248047,
412,,25,3.769882917404175,
413,,25,2.899550676345825,
414,,25,6.65535306930542,
415,,25,6.485509872436523,
,400,25,,28.725311279296875
,401,25,,26.063671112060547
,402,25,,29.59905242919922
,403,25,,28.173965454101562
,404,25,,24.06433868408203
,405,25,,26.253395080566406
,406,25,,29.334903717041016
,407,25,,26.52325439453125
,408,25,,30.675228118896484
,409,25,,23.02407455444336
,410,25,,28.940351486206055
,411,25,,30.12530517578125
,412,25,,31.871349334716797
,413,25,,25.63485336303711
,414,25,,28.01186752319336
,415,25,,31.891685485839844
416,,26,5.043812274932861,
417,,26,9.676616668701172,
418,,26,5.217100143432617,
419,,26,6.662901401519775,
420,,26,5.644230365753174,
421,,26,3.3564114570617676,
422,,26,4.671119689941406,
423,,26,7.221067905426025,
424,,26,6.800318717956543,
425,,26,2.0302538871765137,
426,,26,4.739704132080078,
427,,26,13.532596588134766,
428,,26,5.879207611083984,
429,,26,10.12092113494873,
430,,26,6.504055976867676,
431,,26,6.371559143066406,
,416,26,,11.178077697753906
,417,26,,15.042171478271484
,418,26,,10.048667907714844
,419,26,,12.459019660949707
,420,26,,7.0560407638549805
,421,26,,8.702052116394043
,422,26,,7.860502243041992
,423,26,,14.789118766784668
,424,26,,8.449187278747559
,425,26,,5.271205902099609
,426,26,,11.544107437133789
,427,26,,12.117369651794434
,428,26,,10.170108795166016
,429,26,,11.355045318603516
,430,26,,9.422207832336426
,431,26,,8.414137840270996
432,,27,14.051013946533203,
433,,27,6.739169120788574,
434,,27,4.780886650085449,
435,,27,6.366756916046143,
436,,27,4.221329212188721,
437,,27,12.223896026611328,
438,,27,6.666619777679443,
439,,27,6.900469779968262,
440,,27,6.20219612121582,
441,,27,3.24676513671875,
442,,27,4.983670711517334,
443,,27,4.722621440887451,
444,,27,2.2120909690856934,
445,,27,3.3480873107910156,
446,,27,6.561220169067383,
447,,27,6.293418884277344,
,432,27,,11.309438705444336
,433,27,,9.797754287719727
,434,27,,12.210020065307617
,435,27,,7.576215744018555
,436,27,,11.946858406066895
,437,27,,6.442171096801758
,438,27,,11.081350326538086
,439,27,,8.036685943603516
,440,27,,12.37368392944336
,441,27,,7.805768013000488
,442,27,,12.661698341369629
,443,27,,6.934421539306641
,444,27,,8.210476875305176
,445,27,,11.238861083984375
,446,27,,7.404773712158203
,447,27,,11.176752090454102
448,,28,3.2974438667297363,
449,,28,1.526051640510559,
450,,28,4.611804962158203,
451,,28,13.517389297485352,
452,,28,4.7245612144470215,
453,,28,6.855569362640381,
454,,28,3.8665497303009033,
455,,28,7.155027389526367,
456,,28,6.394320487976074,
457,,28,3.794992685317993,
458,,28,0.7698409557342529,
459,,28,4.182249069213867,
460,,28,4.216386795043945,
461,,28,4.107016563415527,
462,,28,2.9088759422302246,
463,,28,2.8262627124786377,
,448,28,,7.519533634185791
,449,28,,10.637947082519531
,450,28,,12.730718612670898
,451,28,,9.867841720581055
,452,28,,9.534322738647461
,453,28,,10.009214401245117
,454,28,,9.174272537231445
,455,28,,16.067323684692383
,456,28,,9.837004661560059
,457,28,,10.731401443481445
,458,28,,16.485992431640625
,459,28,,9.82744312286377
,460,28,,14.138809204101562
,461,28,,10.255990028381348
,462,28,,7.406924724578857
,463,28,,7.767486572265625
464,,29,2.1382975578308105,
465,,29,2.137564182281494,
466,,29,2.2697997093200684,
467,,29,3.8620998859405518,
468,,29,7.833159446716309,
469,,29,4.3745036125183105,
470,,29,2.758777141571045,
471,,29,4.8683600425720215,
472,,29,17.241622924804688,
473,,29,5.339262962341309,
474,,29,4.611490249633789,
475,,29,6.252392768859863,
476,,29,5.125423431396484,
477,,29,8.807443618774414,
478,,29,6.90164041519165,
479,,29,4.427786827087402,
,464,29,,53.73887252807617
,465,29,,55.17408752441406
,466,29,,31.89610481262207
,467,29,,42.432220458984375
,468,29,,39.51610565185547
,469,29,,41.374237060546875
,470,29,,38.85826110839844
,471,29,,33.396575927734375
,472,29,,43.187171936035156
,473,29,,36.46814727783203
,474,29,,41.27173614501953
,475,29,,42.81144332885742
,476,29,,38.537498474121094
,477,29,,36.85541534423828
,478,29,,31.980859756469727
,479,29,,50.95708465576172
480,,30,4.545833110809326,
481,,30,1.9733116626739502,
482,,30,1.9284082651138306,
483,,30,3.4109811782836914,
484,,30,3.8955531120300293,
485,,30,1.188524603843689,
486,,30,20.193546295166016,
487,,30,4.62973690032959,
488,,30,7.677478790283203,
489,,30,3.9488158226013184,
490,,30,6.788669586181641,
491,,30,7.026870250701904,
492,,30,8.860288619995117,
493,,30,4.875091552734375,
494,,30,3.2170333862304688,
495,,30,3.899289608001709,
,480,30,,10.062579154968262
,481,30,,8.461736679077148
,482,30,,8.373744010925293
,483,30,,5.986040115356445
,484,30,,10.292197227478027
,485,30,,7.776890754699707
,486,30,,9.773553848266602
,487,30,,5.89249849319458
,488,30,,10.736397743225098
,489,30,,13.803149223327637
,490,30,,13.38431167602539
,491,30,,10.019710540771484
,492,30,,11.227313995361328
,493,30,,13.1634521484375
,494,30,,10.942655563354492
,495,30,,13.085284233093262
496,,31,9.346854209899902,
497,,31,8.57526683807373,
498,,31,4.2644195556640625,
499,,31,5.292910575866699,
500,,31,4.666790962219238,
501,,31,4.069076061248779,
502,,31,5.434876918792725,
503,,31,2.0809969902038574,
504,,31,10.527578353881836,
505,,31,3.070401191711426,
506,,31,4.16107177734375,
507,,31,4.87446403503418,
508,,31,2.8039910793304443,
509,,31,4.323220252990723,
510,,31,5.367317199707031,
511,,31,10.340971946716309,
,496,31,,12.527691841125488
,497,31,,12.168817520141602
,498,31,,9.901800155639648
,499,31,,10.228718757629395
,500,31,,10.223325729370117
,501,31,,10.989175796508789
,502,31,,8.167532920837402
,503,31,,16.25861167907715
,504,31,,6.363763809204102
,505,31,,7.4923095703125
,506,31,,13.477914810180664
,507,31,,10.133113861083984
,508,31,,9.367671966552734
,509,31,,6.442588806152344
,510,31,,11.299440383911133
,511,31,,15.471977233886719
512,,32,4.028555393218994,
513,,32,4.679187774658203,
514,,32,2.238820791244507,
515,,32,4.891758918762207,
516,,32,3.8116250038146973,
517,,32,2.7608423233032227,
518,,32,7.536092758178711,
519,,32,11.545063018798828,
520,,32,5.908919334411621,
521,,32,16.03546714782715,
522,,32,4.150109767913818,
523,,32,1.4351569414138794,
524,,32,7.576140403747559,
525,,32,9.301620483398438,
526,,32,4.5318403244018555,
527,,32,3.529348611831665,
,512,32,,11.925172805786133
,513,32,,17.102859497070312
,514,32,,21.362159729003906
,515,32,,20.361839294433594
,516,32,,18.55723762512207
,517,32,,24.82408905029297
,518,32,,18.180910110473633
,519,32,,11.462041854858398
,520,32,,19.154972076416016
,521,32,,12.779647827148438
,522,32,,17.79688262939453
,523,32,,28.067554473876953
,524,32,,13.70162296295166
,525,32,,15.289039611816406
,526,32,,14.517877578735352
,527,32,,12.276865005493164
528,,33,8.433221817016602,
529,,33,5.05966329574585,
530,,33,1.7220408916473389,
531,,33,4.774710655212402,
532,,33,4.332926273345947,
533,,33,4.0665998458862305,
534,,33,4.50067138671875,
535,,33,2.71089506149292,
536,,33,3.1671316623687744,
537,,33,6.590781211853027,
538,,33,5.753274440765381,
539,,33,6.61290168762207,
540,,33,2.3548245429992676,
541,,33,2.605717182159424,
542,,33,7.19791316986084,
543,,33,7.340786933898926,
,528,33,,7.600298881530762
,529,33,,12.37235164642334
,530,33,,3.127939224243164
,531,33,,13.161258697509766
,532,33,,8.910573959350586
,533,33,,9.356864929199219
,534,33,,5.16688346862793
,535,33,,8.844381332397461
,536,33,,6.206460952758789
,537,33,,9.869396209716797
,538,33,,11.768758773803711
,539,33,,9.222150802612305
,540,33,,8.243711471557617
,541,33,,8.953302383422852
,542,33,,10.723072052001953
,543,33,,12.303743362426758
544,,34,1.491295337677002,
545,,34,2.4710774421691895,
546,,34,4.143266201019287,
547,,34,3.3907740116119385,
548,,34,5.309309959411621,
549,,34,4.332891941070557,
550,,34,3.0217831134796143,
551,,34,6.81000280380249,
552,,34,6.964439392089844,
553,,34,4.337389945983887,
554,,34,2.8910179138183594,
555,,34,7.344736576080322,
556,,34,2.985910654067993,
557,,34,3.411670684814453,
558,,34,6.531236171722412,
559,,34,12.580056190490723,
,544,34,,5.849179744720459
,545,34,,7.098724365234375
,546,34,,9.311473846435547
,547,34,,11.503427505493164
,548,34,,7.026738166809082
,549,34,,8.363256454467773
,550,34,,10.688783645629883
,551,34,,5.570779800415039
,552,34,,6.824829578399658
,553,34,,13.272848129272461
,554,34,,7.538403511047363
,555,34,,12.87375259399414
,556,34,,9.221090316772461
,557,34,,8.202913284301758
,558,34,,9.085586547851562
,559,34,,6.5833940505981445
560,,35,5.365288734436035,
561,,35,3.9460315704345703,
562,,35,9.371376037597656,
563,,35,4.229080677032471,
564,,35,4.62226676940918,
565,,35,4.711580276489258,
566,,35,3.5069780349731445,
567,,35,7.314599990844727,
568,,35,7.279817581176758,
569,,35,1.1320711374282837,
570,,35,4.754306793212891,
571,,35,1.4241087436676025,
572,,35,15.82411003112793,
573,,35,8.275845527648926,
574,,35,7.0890679359436035,
575,,35,6.604231834411621,
,560,35,,7.378253936767578
,561,35,,13.460237503051758
,562,35,,8.020193099975586
,563,35,,10.0947265625
,564,35,,9.522817611694336
,565,35,,7.654318809509277
,566,35,,11.093486785888672
,567,35,,4.583346843719482
,568,35,,5.680948257446289
,569,35,,8.192472457885742
,570,35,,6.588956832885742
,571,35,,6.392845153808594
,572,35,,9.9537353515625
,573,35,,10.376805305480957
,574,35,,10.507265090942383
,575,35,,9.240131378173828
576,,36,6.475421905517578,
577,,36,2.3548455238342285,
578,,36,6.233217239379883,
579,,36,4.964866638183594,
580,,36,8.706265449523926,
581,,36,4.58073091506958,
582,,36,3.9177675247192383,
583,,36,3.790316343307495,
584,,36,6.004187107086182,
585,,36,10.12757396697998,
586,,36,3.5033328533172607,
587,,36,3.782083034515381,
588,,36,6.932340621948242,
589,,36,8.0172119140625,
590,,36,7.5849785804748535,
591,,36,4.601300239562988,
,576,36,,13.821112632751465
,577,36,,10.312394142150879
,578,36,,8.54550838470459
,579,36,,15.150714874267578
,580,36,,13.789339065551758
,581,36,,13.820393562316895
,582,36,,9.391053199768066
,583,36,,7.02387809753418
,584,36,,10.208434104919434
,585,36,,9.307388305664062
,586,36,,11.589876174926758
,587,36,,10.361774444580078
,588,36,,10.825389862060547
,589,36,,12.592853546142578
,590,36,,11.599506378173828
,591,36,,9.30470085144043
592,,37,7.334697723388672,
593,,37,5.3694305419921875,
594,,37,3.69817852973938,
595,,37,6.96701192855835,
596,,37,4.117044925689697,
597,,37,1.3316960334777832,
598,,37,5.840018272399902,
599,,37,5.709507942199707,
600,,37,4.874741554260254,
601,,37,3.1897270679473877,
602,,37,5.003159523010254,
603,,37,1.3412173986434937,
604,,37,6.208795070648193,
605,,37,3.836273193359375,
606,,37,2.6773509979248047,
607,,37,6.258683204650879,
,592,37,,7.725005149841309
,593,37,,7.724520683288574
,594,37,,8.418547630310059
,595,37,,9.198417663574219
,596,37,,6.227442741394043
,597,37,,5.507559299468994
,598,37,,5.546372413635254
,599,37,,6.206231117248535
,600,37,,7.810439109802246
,601,37,,6.181904315948486
,602,37,,8.612726211547852
,603,37,,9.675865173339844
,604,37,,7.367598056793213
,605,37,,8.978721618652344
,606,37,,6.772119522094727
,607,37,,6.0777587890625
608,,38,3.664705514907837,
609,,38,2.780228853225708,
610,,38,6.224837303161621,
611,,38,4.868834972381592,
612,,38,7.090275764465332,
613,,38,14.027978897094727,
614,,38,0.926320493221283,
615,,38,7.291045188903809,
616,,38,5.926804065704346,
617,,38,1.8200547695159912,
618,,38,8.943377494812012,
619,,38,5.774538040161133,
620,,38,10.515024185180664,
621,,38,2.0760581493377686,
622,,38,4.151360511779785,
623,,38,11.247004508972168,
,608,38,,10.584835052490234
,609,38,,12.418306350708008
,610,38,,8.435052871704102
,611,38,,15.595319747924805
,612,38,,12.973443984985352
,613,38,,7.440489768981934
,614,38,,9.755656242370605
,615,38,,8.749269485473633
,616,38,,15.609474182128906
,617,38,,21.008996963500977
,618,38,,13.71969223022461
,619,38,,16.995908737182617
,620,38,,19.54986572265625
,621,38,,10.716804504394531
,622,38,,14.84648323059082
,623,38,,11.179479598999023
624,,39,1.9689292907714844,
625,,39,3.9464638233184814,
626,,39,7.605480194091797,
627,,39,3.384087324142456,
628,,39,10.88641357421875,
629,,39,2.994278907775879,
630,,39,7.941110610961914,
631,,39,8.574045181274414,
632,,39,7.069002151489258,
633,,39,4.932737350463867,
634,,39,6.070254325866699,
635,,39,9.877483367919922,
636,,39,3.0106277465820312,
637,,39,6.26865816116333,
638,,39,2.8029098510742188,
639,,39,4.141242504119873,
,624,39,,9.069589614868164
,625,39,,18.17630958557129
,626,39,,11.608776092529297
,627,39,,13.438642501831055
,628,39,,9.728410720825195
,629,39,,12.089513778686523
,630,39,,14.028484344482422
,631,39,,10.187729835510254
,632,39,,8.498452186584473
,633,39,,10.485214233398438
,634,39,,14.587013244628906
,635,39,,9.341682434082031
,636,39,,11.983724594116211
,637,39,,12.223285675048828
,638,39,,11.935916900634766
,639,39,,9.637651443481445
640,,40,5.893390655517578,
641,,40,4.8568925857543945,
642,,40,3.5252022743225098,
643,,40,7.384164333343506,
644,,40,5.884771347045898,
645,,40,2.2132468223571777,
646,,40,4.155001640319824,
647,,40,6.940141677856445,
648,,40,6.832278728485107,
649,,40,5.031381607055664,
650,,40,8.458179473876953,
651,,40,6.343517780303955,
652,,40,8.320698738098145,
653,,40,5.781459808349609,
654,,40,5.182234764099121,
655,,40,5.377635478973389,
,640,40,,8.911818504333496
,641,40,,8.856319427490234
,642,40,,15.717304229736328
,643,40,,10.622943878173828
,644,40,,11.72724723815918
,645,40,,12.606630325317383
,646,40,,8.564815521240234
,647,40,,10.591156005859375
,648,40,,11.62230396270752
,649,40,,12.501016616821289
,650,40,,11.776153564453125
,651,40,,8.645316123962402
,652,40,,8.608477592468262
,653,40,,10.689209938049316
,654,40,,9.57244873046875
,655,40,,12.002461433410645
656,,41,1.8760905265808105,
657,,41,4.571776866912842,
658,,41,13.920385360717773,
659,,41,6.259265899658203,
660,,41,3.6715850830078125,
661,,41,2.3515708446502686,
662,,41,0.8443866968154907,
663,,41,5.371495246887207,
664,,41,2.81807279586792,
665,,41,6.650195598602295,
666,,41,1.6081502437591553,
667,,41,2.4525935649871826,
668,,41,7.33956241607666,
669,,41,1.5610644817352295,
670,,41,4.859001159667969,
671,,41,3.6406240463256836,
,656,41,,16.238868713378906
,657,41,,17.438243865966797
,658,41,,14.659477233886719
,659,41,,12.320837020874023
,660,41,,16.20417594909668
,661,41,,11.874544143676758
,662,41,,15.45525074005127
,663,41,,12.638669967651367
,664,41,,15.827743530273438
,665,41,,15.702993392944336
,666,41,,14.678407669067383
,667,41,,13.833932876586914
,668,41,,15.12845516204834
,669,41,,12.254478454589844
,670,41,,14.914196968078613
,671,41,,18.228391647338867
672,,42,2.650808095932007,
673,,42,1.8923165798187256,
674,,42,6.847796440124512,
675,,42,11.874893188476562,
676,,42,2.3019776344299316,
677,,42,4.815082550048828,
678,,42,5.222210884094238,
679,,42,1.7929601669311523,
680,,42,9.012327194213867,
681,,42,3.1982057094573975,
682,,42,3.722959041595459,
683,,42,3.0262179374694824,
684,,42,11.71721076965332,
685,,42,2.453001022338867,
686,,42,4.129295825958252,
687,,42,2.2402184009552,
,672,42,,15.269866943359375
,673,42,,19.548629760742188
,674,42,,17.984363555908203
,675,42,,11.391775131225586
,676,42,,11.24452018737793
,677,42,,12.219291687011719
,678,42,,10.511037826538086
,679,42,,13.78833293914795
,680,42,,13.828083038330078
,681,42,,11.49968147277832
,682,42,,9.90091323852539
,683,42,,11.396109580993652
,684,42,,8.115373611450195
,685,42,,12.5299072265625
,686,42,,12.042905807495117
,687,42,,14.493829727172852
688,,43,2.454728603363037,
689,,43,4.061186790466309,
690,,43,1.4351959228515625,
691,,43,6.960111618041992,
692,,43,1.691744327545166,
693,,43,6.395744323730469,
694,,43,3.1534295082092285,
695,,43,5.902073860168457,
696,,43,2.292863368988037,
697,,43,4.00416898727417,
698,,43,8.026710510253906,
699,,43,4.500423908233643,
700,,43,2.2633590698242188,
701,,43,11.63227367401123,
702,,43,8.807134628295898,
703,,43,4.320876598358154,
,688,43,,8.631719589233398
,689,43,,6.348744869232178
,690,43,,7.7171950340271
,691,43,,8.942514419555664
,692,43,,9.83989143371582
,693,43,,8.741094589233398
,694,43,,10.534055709838867
,695,43,,10.217826843261719
,696,43,,9.602113723754883
,697,43,,9.494295120239258
,698,43,,5.6255950927734375
,699,43,,7.2138166427612305
,700,43,,8.87940788269043
,701,43,,6.42868709564209
,702,43,,6.821146488189697
,703,43,,6.890658378601074
704,,44,1.4475746154785156,
705,,44,7.287363529205322,
706,,44,7.454070568084717,
707,,44,4.450736999511719,
708,,44,5.146366119384766,
709,,44,9.081319808959961,
710,,44,5.332100868225098,
711,,44,4.401881694793701,
712,,44,5.496516704559326,
713,,44,5.544177055358887,
714,,44,4.589022636413574,
715,,44,4.982417106628418,
716,,44,7.202617168426514,
717,,44,4.45558500289917,
718,,44,6.555727481842041,
719,,44,4.607948303222656,
,704,44,,7.9060492515563965
,705,44,,6.757408142089844
,706,44,,5.738386631011963
,707,44,,7.343587875366211
,708,44,,7.079057216644287
,709,44,,6.781881332397461
,710,44,,8.545387268066406
,711,44,,8.902934074401855
,712,44,,5.8794474601745605
,713,44,,7.380009651184082
,714,44,,8.408525466918945
,715,44,,11.027936935424805
,716,44,,5.438563346862793
,717,44,,9.01716136932373
,718,44,,9.09718132019043
,719,44,,10.103960037231445
720,,45,6.066812992095947,
721,,45,5.066281318664551,
722,,45,2.003544807434082,
723,,45,0.8138116598129272,
724,,45,3.6169490814208984,
725,,45,2.5709731578826904,
726,,45,2.080897331237793,
727,,45,2.649965524673462,
728,,45,7.313070297241211,
729,,45,3.922924518585205,
730,,45,2.6160764694213867,
731,,45,3.9900996685028076,
732,,45,3.9021077156066895,
733,,45,4.888614177703857,
734,,45,4.0247039794921875,
735,,45,1.5793598890304565,
,720,45,,8.658432006835938
,721,45,,7.581108093261719
,722,45,,8.325665473937988
,723,45,,11.458727836608887
,724,45,,10.81976318359375
,725,45,,4.990800857543945
,726,45,,7.949578285217285
,727,45,,7.262990951538086
,728,45,,8.45149040222168
,729,45,,7.175251007080078
,730,45,,7.331089973449707
,731,45,,7.092438697814941
,732,45,,7.851057052612305
,733,45,,7.232812404632568
,734,45,,8.800334930419922
,735,45,,7.352176189422607
736,,46,9.348913192749023,
737,,46,3.715913772583008,
738,,46,2.7327003479003906,
739,,46,6.869500160217285,
740,,46,13.382970809936523,
741,,46,12.174860954284668,
742,,46,4.985558032989502,
743,,46,10.375782012939453,
744,,46,12.356060028076172,
745,,46,3.1870570182800293,
746,,46,2.9954779148101807,
747,,46,1.6340259313583374,
748,,46,6.9654693603515625,
749,,46,4.855108261108398,
750,,46,5.90139102935791,
751,,46,3.0848124027252197,
,736,46,,6.2594804763793945
,737,46,,6.719776153564453
,738,46,,5.991330623626709
,739,46,,6.006524085998535
,740,46,,8.155990600585938
,741,46,,4.778436660766602
,742,46,,6.7650275230407715
,743,46,,6.249083518981934
,744,46,,5.7040863037109375
,745,46,,7.885388374328613
,746,46,,10.796966552734375
,747,46,,10.93017864227295
,748,46,,6.125671863555908
,749,46,,5.743136405944824
,750,46,,7.570123672485352
,751,46,,5.532360553741455
752,,47,3.1149091720581055,
753,,47,5.422756671905518,
754,,47,4.106343746185303,
755,,47,1.4257410764694214,
756,,47,7.362608432769775,
757,,47,7.095714092254639,
758,,47,4.887045383453369,
759,,47,3.7709813117980957,
760,,47,3.108236789703369,
761,,47,5.15749454498291,
762,,47,4.974943161010742,
763,,47,4.575791358947754,
764,,47,6.320985794067383,
765,,47,1.805326223373413,
766,,47,3.722078561782837,
767,,47,5.360576152801514,
,752,47,,6.095493316650391
,753,47,,8.716556549072266
,754,47,,3.7549655437469482
,755,47,,8.107501983642578
,756,47,,8.207249641418457
,757,47,,4.0504231452941895
,758,47,,6.109956741333008
,759,47,,5.203548431396484
,760,47,,6.869199275970459
,761,47,,6.820687294006348
,762,47,,5.962428569793701
,763,47,,4.600893974304199
,764,47,,8.240556716918945
,765,47,,8.942270278930664
,766,47,,6.551690101623535
,767,47,,6.353939533233643
768,,48,2.6506481170654297,
769,,48,11.553054809570312,
770,,48,3.9277427196502686,
771,,48,3.803941488265991,
772,,48,8.895522117614746,
773,,48,7.351546287536621,
774,,48,4.254025459289551,
775,,48,4.195499420166016,
776,,48,1.1759318113327026,
777,,48,2.8435192108154297,
778,,48,3.3958358764648438,
779,,48,3.5355303287506104,
780,,48,5.465020179748535,
781,,48,8.768911361694336,
782,,48,3.275667428970337,
783,,48,0.7692533731460571,
,768,48,,6.699725151062012
,769,48,,6.444379806518555
,770,48,,7.980153560638428
,771,48,,9.328697204589844
,772,48,,9.770708084106445
,773,48,,6.60910701751709
,774,48,,8.6575345993042
,775,48,,7.59714412689209
,776,48,,8.550045013427734
,777,48,,7.6693267822265625
,778,48,,9.955921173095703
,779,48,,8.236352920532227
,780,48,,7.697052478790283
,781,48,,8.644170761108398
,782,48,,5.642063140869141
,783,48,,4.889026641845703
784,,49,3.498182773590088,
785,,49,21.29013442993164,
786,,49,2.7186203002929688,
787,,49,9.165449142456055,
788,,49,6.4369282722473145,
789,,49,5.563251972198486,
790,,49,2.8789830207824707,
791,,49,2.9129300117492676,
792,,49,4.73474645614624,
793,,49,4.220869064331055,
794,,49,2.5709872245788574,
795,,49,3.715883493423462,
796,,49,4.162622451782227,
797,,49,7.799801826477051,
798,,49,2.972632884979248,
799,,49,25.476247787475586,
,784,49,,12.973457336425781
,785,49,,9.961125373840332
,786,49,,14.309296607971191
,787,49,,14.721729278564453
,788,49,,6.34844970703125
,789,49,,12.013945579528809
,790,49,,11.15224838256836
,791,49,,11.025394439697266
,792,49,,12.55948543548584
,793,49,,8.928778648376465
,794,49,,14.675827980041504
,795,49,,10.359890937805176
,796,49,,6.107128620147705
,797,49,,11.254986763000488
,798,49,,15.537910461425781
,799,49,,13.702674865722656
800,,50,7.337610721588135,
801,,50,9.85040283203125,
802,,50,3.7933878898620605,
803,,50,5.5667901039123535,
804,,50,3.2647318840026855,
805,,50,7.441558361053467,
806,,50,3.7483139038085938,
807,,50,6.16507625579834,
808,,50,4.857394218444824,
809,,50,3.5168049335479736,
810,,50,9.44757080078125,
811,,50,1.64520263671875,
812,,50,11.690508842468262,
813,,50,2.6007916927337646,
814,,50,6.784976959228516,
815,,50,6.432861328125,
,800,50,,5.690080642700195
,801,50,,10.581964492797852
,802,50,,8.060369491577148
,803,50,,6.724240303039551
,804,50,,6.88965368270874
,805,50,,8.41141128540039
,806,50,,6.410979747772217
,807,50,,6.316823482513428
,808,50,,9.166084289550781
,809,50,,8.561662673950195
,810,50,,6.651745796203613
,811,50,,7.282384872436523
,812,50,,6.539763927459717
,813,50,,9.54504680633545
,814,50,,8.266155242919922
,815,50,,6.226767539978027
816,,51,2.0898361206054688,
817,,51,2.9871721267700195,
818,,51,1.6190035343170166,
819,,51,3.6857380867004395,
820,,51,5.384123802185059,
821,,51,0.9804533123970032,
822,,51,4.043715953826904,
823,,51,3.030453681945801,
824,,51,3.796009063720703,
825,,51,3.181079864501953,
826,,51,4.722738742828369,
827,,51,3.54508113861084,
828,,51,4.271052360534668,
829,,51,6.752467632293701,
830,,51,3.5632030963897705,
831,,51,3.9614410400390625,
,816,51,,9.497188568115234
,817,51,,9.205570220947266
,818,51,,11.178617477416992
,819,51,,9.417984962463379
,820,51,,11.996393203735352
,821,51,,10.29432487487793
,822,51,,9.345345497131348
,823,51,,5.309849262237549
,824,51,,14.974493026733398
,825,51,,9.290771484375
,826,51,,8.233281135559082
,827,51,,9.377853393554688
,828,51,,5.552977561950684
,829,51,,14.703429222106934
,830,51,,6.950405597686768
,831,51,,10.242168426513672
832,,52,2.76467227935791,
833,,52,4.645769119262695,
834,,52,6.851863861083984,
835,,52,6.934462070465088,
836,,52,2.7356820106506348,
837,,52,4.033547401428223,
838,,52,7.239855766296387,
839,,52,1.3974223136901855,
840,,52,4.356080055236816,
841,,52,3.0689902305603027,
842,,52,1.5627821683883667,
843,,52,3.655501365661621,
844,,52,6.967513084411621,
845,,52,3.6684694290161133,
846,,52,7.18302059173584,
847,,52,13.144552230834961,
,832,52,,7.325657844543457
,833,52,,7.679568290710449
,834,52,,6.356296539306641
,835,52,,5.505266189575195
,836,52,,9.144854545593262
,837,52,,5.899019241333008
,838,52,,5.671494960784912
,839,52,,7.208616256713867
,840,52,,7.410665512084961
,841,52,,7.089108467102051
,842,52,,5.695736408233643
,843,52,,8.389448165893555
,844,52,,6.2238569259643555
,845,52,,5.822937965393066
,846,52,,7.101076602935791
,847,52,,6.077148914337158
848,,53,6.447603702545166,
849,,53,5.257335662841797,
850,,53,4.8516340255737305,
851,,53,1.1250540018081665,
852,,53,4.154705047607422,
853,,53,3.593130350112915,
854,,53,3.218475341796875,
855,,53,3.018989086151123,
856,,53,3.446622610092163,
857,,53,9.553339958190918,
858,,53,5.350431442260742,
859,,53,4.116847515106201,
860,,53,4.081275939941406,
861,,53,5.219507217407227,
862,,53,6.230780124664307,
863,,53,4.337588310241699,
,848,53,,51.987709045410156
,849,53,,48.197601318359375
,850,53,,46.08417892456055
,851,53,,44.34147644042969
,852,53,,53.42377471923828
,853,53,,51.0067253112793
,854,53,,53.062217712402344
,855,53,,50.47129821777344
,856,53,,49.215484619140625
,857,53,,52.7979621887207
,858,53,,42.56687927246094
,859,53,,55.701629638671875
,860,53,,49.243736267089844
,861,53,,41.51134490966797
,862,53,,39.58448791503906
,863,53,,50.78153991699219
864,,54,2.2570276260375977,
865,,54,4.977499961853027,
866,,54,4.339731693267822,
867,,54,3.863546848297119,
868,,54,8.34848403930664,
869,,54,3.7088096141815186,
870,,54,2.0699572563171387,
871,,54,8.45262336730957,
872,,54,5.339633941650391,
873,,54,4.48689079284668,
874,,54,6.901449680328369,
875,,54,6.183525562286377,
876,,54,7.60344123840332,
877,,54,2.792901039123535,
878,,54,4.613335609436035,
879,,54,4.796907424926758,
,864,54,,7.620405673980713
,865,54,,5.829519748687744
,866,54,,5.4463396072387695
,867,54,,10.483692169189453
,868,54,,7.6989006996154785
,869,54,,9.641465187072754
,870,54,,9.909072875976562
,871,54,,6.7187323570251465
,872,54,,9.079508781433105
,873,54,,6.358673095703125
,874,54,,10.88302230834961
,875,54,,9.429569244384766
,876,54,,13.558030128479004
,877,54,,10.295247077941895
,878,54,,5.721474647521973
,879,54,,8.760557174682617
880,,55,8.727133750915527,
881,,55,1.609925627708435,
882,,55,3.3885154724121094,
883,,55,1.6208288669586182,
884,,55,10.066121101379395,
885,,55,5.110244274139404,
886,,55,1.6854195594787598,
887,,55,20.12015151977539,
888,,55,2.7688581943511963,
889,,55,4.469219207763672,
890,,55,2.3943817615509033,
891,,55,8.160765647888184,
892,,55,6.059965133666992,
893,,55,4.681999206542969,
894,,55,3.331763505935669,
895,,55,3.479898691177368,
,880,55,,25.843914031982422
,881,55,,24.034109115600586
,882,55,,22.87252426147461
,883,55,,26.477710723876953
,884,55,,23.932601928710938
,885,55,,31.55683135986328
,886,55,,27.178279876708984
,887,55,,17.387786865234375
,888,55,,36.036651611328125
,889,55,,24.421688079833984
,890,55,,29.91083335876465
,891,55,,24.672645568847656
,892,55,,27.15011215209961
,893,55,,26.43239974975586
,894,55,,25.09685516357422
,895,55,,26.47088623046875
896,,56,2.5828185081481934,
897,,56,4.068921089172363,
898,,56,2.2910573482513428,
899,,56,6.072982311248779,
900,,56,3.183230400085449,
901,,56,3.583244800567627,
902,,56,2.266535758972168,
903,,56,6.386927127838135,
904,,56,4.297022819519043,
905,,56,6.2043633460998535,
906,,56,2.2350101470947266,
907,,56,4.235284328460693,
908,,56,4.146484375,
909,,56,6.020442962646484,
910,,56,1.5009338855743408,
911,,56,2.8649144172668457,
,896,56,,7.842187404632568
,897,56,,5.098532676696777
,898,56,,7.842194557189941
,899,56,,7.895586013793945
,900,56,,7.250029563903809
,901,56,,5.139873504638672
,902,56,,7.5049848556518555
,903,56,,5.996000289916992
,904,56,,7.95237398147583
,905,56,,5.190800189971924
,906,56,,4.80922269821167
,907,56,,8.631814956665039
,908,56,,6.954578399658203
,909,56,,4.352123737335205
,910,56,,6.299744606018066
,911,56,,6.050484657287598
912,,57,6.364363670349121,
913,,57,6.050540447235107,
914,,57,2.3012731075286865,
915,,57,3.0544307231903076,
916,,57,5.476883411407471,
917,,57,2.912224531173706,
918,,57,2.1941187381744385,
919,,57,4.912053108215332,
920,,57,3.054643392562866,
921,,57,0.7075081467628479,
922,,57,0.9307470917701721,
923,,57,4.458606719970703,
924,,57,2.3241946697235107,
925,,57,4.4580488204956055,
926,,57,2.8656771183013916,
927,,57,1.5751971006393433,
,912,57,,7.980997085571289
,913,57,,11.91831111907959
,914,57,,8.089496612548828
,915,57,,7.606232643127441
,916,57,,8.572193145751953
,917,57,,9.30568790435791
,918,57,,5.995766639709473
,919,57,,10.873611450195312
,920,57,,8.124897003173828
,921,57,,9.426753997802734
,922,57,,10.432568550109863
,923,57,,9.552623748779297
,924,57,,5.990506172180176
,925,57,,5.162123680114746
,926,57,,7.392096519470215
,927,57,,6.629910945892334
928,,58,2.310394763946533,
929,,58,3.604100465774536,
930,,58,3.2989983558654785,
931,,58,1.967024326324463,
932,,58,4.3768839836120605,
933,,58,5.280981063842773,
934,,58,5.995640754699707,
935,,58,6.358494281768799,
936,,58,2.9258687496185303,
937,,58,7.832310199737549,
938,,58,3.7930855751037598,
939,,58,6.4573845863342285,
940,,58,5.705524444580078,
941,,58,3.3319687843322754,
942,,58,1.592598795890808,
943,,58,5.939178466796875,
,928,58,,8.107126235961914
,929,58,,8.86355972290039
,930,58,,8.150739669799805
,931,58,,9.205955505371094
,932,58,,8.537673950195312
,933,58,,6.369173049926758
,934,58,,6.9441657066345215
,935,58,,7.152262210845947
,936,58,,8.483677864074707
,937,58,,9.42437744140625
,938,58,,10.88364315032959
,939,58,,9.806166648864746
,940,58,,10.9241304397583
,941,58,,9.647525787353516
,942,58,,10.186431884765625
,943,58,,8.59871768951416
944,,59,3.3152520656585693,
945,,59,6.353879928588867,
946,,59,5.11543083190918,
947,,59,5.754855632781982,
948,,59,4.882484436035156,
949,,59,1.5062390565872192,
950,,59,2.1012535095214844,
951,,59,2.929133176803589,
952,,59,4.231166839599609,
953,,59,3.351408004760742,
954,,59,3.507816791534424,
955,,59,2.9731154441833496,
956,,59,3.9186453819274902,
957,,59,3.4459171295166016,
958,,59,5.0026750564575195,
959,,59,3.063147783279419,
,944,59,,12.620168685913086
,945,59,,9.66649055480957
,946,59,,7.683223247528076
,947,59,,6.011700630187988
,948,59,,4.4476823806762695
,949,59,,8.711963653564453
,950,59,,10.190000534057617
,951,59,,9.583730697631836
,952,59,,11.62220287322998
,953,59,,13.309982299804688
,954,59,,10.543535232543945
,955,59,,10.822684288024902
,956,59,,9.89996337890625
,957,59,,8.85010814666748
,958,59,,6.02282190322876
,959,59,,6.326965808868408
960,,60,9.611051559448242,
961,,60,3.4867069721221924,
962,,60,3.434840202331543,
963,,60,4.14968204498291,
964,,60,2.620340585708618,
965,,60,2.702913761138916,
966,,60,1.450502634048462,
967,,60,8.785873413085938,
968,,60,2.8849456310272217,
969,,60,1.4942693710327148,
970,,60,2.82133150100708,
971,,60,4.7718400955200195,
972,,60,3.0978446006774902,
973,,60,4.387169361114502,
974,,60,1.365574836730957,
975,,60,3.188784122467041,
,960,60,,7.332137107849121
,961,60,,12.308300018310547
,962,60,,8.466547012329102
,963,60,,5.234933853149414
,964,60,,7.224157333374023
,965,60,,6.071722030639648
,966,60,,8.662081718444824
,967,60,,3.6457672119140625
,968,60,,7.506412029266357
,969,60,,11.043405532836914
,970,60,,5.730358600616455
,971,60,,9.235480308532715
,972,60,,9.752798080444336
,973,60,,7.534669876098633
,974,60,,5.773340225219727
,975,60,,8.580077171325684
976,,61,3.0664875507354736,
977,,61,2.866180896759033,
978,,61,4.680919647216797,
979,,61,3.4147884845733643,
980,,61,2.668994188308716,
981,,61,1.2509127855300903,
982,,61,4.777537822723389,
983,,61,3.9047675132751465,
984,,61,3.871044158935547,
985,,61,2.8744497299194336,
986,,61,2.7844138145446777,
987,,61,0.9331666827201843,
988,,61,1.0163249969482422,
989,,61,3.833230972290039,
990,,61,3.2604494094848633,
991,,61,2.625291347503662,
,976,61,,4.823709487915039
,977,61,,8.124433517456055
,978,61,,5.902637481689453
,979,61,,6.614307403564453
,980,61,,6.198699474334717
,981,61,,4.0165228843688965
,982,61,,6.179441452026367
,983,61,,8.382509231567383
,984,61,,5.579686641693115
,985,61,,5.195298671722412
,986,61,,6.968877792358398
,987,61,,7.545046329498291
,988,61,,4.923359394073486
,989,61,,8.375448226928711
,990,61,,5.653327941894531
,991,61,,6.442889213562012
992,,62,6.290842056274414,
993,,62,2.1384007930755615,
994,,62,6.188443660736084,
995,,62,4.003189563751221,
996,,62,2.934842586517334,
997,,62,2.6438522338867188,
998,,62,1.3623006343841553,
999,,62,1.470427393913269,
1000,,62,5.096624374389648,
1001,,62,5.230383396148682,
1002,,62,11.14344310760498,
1003,,62,3.677064895629883,
1004,,62,6.610852241516113,
1005,,62,4.858675479888916,
1006,,62,2.4284839630126953,
1007,,62,4.557141304016113,
,992,62,,5.158306121826172
,993,62,,9.212693214416504
,994,62,,9.354567527770996
,995,62,,8.413121223449707
,996,62,,9.631669998168945
,997,62,,11.03438663482666
,998,62,,6.866364479064941
,999,62,,11.947755813598633
,1000,62,,6.347271919250488
,1001,62,,10.16535472869873
,1002,62,,10.128366470336914
,1003,62,,10.320634841918945
,1004,62,,9.13850212097168
,1005,62,,10.01589584350586
,1006,62,,8.555843353271484
,1007,62,,10.497542381286621
1008,,63,1.911102056503296,
1009,,63,7.136516094207764,
1010,,63,6.1152729988098145,
1011,,63,7.919053554534912,
1012,,63,1.13456392288208,
1013,,63,2.984680414199829,
1014,,63,2.9392988681793213,
1015,,63,8.395444869995117,
1016,,63,12.09951114654541,
1017,,63,4.442742347717285,
1018,,63,3.524934768676758,
1019,,63,5.642534255981445,
1020,,63,4.413901329040527,
1021,,63,6.106541156768799,
1022,,63,2.013075351715088,
1023,,63,2.8387680053710938,
,1008,63,,4.748106479644775
,1009,63,,5.11444091796875
,1010,63,,7.12753963470459
,1011,63,,8.227752685546875
,1012,63,,6.451122760772705
,1013,63,,10.935863494873047
,1014,63,,5.72186279296875
,1015,63,,10.068660736083984
,1016,63,,7.475317001342773
,1017,63,,10.636800765991211
,1018,63,,4.078853130340576
,1019,63,,5.361161231994629
,1020,63,,8.258260726928711
,1021,63,,7.922003746032715
,1022,63,,7.0371856689453125
,1023,63,,10.70386028289795
1024,,64,0.5078020691871643,
1025,,64,3.506401538848877,
1026,,64,4.0942912101745605,
1027,,64,3.8186004161834717,
1028,,64,9.933673858642578,
1029,,64,2.9210476875305176,
1030,,64,2.3175837993621826,
1031,,64,3.4278061389923096,
1032,,64,9.43568229675293,
1033,,64,5.800146102905273,
1034,,64,4.679534912109375,
1035,,64,2.5436668395996094,
1036,,64,3.3897552490234375,
1037,,64,4.491191864013672,
1038,,64,3.772775173187256,
1039,,64,3.1089727878570557,
,1024,64,,14.444080352783203
,1025,64,,6.372658729553223
,1026,64,,7.719526767730713
,1027,64,,8.284581184387207
,1028,64,,7.141967296600342
,1029,64,,14.873441696166992
,1030,64,,8.628414154052734
,1031,64,,10.573824882507324
,1032,64,,7.935934066772461
,1033,64,,8.65799331665039
,1034,64,,13.077011108398438
,1035,64,,8.375551223754883
,1036,64,,11.530134201049805
,1037,64,,16.56449317932129
,1038,64,,11.728910446166992
,1039,64,,7.541945457458496
1040,,65,2.9901626110076904,
1041,,65,2.2552194595336914,
1042,,65,6.563923358917236,
1043,,65,2.8432979583740234,
1044,,65,1.7559542655944824,
1045,,65,4.308168888092041,
1046,,65,6.5506086349487305,
1047,,65,3.3172664642333984,
1048,,65,1.3445104360580444,
1049,,65,2.0737569332122803,
1050,,65,8.038732528686523,
1051,,65,3.1741180419921875,
1052,,65,2.309023380279541,
1053,,65,4.319036960601807,
1054,,65,8.303382873535156,
1055,,65,2.3026509284973145,
,1040,65,,6.8473286628723145
,1041,65,,7.596708297729492
,1042,65,,9.565649032592773
,1043,65,,9.039783477783203
,1044,65,,8.921224594116211
,1045,65,,8.06046199798584
,1046,65,,5.428116798400879
,1047,65,,4.78120231628418
,1048,65,,6.311583042144775
,1049,65,,6.74530553817749
,1050,65,,7.284196853637695
,1051,65,,5.430173873901367
,1052,65,,8.024426460266113
,1053,65,,7.381576061248779
,1054,65,,6.722394943237305
,1055,65,,5.850966930389404
1056,,66,9.525989532470703,
1057,,66,1.4680211544036865,
1058,,66,9.834691047668457,
1059,,66,5.8121843338012695,
1060,,66,7.342472076416016,
1061,,66,4.567000865936279,
1062,,66,3.3888115882873535,
1063,,66,4.244666576385498,
1064,,66,1.7784922122955322,
1065,,66,7.058134078979492,
1066,,66,1.3448874950408936,
1067,,66,1.9831340312957764,
1068,,66,5.331737041473389,
1069,,66,1.7057464122772217,
1070,,66,3.855893611907959,
1071,,66,1.8855628967285156,
,1056,66,,10.025983810424805
,1057,66,,7.372384071350098
,1058,66,,10.225136756896973
,1059,66,,7.640256404876709
,1060,66,,7.883698463439941
,1061,66,,8.217790603637695
,1062,66,,7.832150459289551
,1063,66,,8.298240661621094
,1064,66,,7.113448619842529
,1065,66,,8.093989372253418
,1066,66,,8.734994888305664
,1067,66,,6.795248508453369
,1068,66,,10.075004577636719
,1069,66,,9.756805419921875
,1070,66,,7.629709243774414
,1071,66,,13.722670555114746
1072,,67,2.1050376892089844,
1073,,67,3.974214792251587,
1074,,67,4.498254299163818,
1075,,67,4.327481746673584,
1076,,67,1.2329902648925781,
1077,,67,4.970574378967285,
1078,,67,4.674361228942871,
1079,,67,2.890263080596924,
1080,,67,1.4547348022460938,
1081,,67,4.235848426818848,
1082,,67,3.789890766143799,
1083,,67,2.0127243995666504,
1084,,67,2.681621551513672,
1085,,67,3.3457279205322266,
1086,,67,3.1382932662963867,
1087,,67,5.674026012420654,
,1072,67,,6.678972244262695
,1073,67,,6.360332012176514
,1074,67,,6.394692420959473
,1075,67,,7.51298713684082
,1076,67,,5.208530902862549
,1077,67,,3.3556418418884277
,1078,67,,7.315375328063965
,1079,67,,6.885580539703369
,1080,67,,10.276870727539062
,1081,67,,3.8274893760681152
,1082,67,,6.215473175048828
,1083,67,,7.112469673156738
,1084,67,,7.2791948318481445
,1085,67,,6.5557661056518555
,1086,67,,6.450586795806885
,1087,67,,7.661896705627441
1088,,68,4.84446382522583,
1089,,68,4.58690071105957,
1090,,68,3.6679153442382812,
1091,,68,4.681550025939941,
1092,,68,3.7283711433410645,
1093,,68,4.257176876068115,
1094,,68,2.415665864944458,
1095,,68,7.242400169372559,
1096,,68,3.2355263233184814,
1097,,68,4.10846471786499,
1098,,68,4.275347709655762,
1099,,68,2.407731294631958,
1100,,68,2.8922922611236572,
1101,,68,2.349013328552246,
1102,,68,3.4205782413482666,
1103,,68,5.285706520080566,
,1088,68,,5.8694868087768555
,1089,68,,7.996236801147461
,1090,68,,6.9205427169799805
,1091,68,,7.312671661376953
,1092,68,,7.263228893280029
,1093,68,,7.974281311035156
,1094,68,,6.063998699188232
,1095,68,,6.485142707824707
,1096,68,,5.747527122497559
,1097,68,,10.35417366027832
,1098,68,,5.949725151062012
,1099,68,,5.906044960021973
,1100,68,,7.317532539367676
,1101,68,,5.548342704772949
,1102,68,,5.561637878417969
,1103,68,,6.186544418334961
1104,,69,1.0993818044662476,
1105,,69,5.911224842071533,
1106,,69,3.937011241912842,
1107,,69,1.7777059078216553,
1108,,69,2.7450060844421387,
1109,,69,10.540456771850586,
1110,,69,2.529672622680664,
1111,,69,3.5625369548797607,
1112,,69,3.674680233001709,
1113,,69,7.616151809692383,
1114,,69,1.5280389785766602,
1115,,69,3.0984551906585693,
1116,,69,2.564784049987793,
1117,,69,6.941673278808594,
1118,,69,4.699315071105957,
1119,,69,3.295696258544922,
,1104,69,,10.826018333435059
,1105,69,,13.204164505004883
,1106,69,,13.862953186035156
,1107,69,,16.69674301147461
,1108,69,,14.431485176086426
,1109,69,,12.819473266601562
,1110,69,,13.695771217346191
,1111,69,,12.865072250366211
,1112,69,,12.366591453552246
,1113,69,,14.478509902954102
,1114,69,,15.245192527770996
,1115,69,,13.569355010986328
,1116,69,,12.616189956665039
,1117,69,,16.618694305419922
,1118,69,,15.832576751708984
,1119,69,,15.68360424041748
1120,,70,4.826656818389893,
1121,,70,6.146238327026367,
1122,,70,2.83113169670105,
1123,,70,3.2602272033691406,
1124,,70,3.499546527862549,
1125,,70,1.839400053024292,
1126,,70,1.6058197021484375,
1127,,70,4.508207321166992,
1128,,70,7.395876884460449,
1129,,70,4.541530132293701,
1130,,70,12.467591285705566,
1131,,70,1.467902421951294,
1132,,70,2.993393659591675,
1133,,70,6.782354831695557,
1134,,70,4.130194664001465,
1135,,70,1.083866834640503,
,1120,70,,13.255973815917969
,1121,70,,17.02130126953125
,1122,70,,14.761430740356445
,1123,70,,13.403281211853027
,1124,70,,14.635570526123047
,1125,70,,14.229777336120605
,1126,70,,17.070884704589844
,1127,70,,13.359302520751953
,1128,70,,12.305254936218262
,1129,70,,16.268999099731445
,1130,70,,22.6680908203125
,1131,70,,13.668962478637695
,1132,70,,11.922390937805176
,1133,70,,10.618414878845215
,1134,70,,15.50316047668457
,1135,70,,14.856694221496582
1136,,71,3.3960065841674805,
1137,,71,6.7189435958862305,
1138,,71,5.976645469665527,
1139,,71,6.161418437957764,
1140,,71,6.740141868591309,
1141,,71,3.474215507507324,
1142,,71,5.700698375701904,
1143,,71,3.1191530227661133,
1144,,71,4.206963062286377,
1145,,71,3.3864314556121826,
1146,,71,1.0636255741119385,
1147,,71,3.011721134185791,
1148,,71,3.284843921661377,
1149,,71,5.000670433044434,
1150,,71,5.83381986618042,
1151,,71,5.968349933624268,
,1136,71,,19.34268569946289
,1137,71,,15.973867416381836
,1138,71,,16.612953186035156
,1139,71,,13.72894287109375
,1140,71,,18.113216400146484
,1141,71,,17.918067932128906
,1142,71,,16.084636688232422
,1143,71,,17.765960693359375
,1144,71,,18.025205612182617
,1145,71,,15.78753662109375
,1146,71,,16.489185333251953
,1147,71,,19.323654174804688
,1148,71,,19.25063705444336
,1149,71,,16.328786849975586
,1150,71,,16.618282318115234
,1151,71,,20.125558853149414
1152,,72,1.9183415174484253,
1153,,72,4.455699443817139,
1154,,72,0.9381666779518127,
1155,,72,2.8913111686706543,
1156,,72,2.456930160522461,
1157,,72,1.8581359386444092,
1158,,72,2.7203712463378906,
1159,,72,7.7804975509643555,
1160,,72,4.575104236602783,
1161,,72,1.0048294067382812,
1162,,72,3.305020332336426,
1163,,72,2.852402448654175,
1164,,72,1.5523097515106201,
1165,,72,4.116453170776367,
1166,,72,1.6960816383361816,
1167,,72,1.3860387802124023,
,1152,72,,10.199533462524414
,1153,72,,13.197178840637207
,1154,72,,10.906898498535156
,1155,72,,8.81960678100586
,1156,72,,7.064446449279785
,1157,72,,10.539985656738281
,1158,72,,8.66128158569336
,1159,72,,8.315521240234375
,1160,72,,11.59492301940918
,1161,72,,6.234505653381348
,1162,72,,9.244516372680664
,1163,72,,10.220417022705078
,1164,72,,8.501567840576172
,1165,72,,9.981128692626953
,1166,72,,10.002042770385742
,1167,72,,9.279711723327637
1168,,73,4.696442604064941,
1169,,73,1.8312828540802002,
1170,,73,1.9526312351226807,
1171,,73,2.6084444522857666,
1172,,73,2.1763076782226562,
1173,,73,2.474402666091919,
1174,,73,1.8820617198944092,
1175,,73,4.902905464172363,
1176,,73,4.6153130531311035,
1177,,73,3.395128011703491,
1178,,73,3.344285249710083,
1179,,73,1.8075331449508667,
1180,,73,2.6868503093719482,
1181,,73,5.647835731506348,
1182,,73,2.4964120388031006,
1183,,73,3.9460654258728027,
,1168,73,,5.550926208496094
,1169,73,,9.7255859375
,1170,73,,7.663523197174072
,1171,73,,5.291418552398682
,1172,73,,6.364060401916504
,1173,73,,3.0981104373931885
,1174,73,,5.582520484924316
,1175,73,,4.378931999206543
,1176,73,,5.035533905029297
,1177,73,,9.031721115112305
,1178,73,,5.214217662811279
,1179,73,,6.713307857513428
,1180,73,,5.617940902709961
,1181,73,,6.19968318939209
,1182,73,,6.736552715301514
,1183,73,,6.3130950927734375
1184,,74,2.9740068912506104,
1185,,74,2.3914904594421387,
1186,,74,5.204025745391846,
1187,,74,4.538796424865723,
1188,,74,2.721182107925415,
1189,,74,4.778995037078857,
1190,,74,6.799422264099121,
1191,,74,7.5574517250061035,
1192,,74,3.887204647064209,
1193,,74,5.357263565063477,
1194,,74,2.6234703063964844,
1195,,74,8.542925834655762,
1196,,74,1.511867642402649,
1197,,74,5.151793956756592,
1198,,74,3.1598055362701416,
1199,,74,5.118495464324951,
,1184,74,,3.141411781311035
,1185,74,,6.928227424621582
,1186,74,,5.926980972290039
,1187,74,,3.45645809173584
,1188,74,,5.212231159210205
,1189,74,,4.253738880157471
,1190,74,,6.211753845214844
,1191,74,,5.06012487411499
,1192,74,,5.593878269195557
,1193,74,,5.753768444061279
,1194,74,,6.766998767852783
,1195,74,,7.617297172546387
,1196,74,,6.200216293334961
,1197,74,,5.810463905334473
,1198,74,,4.273994445800781
,1199,74,,6.116730213165283
1200,,75,2.338083028793335,
1201,,75,1.20361328125,
1202,,75,2.1037139892578125,
1203,,75,1.4348196983337402,
1204,,75,1.8891535997390747,
1205,,75,1.4166853427886963,
1206,,75,2.625425338745117,
1207,,75,1.4971345663070679,
1208,,75,5.591569423675537,
1209,,75,4.4761128425598145,
1210,,75,3.049217700958252,
1211,,75,1.825134515762329,
1212,,75,3.6122608184814453,
1213,,75,1.888319492340088,
1214,,75,0.8537596464157104,
1215,,75,3.5553035736083984,
,1200,75,,4.85323429107666
,1201,75,,5.953880310058594
,1202,75,,7.81221342086792
,1203,75,,4.534049987792969
,1204,75,,7.955807685852051
,1205,75,,6.791531562805176
,1206,75,,8.46558666229248
,1207,75,,10.052909851074219
,1208,75,,6.145082950592041
,1209,75,,5.794172286987305
,1210,75,,7.723284721374512
,1211,75,,5.890444755554199
,1212,75,,5.431367874145508
,1213,75,,4.768792629241943
,1214,75,,4.926926612854004
,1215,75,,8.902900695800781
1216,,76,2.0123238563537598,
1217,,76,5.823737144470215,
1218,,76,2.108382225036621,
1219,,76,4.167212963104248,
1220,,76,6.36276912689209,
1221,,76,2.7477540969848633,
1222,,76,5.681352615356445,
1223,,76,0.7948840856552124,
1224,,76,2.721306324005127,
1225,,76,5.431994438171387,
1226,,76,2.597348690032959,
1227,,76,2.0823304653167725,
1228,,76,3.992910385131836,
1229,,76,3.732025623321533,
1230,,76,1.8016647100448608,
1231,,76,2.799013614654541,
,1216,76,,6.205921173095703
,1217,76,,5.3269829750061035
,1218,76,,7.99160099029541
,1219,76,,6.683894157409668
,1220,76,,7.672276496887207
,1221,76,,6.066804885864258
,1222,76,,7.627196788787842
,1223,76,,5.45003080368042
,1224,76,,5.395273208618164
,1225,76,,6.521612644195557
,1226,76,,6.2044782638549805
,1227,76,,6.46879768371582
,1228,76,,7.935100555419922
,1229,76,,7.488283634185791
,1230,76,,4.088766098022461
,1231,76,,6.953793525695801
1232,,77,1.5515772104263306,
1233,,77,0.597571611404419,
1234,,77,0.8208417892456055,
1235,,77,1.4140713214874268,
1236,,77,3.915327310562134,
1237,,77,7.920820236206055,
1238,,77,3.3339858055114746,
1239,,77,4.825369834899902,
1240,,77,3.3896961212158203,
1241,,77,7.395895004272461,
1242,,77,2.309791088104248,
1243,,77,1.466680645942688,
1244,,77,1.8300528526306152,
1245,,77,1.4579284191131592,
1246,,77,1.4487639665603638,
1247,,77,9.494949340820312,
,1232,77,,5.158940315246582
,1233,77,,6.219240665435791
,1234,77,,8.214767456054688
,1235,77,,6.190185546875
,1236,77,,3.6734390258789062
,1237,77,,4.971438407897949
,1238,77,,4.432783126831055
,1239,77,,4.476317882537842
,1240,77,,4.669971942901611
,1241,77,,6.424030303955078
,1242,77,,6.169560432434082
,1243,77,,4.606135368347168
,1244,77,,6.273571968078613
,1245,77,,6.8137006759643555
,1246,77,,7.276003837585449
,1247,77,,5.814550876617432
1248,,78,3.7298479080200195,
1249,,78,2.103571653366089,
1250,,78,1.7713215351104736,
1251,,78,2.366354465484619,
1252,,78,2.2664546966552734,
1253,,78,7.453818321228027,
1254,,78,2.435842752456665,
1255,,78,3.164930820465088,
1256,,78,2.254178524017334,
1257,,78,0.21551991999149323,
1258,,78,1.3249460458755493,
1259,,78,9.813000679016113,
1260,,78,1.680026888847351,
1261,,78,0.9534951448440552,
1262,,78,2.5701513290405273,
1263,,78,1.5008013248443604,
,1248,78,,10.005227088928223
,1249,78,,13.019996643066406
,1250,78,,12.117288589477539
,1251,78,,12.53762149810791
,1252,78,,11.115682601928711
,1253,78,,11.615489959716797
,1254,78,,14.34365177154541
,1255,78,,7.6724443435668945
,1256,78,,11.286962509155273
,1257,78,,13.653934478759766
,1258,78,,13.303306579589844
,1259,78,,11.975444793701172
,1260,78,,10.40677547454834
,1261,78,,13.21024227142334
,1262,78,,12.9894437789917
,1263,78,,12.0741605758667
1264,,79,1.7645522356033325,
1265,,79,1.5171300172805786,
1266,,79,7.43541145324707,
1267,,79,8.963479042053223,
1268,,79,6.576363563537598,
1269,,79,2.3014979362487793,
1270,,79,2.338979721069336,
1271,,79,1.6490864753723145,
1272,,79,2.7724967002868652,
1273,,79,2.663217067718506,
1274,,79,2.7730872631073,
1275,,79,4.042245388031006,
1276,,79,3.8488941192626953,
1277,,79,4.439630031585693,
1278,,79,6.452390670776367,
1279,,79,2.8798575401306152,
,1264,79,,5.036037445068359
,1265,79,,6.428869247436523
,1266,79,,7.988125801086426
,1267,79,,3.6137313842773438
,1268,79,,6.666767597198486
,1269,79,,7.3334197998046875
,1270,79,,4.876934051513672
,1271,79,,4.2423014640808105
,1272,79,,5.924688339233398
,1273,79,,5.974440574645996
,1274,79,,7.252104759216309
,1275,79,,3.453205108642578
,1276,79,,6.166303634643555
,1277,79,,5.4149885177612305
,1278,79,,8.220500946044922
,1279,79,,3.825300931930542
1280,,80,1.101140022277832,
1281,,80,4.6967363357543945,
1282,,80,3.364851474761963,
1283,,80,5.283118724822998,
1284,,80,2.7869279384613037,
1285,,80,7.658276557922363,
1286,,80,3.463024139404297,
1287,,80,1.9281212091445923,
1288,,80,2.0136866569519043,
1289,,80,5.764116287231445,
1290,,80,3.5659589767456055,
1291,,80,1.8892728090286255,
1292,,80,5.183366775512695,
1293,,80,3.2158055305480957,
1294,,80,5.0057053565979,
1295,,80,5.449798107147217,
,1280,80,,4.290653228759766
,1281,80,,4.436066627502441
,1282,80,,5.593710899353027
,1283,80,,3.304307699203491
,1284,80,,3.979402780532837
,1285,80,,6.172196865081787
,1286,80,,5.174586296081543
,1287,80,,5.555717468261719
,1288,80,,5.036572456359863
,1289,80,,6.154792785644531
,1290,80,,4.489153861999512
,1291,80,,5.073111534118652
,1292,80,,5.333103179931641
,1293,80,,5.2635111808776855
,1294,80,,4.438723564147949
,1295,80,,3.94516658782959
1296,,81,2.2299835681915283,
1297,,81,1.9410496950149536,
1298,,81,2.4278311729431152,
1299,,81,1.7673897743225098,
1300,,81,1.1001821756362915,
1301,,81,5.328453540802002,
1302,,81,2.273906946182251,
1303,,81,3.437971591949463,
1304,,81,1.581421136856079,
1305,,81,3.6589725017547607,
1306,,81,6.610099792480469,
1307,,81,3.4890553951263428,
1308,,81,2.3275585174560547,
1309,,81,2.489643096923828,
1310,,81,5.671026229858398,
1311,,81,1.6508891582489014,
,1296,81,,9.993025779724121
,1297,81,,10.928503036499023
,1298,81,,9.592204093933105
,1299,81,,12.127181053161621
,1300,81,,15.877753257751465
,1301,81,,10.195804595947266
,1302,81,,8.566925048828125
,1303,81,,9.70864486694336
,1304,81,,11.519444465637207
,1305,81,,10.700267791748047
,1306,81,,11.197766304016113
,1307,81,,18.225078582763672
,1308,81,,12.592904090881348
,1309,81,,8.450641632080078
,1310,81,,7.592672348022461
,1311,81,,8.272063255310059
1312,,82,2.11094331741333,
1313,,82,3.984867811203003,
1314,,82,3.8046646118164062,
1315,,82,3.8189918994903564,
1316,,82,2.4105143547058105,
1317,,82,1.681967854499817,
1318,,82,1.3660907745361328,
1319,,82,2.938103675842285,
1320,,82,1.265233039855957,
1321,,82,3.8974850177764893,
1322,,82,5.8177080154418945,
1323,,82,6.474545001983643,
1324,,82,1.398285984992981,
1325,,82,3.1203951835632324,
1326,,82,1.3011085987091064,
1327,,82,1.904402494430542,
,1312,82,,15.274678230285645
,1313,82,,11.382659912109375
,1314,82,,10.85335922241211
,1315,82,,12.392135620117188
,1316,82,,13.836164474487305
,1317,82,,16.33037757873535
,1318,82,,8.995100021362305
,1319,82,,12.624876976013184
,1320,82,,11.356992721557617
,1321,82,,6.956157684326172
,1322,82,,13.538474082946777
,1323,82,,9.238739013671875
,1324,82,,15.29275894165039
,1325,82,,14.3331298828125
,1326,82,,11.797043800354004
,1327,82,,10.989904403686523
1328,,83,2.5010831356048584,
1329,,83,2.94083571434021,
1330,,83,3.7140817642211914,
1331,,83,5.142487049102783,
1332,,83,7.203760147094727,
1333,,83,4.938019752502441,
1334,,83,15.26760482788086,
1335,,83,5.036070823669434,
1336,,83,3.5028810501098633,
1337,,83,0.8967447876930237,
1338,,83,2.8928415775299072,
1339,,83,3.0933642387390137,
1340,,83,4.487690448760986,
1341,,83,4.2985382080078125,
1342,,83,2.3172836303710938,
1343,,83,2.072676420211792,
,1328,83,,9.975921630859375
,1329,83,,9.219419479370117
,1330,83,,4.575376510620117
,1331,83,,10.219474792480469
,1332,83,,8.48896598815918
,1333,83,,11.191405296325684
,1334,83,,8.749601364135742
,1335,83,,9.324190139770508
,1336,83,,11.11131477355957
,1337,83,,8.879250526428223
,1338,83,,7.662886619567871
,1339,83,,6.345561504364014
,1340,83,,8.506823539733887
,1341,83,,10.053868293762207
,1342,83,,9.647781372070312
,1343,83,,8.68369197845459
1344,,84,3.005545139312744,
1345,,84,2.1034433841705322,
1346,,84,1.314424753189087,
1347,,84,2.7021217346191406,
1348,,84,2.9601433277130127,
1349,,84,3.1228837966918945,
1350,,84,4.589703559875488,
1351,,84,1.7614901065826416,
1352,,84,2.4834625720977783,
1353,,84,3.354818344116211,
1354,,84,3.2134180068969727,
1355,,84,9.218299865722656,
1356,,84,3.424995183944702,
1357,,84,3.5652987957000732,
1358,,84,5.316767692565918,
1359,,84,4.625432968139648,
,1344,84,,5.082538604736328
,1345,84,,7.1901397705078125
,1346,84,,6.559317111968994
,1347,84,,6.085244655609131
,1348,84,,6.287073135375977
,1349,84,,7.034224987030029
,1350,84,,8.27746295928955
,1351,84,,6.671198844909668
,1352,84,,4.835415840148926
,1353,84,,5.334466934204102
,1354,84,,6.427759170532227
,1355,84,,5.495327949523926
,1356,84,,6.864790916442871
,1357,84,,4.5842461585998535
,1358,84,,3.4346776008605957
,1359,84,,8.516498565673828
1360,,85,6.5590362548828125,
1361,,85,3.8790488243103027,
1362,,85,5.8839616775512695,
1363,,85,3.4842848777770996,
1364,,85,2.511723518371582,
1365,,85,3.5489072799682617,
1366,,85,2.556509256362915,
1367,,85,1.3424608707427979,
1368,,85,2.223742961883545,
1369,,85,1.332850694656372,
1370,,85,4.540040969848633,
1371,,85,8.225446701049805,
1372,,85,2.6817076206207275,
1373,,85,7.217447757720947,
1374,,85,9.88823127746582,
1375,,85,3.944408416748047,
,1360,85,,9.252771377563477
,1361,85,,6.588375091552734
,1362,85,,6.492124557495117
,1363,85,,6.969325065612793
,1364,85,,8.399288177490234
,1365,85,,7.2915358543396
,1366,85,,7.094708442687988
,1367,85,,7.222581386566162
,1368,85,,9.57170295715332
,1369,85,,9.836909294128418
,1370,85,,7.982554912567139
,1371,85,,10.860127449035645
,1372,85,,7.3574700355529785
,1373,85,,6.877673149108887
,1374,85,,8.291678428649902
,1375,85,,9.239387512207031
1376,,86,1.2633764743804932,
1377,,86,5.6291728019714355,
1378,,86,5.4144392013549805,
1379,,86,2.836304187774658,
1380,,86,2.214386224746704,
1381,,86,2.106679916381836,
1382,,86,1.8724923133850098,
1383,,86,2.716399669647217,
1384,,86,3.933103084564209,
1385,,86,1.7560585737228394,
1386,,86,6.081079483032227,
1387,,86,1.9822767972946167,
1388,,86,4.392650604248047,
1389,,86,1.100403070449829,
1390,,86,3.783453941345215,
1391,,86,2.811704635620117,
,1376,86,,7.009580612182617
,1377,86,,6.013963222503662
,1378,86,,4.7882585525512695
,1379,86,,5.148295879364014
,1380,86,,6.769288539886475
,1381,86,,4.603655815124512
,1382,86,,4.3894243240356445
,1383,86,,5.962965488433838
,1384,86,,4.961498737335205
,1385,86,,8.38444995880127
,1386,86,,5.064396858215332
,1387,86,,5.436686038970947
,1388,86,,4.406362533569336
,1389,86,,9.705785751342773
,1390,86,,7.499402046203613
,1391,86,,9.582016944885254
1392,,87,2.3637728691101074,
1393,,87,1.5822830200195312,
1394,,87,5.506106853485107,
1395,,87,1.5100467205047607,
1396,,87,1.8993116617202759,
1397,,87,1.9359025955200195,
1398,,87,3.104468822479248,
1399,,87,1.749550461769104,
1400,,87,1.1094081401824951,
1401,,87,6.169990539550781,
1402,,87,2.257509708404541,
1403,,87,2.524054765701294,
1404,,87,1.1128785610198975,
1405,,87,0.9939205646514893,
1406,,87,2.297537088394165,
1407,,87,3.743008613586426,
,1392,87,,4.249273300170898
,1393,87,,7.824393272399902
,1394,87,,5.778323173522949
,1395,87,,6.27581787109375
,1396,87,,4.720763206481934
,1397,87,,5.995201110839844
,1398,87,,4.500332832336426
,1399,87,,5.324204921722412
,1400,87,,4.826779365539551
,1401,87,,5.709863662719727
,1402,87,,5.407458782196045
,1403,87,,4.850738525390625
,1404,87,,7.284605026245117
,1405,87,,5.311110496520996
,1406,87,,5.45159387588501
,1407,87,,6.563144207000732
1408,,88,1.1483440399169922,
1409,,88,2.7672619819641113,
1410,,88,3.065335273742676,
1411,,88,0.9323306083679199,
1412,,88,0.7419157028198242,
1413,,88,3.319653034210205,
1414,,88,2.861166477203369,
1415,,88,5.465091705322266,
1416,,88,1.9412974119186401,
1417,,88,3.568976640701294,
1418,,88,4.138040542602539,
1419,,88,0.3722573518753052,
1420,,88,1.9104253053665161,
1421,,88,4.6745195388793945,
1422,,88,2.2894465923309326,
1423,,88,4.489806175231934,
,1408,88,,9.009326934814453
,1409,88,,7.575199604034424
,1410,88,,6.091594696044922
,1411,88,,5.37697696685791
,1412,88,,7.6103434562683105
,1413,88,,5.233389854431152
,1414,88,,6.219094753265381
,1415,88,,5.2182841300964355
,1416,88,,8.682350158691406
,1417,88,,9.187413215637207
,1418,88,,5.8588786125183105
,1419,88,,5.0236005783081055
,1420,88,,7.070241928100586
,1421,88,,7.852379322052002
,1422,88,,8.380630493164062
,1423,88,,6.0625
1424,,89,1.4005836248397827,
1425,,89,1.8164379596710205,
1426,,89,5.941526412963867,
1427,,89,1.7203890085220337,
1428,,89,7.484454154968262,
1429,,89,1.437239646911621,
1430,,89,4.120580196380615,
1431,,89,3.500171184539795,
1432,,89,4.888396263122559,
1433,,89,2.1294126510620117,
1434,,89,2.215179681777954,
1435,,89,2.4658031463623047,
1436,,89,3.006645679473877,
1437,,89,4.79630184173584,
1438,,89,4.759828567504883,
1439,,89,3.0056331157684326,
,1424,89,,7.771782875061035
,1425,89,,7.348230838775635
,1426,89,,9.104026794433594
,1427,89,,8.884737014770508
,1428,89,,10.047493934631348
,1429,89,,10.559412002563477
,1430,89,,11.425273895263672
,1431,89,,6.997554779052734
,1432,89,,6.382014274597168
,1433,89,,6.437186241149902
,1434,89,,10.008134841918945
,1435,89,,6.462672233581543
,1436,89,,10.702335357666016
,1437,89,,9.247642517089844
,1438,89,,6.065749168395996
,1439,89,,7.056436061859131
1440,,90,1.6879186630249023,
1441,,90,2.2197446823120117,
1442,,90,1.7186357975006104,
1443,,90,2.75582218170166,
1444,,90,3.868889808654785,
1445,,90,0.8595609664916992,
1446,,90,1.338196873664856,
1447,,90,6.784872055053711,
1448,,90,10.081979751586914,
1449,,90,4.621149063110352,
1450,,90,3.1889946460723877,
1451,,90,2.670758008956909,
1452,,90,1.3097867965698242,
1453,,90,2.4488937854766846,
1454,,90,3.5811824798583984,
1455,,90,1.9218828678131104,
,1440,90,,8.644542694091797
,1441,90,,6.4981279373168945
,1442,90,,10.446263313293457
,1443,90,,7.325650691986084
,1444,90,,5.960325717926025
,1445,90,,3.2558248043060303
,1446,90,,7.666946887969971
,1447,90,,6.158086776733398
,1448,90,,6.767358303070068
,1449,90,,4.066354751586914
,1450,90,,7.506658554077148
,1451,90,,7.0406951904296875
,1452,90,,8.602985382080078
,1453,90,,10.192909240722656
,1454,90,,7.614728927612305
,1455,90,,4.058961868286133
1456,,91,2.33589506149292,
1457,,91,2.53781795501709,
1458,,91,0.6938233375549316,
1459,,91,5.719399452209473,
1460,,91,3.070509433746338,
1461,,91,2.8536794185638428,
1462,,91,3.0542831420898438,
1463,,91,1.9565789699554443,
1464,,91,3.288022994995117,
1465,,91,1.5707396268844604,
1466,,91,3.723897933959961,
1467,,91,4.81651496887207,
1468,,91,1.3936007022857666,
1469,,91,2.5213897228240967,
1470,,91,2.2630252838134766,
1471,,91,3.1409809589385986,
,1456,91,,5.265578269958496
,1457,91,,5.787964820861816
,1458,91,,7.360400199890137
,1459,91,,3.4059572219848633
,1460,91,,3.51448130607605
,1461,91,,6.1638689041137695
,1462,91,,4.773441314697266
,1463,91,,4.217313766479492
,1464,91,,5.367060661315918
,1465,91,,7.504228115081787
,1466,91,,5.2741899490356445
,1467,91,,4.369551658630371
,1468,91,,5.276748180389404
,1469,91,,7.1763763427734375
,1470,91,,6.824412822723389
,1471,91,,3.9104743003845215
1472,,92,1.304665446281433,
1473,,92,1.6581922769546509,
1474,,92,3.3791000843048096,
1475,,92,4.343926429748535,
1476,,92,1.5386641025543213,
1477,,92,2.688488483428955,
1478,,92,5.409762382507324,
1479,,92,2.343282461166382,
1480,,92,5.083174705505371,
1481,,92,1.4948124885559082,
1482,,92,1.1798994541168213,
1483,,92,1.997941255569458,
1484,,92,2.0825867652893066,
1485,,92,2.001676559448242,
1486,,92,1.4503698348999023,
1487,,92,2.691415786743164,
,1472,92,,4.250624656677246
,1473,92,,5.992775917053223
,1474,92,,7.812399864196777
,1475,92,,6.132115364074707
,1476,92,,3.8138551712036133
,1477,92,,7.093506336212158
,1478,92,,5.402409076690674
,1479,92,,8.732294082641602
,1480,92,,5.82501220703125
,1481,92,,5.9504547119140625
,1482,92,,6.572519302368164
,1483,92,,6.661198616027832
,1484,92,,5.116697788238525
,1485,92,,7.177352428436279
,1486,92,,6.388299942016602
,1487,92,,5.059381484985352
1488,,93,3.533709764480591,
1489,,93,2.5376412868499756,
1490,,93,4.558750152587891,
1491,,93,6.217159271240234,
1492,,93,2.7071316242218018,
1493,,93,1.783551573753357,
1494,,93,2.880110502243042,
1495,,93,8.999885559082031,
1496,,93,1.695684552192688,
1497,,93,3.3014986515045166,
1498,,93,3.3899264335632324,
1499,,93,5.532012939453125,
1500,,93,3.6866719722747803,
1501,,93,3.489894151687622,
1502,,93,7.677958965301514,
1503,,93,0.9843436479568481,
,1488,93,,5.449593544006348
,1489,93,,6.4097394943237305
,1490,93,,6.083359718322754
,1491,93,,3.8516242504119873
,1492,93,,8.407115936279297
,1493,93,,7.091810703277588
,1494,93,,4.969094276428223
,1495,93,,5.728272438049316
,1496,93,,6.758083343505859
,1497,93,,3.4755616188049316
,1498,93,,6.044037818908691
,1499,93,,6.814516067504883
,1500,93,,5.018925666809082
,1501,93,,6.29725980758667
,1502,93,,4.80601692199707
,1503,93,,4.375826835632324
1504,,94,2.4455792903900146,
1505,,94,3.209721326828003,
1506,,94,1.5449340343475342,
1507,,94,1.4731566905975342,
1508,,94,1.5009887218475342,
1509,,94,3.1188244819641113,
1510,,94,1.8602371215820312,
1511,,94,2.722170352935791,
1512,,94,3.602529525756836,
1513,,94,4.119043350219727,
1514,,94,6.250500679016113,
1515,,94,3.9294371604919434,
1516,,94,3.4919028282165527,
1517,,94,1.9056376218795776,
1518,,94,3.596278190612793,
1519,,94,1.5371493101119995,
,1504,94,,7.251743316650391
,1505,94,,6.173810958862305
,1506,94,,5.722529411315918
,1507,94,,4.555670738220215
,1508,94,,3.5374979972839355
,1509,94,,4.5425214767456055
,1510,94,,3.186335563659668
,1511,94,,7.194404602050781
,1512,94,,5.71369743347168
,1513,94,,7.286304950714111
,1514,94,,3.879075527191162
,1515,94,,3.493075370788574
,1516,94,,3.495358943939209
,1517,94,,5.375655651092529
,1518,94,,5.245899200439453
,1519,94,,4.581116676330566
1520,,95,4.21525764465332,
1521,,95,1.477198839187622,
1522,,95,2.986264705657959,
1523,,95,3.0264413356781006,
1524,,95,0.7154440879821777,
1525,,95,2.2428596019744873,
1526,,95,6.742614269256592,
1527,,95,3.594768524169922,
1528,,95,2.771087169647217,
1529,,95,4.629837989807129,
1530,,95,1.9538781642913818,
1531,,95,1.4186140298843384,
1532,,95,0.9596291184425354,
1533,,95,2.4571216106414795,
1534,,95,4.986956596374512,
1535,,95,2.5968992710113525,
,1520,95,,6.557426452636719
,1521,95,,7.078597545623779
,1522,95,,4.807697772979736
,1523,95,,4.1781206130981445
,1524,95,,6.7006096839904785
,1525,95,,8.103787422180176
,1526,95,,10.036535263061523
,1527,95,,5.855602264404297
,1528,95,,6.873791217803955
,1529,95,,7.789344787597656
,1530,95,,6.030084609985352
,1531,95,,4.49873161315918
,1532,95,,5.959157943725586
,1533,95,,7.510554313659668
,1534,95,,5.456465721130371
,1535,95,,9.418039321899414
1536,,96,4.297788619995117,
1537,,96,2.765249252319336,
1538,,96,1.4685105085372925,
1539,,96,1.6919018030166626,
1540,,96,3.3875906467437744,
1541,,96,3.6053881645202637,
1542,,96,4.165716648101807,
1543,,96,0.7438942193984985,
1544,,96,2.9879531860351562,
1545,,96,2.7025041580200195,
1546,,96,0.8499082326889038,
1547,,96,2.456190586090088,
1548,,96,0.9952859282493591,
1549,,96,2.1144814491271973,
1550,,96,3.7866296768188477,
1551,,96,2.447763204574585,
,1536,96,,3.9680962562561035
,1537,96,,3.4710886478424072
,1538,96,,8.912263870239258
,1539,96,,5.28798770904541
,1540,96,,3.611527919769287
,1541,96,,3.856905937194824
,1542,96,,4.3035054206848145
,1543,96,,4.740156173706055
,1544,96,,4.326449871063232
,1545,96,,4.0890655517578125
,1546,96,,4.2751336097717285
,1547,96,,3.3371477127075195
,1548,96,,5.013814449310303
,1549,96,,4.502015590667725
,1550,96,,3.377368450164795
,1551,96,,4.273771286010742
1552,,97,0.8125190734863281,
1553,,97,2.1118316650390625,
1554,,97,2.383307456970215,
1555,,97,1.505763053894043,
1556,,97,3.3570852279663086,
1557,,97,3.712229013442993,
1558,,97,3.3550662994384766,
1559,,97,2.3949549198150635,
1560,,97,2.362166166305542,
1561,,97,1.9923416376113892,
1562,,97,1.826788306236267,
1563,,97,1.6620993614196777,
1564,,97,1.9681518077850342,
1565,,97,1.68817138671875,
1566,,97,0.7102940082550049,
1567,,97,2.012389659881592,
,1552,97,,3.8622212409973145
,1553,97,,4.365118980407715
,1554,97,,6.365597248077393
,1555,97,,7.001888275146484
,1556,97,,4.270273208618164
,1557,97,,8.876371383666992
,1558,97,,7.000489234924316
,1559,97,,6.481100082397461
,1560,97,,3.7076711654663086
,1561,97,,5.865330696105957
,1562,97,,4.16641902923584
,1563,97,,5.030177593231201
,1564,97,,4.214369773864746
,1565,97,,3.5068929195404053
,1566,97,,5.595433712005615
,1567,97,,4.76900577545166
1568,,98,0.9570135474205017,
1569,,98,2.4419515132904053,
1570,,98,3.7897167205810547,
1571,,98,1.5746914148330688,
1572,,98,1.549811840057373,
1573,,98,1.4903538227081299,
1574,,98,2.7203691005706787,
1575,,98,1.545576810836792,
1576,,98,2.130598545074463,
1577,,98,4.506492614746094,
1578,,98,2.2371413707733154,
1579,,98,2.6993813514709473,
1580,,98,2.143207550048828,
1581,,98,1.0085662603378296,
1582,,98,2.7655951976776123,
1583,,98,6.16892671585083,
,1568,98,,8.252973556518555
,1569,98,,8.083047866821289
,1570,98,,10.059857368469238
,1571,98,,8.413275718688965
,1572,98,,12.606327056884766
,1573,98,,9.878076553344727
,1574,98,,9.049161911010742
,1575,98,,12.095719337463379
,1576,98,,8.913192749023438
,1577,98,,8.734992980957031
,1578,98,,9.497285842895508
,1579,98,,6.410463333129883
,1580,98,,9.886449813842773
,1581,98,,10.293194770812988
,1582,98,,9.029525756835938
,1583,98,,12.713723182678223
1584,,99,4.5157790184021,
1585,,99,3.1550564765930176,
1586,,99,3.7431154251098633,
1587,,99,4.341467380523682,
1588,,99,3.611018419265747,
1589,,99,6.2994842529296875,
1590,,99,2.643732786178589,
1591,,99,4.012155055999756,
1592,,99,4.047540664672852,
1593,,99,1.960890531539917,
1594,,99,3.298898458480835,
1595,,99,1.057998538017273,
1596,,99,1.442603588104248,
1597,,99,3.0562195777893066,
1598,,99,3.3992326259613037,
1599,,99,1.642221450805664,
,1584,99,,9.280747413635254
,1585,99,,6.9174323081970215
,1586,99,,6.959897518157959
,1587,99,,14.237855911254883
,1588,99,,10.964584350585938
,1589,99,,8.43610668182373
,1590,99,,9.38410758972168
,1591,99,,9.485021591186523
,1592,99,,10.506126403808594
,1593,99,,9.39896011352539
,1594,99,,10.764448165893555
,1595,99,,10.39134407043457
,1596,99,,11.013504028320312
,1597,99,,11.413361549377441
,1598,99,,10.88154411315918
,1599,99,,9.625158309936523
1600,,100,4.789481163024902,
1601,,100,5.24908447265625,
1602,,100,2.723076105117798,
1603,,100,7.171504020690918,
1604,,100,0.7430813312530518,
1605,,100,2.6690263748168945,
1606,,100,4.3494415283203125,
1607,,100,2.119710922241211,
1608,,100,2.9873714447021484,
1609,,100,3.519199848175049,
1610,,100,1.7698601484298706,
1611,,100,7.483059883117676,
1612,,100,0.716620147228241,
1613,,100,2.799557685852051,
1614,,100,1.5214524269104004,
1615,,100,2.0822882652282715,
,1600,100,,3.3006224632263184
,1601,100,,6.692445755004883
,1602,100,,4.859856605529785
,1603,100,,6.279371738433838
,1604,100,,5.080835342407227
,1605,100,,6.942855358123779
,1606,100,,5.986854553222656
,1607,100,,4.7510600090026855
,1608,100,,4.973586082458496
,1609,100,,6.794337272644043
,1610,100,,4.020129680633545
,1611,100,,4.702791690826416
,1612,100,,3.4950809478759766
,1613,100,,4.912447929382324
,1614,100,,4.819117069244385
,1615,100,,4.693948745727539
1616,,101,1.737324595451355,
1617,,101,3.5033063888549805,
1618,,101,3.10514497756958,
1619,,101,3.67495059967041,
1620,,101,5.78616189956665,
1621,,101,1.0727314949035645,
1622,,101,2.335451602935791,
1623,,101,0.36498120427131653,
1624,,101,2.9913759231567383,
1625,,101,0.12289974093437195,
1626,,101,1.7140436172485352,
1627,,101,1.056099534034729,
1628,,101,2.3354575634002686,
1629,,101,2.14927077293396,
1630,,101,0.4777049124240875,
1631,,101,2.0072622299194336,
,1616,101,,6.149603843688965
,1617,101,,6.531633377075195
,1618,101,,5.846673011779785
,1619,101,,4.970694541931152
,1620,101,,4.582082748413086
,1621,101,,5.439250946044922
,1622,101,,4.5625996589660645
,1623,101,,5.837957382202148
,1624,101,,6.520608425140381
,1625,101,,4.376734733581543
,1626,101,,7.627862453460693
,1627,101,,3.733591079711914
,1628,101,,8.126800537109375
,1629,101,,6.043166160583496
,1630,101,,4.91509485244751
,1631,101,,5.597527503967285
1632,,102,6.927900314331055,
1633,,102,1.381852149963379,
1634,,102,1.4121181964874268,
1635,,102,1.931599497795105,
1636,,102,2.0254626274108887,
1637,,102,2.3631060123443604,
1638,,102,3.9916765689849854,
1639,,102,1.351342797279358,
1640,,102,3.2134785652160645,
1641,,102,2.613062858581543,
1642,,102,1.8010585308074951,
1643,,102,5.030771255493164,
1644,,102,1.4321174621582031,
1645,,102,1.4311068058013916,
1646,,102,1.0603268146514893,
1647,,102,3.155200242996216,
,1632,102,,8.238937377929688
,1633,102,,5.9475860595703125
,1634,102,,6.302981376647949
,1635,102,,5.765268325805664
,1636,102,,7.266394138336182
,1637,102,,7.151213645935059
,1638,102,,8.479375839233398
,1639,102,,5.31160831451416
,1640,102,,16.375518798828125
,1641,102,,7.311949729919434
,1642,102,,6.139008522033691
,1643,102,,5.167534828186035
,1644,102,,7.671842575073242
,1645,102,,6.771933555603027
,1646,102,,8.013874053955078
,1647,102,,7.833544731140137
1648,,103,8.373713493347168,
1649,,103,1.2877507209777832,
1650,,103,2.360241413116455,
1651,,103,3.927231550216675,
1652,,103,5.445621490478516,
1653,,103,4.062830924987793,
1654,,103,2.9275474548339844,
1655,,103,1.736976146697998,
1656,,103,5.408609390258789,
1657,,103,6.005483627319336,
1658,,103,3.565274238586426,
1659,,103,2.55855655670166,
1660,,103,2.406165599822998,
1661,,103,1.9863632917404175,
1662,,103,1.7919952869415283,
1663,,103,2.3479554653167725,
,1648,103,,6.888106346130371
,1649,103,,7.348396301269531
,1650,103,,10.181551933288574
,1651,103,,6.074051380157471
,1652,103,,8.995832443237305
,1653,103,,8.052628517150879
,1654,103,,7.949615001678467
,1655,103,,7.176320552825928
,1656,103,,9.644424438476562
,1657,103,,6.773514747619629
,1658,103,,5.286185264587402
,1659,103,,8.856742858886719
,1660,103,,6.479426383972168
,1661,103,,11.172197341918945
,1662,103,,7.129628658294678
,1663,103,,8.639976501464844
1664,,104,8.17221736907959,
1665,,104,2.1214730739593506,
1666,,104,7.143930435180664,
1667,,104,3.019578695297241,
1668,,104,2.858383893966675,
1669,,104,3.5158395767211914,
1670,,104,1.7618122100830078,
1671,,104,3.407914400100708,
1672,,104,2.1659111976623535,
1673,,104,0.5772668719291687,
1674,,104,2.461127758026123,
1675,,104,3.2876157760620117,
1676,,104,3.2805330753326416,
1677,,104,2.7477164268493652,
1678,,104,2.5241944789886475,
1679,,104,3.1030120849609375,
,1664,104,,19.101076126098633
,1665,104,,18.896930694580078
,1666,104,,16.67227554321289
,1667,104,,17.193384170532227
,1668,104,,19.089282989501953
,1669,104,,19.427927017211914
,1670,104,,17.89763641357422
,1671,104,,14.979877471923828
,1672,104,,21.768896102905273
,1673,104,,18.311046600341797
,1674,104,,16.263153076171875
,1675,104,,14.58789348602295
,1676,104,,14.28847885131836
,1677,104,,17.49673080444336
,1678,104,,17.450443267822266
,1679,104,,16.637481689453125
1680,,105,4.034112453460693,
1681,,105,7.930062294006348,
1682,,105,5.47147274017334,
1683,,105,10.686074256896973,
1684,,105,1.9009835720062256,
1685,,105,5.700981616973877,
1686,,105,3.5351290702819824,
1687,,105,1.7179259061813354,
1688,,105,3.0786983966827393,
1689,,105,5.2865424156188965,
1690,,105,3.160975217819214,
1691,,105,1.400431752204895,
1692,,105,10.015222549438477,
1693,,105,1.2805768251419067,
1694,,105,4.159311294555664,
1695,,105,4.022382736206055,
,1680,105,,6.757986068725586
,1681,105,,11.13740062713623
,1682,105,,8.269710540771484
,1683,105,,7.973993301391602
,1684,105,,3.895144462585449
,1685,105,,5.739034175872803
,1686,105,,4.913293838500977
,1687,105,,5.870828628540039
,1688,105,,9.213140487670898
,1689,105,,8.015283584594727
,1690,105,,7.931516170501709
,1691,105,,6.880494117736816
,1692,105,,6.578926086425781
,1693,105,,5.7976884841918945
,1694,105,,5.475502014160156
,1695,105,,6.666492938995361
1696,,106,2.1140804290771484,
1697,,106,4.403839588165283,
1698,,106,0.8435795307159424,
1699,,106,5.830438613891602,
1700,,106,1.7738016843795776,
1701,,106,3.3687143325805664,
1702,,106,5.429884910583496,
1703,,106,2.5733141899108887,
1704,,106,2.221111297607422,
1705,,106,5.290647506713867,
1706,,106,1.619319200515747,
1707,,106,2.703294038772583,
1708,,106,4.754795074462891,
1709,,106,2.1982507705688477,
1710,,106,4.1914496421813965,
1711,,106,3.103497266769409,
,1696,106,,11.479241371154785
,1697,106,,8.945402145385742
,1698,106,,9.341543197631836
,1699,106,,7.588096618652344
,1700,106,,10.641979217529297
,1701,106,,10.419090270996094
,1702,106,,6.428109169006348
,1703,106,,8.855003356933594
,1704,106,,12.770869255065918
,1705,106,,9.205110549926758
,1706,106,,8.61690902709961
,1707,106,,11.628778457641602
,1708,106,,9.130928993225098
,1709,106,,11.283321380615234
,1710,106,,7.462491989135742
,1711,106,,7.843507766723633
1712,,107,4.230257034301758,
1713,,107,3.1019465923309326,
1714,,107,2.0698113441467285,
1715,,107,1.9335174560546875,
1716,,107,1.3106911182403564,
1717,,107,2.1687042713165283,
1718,,107,4.040260314941406,
1719,,107,4.464155197143555,
1720,,107,3.7262094020843506,
1721,,107,5.374145030975342,
1722,,107,2.3229451179504395,
1723,,107,1.3502166271209717,
1724,,107,3.035989761352539,
1725,,107,2.1423168182373047,
1726,,107,1.5312657356262207,
1727,,107,2.6317577362060547,
,1712,107,,6.79804801940918
,1713,107,,10.722112655639648
,1714,107,,4.938936233520508
,1715,107,,6.02706241607666
,1716,107,,5.119311809539795
,1717,107,,3.919483184814453
,1718,107,,7.982015609741211
,1719,107,,6.562034606933594
,1720,107,,4.41397762298584
,1721,107,,7.337370872497559
,1722,107,,7.227627754211426
,1723,107,,4.547021389007568
,1724,107,,4.21063756942749
,1725,107,,7.236776351928711
,1726,107,,4.8828840255737305
,1727,107,,5.388518333435059
1728,,108,1.8385378122329712,
1729,,108,1.9264549016952515,
1730,,108,2.052671432495117,
1731,,108,1.3126227855682373,
1732,,108,1.3086600303649902,
1733,,108,4.987166404724121,
1734,,108,9.786212921142578,
1735,,108,2.78200101852417,
1736,,108,1.376706838607788,
1737,,108,2.3222219944000244,
1738,,108,2.0978710651397705,
1739,,108,1.3873337507247925,
1740,,108,2.6228485107421875,
1741,,108,6.552165508270264,
1742,,108,2.7993879318237305,
1743,,108,4.657498359680176,
,1728,108,,5.183355331420898
,1729,108,,7.368968486785889
,1730,108,,7.960028171539307
,1731,108,,9.262469291687012
,1732,108,,5.062865257263184
,1733,108,,5.056972026824951
,1734,108,,4.963913440704346
,1735,108,,4.667181015014648
,1736,108,,6.274639129638672
,1737,108,,5.966270446777344
,1738,108,,8.220129013061523
,1739,108,,8.603569984436035
,1740,108,,7.378034591674805
,1741,108,,5.67771053314209
,1742,108,,4.019413948059082
,1743,108,,7.747220039367676
1744,,109,3.1699647903442383,
1745,,109,1.4268677234649658,
1746,,109,2.508004665374756,
1747,,109,1.5303986072540283,
1748,,109,2.0360398292541504,
1749,,109,2.2237539291381836,
1750,,109,2.605757713317871,
1751,,109,2.036904811859131,
1752,,109,1.8888440132141113,
1753,,109,4.159867763519287,
1754,,109,3.0654118061065674,
1755,,109,0.9037777185440063,
1756,,109,5.182589054107666,
1757,,109,4.5937581062316895,
1758,,109,3.12034273147583,
1759,,109,1.2500218152999878,
,1744,109,,5.411894798278809
,1745,109,,4.533339977264404
,1746,109,,6.291843414306641
,1747,109,,8.798959732055664
,1748,109,,5.072562217712402
,1749,109,,6.693120956420898
,1750,109,,5.840950965881348
,1751,109,,4.631312370300293
,1752,109,,5.423293590545654
,1753,109,,4.625516891479492
,1754,109,,6.035709857940674
,1755,109,,6.383092880249023
,1756,109,,6.512495040893555
,1757,109,,4.6883134841918945
,1758,109,,7.55940055847168
,1759,109,,6.862184524536133
1760,,110,1.3467824459075928,
1761,,110,1.958376169204712,
1762,,110,0.8265432715415955,
1763,,110,2.604863166809082,
1764,,110,1.0647666454315186,
1765,,110,1.9911350011825562,
1766,,110,0.7123560309410095,
1767,,110,0.851725697517395,
1768,,110,1.0640428066253662,
1769,,110,0.7698789238929749,
1770,,110,1.780942440032959,
1771,,110,1.2108490467071533,
1772,,110,1.9205076694488525,
1773,,110,2.580146312713623,
1774,,110,2.0658349990844727,
1775,,110,2.955143451690674,
,1760,110,,6.042009353637695
,1761,110,,6.386008262634277
,1762,110,,5.152311325073242
,1763,110,,4.028820037841797
,1764,110,,7.1113481521606445
,1765,110,,5.907778739929199
,1766,110,,4.504701614379883
,1767,110,,6.682203769683838
,1768,110,,8.056802749633789
,1769,110,,3.121429443359375
,1770,110,,5.4588422775268555
,1771,110,,3.73272705078125
,1772,110,,4.869360446929932
,1773,110,,5.369068145751953
,1774,110,,5.281258583068848
,1775,110,,4.951555252075195
1776,,111,0.9216217398643494,
1777,,111,1.4777393341064453,
1778,,111,3.17171049118042,
1779,,111,1.8002254962921143,
1780,,111,0.7096754312515259,
1781,,111,2.142740249633789,
1782,,111,1.4817975759506226,
1783,,111,3.8549907207489014,
1784,,111,0.8273411989212036,
1785,,111,2.0634968280792236,
1786,,111,1.3851099014282227,
1787,,111,2.7666144371032715,
1788,,111,1.5260345935821533,
1789,,111,3.755955219268799,
1790,,111,1.5129997730255127,
1791,,111,2.674896478652954,
,1776,111,,4.660815238952637
,1777,111,,4.151998043060303
,1778,111,,6.594450950622559
,1779,111,,4.903839111328125
,1780,111,,5.069626808166504
,1781,111,,3.7075562477111816
,1782,111,,4.317387580871582
,1783,111,,6.921876907348633
,1784,111,,3.845221519470215
,1785,111,,7.929516792297363
,1786,111,,4.677115440368652
,1787,111,,5.72417688369751
,1788,111,,4.310956954956055
,1789,111,,5.088966369628906
,1790,111,,4.903348922729492
,1791,111,,4.187472820281982
1792,,112,3.27620792388916,
1793,,112,3.3486077785491943,
1794,,112,2.4561617374420166,
1795,,112,1.7951433658599854,
1796,,112,1.2426892518997192,
1797,,112,1.747908353805542,
1798,,112,1.7287055253982544,
1799,,112,2.2383580207824707,
1800,,112,2.273707866668701,
1801,,112,3.1041624546051025,
1802,,112,2.788926839828491,
1803,,112,2.4801149368286133,
1804,,112,2.2404870986938477,
1805,,112,5.222136974334717,
1806,,112,1.2085351943969727,
1807,,112,0.43745601177215576,
,1792,112,,6.089088439941406
,1793,112,,4.95917272567749
,1794,112,,4.943172454833984
,1795,112,,4.33579158782959
,1796,112,,6.154221057891846
,1797,112,,4.902400016784668
,1798,112,,6.3134541511535645
,1799,112,,3.393612861633301
,1800,112,,3.625870704650879
,1801,112,,3.5208687782287598
,1802,112,,4.186229228973389
,1803,112,,4.6135077476501465
,1804,112,,5.839224815368652
,1805,112,,3.318406820297241
,1806,112,,5.746183395385742
,1807,112,,3.1915345191955566
1808,,113,3.183994770050049,
1809,,113,3.4174563884735107,
1810,,113,1.9354007244110107,
1811,,113,0.4649680256843567,
1812,,113,2.6998417377471924,
1813,,113,2.8228302001953125,
1814,,113,0.6157660484313965,
1815,,113,4.2879509925842285,
1816,,113,2.8756532669067383,
1817,,113,0.8472720384597778,
1818,,113,2.048933267593384,
1819,,113,2.8962976932525635,
1820,,113,2.7385413646698,
1821,,113,1.2489973306655884,
1822,,113,5.401823043823242,
1823,,113,5.265527725219727,
,1808,113,,6.032992362976074
,1809,113,,5.529616355895996
,1810,113,,5.4694013595581055
,1811,113,,4.562563419342041
,1812,113,,3.53823184967041
,1813,113,,3.4580650329589844
,1814,113,,3.0813798904418945
,1815,113,,4.593691825866699
,1816,113,,3.680540084838867
,1817,113,,5.191704273223877
,1818,113,,3.959214925765991
,1819,113,,5.4845194816589355
,1820,113,,4.678757667541504
,1821,113,,4.717286586761475
,1822,113,,2.7006309032440186
,1823,113,,5.302105903625488
1824,,114,1.0471642017364502,
1825,,114,2.2141292095184326,
1826,,114,0.7168872356414795,
1827,,114,2.1779608726501465,
1828,,114,1.0375652313232422,
1829,,114,2.6899607181549072,
1830,,114,2.942366600036621,
1831,,114,2.2761011123657227,
1832,,114,2.2781929969787598,
1833,,114,1.425480604171753,
1834,,114,3.350337505340576,
1835,,114,2.5685510635375977,
1836,,114,3.309988021850586,
1837,,114,1.6643074750900269,
1838,,114,1.856058120727539,
1839,,114,2.469294548034668,
,1824,114,,8.521825790405273
,1825,114,,10.408866882324219
,1826,114,,7.950019359588623
,1827,114,,4.9837141036987305
,1828,114,,10.317605972290039
,1829,114,,8.609551429748535
,1830,114,,8.691383361816406
,1831,114,,11.359783172607422
,1832,114,,6.275599956512451
,1833,114,,9.200653076171875
,1834,114,,8.757169723510742
,1835,114,,8.83482837677002
,1836,114,,10.38442611694336
,1837,114,,8.373886108398438
,1838,114,,6.442839622497559
,1839,114,,8.47191047668457
1840,,115,2.886136054992676,
1841,,115,2.903082847595215,
1842,,115,3.308509349822998,
1843,,115,6.280091285705566,
1844,,115,4.337065696716309,
1845,,115,3.0448689460754395,
1846,,115,1.3836309909820557,
1847,,115,1.508219838142395,
1848,,115,1.5101605653762817,
1849,,115,0.9237381219863892,
1850,,115,12.351401329040527,
1851,,115,1.2314962148666382,
1852,,115,4.068747520446777,
1853,,115,3.008854866027832,
1854,,115,0.4249054193496704,
1855,,115,3.211465835571289,
,1840,115,,11.240476608276367
,1841,115,,12.173650741577148
,1842,115,,12.3284273147583
,1843,115,,11.942846298217773
,1844,115,,9.237201690673828
,1845,115,,8.70793342590332
,1846,115,,9.704367637634277
,1847,115,,7.324506759643555
,1848,115,,10.018989562988281
,1849,115,,9.6627779006958
,1850,115,,10.962018966674805
,1851,115,,12.414896011352539
,1852,115,,10.30000114440918
,1853,115,,15.580822944641113
,1854,115,,11.349660873413086
,1855,115,,7.82866096496582
1856,,116,1.5906803607940674,
1857,,116,4.220819473266602,
1858,,116,1.2822513580322266,
1859,,116,2.6279454231262207,
1860,,116,1.7610583305358887,
1861,,116,1.2698867321014404,
1862,,116,2.1905722618103027,
1863,,116,1.4976975917816162,
1864,,116,1.4419748783111572,
1865,,116,1.5307624340057373,
1866,,116,0.5759230256080627,
1867,,116,1.0559593439102173,
1868,,116,1.8325841426849365,
1869,,116,2.3418169021606445,
1870,,116,2.05489444732666,
1871,,116,2.5738680362701416,
,1856,116,,5.606271743774414
,1857,116,,3.871424674987793
,1858,116,,3.3590540885925293
,1859,116,,8.195096015930176
,1860,116,,4.645208358764648
,1861,116,,4.2187042236328125
,1862,116,,4.327116012573242
,1863,116,,3.499483108520508
,1864,116,,5.1076250076293945
,1865,116,,5.234175205230713
,1866,116,,4.985264301300049
,1867,116,,3.903881072998047
,1868,116,,3.270876407623291
,1869,116,,3.7685418128967285
,1870,116,,2.539365291595459
,1871,116,,3.750260591506958
1872,,117,4.6050124168396,
1873,,117,2.498791456222534,
1874,,117,0.8394685983657837,
1875,,117,2.762929916381836,
1876,,117,1.8288382291793823,
1877,,117,1.9989434480667114,
1878,,117,2.262051820755005,
1879,,117,3.5681982040405273,
1880,,117,1.7103875875473022,
1881,,117,1.0528852939605713,
1882,,117,1.3021961450576782,
1883,,117,0.9861112833023071,
1884,,117,0.7708083987236023,
1885,,117,3.621628761291504,
1886,,117,2.411445140838623,
1887,,117,0.850978672504425,
,1872,117,,2.33365535736084
,1873,117,,4.650487422943115
,1874,117,,5.414575576782227
,1875,117,,5.855691909790039
,1876,117,,4.174170017242432
,1877,117,,2.6133675575256348
,1878,117,,3.4756293296813965
,1879,117,,3.6009037494659424
,1880,117,,2.4434728622436523
,1881,117,,4.081550598144531
,1882,117,,3.3119349479675293
,1883,117,,5.92942476272583
,1884,117,,4.355734825134277
,1885,117,,6.022428512573242
,1886,117,,3.808617115020752
,1887,117,,2.755950450897217
1888,,118,1.8892687559127808,
1889,,118,1.8225123882293701,
1890,,118,1.8669953346252441,
1891,,118,1.4977505207061768,
1892,,118,2.4503610134124756,
1893,,118,2.3134231567382812,
1894,,118,0.4616568088531494,
1895,,118,1.92665433883667,
1896,,118,0.9976705312728882,
1897,,118,4.05562686920166,
1898,,118,3.1802563667297363,
1899,,118,1.5997583866119385,
1900,,118,2.667196035385132,
1901,,118,2.9259841442108154,
1902,,118,0.8270596265792847,
1903,,118,3.4226036071777344,
,1888,118,,6.593855381011963
,1889,118,,4.124770641326904
,1890,118,,4.705018043518066
,1891,118,,3.712381362915039
,1892,118,,5.406290054321289
,1893,118,,5.5512847900390625
,1894,118,,5.007597923278809
,1895,118,,7.012423992156982
,1896,118,,5.040949821472168
,1897,118,,4.261900424957275
,1898,118,,4.410538196563721
,1899,118,,4.460934162139893
,1900,118,,3.7560083866119385
,1901,118,,4.833152770996094
,1902,118,,5.0741167068481445
,1903,118,,6.11696720123291
1904,,119,2.0018298625946045,
1905,,119,0.9480186104774475,
1906,,119,0.6286311149597168,
1907,,119,0.821404218673706,
1908,,119,2.207327365875244,
1909,,119,5.665351867675781,
1910,,119,1.9836528301239014,
1911,,119,4.581211566925049,
1912,,119,1.3536884784698486,
1913,,119,2.292034864425659,
1914,,119,2.3313190937042236,
1915,,119,1.5849888324737549,
1916,,119,4.307274341583252,
1917,,119,3.442521095275879,
1918,,119,3.5087246894836426,
1919,,119,1.8169498443603516,
,1904,119,,5.359043598175049
,1905,119,,5.289743423461914
,1906,119,,5.067942142486572
,1907,119,,4.980960845947266
,1908,119,,5.898061275482178
,1909,119,,4.208556175231934
,1910,119,,4.06807804107666
,1911,119,,5.94107723236084
,1912,119,,6.700767517089844
,1913,119,,4.6722092628479
,1914,119,,5.491200923919678
,1915,119,,4.001839637756348
,1916,119,,5.432520866394043
,1917,119,,4.51159143447876
,1918,119,,4.224766254425049
,1919,119,,3.253892421722412
1920,,120,1.4770616292953491,
1921,,120,3.4371583461761475,
1922,,120,3.5589022636413574,
1923,,120,1.9336838722229004,
1924,,120,3.342064380645752,
1925,,120,3.327549934387207,
1926,,120,0.8441970944404602,
1927,,120,1.5222465991973877,
1928,,120,0.7334682941436768,
1929,,120,1.9005216360092163,
1930,,120,6.083216190338135,
1931,,120,2.400770902633667,
1932,,120,0.4001464247703552,
1933,,120,4.008431911468506,
1934,,120,2.5209250450134277,
1935,,120,3.77701473236084,
,1920,120,,4.17512321472168
,1921,120,,5.064212799072266
,1922,120,,2.061366558074951
,1923,120,,4.268896579742432
,1924,120,,4.455516338348389
,1925,120,,4.093234539031982
,1926,120,,4.592156410217285
,1927,120,,5.865504741668701
,1928,120,,2.603271007537842
,1929,120,,5.008270263671875
,1930,120,,3.436039924621582
,1931,120,,4.489438056945801
,1932,120,,4.964602947235107
,1933,120,,3.4439759254455566
,1934,120,,4.452323913574219
,1935,120,,3.756934881210327
1936,,121,2.4101336002349854,
1937,,121,3.913959264755249,
1938,,121,1.5107030868530273,
1939,,121,2.4402382373809814,
1940,,121,0.9452488422393799,
1941,,121,3.8724069595336914,
1942,,121,2.097384452819824,
1943,,121,3.7725515365600586,
1944,,121,2.9250831604003906,
1945,,121,0.6844660043716431,
1946,,121,0.6454391479492188,
1947,,121,1.559861660003662,
1948,,121,2.01524019241333,
1949,,121,1.8683149814605713,
1950,,121,1.7112014293670654,
1951,,121,1.594618797302246,
,1936,121,,4.628906726837158
,1937,121,,5.537044048309326
,1938,121,,5.966768264770508
,1939,121,,4.276791572570801
,1940,121,,4.5073370933532715
,1941,121,,6.4510087966918945
,1942,121,,6.988223552703857
,1943,121,,8.063837051391602
,1944,121,,5.582474708557129
,1945,121,,6.959795951843262
,1946,121,,8.586724281311035
,1947,121,,4.992653846740723
,1948,121,,6.253180027008057
,1949,121,,6.609842300415039
,1950,121,,6.617714881896973
,1951,121,,5.388227462768555
1952,,122,0.6514999270439148,
1953,,122,1.7421112060546875,
1954,,122,2.5955522060394287,
1955,,122,1.7492215633392334,
1956,,122,2.441807746887207,
1957,,122,1.2049782276153564,
1958,,122,0.8715609908103943,
1959,,122,1.3667776584625244,
1960,,122,1.9727532863616943,
1961,,122,1.3194514513015747,
1962,,122,1.0051603317260742,
1963,,122,1.0393803119659424,
1964,,122,1.9091088771820068,
1965,,122,1.2346395254135132,
1966,,122,1.4986424446105957,
1967,,122,1.782334566116333,
,1952,122,,17.07537078857422
,1953,122,,15.291224479675293
,1954,122,,18.52361297607422
,1955,122,,18.26614761352539
,1956,122,,17.482040405273438
,1957,122,,21.402374267578125
,1958,122,,17.10500717163086
,1959,122,,20.445253372192383
,1960,122,,14.962090492248535
,1961,122,,17.10698890686035
,1962,122,,17.41792106628418
,1963,122,,20.276945114135742
,1964,122,,19.396221160888672
,1965,122,,14.96458625793457
,1966,122,,18.127805709838867
,1967,122,,18.21543312072754
1968,,123,2.1934285163879395,
1969,,123,0.8412292003631592,
1970,,123,0.9041263461112976,
1971,,123,0.5502476096153259,
1972,,123,0.9074852466583252,
1973,,123,1.8244613409042358,
1974,,123,2.322519302368164,
1975,,123,1.8420408964157104,
1976,,123,3.4885916709899902,
1977,,123,1.066314697265625,
1978,,123,1.6629159450531006,
1979,,123,2.965745449066162,
1980,,123,2.639580011367798,
1981,,123,4.3420796394348145,
1982,,123,2.667503833770752,
1983,,123,2.9846737384796143,
,1968,123,,3.413377523422241
,1969,123,,3.412259578704834
,1970,123,,5.063872814178467
,1971,123,,3.0350890159606934
,1972,123,,4.674179553985596
,1973,123,,7.681386947631836
,1974,123,,8.323387145996094
,1975,123,,5.445510387420654
,1976,123,,4.031606674194336
,1977,123,,8.462234497070312
,1978,123,,6.715181350708008
,1979,123,,5.177985668182373
,1980,123,,5.240572929382324
,1981,123,,3.15042781829834
,1982,123,,4.565523624420166
,1983,123,,7.4827752113342285
1984,,124,1.2477622032165527,
1985,,124,2.2366652488708496,
1986,,124,7.242687225341797,
1987,,124,1.276295781135559,
1988,,124,2.1040191650390625,
1989,,124,2.364135265350342,
1990,,124,1.421947717666626,
1991,,124,1.4596126079559326,
1992,,124,3.109830379486084,
1993,,124,0.5891640782356262,
1994,,124,7.0090155601501465,
1995,,124,5.054612636566162,
1996,,124,3.688727378845215,
1997,,124,2.4255573749542236,
1998,,124,1.8582074642181396,
1999,,124,2.556447982788086,
,1984,124,,5.914361476898193
,1985,124,,8.908710479736328
,1986,124,,4.250687599182129
,1987,124,,6.131261825561523
,1988,124,,6.863250732421875
,1989,124,,4.853466033935547
,1990,124,,7.0404181480407715
,1991,124,,4.829724311828613
,1992,124,,5.958973407745361
,1993,124,,6.693877696990967
,1994,124,,4.598342418670654
,1995,124,,5.613648414611816
,1996,124,,7.338484764099121
,1997,124,,4.292841911315918
,1998,124,,8.446805000305176
,1999,124,,6.92869758605957
2000,,125,3.040325164794922,
2001,,125,1.179105281829834,
2002,,125,2.8480911254882812,
2003,,125,2.035200357437134,
2004,,125,2.361527919769287,
2005,,125,0.5260865688323975,
2006,,125,2.1256468296051025,
2007,,125,1.7067168951034546,
2008,,125,1.3926492929458618,
2009,,125,4.40814208984375,
2010,,125,1.3718737363815308,
2011,,125,1.5225863456726074,
2012,,125,2.7257578372955322,
2013,,125,1.9262206554412842,
2014,,125,5.14075231552124,
2015,,125,2.4262468814849854,
,2000,125,,6.957855224609375
,2001,125,,9.237825393676758
,2002,125,,5.482169151306152
,2003,125,,6.555629730224609
,2004,125,,4.951473712921143
,2005,125,,6.646596908569336
,2006,125,,4.108121395111084
,2007,125,,4.497714519500732
,2008,125,,5.086949348449707
,2009,125,,6.667695999145508
,2010,125,,7.555164813995361
,2011,125,,3.3697972297668457
,2012,125,,4.325586795806885
,2013,125,,3.1203227043151855
,2014,125,,2.8228049278259277
,2015,125,,3.4203569889068604
2016,,126,1.7299323081970215,
2017,,126,2.1241366863250732,
2018,,126,1.2389144897460938,
2019,,126,2.535956859588623,
2020,,126,2.763012170791626,
2021,,126,5.443645477294922,
2022,,126,5.2643632888793945,
2023,,126,1.669877529144287,
2024,,126,5.797235488891602,
2025,,126,2.6688263416290283,
2026,,126,2.5360934734344482,
2027,,126,1.2620213031768799,
2028,,126,3.060832977294922,
2029,,126,0.34078770875930786,
2030,,126,2.4940989017486572,
2031,,126,2.3919713497161865,
,2016,126,,10.776782989501953
,2017,126,,14.096677780151367
,2018,126,,11.620011329650879
,2019,126,,11.738054275512695
,2020,126,,7.734521865844727
,2021,126,,8.705504417419434
,2022,126,,10.070566177368164
,2023,126,,10.752115249633789
,2024,126,,12.237553596496582
,2025,126,,12.00129222869873
,2026,126,,15.102462768554688
,2027,126,,8.535475730895996
,2028,126,,9.643451690673828
,2029,126,,10.338977813720703
,2030,126,,9.087881088256836
,2031,126,,11.941762924194336
2032,,127,1.6026304960250854,
2033,,127,3.756603240966797,
2034,,127,1.7039217948913574,
2035,,127,5.842090606689453,
2036,,127,2.8049144744873047,
2037,,127,3.2209300994873047,
2038,,127,1.3875195980072021,
2039,,127,2.9610180854797363,
2040,,127,3.141594886779785,
2041,,127,1.8673638105392456,
2042,,127,1.6961753368377686,
2043,,127,3.5498814582824707,
2044,,127,3.6373748779296875,
2045,,127,2.3111331462860107,
2046,,127,6.3918070793151855,
2047,,127,2.8143458366394043,
,2032,127,,4.8064374923706055
,2033,127,,8.009710311889648
,2034,127,,5.521357536315918
,2035,127,,5.292237281799316
,2036,127,,6.422847747802734
,2037,127,,6.8020195960998535
,2038,127,,5.212902069091797
,2039,127,,3.768399238586426
,2040,127,,5.3756818771362305
,2041,127,,4.7257537841796875
,2042,127,,4.718626022338867
,2043,127,,5.953594207763672
,2044,127,,7.552661895751953
,2045,127,,4.957185745239258
,2046,127,,6.041232109069824
,2047,127,,4.050387382507324
2048,,128,0.8108577728271484,
2049,,128,2.0642476081848145,
2050,,128,1.297101616859436,
2051,,128,1.5932437181472778,
2052,,128,1.469212532043457,
2053,,128,2.495701551437378,
2054,,128,2.536065101623535,
2055,,128,1.150307059288025,
2056,,128,1.3946614265441895,
2057,,128,2.362025022506714,
2058,,128,1.3430663347244263,
2059,,128,0.882868766784668,
2060,,128,3.1520578861236572,
2061,,128,1.9625366926193237,
2062,,128,2.302520751953125,
2063,,128,6.061845779418945,
,2048,128,,3.0386762619018555
,2049,128,,4.528627395629883
,2050,128,,3.9887380599975586
,2051,128,,6.789072036743164
,2052,128,,5.194974899291992
,2053,128,,5.390671253204346
,2054,128,,4.699413299560547
,2055,128,,6.151416778564453
,2056,128,,4.786439418792725
,2057,128,,5.248083591461182
,2058,128,,5.2208662033081055
,2059,128,,4.90371036529541
,2060,128,,6.643040657043457
,2061,128,,1.9384000301361084
,2062,128,,4.9552812576293945
,2063,128,,5.417623043060303
2064,,129,0.8761356472969055,
2065,,129,2.8659820556640625,
2066,,129,1.1251088380813599,
2067,,129,3.3749098777770996,
2068,,129,2.7557830810546875,
2069,,129,1.5451396703720093,
2070,,129,3.2467126846313477,
2071,,129,3.8802878856658936,
2072,,129,2.194071054458618,
2073,,129,1.3244810104370117,
2074,,129,3.0075254440307617,
2075,,129,2.956557035446167,
2076,,129,5.21011209487915,
2077,,129,2.7051053047180176,
2078,,129,1.6825685501098633,
2079,,129,2.546083927154541,
,2064,129,,13.798951148986816
,2065,129,,13.135248184204102
,2066,129,,15.52181339263916
,2067,129,,13.561575889587402
,2068,129,,11.225257873535156
,2069,129,,10.190871238708496
,2070,129,,10.027045249938965
,2071,129,,13.833600997924805
,2072,129,,14.65255355834961
,2073,129,,13.283732414245605
,2074,129,,12.282026290893555
,2075,129,,12.133499145507812
,2076,129,,13.774102210998535
,2077,129,,13.491423606872559
,2078,129,,12.207174301147461
,2079,129,,14.328533172607422
2080,,130,1.992067575454712,
2081,,130,2.5707054138183594,
2082,,130,1.791648507118225,
2083,,130,2.2902073860168457,
2084,,130,1.8176014423370361,
2085,,130,2.2588281631469727,
2086,,130,3.896238088607788,
2087,,130,2.5480570793151855,
2088,,130,3.5749855041503906,
2089,,130,2.9517011642456055,
2090,,130,1.6660475730895996,
2091,,130,0.27456703782081604,
2092,,130,1.680365800857544,
2093,,130,0.7657511234283447,
2094,,130,1.6416125297546387,
2095,,130,1.295844316482544,
,2080,130,,6.51003360748291
,2081,130,,5.3842315673828125
,2082,130,,4.969130039215088
,2083,130,,4.7748308181762695
,2084,130,,5.895841121673584
,2085,130,,4.691837310791016
,2086,130,,6.171874523162842
,2087,130,,4.5169677734375
,2088,130,,7.780274391174316
,2089,130,,6.783061504364014
,2090,130,,6.65442419052124
,2091,130,,4.89829683303833
,2092,130,,5.528231620788574
,2093,130,,3.9412007331848145
,2094,130,,5.777200222015381
,2095,130,,4.413562774658203
2096,,131,1.794936180114746,
2097,,131,1.588428258895874,
2098,,131,3.186758279800415,
2099,,131,1.3017985820770264,
2100,,131,1.878037929534912,
2101,,131,2.3745129108428955,
2102,,131,0.7682144641876221,
2103,,131,3.404536247253418,
2104,,131,0.9744244813919067,
2105,,131,2.35722279548645,
2106,,131,2.430164337158203,
2107,,131,4.71839714050293,
2108,,131,7.584168910980225,
2109,,131,3.3011646270751953,
2110,,131,1.8735625743865967,
2111,,131,0.9830552339553833,
,2096,131,,7.688929557800293
,2097,131,,6.37197208404541
,2098,131,,4.262070655822754
,2099,131,,6.304723739624023
,2100,131,,5.1168599128723145
,2101,131,,7.123683929443359
,2102,131,,6.230608940124512
,2103,131,,3.6101531982421875
,2104,131,,5.144078254699707
,2105,131,,8.050966262817383
,2106,131,,7.771945953369141
,2107,131,,4.5376667976379395
,2108,131,,4.26607608795166
,2109,131,,4.541974067687988
,2110,131,,7.110486030578613
,2111,131,,8.153657913208008
2112,,132,3.8639321327209473,
2113,,132,3.625810146331787,
2114,,132,1.9292726516723633,
2115,,132,3.2054967880249023,
2116,,132,2.1227049827575684,
2117,,132,3.313750982284546,
2118,,132,2.5559775829315186,
2119,,132,1.8313651084899902,
2120,,132,5.081424713134766,
2121,,132,2.2938520908355713,
2122,,132,0.8655768632888794,
2123,,132,1.4544322490692139,
2124,,132,4.887701511383057,
2125,,132,3.3907275199890137,
2126,,132,2.710679769515991,
2127,,132,1.443122148513794,
,2112,132,,4.793820381164551
,2113,132,,3.695521354675293
,2114,132,,5.3401312828063965
,2115,132,,5.362775802612305
,2116,132,,7.153728485107422
,2117,132,,4.134380340576172
,2118,132,,4.716179847717285
,2119,132,,4.654270648956299
,2120,132,,7.101065635681152
,2121,132,,4.738869667053223
,2122,132,,4.741391658782959
,2123,132,,5.618781089782715
,2124,132,,3.6392970085144043
,2125,132,,3.4413952827453613
,2126,132,,5.364754676818848
,2127,132,,3.032975196838379
2128,,133,2.2531371116638184,
2129,,133,4.181211471557617,
2130,,133,1.1231193542480469,
2131,,133,3.0099024772644043,
2132,,133,3.08853816986084,
2133,,133,2.0421042442321777,
2134,,133,3.6617114543914795,
2135,,133,1.4569593667984009,
2136,,133,1.6746866703033447,
2137,,133,2.502286434173584,
2138,,133,2.3664803504943848,
2139,,133,5.239407062530518,
2140,,133,3.046967029571533,
2141,,133,1.3633766174316406,
2142,,133,1.421028971672058,
2143,,133,0.6761017441749573,
,2128,133,,5.081084251403809
,2129,133,,4.413430213928223
,2130,133,,7.099761962890625
,2131,133,,4.6573286056518555
,2132,133,,5.571298599243164
,2133,133,,4.353752136230469
,2134,133,,5.862753868103027
,2135,133,,4.2990570068359375
,2136,133,,6.993776321411133
,2137,133,,4.5558953285217285
,2138,133,,4.356671333312988
,2139,133,,7.268929958343506
,2140,133,,4.330700874328613
,2141,133,,7.670592784881592
,2142,133,,5.027507781982422
,2143,133,,6.457189559936523
2144,,134,3.7021641731262207,
2145,,134,2.7923130989074707,
2146,,134,3.2146568298339844,
2147,,134,5.232048034667969,
2148,,134,5.04680061340332,
2149,,134,1.3038439750671387,
2150,,134,2.2140817642211914,
2151,,134,1.0247496366500854,
2152,,134,0.9853280782699585,
2153,,134,1.3004990816116333,
2154,,134,2.9232349395751953,
2155,,134,2.473320484161377,
2156,,134,4.315239906311035,
2157,,134,3.369222402572632,
2158,,134,2.423990488052368,
2159,,134,1.8256070613861084,
,2144,134,,7.188437461853027
,2145,134,,12.065113067626953
,2146,134,,9.353687286376953
,2147,134,,10.11192512512207
,2148,134,,12.810201644897461
,2149,134,,9.442384719848633
,2150,134,,9.302827835083008
,2151,134,,11.085939407348633
,2152,134,,12.81612777709961
,2153,134,,15.782510757446289
,2154,134,,11.658105850219727
,2155,134,,12.842058181762695
,2156,134,,10.435924530029297
,2157,134,,9.653478622436523
,2158,134,,9.551767349243164
,2159,134,,11.394145965576172
2160,,135,3.2032530307769775,
2161,,135,2.572237253189087,
2162,,135,1.2987027168273926,
2163,,135,2.127472162246704,
2164,,135,2.267406463623047,
2165,,135,1.3506617546081543,
2166,,135,1.6528429985046387,
2167,,135,3.0460567474365234,
2168,,135,4.826608180999756,
2169,,135,7.382251739501953,
2170,,135,2.5802090167999268,
2171,,135,2.4435031414031982,
2172,,135,2.354332685470581,
2173,,135,2.25199294090271,
2174,,135,2.044443130493164,
2175,,135,1.4195764064788818,
,2160,135,,5.926939010620117
,2161,135,,6.832449913024902
,2162,135,,4.493990898132324
,2163,135,,9.180957794189453
,2164,135,,7.43904447555542
,2165,135,,8.408601760864258
,2166,135,,6.503972053527832
,2167,135,,6.653480529785156
,2168,135,,6.563409328460693
,2169,135,,6.218976020812988
,2170,135,,7.803248882293701
,2171,135,,4.675569534301758
,2172,135,,5.45317268371582
,2173,135,,5.8829498291015625
,2174,135,,6.136785507202148
,2175,135,,9.286977767944336
2176,,136,1.928730845451355,
2177,,136,5.794297695159912,
2178,,136,0.8220679759979248,
2179,,136,0.6254865527153015,
2180,,136,1.1828479766845703,
2181,,136,1.3212050199508667,
2182,,136,2.7342519760131836,
2183,,136,1.5850553512573242,
2184,,136,3.0635128021240234,
2185,,136,0.6978523135185242,
2186,,136,3.1543102264404297,
2187,,136,4.758452415466309,
2188,,136,2.431356430053711,
2189,,136,1.192517876625061,
2190,,136,1.0720622539520264,
2191,,136,3.6479651927948,
,2176,136,,4.23277473449707
,2177,136,,4.260659217834473
,2178,136,,4.331653594970703
,2179,136,,3.8251967430114746
,2180,136,,4.828265190124512
,2181,136,,3.6485235691070557
,2182,136,,4.791308403015137
,2183,136,,5.524352073669434
,2184,136,,5.524211883544922
,2185,136,,5.555392742156982
,2186,136,,3.635019063949585
,2187,136,,3.834383249282837
,2188,136,,5.606517791748047
,2189,136,,4.37333869934082
,2190,136,,3.3405191898345947
,2191,136,,3.8327994346618652
2192,,137,2.695507764816284,
2193,,137,2.4159469604492188,
2194,,137,1.3354735374450684,
2195,,137,1.4824259281158447,
2196,,137,1.7483863830566406,
2197,,137,1.1055119037628174,
2198,,137,3.873204469680786,
2199,,137,2.26587176322937,
2200,,137,3.11376953125,
2201,,137,2.512695074081421,
2202,,137,2.816119909286499,
2203,,137,1.3385931253433228,
2204,,137,2.3434698581695557,
2205,,137,1.47199547290802,
2206,,137,1.4890668392181396,
2207,,137,2.6836190223693848,
,2192,137,,4.49734354019165
,2193,137,,4.126079559326172
,2194,137,,5.375814437866211
,2195,137,,3.392892599105835
,2196,137,,5.666579723358154
,2197,137,,5.09669303894043
,2198,137,,4.143395900726318
,2199,137,,5.3026347160339355
,2200,137,,3.352039098739624
,2201,137,,3.4373385906219482
,2202,137,,3.757201671600342
,2203,137,,4.585361480712891
,2204,137,,3.3282718658447266
,2205,137,,4.122819900512695
,2206,137,,4.010802268981934
,2207,137,,6.533865928649902
2208,,138,3.704679489135742,
2209,,138,3.2260167598724365,
2210,,138,3.8931169509887695,
2211,,138,3.184823751449585,
2212,,138,3.9350225925445557,
2213,,138,1.8322174549102783,
2214,,138,2.402432680130005,
2215,,138,1.5888168811798096,
2216,,138,2.4189159870147705,
2217,,138,1.6338598728179932,
2218,,138,2.7410101890563965,
2219,,138,1.5192148685455322,
2220,,138,1.3866612911224365,
2221,,138,4.117422103881836,
2222,,138,2.123953342437744,
2223,,138,2.710757255554199,
,2208,138,,4.818051338195801
,2209,138,,4.736352920532227
,2210,138,,4.5242509841918945
,2211,138,,5.143266201019287
,2212,138,,3.4411048889160156
,2213,138,,3.775843858718872
,2214,138,,3.892411947250366
,2215,138,,3.3885653018951416
,2216,138,,4.873385429382324
,2217,138,,5.039180755615234
,2218,138,,2.2991721630096436
,2219,138,,4.678522109985352
,2220,138,,3.632430076599121
,2221,138,,6.317466735839844
,2222,138,,2.973198890686035
,2223,138,,4.381679534912109
2224,,139,2.153975486755371,
2225,,139,1.8511755466461182,
2226,,139,2.546027660369873,
2227,,139,3.7469277381896973,
2228,,139,2.911815643310547,
2229,,139,3.402754306793213,
2230,,139,1.8476486206054688,
2231,,139,6.031239032745361,
2232,,139,0.7055616974830627,
2233,,139,1.4862067699432373,
2234,,139,3.544626474380493,
2235,,139,1.6828622817993164,
2236,,139,3.74124813079834,
2237,,139,1.204921007156372,
2238,,139,0.9872324466705322,
2239,,139,6.404285907745361,
,2224,139,,3.0327491760253906
,2225,139,,5.599978446960449
,2226,139,,3.853254795074463
,2227,139,,3.7011728286743164
,2228,139,,5.700451850891113
,2229,139,,6.121148586273193
,2230,139,,5.397185325622559
,2231,139,,3.2854626178741455
,2232,139,,5.9787445068359375
,2233,139,,3.6679673194885254
,2234,139,,4.34550142288208
,2235,139,,5.746685981750488
,2236,139,,5.006206512451172
,2237,139,,3.338825225830078
,2238,139,,6.583257675170898
,2239,139,,5.485539436340332
2240,,140,1.4386309385299683,
2241,,140,1.0356199741363525,
2242,,140,1.929823875427246,
2243,,140,2.0345871448516846,
2244,,140,1.1999186277389526,
2245,,140,1.1878411769866943,
2246,,140,2.3692803382873535,
2247,,140,2.781940460205078,
2248,,140,2.257235288619995,
2249,,140,1.142536997795105,
2250,,140,2.5548362731933594,
2251,,140,2.0077972412109375,
2252,,140,0.8254010677337646,
2253,,140,5.759186744689941,
2254,,140,1.2523918151855469,
2255,,140,1.5047283172607422,
,2240,140,,5.606635093688965
,2241,140,,6.313639163970947
,2242,140,,7.577784538269043
,2243,140,,6.283687591552734
,2244,140,,3.4130849838256836
,2245,140,,6.520713806152344
,2246,140,,4.596898078918457
,2247,140,,7.8835906982421875
,2248,140,,5.367856025695801
,2249,140,,5.250609874725342
,2250,140,,4.453742504119873
,2251,140,,6.81434965133667
,2252,140,,7.721380233764648
,2253,140,,5.027154922485352
,2254,140,,5.824682235717773
,2255,140,,8.287862777709961
2256,,141,2.2216978073120117,
2257,,141,1.3822245597839355,
2258,,141,1.6139196157455444,
2259,,141,1.6633048057556152,
2260,,141,2.7919018268585205,
2261,,141,2.802135944366455,
2262,,141,2.860807418823242,
2263,,141,0.8163923025131226,
2264,,141,1.3932063579559326,
2265,,141,2.030961036682129,
2266,,141,2.6059579849243164,
2267,,141,4.161721229553223,
2268,,141,0.9106581807136536,
2269,,141,5.182437896728516,
2270,,141,1.0027146339416504,
2271,,141,0.9431084394454956,
,2256,141,,3.8254988193511963
,2257,141,,3.2792346477508545
,2258,141,,3.3268656730651855
,2259,141,,4.332401275634766
,2260,141,,3.15421199798584
,2261,141,,1.5467455387115479
,2262,141,,3.20078182220459
,2263,141,,3.7858080863952637
,2264,141,,3.4656877517700195
,2265,141,,3.6155145168304443
,2266,141,,3.559349536895752
,2267,141,,3.6946659088134766
,2268,141,,3.1975159645080566
,2269,141,,4.675122261047363
,2270,141,,2.3688931465148926
,2271,141,,3.8997814655303955
2272,,142,1.1266427040100098,
2273,,142,0.969397246837616,
2274,,142,0.761806070804596,
2275,,142,2.346890449523926,
2276,,142,2.3748581409454346,
2277,,142,1.1216974258422852,
2278,,142,0.572902262210846,
2279,,142,2.775254011154175,
2280,,142,1.0466365814208984,
2281,,142,9.033489227294922,
2282,,142,1.1520724296569824,
2283,,142,1.7144052982330322,
2284,,142,2.949151039123535,
2285,,142,1.7996575832366943,
2286,,142,2.628525733947754,
2287,,142,0.9532701373100281,
,2272,142,,6.807748794555664
,2273,142,,7.921782970428467
,2274,142,,4.976741313934326
,2275,142,,6.8004913330078125
,2276,142,,9.151329040527344
,2277,142,,5.787559509277344
,2278,142,,8.330355644226074
,2279,142,,8.318431854248047
,2280,142,,6.248692512512207
,2281,142,,5.112061977386475
,2282,142,,8.146240234375
,2283,142,,5.332103252410889
,2284,142,,6.5127716064453125
,2285,142,,7.999939918518066
,2286,142,,7.43693733215332
,2287,142,,6.827876567840576
2288,,143,3.305631637573242,
2289,,143,2.173635959625244,
2290,,143,2.065324068069458,
2291,,143,4.383648872375488,
2292,,143,1.4453203678131104,
2293,,143,1.4993014335632324,
2294,,143,2.0379488468170166,
2295,,143,1.033247470855713,
2296,,143,0.9944736957550049,
2297,,143,0.8698102235794067,
2298,,143,3.4194176197052,
2299,,143,2.9615025520324707,
2300,,143,1.9581242799758911,
2301,,143,0.9452477693557739,
2302,,143,0.9433194994926453,
2303,,143,2.685133934020996,
,2288,143,,6.278715133666992
,2289,143,,4.621166229248047
,2290,143,,6.085781574249268
,2291,143,,7.77653169631958
,2292,143,,6.700979709625244
,2293,143,,5.47430419921875
,2294,143,,4.311318874359131
,2295,143,,6.67411994934082
,2296,143,,4.126084327697754
,2297,143,,6.657627105712891
,2298,143,,6.048015117645264
,2299,143,,3.0861144065856934
,2300,143,,4.023245811462402
,2301,143,,8.989697456359863
,2302,143,,5.046553611755371
,2303,143,,6.8626251220703125
2304,,144,2.1075873374938965,
2305,,144,2.0500588417053223,
2306,,144,0.7251768112182617,
2307,,144,1.6104302406311035,
2308,,144,4.881096839904785,
2309,,144,2.143799066543579,
2310,,144,2.1886236667633057,
2311,,144,1.5770025253295898,
2312,,144,1.0936836004257202,
2313,,144,0.6958200931549072,
2314,,144,1.4117588996887207,
2315,,144,2.065486431121826,
2316,,144,1.1849033832550049,
2317,,144,2.1235575675964355,
2318,,144,2.0569329261779785,
2319,,144,6.885522842407227,
,2304,144,,6.372687816619873
,2305,144,,4.072393894195557
,2306,144,,3.965020179748535
,2307,144,,6.855531692504883
,2308,144,,4.913870811462402
,2309,144,,4.320075035095215
,2310,144,,4.9333343505859375
,2311,144,,2.4861674308776855
,2312,144,,8.173849105834961
,2313,144,,5.5695085525512695
,2314,144,,6.216950416564941
,2315,144,,7.627593040466309
,2316,144,,5.505040645599365
,2317,144,,7.9327192306518555
,2318,144,,5.720852851867676
,2319,144,,7.351672172546387
2320,,145,2.7053465843200684,
2321,,145,13.440948486328125,
2322,,145,2.6994428634643555,
2323,,145,1.6190162897109985,
2324,,145,2.3862297534942627,
2325,,145,1.641916036605835,
2326,,145,4.077910900115967,
2327,,145,0.9110695719718933,
2328,,145,0.8271843194961548,
2329,,145,1.1149799823760986,
2330,,145,1.4686319828033447,
2331,,145,1.3361247777938843,
2332,,145,2.8998568058013916,
2333,,145,0.6439071297645569,
2334,,145,2.1645944118499756,
2335,,145,2.0630722045898438,
,2320,145,,15.028244018554688
,2321,145,,12.770610809326172
,2322,145,,15.03840446472168
,2323,145,,13.474285125732422
,2324,145,,12.632258415222168
,2325,145,,15.974873542785645
,2326,145,,14.654556274414062
,2327,145,,11.790098190307617
,2328,145,,13.302864074707031
,2329,145,,12.657618522644043
,2330,145,,12.615392684936523
,2331,145,,13.328251838684082
,2332,145,,13.721811294555664
,2333,145,,12.889801025390625
,2334,145,,14.366142272949219
,2335,145,,12.93139934539795
2336,,146,3.92649507522583,
2337,,146,2.24880313873291,
2338,,146,3.7499160766601562,
2339,,146,2.7106454372406006,
2340,,146,1.9519951343536377,
2341,,146,0.3794412612915039,
2342,,146,2.9579460620880127,
2343,,146,1.132103443145752,
2344,,146,1.6175627708435059,
2345,,146,2.795015335083008,
2346,,146,3.918837308883667,
2347,,146,1.5765633583068848,
2348,,146,2.741645336151123,
2349,,146,4.351449012756348,
2350,,146,1.4382596015930176,
2351,,146,2.861715316772461,
,2336,146,,3.0026068687438965
,2337,146,,4.3883538246154785
,2338,146,,4.938654899597168
,2339,146,,6.204449653625488
,2340,146,,5.251374244689941
,2341,146,,4.096860408782959
,2342,146,,2.778780937194824
,2343,146,,3.2787556648254395
,2344,146,,3.5714426040649414
,2345,146,,5.3814873695373535
,2346,146,,4.324271202087402
,2347,146,,3.2663846015930176
,2348,146,,4.751030445098877
,2349,146,,6.873935699462891
,2350,146,,4.731103897094727
,2351,146,,3.5121941566467285
2352,,147,1.7330487966537476,
2353,,147,3.448321580886841,
2354,,147,3.137941360473633,
2355,,147,3.125664234161377,
2356,,147,1.3812367916107178,
2357,,147,2.280792474746704,
2358,,147,1.5972899198532104,
2359,,147,1.8687490224838257,
2360,,147,1.8644092082977295,
2361,,147,2.7967958450317383,
2362,,147,1.9227720499038696,
2363,,147,2.328126907348633,
2364,,147,1.7267558574676514,
2365,,147,2.1376771926879883,
2366,,147,1.7895981073379517,
2367,,147,4.3479156494140625,
,2352,147,,2.3015594482421875
,2353,147,,2.081080913543701
,2354,147,,3.1777634620666504
,2355,147,,4.388051986694336
,2356,147,,4.079601764678955
,2357,147,,3.0316696166992188
,2358,147,,3.316263198852539
,2359,147,,4.392825126647949
,2360,147,,3.909435749053955
,2361,147,,3.902279853820801
,2362,147,,3.977996587753296
,2363,147,,4.687872886657715
,2364,147,,3.469280242919922
,2365,147,,3.240783214569092
,2366,147,,2.5894715785980225
,2367,147,,4.95036506652832
2368,,148,1.1969778537750244,
2369,,148,1.1961761713027954,
2370,,148,2.0170750617980957,
2371,,148,1.376360297203064,
2372,,148,0.6681864261627197,
2373,,148,0.7435641884803772,
2374,,148,0.7779884338378906,
2375,,148,1.9736456871032715,
2376,,148,1.1520103216171265,
2377,,148,1.6762827634811401,
2378,,148,2.8135838508605957,
2379,,148,2.0258748531341553,
2380,,148,2.3616414070129395,
2381,,148,3.855232000350952,
2382,,148,0.3452293872833252,
2383,,148,3.2236385345458984,
,2368,148,,3.2505300045013428
,2369,148,,6.703503608703613
,2370,148,,4.734073638916016
,2371,148,,4.102840423583984
,2372,148,,4.887171268463135
,2373,148,,5.829281330108643
,2374,148,,5.997308731079102
,2375,148,,5.773819923400879
,2376,148,,6.528253555297852
,2377,148,,4.3849992752075195
,2378,148,,2.407949209213257
,2379,148,,4.188453674316406
,2380,148,,5.990690231323242
,2381,148,,4.728361129760742
,2382,148,,2.8874707221984863
,2383,148,,3.021679162979126
2384,,149,1.9899036884307861,
2385,,149,5.095187187194824,
2386,,149,1.9104468822479248,
2387,,149,1.2420076131820679,
2388,,149,1.2478556632995605,
2389,,149,3.723236083984375,
2390,,149,2.488454580307007,
2391,,149,6.857583045959473,
2392,,149,1.3983628749847412,
2393,,149,1.3313136100769043,
2394,,149,1.8939483165740967,
2395,,149,1.9553956985473633,
2396,,149,1.8482997417449951,
2397,,149,1.94374418258667,
2398,,149,2.4467029571533203,
2399,,149,1.4173656702041626,
,2384,149,,7.0117316246032715
,2385,149,,4.04177188873291
,2386,149,,7.72496223449707
,2387,149,,3.8410887718200684
,2388,149,,7.049393653869629
,2389,149,,5.3653340339660645
,2390,149,,5.483999252319336
,2391,149,,5.81654691696167
,2392,149,,8.40839958190918
,2393,149,,6.194218635559082
,2394,149,,5.684228897094727
,2395,149,,4.891026496887207
,2396,149,,6.009026527404785
,2397,149,,3.9797616004943848
,2398,149,,4.898130416870117
,2399,149,,4.879900932312012
2400,,150,1.7002671957015991,
2401,,150,1.5906070470809937,
2402,,150,2.7749085426330566,
2403,,150,1.3160959482192993,
2404,,150,2.3966422080993652,
2405,,150,2.297891616821289,
2406,,150,2.238801956176758,
2407,,150,2.248441696166992,
2408,,150,0.7613572478294373,
2409,,150,3.3627963066101074,
2410,,150,5.1121954917907715,
2411,,150,2.1913955211639404,
2412,,150,2.930185317993164,
2413,,150,1.7456053495407104,
2414,,150,1.8474626541137695,
2415,,150,1.5600197315216064,
,2400,150,,6.908388137817383
,2401,150,,6.353969573974609
,2402,150,,3.4330480098724365
,2403,150,,6.9016852378845215
,2404,150,,5.730309963226318
,2405,150,,6.582249641418457
,2406,150,,9.843924522399902
,2407,150,,7.246196746826172
,2408,150,,5.069153785705566
,2409,150,,7.012816429138184
,2410,150,,9.079068183898926
,2411,150,,5.430019855499268
,2412,150,,7.769805431365967
,2413,150,,8.991259574890137
,2414,150,,4.830503463745117
,2415,150,,7.466745376586914
2416,,151,2.59041690826416,
2417,,151,0.9334443211555481,
2418,,151,3.303302049636841,
2419,,151,2.420907974243164,
2420,,151,1.439263939857483,
2421,,151,1.8840218782424927,
2422,,151,1.37531316280365,
2423,,151,6.587759494781494,
2424,,151,1.8480641841888428,
2425,,151,3.192751884460449,
2426,,151,2.3987789154052734,
2427,,151,1.6096155643463135,
2428,,151,1.4352915287017822,
2429,,151,2.29388427734375,
2430,,151,4.969326019287109,
2431,,151,2.3808255195617676,
,2416,151,,10.255367279052734
,2417,151,,4.427180767059326
,2418,151,,5.046267509460449
,2419,151,,4.867032527923584
,2420,151,,6.55893611907959
,2421,151,,4.927488327026367
,2422,151,,6.785684585571289
,2423,151,,5.545283317565918
,2424,151,,6.762845516204834
,2425,151,,7.809591293334961
,2426,151,,6.503284454345703
,2427,151,,5.5051960945129395
,2428,151,,6.454338073730469
,2429,151,,7.167378902435303
,2430,151,,5.650033950805664
,2431,151,,4.363101482391357
2432,,152,2.3859503269195557,
2433,,152,1.2869726419448853,
2434,,152,2.3568315505981445,
2435,,152,1.4356132745742798,
2436,,152,2.886052131652832,
2437,,152,3.4234867095947266,
2438,,152,2.0217947959899902,
2439,,152,3.1661994457244873,
2440,,152,0.9234195351600647,
2441,,152,2.0163731575012207,
2442,,152,3.0091614723205566,
2443,,152,1.1151574850082397,
2444,,152,4.615838050842285,
2445,,152,9.896133422851562,
2446,,152,6.189420223236084,
2447,,152,2.142223834991455,
,2432,152,,5.292972564697266
,2433,152,,6.760198593139648
,2434,152,,5.291410446166992
,2435,152,,3.6999900341033936
,2436,152,,6.443823337554932
,2437,152,,5.917480945587158
,2438,152,,3.877467155456543
,2439,152,,6.772093772888184
,2440,152,,6.176985263824463
,2441,152,,4.216944694519043
,2442,152,,5.414175987243652
,2443,152,,4.426701068878174
,2444,152,,4.4850358963012695
,2445,152,,6.0654497146606445
,2446,152,,5.681551933288574
,2447,152,,6.686309814453125
2448,,153,2.4071366786956787,
2449,,153,4.355299949645996,
2450,,153,2.500753402709961,
2451,,153,1.9949973821640015,
2452,,153,1.3485437631607056,
2453,,153,0.9994029402732849,
2454,,153,2.443387031555176,
2455,,153,1.4952549934387207,
2456,,153,2.95645809173584,
2457,,153,0.6060792207717896,
2458,,153,3.821341037750244,
2459,,153,2.3799796104431152,
2460,,153,2.3915629386901855,
2461,,153,1.6735632419586182,
2462,,153,2.933472156524658,
2463,,153,1.4421440362930298,
,2448,153,,6.382515907287598
,2449,153,,7.615241527557373
,2450,153,,7.242129325866699
,2451,153,,6.999246597290039
,2452,153,,7.957289695739746
,2453,153,,7.232148170471191
,2454,153,,4.952598571777344
,2455,153,,6.712023735046387
,2456,153,,5.801971912384033
,2457,153,,5.704743385314941
,2458,153,,5.691151142120361
,2459,153,,6.379636764526367
,2460,153,,4.294974327087402
,2461,153,,5.982439994812012
,2462,153,,6.41444730758667
,2463,153,,8.333955764770508
2464,,154,3.951692581176758,
2465,,154,7.204362869262695,
2466,,154,1.2069642543792725,
2467,,154,1.8097386360168457,
2468,,154,2.355097532272339,
2469,,154,1.0522403717041016,
2470,,154,1.1552060842514038,
2471,,154,2.860342264175415,
2472,,154,3.143068313598633,
2473,,154,4.248745918273926,
2474,,154,1.2661980390548706,
2475,,154,1.8440066576004028,
2476,,154,0.4582238495349884,
2477,,154,2.8539745807647705,
2478,,154,2.226113796234131,
2479,,154,0.6255056858062744,
,2464,154,,6.71647310256958
,2465,154,,4.162320137023926
,2466,154,,5.900692939758301
,2467,154,,4.851395606994629
,2468,154,,4.520676612854004
,2469,154,,4.327601909637451
,2470,154,,4.999772071838379
,2471,154,,6.704434871673584
,2472,154,,8.856739044189453
,2473,154,,3.8944218158721924
,2474,154,,5.365618705749512
,2475,154,,6.56734561920166
,2476,154,,6.746338844299316
,2477,154,,6.751706123352051
,2478,154,,5.364630699157715
,2479,154,,6.650367736816406
2480,,155,2.8863792419433594,
2481,,155,4.017800807952881,
2482,,155,2.949355125427246,
2483,,155,0.9940812587738037,
2484,,155,4.331699848175049,
2485,,155,2.186849594116211,
2486,,155,2.3273978233337402,
2487,,155,2.3029534816741943,
2488,,155,2.039113998413086,
2489,,155,1.2086710929870605,
2490,,155,1.8922513723373413,
2491,,155,4.827467441558838,
2492,,155,2.064988613128662,
2493,,155,2.134215831756592,
2494,,155,2.655852794647217,
2495,,155,1.864294409751892,
,2480,155,,6.136127948760986
,2481,155,,3.562523603439331
,2482,155,,4.888800144195557
,2483,155,,5.810423851013184
,2484,155,,5.293631076812744
,2485,155,,4.598464012145996
,2486,155,,6.837374687194824
,2487,155,,5.6654767990112305
,2488,155,,3.479275941848755
,2489,155,,4.175528526306152
,2490,155,,4.029008865356445
,2491,155,,5.157074928283691
,2492,155,,4.503217697143555
,2493,155,,3.0774576663970947
,2494,155,,4.767874717712402
,2495,155,,3.8662586212158203
2496,,156,1.618579387664795,
2497,,156,1.765512466430664,
2498,,156,2.742415428161621,
2499,,156,3.207834243774414,
2500,,156,1.8234057426452637,
2501,,156,1.313685655593872,
2502,,156,1.1425386667251587,
2503,,156,3.907973527908325,
2504,,156,2.7844324111938477,
2505,,156,2.015895366668701,
2506,,156,2.0490097999572754,
2507,,156,1.2029716968536377,
2508,,156,1.543726921081543,
2509,,156,1.234696865081787,
2510,,156,1.2504733800888062,
2511,,156,1.7250758409500122,
,2496,156,,12.313222885131836
,2497,156,,11.866815567016602
,2498,156,,12.267033576965332
,2499,156,,10.665674209594727
,2500,156,,11.092060089111328
,2501,156,,11.439888000488281
,2502,156,,9.423129081726074
,2503,156,,13.211752891540527
,2504,156,,9.689029693603516
,2505,156,,9.78482723236084
,2506,156,,11.789473533630371
,2507,156,,10.925420761108398
,2508,156,,8.607662200927734
,2509,156,,10.572458267211914
,2510,156,,10.658461570739746
,2511,156,,10.273080825805664
2512,,157,3.8626327514648438,
2513,,157,0.9764233231544495,
2514,,157,2.145327568054199,
2515,,157,1.6671603918075562,
2516,,157,1.198201298713684,
2517,,157,2.210592031478882,
2518,,157,5.085897445678711,
2519,,157,1.7658482789993286,
2520,,157,2.4123873710632324,
2521,,157,2.5126686096191406,
2522,,157,1.2507500648498535,
2523,,157,1.8256003856658936,
2524,,157,0.7464397549629211,
2525,,157,1.7634851932525635,
2526,,157,2.1375858783721924,
2527,,157,0.7780278921127319,
,2512,157,,2.5660390853881836
,2513,157,,7.094842433929443
,2514,157,,4.503063201904297
,2515,157,,3.8514537811279297
,2516,157,,4.078639984130859
,2517,157,,5.690655708312988
,2518,157,,5.896243572235107
,2519,157,,5.062576770782471
,2520,157,,4.149715423583984
,2521,157,,3.29581356048584
,2522,157,,5.421662330627441
,2523,157,,4.920340538024902
,2524,157,,3.802990436553955
,2525,157,,5.782382965087891
,2526,157,,5.483695983886719
,2527,157,,4.182643413543701
2528,,158,0.9198049306869507,
2529,,158,1.257952332496643,
2530,,158,1.4000266790390015,
2531,,158,1.5673508644104004,
2532,,158,2.081831216812134,
2533,,158,0.7152636051177979,
2534,,158,3.063572406768799,
2535,,158,0.5987626314163208,
2536,,158,1.3948581218719482,
2537,,158,1.684142827987671,
2538,,158,1.6105271577835083,
2539,,158,2.9672012329101562,
2540,,158,0.8380498290061951,
2541,,158,4.277676582336426,
2542,,158,3.1613759994506836,
2543,,158,1.7287815809249878,
,2528,158,,4.214706897735596
,2529,158,,4.473336696624756
,2530,158,,5.467304229736328
,2531,158,,5.6174702644348145
,2532,158,,5.437066078186035
,2533,158,,3.412803888320923
,2534,158,,7.7468061447143555
,2535,158,,5.7899322509765625
,2536,158,,3.4557862281799316
,2537,158,,3.7628560066223145
,2538,158,,4.210955619812012
,2539,158,,3.0511069297790527
,2540,158,,5.94509744644165
,2541,158,,3.2215113639831543
,2542,158,,4.256321430206299
,2543,158,,6.844819068908691
2544,,159,1.1482229232788086,
2545,,159,1.1536939144134521,
2546,,159,1.396094799041748,
2547,,159,1.2340713739395142,
2548,,159,1.816299319267273,
2549,,159,1.5804518461227417,
2550,,159,1.9154226779937744,
2551,,159,0.9030278325080872,
2552,,159,3.1008434295654297,
2553,,159,1.4707168340682983,
2554,,159,0.6674882173538208,
2555,,159,2.7339227199554443,
2556,,159,1.7466402053833008,
2557,,159,1.6913518905639648,
2558,,159,1.6404995918273926,
2559,,159,1.784440040588379,
,2544,159,,4.645672798156738
,2545,159,,3.763355016708374
,2546,159,,3.2574846744537354
,2547,159,,4.262492656707764
,2548,159,,4.256219863891602
,2549,159,,5.543483257293701
,2550,159,,2.296365261077881
,2551,159,,3.286937713623047
,2552,159,,3.0533621311187744
,2553,159,,6.127715110778809
,2554,159,,3.9702305793762207
,2555,159,,3.871288299560547
,2556,159,,3.54668927192688
,2557,159,,3.6400344371795654
,2558,159,,5.542050361633301
,2559,159,,3.188892364501953
2560,,160,7.675965785980225,
2561,,160,0.9561787247657776,
2562,,160,1.8821780681610107,
2563,,160,1.6751072406768799,
2564,,160,1.078604817390442,
2565,,160,0.9064384698867798,
2566,,160,3.3839540481567383,
2567,,160,1.4538027048110962,
2568,,160,1.903717041015625,
2569,,160,1.7213789224624634,
2570,,160,2.4123988151550293,
2571,,160,1.7029980421066284,
2572,,160,1.2660928964614868,
2573,,160,1.0644766092300415,
2574,,160,2.4652109146118164,
2575,,160,6.4286723136901855,
,2560,160,,3.6751515865325928
,2561,160,,4.679914951324463
,2562,160,,5.829023361206055
,2563,160,,6.058703422546387
,2564,160,,4.472992420196533
,2565,160,,8.639522552490234
,2566,160,,5.865448951721191
,2567,160,,5.3771891593933105
,2568,160,,4.408936500549316
,2569,160,,5.689150810241699
,2570,160,,5.52744197845459
,2571,160,,5.339181900024414
,2572,160,,5.344970703125
,2573,160,,5.317607879638672
,2574,160,,5.672688961029053
,2575,160,,4.781286239624023
2576,,161,1.622365951538086,
2577,,161,2.111806631088257,
2578,,161,2.520209789276123,
2579,,161,0.7967061996459961,
2580,,161,2.5696938037872314,
2581,,161,2.0921711921691895,
2582,,161,4.675328731536865,
2583,,161,1.9902640581130981,
2584,,161,0.9536697864532471,
2585,,161,3.314056634902954,
2586,,161,1.5617321729660034,
2587,,161,2.097684860229492,
2588,,161,1.3981096744537354,
2589,,161,2.4620301723480225,
2590,,161,2.8101067543029785,
2591,,161,0.9758448004722595,
,2576,161,,3.7175707817077637
,2577,161,,2.6938371658325195
,2578,161,,4.789349555969238
,2579,161,,4.958078384399414
,2580,161,,3.1235103607177734
,2581,161,,2.9393272399902344
,2582,161,,2.989475727081299
,2583,161,,2.800334930419922
,2584,161,,2.748739719390869
,2585,161,,4.275507926940918
,2586,161,,5.141151428222656
,2587,161,,4.418814182281494
,2588,161,,2.16127872467041
,2589,161,,3.4448258876800537
,2590,161,,3.9074954986572266
,2591,161,,3.6570754051208496
2592,,162,1.1867724657058716,
2593,,162,1.5765305757522583,
2594,,162,1.5544136762619019,
2595,,162,0.6651065349578857,
2596,,162,1.036767840385437,
2597,,162,3.323540449142456,
2598,,162,2.115260362625122,
2599,,162,1.1153056621551514,
2600,,162,1.4405336380004883,
2601,,162,3.5747289657592773,
2602,,162,1.686477780342102,
2603,,162,1.9491310119628906,
2604,,162,2.2520127296447754,
2605,,162,3.1458287239074707,
2606,,162,1.859865665435791,
2607,,162,1.2826428413391113,
,2592,162,,5.419844627380371
,2593,162,,4.489325523376465
,2594,162,,5.051975250244141
,2595,162,,4.337620735168457
,2596,162,,5.768993377685547
,2597,162,,3.6874489784240723
,2598,162,,4.554967880249023
,2599,162,,5.381866931915283
,2600,162,,5.953062057495117
,2601,162,,4.100777626037598
,2602,162,,4.207546710968018
,2603,162,,4.2390642166137695
,2604,162,,4.433498859405518
,2605,162,,4.884274959564209
,2606,162,,5.080862045288086
,2607,162,,6.500799179077148
2608,,163,3.2172560691833496,
2609,,163,1.965975284576416,
2610,,163,0.6284207105636597,
2611,,163,1.8399690389633179,
2612,,163,0.908108115196228,
2613,,163,1.1842727661132812,
2614,,163,1.3490158319473267,
2615,,163,2.0110561847686768,
2616,,163,1.7165303230285645,
2617,,163,0.9624043703079224,
2618,,163,0.489020973443985,
2619,,163,2.942638874053955,
2620,,163,1.7976508140563965,
2621,,163,1.411769986152649,
2622,,163,1.7990508079528809,
2623,,163,1.3841800689697266,
,2608,163,,3.297414779663086
,2609,163,,3.5766682624816895
,2610,163,,4.510810375213623
,2611,163,,3.904815435409546
,2612,163,,4.166568756103516
,2613,163,,3.339263677597046
,2614,163,,3.6329476833343506
,2615,163,,2.5488669872283936
,2616,163,,3.5174856185913086
,2617,163,,5.281421661376953
,2618,163,,4.213137149810791
,2619,163,,3.588634967803955
,2620,163,,3.784230947494507
,2621,163,,3.9400992393493652
,2622,163,,2.358307361602783
,2623,163,,3.7501862049102783
2624,,164,1.3863747119903564,
2625,,164,2.3952929973602295,
2626,,164,1.9274039268493652,
2627,,164,3.421147108078003,
2628,,164,2.7345969676971436,
2629,,164,1.2321810722351074,
2630,,164,1.8197872638702393,
2631,,164,1.5917317867279053,
2632,,164,0.7190911769866943,
2633,,164,11.298172950744629,
2634,,164,1.908287525177002,
2635,,164,2.634434938430786,
2636,,164,2.6563267707824707,
2637,,164,2.8118484020233154,
2638,,164,1.4364984035491943,
2639,,164,4.034650802612305,
,2624,164,,6.470312118530273
,2625,164,,8.82581901550293
,2626,164,,8.015266418457031
,2627,164,,9.266702651977539
,2628,164,,12.006189346313477
,2629,164,,6.394704818725586
,2630,164,,8.257770538330078
,2631,164,,7.634225845336914
,2632,164,,8.238316535949707
,2633,164,,7.37201452255249
,2634,164,,9.114313125610352
,2635,164,,6.031553268432617
,2636,164,,7.712771892547607
,2637,164,,8.43126392364502
,2638,164,,8.686716079711914
,2639,164,,9.216116905212402
2640,,165,0.8401476740837097,
2641,,165,1.9794631004333496,
2642,,165,2.4744420051574707,
2643,,165,1.0338401794433594,
2644,,165,1.7012734413146973,
2645,,165,2.04190731048584,
2646,,165,3.8754727840423584,
2647,,165,1.9152076244354248,
2648,,165,1.28118097782135,
2649,,165,0.3194407820701599,
2650,,165,2.6974005699157715,
2651,,165,1.3551340103149414,
2652,,165,3.5425915718078613,
2653,,165,2.146693706512451,
2654,,165,1.2998311519622803,
2655,,165,2.9212779998779297,
,2640,165,,3.1058483123779297
,2641,165,,5.746857166290283
,2642,165,,5.526115417480469
,2643,165,,5.516435623168945
,2644,165,,4.776243209838867
,2645,165,,4.279500961303711
,2646,165,,4.444821357727051
,2647,165,,2.821455955505371
,2648,165,,6.376276016235352
,2649,165,,2.7584948539733887
,2650,165,,4.070123672485352
,2651,165,,3.8048062324523926
,2652,165,,4.363027572631836
,2653,165,,2.9184505939483643
,2654,165,,4.126850128173828
,2655,165,,3.049633026123047
2656,,166,2.742427110671997,
2657,,166,1.5884230136871338,
2658,,166,1.9461623430252075,
2659,,166,2.2572290897369385,
2660,,166,3.018850803375244,
2661,,166,2.9555492401123047,
2662,,166,4.826759338378906,
2663,,166,0.8748587965965271,
2664,,166,0.9941394925117493,
2665,,166,1.5812402963638306,
2666,,166,0.7624813914299011,
2667,,166,2.169375419616699,
2668,,166,2.341054677963257,
2669,,166,1.3053936958312988,
2670,,166,1.3999078273773193,
2671,,166,1.673243522644043,
,2656,166,,2.5745017528533936
,2657,166,,3.332691192626953
,2658,166,,3.917931318283081
,2659,166,,1.6473135948181152
,2660,166,,3.491675615310669
,2661,166,,4.146644592285156
,2662,166,,4.374899864196777
,2663,166,,3.8445029258728027
,2664,166,,3.314643144607544
,2665,166,,3.92447566986084
,2666,166,,3.715965509414673
,2667,166,,2.8120663166046143
,2668,166,,2.828242540359497
,2669,166,,2.8791322708129883
,2670,166,,3.8036904335021973
,2671,166,,4.319010257720947
2672,,167,2.5115809440612793,
2673,,167,1.6740705966949463,
2674,,167,0.7352588176727295,
2675,,167,0.9464415907859802,
2676,,167,1.1438472270965576,
2677,,167,1.439087152481079,
2678,,167,1.0744956731796265,
2679,,167,1.0975186824798584,
2680,,167,3.726773262023926,
2681,,167,2.1555418968200684,
2682,,167,2.1709070205688477,
2683,,167,3.4069886207580566,
2684,,167,0.6492477655410767,
2685,,167,1.1391081809997559,
2686,,167,1.6421972513198853,
2687,,167,0.7902884483337402,
,2672,167,,6.153143882751465
,2673,167,,5.673022747039795
,2674,167,,5.207901477813721
,2675,167,,5.894933700561523
,2676,167,,5.155991077423096
,2677,167,,6.69756555557251
,2678,167,,5.823455810546875
,2679,167,,5.443070888519287
,2680,167,,4.735889911651611
,2681,167,,4.806236267089844
,2682,167,,4.189639091491699
,2683,167,,6.613189697265625
,2684,167,,7.8343610763549805
,2685,167,,3.5778214931488037
,2686,167,,5.358776092529297
,2687,167,,4.02621603012085
2688,,168,1.9044387340545654,
2689,,168,0.9211510419845581,
2690,,168,1.1985360383987427,
2691,,168,1.3663488626480103,
2692,,168,1.6920396089553833,
2693,,168,1.1440629959106445,
2694,,168,1.1233229637145996,
2695,,168,0.690305233001709,
2696,,168,1.6941174268722534,
2697,,168,0.7320568561553955,
2698,,168,3.10550594329834,
2699,,168,2.177675247192383,
2700,,168,1.6745707988739014,
2701,,168,2.5148563385009766,
2702,,168,1.7904512882232666,
2703,,168,1.1776365041732788,
,2688,168,,5.806879043579102
,2689,168,,4.0080461502075195
,2690,168,,5.675691604614258
,2691,168,,3.746985673904419
,2692,168,,4.364040374755859
,2693,168,,6.327841281890869
,2694,168,,5.3034348487854
,2695,168,,7.275184154510498
,2696,168,,4.866950511932373
,2697,168,,6.068449020385742
,2698,168,,7.774870872497559
,2699,168,,5.988437652587891
,2700,168,,4.011758804321289
,2701,168,,4.568816184997559
,2702,168,,6.454052925109863
,2703,168,,4.889678955078125
2704,,169,0.7806218266487122,
2705,,169,1.5609302520751953,
2706,,169,1.4898407459259033,
2707,,169,1.8289743661880493,
2708,,169,0.9658861756324768,
2709,,169,2.6657919883728027,
2710,,169,1.7751120328903198,
2711,,169,1.042711615562439,
2712,,169,1.8310236930847168,
2713,,169,1.9930307865142822,
2714,,169,1.4699745178222656,
2715,,169,0.7255417704582214,
2716,,169,1.8516260385513306,
2717,,169,1.4537785053253174,
2718,,169,3.1708741188049316,
2719,,169,1.924570083618164,
,2704,169,,5.842066287994385
,2705,169,,5.757221221923828
,2706,169,,3.789078712463379
,2707,169,,4.5796003341674805
,2708,169,,5.141594409942627
,2709,169,,5.726921558380127
,2710,169,,3.967036724090576
,2711,169,,5.64241886138916
,2712,169,,5.262414932250977
,2713,169,,5.548296928405762
,2714,169,,2.961697578430176
,2715,169,,5.217703819274902
,2716,169,,4.830801010131836
,2717,169,,7.534644603729248
,2718,169,,4.105268478393555
,2719,169,,5.07979154586792
2720,,170,0.8922733664512634,
2721,,170,1.9863392114639282,
2722,,170,1.0892573595046997,
2723,,170,1.6677922010421753,
2724,,170,2.012920379638672,
2725,,170,1.7976293563842773,
2726,,170,1.0404598712921143,
2727,,170,1.5427982807159424,
2728,,170,1.2159503698349,
2729,,170,2.0071287155151367,
2730,,170,1.252120852470398,
2731,,170,2.357273578643799,
2732,,170,0.7405465841293335,
2733,,170,1.8710657358169556,
2734,,170,1.9948301315307617,
2735,,170,0.5131375789642334,
,2720,170,,5.303956031799316
,2721,170,,5.432737350463867
,2722,170,,5.488094329833984
,2723,170,,6.674755096435547
,2724,170,,5.1246232986450195
,2725,170,,5.56269645690918
,2726,170,,4.609137535095215
,2727,170,,6.027780055999756
,2728,170,,6.810968399047852
,2729,170,,5.6789679527282715
,2730,170,,3.797952651977539
,2731,170,,5.871572017669678
,2732,170,,3.4958906173706055
,2733,170,,5.236682891845703
,2734,170,,4.7489752769470215
,2735,170,,6.449362277984619
2736,,171,2.110790729522705,
2737,,171,2.3207361698150635,
2738,,171,1.7640106678009033,
2739,,171,1.502852439880371,
2740,,171,1.9269946813583374,
2741,,171,1.8122448921203613,
2742,,171,1.101149082183838,
2743,,171,2.9686079025268555,
2744,,171,2.1530377864837646,
2745,,171,2.2285330295562744,
2746,,171,1.7792125940322876,
2747,,171,0.7041168212890625,
2748,,171,1.0044336318969727,
2749,,171,1.7590750455856323,
2750,,171,2.0822231769561768,
2751,,171,1.8205797672271729,
,2736,171,,3.867384910583496
,2737,171,,2.2597343921661377
,2738,171,,4.099241256713867
,2739,171,,3.0089001655578613
,2740,171,,5.355842590332031
,2741,171,,2.875675678253174
,2742,171,,3.991492986679077
,2743,171,,3.882453680038452
,2744,171,,3.866342544555664
,2745,171,,2.830544948577881
,2746,171,,3.2608304023742676
,2747,171,,3.1890616416931152
,2748,171,,4.1252336502075195
,2749,171,,2.7946367263793945
,2750,171,,1.747391939163208
,2751,171,,3.617966413497925
2752,,172,1.1452685594558716,
2753,,172,0.7366243600845337,
2754,,172,1.28365957736969,
2755,,172,2.191521167755127,
2756,,172,2.1435763835906982,
2757,,172,2.2867956161499023,
2758,,172,1.313819408416748,
2759,,172,1.2482997179031372,
2760,,172,1.9521843194961548,
2761,,172,2.6933951377868652,
2762,,172,1.584925651550293,
2763,,172,3.0839855670928955,
2764,,172,0.8419421315193176,
2765,,172,2.000394821166992,
2766,,172,0.9952543377876282,
2767,,172,0.5947805643081665,
,2752,172,,3.351925849914551
,2753,172,,2.492154836654663
,2754,172,,3.846965789794922
,2755,172,,3.676708459854126
,2756,172,,3.736870765686035
,2757,172,,3.0567338466644287
,2758,172,,5.006355285644531
,2759,172,,4.032729148864746
,2760,172,,2.9163432121276855
,2761,172,,4.860348224639893
,2762,172,,4.557193279266357
,2763,172,,3.3946988582611084
,2764,172,,3.7864599227905273
,2765,172,,4.4245781898498535
,2766,172,,2.4008941650390625
,2767,172,,2.7974209785461426
2768,,173,1.140472650527954,
2769,,173,0.5596423745155334,
2770,,173,1.8648802042007446,
2771,,173,1.3738328218460083,
2772,,173,1.5272157192230225,
2773,,173,2.256192445755005,
2774,,173,1.687523365020752,
2775,,173,7.870964050292969,
2776,,173,1.1201858520507812,
2777,,173,1.6902787685394287,
2778,,173,1.443442702293396,
2779,,173,1.9159178733825684,
2780,,173,1.4388254880905151,
2781,,173,2.426424980163574,
2782,,173,1.6874167919158936,
2783,,173,1.9469830989837646,
,2768,173,,3.78277587890625
,2769,173,,3.7534713745117188
,2770,173,,4.504342079162598
,2771,173,,5.574536323547363
,2772,173,,5.710743427276611
,2773,173,,4.061988830566406
,2774,173,,5.205693244934082
,2775,173,,5.569410800933838
,2776,173,,8.343215942382812
,2777,173,,6.034580707550049
,2778,173,,3.968376398086548
,2779,173,,3.4575674533843994
,2780,173,,4.267058372497559
,2781,173,,4.383037567138672
,2782,173,,3.848186492919922
,2783,173,,4.817829132080078
2784,,174,1.6939579248428345,
2785,,174,1.5833934545516968,
2786,,174,2.841662883758545,
2787,,174,0.364779531955719,
2788,,174,3.3874573707580566,
2789,,174,1.465430736541748,
2790,,174,1.0329726934432983,
2791,,174,0.6195799708366394,
2792,,174,3.3037943840026855,
2793,,174,1.8050849437713623,
2794,,174,1.9214919805526733,
2795,,174,1.7395150661468506,
2796,,174,1.4402425289154053,
2797,,174,1.1862962245941162,
2798,,174,1.535440444946289,
2799,,174,0.7013452053070068,
,2784,174,,3.5959455966949463
,2785,174,,5.933692932128906
,2786,174,,3.938047409057617
,2787,174,,3.626351833343506
,2788,174,,4.390303611755371
,2789,174,,4.001253128051758
,2790,174,,4.256612777709961
,2791,174,,5.051479339599609
,2792,174,,3.1140098571777344
,2793,174,,3.943824291229248
,2794,174,,5.368185043334961
,2795,174,,3.84049129486084
,2796,174,,5.175300598144531
,2797,174,,4.101567268371582
,2798,174,,3.6891181468963623
,2799,174,,5.195189476013184
2800,,175,2.0802206993103027,
2801,,175,1.5355015993118286,
2802,,175,1.593230962753296,
2803,,175,0.7095459699630737,
2804,,175,1.356701374053955,
2805,,175,1.6648868322372437,
2806,,175,1.333951473236084,
2807,,175,0.9366708397865295,
2808,,175,1.1928266286849976,
2809,,175,1.174666166305542,
2810,,175,0.9558534622192383,
2811,,175,3.506333827972412,
2812,,175,1.3625285625457764,
2813,,175,1.6062216758728027,
2814,,175,1.5093005895614624,
2815,,175,0.7578379511833191,
,2800,175,,3.7443087100982666
,2801,175,,4.711369514465332
,2802,175,,6.159759521484375
,2803,175,,4.939830780029297
,2804,175,,5.529926300048828
,2805,175,,8.125658988952637
,2806,175,,4.767187118530273
,2807,175,,5.762217044830322
,2808,175,,6.229919910430908
,2809,175,,6.24009895324707
,2810,175,,5.009677886962891
,2811,175,,4.293351173400879
,2812,175,,5.934836387634277
,2813,175,,5.663480281829834
,2814,175,,4.152609825134277
,2815,175,,8.15041732788086
2816,,176,1.9925103187561035,
2817,,176,1.2811833620071411,
2818,,176,1.5676378011703491,
2819,,176,0.7056692838668823,
2820,,176,1.0782043933868408,
2821,,176,2.4587855339050293,
2822,,176,1.0583957433700562,
2823,,176,2.063211441040039,
2824,,176,1.6517665386199951,
2825,,176,2.3320465087890625,
2826,,176,1.9952160120010376,
2827,,176,2.774543523788452,
2828,,176,0.9993759393692017,
2829,,176,2.0914478302001953,
2830,,176,1.220682144165039,
2831,,176,1.6507858037948608,
,2816,176,,4.613063812255859
,2817,176,,4.2200493812561035
,2818,176,,2.6304280757904053
,2819,176,,4.236673355102539
,2820,176,,2.816741943359375
,2821,176,,4.123884677886963
,2822,176,,2.4765963554382324
,2823,176,,3.5154004096984863
,2824,176,,3.7445926666259766
,2825,176,,3.092599868774414
,2826,176,,3.833883285522461
,2827,176,,4.018576622009277
,2828,176,,3.467198371887207
,2829,176,,2.760714292526245
,2830,176,,2.9747512340545654
,2831,176,,2.4453752040863037
2832,,177,0.5221748948097229,
2833,,177,1.8588165044784546,
2834,,177,2.017056465148926,
2835,,177,1.222356915473938,
2836,,177,0.4976195693016052,
2837,,177,1.0996172428131104,
2838,,177,1.0770573616027832,
2839,,177,0.8187812566757202,
2840,,177,0.6950316429138184,
2841,,177,4.050972938537598,
2842,,177,3.167520046234131,
2843,,177,0.7466686964035034,
2844,,177,2.212958335876465,
2845,,177,0.8543332815170288,
2846,,177,0.5197158455848694,
2847,,177,1.9740465879440308,
,2832,177,,4.539544105529785
,2833,177,,5.558417320251465
,2834,177,,3.9066550731658936
,2835,177,,4.996596336364746
,2836,177,,4.691275119781494
,2837,177,,4.778872013092041
,2838,177,,4.6021647453308105
,2839,177,,5.3590826988220215
,2840,177,,4.276865482330322
,2841,177,,3.9411158561706543
,2842,177,,5.34567928314209
,2843,177,,3.1732637882232666
,2844,177,,4.7484588623046875
,2845,177,,5.744513511657715
,2846,177,,4.977840423583984
,2847,177,,3.2681872844696045
2848,,178,2.90069580078125,
2849,,178,4.629458427429199,
2850,,178,1.3653912544250488,
2851,,178,0.2821076512336731,
2852,,178,4.453324317932129,
2853,,178,0.575855553150177,
2854,,178,0.8918420672416687,
2855,,178,1.3549673557281494,
2856,,178,2.9313912391662598,
2857,,178,1.1206564903259277,
2858,,178,1.3387503623962402,
2859,,178,3.0432703495025635,
2860,,178,2.005298376083374,
2861,,178,2.0050525665283203,
2862,,178,1.169600486755371,
2863,,178,1.5634739398956299,
,2848,178,,5.061707496643066
,2849,178,,3.9593381881713867
,2850,178,,4.470107078552246
,2851,178,,5.210086822509766
,2852,178,,2.9849135875701904
,2853,178,,3.495590925216675
,2854,178,,3.2912545204162598
,2855,178,,3.092846632003784
,2856,178,,4.0121073722839355
,2857,178,,3.5283756256103516
,2858,178,,6.210555076599121
,2859,178,,2.991020679473877
,2860,178,,4.373758316040039
,2861,178,,3.098875045776367
,2862,178,,2.5404155254364014
,2863,178,,3.8392183780670166
2864,,179,1.6869280338287354,
2865,,179,1.6777100563049316,
2866,,179,3.911302328109741,
2867,,179,2.5811774730682373,
2868,,179,1.3510688543319702,
2869,,179,2.0158274173736572,
2870,,179,3.4489095211029053,
2871,,179,0.73042231798172,
2872,,179,1.4806350469589233,
2873,,179,2.3372457027435303,
2874,,179,3.879755735397339,
2875,,179,4.351617813110352,
2876,,179,1.1488580703735352,
2877,,179,1.3968610763549805,
2878,,179,2.2089579105377197,
2879,,179,1.5557608604431152,
,2864,179,,5.8995866775512695
,2865,179,,5.509654998779297
,2866,179,,6.914041996002197
,2867,179,,5.697751998901367
,2868,179,,7.1700944900512695
,2869,179,,5.783700942993164
,2870,179,,6.627265930175781
,2871,179,,6.409989356994629
,2872,179,,5.676926612854004
,2873,179,,5.5526442527771
,2874,179,,4.797237396240234
,2875,179,,6.43298864364624
,2876,179,,6.1472978591918945
,2877,179,,4.8561201095581055
,2878,179,,4.653063774108887
,2879,179,,5.67048978805542
2880,,180,1.1337794065475464,
2881,,180,1.5305523872375488,
2882,,180,1.6912841796875,
2883,,180,1.260064721107483,
2884,,180,2.521409511566162,
2885,,180,1.9608826637268066,
2886,,180,0.29827427864074707,
2887,,180,2.0800113677978516,
2888,,180,1.1620206832885742,
2889,,180,2.158686637878418,
2890,,180,3.665750503540039,
2891,,180,1.8772480487823486,
2892,,180,2.6906580924987793,
2893,,180,2.0977888107299805,
2894,,180,0.8647550940513611,
2895,,180,1.4148997068405151,
,2880,180,,5.293306350708008
,2881,180,,4.594614028930664
,2882,180,,4.6082539558410645
,2883,180,,3.749886989593506
,2884,180,,3.034766912460327
,2885,180,,4.194723129272461
,2886,180,,5.461657524108887
,2887,180,,3.562649726867676
,2888,180,,3.50242280960083
,2889,180,,2.854053020477295
,2890,180,,2.4518301486968994
,2891,180,,5.84012508392334
,2892,180,,5.4629597663879395
,2893,180,,6.996908664703369
,2894,180,,2.9276909828186035
,2895,180,,3.9354023933410645
2896,,181,4.537378311157227,
2897,,181,1.5747877359390259,
2898,,181,1.5643513202667236,
2899,,181,1.8553119897842407,
2900,,181,10.13722038269043,
2901,,181,4.309691905975342,
2902,,181,2.246973991394043,
2903,,181,1.099159836769104,
2904,,181,1.7242828607559204,
2905,,181,1.5818071365356445,
2906,,181,0.9627383947372437,
2907,,181,1.6690311431884766,
2908,,181,2.649428367614746,
2909,,181,1.580920696258545,
2910,,181,4.344298839569092,
2911,,181,0.29149484634399414,
,2896,181,,3.411120891571045
,2897,181,,4.3124847412109375
,2898,181,,2.6245737075805664
,2899,181,,3.656923294067383
,2900,181,,2.9618897438049316
,2901,181,,4.628177642822266
,2902,181,,5.790637969970703
,2903,181,,6.05845832824707
,2904,181,,4.81251335144043
,2905,181,,5.983718395233154
,2906,181,,3.108962059020996
,2907,181,,6.913753032684326
,2908,181,,3.527970790863037
,2909,181,,5.355080604553223
,2910,181,,3.5367727279663086
,2911,181,,4.773179531097412
2912,,182,3.1901395320892334,
2913,,182,0.7965689301490784,
2914,,182,2.053107261657715,
2915,,182,1.4364289045333862,
2916,,182,2.4930198192596436,
2917,,182,1.9911140203475952,
2918,,182,2.370926856994629,
2919,,182,2.2676620483398438,
2920,,182,2.6839439868927,
2921,,182,1.2670812606811523,
2922,,182,2.2807130813598633,
2923,,182,3.7310523986816406,
2924,,182,1.5847232341766357,
2925,,182,0.16762810945510864,
2926,,182,0.5077269077301025,
2927,,182,2.4211535453796387,
,2912,182,,3.6050021648406982
,2913,182,,3.3560070991516113
,2914,182,,3.338589906692505
,2915,182,,2.2825565338134766
,2916,182,,5.15101432800293
,2917,182,,2.4288790225982666
,2918,182,,3.515331745147705
,2919,182,,3.556871175765991
,2920,182,,4.483091354370117
,2921,182,,3.0707554817199707
,2922,182,,3.4941229820251465
,2923,182,,5.006507873535156
,2924,182,,4.5390625
,2925,182,,2.526817798614502
,2926,182,,1.9304739236831665
,2927,182,,2.6465182304382324
2928,,183,0.6080895662307739,
2929,,183,1.4240189790725708,
2930,,183,0.7101413011550903,
2931,,183,1.6638250350952148,
2932,,183,2.5380568504333496,
2933,,183,3.0626232624053955,
2934,,183,2.309504985809326,
2935,,183,1.122572660446167,
2936,,183,2.6775522232055664,
2937,,183,2.841146469116211,
2938,,183,1.404359221458435,
2939,,183,1.9372191429138184,
2940,,183,1.0472140312194824,
2941,,183,1.9645113945007324,
2942,,183,1.7394986152648926,
2943,,183,4.836092948913574,
,2928,183,,5.023985862731934
,2929,183,,5.564438819885254
,2930,183,,4.7341814041137695
,2931,183,,4.254786968231201
,2932,183,,4.603376388549805
,2933,183,,5.702568531036377
,2934,183,,3.1670360565185547
,2935,183,,3.5110690593719482
,2936,183,,5.581909656524658
,2937,183,,4.206121444702148
,2938,183,,4.831643104553223
,2939,183,,4.415709018707275
,2940,183,,3.539940595626831
,2941,183,,4.856818675994873
,2942,183,,4.126303672790527
,2943,183,,3.7973508834838867
2944,,184,3.6381425857543945,
2945,,184,1.8813400268554688,
2946,,184,1.9997636079788208,
2947,,184,0.6305534243583679,
2948,,184,0.7957522869110107,
2949,,184,1.6286427974700928,
2950,,184,2.960653066635132,
2951,,184,0.29006755352020264,
2952,,184,2.070199966430664,
2953,,184,0.9989954829216003,
2954,,184,2.2095589637756348,
2955,,184,1.5881061553955078,
2956,,184,2.72475528717041,
2957,,184,1.7184679508209229,
2958,,184,0.9907166957855225,
2959,,184,2.2935009002685547,
,2944,184,,4.923203468322754
,2945,184,,6.220720291137695
,2946,184,,4.124159336090088
,2947,184,,3.497999429702759
,2948,184,,5.169535160064697
,2949,184,,3.5890870094299316
,2950,184,,4.421006202697754
,2951,184,,4.568449974060059
,2952,184,,5.12469482421875
,2953,184,,2.877812623977661
,2954,184,,6.74098014831543
,2955,184,,5.704837322235107
,2956,184,,3.860719680786133
,2957,184,,6.541904926300049
,2958,184,,3.9797427654266357
,2959,184,,3.393923044204712
2960,,185,2.6775264739990234,
2961,,185,2.423917770385742,
2962,,185,1.8546689748764038,
2963,,185,0.7083566188812256,
2964,,185,1.1812515258789062,
2965,,185,1.271087884902954,
2966,,185,1.4473636150360107,
2967,,185,2.1306233406066895,
2968,,185,1.187178611755371,
2969,,185,0.41709330677986145,
2970,,185,1.6649906635284424,
2971,,185,3.728581428527832,
2972,,185,2.7418429851531982,
2973,,185,6.151249408721924,
2974,,185,2.6583313941955566,
2975,,185,0.9050358533859253,
,2960,185,,4.198526382446289
,2961,185,,5.8441548347473145
,2962,185,,4.590063095092773
,2963,185,,5.546017646789551
,2964,185,,6.680887699127197
,2965,185,,5.168781280517578
,2966,185,,5.796416282653809
,2967,185,,8.28336238861084
,2968,185,,5.902681350708008
,2969,185,,5.341402053833008
,2970,185,,5.040220260620117
,2971,185,,5.895737648010254
,2972,185,,4.6856489181518555
,2973,185,,4.583090782165527
,2974,185,,4.190295696258545
,2975,185,,5.0608720779418945
2976,,186,2.7751903533935547,
2977,,186,0.4445318579673767,
2978,,186,2.160317897796631,
2979,,186,1.1175248622894287,
2980,,186,2.1989872455596924,
2981,,186,1.1913243532180786,
2982,,186,1.844691276550293,
2983,,186,0.7915226221084595,
2984,,186,1.8687074184417725,
2985,,186,1.1692121028900146,
2986,,186,3.3061869144439697,
2987,,186,2.009298801422119,
2988,,186,0.8800879120826721,
2989,,186,0.9177750945091248,
2990,,186,1.0325794219970703,
2991,,186,2.5761337280273438,
,2976,186,,4.587486267089844
,2977,186,,3.5651040077209473
,2978,186,,4.466900825500488
,2979,186,,3.4658942222595215
,2980,186,,3.1059699058532715
,2981,186,,3.9062705039978027
,2982,186,,3.3541951179504395
,2983,186,,3.0186727046966553
,2984,186,,4.421767234802246
,2985,186,,4.321896553039551
,2986,186,,3.0894668102264404
,2987,186,,4.663069725036621
,2988,186,,3.7176458835601807
,2989,186,,4.009339332580566
,2990,186,,3.356938123703003
,2991,186,,5.792843341827393
2992,,187,2.6201672554016113,
2993,,187,3.1558361053466797,
2994,,187,1.05386221408844,
2995,,187,1.1451460123062134,
2996,,187,0.7337043285369873,
2997,,187,1.6695349216461182,
2998,,187,1.6452274322509766,
2999,,187,1.0346401929855347,
3000,,187,2.2223258018493652,
3001,,187,2.604591131210327,
3002,,187,2.045029878616333,
3003,,187,2.855192184448242,
3004,,187,0.9175634980201721,
3005,,187,1.1962850093841553,
3006,,187,1.8672239780426025,
3007,,187,0.2032318413257599,
,2992,187,,2.6014857292175293
,2993,187,,2.8311986923217773
,2994,187,,3.8393869400024414
,2995,187,,3.2197320461273193
,2996,187,,2.6893815994262695
,2997,187,,3.6005797386169434
,2998,187,,3.337352991104126
,2999,187,,3.0345003604888916
,3000,187,,1.8326926231384277
,3001,187,,3.0477681159973145
,3002,187,,3.567941665649414
,3003,187,,3.584413528442383
,3004,187,,2.328930377960205
,3005,187,,3.730923652648926
,3006,187,,3.8863844871520996
,3007,187,,3.3464090824127197
3008,,188,0.728672206401825,
3009,,188,3.2505125999450684,
3010,,188,1.1384713649749756,
3011,,188,1.6391782760620117,
3012,,188,3.6929824352264404,
3013,,188,1.420203685760498,
3014,,188,3.1873841285705566,
3015,,188,1.353269338607788,
3016,,188,4.010794639587402,
3017,,188,1.3442081212997437,
3018,,188,3.404416799545288,
3019,,188,2.765364646911621,
3020,,188,1.372896671295166,
3021,,188,3.331880807876587,
3022,,188,1.9420653581619263,
3023,,188,2.343663215637207,
,3008,188,,3.7097809314727783
,3009,188,,3.353461980819702
,3010,188,,2.9291343688964844
,3011,188,,3.0342721939086914
,3012,188,,4.210057258605957
,3013,188,,3.200324535369873
,3014,188,,3.4510273933410645
,3015,188,,2.6480836868286133
,3016,188,,3.3305797576904297
,3017,188,,3.577268362045288
,3018,188,,4.576907157897949
,3019,188,,2.2815866470336914
,3020,188,,3.0033702850341797
,3021,188,,3.938680648803711
,3022,188,,3.4338221549987793
,3023,188,,2.399815797805786
3024,,189,0.7169181704521179,
3025,,189,2.650306224822998,
3026,,189,0.800915539264679,
3027,,189,0.9967323541641235,
3028,,189,1.7169514894485474,
3029,,189,1.4705833196640015,
3030,,189,2.0211150646209717,
3031,,189,2.0365123748779297,
3032,,189,0.845757007598877,
3033,,189,0.6574682593345642,
3034,,189,1.836168885231018,
3035,,189,0.7174599170684814,
3036,,189,2.143158435821533,
3037,,189,1.410451889038086,
3038,,189,1.011152982711792,
3039,,189,0.8832808136940002,
,3024,189,,3.8726720809936523
,3025,189,,3.2867486476898193
,3026,189,,1.8428528308868408
,3027,189,,4.2524189949035645
,3028,189,,2.514374256134033
,3029,189,,1.5079175233840942
,3030,189,,3.2373509407043457
,3031,189,,3.2926645278930664
,3032,189,,3.9906606674194336
,3033,189,,3.3547399044036865
,3034,189,,3.331207275390625
,3035,189,,2.9195713996887207
,3036,189,,2.9042367935180664
,3037,189,,3.087073802947998
,3038,189,,1.6199588775634766
,3039,189,,2.3941047191619873
3040,,190,0.9281233549118042,
3041,,190,1.556166410446167,
3042,,190,1.1326141357421875,
3043,,190,1.2143529653549194,
3044,,190,3.0642194747924805,
3045,,190,1.4080754518508911,
3046,,190,1.6892926692962646,
3047,,190,2.435763120651245,
3048,,190,1.1008687019348145,
3049,,190,1.0639082193374634,
3050,,190,1.721402645111084,
3051,,190,1.4004356861114502,
3052,,190,1.219388484954834,
3053,,190,3.0359816551208496,
3054,,190,0.7125813961029053,
3055,,190,2.9176955223083496,
,3040,190,,4.259394645690918
,3041,190,,7.878958225250244
,3042,190,,4.7184319496154785
,3043,190,,5.824638366699219
,3044,190,,4.036711692810059
,3045,190,,3.6312153339385986
,3046,190,,4.304189682006836
,3047,190,,3.9156174659729004
,3048,190,,3.7686097621917725
,3049,190,,4.307714462280273
,3050,190,,5.702078819274902
,3051,190,,4.915411949157715
,3052,190,,4.740918159484863
,3053,190,,3.578036069869995
,3054,190,,4.878879547119141
,3055,190,,4.8858442306518555
3056,,191,0.5346183776855469,
3057,,191,1.1979939937591553,
3058,,191,0.6548755764961243,
3059,,191,2.3003177642822266,
3060,,191,2.4432966709136963,
3061,,191,2.027719020843506,
3062,,191,0.8478283286094666,
3063,,191,1.5838098526000977,
3064,,191,2.168826103210449,
3065,,191,1.0344231128692627,
3066,,191,1.375849723815918,
3067,,191,2.003567695617676,
3068,,191,0.954322338104248,
3069,,191,2.3856780529022217,
3070,,191,1.6379470825195312,
3071,,191,3.3901519775390625,
,3056,191,,4.643795013427734
,3057,191,,4.661500453948975
,3058,191,,6.574894428253174
,3059,191,,5.313983917236328
,3060,191,,6.817232131958008
,3061,191,,7.453519821166992
,3062,191,,6.131906509399414
,3063,191,,6.778444766998291
,3064,191,,7.556839942932129
,3065,191,,7.573056221008301
,3066,191,,7.579887390136719
,3067,191,,8.407781600952148
,3068,191,,7.370358943939209
,3069,191,,7.85236930847168
,3070,191,,8.170461654663086
,3071,191,,6.3545122146606445
3072,,192,3.188450336456299,
3073,,192,1.0931470394134521,
3074,,192,1.3071380853652954,
3075,,192,0.840447723865509,
3076,,192,1.1321288347244263,
3077,,192,2.1153135299682617,
3078,,192,0.8080999255180359,
3079,,192,0.9147493243217468,
3080,,192,1.139968752861023,
3081,,192,1.4383010864257812,
3082,,192,1.3796541690826416,
3083,,192,0.6070380806922913,
3084,,192,1.5279451608657837,
3085,,192,1.051604986190796,
3086,,192,1.2500488758087158,
3087,,192,2.018620729446411,
,3072,192,,3.8259403705596924
,3073,192,,4.527223587036133
,3074,192,,4.259856224060059
,3075,192,,4.361981391906738
,3076,192,,5.673612594604492
,3077,192,,3.83540415763855
,3078,192,,4.349548816680908
,3079,192,,4.338820457458496
,3080,192,,6.204395294189453
,3081,192,,3.2973861694335938
,3082,192,,3.1753578186035156
,3083,192,,3.6042978763580322
,3084,192,,4.400286674499512
,3085,192,,4.765906810760498
,3086,192,,4.497178077697754
,3087,192,,4.089402675628662
3088,,193,2.1632978916168213,
3089,,193,2.188983917236328,
3090,,193,1.7149320840835571,
3091,,193,1.6724469661712646,
3092,,193,0.6786354780197144,
3093,,193,1.4614667892456055,
3094,,193,1.221899151802063,
3095,,193,2.901637554168701,
3096,,193,1.7988282442092896,
3097,,193,1.5610624551773071,
3098,,193,2.2862274646759033,
3099,,193,0.8081352710723877,
3100,,193,2.7109909057617188,
3101,,193,1.5660724639892578,
3102,,193,1.8960412740707397,
3103,,193,0.992432177066803,
,3088,193,,2.3920841217041016
,3089,193,,1.9400711059570312
,3090,193,,2.667853355407715
,3091,193,,3.3520326614379883
,3092,193,,2.11273193359375
,3093,193,,3.011423110961914
,3094,193,,3.1395936012268066
,3095,193,,2.5117688179016113
,3096,193,,3.366915225982666
,3097,193,,2.9700825214385986
,3098,193,,2.3428564071655273
,3099,193,,4.0734758377075195
,3100,193,,2.58921480178833
,3101,193,,4.077573299407959
,3102,193,,3.219639539718628
,3103,193,,3.4270179271698
3104,,194,1.582031488418579,
3105,,194,2.0673305988311768,
3106,,194,4.941371917724609,
3107,,194,1.0751101970672607,
3108,,194,1.5525414943695068,
3109,,194,2.3540117740631104,
3110,,194,2.709988594055176,
3111,,194,1.4402852058410645,
3112,,194,0.9635657072067261,
3113,,194,2.2720565795898438,
3114,,194,0.8048578500747681,
3115,,194,2.6049163341522217,
3116,,194,1.1223342418670654,
3117,,194,5.6153130531311035,
3118,,194,4.916726112365723,
3119,,194,1.4559186697006226,
,3104,194,,4.512285232543945
,3105,194,,2.7961084842681885
,3106,194,,3.710310697555542
,3107,194,,4.671360492706299
,3108,194,,2.7747535705566406
,3109,194,,3.316432476043701
,3110,194,,2.5272254943847656
,3111,194,,3.6823482513427734
,3112,194,,2.1206471920013428
,3113,194,,4.4485015869140625
,3114,194,,4.033297061920166
,3115,194,,4.178164958953857
,3116,194,,3.2849764823913574
,3117,194,,4.976837158203125
,3118,194,,4.292409896850586
,3119,194,,3.331491231918335
3120,,195,1.7510817050933838,
3121,,195,0.6511259078979492,
3122,,195,3.9552810192108154,
3123,,195,0.9680030941963196,
3124,,195,1.1228325366973877,
3125,,195,1.5565613508224487,
3126,,195,2.3369140625,
3127,,195,1.265613317489624,
3128,,195,2.16107177734375,
3129,,195,1.3106937408447266,
3130,,195,3.122438430786133,
3131,,195,1.5283496379852295,
3132,,195,3.1895313262939453,
3133,,195,0.926760196685791,
3134,,195,0.7407727837562561,
3135,,195,1.567022442817688,
,3120,195,,5.263920783996582
,3121,195,,3.2121896743774414
,3122,195,,3.2889163494110107
,3123,195,,3.2408673763275146
,3124,195,,2.9678361415863037
,3125,195,,2.7689461708068848
,3126,195,,3.240570545196533
,3127,195,,3.394711494445801
,3128,195,,2.9376320838928223
,3129,195,,3.3476977348327637
,3130,195,,3.269294261932373
,3131,195,,2.825955867767334
,3132,195,,2.9446189403533936
,3133,195,,2.744081974029541
,3134,195,,3.617387294769287
,3135,195,,3.066173553466797
3136,,196,1.364044189453125,
3137,,196,1.42107355594635,
3138,,196,3.8439369201660156,
3139,,196,2.058609962463379,
3140,,196,1.1071337461471558,
3141,,196,0.8850587606430054,
3142,,196,2.7113306522369385,
3143,,196,1.2496660947799683,
3144,,196,1.3336701393127441,
3145,,196,2.3410956859588623,
3146,,196,2.2153029441833496,
3147,,196,1.5800817012786865,
3148,,196,0.8533442616462708,
3149,,196,1.9651871919631958,
3150,,196,0.5301409959793091,
3151,,196,0.4342954456806183,
,3136,196,,3.4971799850463867
,3137,196,,2.6610589027404785
,3138,196,,3.249908924102783
,3139,196,,2.9781699180603027
,3140,196,,2.279778480529785
,3141,196,,3.238224506378174
,3142,196,,2.8380916118621826
,3143,196,,3.2673041820526123
,3144,196,,3.515773296356201
,3145,196,,3.5527563095092773
,3146,196,,2.319861888885498
,3147,196,,2.8026506900787354
,3148,196,,2.071532726287842
,3149,196,,3.5061283111572266
,3150,196,,3.8337697982788086
,3151,196,,3.959656000137329
3152,,197,1.870919942855835,
3153,,197,0.42363184690475464,
3154,,197,1.8264213800430298,
3155,,197,0.16293495893478394,
3156,,197,1.828316330909729,
3157,,197,6.715455055236816,
3158,,197,0.6617521047592163,
3159,,197,2.6222870349884033,
3160,,197,0.3777158856391907,
3161,,197,2.5561869144439697,
3162,,197,2.109809637069702,
3163,,197,3.459899425506592,
3164,,197,0.6938211917877197,
3165,,197,2.6248295307159424,
3166,,197,1.2691384553909302,
3167,,197,2.781515121459961,
,3152,197,,3.636204242706299
,3153,197,,1.8632498979568481
,3154,197,,4.493573188781738
,3155,197,,2.322559356689453
,3156,197,,3.336394786834717
,3157,197,,5.16786527633667
,3158,197,,2.876147747039795
,3159,197,,2.6708645820617676
,3160,197,,3.068964719772339
,3161,197,,4.423571586608887
,3162,197,,2.882193088531494
,3163,197,,3.5670828819274902
,3164,197,,3.490055799484253
,3165,197,,2.9755711555480957
,3166,197,,3.0790233612060547
,3167,197,,3.8447957038879395
3168,,198,0.9518210887908936,
3169,,198,2.099379539489746,
3170,,198,1.5279338359832764,
3171,,198,0.9160720109939575,
3172,,198,1.4088199138641357,
3173,,198,2.120145559310913,
3174,,198,1.4439735412597656,
3175,,198,1.1277351379394531,
3176,,198,2.264862060546875,
3177,,198,1.5350823402404785,
3178,,198,1.0749200582504272,
3179,,198,2.8944270610809326,
3180,,198,1.3702516555786133,
3181,,198,1.8345115184783936,
3182,,198,1.8358101844787598,
3183,,198,1.7375293970108032,
,3168,198,,3.4782533645629883
,3169,198,,2.732357978820801
,3170,198,,3.120537281036377
,3171,198,,4.631926536560059
,3172,198,,4.618587493896484
,3173,198,,4.591889381408691
,3174,198,,4.790127754211426
,3175,198,,3.429912805557251
,3176,198,,3.8007853031158447
,3177,198,,4.017523765563965
,3178,198,,3.5245115756988525
,3179,198,,3.699117660522461
,3180,198,,2.7042973041534424
,3181,198,,5.001960754394531
,3182,198,,3.5399041175842285
,3183,198,,4.926790714263916
3184,,199,0.7394425868988037,
3185,,199,1.6941814422607422,
3186,,199,1.838958978652954,
3187,,199,0.9867080450057983,
3188,,199,1.501080870628357,
3189,,199,0.6141309142112732,
3190,,199,2.3218770027160645,
3191,,199,1.3781567811965942,
3192,,199,3.7216267585754395,
3193,,199,1.3366131782531738,
3194,,199,1.3797966241836548,
3195,,199,0.9966671466827393,
3196,,199,1.651202917098999,
3197,,199,2.3557586669921875,
3198,,199,6.787847518920898,
3199,,199,1.9852242469787598,
,3184,199,,3.986574172973633
,3185,199,,3.162545680999756
,3186,199,,4.316988468170166
,3187,199,,4.8463616371154785
,3188,199,,5.071769714355469
,3189,199,,4.0193681716918945
,3190,199,,3.019699811935425
,3191,199,,5.623597145080566
,3192,199,,3.9478936195373535
,3193,199,,4.832833290100098
,3194,199,,4.178934574127197
,3195,199,,3.3161253929138184
,3196,199,,4.364026069641113
,3197,199,,4.060945510864258
,3198,199,,2.7899065017700195
,3199,199,,5.0317816734313965
3200,,200,1.2974251508712769,
3201,,200,1.9936150312423706,
3202,,200,2.4551825523376465,
3203,,200,2.8877086639404297,
3204,,200,2.2616539001464844,
3205,,200,2.722104072570801,
3206,,200,2.147073984146118,
3207,,200,0.34699296951293945,
3208,,200,1.8375859260559082,
3209,,200,1.828451156616211,
3210,,200,0.2104376256465912,
3211,,200,1.0449732542037964,
3212,,200,2.7717270851135254,
3213,,200,1.447859764099121,
3214,,200,0.5152281522750854,
3215,,200,2.0511574745178223,
,3200,200,,4.110918045043945
,3201,200,,3.1480324268341064
,3202,200,,6.196047782897949
,3203,200,,2.3255820274353027
,3204,200,,5.205067157745361
,3205,200,,4.032695770263672
,3206,200,,3.946718454360962
,3207,200,,4.189264297485352
,3208,200,,5.60684871673584
,3209,200,,2.4001002311706543
,3210,200,,3.311147451400757
,3211,200,,4.011348247528076
,3212,200,,4.155655860900879
,3213,200,,6.8533124923706055
,3214,200,,4.535768985748291
,3215,200,,2.550157070159912
3216,,201,1.4277982711791992,
3217,,201,10.05300235748291,
3218,,201,3.7145209312438965,
3219,,201,1.869344711303711,
3220,,201,0.5914553999900818,
3221,,201,2.8900704383850098,
3222,,201,1.3872108459472656,
3223,,201,1.8465683460235596,
3224,,201,1.5155136585235596,
3225,,201,1.0970758199691772,
3226,,201,2.3051297664642334,
3227,,201,2.4812545776367188,
3228,,201,2.5726332664489746,
3229,,201,0.9281114339828491,
3230,,201,2.1211490631103516,
3231,,201,2.721127510070801,
,3216,201,,3.6147375106811523
,3217,201,,5.507916450500488
,3218,201,,3.036703109741211
,3219,201,,3.9599785804748535
,3220,201,,3.4488837718963623
,3221,201,,3.656683921813965
,3222,201,,3.8075737953186035
,3223,201,,4.157771587371826
,3224,201,,1.5683908462524414
,3225,201,,4.855709075927734
,3226,201,,3.871891498565674
,3227,201,,2.6293537616729736
,3228,201,,2.5410354137420654
,3229,201,,5.004971504211426
,3230,201,,2.988873243331909
,3231,201,,3.078665256500244
3232,,202,1.1915867328643799,
3233,,202,1.1262433528900146,
3234,,202,1.805030107498169,
3235,,202,0.8376270532608032,
3236,,202,1.551093339920044,
3237,,202,0.9011002779006958,
3238,,202,2.2173824310302734,
3239,,202,3.9405362606048584,
3240,,202,2.776854991912842,
3241,,202,1.526286244392395,
3242,,202,1.3839601278305054,
3243,,202,0.9906316995620728,
3244,,202,1.9795701503753662,
3245,,202,1.6341127157211304,
3246,,202,1.4205849170684814,
3247,,202,1.8979222774505615,
,3232,202,,3.053412675857544
,3233,202,,2.5212817192077637
,3234,202,,2.966757297515869
,3235,202,,2.2648353576660156
,3236,202,,2.233996868133545
,3237,202,,3.029454469680786
,3238,202,,4.780514240264893
,3239,202,,2.0481433868408203
,3240,202,,1.5728554725646973
,3241,202,,3.3626041412353516
,3242,202,,2.3675122261047363
,3243,202,,3.788142204284668
,3244,202,,3.1170570850372314
,3245,202,,3.183237075805664
,3246,202,,4.564715385437012
,3247,202,,3.017794370651245
3248,,203,1.150608777999878,
3249,,203,0.6434255838394165,
3250,,203,1.1978965997695923,
3251,,203,2.6506333351135254,
3252,,203,0.9796180129051208,
3253,,203,1.0600817203521729,
3254,,203,2.5919735431671143,
3255,,203,1.3351433277130127,
3256,,203,1.150634765625,
3257,,203,1.234717607498169,
3258,,203,1.0815746784210205,
3259,,203,1.790776014328003,
3260,,203,1.3638694286346436,
3261,,203,1.5929912328720093,
3262,,203,1.0857000350952148,
3263,,203,0.9956444501876831,
,3248,203,,2.8195109367370605
,3249,203,,1.69572114944458
,3250,203,,3.939490795135498
,3251,203,,2.58774471282959
,3252,203,,2.502943992614746
,3253,203,,3.842940330505371
,3254,203,,2.9146273136138916
,3255,203,,2.6973283290863037
,3256,203,,3.6958367824554443
,3257,203,,2.505077362060547
,3258,203,,2.8332228660583496
,3259,203,,2.651414394378662
,3260,203,,4.930915832519531
,3261,203,,3.286437511444092
,3262,203,,3.0366830825805664
,3263,203,,2.40285587310791
3264,,204,2.3917884826660156,
3265,,204,0.752457857131958,
3266,,204,1.2764400243759155,
3267,,204,1.6365889310836792,
3268,,204,1.9078718423843384,
3269,,204,2.4251017570495605,
3270,,204,0.22857534885406494,
3271,,204,1.1464921236038208,
3272,,204,1.1447522640228271,
3273,,204,0.8075382709503174,
3274,,204,1.2066152095794678,
3275,,204,1.4180126190185547,
3276,,204,1.4700381755828857,
3277,,204,0.9740574359893799,
3278,,204,1.7002370357513428,
3279,,204,0.6242287158966064,
,3264,204,,3.8585829734802246
,3265,204,,3.6884732246398926
,3266,204,,4.508091926574707
,3267,204,,2.961221218109131
,3268,204,,3.0831408500671387
,3269,204,,4.213788986206055
,3270,204,,2.458686351776123
,3271,204,,3.063882827758789
,3272,204,,4.728018283843994
,3273,204,,3.40000057220459
,3274,204,,2.3874049186706543
,3275,204,,4.1119842529296875
,3276,204,,1.8533899784088135
,3277,204,,4.520605087280273
,3278,204,,2.866253137588501
,3279,204,,4.764344215393066
3280,,205,1.6854045391082764,
3281,,205,1.7796781063079834,
3282,,205,0.9283105134963989,
3283,,205,1.0913081169128418,
3284,,205,1.4011094570159912,
3285,,205,1.2593908309936523,
3286,,205,1.6629204750061035,
3287,,205,0.38070595264434814,
3288,,205,2.1956233978271484,
3289,,205,1.3814908266067505,
3290,,205,0.6789602041244507,
3291,,205,1.1570504903793335,
3292,,205,1.907717227935791,
3293,,205,0.28241124749183655,
3294,,205,1.889717936515808,
3295,,205,0.45984670519828796,
,3280,205,,5.66402530670166
,3281,205,,6.0037055015563965
,3282,205,,5.963620185852051
,3283,205,,5.9869184494018555
,3284,205,,7.79395866394043
,3285,205,,4.090939521789551
,3286,205,,7.865403652191162
,3287,205,,4.832071304321289
,3288,205,,4.204592704772949
,3289,205,,5.247926235198975
,3290,205,,5.471242904663086
,3291,205,,5.278457164764404
,3292,205,,3.996168613433838
,3293,205,,5.1170501708984375
,3294,205,,3.71475887298584
,3295,205,,3.3781590461730957
3296,,206,1.7092700004577637,
3297,,206,2.548983097076416,
3298,,206,1.1587549448013306,
3299,,206,1.6578480005264282,
3300,,206,1.449125051498413,
3301,,206,1.544771671295166,
3302,,206,1.6469470262527466,
3303,,206,1.1143566370010376,
3304,,206,1.3225300312042236,
3305,,206,1.0609591007232666,
3306,,206,1.369729995727539,
3307,,206,0.820096492767334,
3308,,206,0.7452297210693359,
3309,,206,1.1820459365844727,
3310,,206,2.324439764022827,
3311,,206,2.0561842918395996,
,3296,206,,6.007529258728027
,3297,206,,8.767712593078613
,3298,206,,3.8691108226776123
,3299,206,,5.408109664916992
,3300,206,,5.851410865783691
,3301,206,,7.992228031158447
,3302,206,,8.325908660888672
,3303,206,,8.798934936523438
,3304,206,,9.542145729064941
,3305,206,,8.155752182006836
,3306,206,,7.884126663208008
,3307,206,,5.731864929199219
,3308,206,,6.974027633666992
,3309,206,,6.379863739013672
,3310,206,,8.262235641479492
,3311,206,,3.7061047554016113
3312,,207,2.5910918712615967,
3313,,207,3.3713488578796387,
3314,,207,2.569333791732788,
3315,,207,2.496645927429199,
3316,,207,1.8396828174591064,
3317,,207,1.5509204864501953,
3318,,207,1.2165703773498535,
3319,,207,3.2154409885406494,
3320,,207,4.151076316833496,
3321,,207,3.0181424617767334,
3322,,207,1.94465970993042,
3323,,207,2.394500255584717,
3324,,207,1.362877368927002,
3325,,207,0.8165517449378967,
3326,,207,1.752098560333252,
3327,,207,1.7899175882339478,
,3312,207,,4.02683162689209
,3313,207,,3.830810308456421
,3314,207,,3.2059693336486816
,3315,207,,4.455429553985596
,3316,207,,2.987884521484375
,3317,207,,5.400421619415283
,3318,207,,3.85730242729187
,3319,207,,4.200067043304443
,3320,207,,5.263397216796875
,3321,207,,3.1582674980163574
,3322,207,,4.331001281738281
,3323,207,,3.1467580795288086
,3324,207,,2.9830143451690674
,3325,207,,3.017611503601074
,3326,207,,2.5765881538391113
,3327,207,,4.028507232666016
3328,,208,2.3033430576324463,
3329,,208,1.9622466564178467,
3330,,208,2.4658029079437256,
3331,,208,0.8099712133407593,
3332,,208,1.910902738571167,
3333,,208,6.549891471862793,
3334,,208,2.723194122314453,
3335,,208,1.0201184749603271,
3336,,208,3.4319863319396973,
3337,,208,3.3111977577209473,
3338,,208,1.6424328088760376,
3339,,208,3.1532697677612305,
3340,,208,2.032571315765381,
3341,,208,1.2471832036972046,
3342,,208,1.2125086784362793,
3343,,208,0.9019168615341187,
,3328,208,,4.061759948730469
,3329,208,,3.8647420406341553
,3330,208,,3.2499172687530518
,3331,208,,4.921288013458252
,3332,208,,6.159392356872559
,3333,208,,4.014172077178955
,3334,208,,5.327680587768555
,3335,208,,3.206029176712036
,3336,208,,4.280012607574463
,3337,208,,5.4059553146362305
,3338,208,,4.598302841186523
,3339,208,,3.1495938301086426
,3340,208,,3.6304876804351807
,3341,208,,2.518655300140381
,3342,208,,4.421255588531494
,3343,208,,4.4731125831604
3344,,209,1.9418392181396484,
3345,,209,1.097306728363037,
3346,,209,1.3246084451675415,
3347,,209,2.2017598152160645,
3348,,209,1.6952992677688599,
3349,,209,1.0503649711608887,
3350,,209,2.890456199645996,
3351,,209,2.602688789367676,
3352,,209,1.770390510559082,
3353,,209,6.019599437713623,
3354,,209,2.0317485332489014,
3355,,209,1.2831870317459106,
3356,,209,1.9651315212249756,
3357,,209,1.802536129951477,
3358,,209,0.7785855531692505,
3359,,209,0.4834989905357361,
,3344,209,,2.750415802001953
,3345,209,,4.720343589782715
,3346,209,,1.774556279182434
,3347,209,,4.077324867248535
,3348,209,,2.1470372676849365
,3349,209,,2.4341278076171875
,3350,209,,3.1613707542419434
,3351,209,,2.9950413703918457
,3352,209,,3.3881583213806152
,3353,209,,3.1150527000427246
,3354,209,,2.525766372680664
,3355,209,,4.597876071929932
,3356,209,,2.9498114585876465
,3357,209,,2.74487566947937
,3358,209,,2.7188777923583984
,3359,209,,3.423100709915161
3360,,210,0.3478035628795624,
3361,,210,1.6535439491271973,
3362,,210,2.2572360038757324,
3363,,210,2.8582205772399902,
3364,,210,1.776766061782837,
3365,,210,0.93479323387146,
3366,,210,0.8279250264167786,
3367,,210,0.7192786335945129,
3368,,210,1.2233331203460693,
3369,,210,1.7387322187423706,
3370,,210,1.4749295711517334,
3371,,210,1.2544914484024048,
3372,,210,2.007432222366333,
3373,,210,0.3290719985961914,
3374,,210,2.2209115028381348,
3375,,210,0.9226608276367188,
,3360,210,,2.929769277572632
,3361,210,,3.3177011013031006
,3362,210,,2.9611456394195557
,3363,210,,4.032725811004639
,3364,210,,5.281613349914551
,3365,210,,2.567521572113037
,3366,210,,2.8905153274536133
,3367,210,,3.9236605167388916
,3368,210,,3.8798680305480957
,3369,210,,4.5881218910217285
,3370,210,,3.492828369140625
,3371,210,,4.319398880004883
,3372,210,,3.6214137077331543
,3373,210,,3.771784543991089
,3374,210,,3.104635715484619
,3375,210,,3.2795820236206055
3376,,211,2.670506000518799,
3377,,211,1.1585323810577393,
3378,,211,1.214279294013977,
3379,,211,3.4121057987213135,
3380,,211,1.8761913776397705,
3381,,211,0.4086165428161621,
3382,,211,1.3597640991210938,
3383,,211,1.419515609741211,
3384,,211,1.9304916858673096,
3385,,211,3.0438666343688965,
3386,,211,1.3520475625991821,
3387,,211,1.685376763343811,
3388,,211,1.9144924879074097,
3389,,211,1.3534220457077026,
3390,,211,1.5566784143447876,
3391,,211,4.296113967895508,
,3376,211,,3.3010261058807373
,3377,211,,3.6899285316467285
,3378,211,,3.0439915657043457
,3379,211,,3.710867404937744
,3380,211,,3.0617456436157227
,3381,211,,1.9565330743789673
,3382,211,,3.6967644691467285
,3383,211,,3.83581280708313
,3384,211,,2.544111967086792
,3385,211,,2.896742343902588
,3386,211,,4.060832500457764
,3387,211,,3.0215253829956055
,3388,211,,4.079721927642822
,3389,211,,2.9406561851501465
,3390,211,,2.3797378540039062
,3391,211,,4.191581726074219
3392,,212,1.218749761581421,
3393,,212,1.0815229415893555,
3394,,212,1.614358901977539,
3395,,212,1.3055517673492432,
3396,,212,1.1450797319412231,
3397,,212,1.8980019092559814,
3398,,212,0.7212519645690918,
3399,,212,0.9270365834236145,
3400,,212,0.7177714705467224,
3401,,212,1.0330967903137207,
3402,,212,0.9518600702285767,
3403,,212,2.6619749069213867,
3404,,212,1.8760714530944824,
3405,,212,0.4704252779483795,
3406,,212,0.7925723195075989,
3407,,212,1.4150762557983398,
,3392,212,,4.492970943450928
,3393,212,,2.38297176361084
,3394,212,,2.2360663414001465
,3395,212,,3.897582530975342
,3396,212,,3.236374616622925
,3397,212,,3.222933292388916
,3398,212,,2.7197279930114746
,3399,212,,2.576521873474121
,3400,212,,1.8413622379302979
,3401,212,,5.397989749908447
,3402,212,,1.9157330989837646
,3403,212,,5.465513706207275
,3404,212,,3.2597033977508545
,3405,212,,3.1708388328552246
,3406,212,,3.1251230239868164
,3407,212,,3.4884955883026123
3408,,213,1.0078895092010498,
3409,,213,1.1570079326629639,
3410,,213,0.4842085838317871,
3411,,213,1.0299952030181885,
3412,,213,0.10376852750778198,
3413,,213,0.7179715633392334,
3414,,213,0.9855126738548279,
3415,,213,0.36751022934913635,
3416,,213,0.9285428524017334,
3417,,213,1.6998631954193115,
3418,,213,1.0547586679458618,
3419,,213,1.8051893711090088,
3420,,213,0.35310447216033936,
3421,,213,2.010007381439209,
3422,,213,0.6542553901672363,
3423,,213,2.1228384971618652,
,3408,213,,2.492694854736328
,3409,213,,5.414943695068359
,3410,213,,5.557290077209473
,3411,213,,4.590677738189697
,3412,213,,5.3461151123046875
,3413,213,,5.375471115112305
,3414,213,,5.019320964813232
,3415,213,,3.281407356262207
,3416,213,,3.8853325843811035
,3417,213,,5.4723734855651855
,3418,213,,5.3446550369262695
,3419,213,,3.5739798545837402
,3420,213,,3.9616942405700684
,3421,213,,2.7446398735046387
,3422,213,,3.471910238265991
,3423,213,,4.500273704528809
3424,,214,0.9555371999740601,
3425,,214,1.2622878551483154,
3426,,214,1.2050666809082031,
3427,,214,1.1523621082305908,
3428,,214,1.990169882774353,
3429,,214,3.1298441886901855,
3430,,214,0.34606462717056274,
3431,,214,0.9101818799972534,
3432,,214,2.285991668701172,
3433,,214,1.1204288005828857,
3434,,214,0.6033815741539001,
3435,,214,1.4972925186157227,
3436,,214,0.9514420032501221,
3437,,214,2.4891738891601562,
3438,,214,2.218550682067871,
3439,,214,1.5481842756271362,
,3424,214,,3.005035877227783
,3425,214,,3.36399507522583
,3426,214,,3.290872573852539
,3427,214,,3.749445915222168
,3428,214,,3.783681631088257
,3429,214,,4.006738662719727
,3430,214,,2.5885531902313232
,3431,214,,3.031193256378174
,3432,214,,3.1749911308288574
,3433,214,,2.674213409423828
,3434,214,,3.4121906757354736
,3435,214,,3.377007246017456
,3436,214,,2.467616081237793
,3437,214,,3.57647705078125
,3438,214,,3.3504528999328613
,3439,214,,3.70168399810791
3440,,215,0.45043081045150757,
3441,,215,0.8974485397338867,
3442,,215,0.9213906526565552,
3443,,215,1.6603357791900635,
3444,,215,0.8815897703170776,
3445,,215,0.4235289692878723,
3446,,215,2.9222307205200195,
3447,,215,2.2884931564331055,
3448,,215,1.0837758779525757,
3449,,215,3.892258882522583,
3450,,215,1.0251107215881348,
3451,,215,2.3500115871429443,
3452,,215,0.643564760684967,
3453,,215,0.8568270206451416,
3454,,215,0.5025564432144165,
3455,,215,1.64201021194458,
,3440,215,,7.6392083168029785
,3441,215,,6.970641613006592
,3442,215,,6.402722358703613
,3443,215,,5.981276035308838
,3444,215,,6.585911273956299
,3445,215,,6.751056671142578
,3446,215,,6.847541809082031
,3447,215,,5.774064064025879
,3448,215,,5.435583114624023
,3449,215,,6.842394828796387
,3450,215,,7.093027114868164
,3451,215,,6.662175178527832
,3452,215,,5.191892623901367
,3453,215,,6.324941635131836
,3454,215,,5.822423934936523
,3455,215,,5.349887847900391
3456,,216,3.450876235961914,
3457,,216,1.9700242280960083,
3458,,216,0.9511913657188416,
3459,,216,1.6182492971420288,
3460,,216,1.4494800567626953,
3461,,216,0.9541885852813721,
3462,,216,1.500436782836914,
3463,,216,1.2702889442443848,
3464,,216,1.0996479988098145,
3465,,216,1.751093864440918,
3466,,216,0.25851958990097046,
3467,,216,1.4479303359985352,
3468,,216,1.4816856384277344,
3469,,216,0.8490147590637207,
3470,,216,3.0949935913085938,
3471,,216,0.3697584569454193,
,3456,216,,3.586977958679199
,3457,216,,4.2739973068237305
,3458,216,,5.680975914001465
,3459,216,,3.7946937084198
,3460,216,,3.2265710830688477
,3461,216,,4.411779403686523
,3462,216,,3.2951419353485107
,3463,216,,5.554772853851318
,3464,216,,4.0354156494140625
,3465,216,,4.248210906982422
,3466,216,,3.5977072715759277
,3467,216,,4.67528772354126
,3468,216,,3.7759103775024414
,3469,216,,2.9561524391174316
,3470,216,,4.566522598266602
,3471,216,,5.0417890548706055
3472,,217,1.0449581146240234,
3473,,217,0.975574791431427,
3474,,217,0.9333920478820801,
3475,,217,2.4993035793304443,
3476,,217,0.37567389011383057,
3477,,217,1.0488519668579102,
3478,,217,2.6268508434295654,
3479,,217,1.0575355291366577,
3480,,217,1.032829999923706,
3481,,217,0.7462535500526428,
3482,,217,0.5398918390274048,
3483,,217,3.377749443054199,
3484,,217,1.4569597244262695,
3485,,217,2.418588161468506,
3486,,217,1.8469204902648926,
3487,,217,2.4973158836364746,
,3472,217,,2.948068618774414
,3473,217,,3.150724172592163
,3474,217,,3.198742151260376
,3475,217,,2.920013427734375
,3476,217,,4.633759498596191
,3477,217,,2.738764762878418
,3478,217,,3.1526689529418945
,3479,217,,2.607573986053467
,3480,217,,2.542388916015625
,3481,217,,2.6763432025909424
,3482,217,,2.794667959213257
,3483,217,,2.0657572746276855
,3484,217,,2.4844422340393066
,3485,217,,2.626162052154541
,3486,217,,2.6062698364257812
,3487,217,,3.8707938194274902
3488,,218,0.6149020791053772,
3489,,218,1.673715353012085,
3490,,218,0.880672812461853,
3491,,218,0.8905137181282043,
3492,,218,0.953183114528656,
3493,,218,1.7022253274917603,
3494,,218,0.37093865871429443,
3495,,218,0.8640713691711426,
3496,,218,1.5918740034103394,
3497,,218,1.1581751108169556,
3498,,218,1.6865806579589844,
3499,,218,1.4965918064117432,
3500,,218,1.120572805404663,
3501,,218,2.0729753971099854,
3502,,218,1.2219219207763672,
3503,,218,0.9969631433486938,
,3488,218,,2.0259203910827637
,3489,218,,3.3109500408172607
,3490,218,,2.892970085144043
,3491,218,,3.51446533203125
,3492,218,,3.528202533721924
,3493,218,,2.8495593070983887
,3494,218,,2.754696846008301
,3495,218,,3.935488700866699
,3496,218,,1.825087308883667
,3497,218,,3.223416328430176
,3498,218,,2.6983189582824707
,3499,218,,3.962620735168457
,3500,218,,3.795443534851074
,3501,218,,3.5031607151031494
,3502,218,,3.672706127166748
,3503,218,,3.5940299034118652
3504,,219,0.9796627759933472,
3505,,219,1.1260360479354858,
3506,,219,0.8696190714836121,
3507,,219,0.7231535911560059,
3508,,219,2.1799392700195312,
3509,,219,4.1740851402282715,
3510,,219,1.621358871459961,
3511,,219,1.7161482572555542,
3512,,219,0.5798879861831665,
3513,,219,0.7979645729064941,
3514,,219,0.8678663969039917,
3515,,219,1.2029942274093628,
3516,,219,2.1258246898651123,
3517,,219,1.4240331649780273,
3518,,219,1.3338923454284668,
3519,,219,1.0222883224487305,
,3504,219,,3.8655197620391846
,3505,219,,4.870749473571777
,3506,219,,4.130125045776367
,3507,219,,4.62032413482666
,3508,219,,4.6140899658203125
,3509,219,,3.590243101119995
,3510,219,,3.863830327987671
,3511,219,,5.9874467849731445
,3512,219,,4.219795227050781
,3513,219,,3.69924259185791
,3514,219,,4.452022075653076
,3515,219,,6.4144368171691895
,3516,219,,4.140851974487305
,3517,219,,4.688229560852051
,3518,219,,4.014577865600586
,3519,219,,2.7641663551330566
3520,,220,1.4349114894866943,
3521,,220,1.0937758684158325,
3522,,220,0.6785835027694702,
3523,,220,1.581479787826538,
3524,,220,1.6765581369400024,
3525,,220,1.6920208930969238,
3526,,220,1.6567679643630981,
3527,,220,0.7368780970573425,
3528,,220,1.4683430194854736,
3529,,220,1.338636875152588,
3530,,220,0.42824798822402954,
3531,,220,1.2507035732269287,
3532,,220,0.29365870356559753,
3533,,220,2.9583709239959717,
3534,,220,3.138709306716919,
3535,,220,1.945863962173462,
,3520,220,,4.326651573181152
,3521,220,,4.62906551361084
,3522,220,,4.073059558868408
,3523,220,,3.032566547393799
,3524,220,,3.2732961177825928
,3525,220,,4.132681846618652
,3526,220,,4.710667610168457
,3527,220,,5.686846733093262
,3528,220,,6.049796104431152
,3529,220,,4.545979976654053
,3530,220,,5.855853080749512
,3531,220,,4.66070556640625
,3532,220,,3.6787800788879395
,3533,220,,4.640787601470947
,3534,220,,4.918919086456299
,3535,220,,5.287300109863281
3536,,221,2.0386440753936768,
3537,,221,0.42724841833114624,
3538,,221,1.0184873342514038,
3539,,221,0.8940814733505249,
3540,,221,1.124464988708496,
3541,,221,1.809435486793518,
3542,,221,2.0675082206726074,
3543,,221,1.1065970659255981,
3544,,221,0.8963290452957153,
3545,,221,1.1074516773223877,
3546,,221,2.2181525230407715,
3547,,221,2.9398508071899414,
3548,,221,1.0238919258117676,
3549,,221,1.2743515968322754,
3550,,221,2.0754029750823975,
3551,,221,1.2939573526382446,
,3536,221,,4.03032112121582
,3537,221,,3.9937593936920166
,3538,221,,5.077920913696289
,3539,221,,5.199154376983643
,3540,221,,4.383575439453125
,3541,221,,5.866793632507324
,3542,221,,3.066359043121338
,3543,221,,4.150603771209717
,3544,221,,3.7437915802001953
,3545,221,,3.108091354370117
,3546,221,,3.9348199367523193
,3547,221,,3.4102375507354736
,3548,221,,3.6325361728668213
,3549,221,,3.185410976409912
,3550,221,,3.8730850219726562
,3551,221,,2.693805694580078
3552,,222,0.6373936533927917,
3553,,222,0.7202447652816772,
3554,,222,0.8486847877502441,
3555,,222,0.8798385858535767,
3556,,222,1.2708252668380737,
3557,,222,1.0932918787002563,
3558,,222,0.7947317361831665,
3559,,222,1.651075005531311,
3560,,222,2.036644697189331,
3561,,222,1.2111234664916992,
3562,,222,0.5442282557487488,
3563,,222,0.8496233820915222,
3564,,222,1.4530231952667236,
3565,,222,1.5348092317581177,
3566,,222,2.947437286376953,
3567,,222,1.8246092796325684,
,3552,222,,4.244945526123047
,3553,222,,2.9781651496887207
,3554,222,,2.9187817573547363
,3555,222,,3.1099486351013184
,3556,222,,3.7190606594085693
,3557,222,,3.2330474853515625
,3558,222,,2.790836811065674
,3559,222,,6.170825958251953
,3560,222,,2.63362193107605
,3561,222,,3.8632681369781494
,3562,222,,3.20985746383667
,3563,222,,4.319041728973389
,3564,222,,4.2523345947265625
,3565,222,,4.773283958435059
,3566,222,,3.179769992828369
,3567,222,,5.42348575592041
3568,,223,1.3622326850891113,
3569,,223,1.7784357070922852,
3570,,223,0.915432870388031,
3571,,223,1.2660818099975586,
3572,,223,0.7062061429023743,
3573,,223,0.983187735080719,
3574,,223,0.8594449758529663,
3575,,223,1.1633940935134888,
3576,,223,1.016249179840088,
3577,,223,0.7412182092666626,
3578,,223,1.0943516492843628,
3579,,223,1.1180224418640137,
3580,,223,1.780427098274231,
3581,,223,0.4906260073184967,
3582,,223,1.8097798824310303,
3583,,223,1.4790403842926025,
,3568,223,,3.313267707824707
,3569,223,,3.2456531524658203
,3570,223,,3.735991954803467
,3571,223,,3.024095058441162
,3572,223,,2.290709972381592
,3573,223,,3.3023860454559326
,3574,223,,2.7806010246276855
,3575,223,,2.1397221088409424
,3576,223,,3.2703986167907715
,3577,223,,3.10794997215271
,3578,223,,2.2815985679626465
,3579,223,,4.206195831298828
,3580,223,,3.6504077911376953
,3581,223,,3.0580782890319824
,3582,223,,4.231905937194824
,3583,223,,2.2028093338012695
3584,,224,1.672864317893982,
3585,,224,0.6635001301765442,
3586,,224,1.6322720050811768,
3587,,224,1.6330742835998535,
3588,,224,1.8710083961486816,
3589,,224,1.6131858825683594,
3590,,224,0.5770518183708191,
3591,,224,1.2512896060943604,
3592,,224,2.0764479637145996,
3593,,224,0.6874003410339355,
3594,,224,0.5525823831558228,
3595,,224,1.8768582344055176,
3596,,224,1.0064283609390259,
3597,,224,1.5841963291168213,
3598,,224,1.8468971252441406,
3599,,224,1.4105383157730103,
,3584,224,,3.2303874492645264
,3585,224,,3.8028364181518555
,3586,224,,3.657315969467163
,3587,224,,2.030928134918213
,3588,224,,3.2760009765625
,3589,224,,2.8324027061462402
,3590,224,,3.9915785789489746
,3591,224,,2.7950258255004883
,3592,224,,1.886739730834961
,3593,224,,3.708861827850342
,3594,224,,3.170496702194214
,3595,224,,1.692478895187378
,3596,224,,3.145019054412842
,3597,224,,3.589463233947754
,3598,224,,2.6295888423919678
,3599,224,,2.418368101119995
3600,,225,0.947683572769165,
3601,,225,0.9165089130401611,
3602,,225,0.4642975330352783,
3603,,225,1.1731477975845337,
3604,,225,0.8419479131698608,
3605,,225,3.087874412536621,
3606,,225,1.2589292526245117,
3607,,225,2.464412212371826,
3608,,225,1.2142236232757568,
3609,,225,4.155133247375488,
3610,,225,1.5366486310958862,
3611,,225,1.3371247053146362,
3612,,225,3.277866840362549,
3613,,225,1.221013069152832,
3614,,225,1.2765990495681763,
3615,,225,1.5469145774841309,
,3600,225,,3.0578396320343018
,3601,225,,3.1900222301483154
,3602,225,,2.595763921737671
,3603,225,,4.583359241485596
,3604,225,,4.053150177001953
,3605,225,,2.652315616607666
,3606,225,,4.058136940002441
,3607,225,,3.220186233520508
,3608,225,,2.5167393684387207
,3609,225,,2.9878015518188477
,3610,225,,2.746520519256592
,3611,225,,3.1700973510742188
,3612,225,,2.711998462677002
,3613,225,,5.3938164710998535
,3614,225,,2.767543077468872
,3615,225,,3.0453476905822754
3616,,226,1.066672682762146,
3617,,226,2.408024787902832,
3618,,226,2.6076841354370117,
3619,,226,1.7559502124786377,
3620,,226,0.9706360101699829,
3621,,226,1.6556915044784546,
3622,,226,1.9769649505615234,
3623,,226,0.8745787739753723,
3624,,226,1.0965631008148193,
3625,,226,3.441763401031494,
3626,,226,0.7971401810646057,
3627,,226,2.4314637184143066,
3628,,226,1.354918122291565,
3629,,226,0.530231773853302,
3630,,226,1.2985572814941406,
3631,,226,3.136960983276367,
,3616,226,,3.892789840698242
,3617,226,,5.6076507568359375
,3618,226,,3.7403478622436523
,3619,226,,5.36414909362793
,3620,226,,4.6776018142700195
,3621,226,,6.801129341125488
,3622,226,,5.277336120605469
,3623,226,,3.5792336463928223
,3624,226,,4.594144344329834
,3625,226,,5.856035232543945
,3626,226,,3.692080497741699
,3627,226,,6.929629802703857
,3628,226,,6.604409217834473
,3629,226,,4.101541519165039
,3630,226,,3.6059165000915527
,3631,226,,4.683963775634766
3632,,227,0.426530659198761,
3633,,227,0.9296779632568359,
3634,,227,2.5495235919952393,
3635,,227,3.040048599243164,
3636,,227,2.3746187686920166,
3637,,227,1.4006937742233276,
3638,,227,0.8706862330436707,
3639,,227,1.6275219917297363,
3640,,227,0.6951912641525269,
3641,,227,1.5481585264205933,
3642,,227,0.6946232318878174,
3643,,227,0.36105450987815857,
3644,,227,1.74982750415802,
3645,,227,0.947454571723938,
3646,,227,1.3016579151153564,
3647,,227,0.44244974851608276,
,3632,227,,6.698758602142334
,3633,227,,10.366386413574219
,3634,227,,5.888782978057861
,3635,227,,7.007172584533691
,3636,227,,8.377692222595215
,3637,227,,7.943714618682861
,3638,227,,8.53695297241211
,3639,227,,7.280691623687744
,3640,227,,6.4926347732543945
,3641,227,,5.606849670410156
,3642,227,,9.63927936553955
,3643,227,,12.828665733337402
,3644,227,,5.963162422180176
,3645,227,,10.611610412597656
,3646,227,,6.855278491973877
,3647,227,,8.409185409545898
3648,,228,1.7072222232818604,
3649,,228,0.5702534317970276,
3650,,228,1.8758524656295776,
3651,,228,1.0473889112472534,
3652,,228,0.5781333446502686,
3653,,228,1.559853196144104,
3654,,228,1.0834434032440186,
3655,,228,3.740969181060791,
3656,,228,1.4145293235778809,
3657,,228,0.8001773357391357,
3658,,228,1.5419318675994873,
3659,,228,1.307319164276123,
3660,,228,1.283106803894043,
3661,,228,2.599945306777954,
3662,,228,0.5069016218185425,
3663,,228,0.9051761627197266,
,3648,228,,4.435507774353027
,3649,228,,3.6520509719848633
,3650,228,,2.801206588745117
,3651,228,,2.2155935764312744
,3652,228,,3.4025747776031494
,3653,228,,3.5706851482391357
,3654,228,,3.359593391418457
,3655,228,,3.6307568550109863
,3656,228,,2.6796929836273193
,3657,228,,3.487288236618042
,3658,228,,3.074090003967285
,3659,228,,6.029227256774902
,3660,228,,2.536698818206787
,3661,228,,3.791079521179199
,3662,228,,2.4705557823181152
,3663,228,,1.8353683948516846
3664,,229,3.060514450073242,
3665,,229,1.4548903703689575,
3666,,229,1.5999860763549805,
3667,,229,2.166363000869751,
3668,,229,0.7702149748802185,
3669,,229,1.7385895252227783,
3670,,229,2.4769773483276367,
3671,,229,0.6564328670501709,
3672,,229,1.0927876234054565,
3673,,229,2.1513850688934326,
3674,,229,1.8665976524353027,
3675,,229,0.4873653054237366,
3676,,229,1.5739378929138184,
3677,,229,1.3127784729003906,
3678,,229,2.277482271194458,
3679,,229,1.4040911197662354,
,3664,229,,4.180337429046631
,3665,229,,2.8665482997894287
,3666,229,,3.822294235229492
,3667,229,,2.737902879714966
,3668,229,,3.662736415863037
,3669,229,,2.4098849296569824
,3670,229,,5.402459144592285
,3671,229,,3.0702481269836426
,3672,229,,2.977370262145996
,3673,229,,2.857694387435913
,3674,229,,2.6673150062561035
,3675,229,,3.2123868465423584
,3676,229,,3.031088352203369
,3677,229,,2.8172054290771484
,3678,229,,5.192220687866211
,3679,229,,4.050666332244873
3680,,230,1.408839225769043,
3681,,230,1.7699646949768066,
3682,,230,0.8056426048278809,
3683,,230,1.0956543684005737,
3684,,230,1.0949996709823608,
3685,,230,1.1544454097747803,
3686,,230,1.1471482515335083,
3687,,230,1.6757774353027344,
3688,,230,2.2412378787994385,
3689,,230,2.119171142578125,
3690,,230,1.2773560285568237,
3691,,230,2.8978893756866455,
3692,,230,1.1622426509857178,
3693,,230,1.4989185333251953,
3694,,230,2.191802501678467,
3695,,230,1.637436032295227,
,3680,230,,3.042952537536621
,3681,230,,2.469235420227051
,3682,230,,2.405677556991577
,3683,230,,2.5462582111358643
,3684,230,,2.16455078125
,3685,230,,2.8203465938568115
,3686,230,,3.2230000495910645
,3687,230,,4.0358123779296875
,3688,230,,2.071923017501831
,3689,230,,2.798855781555176
,3690,230,,2.02071475982666
,3691,230,,2.8880796432495117
,3692,230,,3.4310123920440674
,3693,230,,2.3322649002075195
,3694,230,,2.7105698585510254
,3695,230,,2.9136810302734375
3696,,231,1.5746569633483887,
3697,,231,0.3134961724281311,
3698,,231,0.7312320470809937,
3699,,231,3.147263526916504,
3700,,231,2.1640219688415527,
3701,,231,0.6041896343231201,
3702,,231,1.7612779140472412,
3703,,231,2.0017542839050293,
3704,,231,3.536945104598999,
3705,,231,1.8195730447769165,
3706,,231,1.227081298828125,
3707,,231,2.651959180831909,
3708,,231,0.6684471964836121,
3709,,231,1.587640643119812,
3710,,231,0.5494945049285889,
3711,,231,1.8593926429748535,
,3696,231,,3.6651597023010254
,3697,231,,5.364509582519531
,3698,231,,4.7249860763549805
,3699,231,,4.322211265563965
,3700,231,,5.943434715270996
,3701,231,,3.049258232116699
,3702,231,,4.344451904296875
,3703,231,,4.751208782196045
,3704,231,,2.84416127204895
,3705,231,,4.188388824462891
,3706,231,,2.7467432022094727
,3707,231,,5.064406394958496
,3708,231,,4.353270053863525
,3709,231,,3.4941892623901367
,3710,231,,3.23496675491333
,3711,231,,4.065403938293457
3712,,232,1.8975863456726074,
3713,,232,0.5398956537246704,
3714,,232,1.6009047031402588,
3715,,232,1.7022697925567627,
3716,,232,2.3551089763641357,
3717,,232,1.4636385440826416,
3718,,232,5.262018203735352,
3719,,232,1.2463405132293701,
3720,,232,1.9309593439102173,
3721,,232,0.5095608234405518,
3722,,232,1.5563864707946777,
3723,,232,0.919427752494812,
3724,,232,1.8921916484832764,
3725,,232,1.1685103178024292,
3726,,232,1.4357460737228394,
3727,,232,1.7182129621505737,
,3712,232,,4.174593925476074
,3713,232,,3.1994712352752686
,3714,232,,3.6918210983276367
,3715,232,,2.6006360054016113
,3716,232,,4.606111526489258
,3717,232,,2.8162574768066406
,3718,232,,4.127890110015869
,3719,232,,4.080627918243408
,3720,232,,5.047331809997559
,3721,232,,5.227279186248779
,3722,232,,2.5825343132019043
,3723,232,,2.681518077850342
,3724,232,,3.2443671226501465
,3725,232,,2.550536632537842
,3726,232,,2.576275110244751
,3727,232,,2.7057032585144043
3728,,233,1.417785406112671,
3729,,233,1.411731243133545,
3730,,233,0.774152934551239,
3731,,233,1.7262588739395142,
3732,,233,0.6945168972015381,
3733,,233,0.45372501015663147,
3734,,233,1.737741470336914,
3735,,233,3.7981646060943604,
3736,,233,1.8856332302093506,
3737,,233,0.8013495206832886,
3738,,233,1.6416066884994507,
3739,,233,2.694051742553711,
3740,,233,0.8721020817756653,
3741,,233,2.2152693271636963,
3742,,233,1.088067650794983,
3743,,233,1.9990766048431396,
,3728,233,,4.28670072555542
,3729,233,,3.422473430633545
,3730,233,,4.349636554718018
,3731,233,,3.368467092514038
,3732,233,,4.539785861968994
,3733,233,,3.306135654449463
,3734,233,,3.5409278869628906
,3735,233,,4.682767391204834
,3736,233,,3.597958564758301
,3737,233,,2.667663097381592
,3738,233,,2.656087875366211
,3739,233,,5.852715492248535
,3740,233,,4.756211280822754
,3741,233,,2.656446933746338
,3742,233,,3.9714086055755615
,3743,233,,6.5881500244140625
3744,,234,0.6205450296401978,
3745,,234,1.4002002477645874,
3746,,234,2.3701233863830566,
3747,,234,1.964890718460083,
3748,,234,0.8173847198486328,
3749,,234,1.6457570791244507,
3750,,234,1.2736432552337646,
3751,,234,1.4536577463150024,
3752,,234,2.730484962463379,
3753,,234,1.9782142639160156,
3754,,234,1.718127727508545,
3755,,234,0.50726717710495,
3756,,234,1.929415225982666,
3757,,234,0.770153284072876,
3758,,234,2.0532703399658203,
3759,,234,1.6414482593536377,
,3744,234,,4.689874172210693
,3745,234,,4.62385368347168
,3746,234,,3.8212645053863525
,3747,234,,4.8785719871521
,3748,234,,5.416036128997803
,3749,234,,5.401942253112793
,3750,234,,4.5673675537109375
,3751,234,,6.104167461395264
,3752,234,,8.320531845092773
,3753,234,,7.5129289627075195
,3754,234,,4.275624752044678
,3755,234,,5.635990619659424
,3756,234,,7.255908012390137
,3757,234,,3.8397390842437744
,3758,234,,5.422660827636719
,3759,234,,6.291630744934082
3760,,235,1.0498051643371582,
3761,,235,1.3063819408416748,
3762,,235,0.983858048915863,
3763,,235,0.21821290254592896,
3764,,235,2.5710620880126953,
3765,,235,2.01145076751709,
3766,,235,0.33837124705314636,
3767,,235,1.9541975259780884,
3768,,235,2.31813645362854,
3769,,235,1.185005784034729,
3770,,235,0.9942358732223511,
3771,,235,1.0442594289779663,
3772,,235,0.625921368598938,
3773,,235,0.915980875492096,
3774,,235,1.1386667490005493,
3775,,235,1.0165770053863525,
,3760,235,,3.355027675628662
,3761,235,,3.039354085922241
,3762,235,,2.5445070266723633
,3763,235,,3.418126106262207
,3764,235,,2.7805521488189697
,3765,235,,3.866931915283203
,3766,235,,3.913893699645996
,3767,235,,2.7962727546691895
,3768,235,,3.1583242416381836
,3769,235,,3.0482730865478516
,3770,235,,3.6370859146118164
,3771,235,,4.498219013214111
,3772,235,,3.8881192207336426
,3773,235,,2.7392630577087402
,3774,235,,3.8327746391296387
,3775,235,,3.5304465293884277
3776,,236,2.322690725326538,
3777,,236,0.2682711184024811,
3778,,236,2.2551984786987305,
3779,,236,2.3756463527679443,
3780,,236,1.633858561515808,
3781,,236,1.6817989349365234,
3782,,236,1.7992470264434814,
3783,,236,1.1397688388824463,
3784,,236,1.045058250427246,
3785,,236,0.6308550238609314,
3786,,236,1.218981385231018,
3787,,236,1.0780808925628662,
3788,,236,1.1387032270431519,
3789,,236,2.1994779109954834,
3790,,236,0.6619733572006226,
3791,,236,1.749204158782959,
,3776,236,,3.5779480934143066
,3777,236,,3.027217388153076
,3778,236,,2.7324671745300293
,3779,236,,3.2493796348571777
,3780,236,,3.170045852661133
,3781,236,,3.16290283203125
,3782,236,,2.2478575706481934
,3783,236,,2.2769484519958496
,3784,236,,3.267646074295044
,3785,236,,2.9461898803710938
,3786,236,,1.57387113571167
,3787,236,,2.9383554458618164
,3788,236,,5.260955333709717
,3789,236,,4.544780254364014
,3790,236,,2.2959482669830322
,3791,236,,3.44995379447937
3792,,237,1.7969849109649658,
3793,,237,0.9390883445739746,
3794,,237,1.133615493774414,
3795,,237,2.3885509967803955,
3796,,237,1.300038456916809,
3797,,237,2.8296732902526855,
3798,,237,2.0104494094848633,
3799,,237,0.8826397657394409,
3800,,237,0.6607422232627869,
3801,,237,0.6977411508560181,
3802,,237,1.1789791584014893,
3803,,237,1.9105013608932495,
3804,,237,0.5832586884498596,
3805,,237,0.5739874839782715,
3806,,237,1.3512146472930908,
3807,,237,3.0590944290161133,
,3792,237,,3.657230854034424
,3793,237,,4.518123626708984
,3794,237,,5.543637752532959
,3795,237,,3.2870569229125977
,3796,237,,5.358463764190674
,3797,237,,3.157411813735962
,3798,237,,4.814235210418701
,3799,237,,3.9470314979553223
,3800,237,,3.6396913528442383
,3801,237,,6.321923732757568
,3802,237,,4.617386817932129
,3803,237,,3.96724796295166
,3804,237,,4.27415657043457
,3805,237,,4.270848274230957
,3806,237,,3.702342987060547
,3807,237,,3.419703722000122
3808,,238,2.216599941253662,
3809,,238,0.8062007427215576,
3810,,238,1.0880355834960938,
3811,,238,1.027470588684082,
3812,,238,1.5085242986679077,
3813,,238,0.5977808833122253,
3814,,238,1.6958900690078735,
3815,,238,0.7011817693710327,
3816,,238,3.1106505393981934,
3817,,238,1.379381775856018,
3818,,238,1.5283701419830322,
3819,,238,1.1166709661483765,
3820,,238,1.318933367729187,
3821,,238,1.0463528633117676,
3822,,238,0.5417827367782593,
3823,,238,0.4439917504787445,
,3808,238,,2.940347671508789
,3809,238,,3.960763454437256
,3810,238,,2.6501317024230957
,3811,238,,2.696908712387085
,3812,238,,4.290487289428711
,3813,238,,3.2307987213134766
,3814,238,,5.414393901824951
,3815,238,,4.145903587341309
,3816,238,,4.863114356994629
,3817,238,,2.5914762020111084
,3818,238,,3.380504608154297
,3819,238,,3.548020839691162
,3820,238,,2.869823455810547
,3821,238,,3.6241097450256348
,3822,238,,4.41389274597168
,3823,238,,3.233602523803711
3824,,239,1.869899034500122,
3825,,239,2.029726982116699,
3826,,239,2.7748312950134277,
3827,,239,5.766759872436523,
3828,,239,1.2951459884643555,
3829,,239,1.5344717502593994,
3830,,239,2.155518054962158,
3831,,239,1.869016408920288,
3832,,239,1.5246734619140625,
3833,,239,1.8040051460266113,
3834,,239,0.9680903553962708,
3835,,239,1.2073369026184082,
3836,,239,1.12277090549469,
3837,,239,1.6206238269805908,
3838,,239,2.65449595451355,
3839,,239,1.4873261451721191,
,3824,239,,3.0825905799865723
,3825,239,,4.196322917938232
,3826,239,,5.187824726104736
,3827,239,,3.5789177417755127
,3828,239,,4.010480880737305
,3829,239,,3.6577932834625244
,3830,239,,4.774916172027588
,3831,239,,4.425522804260254
,3832,239,,3.46860933303833
,3833,239,,4.40159797668457
,3834,239,,2.6202681064605713
,3835,239,,4.894571304321289
,3836,239,,4.276198387145996
,3837,239,,4.995343208312988
,3838,239,,4.972873687744141
,3839,239,,4.649289131164551
3840,,240,1.2127280235290527,
3841,,240,0.7646027207374573,
3842,,240,1.7137365341186523,
3843,,240,0.7547619342803955,
3844,,240,1.084152340888977,
3845,,240,1.3372740745544434,
3846,,240,1.2727900743484497,
3847,,240,0.7340382933616638,
3848,,240,0.7786595225334167,
3849,,240,4.828975200653076,
3850,,240,0.8463848829269409,
3851,,240,1.3416508436203003,
3852,,240,1.3146324157714844,
3853,,240,1.6697019338607788,
3854,,240,0.44844919443130493,
3855,,240,0.4254217743873596,
,3840,240,,4.158181667327881
,3841,240,,4.5709333419799805
,3842,240,,3.7190182209014893
,3843,240,,6.210310935974121
,3844,240,,3.9453916549682617
,3845,240,,3.2769222259521484
,3846,240,,3.2695565223693848
,3847,240,,3.5385780334472656
,3848,240,,4.344636917114258
,3849,240,,3.743563413619995
,3850,240,,4.187498092651367
,3851,240,,5.2150068283081055
,3852,240,,6.018465995788574
,3853,240,,3.1987011432647705
,3854,240,,4.434530735015869
,3855,240,,4.633476734161377
3856,,241,1.5166840553283691,
3857,,241,2.248865842819214,
3858,,241,0.7855648994445801,
3859,,241,1.2111928462982178,
3860,,241,1.1251740455627441,
3861,,241,2.704052209854126,
3862,,241,1.7875291109085083,
3863,,241,1.726448655128479,
3864,,241,1.4327144622802734,
3865,,241,0.5106271505355835,
3866,,241,2.3991291522979736,
3867,,241,1.696402668952942,
3868,,241,1.2445920705795288,
3869,,241,0.9424586892127991,
3870,,241,1.8332771062850952,
3871,,241,0.4041840136051178,
,3856,241,,2.3741750717163086
,3857,241,,3.412046432495117
,3858,241,,4.147890090942383
,3859,241,,3.450327157974243
,3860,241,,2.6257429122924805
,3861,241,,2.984553098678589
,3862,241,,4.2123003005981445
,3863,241,,3.6590893268585205
,3864,241,,2.9821677207946777
,3865,241,,2.7565603256225586
,3866,241,,3.3891501426696777
,3867,241,,2.389981746673584
,3868,241,,2.9548819065093994
,3869,241,,3.5600409507751465
,3870,241,,4.620147705078125
,3871,241,,4.014097690582275
3872,,242,1.0277715921401978,
3873,,242,0.8840200901031494,
3874,,242,1.283673882484436,
3875,,242,1.2634098529815674,
3876,,242,1.0519609451293945,
3877,,242,1.1203993558883667,
3878,,242,7.684521675109863,
3879,,242,6.675090789794922,
3880,,242,4.229488372802734,
3881,,242,1.5433530807495117,
3882,,242,1.022635579109192,
3883,,242,1.2136503458023071,
3884,,242,1.9275264739990234,
3885,,242,0.6973686814308167,
3886,,242,0.9117709398269653,
3887,,242,1.7205874919891357,
,3872,242,,5.768214225769043
,3873,242,,7.592254638671875
,3874,242,,4.508946418762207
,3875,242,,5.913834571838379
,3876,242,,3.1915199756622314
,3877,242,,7.2317657470703125
,3878,242,,2.9677700996398926
,3879,242,,6.380985736846924
,3880,242,,7.198269367218018
,3881,242,,3.7164011001586914
,3882,242,,5.4298810958862305
,3883,242,,6.030330181121826
,3884,242,,7.3014655113220215
,3885,242,,5.097213268280029
,3886,242,,5.9911041259765625
,3887,242,,4.984058380126953
3888,,243,1.2827744483947754,
3889,,243,0.8711602091789246,
3890,,243,1.470108985900879,
3891,,243,2.127528190612793,
3892,,243,1.203594446182251,
3893,,243,0.7567529082298279,
3894,,243,1.614990234375,
3895,,243,8.427156448364258,
3896,,243,2.9412245750427246,
3897,,243,1.5091147422790527,
3898,,243,0.7053766846656799,
3899,,243,1.207467794418335,
3900,,243,2.2203574180603027,
3901,,243,2.862069606781006,
3902,,243,2.163240671157837,
3903,,243,0.3902258276939392,
,3888,243,,3.3523001670837402
,3889,243,,4.538983345031738
,3890,243,,2.196732521057129
,3891,243,,4.643653869628906
,3892,243,,3.001132011413574
,3893,243,,3.240633487701416
,3894,243,,2.395265579223633
,3895,243,,2.623633623123169
,3896,243,,3.4313488006591797
,3897,243,,2.283461093902588
,3898,243,,3.70389986038208
,3899,243,,2.4427146911621094
,3900,243,,3.2078564167022705
,3901,243,,3.7388176918029785
,3902,243,,3.5349254608154297
,3903,243,,2.595794439315796
3904,,244,1.4600870609283447,
3905,,244,2.2887845039367676,
3906,,244,0.6534993648529053,
3907,,244,2.0735244750976562,
3908,,244,0.9397846460342407,
3909,,244,0.8882429599761963,
3910,,244,0.5254058241844177,
3911,,244,2.572657823562622,
3912,,244,0.8658767938613892,
3913,,244,2.3305444717407227,
3914,,244,0.32018718123435974,
3915,,244,0.9967209100723267,
3916,,244,0.8086988925933838,
3917,,244,0.7855170369148254,
3918,,244,1.0051171779632568,
3919,,244,0.8703805804252625,
,3904,244,,4.622413635253906
,3905,244,,3.909536123275757
,3906,244,,2.5154662132263184
,3907,244,,3.3332693576812744
,3908,244,,3.2489871978759766
,3909,244,,2.4032034873962402
,3910,244,,2.700273036956787
,3911,244,,2.467007637023926
,3912,244,,1.8845925331115723
,3913,244,,1.8227241039276123
,3914,244,,2.4304165840148926
,3915,244,,1.5481061935424805
,3916,244,,1.8105442523956299
,3917,244,,2.634902000427246
,3918,244,,3.728572368621826
,3919,244,,2.79183030128479
3920,,245,1.6674489974975586,
3921,,245,0.1727134883403778,
3922,,245,2.6650381088256836,
3923,,245,1.9536337852478027,
3924,,245,0.37845689058303833,
3925,,245,0.744916558265686,
3926,,245,2.2852773666381836,
3927,,245,2.7807538509368896,
3928,,245,0.8996825218200684,
3929,,245,1.3764071464538574,
3930,,245,2.733585834503174,
3931,,245,2.1378684043884277,
3932,,245,1.5424690246582031,
3933,,245,1.3765027523040771,
3934,,245,2.28578519821167,
3935,,245,0.7035998106002808,
,3920,245,,4.195438385009766
,3921,245,,4.1202545166015625
,3922,245,,5.1072163581848145
,3923,245,,2.592446804046631
,3924,245,,4.5076189041137695
,3925,245,,2.039964199066162
,3926,245,,2.8666536808013916
,3927,245,,3.259826898574829
,3928,245,,2.989576816558838
,3929,245,,4.6811676025390625
,3930,245,,5.731614589691162
,3931,245,,4.323558807373047
,3932,245,,2.7330870628356934
,3933,245,,3.484286308288574
,3934,245,,5.358519554138184
,3935,245,,3.2002129554748535
3936,,246,2.984070301055908,
3937,,246,1.2847613096237183,
3938,,246,1.2516148090362549,
3939,,246,0.7603961229324341,
3940,,246,3.460472822189331,
3941,,246,0.9123995900154114,
3942,,246,2.3097219467163086,
3943,,246,0.6382064819335938,
3944,,246,1.616950273513794,
3945,,246,1.5892518758773804,
3946,,246,0.8263345956802368,
3947,,246,2.740340232849121,
3948,,246,1.8405150175094604,
3949,,246,1.1097939014434814,
3950,,246,1.161900520324707,
3951,,246,3.0465922355651855,
,3936,246,,3.615074396133423
,3937,246,,4.3875322341918945
,3938,246,,6.362468242645264
,3939,246,,4.528388023376465
,3940,246,,3.6844046115875244
,3941,246,,4.420566082000732
,3942,246,,4.565032005310059
,3943,246,,2.7907094955444336
,3944,246,,4.586817741394043
,3945,246,,3.6361520290374756
,3946,246,,3.209199905395508
,3947,246,,4.392828941345215
,3948,246,,3.791308641433716
,3949,246,,2.796363353729248
,3950,246,,4.9992852210998535
,3951,246,,3.763319492340088
3952,,247,3.375300407409668,
3953,,247,0.9483985900878906,
3954,,247,1.6150046586990356,
3955,,247,2.6934385299682617,
3956,,247,0.9988506436347961,
3957,,247,1.5404052734375,
3958,,247,1.8435020446777344,
3959,,247,1.3697630167007446,
3960,,247,1.0372196435928345,
3961,,247,0.7483994364738464,
3962,,247,0.9500316977500916,
3963,,247,1.6321942806243896,
3964,,247,2.708364725112915,
3965,,247,0.5873251557350159,
3966,,247,0.5096242427825928,
3967,,247,1.2867655754089355,
,3952,247,,4.713960647583008
,3953,247,,5.172293663024902
,3954,247,,5.638527870178223
,3955,247,,4.359804630279541
,3956,247,,2.7938661575317383
,3957,247,,5.711505889892578
,3958,247,,4.683732986450195
,3959,247,,4.889713764190674
,3960,247,,4.942672252655029
,3961,247,,4.622790336608887
,3962,247,,6.0068206787109375
,3963,247,,3.863767623901367
,3964,247,,4.947288990020752
,3965,247,,5.351369857788086
,3966,247,,3.9473304748535156
,3967,247,,5.593286514282227
3968,,248,1.737788200378418,
3969,,248,1.7485305070877075,
3970,,248,0.7017825841903687,
3971,,248,2.9763708114624023,
3972,,248,1.8610748052597046,
3973,,248,4.858981132507324,
3974,,248,2.138108015060425,
3975,,248,0.15092182159423828,
3976,,248,0.9363462924957275,
3977,,248,0.8085211515426636,
3978,,248,1.0293241739273071,
3979,,248,1.270798921585083,
3980,,248,2.5856130123138428,
3981,,248,1.4262399673461914,
3982,,248,1.3532297611236572,
3983,,248,1.7358702421188354,
,3968,248,,2.846519708633423
,3969,248,,1.8917455673217773
,3970,248,,3.164313793182373
,3971,248,,2.8636016845703125
,3972,248,,3.3118062019348145
,3973,248,,3.087130546569824
,3974,248,,4.496067047119141
,3975,248,,4.1643476486206055
,3976,248,,2.8583688735961914
,3977,248,,3.298515558242798
,3978,248,,2.866504192352295
,3979,248,,3.4097983837127686
,3980,248,,1.954769492149353
,3981,248,,3.3353700637817383
,3982,248,,4.035098075866699
,3983,248,,3.1600418090820312
3984,,249,1.5018614530563354,
3985,,249,2.1412620544433594,
3986,,249,2.4854156970977783,
3987,,249,3.3870303630828857,
3988,,249,3.582240104675293,
3989,,249,1.2497203350067139,
3990,,249,2.5479514598846436,
3991,,249,1.1926236152648926,
3992,,249,2.494027853012085,
3993,,249,1.5638599395751953,
3994,,249,0.7387349605560303,
3995,,249,0.8316484689712524,
3996,,249,0.5291687846183777,
3997,,249,1.280711054801941,
3998,,249,1.7133700847625732,
3999,,249,1.2965354919433594,
,3984,249,,2.8409202098846436
,3985,249,,3.8870391845703125
,3986,249,,3.8232948780059814
,3987,249,,3.4637279510498047
,3988,249,,3.5754125118255615
,3989,249,,2.6304714679718018
,3990,249,,2.9192166328430176
,3991,249,,2.1841609477996826
,3992,249,,3.037172317504883
,3993,249,,3.6132659912109375
,3994,249,,3.8914706707000732
,3995,249,,3.3295817375183105
,3996,249,,3.0180764198303223
,3997,249,,3.181972026824951
,3998,249,,3.870424509048462
,3999,249,,2.601426362991333
4000,,250,1.5647577047348022,
4001,,250,1.5947009325027466,
4002,,250,0.6754948496818542,
4003,,250,1.6787912845611572,
4004,,250,1.5978634357452393,
4005,,250,1.0336469411849976,
4006,,250,0.6097212433815002,
4007,,250,1.349461555480957,
4008,,250,1.0694823265075684,
4009,,250,1.2058420181274414,
4010,,250,0.6299337148666382,
4011,,250,1.2403976917266846,
4012,,250,1.607832431793213,
4013,,250,0.41882047057151794,
4014,,250,1.4110631942749023,
4015,,250,1.60885751247406,
,4000,250,,3.1202433109283447
,4001,250,,3.7368807792663574
,4002,250,,3.482909679412842
,4003,250,,2.3063604831695557
,4004,250,,3.4753165245056152
,4005,250,,4.786079406738281
,4006,250,,2.3227767944335938
,4007,250,,2.787654161453247
,4008,250,,4.893891334533691
,4009,250,,3.013998508453369
,4010,250,,3.7555243968963623
,4011,250,,3.9261412620544434
,4012,250,,2.764441967010498
,4013,250,,3.812908172607422
,4014,250,,3.0481951236724854
,4015,250,,3.148167848587036
4016,,251,1.8582682609558105,
4017,,251,1.419003963470459,
4018,,251,1.9034323692321777,
4019,,251,0.7620308995246887,
4020,,251,1.6665806770324707,
4021,,251,1.3222063779830933,
4022,,251,2.089515209197998,
4023,,251,1.1644985675811768,
4024,,251,0.8847286701202393,
4025,,251,0.16754308342933655,
4026,,251,1.0125079154968262,
4027,,251,1.6779086589813232,
4028,,251,1.7869482040405273,
4029,,251,1.257866621017456,
4030,,251,0.13528114557266235,
4031,,251,1.29811429977417,
,4016,251,,4.132810592651367
,4017,251,,3.8257856369018555
,4018,251,,3.7931265830993652
,4019,251,,4.467138290405273
,4020,251,,6.294294357299805
,4021,251,,6.397906303405762
,4022,251,,3.550445079803467
,4023,251,,4.3287353515625
,4024,251,,5.094515800476074
,4025,251,,5.687292098999023
,4026,251,,5.961901664733887
,4027,251,,7.753568649291992
,4028,251,,4.590647220611572
,4029,251,,5.060976028442383
,4030,251,,5.153034687042236
,4031,251,,4.616653919219971
4032,,252,2.2524046897888184,
4033,,252,0.8340982794761658,
4034,,252,1.9332077503204346,
4035,,252,0.7421915531158447,
4036,,252,3.053840398788452,
4037,,252,1.456708550453186,
4038,,252,2.3160276412963867,
4039,,252,1.770812749862671,
4040,,252,1.1762501001358032,
4041,,252,1.1749941110610962,
4042,,252,1.5150353908538818,
4043,,252,1.7455205917358398,
4044,,252,1.7431426048278809,
4045,,252,1.5355182886123657,
4046,,252,2.343258857727051,
4047,,252,1.526860237121582,
,4032,252,,3.5455594062805176
,4033,252,,4.257076263427734
,4034,252,,4.103978157043457
,4035,252,,3.6427319049835205
,4036,252,,3.830289363861084
,4037,252,,3.3466601371765137
,4038,252,,4.351565837860107
,4039,252,,3.0592994689941406
,4040,252,,3.363471746444702
,4041,252,,3.560948371887207
,4042,252,,2.8528201580047607
,4043,252,,3.2302441596984863
,4044,252,,3.983658790588379
,4045,252,,4.031252861022949
,4046,252,,3.6301233768463135
,4047,252,,4.594114303588867
4048,,253,1.1636569499969482,
4049,,253,2.0295662879943848,
4050,,253,0.8101590871810913,
4051,,253,1.0978889465332031,
4052,,253,8.293790817260742,
4053,,253,1.3370985984802246,
4054,,253,0.8560331463813782,
4055,,253,1.575826644897461,
4056,,253,2.0041849613189697,
4057,,253,2.0184507369995117,
4058,,253,0.6048393249511719,
4059,,253,1.0272572040557861,
4060,,253,1.6755926609039307,
4061,,253,1.2132015228271484,
4062,,253,1.0123121738433838,
4063,,253,0.2005617469549179,
,4048,253,,4.42490816116333
,4049,253,,3.5494956970214844
,4050,253,,3.4584028720855713
,4051,253,,3.9741644859313965
,4052,253,,2.7527263164520264
,4053,253,,3.0166025161743164
,4054,253,,4.238314628601074
,4055,253,,3.7731449604034424
,4056,253,,3.128011465072632
,4057,253,,3.1929328441619873
,4058,253,,2.2744979858398438
,4059,253,,2.1709961891174316
,4060,253,,2.5662717819213867
,4061,253,,3.2924914360046387
,4062,253,,3.05796480178833
,4063,253,,3.570960760116577
4064,,254,1.8841068744659424,
4065,,254,1.02859628200531,
4066,,254,2.771650791168213,
4067,,254,1.154783844947815,
4068,,254,2.1012609004974365,
4069,,254,1.2008274793624878,
4070,,254,3.552692413330078,
4071,,254,1.513185739517212,
4072,,254,0.5858099460601807,
4073,,254,0.45071762800216675,
4074,,254,2.9859461784362793,
4075,,254,0.5731807351112366,
4076,,254,1.2011661529541016,
4077,,254,2.211479663848877,
4078,,254,6.162087917327881,
4079,,254,1.6649500131607056,
,4064,254,,3.7430572509765625
,4065,254,,3.849478244781494
,4066,254,,6.12807559967041
,4067,254,,4.046431541442871
,4068,254,,3.3913309574127197
,4069,254,,4.183876991271973
